split,is_fraud,anomaly_score,is_first_tx
holdout,0,0.6831525524927854,0
holdout,0,0.39924370584137725,1
holdout,0,0.3793412279828839,1
holdout,0,0.9467608717285302,0
holdout,0,0.6905164693004279,0
holdout,0,0.9472584336749925,1
holdout,0,0.363817295253259,1
holdout,0,0.06110060702557468,1
holdout,0,0.08896407602746542,1
holdout,0,0.18688426709125286,0
holdout,0,0.7206687232560454,1
holdout,0,0.5602547517165887,1
holdout,0,0.7754005373669022,1
holdout,0,0.6805652303711812,1
holdout,0,0.870832918698378,0
holdout,0,0.44312866951935515,1
holdout,0,0.8583938700368196,1
holdout,0,0.46123992437058414,1
holdout,0,0.07881381231963379,1
holdout,0,0.07214648223703851,1
holdout,0,0.768335157727137,1
holdout,0,0.04348691412080804,0
holdout,0,0.7475370683650114,0
holdout,0,0.7766941984277043,1
holdout,0,0.8425714001393173,1
holdout,0,0.28530202010150263,0
holdout,0,0.38202806249378046,1
holdout,0,0.7610707533087869,1
holdout,0,0.3984476067270375,1
holdout,0,0.21136431485719973,1
holdout,0,0.9746243407304209,1
holdout,0,0.637277341028958,1
holdout,0,0.7598766046372774,0
holdout,0,0.6007562941586228,1
holdout,0,0.404517862473878,0
holdout,0,0.19026768832719673,1
holdout,0,0.22091750422927656,1
holdout,0,0.4581550403025177,0
holdout,0,0.3767539058612797,1
holdout,0,0.8773012240023883,1
holdout,0,0.1933525723952632,1
holdout,0,0.8182903771519554,1
holdout,0,0.36819584038212755,0
holdout,0,0.918996915115932,0
holdout,0,0.7481341427007663,1
holdout,0,0.29973131654891033,0
holdout,0,0.26689222808239627,0
holdout,0,0.06279231764354662,1
holdout,0,0.38740173151557367,0
holdout,0,0.05721962384316848,1
holdout,0,0.5235346800676685,1
holdout,0,0.5382625136829535,0
holdout,0,0.10448800875709026,1
holdout,0,0.7036521046870335,1
holdout,0,0.7785849338242611,1
holdout,0,0.2949547218628719,1
holdout,0,0.8958105284107871,0
holdout,0,0.14628321225992635,1
holdout,0,0.5133844163598368,0
holdout,0,0.9211861876803662,0
holdout,0,0.18688426709125286,1
holdout,0,0.7957010647825654,1
holdout,0,0.4192456960891631,0
holdout,0,0.3383421235943875,0
holdout,0,0.018210767240521446,1
holdout,0,0.4261120509503433,1
holdout,0,0.07572892825156732,0
holdout,0,0.9431784257140013,0
holdout,0,0.3564533784456165,0
holdout,0,0.9810926460344312,1
holdout,0,0.5220419942282815,1
holdout,0,0.2264901980296547,1
holdout,0,0.7105184595482138,1
holdout,0,0.6444422330580157,0
holdout,0,0.4261120509503433,0
holdout,0,0.045278137128072445,0
holdout,0,0.8760075629415862,0
holdout,0,0.49756194646233454,1
holdout,0,0.9446711115533883,1
holdout,0,0.3301821076724052,0
holdout,0,0.5726938003781471,1
holdout,0,0.9000895611503632,0
holdout,0,0.894914916907155,1
holdout,0,0.897900288585929,0
holdout,0,0.6728032640063688,1
holdout,0,0.7841576276246393,1
holdout,0,0.6345905065180615,1
holdout,0,0.20320429893521744,0
holdout,0,0.3784456164792517,1
holdout,0,0.8073440143297841,1
holdout,0,0.9320330381132451,1
holdout,0,0.34172554483033135,0
holdout,0,0.037217633595382625,0
holdout,0,0.11394168573987462,1
holdout,0,0.861677778883471,1
holdout,0,0.39297442531595184,1
holdout,0,0.49606926062294754,0
holdout,0,0.07871429993034133,0
holdout,0,0.9889541247885362,0
holdout,0,0.7741068763061001,1
holdout,0,0.22032042989352174,1
holdout,0,0.9718379938302318,0
holdout,0,0.7546024480047766,0
holdout,0,0.01771320529405911,0
holdout,0,0.9711414071051846,1
holdout,0,0.6007562941586228,1
holdout,0,0.8981988257538064,0
holdout,0,0.9442730619962185,1
holdout,0,0.9715394566623544,0
holdout,0,0.7872425116927058,0
holdout,0,0.6778783958602846,1
holdout,0,0.3257040501542442,1
holdout,0,0.850830928450592,0
holdout,0,0.30192058911334463,1
holdout,0,0.1949447706239427,1
holdout,0,0.8243606328987959,1
holdout,0,0.25604537764951735,1
holdout,0,0.8068464523833218,0
holdout,0,0.7135038312269878,1
holdout,0,0.034033237138023684,1
holdout,0,0.5167678375957807,1
holdout,0,0.47676385710020897,1
holdout,0,0.9723355557766942,1
holdout,0,0.90964275052244,1
holdout,0,0.8558065479152155,0
holdout,0,0.658772017116131,0
holdout,0,0.6503134640262713,0
holdout,0,0.40073639168076425,1
holdout,0,0.7151955418449597,1
holdout,0,0.7791820081600159,0
holdout,0,0.034033237138023684,1
holdout,0,0.8849636779779082,0
holdout,0,0.026967857498258533,1
holdout,0,0.5154741765349786,1
holdout,0,0.1073738680465718,0
holdout,0,0.18578963080903574,1
holdout,0,0.1912628122201214,1
holdout,0,0.4772614190466713,1
holdout,0,0.6459349188974027,0
holdout,0,0.33247089262613194,1
holdout,0,0.596974823365509,0
holdout,0,0.8863568514280028,0
holdout,0,0.15175639367101204,0
holdout,0,0.5317942083789432,1
holdout,0,0.7402726639466614,1
holdout,0,0.3915812518658573,1
holdout,0,0.07523136630510499,1
holdout,0,0.8984973629216837,0
holdout,0,0.15633396357846552,1
holdout,0,0.4785550801074734,0
holdout,0,0.5663250074634292,0
holdout,0,0.9570106478256543,0
holdout,0,0.4252164394467111,1
holdout,0,0.7863469001890735,0
holdout,0,0.3308786943974525,1
holdout,0,0.45089063588416756,1
holdout,0,0.04428301323514778,0
holdout,0,0.5940889640760275,1
holdout,0,0.9562145487113145,0
holdout,0,0.19315354761667827,1
holdout,1,0.9745248283411285,1
holdout,0,0.8202806249378047,1
holdout,0,0.10369190964275052,1
holdout,0,0.11424022290775201,0
holdout,0,0.18777987859488507,1
holdout,0,0.6523037118121207,1
holdout,0,0.2646034431286695,1
holdout,0,0.162404219325306,1
holdout,0,0.8806846452383321,0
holdout,0,0.7558961090655787,1
holdout,0,0.1819086476266295,0
holdout,0,0.43536670315454273,1
holdout,0,0.4884068066474276,1
holdout,0,0.5363717782863967,1
holdout,0,0.8335157727137028,0
holdout,0,0.9506418549109364,1
holdout,0,0.14807443526719077,1
holdout,0,0.6054333764553687,1
holdout,0,0.7798785948850632,0
holdout,0,0.29007861478754104,1
holdout,0,0.059508408796895215,1
holdout,0,0.6377749029754204,1
holdout,0,0.8067469399940292,0
holdout,0,0.3308786943974525,1
holdout,1,0.9994029256642452,0
holdout,0,0.8848641655886158,0
holdout,0,0.7073340630908548,0
holdout,0,0.3817295253259031,1
holdout,0,0.8783958602846055,0
holdout,0,0.5163697880386108,0
holdout,0,0.4507911234948751,0
holdout,0,0.843566524032242,0
holdout,0,0.49726340929445717,0
holdout,0,0.8426709125286098,1
holdout,0,0.8560055726938004,0
holdout,0,0.7133048064484028,0
holdout,0,0.045178624738779975,1
holdout,0,0.213553587421634,0
holdout,0,0.9708428699373072,1
holdout,0,0.8425714001393173,0
holdout,0,0.7436560851826053,1
holdout,0,0.17285302020101503,1
holdout,0,0.8730221912628122,0
holdout,0,0.2805254254154642,1
holdout,0,0.2803264006368793,1
holdout,0,0.596974823365509,1
holdout,0,0.37217633595382626,0
holdout,0,0.6655388595880187,0
holdout,0,0.7539058612797294,1
holdout,0,0.11991242909742263,1
holdout,1,0.9988058513284904,0
holdout,0,0.2703751617076326,1
holdout,0,0.04388496367797791,0
holdout,0,0.4165588615782665,1
holdout,0,0.6700169171061797,1
holdout,0,0.12976415563737687,0
holdout,0,0.22032042989352174,1
holdout,0,0.9632799283510797,0
holdout,0,0.13016220519454672,1
holdout,0,0.9004876107075331,0
holdout,0,0.26719076525027363,1
holdout,0,0.6429495472186287,1
holdout,0,0.34112847049457656,1
holdout,0,0.2153448104288984,1
holdout,0,0.33854114837297244,0
holdout,0,0.007363916807642552,0
holdout,0,0.34391481739476565,1
holdout,0,0.42123594387501245,1
holdout,0,0.23992437058413774,1
holdout,0,0.45427405712011143,0
holdout,0,0.493183401333466,0
holdout,0,0.923275947855508,0
holdout,0,0.11045875211463828,0
holdout,0,0.5436361827047468,1
holdout,0,0.36461339436759876,1
holdout,0,0.7615683152552493,1
holdout,0,0.3984476067270375,1
holdout,0,0.2925664245198527,1
holdout,0,0.7925166683252065,1
holdout,0,0.956712110657777,1
holdout,0,0.4538760075629416,1
holdout,0,0.5176634490994129,1
holdout,0,0.894516867349985,0
holdout,0,0.039705443327694295,1
holdout,0,0.6419544233257041,1
holdout,0,0.213553587421634,1
holdout,0,0.15016419544233256,1
holdout,0,0.9763160513483928,1
holdout,0,0.5794606428500348,0
holdout,0,0.7376853418250572,0
holdout,0,0.890436859388994,0
holdout,0,0.037615683152552495,1
holdout,0,0.21454871131455866,1
holdout,0,0.09901482734600457,1
holdout,0,0.6718081401134441,0
holdout,0,0.48751119514379543,1
holdout,0,0.3840183102796298,0
holdout,0,0.7908249577072346,0
holdout,0,0.8929246691213056,0
holdout,0,0.40053736690217934,1
holdout,0,0.7012638073440143,0
holdout,0,0.48163996417553984,0
holdout,0,0.674992536570803,1
holdout,0,0.1179221813115733,1
holdout,0,0.9155139814906956,0
holdout,0,0.8898397850532391,0
holdout,0,0.6387700268683452,1
holdout,0,0.8348094337745049,1
holdout,0,0.38302318638670513,1
holdout,0,0.8642651010050751,0
holdout,0,0.4009354164593492,0
holdout,0,0.22967459448701363,1
holdout,0,0.6445417454473082,0
holdout,0,0.8398845656284207,0
holdout,0,0.8403821275748831,0
holdout,0,0.21285700069658672,1
holdout,0,0.02219126281222012,1
holdout,0,0.1173251069758185,1
holdout,0,0.6169768136132948,0
holdout,0,0.6251368295352772,0
holdout,0,0.6589710418947159,0
holdout,0,0.8269479550204001,1
holdout,0,0.7479351179221813,1
holdout,0,0.3945666235446313,0
holdout,0,0.17205692108667528,1
holdout,0,0.9031744452184297,0
holdout,0,0.6316051348392875,1
holdout,0,0.23644143695890138,0
holdout,0,0.8191859886555877,0
holdout,0,0.693103791422032,1
holdout,0,0.3852124589511394,1
holdout,0,0.06309085481142403,1
holdout,0,0.9481540451786248,0
holdout,0,0.3466016519056623,1
holdout,0,0.23773509801970347,1
holdout,0,0.012140511493680964,0
holdout,0,0.9418847646531994,0
holdout,0,0.03333665041297641,1
holdout,0,0.2690815006468305,0
holdout,0,0.35078117225594585,1
holdout,0,0.04577569907453478,1
holdout,0,0.017016618569011842,1
holdout,0,0.08926261319534282,1
holdout,0,0.23892924669121304,1
holdout,0,0.08737187779878595,0
holdout,0,0.2690815006468305,1
holdout,0,0.13115732908747138,1
holdout,0,0.47109165091053834,1
holdout,0,0.7243506816598666,1
holdout,0,0.4237237536073241,1
holdout,0,0.3752612200218927,1
holdout,0,0.8184894019305403,0
holdout,0,0.6212558463528709,1
holdout,0,0.5892128570006966,0
holdout,0,0.07005672206189671,1
holdout,0,0.891531495671211,0
holdout,0,0.694596477261419,0
holdout,0,0.5226390685640362,1
holdout,0,0.966762861976316,1
holdout,0,0.32261916608617774,1
holdout,0,0.9406906159816897,0
holdout,0,0.7566922081799184,0
holdout,0,0.15991640959299433,0
holdout,0,0.7212657975918002,0
holdout,0,0.1491690715494079,0
holdout,0,0.8789929346203602,0
holdout,0,0.6604637277341029,1
holdout,0,0.687332072843069,1
holdout,0,0.5502040003980495,1
holdout,0,0.0261717583839188,1
holdout,0,0.6638471489700468,1
holdout,0,0.38590904567618667,1
holdout,0,0.5339834809433774,1
holdout,0,0.3317743059010847,1
holdout,0,0.8103293860085581,0
holdout,0,0.10538362026072245,1
holdout,0,0.8980993133645139,0
holdout,0,0.16638471489700468,1
holdout,0,0.13573489899492486,1
holdout,0,0.4600457756990745,1
holdout,0,0.4619365110956314,1
holdout,0,0.09901482734600457,1
holdout,0,0.47736093143596375,0
holdout,0,0.39755199522340534,0
holdout,0,0.2264901980296547,0
holdout,0,0.9399940292566424,0
holdout,0,0.4611404119812917,1
holdout,0,0.5302020101502637,1
holdout,0,0.7043486914120808,1
holdout,0,0.6241417056423525,1
holdout,0,0.8296347895312967,0
holdout,0,0.012638073440143298,0
holdout,0,0.1371280724450194,1
holdout,0,0.5834411384217335,1
holdout,0,0.16897203701860883,0
holdout,0,0.8697382824161608,1
holdout,0,0.2445019404915912,1
holdout,0,0.39168076425514975,1
holdout,0,0.06776793710816997,0
holdout,0,0.1212060901582247,0
holdout,0,0.2884864165588616,0
holdout,0,0.9293462036023485,0
holdout,0,0.18797890337347,1
holdout,0,0.4217335058214748,1
holdout,0,0.893024181510598,0
holdout,0,0.08080406010548313,1
holdout,0,0.25007463429196936,0
holdout,0,0.6264304905960792,0
holdout,0,0.5575679172056921,0
holdout,0,0.8360035824460146,0
holdout,0,0.9148173947656483,0
holdout,0,0.4815404517862474,0
holdout,0,0.010249776097124092,1
holdout,0,0.708428699373072,1
holdout,0,0.681361329485521,0
holdout,0,0.09005871230968256,1
holdout,0,0.47626629515374663,1
holdout,0,0.017116130958304308,1
holdout,0,0.424121803164494,1
holdout,0,0.07204696984774604,1
holdout,0,0.1621056821574286,0
holdout,0,0.09702457956015524,1
holdout,0,0.8044581550403025,0
holdout,0,0.08737187779878595,0
holdout,0,0.8253557567917206,1
holdout,0,0.2490795103990447,1
holdout,0,0.7545029356154841,1
holdout,0,0.9711414071051846,0
holdout,0,0.09553189372076823,1
holdout,0,0.8309284505920987,1
holdout,0,0.806050353268982,0
holdout,0,0.5971738481440939,1
holdout,0,0.2229077520151259,1
holdout,0,0.4990546323017216,0
holdout,0,0.7045477161906657,1
holdout,0,0.6801671808140114,1
holdout,0,0.08747139018807841,1
holdout,0,0.7784854214349687,1
holdout,0,0.12737585829435766,1
holdout,0,0.25544830331376256,1
holdout,0,0.7821673798387899,0
holdout,0,0.19723355557766942,1
holdout,0,0.45885162702756493,0
holdout,0,0.5471191163299831,1
holdout,0,0.10448800875709026,1
holdout,0,0.8434670116429496,0
holdout,0,0.5345805552791323,1
holdout,0,0.5617474375559757,1
holdout,0,0.5130858791919594,1
holdout,0,0.341227982883869,1
holdout,0,0.8998905363717783,0
holdout,0,0.36521046870335355,1
holdout,0,0.5755796596676286,1
holdout,0,0.12578366006567818,0
holdout,0,0.39297442531595184,1
holdout,0,0.35685142800278635,1
holdout,0,0.48950144292964476,0
holdout,0,0.5387600756294159,0
holdout,0,0.5214449198925266,1
holdout,0,0.5040302517663449,0
holdout,0,0.9867648522241019,1
holdout,0,0.1467807742063887,0
holdout,0,0.13404318837695292,1
holdout,0,0.8112249975121902,0
holdout,0,0.1858891431983282,1
holdout,0,0.027863469001890736,1
holdout,0,0.42830132351477757,1
holdout,0,0.6414568613792417,1
holdout,0,0.6939994029256642,1
holdout,0,0.49616877301224005,1
holdout,0,0.47586824559657676,1
holdout,0,0.4451189173052045,1
holdout,0,0.08587919195939894,1
holdout,0,0.23057020599064584,0
holdout,0,0.08846651408100309,1
holdout,0,0.7539058612797294,0
holdout,0,0.8294357647527117,1
holdout,0,0.9492486814608418,0
holdout,0,0.04766643447109165,0
holdout,0,0.6607622649019803,1
holdout,0,0.07463429196935019,1
holdout,0,0.5363717782863967,0
holdout,0,0.7298238630709524,0
holdout,0,0.4339735297044482,1
holdout,0,0.6425514976614588,1
holdout,0,0.5555776694198428,1
holdout,0,0.5902079808936213,1
holdout,0,0.07543039108368992,1
holdout,0,0.1179221813115733,1
holdout,0,0.2081799183998408,1
holdout,0,0.16200616976813614,0
holdout,0,0.5115931933525724,1
holdout,0,0.06617573887949049,1
holdout,0,0.9735297044482037,0
holdout,0,0.32470892626131953,1
holdout,0,0.015225395561747438,1
holdout,0,0.14130759279530303,1
holdout,0,0.03273957607722162,0
holdout,0,0.18260523435167678,1
holdout,0,0.5605532888844661,1
holdout,0,0.2581351378246592,1
holdout,0,0.44163598367996815,0
holdout,0,0.5599562145487114,1
holdout,0,0.0264702955517962,1
holdout,0,0.30430888645636384,1
holdout,0,0.8027664444223306,0
holdout,0,0.08368991939496467,1
holdout,0,0.3954622350482635,1
holdout,0,0.3487909244700965,1
holdout,0,0.5945865260224898,0
holdout,0,0.8357050452781372,0
holdout,0,0.7806746939994029,0
holdout,0,0.8428699373071947,0
holdout,0,0.006269280525425415,1
holdout,0,0.9668623743656085,1
holdout,0,0.5344810428898398,1
holdout,0,0.8085381630012937,0
holdout,0,0.021793213255050254,0
holdout,0,0.9251666832520649,1
holdout,0,0.5345805552791323,1
holdout,0,0.8811822071847945,0
holdout,0,0.005771718578963081,0
holdout,0,0.6872325604537765,0
holdout,0,0.9297442531595184,1
holdout,0,0.5306000597074336,1
holdout,0,0.020101502637078317,1
holdout,0,0.9366106080206986,0
holdout,0,0.157926161807145,1
holdout,0,0.12558463528709324,1
holdout,0,0.8599860682654991,0
holdout,0,0.2523634192456961,0
holdout,0,0.9022788337147974,0
holdout,0,0.5846352870932431,0
holdout,0,0.08697382824161608,1
holdout,0,0.40720469698477463,0
holdout,0,0.20340332371380238,1
holdout,0,0.11394168573987462,1
holdout,0,0.3119713404318838,0
holdout,0,0.2198228679470594,0
holdout,0,0.3160513483928749,0
holdout,0,0.345905065180615,0
holdout,0,0.3674992536570803,0
holdout,0,0.34033237138023686,0
holdout,0,0.4415364712906757,1
holdout,0,0.7890337346999702,0
holdout,0,0.8774007363916808,0
holdout,0,0.21305602547517166,1
holdout,0,0.1656881281719574,1
holdout,0,0.6042392277838591,1
holdout,0,0.17205692108667528,1
holdout,0,0.8846651408100309,0
holdout,0,0.15902079808936212,1
holdout,0,0.944372574385511,0
holdout,0,0.5632401233953627,1
holdout,0,0.0420937406707135,1
holdout,0,0.813513782465917,1
holdout,0,0.47497263409294455,1
holdout,0,0.40013931734500946,0
holdout,0,0.847845556771818,1
holdout,0,0.35376654393471985,1
holdout,0,0.6559856702159419,1
holdout,0,0.2923673997412678,0
holdout,0,0.7166882276843467,1
holdout,0,0.2264901980296547,1
holdout,0,0.345905065180615,1
holdout,0,0.6610608020698577,1
holdout,0,0.8041596178724251,0
holdout,0,0.5795601552393272,1
holdout,0,0.27326102099711413,1
holdout,0,0.4846253358543139,0
holdout,0,0.07901283709821873,0
holdout,0,0.5320927455468206,0
holdout,0,0.8355060204995522,1
holdout,0,0.610608020698577,1
holdout,0,0.9226788735197532,0
holdout,0,0.7070355259229774,1
holdout,0,0.01671808140113444,0
holdout,0,0.7936113046074236,0
holdout,0,0.26987759976117026,1
holdout,0,0.21106577768932233,1
holdout,0,0.8568016718081402,0
holdout,0,0.3057020599064584,0
holdout,0,0.6336948950144293,1
holdout,0,0.972932630112449,0
holdout,0,0.6804657179818887,0
holdout,0,0.6531993233157528,1
holdout,0,0.9873619265598567,1
holdout,0,0.43267986864364616,1
holdout,0,0.6822569409891531,1
holdout,0,0.3040103492884864,1
holdout,0,0.6357846551895711,1
holdout,0,0.35834411384217335,0
holdout,0,0.3119713404318838,0
holdout,0,0.5315951836003583,1
holdout,1,0.9849736292168375,0
holdout,0,0.08169967160911533,1
holdout,0,0.4484028261518559,0
holdout,0,0.8479450691611106,0
holdout,0,0.5951836003582446,1
holdout,0,0.49676584734799484,1
holdout,0,0.2303711812120609,1
holdout,0,0.446711115533884,1
holdout,0,0.09831824062095731,1
holdout,0,0.5061200119414867,1
holdout,0,0.18967061399144194,1
holdout,0,0.44979599960195044,0
holdout,0,0.5162702756493184,1
holdout,0,0.1948452582346502,1
holdout,0,0.5605532888844661,0
holdout,0,0.2214150661757389,1
holdout,0,0.7739078515275152,0
holdout,0,0.30510498557070354,1
holdout,0,0.7417653497860484,1
holdout,0,0.24410389093442134,1
holdout,0,0.43387401731515574,1
holdout,0,0.15056224499950244,0
holdout,0,0.6442432082794308,0
holdout,0,0.4885063190367201,0
holdout,0,0.5655289083490894,1
holdout,0,0.5726938003781471,0
holdout,0,0.10478654592496765,1
holdout,0,0.20370186088167977,1
holdout,0,0.2297741068763061,1
holdout,0,0.7841576276246393,0
holdout,0,0.6409592994327794,0
holdout,0,0.15991640959299433,0
holdout,0,0.8844661160314459,0
holdout,0,0.3069957209672604,1
holdout,0,0.26987759976117026,0
holdout,0,0.4837297243506817,0
holdout,0,0.5466215543835208,1
holdout,0,0.26599661657876406,0
holdout,0,0.9148173947656483,0
holdout,0,0.2773410289581053,1
holdout,0,0.06945964772614191,0
holdout,0,0.4920887650512489,0
holdout,0,0.8025674196437457,0
holdout,0,0.7495273161508608,1
holdout,0,0.6806647427604737,1
holdout,0,0.8046571798188874,0
holdout,0,0.9316349885560752,0
holdout,0,0.4544730818986964,0
holdout,0,0.0929445715991641,0
holdout,0,0.5015424420340332,1
holdout,0,0.5849338242611205,1
holdout,0,0.6170763260025873,1
holdout,0,0.6414568613792417,1
holdout,0,0.14140710518459548,1
holdout,0,0.5348790924470097,1
holdout,0,0.654094934819385,1
holdout,0,0.07383819285501045,1
holdout,0,0.738282416160812,1
holdout,0,0.5387600756294159,0
holdout,0,0.8606826549905463,1
holdout,0,0.8932232062891831,1
holdout,0,0.16290178127176833,0
holdout,0,0.6805652303711812,0
holdout,0,0.5465220419942283,1
holdout,0,0.1497661458851627,0
holdout,0,0.9723355557766942,0
holdout,0,0.22758483431187182,1
holdout,0,0.8520250771221017,0
holdout,0,0.9830828938202806,0
holdout,0,0.8003781470793113,1
holdout,0,0.21604139715394566,1
holdout,0,0.9137227584834312,1
holdout,0,0.4694994526818589,1
holdout,0,0.3395362722658971,1
holdout,0,0.4409393969549209,0
holdout,0,0.30560254751716587,0
holdout,0,0.7867449497462434,0
holdout,0,0.20230868743158523,1
holdout,0,0.7878395860284605,1
holdout,0,0.9887551000099513,0
holdout,0,0.14041198129167082,1
holdout,0,0.1801174246193651,0
holdout,0,0.926460344312867,0
holdout,0,0.9477559956214548,0
holdout,0,0.5315951836003583,1
holdout,0,0.7731117524131754,1
holdout,0,0.960792118618768,0
holdout,0,0.729525325903075,1
holdout,0,0.4092944571599164,1
holdout,0,0.602945566723057,1
holdout,0,0.45497064384515873,1
holdout,0,0.2327594785550801,1
holdout,0,0.31226987759976116,1
holdout,0,0.2138521245895114,1
holdout,0,0.07861478754104886,0
holdout,0,0.18260523435167678,0
holdout,0,0.41944472086774803,1
holdout,0,0.11682754502935616,1
holdout,0,0.9576077221614091,0
holdout,0,0.042989352174345706,1
holdout,0,0.2342521643944671,0
holdout,0,0.26301124489999006,1
holdout,0,0.9826848442631108,1
holdout,0,0.18141108568016717,1
holdout,0,0.9813911832023087,0
holdout,0,0.7459448701363319,1
holdout,0,0.8916310080605035,1
holdout,0,0.430092546522042,1
holdout,0,0.7130062692805255,1
holdout,0,0.730818986963877,1
holdout,0,0.9082495770723455,0
holdout,0,0.7160911533485919,1
holdout,0,0.7863469001890735,0
holdout,0,0.44143695890138324,0
holdout,0,0.38352074833316746,1
holdout,0,0.29336252363419246,0
holdout,0,0.44790526420539356,1
holdout,0,0.3476962881878794,0
holdout,0,0.8095332868942183,1
holdout,0,0.10956314061100607,1
holdout,0,0.935217434570604,0
holdout,0,0.24828341128470494,0
holdout,0,0.8526221514578565,1
holdout,0,0.8712309682555478,1
holdout,0,0.26619564135734897,1
holdout,0,0.07383819285501045,1
holdout,0,0.7661458851627028,0
holdout,0,0.32560453776495174,1
holdout,0,0.25763757587819686,0
holdout,0,0.9412876903174445,0
holdout,0,0.09941287690317445,1
holdout,0,0.7732112648024679,0
holdout,0,0.40611006070255745,1
holdout,0,0.39864663150562246,1
holdout,0,0.3428201811125485,1
holdout,0,0.24728828739178027,1
holdout,0,0.24340730420937406,1
holdout,0,0.387899293462036,1
holdout,0,0.43238133147576874,1
holdout,0,0.5840382127574884,1
holdout,0,0.8067469399940292,0
holdout,0,0.03871031943476963,1
holdout,0,0.1555378644641258,1
holdout,0,0.7840581152353469,1
holdout,0,0.8916310080605035,1
holdout,0,0.47696288187879393,1
holdout,0,0.5587620658772017,1
holdout,0,0.891531495671211,1
holdout,0,0.03124689023783461,1
holdout,0,0.045676186685242315,1
holdout,0,0.061797193750621954,0
holdout,0,0.06289183003283909,1
holdout,0,0.6095133844163598,1
holdout,0,0.8252562444024281,0
holdout,0,0.8990944372574385,0
holdout,0,0.48800875709025776,1
holdout,0,0.5411483729724351,1
holdout,0,0.44123793412279827,1
holdout,0,0.8603841178226689,0
holdout,0,0.7771917603741666,0
holdout,0,0.9788038610807045,1
holdout,0,0.3139615882177331,1
holdout,0,0.7481341427007663,0
holdout,0,0.4495969748233655,0
holdout,0,0.8458553089859687,0
holdout,0,0.8607821673798388,0
holdout,0,0.9062593292864962,0
holdout,0,0.8275450293561548,0
holdout,0,0.705244302915713,1
holdout,0,0.0718479450691611,1
holdout,0,0.11682754502935616,1
holdout,0,0.7681361329485521,1
holdout,0,0.6196636481241915,1
holdout,0,0.3078913324708926,0
holdout,0,0.26539954224300927,1
holdout,0,0.3495870235844363,1
holdout,0,0.8251567320131357,0
holdout,0,0.053338640660762264,1
holdout,0,0.4090954323813315,1
holdout,0,0.13304806448402826,1
holdout,0,0.5332868942183302,1
holdout,0,0.48432679868643647,1
holdout,0,0.5691113543636183,1
holdout,0,0.9408896407602747,0
holdout,0,0.8315255249278535,1
holdout,0,0.8225694098915315,0
holdout,0,0.5043287889342223,1
holdout,0,0.31167280326400637,1
holdout,0,0.26719076525027363,1
holdout,0,0.318638670514479,1
holdout,0,0.521743457060404,1
holdout,0,0.2949547218628719,0
holdout,0,0.9522340531396158,0
holdout,0,0.7727137028560056,0
holdout,0,0.3527714200417952,1
holdout,0,0.7629614887053439,0
holdout,0,0.7419643745646333,1
holdout,0,0.5813513782465917,1
holdout,0,0.51149368096328,1
holdout,0,0.3806348890436859,1
holdout,0,0.5526918101303613,1
holdout,0,0.9453676982784357,0
holdout,0,0.5113941685739875,1
holdout,0,0.31963379440740375,0
holdout,0,0.873420240819982,1
holdout,0,0.9810926460344312,1
holdout,0,0.3020201015026371,1
holdout,0,0.4105881182207185,0
holdout,0,0.4034232261916609,1
holdout,0,0.5047268384913922,1
holdout,0,0.7313165489103394,0
holdout,0,0.5184595482137526,1
holdout,0,0.8724251169270574,0
holdout,0,0.5635386605632401,1
holdout,0,0.5416459349188975,1
holdout,0,0.2884864165588616,1
holdout,0,0.2968454572594288,1
holdout,0,0.04348691412080804,1
holdout,0,0.6482237038511295,1
holdout,0,0.500845855308986,1
holdout,0,0.8210767240521445,1
holdout,0,0.12827146979798984,1
holdout,0,0.18837695293063986,1
holdout,0,0.2516668325206488,1
holdout,0,0.9067568912329586,0
holdout,0,0.024380535376654393,1
holdout,0,0.5185590606030451,1
holdout,0,0.25395561747437556,0
holdout,0,0.19653696885262215,1
holdout,0,0.5382625136829535,1
holdout,0,0.8363021196138919,1
holdout,0,0.5132849039705444,1
holdout,0,0.5117922181311574,1
holdout,0,0.8851627027564932,0
holdout,0,0.460145288088367,1
holdout,0,0.6752910737386805,1
holdout,0,0.9938302318638671,1
holdout,0,0.14628321225992635,1
holdout,0,0.24320827943078913,1
holdout,0,0.9647726141904667,0
holdout,0,0.07990844860185094,1
holdout,0,0.5015424420340332,1
holdout,0,0.5539854711911633,1
holdout,0,0.4881082694795502,1
holdout,0,0.35804557667429593,1
holdout,0,0.8890436859388994,0
holdout,0,0.5162702756493184,0
holdout,0,0.7228579958204796,1
holdout,0,0.20340332371380238,1
holdout,0,0.5460244800477659,1
holdout,0,0.6735993631207086,1
holdout,0,0.5726938003781471,1
holdout,0,0.7850532391282715,0
holdout,0,0.7966961886754901,0
holdout,0,0.9643745646332968,0
holdout,0,0.3600358244601453,1
holdout,0,0.6724052144491989,1
holdout,0,0.9553189372076824,1
holdout,0,0.9493481938501344,0
holdout,0,0.2910737386804657,0
holdout,0,0.6650412976415564,0
holdout,0,0.9031744452184297,1
holdout,0,0.09772116628520251,1
holdout,0,0.15742859986068267,0
holdout,0,0.8783958602846055,0
holdout,0,0.7215643347596776,1
holdout,0,0.2625136829535277,1
holdout,0,0.38481440939396955,1
holdout,0,0.0829933326699174,0
holdout,0,0.9591004080007961,0
holdout,0,0.7092247984874117,0
holdout,0,0.5945865260224898,1
holdout,0,0.7200716489202906,0
holdout,0,0.5941884764653199,1
holdout,0,0.025276146880286596,1
holdout,0,0.500845855308986,1
holdout,0,0.9418847646531994,1
holdout,0,0.4854214349686536,1
holdout,0,0.9245696089163101,0
holdout,0,0.9392974425315952,0
holdout,0,0.9137227584834312,1
holdout,0,0.7218628719275549,1
holdout,0,0.651308587919196,1
holdout,0,0.424121803164494,1
holdout,0,0.9544233257040502,0
holdout,0,0.9139217832620161,0
holdout,0,0.7809732311672803,1
holdout,0,0.5103990446810628,0
holdout,0,0.22599263608319237,1
holdout,0,0.8562045974723853,0
holdout,0,0.900686635486118,0
holdout,0,0.3692904766643447,1
holdout,0,0.8037615683152552,0
holdout,0,0.8504328788934222,1
holdout,0,0.03005274156632501,1
holdout,0,0.8206786744949747,1
holdout,0,0.8103293860085581,0
holdout,0,0.050452781371280724,1
holdout,0,0.045576674295949846,0
holdout,0,0.19832819185988657,0
holdout,0,0.18877500248780973,1
holdout,0,0.424121803164494,1
holdout,0,0.2586326997711215,1
holdout,0,0.44860185093044086,1
holdout,0,0.8303313762563439,1
holdout,0,0.03930739377052443,1
holdout,0,0.9075529903472982,0
holdout,0,0.38481440939396955,1
holdout,0,0.8987959000895611,0
holdout,0,0.49288486416558863,1
holdout,0,0.7424619365110956,1
holdout,0,0.2261916608617773,1
holdout,0,0.05602547517165887,1
holdout,0,0.8358045576674296,0
holdout,0,0.23295850333366505,1
holdout,0,0.9392974425315952,0
holdout,0,0.5810528410787144,1
holdout,0,0.14150661757388794,1
holdout,0,0.8490397054433277,1
holdout,0,0.5874216339934322,0
holdout,0,0.3984476067270375,0
holdout,0,0.10000995123892925,1
holdout,0,0.9799980097522142,0
holdout,0,0.007363916807642552,1
holdout,0,0.5751816101104588,0
holdout,0,0.08329186983779481,1
holdout,0,0.6578764056124987,1
holdout,0,0.9181013036122997,1
holdout,0,0.9456662354463131,1
holdout,0,0.252562444024281,0
holdout,0,0.8259528311274754,0
holdout,0,0.16648422728629714,1
holdout,0,0.6093143596377749,1
holdout,0,0.09821872823166485,1
holdout,0,0.8027664444223306,0
holdout,0,0.6067270375161707,1
holdout,0,0.5922977410687631,0
holdout,0,0.5769728331177232,0
holdout,0,0.026868345108966067,1
holdout,0,0.7572892825156732,1
holdout,0,0.06309085481142403,1
holdout,0,0.6423524728828739,1
holdout,0,0.3317743059010847,0
holdout,0,0.09831824062095731,1
holdout,0,0.5509005871230969,1
holdout,0,0.3802368394865161,1
holdout,0,0.7800776196636481,0
holdout,0,0.38461538461538464,1
holdout,0,0.8419743258035626,0
holdout,0,0.2772415165688128,1
holdout,0,0.7320131356353866,0
holdout,0,0.27525126878296347,0
holdout,0,0.24947755995621454,0
holdout,0,0.8913324708926261,0
holdout,0,0.9179022788337148,0
holdout,0,0.8307294258135138,0
holdout,0,0.33276942979400936,0
holdout,0,0.031445915016419544,1
holdout,0,0.42123594387501245,1
holdout,0,0.44979599960195044,0
holdout,0,0.9817892327594786,0
holdout,0,0.34451189173052044,1
holdout,0,0.4261120509503433,0
holdout,0,0.6274256144890039,0
holdout,0,0.827146979798985,0
holdout,0,0.9877599761170266,0
holdout,0,0.23504826350880684,1
holdout,0,0.34988556075231364,0
holdout,0,0.04577569907453478,1
holdout,0,0.08866553885958801,1
holdout,0,0.6281222012140512,1
holdout,0,0.540053736690218,0
holdout,0,0.8500348293362524,0
holdout,0,0.6889242710717485,0
holdout,0,0.25763757587819686,1
holdout,0,0.3527714200417952,0
holdout,0,0.03343616280226888,1
holdout,0,0.5388595880187084,0
holdout,0,0.09821872823166485,0
holdout,0,0.9621852920688626,1
holdout,0,0.5306000597074336,1
holdout,0,0.034033237138023684,1
holdout,0,0.8468504328788934,0
holdout,0,0.581848940193054,0
holdout,0,0.6942979400935416,0
holdout,0,0.22420141307592795,1
holdout,0,0.7103194347696288,1
holdout,0,0.24251169270574185,0
holdout,0,0.6495173649119316,1
holdout,0,0.11314558662553488,0
holdout,0,0.7560951338441636,0
holdout,0,0.5587620658772017,1
holdout,0,0.21604139715394566,1
holdout,0,0.38202806249378046,0
holdout,0,0.5213454075032341,0
holdout,0,0.9682555478157031,1
holdout,0,0.1735496069260623,1
holdout,0,0.138322221116529,0
holdout,0,0.8944173549606926,0
holdout,0,0.6310080605035326,1
holdout,0,0.0129366106080207,1
holdout,0,0.007463429196935018,0
holdout,0,0.13643148571997213,1
holdout,0,0.6067270375161707,1
holdout,0,0.015424420340332371,1
holdout,0,0.24828341128470494,1
holdout,0,0.47377848542143497,1
holdout,0,0.5916011543437157,0
holdout,0,0.745745845357747,0
holdout,0,0.8480445815504031,0
holdout,0,0.4153647129067569,1
holdout,0,0.470793113742661,1
holdout,0,0.13573489899492486,0
holdout,0,0.048263508806846454,1
holdout,0,0.6544929843765549,0
holdout,0,0.7875410488605832,0
holdout,0,0.5718977012638073,0
holdout,0,0.7471390188078416,0
holdout,0,0.5348790924470097,1
holdout,0,0.11294656184694994,0
holdout,0,0.5781669817892328,1
holdout,0,0.47357946064285006,0
holdout,0,0.5138819783062991,0
holdout,0,0.13125684147676386,0
holdout,0,0.3677977908249577,1
holdout,0,0.14628321225992635,1
holdout,0,0.7212657975918002,1
holdout,0,0.011941486715096029,1
holdout,0,0.5599562145487114,1
holdout,0,0.7892327594785551,1
holdout,0,0.583341626032441,1
holdout,0,0.44551696686237435,0
holdout,0,0.38352074833316746,1
holdout,0,0.8068464523833218,0
holdout,0,0.6143894914916908,0
holdout,0,0.3451089660662752,1
holdout,0,0.10777191760374166,1
holdout,0,0.0980197034530799,1
holdout,0,0.8113245099014827,0
holdout,0,0.23514777589809932,1
holdout,0,0.6842471887750025,1
holdout,0,0.40163200318439646,1
holdout,0,0.3390387103194348,0
holdout,0,0.06289183003283909,1
holdout,0,0.14041198129167082,1
holdout,0,0.2153448104288984,1
holdout,0,0.4670116429495472,1
holdout,0,0.21146382724649218,1
holdout,0,0.9569111354363619,0
holdout,0,0.36202607224599465,1
holdout,0,0.6034431286695193,1
holdout,0,0.7626629515374664,1
holdout,0,0.1949447706239427,0
holdout,0,0.30600059707433575,0
holdout,0,0.25345805552791323,1
holdout,0,0.17036521046870334,1
holdout,0,0.8980993133645139,0
holdout,0,0.0517464424320828,1
holdout,0,0.5874216339934322,1
holdout,0,0.2024081998208777,1
holdout,0,0.482734600457757,1
holdout,0,0.29465618469499455,0
holdout,0,0.08667529107373868,1
holdout,0,0.7731117524131754,0
holdout,0,0.5061200119414867,1
holdout,0,0.9577072345507016,0
holdout,0,0.20648820778186885,1
holdout,0,0.015225395561747438,1
holdout,0,0.4296944969648721,1
holdout,0,0.7694297940093542,1
holdout,0,0.3865061200119415,1
holdout,0,0.7090257737088268,0
holdout,0,0.21614090954323814,0
holdout,0,0.9418847646531994,0
holdout,0,0.4337745049258633,1
holdout,0,0.157926161807145,1
holdout,0,0.06100109463628222,0
holdout,0,0.04667131057816698,1
holdout,0,0.2107672405214449,0
holdout,0,0.6507115135834411,1
holdout,0,0.192456960891631,1
holdout,0,0.056523037118121205,1
holdout,0,0.3304806448402826,1
holdout,0,0.9209871629017813,0
holdout,0,0.7166882276843467,1
holdout,0,0.9062593292864962,0
holdout,0,0.6098119215842372,1
holdout,0,0.7777888347099214,1
holdout,0,0.07552990347298238,1
holdout,0,0.3139615882177331,1
holdout,0,0.8819783062991342,0
holdout,0,0.6068265499054633,0
holdout,0,0.8023683948651608,0
holdout,0,0.605930938401831,1
holdout,0,0.42163399343218233,0
holdout,0,0.43019205891133444,0
holdout,0,0.36431485719972134,1
holdout,0,0.25614489003880986,1
holdout,0,0.5184595482137526,1
holdout,0,0.681361329485521,1
holdout,0,0.055627425614489,1
holdout,0,0.505124888048562,1
holdout,0,0.15175639367101204,1
holdout,0,0.39496467310180117,1
holdout,0,0.14628321225992635,1
holdout,0,0.627027564931834,1
holdout,0,0.037317145984675094,1
holdout,0,0.04398447606727038,0
holdout,0,0.4495969748233655,1
holdout,0,0.1641954423325704,1
holdout,0,0.2905761767340034,0
holdout,0,0.22469897502239028,1
holdout,0,0.2679868643646134,1
holdout,0,0.870434869141208,0
holdout,0,0.2586326997711215,1
holdout,0,0.43407304209374065,1
holdout,0,0.5335854313862076,1
holdout,0,0.44551696686237435,1
holdout,0,0.2637078316250373,1
holdout,0,0.2358443626231466,0
holdout,0,0.7346999701462832,1
holdout,0,0.19574086973828242,1
holdout,0,0.7900288585928948,0
holdout,0,0.38362026072245997,1
holdout,0,0.1621056821574286,0
holdout,0,0.25932928649616876,1
holdout,0,0.424121803164494,1
holdout,0,0.1991242909742263,0
holdout,0,0.8750124390486615,0
holdout,0,0.10160214946760872,0
holdout,0,0.023683948651607126,0
holdout,0,0.22241019006866355,0
holdout,0,0.20648820778186885,1
holdout,0,0.3576475271171261,1
holdout,0,0.028261518559060603,1
holdout,0,0.2229077520151259,0
holdout,0,0.6565827445516967,1
holdout,0,0.7629614887053439,0
holdout,0,0.3504826350880685,1
holdout,0,0.4807443526719076,0
holdout,0,0.06110060702557468,1
holdout,0,0.16956911135436362,1
holdout,0,0.2703751617076326,1
holdout,0,0.7379838789929346,0
holdout,0,0.23325704050154245,1
holdout,0,0.7798785948850632,0
holdout,0,0.2979400935416459,1
holdout,0,0.34988556075231364,1
holdout,0,0.9875609513384417,1
holdout,0,0.5632401233953627,1
holdout,0,0.6281222012140512,0
holdout,0,0.11822071847945069,1
holdout,0,0.9301423027166882,0
holdout,0,0.31595183600358245,0
holdout,0,0.02328589909443726,0
holdout,0,0.816499154144691,0
holdout,0,0.3082893820280625,1
holdout,0,0.5987660463727734,1
holdout,0,0.4081003084884068,1
holdout,0,0.7877400736391681,1
holdout,0,0.17762961488705345,1
holdout,0,0.3502836103094835,0
holdout,0,0.25763757587819686,1
holdout,0,0.8447606727037517,0
holdout,0,0.8419743258035626,1
holdout,0,0.138322221116529,0
holdout,0,0.8501343417255448,0
holdout,0,0.02905761767340034,0
holdout,0,0.07144989551199124,1
holdout,0,0.9090456761866852,1
holdout,0,0.1912628122201214,1
holdout,0,0.8791919593989451,0
holdout,0,0.6013533684943776,1
holdout,0,0.7922181311573291,1
holdout,0,0.162404219325306,1
holdout,0,0.6761866852423126,0
holdout,0,0.5972733605333864,1
holdout,0,0.7896308090357249,0
holdout,0,0.8673499850731416,0
holdout,0,0.6422529604935815,1
holdout,0,0.5015424420340332,1
holdout,0,0.2503731714598468,0
holdout,0,0.8947158921285701,0
holdout,0,0.10399044681062793,0
holdout,0,0.8860583142601254,1
holdout,0,0.09344213354562643,0
holdout,0,0.6156831525524928,0
holdout,0,0.1512588317245497,1
holdout,0,0.86446412578366,1
holdout,0,0.11244899990048761,1
holdout,0,0.7927156931037914,0
holdout,0,0.6814608418748134,1
holdout,0,0.17822668922280824,1
holdout,0,0.4775599562145487,1
holdout,0,0.25455269181013035,0
holdout,0,0.5779679570106478,1
holdout,0,0.6488207781868842,1
holdout,0,0.9696487212657976,0
holdout,0,0.00935416459349189,1
holdout,0,0.8549109364115832,0
holdout,0,0.2958503333665041,0
holdout,0,0.29186983779480546,1
holdout,0,0.7576873320728431,1
holdout,0,0.8048562045974724,0
holdout,0,0.35297044482038015,1
holdout,0,0.4176534978604836,1
holdout,0,0.05791621056821574,0
holdout,0,0.7473380435864265,1
holdout,0,0.9453676982784357,0
holdout,0,0.9003880983182406,1
holdout,0,0.01671808140113444,0
holdout,0,0.875310976216539,0
holdout,0,0.47696288187879393,1
holdout,0,0.655587620658772,0
holdout,0,0.3386406607622649,1
holdout,0,0.5348790924470097,0
holdout,0,0.6830530401034929,1
holdout,0,0.5740869738282416,1
holdout,0,0.8758085381630013,0
holdout,0,0.5176634490994129,0
holdout,0,0.222509702457956,0
holdout,0,0.12190267688327197,1
holdout,0,0.7275350781172256,0
holdout,0,0.8844661160314459,0
holdout,0,0.3343616280226888,1
holdout,0,0.22449995024380534,1
holdout,0,0.7191760374166584,0
holdout,0,0.4523833217235546,1
holdout,0,0.9239725345805553,0
holdout,0,0.030848840680664742,1
holdout,0,0.6457358941188178,1
holdout,0,0.21434968653597372,0
holdout,0,0.47716190665737884,0
holdout,0,0.6472285799582048,0
holdout,0,0.5466215543835208,1
holdout,0,0.38511294656184697,1
holdout,0,0.2144491989252662,1
holdout,0,0.8999900487610708,0
holdout,0,0.19802965469200914,1
holdout,0,0.7777888347099214,0
holdout,0,0.4914916907154941,1
holdout,0,0.4775599562145487,0
holdout,0,0.9713404318837695,0
holdout,0,0.5632401233953627,1
holdout,0,0.09175042292765449,1
holdout,0,0.21156333963578466,1
holdout,0,0.30818986963877004,1
holdout,0,0.18270474674096926,1
holdout,0,0.8797890337347,1
holdout,0,0.07552990347298238,1
holdout,0,0.793909841775301,0
holdout,0,0.18777987859488507,1
holdout,0,0.6259329286496169,1
holdout,0,0.821176236441437,1
holdout,0,0.8080406010548313,1
holdout,0,0.5241317544034232,1
holdout,0,0.6927057418648622,1
holdout,0,0.09851726539954224,1
holdout,0,0.9256642451985272,0
holdout,0,0.16797691312568414,1
holdout,0,0.03333665041297641,0
holdout,0,0.9642750522440043,0
holdout,0,0.0929445715991641,1
holdout,0,0.3291869837794805,0
holdout,0,0.8364016320031844,0
holdout,0,0.6948950144292965,1
holdout,0,0.47626629515374663,1
holdout,0,0.48124191461837,1
holdout,0,0.5162702756493184,0
holdout,0,0.49368096327992833,1
holdout,0,0.7419643745646333,1
holdout,0,0.02378346104089959,0
holdout,0,0.18270474674096926,1
holdout,0,0.03552592297741069,1
holdout,0,0.44143695890138324,1
holdout,0,0.6170763260025873,1
holdout,0,0.10010946362822172,1
holdout,0,0.7135038312269878,1
holdout,0,0.5248283411284705,1
holdout,0,0.959299432779381,1
holdout,0,0.16529007861478753,0
holdout,0,0.46621554383520747,1
holdout,0,0.6910140312468902,1
holdout,0,0.21265797591800178,1
holdout,0,0.8154045178624739,1
holdout,0,0.622549507413673,1
holdout,0,0.6661359339237735,1
holdout,0,0.5795601552393272,1
holdout,0,0.06020499552194248,1
holdout,0,0.22002189272564435,0
holdout,0,0.6107075330878694,0
holdout,0,0.7479351179221813,1
holdout,0,0.9392974425315952,1
holdout,0,0.9568116230470693,0
holdout,0,0.1512588317245497,1
holdout,0,0.03920788138123196,1
holdout,0,0.3224201413075928,0
holdout,0,0.509602945566723,0
holdout,0,0.580356254353667,1
holdout,0,0.5132849039705444,1
holdout,0,0.6604637277341029,0
holdout,0,0.875310976216539,0
holdout,0,0.8623743656085182,0
holdout,0,0.8048562045974724,0
holdout,0,0.2996318041596179,1
holdout,0,0.14419345208478457,0
holdout,0,0.0547318141108568,1
holdout,0,0.5903074932829138,1
holdout,0,0.9480545327893323,0
holdout,0,0.5153746641456861,0
holdout,0,0.5332868942183302,0
holdout,0,0.09344213354562643,0
holdout,0,0.5273161508607822,1
holdout,0,0.5240322420141308,1
holdout,0,0.25694098915314956,1
holdout,0,0.5047268384913922,1
holdout,0,0.17275350781172255,1
holdout,0,0.6351875808538163,0
holdout,0,0.07344014329784058,1
holdout,0,0.6841476763857101,1
holdout,0,0.9309384018310279,0
holdout,0,0.365509005871231,1
holdout,0,0.3732709722360434,1
holdout,0,0.10110458752114639,0
holdout,0,0.7951039904468107,1
holdout,0,0.8057518161011046,0
holdout,0,0.6374763658075431,1
holdout,0,0.5712011145387601,1
holdout,0,0.15414469101403125,1
holdout,0,0.5696089163100806,0
holdout,0,0.06040402030052742,1
holdout,0,0.683948651607125,0
holdout,0,0.12648024679072545,1
holdout,0,0.9486516071250871,0
holdout,0,0.7273360533386407,1
holdout,0,0.3801373270972236,1
holdout,0,0.14429296447407702,0
holdout,0,0.723156532988357,1
holdout,0,0.8823763558563041,0
holdout,0,0.7731117524131754,0
holdout,0,0.05284107871429993,1
holdout,0,0.8055527913225197,0
holdout,0,0.4846253358543139,1
holdout,0,0.6107075330878694,0
holdout,0,0.9741267787839586,0
holdout,0,0.2989352174345706,1
holdout,0,0.8998905363717783,0
holdout,0,0.07463429196935019,0
holdout,0,0.7982883869041696,1
holdout,0,0.27545029356154843,0
holdout,0,0.7715195541844959,1
holdout,0,0.050651806149865655,1
holdout,0,0.5777689322320629,1
holdout,0,0.29186983779480546,1
holdout,0,0.9722360433874018,0
holdout,0,0.3371479749228779,1
holdout,0,0.7681361329485521,1
holdout,0,0.07622649019802966,1
holdout,0,0.22091750422927656,0
holdout,0,0.8296347895312967,0
holdout,0,0.29694496964872125,0
holdout,0,0.9239725345805553,0
holdout,0,0.4451189173052045,1
holdout,0,0.021395163697880387,1
holdout,0,0.726340929445716,1
holdout,0,0.8460543337645536,1
holdout,0,0.4186486217534083,1
holdout,0,0.8878495372673898,0
holdout,0,0.36819584038212755,1
holdout,0,0.4733804358642651,1
holdout,0,0.09374067071350384,1
holdout,0,0.5867250472683849,1
holdout,0,0.6308090357249477,1
holdout,0,0.9562145487113145,0
holdout,0,0.26141904667131055,1
holdout,0,0.6425514976614588,1
holdout,0,0.020101502637078317,0
holdout,0,0.520449795999602,1
holdout,0,0.23793412279828838,1
holdout,0,0.6016519056622549,1
holdout,0,0.7679371081699672,0
holdout,0,0.8395860284605433,0
holdout,0,0.2852025077122102,1
holdout,0,0.10448800875709026,1
holdout,0,0.8748134142700766,1
holdout,0,0.4854214349686536,1
holdout,0,0.11224997512190267,1
holdout,0,0.5074136730022888,1
holdout,0,0.23355557766941984,1
holdout,0,0.35078117225594585,0
holdout,0,0.3154542740571201,1
holdout,0,0.24549706438451588,1
holdout,0,0.29465618469499455,0
holdout,0,0.4739775102000199,1
holdout,0,0.41944472086774803,1
holdout,0,0.23355557766941984,1
holdout,0,0.3212259926360832,1
holdout,0,0.2249975121902677,1
holdout,0,0.38501343417255446,0
holdout,0,0.048263508806846454,1
holdout,0,0.28162006169768133,1
holdout,0,0.8583938700368196,0
holdout,0,0.36013533684943777,0
holdout,0,0.510000995123893,1
holdout,0,0.4893024181510598,1
holdout,0,0.08518260523435167,1
holdout,0,0.29604935814508904,1
holdout,0,0.24400437854512888,1
holdout,0,0.06945964772614191,1
holdout,0,0.2654990546323017,1
holdout,0,0.4280027863469002,0
holdout,0,0.36978803861080706,0
holdout,0,0.27226589710418947,1
holdout,0,0.3865061200119415,1
holdout,0,0.17792815205493084,0
holdout,0,0.3945666235446313,1
holdout,0,0.6147875410488606,1
holdout,0,0.1630012936610608,1
holdout,0,0.7509204896009554,0
holdout,0,0.4143695890138322,1
holdout,0,0.6229475569708429,1
holdout,0,0.11195143795402528,0
holdout,0,0.07423624241218031,1
holdout,0,0.10080605035326898,1
holdout,0,0.9416857398746143,0
holdout,0,0.7399741267787839,0
holdout,0,0.7166882276843467,0
holdout,0,0.013633197333067967,1
holdout,0,0.39566125982684847,1
holdout,0,0.08508309284505922,0
holdout,0,0.38590904567618667,1
holdout,0,0.39685540849835804,1
holdout,0,0.4163598367996816,1
holdout,0,0.05791621056821574,1
holdout,0,0.8322221116529008,0
holdout,0,0.21872823166484226,1
holdout,0,0.14031246890237833,1
holdout,0,0.4594487013633197,1
holdout,0,0.14837297243506817,0
holdout,0,0.51109563140611,1
holdout,0,0.059508408796895215,1
holdout,0,0.6465319932331576,1
holdout,0,0.12827146979798984,1
holdout,0,0.04896009553189372,1
holdout,0,0.9562145487113145,1
holdout,0,0.7339038710319434,1
holdout,0,0.030848840680664742,1
holdout,0,0.11374266096128968,1
holdout,0,0.32858990944372574,1
holdout,0,0.12190267688327197,1
holdout,0,0.2990347298238631,1
holdout,0,0.6882276843467011,0
holdout,0,0.9181013036122997,0
holdout,0,0.12976415563737687,0
holdout,0,0.10209971141407105,1
holdout,0,0.11175241317544034,0
holdout,0,0.1524529803960593,0
holdout,0,0.019703453079908447,1
holdout,0,0.2955517961986267,1
holdout,0,0.4261120509503433,1
holdout,0,0.17036521046870334,1
holdout,0,0.44143695890138324,1
holdout,0,0.36222509702457956,1
holdout,0,0.0258732212160414,1
holdout,0,0.026868345108966067,1
holdout,0,0.07752015125883173,0
holdout,0,0.4499950243805354,0
holdout,0,0.5677181809135238,0
holdout,0,0.25674196437456465,1
holdout,0,0.42123594387501245,0
holdout,0,0.042989352174345706,1
holdout,0,0.7657478356055328,0
holdout,0,0.1244899990048761,0
holdout,0,0.7615683152552493,1
holdout,0,0.5710020897601752,0
holdout,0,0.18021693700865757,0
holdout,0,0.28082396258334164,0
holdout,0,0.6084187481341427,1
holdout,0,0.5894118817792815,0
holdout,0,0.7925166683252065,0
holdout,0,0.6814608418748134,1
holdout,0,0.48163996417553984,1
holdout,0,0.004577569907453478,1
holdout,0,0.2646034431286695,1
holdout,0,0.8564036222509702,0
holdout,0,0.15533883968554085,1
holdout,0,0.19932331575281123,1
holdout,0,0.9722360433874018,0
holdout,0,0.07174843267986865,1
holdout,0,0.9060603045079112,0
holdout,0,0.13245099014827347,1
holdout,0,0.17016618569011843,1
holdout,0,0.7237536073241119,0
holdout,0,0.5382625136829535,1
holdout,0,0.7896308090357249,0
holdout,0,0.01164294954721863,1
holdout,0,0.5916011543437157,1
holdout,0,0.08796895213454076,0
holdout,0,0.882774405413474,0
holdout,0,0.8324211364314857,0
holdout,0,0.2669917404716887,1
holdout,0,0.4503930739377052,1
holdout,0,0.6145885162702757,0
holdout,0,0.6897203701860881,1
holdout,0,0.6498159020798089,1
holdout,0,0.493183401333466,0
holdout,0,0.027962981391183202,1
holdout,0,0.12797293263011245,1
holdout,0,0.8726241417056424,0
holdout,0,0.5709025773708827,0
holdout,0,0.2679868643646134,0
holdout,0,0.7151955418449597,1
holdout,0,0.04975619464623346,0
holdout,0,0.42123594387501245,1
holdout,0,0.0914518857597771,1
holdout,0,0.46870335356751913,1
holdout,0,0.8067469399940292,1
holdout,0,0.5115931933525724,1
holdout,0,0.9721365309981093,1
holdout,0,0.36202607224599465,1
holdout,0,0.9110359239725346,0
holdout,0,0.8608816797691312,0
holdout,0,0.3649119315354762,1
holdout,0,0.106776793710817,1
holdout,0,0.9636779779082496,1
holdout,0,0.6946959896507116,0
holdout,0,0.6344909941287691,0
holdout,0,0.9507413673002288,0
holdout,0,0.868942183301821,0
holdout,0,0.4783560553288885,1
holdout,0,0.3915812518658573,1
holdout,0,0.6136929047666434,1
holdout,0,0.784953726738979,0
holdout,0,0.26808637675390584,1
holdout,0,0.8110259727336053,1
holdout,0,0.2119613891929545,1
holdout,0,0.6454373569509404,0
holdout,0,0.18111254851228978,0
holdout,0,0.7900288585928948,0
holdout,0,0.7977908249577073,1
holdout,0,0.36461339436759876,1
holdout,0,0.9742262911732511,0
holdout,0,0.37963976515076125,0
holdout,0,0.6693203303811325,0
holdout,0,0.45347795800577173,1
holdout,0,0.0679669618867549,1
holdout,0,0.0682654990546323,1
holdout,0,0.6048363021196139,1
holdout,0,0.3458055527913225,1
holdout,0,0.29853716787740076,1
holdout,0,0.7041496666334959,1
holdout,0,0.8608816797691312,0
holdout,0,0.6339934321823067,0
holdout,0,0.22489799980097522,1
holdout,0,0.13891929545228382,1
holdout,0,0.4080007960991143,1
holdout,0,0.8592894815404518,1
holdout,0,0.8318240620957309,0
holdout,0,0.9033734699970146,0
holdout,0,0.09901482734600457,1
holdout,0,0.6154841277739078,1
holdout,0,0.7697283311772316,0
holdout,0,0.44312866951935515,1
holdout,0,0.8890436859388994,0
holdout,0,0.9432779381032939,0
holdout,0,0.7896308090357249,1
holdout,0,0.20380137327097222,1
holdout,0,0.3323713802368395,1
holdout,0,0.5598567021594189,1
holdout,0,0.7190765250273659,1
holdout,0,0.539854711911633,0
holdout,0,0.3840183102796298,1
holdout,0,0.7582844064085978,1
holdout,0,0.894516867349985,1
holdout,0,0.2501741466812618,0
holdout,0,0.7892327594785551,0
holdout,0,0.7475370683650114,1
holdout,0,0.22430092546522043,1
holdout,0,0.5799582047964972,1
holdout,0,0.8306299134242213,1
holdout,0,0.9686535973728729,0
holdout,0,0.4617374863170465,1
holdout,0,0.7153945666235446,0
holdout,0,0.7166882276843467,1
holdout,0,0.9446711115533883,1
holdout,0,0.139814906955916,1
holdout,0,0.7408697382824162,0
holdout,0,0.9180017912230073,1
holdout,0,0.38511294656184697,1
holdout,0,0.8972037018608817,1
holdout,0,0.5223405313961588,1
holdout,0,0.848243606328988,1
holdout,0,0.17245497064384516,0
holdout,0,0.5446313065976714,1
holdout,0,0.8473479948253557,0
holdout,0,0.7821673798387899,0
holdout,0,0.39317345009453675,1
holdout,0,0.9480545327893323,0
holdout,0,0.8803861080704548,1
holdout,0,0.10578166981789233,1
holdout,0,0.6676286197631605,1
holdout,0,0.8730221912628122,0
holdout,0,0.5568713304806449,0
holdout,0,0.6439446711115534,1
holdout,0,0.9278535177629615,0
holdout,0,0.7792815205493084,1
holdout,0,0.9147178823763559,0
holdout,0,0.5533883968554085,1
holdout,0,0.28818787939098417,1
holdout,0,0.19862672902776396,1
holdout,0,0.8277440541347397,1
holdout,0,0.9340232858990944,0
holdout,0,0.9570106478256543,0
holdout,0,0.012040999104388496,1
holdout,0,0.6830530401034929,1
holdout,0,0.6439446711115534,1
holdout,0,0.3734699970146283,1
holdout,0,0.837595780674694,1
holdout,0,0.8046571798188874,0
holdout,0,0.17315155736889243,1
holdout,0,0.7477360931435963,1
holdout,0,0.9626828540153249,0
holdout,0,0.7599761170265698,1
holdout,0,0.5049258632699771,0
holdout,0,0.2264901980296547,1
holdout,0,0.871927554980595,1
holdout,0,0.6090158224698975,1
holdout,0,0.9297442531595184,0
holdout,0,0.8333167479351179,0
holdout,0,0.21922579361130462,1
holdout,0,0.09911433973529704,1
holdout,0,0.7737088267489303,1
holdout,0,0.5599562145487114,1
holdout,0,0.5079112349487511,1
holdout,0,0.9779082495770723,0
holdout,0,0.720171161309583,0
holdout,0,0.8835705045278137,0
holdout,0,0.863170464722858,1
holdout,0,0.05552791322519654,1
holdout,0,0.8901383222211166,1
holdout,0,0.04288983978505324,1
holdout,0,0.6627525126878296,1
holdout,0,0.17315155736889243,0
holdout,0,0.7051447905264205,1
holdout,0,0.4311871828042591,1
holdout,0,0.9076525027365907,0
holdout,0,0.09732311672803264,0
holdout,0,0.9475569708428699,0
holdout,0,0.39536272265897104,0
holdout,0,0.19116329983082894,1
holdout,0,0.6881281719574087,1
holdout,0,0.6627525126878296,1
holdout,0,0.23076923076923078,1
holdout,0,0.9379042690815006,1
holdout,0,0.7218628719275549,1
holdout,0,0.129366106080207,0
holdout,0,0.8686436461339436,0
holdout,0,0.7473380435864265,1
holdout,0,0.47984874116827547,1
holdout,0,0.8744153647129067,1
holdout,0,0.1528510299532292,1
holdout,0,0.2670912528609812,1
holdout,0,0.03572494775599562,0
holdout,0,0.1055826450393074,1
holdout,0,0.679470594088964,1
holdout,0,0.6788735197532093,1
holdout,0,0.8596875310976216,1
holdout,0,0.06577768932232063,1
holdout,0,0.8732212160413971,0
holdout,0,0.7148970046770823,0
holdout,0,0.06020499552194248,0
holdout,0,0.7777888347099214,1
holdout,0,0.3902875908050552,1
holdout,0,0.9552194248183898,1
holdout,0,0.4994526818588914,1
holdout,0,0.5499054632301722,1
holdout,0,0.12458951139416857,1
holdout,0,0.9251666832520649,1
holdout,0,0.8570006965867251,1
holdout,0,0.14399442730619963,1
holdout,0,0.1224002388297343,1
holdout,0,0.4180515474176535,1
holdout,0,0.8524231266792716,1
holdout,0,0.38053537665439346,1
holdout,0,0.6057319136232461,1
holdout,0,0.2071847945069161,1
holdout,0,0.5510996119016818,1
holdout,0,0.7212657975918002,1
holdout,0,0.6349885560752314,0
holdout,0,0.061797193750621954,1
holdout,0,0.8821773310777192,0
holdout,0,0.8791919593989451,1
holdout,0,0.6523037118121207,1
holdout,0,0.865956811623047,1
holdout,0,0.532590307493283,1
holdout,0,0.9722360433874018,0
holdout,0,0.14120808040601054,1
holdout,0,0.5273161508607822,1
holdout,0,0.9618867549009852,0
holdout,0,0.9214847248482436,0
holdout,0,0.12866951935515972,1
holdout,0,0.8333167479351179,0
holdout,0,0.12916708130162205,0
holdout,0,0.36202607224599465,1
holdout,0,0.3267986864364613,0
holdout,0,0.5902079808936213,1
holdout,0,0.2845059209871629,0
holdout,0,0.5330878694397453,0
holdout,0,0.9060603045079112,1
holdout,0,0.9048661558364016,1
holdout,0,0.21464822370385114,1
holdout,0,0.5720967260423923,1
holdout,0,0.8757090257737088,1
holdout,0,0.34779580057717185,1
holdout,0,0.03323713802368395,1
holdout,0,0.7791820081600159,1
holdout,0,0.4129764155637377,1
holdout,0,0.2544531794208379,1
holdout,0,0.8434670116429496,0
holdout,0,0.8544133744651209,0
holdout,0,0.36192655985670213,1
holdout,0,0.12319633794407404,0
holdout,0,0.3528709324310877,1
holdout,0,0.030152253955617474,1
holdout,0,0.25395561747437556,0
holdout,0,0.6808637675390586,1
holdout,0,0.48412777390785156,1
holdout,0,0.7169867648522241,0
holdout,0,0.30779182008160016,1
holdout,0,0.5363717782863967,1
holdout,0,0.6259329286496169,1
holdout,0,0.9824858194845258,1
holdout,0,0.7359936312070853,1
holdout,0,0.9044681062792318,1
holdout,0,0.5600557269380038,1
holdout,0,0.726539954224301,1
holdout,0,0.9990048761070753,1
holdout,0,0.4977609712409195,1
holdout,0,0.34411384217335056,1
holdout,0,0.25932928649616876,0
holdout,0,0.21375261220021893,1
holdout,0,0.6775798586924072,1
holdout,0,0.4919892526619564,1
holdout,0,0.44919892526619565,1
holdout,0,0.9772116628520251,1
holdout,0,0.9550204000398049,0
holdout,0,0.24828341128470494,1
holdout,0,0.12737585829435766,1
holdout,0,0.568414767638571,1
holdout,0,0.8386904169569112,1
holdout,0,0.9678574982585332,0
holdout,0,0.6615583640163201,1
holdout,0,0.5270176136929048,1
holdout,0,0.30092546522041996,0
holdout,0,0.7277341028958105,1
holdout,0,0.7667429594984576,1
holdout,0,0.5724947755995622,1
holdout,0,0.23912827146979798,0
holdout,0,0.5020400039804955,1
holdout,0,0.8958105284107871,0
holdout,0,0.9747238531197134,0
holdout,0,0.3239128271469798,0
holdout,0,0.6585729923375461,1
holdout,0,0.6117026569807941,0
holdout,0,0.8783958602846055,1
holdout,0,0.03343616280226888,1
holdout,0,0.3704846253358543,0
holdout,0,0.7863469001890735,0
holdout,0,0.34152652005174644,1
holdout,0,0.08747139018807841,0
holdout,0,0.679868643646134,0
holdout,0,0.8593889939297442,0
holdout,0,0.5602547517165887,1
holdout,0,0.9048661558364016,0
holdout,0,0.20648820778186885,1
holdout,0,0.9599960195044283,0
holdout,0,0.3841178226689223,1
holdout,0,0.7243506816598666,1
holdout,0,0.9576077221614091,1
holdout,0,0.5667230570205991,1
holdout,0,0.6592695790625933,1
holdout,0,0.7077321126480247,1
holdout,0,0.7160911533485919,1
holdout,0,0.9867648522241019,0
holdout,0,0.4893024181510598,1
holdout,0,0.8558065479152155,1
holdout,0,0.28858592894815405,1
holdout,0,0.9110359239725346,1
holdout,0,0.7283311772315654,1
holdout,0,0.8292367399741267,0
holdout,0,0.35595581649915414,1
holdout,0,0.7072345507015624,0
holdout,0,0.9722360433874018,1
holdout,0,0.21484724848243605,1
holdout,0,0.559458652602249,1
holdout,0,0.031147377848542143,1
holdout,0,0.8623743656085182,0
holdout,0,0.8028659568116231,0
holdout,0,0.984874116827545,0
holdout,0,0.6539954224300926,1
holdout,0,0.19802965469200914,1
holdout,0,0.06995720967260424,0
holdout,0,0.17434570604040203,1
holdout,0,0.8036620559259627,0
holdout,0,0.490198029654692,1
holdout,0,0.9450691611105583,0
holdout,0,0.2056921086675291,1
holdout,0,0.8780973231167281,1
holdout,0,0.6173748631704647,1
holdout,0,0.03124689023783461,1
holdout,0,0.9289481540451786,0
holdout,0,0.2893820280624938,0
holdout,0,0.9325306000597074,1
holdout,0,0.956712110657777,1
holdout,0,0.6671310578166981,1
holdout,0,0.9075529903472982,1
holdout,0,0.63170464722858,0
holdout,0,0.41088665538859587,1
holdout,0,0.7296248382923674,1
holdout,0,0.6495173649119316,1
holdout,0,0.335257239526321,1
holdout,0,0.2372375360732411,1
holdout,0,0.37635585630410984,1
holdout,0,0.2860981192158424,1
holdout,0,0.33336650412976415,1
holdout,0,0.645138819783063,1
holdout,0,0.5860284605433377,1
holdout,0,0.7546024480047766,1
holdout,0,0.6699174047168872,0
holdout,0,0.6187680366205592,1
holdout,0,0.19195939894516867,1
holdout,0,0.6212558463528709,1
holdout,0,0.07722161409095432,0
holdout,0,0.7419643745646333,1
holdout,0,0.1040899591999204,1
holdout,0,0.3926758881480744,0
holdout,0,0.2845059209871629,1
holdout,0,0.687332072843069,1
holdout,0,0.7813712807244502,1
holdout,0,0.17852522639068563,1
holdout,0,0.4415364712906757,0
holdout,0,0.6928052542541546,0
holdout,0,0.11354363618270474,1
holdout,0,0.5756791720569211,0
holdout,0,0.6882276843467011,1
holdout,0,0.30321425017414666,1
holdout,0,0.6373768534182506,1
holdout,0,0.07931137426609614,1
holdout,0,0.10836899193949646,1
holdout,0,0.9394964673101801,0
holdout,0,0.9879590008956115,0
holdout,0,0.5983679968156036,0
holdout,0,0.8064484028261518,1
holdout,0,0.8561050850830928,1
holdout,0,0.9452681858891432,0
holdout,0,0.4846253358543139,1
holdout,0,0.33635187580853815,0
holdout,0,0.38501343417255446,0
holdout,0,0.18449596974823365,0
holdout,0,0.7925166683252065,1
holdout,0,0.8057518161011046,0
holdout,0,0.5659269579062594,0
holdout,0,0.4701960394069062,0
holdout,0,0.9467608717285302,1
holdout,0,0.6522041994228281,1
holdout,0,0.3242113643148572,0
holdout,0,0.47228579958204797,1
holdout,0,0.7169867648522241,1
holdout,0,0.1491690715494079,1
holdout,0,0.09344213354562643,1
holdout,0,0.7475370683650114,1
holdout,0,0.21484724848243605,1
holdout,0,0.030848840680664742,1
holdout,0,0.0676684247188775,1
holdout,0,0.6190665737884367,0
holdout,0,0.06309085481142403,0
holdout,0,0.019504428301323515,1
holdout,0,0.7296248382923674,1
holdout,0,0.36948950144292964,1
holdout,0,0.9884565628420738,0
holdout,0,0.04995521942481839,0
holdout,0,0.35894118817792814,1
holdout,0,0.8558065479152155,0
holdout,0,0.6113046074236242,1
holdout,0,0.49935316946959896,0
holdout,0,0.7926161807144989,0
holdout,0,0.47955020400039805,0
holdout,0,0.19922380336351875,1
holdout,0,0.16578764056124987,1
holdout,0,0.31923574485023387,1
holdout,0,0.5345805552791323,1
holdout,0,0.9769131256841477,0
holdout,0,0.2590307493282914,1
holdout,0,0.2925664245198527,0
holdout,0,0.490198029654692,0
holdout,0,0.9745248283411285,1
holdout,0,0.9148173947656483,0
holdout,0,0.795402527614688,1
holdout,0,0.8419743258035626,1
holdout,0,0.424121803164494,1
holdout,0,0.47547019603940693,1
holdout,0,0.5089063588416758,1
holdout,0,0.5575679172056921,1
holdout,0,0.6098119215842372,1
holdout,0,0.7753010249776097,1
holdout,0,0.4201413075927953,0
holdout,0,0.6554881082694796,1
holdout,0,0.08747139018807841,1
holdout,0,0.30152253955617475,0
holdout,0,0.7529107373868047,1
holdout,0,0.46104089959199923,1
holdout,0,0.3634192456960892,1
holdout,0,0.1644939795004478,1
holdout,0,0.3829236739974127,0
holdout,0,0.6897203701860881,0
holdout,0,0.3584436262314658,1
holdout,0,0.061697681361329484,1
holdout,0,0.009155139814906956,1
holdout,0,0.04080007960991144,1
holdout,0,0.49766145885162705,1
holdout,0,0.19195939894516867,0
holdout,0,0.1630012936610608,1
holdout,0,0.6844462135535874,1
holdout,0,0.20409991043884965,1
holdout,0,0.754900985172654,0
holdout,0,0.1927554980595084,1
holdout,0,0.60145288088367,1
holdout,0,0.7552990347298238,0
holdout,0,0.6782764454174545,0
holdout,0,0.10200019902477858,1
holdout,0,0.9279530301522539,0
holdout,0,0.45347795800577173,0
holdout,0,0.3468006766842472,1
holdout,0,0.4418350084585531,1
holdout,0,0.5084087968952135,1
holdout,0,0.2895810528410787,1
holdout,0,0.09901482734600457,0
holdout,0,0.8170962284804458,1
holdout,0,0.4409393969549209,0
holdout,0,0.7830629913424221,0
holdout,0,0.49726340929445717,1
holdout,0,0.5670215941884764,0
holdout,0,0.0520449795999602,0
holdout,0,0.5830430888645637,1
holdout,0,0.679868643646134,1
holdout,0,0.8935217434570604,0
holdout,0,0.056921086675291076,1
holdout,0,0.6356851428002787,1
holdout,0,0.6578764056124987,0
holdout,0,0.9320330381132451,1
holdout,0,0.8153050054731814,1
holdout,0,0.7809732311672803,1
holdout,0,0.8860583142601254,1
holdout,0,0.1374266096128968,1
holdout,0,0.8970046770822967,0
holdout,0,0.12379341227982883,1
holdout,0,0.5286098119215842,1
holdout,0,0.6603642153448104,1
holdout,0,0.8547119116329983,0
holdout,0,0.9678574982585332,1
holdout,0,0.03542641058811822,1
holdout,0,0.18300328390884665,1
holdout,0,0.46362822171360335,0
holdout,0,0.7266394666135934,1
holdout,0,0.7254453179420838,1
holdout,0,0.25365708030649814,1
holdout,0,0.5020400039804955,1
holdout,0,0.9664643248084387,1
holdout,0,0.8279430789133247,0
holdout,0,0.8847646531993233,1
holdout,0,0.14021295651308588,1
holdout,0,0.10200019902477858,0
holdout,0,0.7704249179022788,1
holdout,0,0.9194944770623943,0
holdout,0,0.9809931336451388,0
holdout,0,0.6967857498258533,1
holdout,0,0.488705343815305,0
holdout,0,0.6732013135635386,0
holdout,0,0.9029754204398448,0
holdout,0,0.24728828739178027,0
holdout,0,0.5507015623445118,1
holdout,0,0.38053537665439346,1
holdout,0,0.680963279928351,1
holdout,0,0.5328888446611603,1
holdout,0,0.6007562941586228,1
holdout,0,0.4232261916608618,1
holdout,0,0.40919494477062396,1
holdout,0,0.6882276843467011,1
holdout,0,0.6345905065180615,1
holdout,0,0.1079709423823266,1
holdout,0,0.9246691213056025,0
holdout,0,0.252562444024281,1
holdout,0,0.6395661259826848,0
holdout,0,0.709722360433874,1
holdout,0,0.13105781669817892,1
holdout,0,0.2875908050552294,1
holdout,0,0.23793412279828838,1
holdout,0,0.11274753706836502,0
holdout,0,0.5859289481540452,1
holdout,0,0.5084087968952135,1
holdout,0,0.7928152054930839,1
holdout,0,0.7298238630709524,1
holdout,0,0.9255647328092348,1
holdout,0,0.30878694397452483,1
holdout,0,0.13603343616280228,1
holdout,0,0.5316946959896507,1
holdout,0,0.8561050850830928,1
holdout,0,0.5003482933625236,1
holdout,0,0.6676286197631605,0
holdout,0,0.3317743059010847,1
holdout,0,0.12727634590506517,1
holdout,0,0.10777191760374166,1
holdout,0,0.5873221216041398,0
holdout,0,0.9787043486914121,1
holdout,0,0.8428699373071947,0
holdout,0,0.36262314658174943,1
holdout,0,0.37814707931137426,1
holdout,0,0.648124191461837,0
holdout,0,0.41108568016718083,1
holdout,0,0.3902875908050552,1
holdout,0,0.49825853318738184,1
holdout,0,0.3311772315653299,0
holdout,0,0.9205891133446114,0
holdout,0,0.6882276843467011,1
holdout,0,0.013334660165190566,0
holdout,0,0.7763956612598268,0
holdout,0,0.6669320330381132,0
holdout,0,0.5972733605333864,1
holdout,0,0.019504428301323515,0
holdout,0,0.9281520549308389,0
holdout,0,0.9755199522340532,1
holdout,0,0.891531495671211,1
holdout,0,0.44372574385511,1
holdout,0,0.2803264006368793,1
holdout,0,0.14538760075629417,1
holdout,0,0.9664643248084387,0
holdout,0,0.1994228281421037,1
holdout,0,0.9847746044382526,1
holdout,0,0.746143894914917,1
holdout,0,0.21335456264304906,1
holdout,0,0.7828639665638372,1
holdout,0,0.40163200318439646,1
holdout,0,0.5533883968554085,1
holdout,0,0.44551696686237435,1
holdout,0,0.7895312966464325,1
holdout,0,0.9009851726539955,1
holdout,0,0.9457657478356055,0
holdout,0,0.5231366305104985,1
holdout,0,0.822668922280824,1
holdout,0,0.2596278236640462,1
holdout,0,0.1621056821574286,1
holdout,0,0.9900487610707533,0
holdout,0,0.32470892626131953,1
holdout,0,0.8574982585331874,1
holdout,0,0.9606926062294756,0
holdout,0,0.8296347895312967,0
holdout,0,0.8358045576674296,1
holdout,0,0.302219126281222,1
holdout,0,0.013633197333067967,1
holdout,0,0.6535973728729226,1
holdout,0,0.683948651607125,0
holdout,0,0.42720668723256044,0
holdout,0,0.7140013931734501,1
holdout,0,0.9418847646531994,1
holdout,0,0.866354861180217,1
holdout,0,0.8165986665339835,1
holdout,0,0.35535874216339935,1
holdout,0,0.36013533684943777,1
holdout,0,0.34749726340929443,1
holdout,0,0.9782067867449498,1
holdout,0,0.4499950243805354,1
holdout,0,0.4225296049358145,1
holdout,0,0.7329087471390188,1
holdout,0,0.4890038809831824,1
holdout,0,0.9721365309981093,0
holdout,0,0.5492088765051248,1
holdout,0,0.25027365907055427,0
holdout,0,0.6558861578266494,1
holdout,0,0.9864663150562245,0
holdout,0,0.787939098417753,0
holdout,0,0.3134640262712708,1
holdout,0,0.784953726738979,0
holdout,0,0.5824460145288088,1
holdout,0,0.6447407702258932,1
holdout,0,0.11871828042591302,1
holdout,0,0.2965469200915514,1
holdout,0,0.0962284804458155,1
holdout,0,0.4307891332470893,1
holdout,0,0.0417952035028361,0
holdout,0,0.763857100208976,1
holdout,0,0.034033237138023684,1
holdout,0,0.7692307692307693,1
holdout,0,0.5769728331177232,0
holdout,0,0.03622250970245795,1
holdout,0,0.9278535177629615,0
holdout,0,0.8623743656085182,0
holdout,0,0.7419643745646333,0
holdout,0,0.48402826151855904,1
holdout,0,0.6898198825753806,1
holdout,0,0.3124689023783461,0
holdout,0,0.9662653000298537,0
holdout,0,0.8263508806846452,0
holdout,0,0.3308786943974525,0
holdout,0,0.6747935117922181,1
holdout,0,0.5094039207881381,0
holdout,0,0.24072046969847746,1
holdout,0,0.9770126380734402,1
holdout,0,0.7795800577171857,1
holdout,0,0.8898397850532391,0
holdout,0,0.8789929346203602,0
holdout,0,0.0682654990546323,1
holdout,0,0.9826848442631108,0
holdout,0,0.03323713802368395,1
holdout,0,0.22609214847248482,0
holdout,0,0.2546522041994228,1
holdout,0,0.705443327694298,1
holdout,0,0.2626131953428202,0
holdout,0,0.40282615185590603,1
holdout,0,0.23236142899791024,1
holdout,0,0.29027763956612596,0
holdout,0,0.4531794208378943,1
holdout,0,0.796895213454075,0
holdout,0,0.7692307692307693,1
holdout,0,0.162404219325306,0
holdout,0,0.7577868444621355,0
holdout,0,0.5359737287292268,1
holdout,0,0.8076425514976615,0
holdout,0,0.252562444024281,1
holdout,0,0.17862473877997811,1
holdout,0,0.7572892825156732,1
holdout,0,0.08667529107373868,1
holdout,0,0.059408896407602746,1
holdout,0,0.8922280823962583,0
holdout,0,0.12767439546223505,1
holdout,0,0.557766941984277,0
holdout,0,0.8565031346402627,1
holdout,0,0.8926261319534282,1
holdout,0,0.9889541247885362,1
holdout,0,0.5474176534978605,0
holdout,0,0.8525226390685641,0
holdout,0,0.5994626330978207,0
holdout,0,0.6833515772713703,0
holdout,0,0.1976316051348393,1
holdout,0,0.4510896606627525,0
holdout,0,0.39476564832321626,1
holdout,0,0.8148074435267191,0
holdout,0,0.9642750522440043,1
holdout,0,0.750422927654493,0
holdout,0,0.6944969648721265,1
holdout,0,0.4820380137327097,1
holdout,0,0.8255547815703055,1
holdout,0,0.42591302617175836,0
holdout,0,0.763857100208976,1
holdout,0,0.3350582147477361,0
holdout,0,0.9581052841078714,1
holdout,0,0.33814309881580257,1
holdout,0,0.11244899990048761,1
holdout,0,0.0043785451288685445,0
holdout,0,0.9211861876803662,1
holdout,0,0.2851029953229177,1
holdout,0,0.6475271171260822,1
holdout,0,0.9351179221813116,1
holdout,0,0.9807941088665539,1
holdout,0,0.8306299134242213,1
holdout,0,0.8325206488207781,0
holdout,0,0.2238033635187581,1
holdout,0,0.6081202109662653,0
holdout,0,0.43755597571897703,1
holdout,0,0.6841476763857101,1
holdout,0,0.6972833117723156,0
holdout,0,0.7821673798387899,0
holdout,0,0.2803264006368793,1
holdout,0,0.24171559359140213,1
holdout,0,0.8421733505821475,0
holdout,0,0.23514777589809932,1
holdout,0,0.9804955716986765,1
holdout,0,0.6805652303711812,1
holdout,0,0.47497263409294455,0
holdout,0,0.35854313862075826,1
holdout,0,0.13245099014827347,1
holdout,0,0.29485520947357946,1
holdout,0,0.4555677181809135,1
holdout,0,0.7949049656682257,1
holdout,0,0.12249975121902677,1
holdout,0,0.8535177629614887,0
holdout,0,0.07423624241218031,1
holdout,0,0.1949447706239427,1
holdout,0,0.6957906259329286,1
holdout,0,0.9648721265797592,0
holdout,0,0.5935914021295652,1
holdout,0,0.4757687332072843,1
holdout,0,0.9666633495870236,1
holdout,0,0.06478256542939596,0
holdout,0,0.8796895213454075,1
holdout,0,0.05582645039307394,1
holdout,0,0.22489799980097522,1
holdout,0,0.08896407602746542,0
holdout,0,0.8479450691611106,0
holdout,0,0.8428699373071947,0
holdout,0,0.8673499850731416,1
holdout,0,0.5224400437854513,0
holdout,0,0.5147775898099314,1
holdout,0,0.6638471489700468,1
holdout,0,0.5465220419942283,1
holdout,0,0.7014628321225993,1
holdout,0,0.6733008259528311,1
holdout,0,0.11722559458652602,0
holdout,0,0.5923972534580555,1
holdout,0,0.4907951039904468,1
holdout,0,0.5143795402527614,1
holdout,0,0.9375062195243308,0
holdout,0,0.8306299134242213,1
holdout,0,0.4385510996119017,1
holdout,0,0.9484525823465021,0
holdout,0,0.3821275748830729,1
holdout,0,0.3334660165190566,1
holdout,0,0.8384913921783262,0
holdout,0,0.4004378545128869,1
holdout,0,0.8309284505920987,0
holdout,0,0.09861677778883471,1
holdout,0,0.31266792715693104,1
holdout,0,0.9824858194845258,1
holdout,0,0.4379540252761469,1
holdout,0,0.6989750223902876,1
holdout,0,0.18529206886257338,1
holdout,0,0.5676186685242313,1
holdout,0,0.3076923076923077,1
holdout,0,0.9483530699572097,0
holdout,0,0.5176634490994129,0
holdout,0,0.9566125982684844,1
holdout,0,0.43019205891133444,1
holdout,0,0.5572693800378147,1
holdout,0,0.523435167678376,0
holdout,0,0.09921385212458951,1
holdout,0,0.16638471489700468,1
holdout,0,0.011145387600756293,1
holdout,0,0.9514379540252762,1
holdout,0,0.21434968653597372,0
holdout,0,0.2372375360732411,1
holdout,0,0.037615683152552495,1
holdout,0,0.7073340630908548,0
holdout,0,0.4520847845556772,1
holdout,0,0.9450691611105583,0
holdout,0,0.21932530600059708,0
holdout,0,0.6425514976614588,1
holdout,0,0.9623843168474475,1
holdout,0,0.5706040402030053,1
holdout,0,0.20041795203502835,0
holdout,0,0.8195840382127575,0
holdout,0,0.32520648820778186,0
holdout,0,0.8762065877201711,0
holdout,0,0.9487511195143795,0
holdout,0,0.47676385710020897,0
holdout,0,0.7051447905264205,1
holdout,0,0.8690416956911136,0
holdout,0,0.23624241218031644,1
holdout,0,0.7228579958204796,0
holdout,0,0.7744054134739775,1
holdout,0,0.66922081799184,1
holdout,0,0.4581550403025177,1
holdout,0,0.23624241218031644,1
holdout,0,0.8791919593989451,0
holdout,0,0.31585232361429,1
holdout,0,0.9452681858891432,0
holdout,0,0.162404219325306,1
holdout,0,0.7230570205990646,1
holdout,0,0.18937207682356452,1
holdout,0,0.7835605532888845,1
holdout,0,0.10777191760374166,1
holdout,0,0.8988954124788536,0
holdout,0,0.6273261020997114,1
holdout,0,0.9870633893919794,1
holdout,0,0.377450492586327,1
holdout,0,0.8790924470096527,0
holdout,0,0.9690516469300428,0
holdout,0,0.9259627823664046,0
holdout,0,0.037217633595382625,1
holdout,0,0.9020798089362125,0
holdout,0,0.1244899990048761,1
holdout,0,0.7214648223703851,1
holdout,0,0.03273957607722162,0
holdout,0,0.5017414668126182,1
holdout,0,0.6326002587322122,0
holdout,0,0.4063090854811424,0
holdout,0,0.9147178823763559,1
holdout,0,0.15504030251766346,1
holdout,0,0.9289481540451786,0
holdout,0,0.3771519554184496,1
holdout,0,0.9438750124390487,0
holdout,0,0.9470594088964076,1
holdout,0,0.6103094835306996,1
holdout,0,0.9935316946959897,0
holdout,0,0.5756791720569211,1
holdout,0,0.2592297741068763,1
holdout,0,0.3329684545725943,1
holdout,0,0.16658373967558962,1
holdout,0,0.19195939894516867,1
holdout,0,0.7203701860881679,0
holdout,0,0.5936909145188576,0
holdout,0,0.1566325007463429,1
holdout,0,0.6688227684346701,1
holdout,0,0.8319235744850234,1
holdout,0,0.3922778385909046,0
holdout,0,0.46900189073539655,1
holdout,0,0.5885162702756493,0
holdout,0,0.8789929346203602,0
holdout,0,0.09005871230968256,1
holdout,0,0.7392775400537367,0
holdout,0,0.12160413971539456,1
holdout,0,0.6910140312468902,1
holdout,0,0.14399442730619963,1
holdout,0,0.8417753010249777,1
holdout,0,0.7460443825256244,0
holdout,0,0.9251666832520649,0
holdout,0,0.10448800875709026,1
holdout,0,0.4047168872524629,1
holdout,0,0.6842471887750025,1
holdout,0,0.6687232560453776,1
holdout,0,0.2282814210369191,1
holdout,0,0.34839287491292664,1
holdout,0,0.09901482734600457,1
holdout,0,0.4456164792516668,1
holdout,0,0.923275947855508,0
holdout,0,0.66922081799184,1
holdout,0,0.6666334958702358,0
holdout,0,0.2626131953428202,1
holdout,0,0.8474475072146482,1
holdout,0,0.8861578266494179,0
holdout,0,0.45825455269181015,0
holdout,0,0.4314857199721365,1
holdout,0,0.6814608418748134,1
holdout,0,0.43656085182605237,1
holdout,0,0.5273161508607822,0
holdout,0,0.23484923873022193,1
holdout,0,0.2710717484326799,1
holdout,0,0.22430092546522043,0
holdout,0,0.852721663847149,0
holdout,0,0.726539954224301,0
holdout,0,0.14061100607025576,1
holdout,0,0.9672604239227783,0
holdout,0,0.3386406607622649,0
holdout,0,0.9209871629017813,0
holdout,0,0.14926858393870038,1
holdout,0,0.7635585630410986,0
holdout,0,0.03254055129863668,0
holdout,0,0.5379639765150761,0
holdout,0,0.31356353866056325,0
holdout,0,0.12140511493680964,1
holdout,0,0.387899293462036,1
holdout,0,0.5972733605333864,0
holdout,0,0.9682555478157031,0
holdout,0,0.8033635187580854,1
holdout,0,0.5128868544133744,1
holdout,0,0.8989949248681461,0
holdout,0,0.745745845357747,0
holdout,0,0.2797293263011245,0
holdout,0,0.10110458752114639,1
holdout,0,0.03363518758085381,0
holdout,0,0.25544830331376256,1
holdout,0,0.9528311274753707,0
holdout,0,0.1076724052144492,1
holdout,0,0.903672007164892,1
holdout,0,0.19444720867748036,0
holdout,0,0.6425514976614588,1
holdout,0,0.830132351477759,0
holdout,0,0.04288983978505324,1
holdout,0,0.32132550502537566,0
holdout,0,0.5130858791919594,1
holdout,0,0.4481042889839785,0
holdout,0,0.9031744452184297,0
holdout,0,0.9416857398746143,1
holdout,0,0.30321425017414666,1
holdout,0,0.3076923076923077,1
holdout,0,0.1807144989551199,1
holdout,0,0.27982883869041697,1
holdout,0,0.8216737983878993,0
holdout,0,0.2024081998208777,1
holdout,0,0.162404219325306,1
holdout,0,0.8113245099014827,0
holdout,0,0.3269977112150463,1
holdout,0,0.9566125982684844,1
holdout,0,0.46382724649218826,1
holdout,0,0.7074335754801473,0
holdout,0,0.6563837197731117,1
holdout,0,0.5472186287192755,1
holdout,0,0.2830132351477759,1
holdout,0,0.4448203801373271,0
holdout,0,0.18280425913026171,1
holdout,0,0.8847646531993233,0
holdout,0,0.8700368195840382,1
holdout,0,0.8675490098517266,0
holdout,0,0.9515374664145686,0
holdout,0,0.24111851925564734,0
holdout,0,0.3978505323912827,1
holdout,0,0.6709125286098119,1
holdout,0,0.9015822469897502,0
holdout,0,0.2654990546323017,1
holdout,0,0.580356254353667,0
holdout,0,0.3954622350482635,1
holdout,0,0.24251169270574185,1
holdout,0,0.9664643248084387,1
holdout,0,0.5943875012439048,1
holdout,0,0.2147477360931436,1
holdout,0,0.45845357747039506,1
holdout,0,0.864663150562245,1
holdout,0,0.14996517066374765,0
holdout,0,0.8883470992138521,0
holdout,0,0.5257239526321027,0
holdout,0,0.5089063588416758,1
holdout,0,0.7473380435864265,1
holdout,0,0.8632699771121505,0
holdout,0,0.42312667927156933,0
holdout,0,0.2012140511493681,1
holdout,0,0.07135038312269877,1
holdout,0,0.5600557269380038,1
holdout,0,0.7166882276843467,1
holdout,0,0.9591999203900886,1
holdout,0,0.18937207682356452,0
holdout,0,0.5558762065877202,1
holdout,0,0.8797890337347,0
holdout,0,0.908349089461638,0
holdout,0,0.9795999601950443,1
holdout,0,0.7386804657179818,0
holdout,0,0.5330878694397453,0
holdout,0,0.46939994029256643,1
holdout,0,0.9414867150960294,0
holdout,0,0.8963080903572495,0
holdout,0,0.9251666832520649,0
holdout,0,0.795601552393273,1
holdout,0,0.8033635187580854,0
holdout,0,0.2839088466514081,0
holdout,0,0.9422828142103692,0
holdout,0,0.5027365907055429,0
holdout,0,0.6179719375062195,0
holdout,0,0.44979599960195044,1
holdout,0,0.8890436859388994,0
holdout,0,0.846551895711016,1
holdout,0,0.7961986267290277,0
holdout,0,0.8296347895312967,0
holdout,0,0.8416757886356852,0
holdout,0,0.15991640959299433,1
holdout,0,0.38003781470793113,1
holdout,0,0.21633993432182308,1
holdout,0,0.8721265797591801,1
holdout,0,0.9509403920788139,0
holdout,0,0.6574783560553289,1
holdout,0,0.07154940790128371,1
holdout,0,0.5962782366404618,0
holdout,0,0.9524330779182009,0
holdout,0,0.47477360931435963,1
holdout,0,0.027564931834013335,0
holdout,0,0.28838690416956914,0
holdout,0,0.2803264006368793,0
holdout,0,0.8936212558463529,0
holdout,0,0.079709423823266,1
holdout,0,0.8526221514578565,1
holdout,0,0.31714598467509203,0
holdout,0,0.36431485719972134,1
holdout,0,0.5060204995521943,1
holdout,0,0.135336849437755,1
holdout,0,0.3404318837695293,1
holdout,0,0.3344611404119813,1
holdout,0,0.9721365309981093,0
holdout,0,0.6247387799781072,1
holdout,0,0.9295452283809335,1
holdout,0,0.9112349487511195,0
holdout,0,0.9897502239028759,0
holdout,0,0.8206786744949747,1
holdout,0,0.9674594487013634,1
holdout,0,0.34968653597372873,1
holdout,0,0.7765946860384118,0
holdout,0,0.02219126281222012,1
holdout,0,0.5344810428898398,1
holdout,0,0.46123992437058414,0
holdout,0,0.11712608219723356,1
holdout,0,0.9745248283411285,1
holdout,0,0.8826748930241816,0
holdout,0,0.024281022987361928,1
holdout,0,0.34152652005174644,0
holdout,0,0.9745248283411285,1
holdout,0,0.16270275649318341,0
holdout,0,0.5509005871230969,1
holdout,0,0.7337048462533585,1
holdout,0,0.07552990347298238,0
holdout,0,0.19982087769927356,1
holdout,0,0.7785849338242611,1
holdout,0,0.12359438750124391,1
holdout,0,0.8714299930341327,0
holdout,0,0.3368494377550005,1
holdout,0,0.5913026171758384,0
holdout,0,0.7753010249776097,1
holdout,0,0.13613294855209473,1
holdout,0,0.4433276942979401,0
holdout,1,0.9954224300925465,1
holdout,0,0.8603841178226689,0
holdout,0,0.8322221116529008,0
holdout,0,0.44880087570902577,1
holdout,0,0.7777888347099214,1
holdout,0,0.013633197333067967,1
holdout,0,0.30709523335655287,1
holdout,0,0.6107075330878694,1
holdout,0,0.5595581649915414,1
holdout,0,0.7914220320429893,1
holdout,0,0.9591004080007961,1
holdout,0,0.8606826549905463,1
holdout,0,0.3034132749527316,1
holdout,0,0.12598268484426312,1
holdout,0,0.6214548711314559,1
holdout,0,0.0408995919992039,0
holdout,0,0.22489799980097522,0
holdout,0,0.3575480147278336,1
holdout,0,0.7669419842770425,1
holdout,0,0.12399243705841377,0
holdout,0,0.3871031943476963,0
holdout,0,0.16051348392874912,1
holdout,0,0.6253358543138621,1
holdout,0,0.26808637675390584,1
holdout,0,0.6425514976614588,1
holdout,0,0.5995621454871132,1
holdout,0,0.33764553686934023,0
holdout,0,0.26241417056423527,1
holdout,0,0.6770822967459449,0
holdout,0,0.3600358244601453,0
holdout,0,0.91730520449796,0
holdout,0,0.9289481540451786,0
holdout,0,0.7088267489302418,0
holdout,0,0.0403025176634491,1
holdout,0,0.8750124390486615,0
holdout,0,0.06040402030052742,1
holdout,0,0.8123196337944074,0
holdout,0,0.6731018011742462,0
holdout,0,0.46621554383520747,0
holdout,0,0.8403821275748831,1
holdout,0,0.36013533684943777,1
holdout,0,0.6761866852423126,1
holdout,0,0.3253060005970743,0
holdout,0,0.13931734500945367,1
holdout,0,0.7699273559558165,0
holdout,0,0.7207682356453379,0
holdout,0,0.918996915115932,1
holdout,0,0.5117922181311574,1
holdout,0,0.08438650612001194,1
holdout,0,0.33207284306896206,1
holdout,0,0.0408995919992039,1
holdout,0,0.7219623843168474,1
holdout,0,0.2803264006368793,1
holdout,0,0.5978704348691412,1
holdout,0,0.23922778385909046,1
holdout,0,0.7322121604139715,1
holdout,0,0.47845556771818093,1
holdout,0,0.9745248283411285,0
holdout,0,0.9717384814409394,0
holdout,0,0.9244700965270176,1
holdout,0,0.30192058911334463,1
holdout,0,0.04468106279231764,1
holdout,0,0.32172355458254553,1
holdout,0,0.7576873320728431,0
holdout,0,0.8906358841675789,0
holdout,0,0.7654492984376555,1
holdout,0,0.5721962384316848,1
holdout,0,0.9739277540053737,1
holdout,0,0.7130062692805255,1
holdout,0,0.538362026072246,1
holdout,0,0.4183500845855309,1
holdout,0,0.21842969449696487,1
holdout,0,0.2908747139018808,1
holdout,0,0.4739775102000199,1
holdout,0,0.9248681460841874,1
holdout,0,0.4671111553388397,0
holdout,0,0.03273957607722162,1
holdout,0,0.14727833615285102,1
holdout,0,0.9596974823365509,1
holdout,0,0.8861578266494179,0
holdout,0,0.2315653298835705,1
holdout,0,0.6584734799482536,1
holdout,0,0.8999900487610708,0
holdout,0,0.4039207881381232,1
holdout,0,0.9043685938899393,0
holdout,0,0.46661359339237735,1
holdout,0,0.7522141506617573,0
holdout,0,0.29545228380933425,0
holdout,0,0.1618071449895512,0
holdout,0,0.8166981789232759,0
holdout,0,0.48173947656483235,1
holdout,0,0.2174345706040402,0
holdout,0,0.8261518559060603,0
holdout,0,0.26301124489999006,0
holdout,0,0.381928550104488,0
holdout,0,0.43755597571897703,1
holdout,0,0.9735297044482037,0
holdout,0,0.7387799781072744,0
holdout,0,0.8671509602945566,0
holdout,0,0.5176634490994129,1
holdout,0,0.3933724748731217,1
holdout,0,0.11931535476166782,0
holdout,0,0.360831923574485,1
holdout,0,0.0908548114240223,1
holdout,0,0.8632699771121505,1
holdout,0,0.10478654592496765,0
holdout,0,0.5139814906955916,1
holdout,0,0.01930540352273858,1
holdout,0,0.8882475868245596,1
holdout,0,0.6054333764553687,1
holdout,0,0.04109861677778884,0
holdout,0,0.9490496566822569,0
holdout,0,0.6624539755199522,1
holdout,0,0.3240123395362723,1
holdout,0,0.22927654492984376,1
holdout,0,0.9773111752413175,0
holdout,0,0.1725544830331376,1
holdout,0,0.2503731714598468,1
holdout,0,0.12837098218728232,0
holdout,0,0.7736093143596378,1
holdout,0,0.6133943675987661,1
holdout,0,0.6554881082694796,0
holdout,0,0.7419643745646333,1
holdout,0,0.8006766842471887,0
holdout,0,0.16976813613294855,0
holdout,0,0.28400835904070054,0
holdout,0,0.8553089859687532,0
holdout,0,0.5093044083988456,0
holdout,0,0.9434769628818788,1
holdout,0,0.5575679172056921,0
holdout,0,0.2518658572992338,0
holdout,0,0.16658373967558962,1
holdout,0,0.821176236441437,1
holdout,0,0.25514976614588514,1
holdout,0,0.3579460642850035,1
holdout,0,0.510000995123893,0
holdout,0,0.20479649716389692,1
holdout,0,0.9124290974226291,0
holdout,0,0.5201512588317245,0
holdout,0,0.33933724748731214,1
holdout,0,0.8369987063389392,0
holdout,0,0.33854114837297244,0
holdout,0,0.15802567419643745,1
holdout,0,0.9579062593292865,0
holdout,0,0.3776495173649119,1
holdout,0,0.5341825057219624,1
holdout,0,0.04667131057816698,0
holdout,0,0.37944074037217634,1
holdout,0,0.6924072046969848,1
holdout,0,0.10996119016817593,0
holdout,0,0.9239725345805553,0
holdout,0,0.9235744850233855,0
holdout,0,0.4307891332470893,0
holdout,0,0.4442233058015723,1
holdout,0,0.9730321425017414,0
holdout,0,0.5345805552791323,0
holdout,0,0.15076126977808738,1
holdout,0,0.6103094835306996,1
holdout,0,0.43536670315454273,1
holdout,0,0.6799681560354264,0
holdout,0,0.9339237735098019,1
holdout,0,0.33814309881580257,1
holdout,0,0.23992437058413774,0
holdout,0,0.46601651905662256,0
holdout,0,0.837595780674694,0
holdout,0,0.8552094735794606,1
holdout,0,0.6017514180515474,1
holdout,0,0.12409194944770624,1
holdout,0,0.38740173151557367,0
holdout,0,0.18927256443427207,1
holdout,0,0.2315653298835705,1
holdout,0,0.618071449895512,1
holdout,0,0.714200417952035,0
holdout,0,0.27117126082197235,0
holdout,0,0.3265996616578764,1
holdout,0,0.13464026271270774,1
holdout,0,0.5892128570006966,0
holdout,0,0.3865061200119415,0
holdout,0,0.11871828042591302,0
holdout,0,0.26002587322121606,1
holdout,0,0.23793412279828838,0
holdout,0,0.7669419842770425,1
holdout,0,0.1218031644939795,1
holdout,0,0.6521046870335356,1
holdout,0,0.5718977012638073,1
holdout,0,0.6991740471688725,1
holdout,0,0.4905960792118619,0
holdout,0,0.41665837396755895,1
holdout,0,0.5472186287192755,0
holdout,0,0.10707533087869439,0
holdout,0,0.42332570405015424,0
holdout,0,0.007960991143397354,1
holdout,0,0.7791820081600159,0
holdout,0,0.7884366603642153,0
holdout,0,0.5995621454871132,1
holdout,0,0.29465618469499455,0
holdout,0,0.5970743357548015,1
holdout,0,0.5986665339834809,0
holdout,0,0.6202607224599462,0
holdout,0,0.10777191760374166,1
holdout,0,0.17852522639068563,1
holdout,0,0.18409792019106377,0
holdout,0,0.5405512986366803,0
holdout,0,0.9227783859090457,0
holdout,0,0.13115732908747138,1
holdout,0,0.7196735993631207,0
holdout,0,0.03124689023783461,1
holdout,0,0.037217633595382625,0
holdout,0,0.09344213354562643,1
holdout,0,0.6051348392874913,0
holdout,0,0.1423027166882277,1
holdout,0,0.28888446611603147,1
holdout,0,0.510000995123893,1
holdout,0,0.8360035824460146,1
holdout,0,0.2565429395959797,1
holdout,0,0.3375460244800478,0
holdout,0,0.8561050850830928,1
holdout,0,0.4141705642352473,1
holdout,0,0.8581948452582346,0
holdout,0,0.43506816598666537,0
holdout,0,0.7473380435864265,0
holdout,0,0.11712608219723356,1
holdout,0,0.17663449099412876,1
holdout,0,0.09393969549208876,1
holdout,0,0.6054333764553687,0
holdout,0,0.5091053836202607,1
holdout,0,0.22877898298338142,1
holdout,0,0.4624340730420937,1
holdout,0,0.6455368693402329,0
holdout,0,0.7951039904468107,1
holdout,0,0.17374863170464722,1
holdout,0,0.6196636481241915,1
holdout,0,0.6036421534481042,0
holdout,0,0.15523932729624837,1
holdout,0,0.9101403124689024,0
holdout,0,0.011742461936511095,1
holdout,0,0.5208478455567718,0
holdout,0,0.15444322818190864,1
holdout,0,0.8534182505721962,1
holdout,0,0.8191859886555877,1
holdout,0,0.9196935018409792,0
holdout,0,0.7731117524131754,0
holdout,0,0.9811921584237238,0
holdout,0,0.05124888048562046,1
holdout,0,0.4354662155438352,1
holdout,0,0.806050353268982,0
holdout,0,0.909841775301025,0
holdout,0,0.2714697979898497,1
holdout,0,0.5756791720569211,1
holdout,0,0.8498358045576674,1
holdout,0,0.48950144292964476,1
holdout,0,0.33943675987660465,0
holdout,0,0.24758682455965766,1
holdout,0,0.6084187481341427,1
holdout,0,0.6784754701960394,0
holdout,0,0.35575679172056923,1
holdout,0,0.523435167678376,0
holdout,0,0.25932928649616876,1
holdout,0,0.21554383520748333,1
holdout,0,0.9406906159816897,0
holdout,0,0.6611603144591501,0
holdout,0,0.852323614289979,0
holdout,0,0.890038809831824,0
holdout,0,0.9631804159617873,1
holdout,0,0.6146880286595681,1
holdout,0,0.31077719176037416,1
holdout,0,0.6411583242113643,1
holdout,0,0.6273261020997114,1
holdout,0,0.5854313862075828,0
holdout,0,0.20041795203502835,1
holdout,0,0.6624539755199522,1
holdout,0,0.440541347397751,1
holdout,0,0.8730221912628122,0
holdout,0,0.39297442531595184,1
holdout,0,0.46939994029256643,1
holdout,0,0.6101104587521147,1
holdout,0,0.5765747835605533,1
holdout,0,0.49676584734799484,1
holdout,0,0.9576077221614091,0
holdout,0,0.3023186386705145,0
holdout,0,0.04368593889939298,1
holdout,0,0.5030351278734202,1
holdout,0,0.1687730122400239,0
holdout,0,0.8906358841675789,1
holdout,0,0.35814508906358844,1
holdout,0,0.8834709921385212,0
holdout,0,0.7747039506418549,1
holdout,0,0.8797890337347,1
holdout,0,0.4081003084884068,1
holdout,0,0.8608816797691312,1
holdout,0,0.07443526719076525,0
holdout,0,0.37755000497561947,1
holdout,0,0.12309682555478157,0
holdout,0,0.13424221315553786,1
holdout,0,0.7760971240919494,1
holdout,0,0.6476266295153746,0
holdout,0,0.06070255746840482,1
holdout,0,0.5403522738580954,0
holdout,0,0.810528410787143,1
holdout,0,0.5002487809732312,0
holdout,0,0.7393770524430292,1
holdout,0,0.39795004478057516,0
holdout,0,0.7269380037814708,0
holdout,0,0.8570006965867251,0
holdout,0,0.20340332371380238,1
holdout,0,0.15892128570006966,1
holdout,0,0.517464424320828,1
holdout,0,0.523435167678376,1
holdout,0,0.48950144292964476,1
holdout,0,0.36650412976415564,1
holdout,0,0.07881381231963379,1
holdout,0,0.6676286197631605,1
holdout,0,0.2772415165688128,0
holdout,0,0.1973330679669619,1
holdout,0,0.968454572594288,0
holdout,0,0.909841775301025,0
holdout,0,0.4348691412080804,0
holdout,0,0.34570604040203007,1
holdout,0,0.6081202109662653,1
holdout,0,0.4635287093243109,0
holdout,0,0.19325306000597076,1
holdout,0,0.7407702258931237,1
holdout,0,0.745745845357747,0
holdout,0,0.9551199124290974,0
holdout,0,0.9577072345507016,0
holdout,0,0.627027564931834,1
holdout,0,0.8343118718280426,0
holdout,0,0.9953229177032541,1
holdout,0,0.5241317544034232,1
holdout,0,0.5138819783062991,1
holdout,0,0.07562941586227485,1
holdout,0,0.9220817991839985,1
holdout,0,0.294755697084287,1
holdout,0,0.9620857796795701,0
holdout,0,0.8011742461936511,1
holdout,0,0.8458553089859687,1
holdout,0,0.09553189372076823,1
holdout,0,0.37705244302915714,0
holdout,0,0.37317145984675093,1
holdout,0,0.4296944969648721,0
holdout,0,0.8564036222509702,1
holdout,0,0.2297741068763061,1
holdout,0,0.07284306896208578,1
holdout,0,0.62404219325306,0
holdout,0,0.2753507811722559,1
holdout,0,0.4923873022191263,1
holdout,0,0.9590008956115036,0
holdout,0,0.9289481540451786,0
holdout,0,0.683948651607125,0
holdout,0,0.4090954323813315,0
holdout,0,0.9829833814309882,0
holdout,0,0.07135038312269877,1
holdout,0,0.6445417454473082,1
holdout,0,0.3526719076525027,0
holdout,0,0.8356055328888446,1
holdout,0,0.7817693302816201,1
holdout,0,0.6840481639964175,1
holdout,0,0.3353567519156135,1
holdout,0,0.9722360433874018,1
holdout,0,0.8600855806547916,1
holdout,0,0.8186884267091253,1
holdout,0,0.7010647825654294,1
holdout,0,0.7901283709821872,0
holdout,0,0.30211961389192954,0
holdout,0,0.5308985968753109,1
holdout,0,0.8806846452383321,1
holdout,0,0.8978007761966365,0
holdout,0,0.38590904567618667,1
holdout,0,0.47696288187879393,1
holdout,0,0.9076525027365907,1
holdout,0,0.9013832222111653,1
holdout,0,0.4393471987262414,1
holdout,0,0.9463628221713604,1
holdout,0,0.6943974524828341,1
holdout,0,0.5028361030948353,1
holdout,0,0.8388894417354961,0
holdout,0,0.24689023783461042,0
holdout,0,0.7329087471390188,1
holdout,0,0.8603841178226689,1
holdout,0,0.29764155637376855,1
holdout,0,0.5552791322519653,1
holdout,0,0.8730221912628122,0
holdout,0,0.9128271469797989,0
holdout,0,0.8485421434968654,0
holdout,0,0.36819584038212755,1
holdout,0,0.5781669817892328,1
holdout,0,0.8791919593989451,0
holdout,0,0.5707035525922978,0
holdout,0,0.016618569011841975,0
holdout,0,0.23047069360135336,0
holdout,0,0.48432679868643647,1
holdout,0,0.937108169967161,0
holdout,0,0.4730818986963877,1
holdout,0,0.3124689023783461,1
holdout,0,0.9698477460443825,0
holdout,0,0.3274952731615086,1
holdout,0,0.3306796696188675,1
holdout,0,0.0040800079609911435,1
holdout,0,0.8358045576674296,1
holdout,0,0.15802567419643745,0
holdout,0,0.5540849835804558,1
holdout,0,0.2821176236441437,1
holdout,0,0.3073937705244303,1
holdout,0,0.9611901681759379,0
holdout,0,0.5438352074833317,1
holdout,0,0.9395959796994726,0
holdout,0,0.8922280823962583,0
holdout,0,0.7589809931336451,1
holdout,0,0.24251169270574185,1
holdout,0,0.927754005373669,1
holdout,0,0.8907353965568713,1
holdout,0,0.21962384316847447,1
holdout,0,0.7791820081600159,1
holdout,0,0.03871031943476963,1
holdout,0,0.9682555478157031,0
holdout,0,0.5376654393471987,1
holdout,0,0.6006567817693302,0
holdout,0,0.08946163797392775,1
holdout,0,0.9824858194845258,1
holdout,0,0.6143894914916908,1
holdout,0,0.23514777589809932,1
holdout,0,0.09344213354562643,1
holdout,0,0.9076525027365907,0
holdout,0,0.5411483729724351,1
holdout,0,0.45029356154841277,1
holdout,0,0.28470494576574784,1
holdout,0,0.8430689620857796,1
holdout,0,0.48363021196138917,1
holdout,0,0.1618071449895512,1
holdout,0,0.896208577967957,1
holdout,0,0.3888944173549607,1
holdout,0,0.8981988257538064,0
holdout,0,0.6371778286396657,0
holdout,0,0.8929246691213056,0
holdout,0,0.7854512886854413,0
holdout,0,0.9285501044880088,1
holdout,0,0.7553985471191164,0
holdout,0,0.4198427704249179,1
holdout,0,0.685640362225097,1
holdout,0,0.08309284505920987,1
holdout,0,0.6067270375161707,1
holdout,0,0.19713404318837696,1
holdout,0,0.6580754303910837,1
holdout,0,0.8818787939098418,0
holdout,0,0.04288983978505324,1
holdout,0,0.8790924470096527,1
holdout,0,0.007065379639765151,1
holdout,0,0.580356254353667,1
holdout,0,0.7077321126480247,0
holdout,0,0.6957906259329286,1
holdout,0,0.1949447706239427,1
holdout,0,0.7892327594785551,0
holdout,0,0.7809732311672803,0
holdout,0,0.8660563240123396,0
holdout,0,0.2773410289581053,1
holdout,0,0.909841775301025,0
holdout,0,0.5523932729624839,1
holdout,0,0.484227286297144,1
holdout,0,0.8095332868942183,1
holdout,0,0.3155537864464126,1
holdout,0,0.5953826251368295,1
holdout,0,0.5465220419942283,1
holdout,0,0.7637575878196835,1
holdout,0,0.7029555179619863,1
holdout,0,0.335257239526321,1
holdout,0,0.843566524032242,0
holdout,0,0.12100706537963976,0
holdout,0,0.8895412478853617,1
holdout,0,0.9599960195044283,1
holdout,0,0.8459548213752612,1
holdout,0,0.4165588615782665,0
holdout,0,0.45367698278435664,1
holdout,0,0.3075927953030152,0
holdout,0,0.7089262613195343,1
holdout,0,0.8905363717782864,1
holdout,0,0.8132152452980396,1
holdout,0,0.8225694098915315,1
holdout,0,0.798387899293462,0
holdout,0,0.6737983878992935,0
holdout,0,0.5015424420340332,1
holdout,0,0.2882873917802766,0
holdout,0,0.09981092646034431,1
holdout,0,0.4925863269977112,0
holdout,0,0.6788735197532093,0
holdout,0,0.05672206189670614,1
holdout,0,0.5985670215941885,1
holdout,0,0.14807443526719077,1
holdout,0,0.44083988456562845,1
holdout,0,0.3754602448004777,1
holdout,0,0.8103293860085581,0
holdout,0,0.2564434272066872,1
holdout,0,0.795402527614688,0
holdout,0,0.6062294755697084,0
holdout,0,0.1524529803960593,1
holdout,0,0.5498059508408797,1
holdout,0,0.9431784257140013,1
holdout,0,0.5572693800378147,1
holdout,0,0.6763857100208976,0
holdout,0,0.5871230968255547,0
holdout,0,0.39924370584137725,1
holdout,0,0.5492088765051248,1
holdout,0,0.4442233058015723,1
holdout,0,0.24261120509503434,0
holdout,0,0.9251666832520649,0
holdout,0,0.22440043785451289,1
holdout,0,0.9256642451985272,1
holdout,0,0.7455468205791621,1
holdout,0,0.920290576176734,0
holdout,0,0.5516966862374365,1
holdout,0,0.5274156632500746,0
holdout,0,0.8333167479351179,0
holdout,0,0.5533883968554085,0
holdout,0,0.3371479749228779,1
holdout,0,0.712906756891233,1
holdout,0,0.56393671012041,0
holdout,0,0.9796994725843368,0
holdout,0,0.33575480147278336,1
holdout,0,0.7159916409592995,0
holdout,0,0.7850532391282715,0
holdout,0,0.4600457756990745,1
holdout,0,0.5799582047964972,1
holdout,0,0.7218628719275549,1
holdout,0,0.23086874315852324,1
holdout,0,0.8765051248880485,0
holdout,0,0.842073838192855,0
holdout,0,0.5655289083490894,1
holdout,0,0.48950144292964476,1
holdout,0,0.7618668524231267,0
holdout,0,0.1686734998507314,1
holdout,0,0.3710816996716091,1
holdout,0,0.6752910737386805,1
holdout,0,0.016618569011841975,1
holdout,0,0.03224201413075928,1
holdout,0,0.702059906458354,0
holdout,0,0.20101502637078317,0
holdout,0,0.2936610608020699,1
holdout,0,0.8926261319534282,0
holdout,0,0.9738282416160812,0
holdout,0,0.5513981490695592,1
holdout,0,0.9828838690416957,0
holdout,0,0.6377749029754204,1
holdout,0,0.27564931834013334,1
holdout,0,0.44143695890138324,1
holdout,0,0.058811822071847944,1
holdout,0,0.5713006269280525,1
holdout,0,0.31784257140013933,1
holdout,0,0.5755796596676286,1
holdout,0,0.36819584038212755,1
holdout,0,0.5692108667529108,1
holdout,0,0.03333665041297641,1
holdout,0,0.2686834510896607,1
holdout,0,0.7145984675092049,0
holdout,0,0.3945666235446313,1
holdout,0,0.6686237436560852,0
holdout,0,0.7260423922778386,1
holdout,0,0.911135436361827,0
holdout,0,0.39645735894118816,0
holdout,0,0.09125286098119216,0
holdout,0,0.9889541247885362,1
holdout,0,0.9445715991640959,0
holdout,0,0.007164892029057617,0
holdout,0,0.6246392675888148,1
holdout,0,0.08388894417354961,1
holdout,0,0.581848940193054,1
holdout,0,0.672206189670614,1
holdout,0,0.30042790327395763,0
holdout,0,0.866354861180217,1
holdout,0,0.9887551000099513,1
holdout,0,0.7957010647825654,0
holdout,0,0.30779182008160016,1
holdout,0,0.7376853418250572,0
holdout,0,0.9445715991640959,0
holdout,0,0.7997810727435566,0
holdout,0,0.9424818389889541,1
holdout,0,0.5113941685739875,0
holdout,0,0.33933724748731214,1
holdout,0,0.45049258632699773,1
holdout,0,0.8851627027564932,1
holdout,0,0.44700965270176135,1
holdout,0,0.8624738779978107,0
holdout,0,0.18180913523733705,1
holdout,0,0.9467608717285302,0
holdout,0,0.7777888347099214,1
holdout,0,0.9143198328191859,1
holdout,0,0.2012140511493681,1
holdout,0,0.08587919195939894,1
holdout,0,0.9999004876107075,1
holdout,0,0.45049258632699773,0
holdout,0,0.8805851328490397,0
holdout,0,0.15255249278535177,0
holdout,0,0.8560055726938004,0
holdout,0,0.7475370683650114,1
holdout,0,0.8811822071847945,0
holdout,0,0.986366802666932,1
holdout,0,0.618071449895512,0
holdout,0,0.5227385809533287,1
holdout,0,0.6640461737486317,1
holdout,0,0.009951238929246691,1
holdout,0,0.5956811623047069,1
holdout,0,0.3326699174047169,1
holdout,0,0.1232958503333665,1
holdout,0,0.4225296049358145,0
holdout,0,0.3669021793213255,1
holdout,0,0.07881381231963379,1
holdout,0,0.8343118718280426,0
holdout,0,0.8245596576773808,0
holdout,0,0.06866354861180217,1
holdout,0,0.7479351179221813,1
holdout,0,0.32650014926858395,1
holdout,0,0.38352074833316746,1
holdout,0,0.9497462434073042,1
holdout,0,0.8912329585033336,1
holdout,0,0.4927853517762962,1
holdout,0,0.47955020400039805,0
holdout,0,0.8139118320230869,1
holdout,0,0.17424619365110958,1
holdout,0,0.9738282416160812,1
holdout,0,0.12578366006567818,1
holdout,0,0.6140909543238133,0
holdout,0,0.9621852920688626,1
holdout,0,0.7847547019603941,1
holdout,0,0.43258035625435365,0
holdout,0,0.139814906955916,1
holdout,0,0.7914220320429893,1
holdout,0,0.9855707035525924,1
holdout,0,0.7203701860881679,1
holdout,0,0.3840183102796298,0
holdout,0,0.5101005075131854,0
holdout,0,0.5334859189969151,1
holdout,0,0.6245397551995223,1
holdout,0,0.04348691412080804,1
holdout,0,0.8793909841775301,0
holdout,0,0.07423624241218031,1
holdout,0,0.6611603144591501,1
holdout,0,0.10219922380336352,1
holdout,0,0.449696487212658,1
holdout,0,0.004478057518161011,0
holdout,0,0.8665538859588019,1
holdout,0,0.27525126878296347,1
holdout,0,0.2490795103990447,1
holdout,0,0.8058513284903971,0
holdout,0,0.7997810727435566,1
holdout,0,0.12588317245497063,1
holdout,0,0.6830530401034929,1
holdout,0,0.9930341327495273,1
holdout,0,0.9375062195243308,1
holdout,0,0.32470892626131953,1
holdout,0,0.46790725445317943,0
holdout,0,0.012140511493680964,0
holdout,0,0.0929445715991641,1
holdout,0,0.33336650412976415,1
holdout,0,0.9123295850333366,1
holdout,0,0.2021096626530003,1
holdout,0,0.4729823863070952,1
holdout,0,0.5720967260423923,1
holdout,0,0.2592297741068763,0
holdout,0,0.8660563240123396,0
holdout,0,0.8970046770822967,1
holdout,0,0.921584237237536,1
holdout,0,0.34212359438750123,1
holdout,0,0.5841377251467808,0
holdout,0,0.6876306100109464,1
holdout,0,0.4165588615782665,0
holdout,0,0.893024181510598,0
holdout,0,0.6927057418648622,0
holdout,0,0.2546522041994228,1
holdout,0,0.7377848542143497,1
holdout,0,0.4555677181809135,1
holdout,0,0.9804955716986765,1
holdout,0,0.7687332072843069,1
holdout,0,0.903871031943477,0
holdout,0,0.1540451786247388,1
holdout,0,0.16688227684346701,0
holdout,0,0.6452383321723555,1
holdout,0,0.8752114638272465,1
holdout,0,0.9997014628321226,0
holdout,0,0.3489899492486815,1
holdout,0,0.8639665638371977,1
holdout,0,0.5889143198328192,0
holdout,0,0.6872325604537765,1
holdout,0,0.21434968653597372,1
holdout,0,0.8620758284406409,1
holdout,0,0.4663150562244999,1
holdout,0,0.7428599860682655,1
holdout,0,0.9169071549407901,0
holdout,0,0.6495173649119316,1
holdout,0,0.4540750323415265,1
holdout,0,0.9635784655189571,0
holdout,0,0.0673698875510001,1
holdout,0,0.3468006766842472,0
holdout,0,0.5212458951139417,1
holdout,0,0.08080406010548313,1
holdout,0,0.6755896109065579,0
holdout,0,0.4850233854114837,1
holdout,0,0.6578764056124987,1
holdout,0,0.5057219623843169,1
holdout,0,0.7255448303313763,1
holdout,0,0.8027664444223306,0
holdout,0,0.026868345108966067,1
holdout,0,0.08667529107373868,1
holdout,0,0.9211861876803662,0
holdout,0,0.43715792616180715,1
holdout,0,0.9656682256940989,0
holdout,0,0.7104189471589213,1
holdout,0,0.6457358941188178,1
holdout,0,0.9033734699970146,0
holdout,0,0.35575679172056923,1
holdout,0,0.21026967857498258,1
holdout,0,0.8504328788934222,0
holdout,0,0.5755796596676286,1
holdout,0,0.9614887053438153,0
holdout,0,0.9553189372076824,0
holdout,0,0.7434570604040203,1
holdout,0,0.2111652900786148,1
holdout,0,0.847845556771818,1
holdout,0,0.7775898099313364,0
holdout,0,0.6278236640461737,0
holdout,0,0.9450691611105583,1
holdout,0,0.6247387799781072,0
holdout,0,0.6224499950243806,1
holdout,0,0.43437157926161807,1
holdout,0,0.15175639367101204,1
holdout,0,0.9921385212458951,0
holdout,0,0.33784456164792515,1
holdout,0,0.27783859090456764,1
holdout,0,0.025674196437456463,1
holdout,0,0.22728629714399443,0
holdout,0,0.15195541844959698,1
holdout,0,0.4228281421036919,1
holdout,0,0.2330580157229575,1
holdout,0,0.36013533684943777,1
holdout,0,0.9589013832222112,0
holdout,0,0.3672007164892029,1
holdout,0,0.04677082296745945,0
holdout,0,0.09344213354562643,1
holdout,0,0.8351079709423823,1
holdout,0,0.7218628719275549,0
holdout,0,0.754900985172654,0
holdout,0,0.8386904169569112,0
holdout,0,0.5452283809334262,1
holdout,0,0.34500945367698277,1
holdout,0,0.8035625435366703,1
holdout,0,0.7326102099711415,1
holdout,0,0.9351179221813116,0
holdout,0,0.7888347099213852,1
holdout,0,0.508110259727336,1
holdout,0,0.7249477559956214,1
holdout,0,0.7511195143795403,0
holdout,0,0.09841775301024977,0
holdout,0,0.4336749925365708,0
holdout,0,0.4923873022191263,1
holdout,0,0.5176634490994129,1
holdout,0,0.30410986167777887,1
holdout,0,0.7166882276843467,1
holdout,0,0.3082893820280625,1
holdout,0,0.7908249577072346,1
holdout,0,0.8411782266892228,1
holdout,0,0.7673400338342123,1
holdout,0,0.3784456164792517,0
holdout,0,0.3119713404318838,1
holdout,0,0.8756095133844164,0
holdout,0,0.9137227584834312,0
holdout,0,0.22688824758682455,1
holdout,0,0.8473479948253557,0
holdout,0,0.9799980097522142,0
holdout,0,0.25196536968852623,1
holdout,0,0.9664643248084387,1
holdout,0,0.8969051646930043,1
holdout,0,0.824161608120211,0
holdout,0,0.02040003980495572,1
holdout,0,0.3236142899791024,1
holdout,0,0.17633595382625136,1
holdout,0,0.5707035525922978,1
holdout,0,0.836103094835307,0
holdout,0,0.3453079908448602,1
holdout,0,0.34112847049457656,1
holdout,0,0.3825256244402428,0
holdout,0,0.5711016021494676,0
holdout,0,0.8109264603443128,1
holdout,0,0.5986665339834809,1
holdout,0,0.9425813513782466,0
holdout,0,0.45516966862374364,1
holdout,0,0.3495870235844363,1
holdout,0,0.9362125584635287,1
holdout,0,0.2462931634988556,1
holdout,0,0.7913225196536969,1
holdout,0,0.4378545128868544,1
holdout,0,0.6269280525425416,1
holdout,0,0.5838391879789033,1
holdout,0,0.48751119514379543,0
holdout,0,0.9424818389889541,0
holdout,0,0.6271270773211265,1
holdout,0,0.6811623047069361,1
holdout,0,0.5614489003880984,1
holdout,0,0.8564036222509702,0
holdout,0,0.9093442133545626,1
holdout,0,0.026868345108966067,1
holdout,0,0.8914319832819186,1
holdout,0,0.4701960394069062,1
holdout,0,0.031445915016419544,1
holdout,0,0.9551199124290974,0
holdout,0,0.9110359239725346,1
holdout,0,0.8067469399940292,1
holdout,0,0.5084087968952135,1
holdout,0,0.5573688924271072,0
holdout,0,0.13722758483431188,1
holdout,0,0.04577569907453478,1
holdout,0,0.5372673897900289,1
holdout,0,0.7820678674494974,1
holdout,0,0.2315653298835705,1
holdout,0,0.344412379341228,1
holdout,0,0.2546522041994228,1
holdout,0,0.7266394666135934,1
holdout,0,0.1461836998706339,1
holdout,0,0.4914916907154941,0
holdout,0,0.9736292168374963,0
holdout,0,0.5605532888844661,0
holdout,0,0.3495870235844363,0
holdout,0,0.35078117225594585,1
holdout,0,0.9495472186287193,0
holdout,0,0.5377649517364912,1
holdout,0,0.5039307393770525,1
holdout,0,0.6326002587322122,1
holdout,0,0.7940093541645935,0
holdout,0,0.739775102000199,0
holdout,0,0.1780276644442233,1
holdout,0,0.44551696686237435,1
holdout,0,0.5258234650213952,1
holdout,0,0.9731316548910339,0
holdout,0,0.30261717583839187,1
holdout,0,0.2860981192158424,1
holdout,0,0.8913324708926261,0
holdout,0,0.37217633595382626,1
holdout,0,0.5795601552393272,0
holdout,0,0.708030649815902,0
holdout,0,0.916011543437158,1
holdout,0,0.26569807941088663,1
holdout,0,0.5533883968554085,1
holdout,0,0.33844163598368,1
holdout,0,0.7046472285799582,1
holdout,0,0.8647626629515375,0
holdout,0,0.2027067369887551,1
holdout,0,0.9845755796596676,1
holdout,0,0.3240123395362723,1
holdout,0,0.7607722161409095,1
holdout,0,0.044880087570902574,1
holdout,0,0.4366603642153448,1
holdout,0,0.2749527316150861,0
holdout,0,0.10896606627525127,1
holdout,0,0.40073639168076425,1
holdout,0,0.8338143098815802,0
holdout,0,0.5696089163100806,0
holdout,0,0.6243407304209374,1
holdout,0,0.5987660463727734,0
holdout,0,0.6265300029853716,1
holdout,0,0.22718678475470197,1
holdout,0,0.053338640660762264,1
holdout,0,0.9300427903273958,1
holdout,0,0.01930540352273858,0
holdout,0,0.9155139814906956,1
holdout,0,0.7455468205791621,1
holdout,0,0.9819882575380635,0
holdout,0,0.21434968653597372,1
holdout,0,0.11453876007562942,1
holdout,0,0.7368892427107174,1
holdout,0,0.5371678774007363,1
holdout,0,0.23952632102696786,1
holdout,0,0.06110060702557468,1
holdout,0,0.9823863070952333,0
holdout,0,0.9208876505124888,1
holdout,0,0.9708428699373072,1
holdout,0,0.6075231366305105,0
holdout,0,0.037914220320429896,1
holdout,0,0.8385909045676186,0
holdout,0,0.5061200119414867,1
holdout,0,0.3088864563638173,1
holdout,0,0.8175937904269082,1
holdout,0,0.899392974425316,0
holdout,0,0.12727634590506517,1
holdout,0,0.050850830928450594,1
holdout,0,0.5465220419942283,1
holdout,0,0.5060204995521943,1
holdout,0,0.42481838988954124,1
holdout,0,0.06458354065081102,1
holdout,0,0.7876405612498756,1
holdout,0,0.7769927355955817,1
holdout,0,0.7014628321225993,1
holdout,0,0.39685540849835804,1
holdout,0,0.0135336849437755,1
holdout,0,0.8970046770822967,0
holdout,0,0.7775898099313364,0
holdout,0,0.04318837695293064,0
holdout,0,0.7090257737088268,0
holdout,0,0.8447606727037517,1
holdout,0,0.13105781669817892,1
holdout,0,0.8068464523833218,1
holdout,0,0.941188177928152,0
holdout,0,0.8022688824758683,0
holdout,0,0.5181610110458752,1
holdout,0,0.8534182505721962,0
holdout,0,0.5273161508607822,1
holdout,0,0.10836899193949646,1
holdout,0,0.4658174942780376,0
holdout,0,0.9581052841078714,0
holdout,0,0.08896407602746542,1
holdout,0,0.9080505522937605,1
holdout,0,0.12956513085879193,1
holdout,1,0.27982883869041697,1
holdout,0,0.43407304209374065,1
holdout,0,0.6179719375062195,1
holdout,0,0.7965966762861977,0
holdout,0,0.9672604239227783,0
holdout,0,0.6269280525425416,1
holdout,0,0.2198228679470594,1
holdout,0,0.23793412279828838,0
holdout,0,0.7949049656682257,1
holdout,0,0.46332968454572593,1
holdout,0,0.45069161110558265,1
holdout,0,0.7359936312070853,1
holdout,0,0.16170763260025872,1
holdout,0,0.29545228380933425,0
holdout,0,0.24052144491989252,1
holdout,0,0.6844462135535874,1
holdout,0,0.4596477261419047,1
holdout,0,0.42163399343218233,1
holdout,0,0.9492486814608418,1
holdout,0,0.03005274156632501,1
holdout,0,0.3027166882276843,1
holdout,0,0.9223803363518758,0
holdout,0,0.46123992437058414,1
holdout,0,0.7346999701462832,1
holdout,0,0.33207284306896206,1
holdout,0,0.5539854711911633,1
holdout,0,0.33814309881580257,1
holdout,0,0.7092247984874117,1
holdout,0,0.2507712210170166,0
holdout,0,0.8731217036521047,1
holdout,0,0.079709423823266,0
holdout,0,0.05970743357548015,1
holdout,0,0.2544531794208379,1
holdout,0,0.10448800875709026,1
holdout,0,0.8937207682356454,0
holdout,0,0.24838292367399742,1
holdout,0,0.5583640163200319,1
holdout,0,0.5469200915513982,1
holdout,0,0.07781868842670912,1
holdout,0,0.583540650811026,1
holdout,0,0.4839287491292666,1
holdout,0,0.9786048363021196,0
holdout,0,0.4041198129167081,0
holdout,0,0.2024081998208777,1
holdout,0,0.7690317444521843,0
holdout,0,0.6991740471688725,0
holdout,0,0.31953428201811124,1
holdout,0,0.36371778286396655,1
holdout,0,0.36202607224599465,1
holdout,0,0.11105582645039308,1
holdout,0,0.4949746243407304,1
holdout,0,0.505124888048562,1
holdout,0,0.1206090158224699,1
holdout,0,0.9300427903273958,1
holdout,0,0.8469499452681859,1
holdout,0,0.9796994725843368,0
holdout,0,0.5133844163598368,1
holdout,0,0.7961986267290277,0
holdout,0,0.19802965469200914,0
holdout,0,0.9129266593690915,0
holdout,0,0.4826350880684645,1
holdout,0,0.7089262613195343,1
holdout,0,0.7036521046870335,1
holdout,0,0.8173947656483233,1
holdout,0,0.6969847746044383,1
holdout,0,0.2979400935416459,1
holdout,0,0.32341526520051744,1
holdout,0,0.3464026271270773,0
holdout,0,0.6291173251069758,0
holdout,0,0.41586227485321925,1
holdout,0,0.1055826450393074,1
holdout,0,0.8652602248979998,0
holdout,0,0.3299830828938203,1
holdout,0,0.0382127574883073,1
holdout,0,0.0974226291173251,0
holdout,0,0.4406408597870435,1
holdout,0,0.30261717583839187,1
holdout,0,0.7848542143496865,0
holdout,0,0.037217633595382625,0
holdout,0,0.7221614090954324,1
holdout,0,0.7949049656682257,1
holdout,0,0.28858592894815405,1
holdout,0,0.09105383620260722,0
holdout,0,0.5143795402527614,1
holdout,0,0.6122997313165489,1
holdout,0,0.8690416956911136,0
holdout,0,0.9251666832520649,1
holdout,0,0.6401632003184397,1
holdout,0,0.6934023285899095,0
holdout,0,0.34749726340929443,1
holdout,0,0.9406906159816897,0
holdout,0,0.8469499452681859,0
holdout,0,0.8428699373071947,0
holdout,0,0.15653298835705046,1
holdout,0,0.10528410787143,1
holdout,0,0.6169768136132948,0
holdout,0,0.5533883968554085,1
holdout,0,0.48343118718280426,1
holdout,0,0.314359637774903,1
holdout,0,0.482734600457757,0
holdout,0,0.4957707234550702,1
holdout,0,0.05582645039307394,1
holdout,0,0.13573489899492486,1
holdout,0,0.09393969549208876,1
holdout,0,0.5084087968952135,0
holdout,0,0.24728828739178027,1
holdout,0,0.651308587919196,1
holdout,0,0.9467608717285302,0
holdout,0,0.33336650412976415,1
holdout,0,0.2880883670016917,0
holdout,0,0.5953826251368295,1
holdout,0,0.7266394666135934,0
holdout,0,0.4337745049258633,1
holdout,0,0.709921385212459,1
holdout,0,0.2068862573390387,1
holdout,0,0.7626629515374664,1
holdout,0,0.9440740372176336,0
holdout,0,0.9748233655090058,1
holdout,0,0.30629913424221317,1
holdout,0,0.6789730321425017,1
holdout,0,0.45089063588416756,1
holdout,0,0.08876505124888048,1
holdout,0,0.5123892924669121,1
holdout,0,0.6693203303811325,1
holdout,0,0.9397950044780575,0
holdout,0,0.12399243705841377,1
holdout,0,0.030749328291372276,1
holdout,0,0.5322917703254055,1
holdout,0,0.15195541844959698,1
holdout,0,0.5540849835804558,1
holdout,0,0.7797790824957708,0
holdout,0,0.7896308090357249,0
holdout,0,0.03333665041297641,0
holdout,0,0.07761966364812418,1
holdout,0,0.9220817991839985,1
holdout,0,0.46810627923176434,1
holdout,0,0.13016220519454672,1
holdout,0,0.7410687630610011,1
holdout,0,0.33943675987660465,1
holdout,0,0.463130659767141,1
holdout,0,0.11215046273261021,0
holdout,0,0.26689222808239627,1
holdout,0,0.36610608020698576,1
holdout,0,0.40441835008458554,1
holdout,0,0.1621056821574286,1
holdout,0,0.4417354960692606,1
holdout,0,0.32500746342919695,1
holdout,0,0.07841576276246393,1
holdout,0,0.182008160015922,0
holdout,0,0.5936909145188576,0
holdout,0,0.7552990347298238,1
holdout,0,0.3020201015026371,1
holdout,0,0.9340232858990944,1
holdout,0,0.8403821275748831,0
holdout,0,0.6067270375161707,0
holdout,0,0.5056224499950244,1
holdout,0,0.29007861478754104,0
holdout,0,0.9074534779580058,0
holdout,0,0.8623743656085182,0
holdout,0,0.7031545427405712,1
holdout,0,0.09831824062095731,1
holdout,0,0.3328689421833018,1
holdout,0,0.5972733605333864,1
holdout,0,0.26808637675390584,0
holdout,0,0.3802368394865161,0
holdout,0,0.6439446711115534,1
holdout,0,0.34391481739476565,0
holdout,0,0.5291073738680466,0
holdout,0,0.9513384416359837,1
holdout,0,0.37058413772514676,0
holdout,0,0.2626131953428202,1
holdout,0,0.8558065479152155,0
holdout,0,0.4776594686038412,1
holdout,0,0.8115235346800677,0
holdout,0,0.28251567320131354,1
holdout,0,0.8995919992039009,0
holdout,0,0.5668225694098915,0
holdout,0,0.8067469399940292,0
holdout,0,0.8172952532590307,1
holdout,0,0.5533883968554085,1
holdout,0,0.8419743258035626,0
holdout,0,0.3125684147676386,0
holdout,0,0.4261120509503433,0
holdout,0,0.7957010647825654,1
holdout,0,0.8791919593989451,0
holdout,0,0.43845158722260924,1
holdout,0,0.03960593093840183,1
holdout,0,0.709722360433874,1
holdout,0,0.07562941586227485,1
holdout,0,0.3311772315653299,1
holdout,0,0.6143894914916908,0
holdout,0,0.7073340630908548,1
holdout,0,0.22430092546522043,0
holdout,0,0.3678973032142502,0
holdout,0,0.0908548114240223,0
holdout,0,0.5512986366802667,1
holdout,0,0.11632998308289381,1
holdout,0,0.3767539058612797,1
holdout,0,0.17842571400139318,1
holdout,0,0.19653696885262215,1
holdout,0,0.4261120509503433,0
holdout,0,0.621056821574286,0
holdout,0,0.53408299333267,1
holdout,0,0.013633197333067967,1
holdout,0,0.6181709622848045,1
holdout,0,0.48064484028261517,1
holdout,0,0.02477858493382426,0
holdout,0,0.04139715394566624,1
holdout,0,0.10000995123892925,1
holdout,0,0.5506020499552194,0
holdout,0,0.12707732112648024,1
holdout,0,0.5101005075131854,1
holdout,0,0.7440541347397751,1
holdout,0,0.9158125186585729,0
holdout,0,0.10528410787143,0
holdout,0,0.19703453079908448,1
holdout,0,0.8893422231067768,0
holdout,0,0.6525027365907056,1
holdout,0,0.23285899094437257,1
holdout,0,0.6713105781669818,0
holdout,0,0.3767539058612797,1
holdout,0,0.502139516369788,1
holdout,0,0.4912926659369091,1
holdout,0,0.5668225694098915,0
holdout,0,0.8866553885958802,0
holdout,0,0.7105184595482138,0
holdout,0,0.0950343317743059,1
holdout,0,0.38461538461538464,1
holdout,0,0.3654094934819385,0
holdout,0,0.6817593790426908,1
holdout,0,0.39058612797293263,1
holdout,0,0.041994228281421034,1
holdout,0,0.35575679172056923,1
holdout,0,0.034431286695193554,0
holdout,0,0.8760075629415862,1
holdout,0,0.6709125286098119,1
holdout,0,0.45347795800577173,0
holdout,0,0.037615683152552495,1
holdout,0,0.795402527614688,1
holdout,0,0.4628321225992636,1
holdout,0,0.7783859090456762,1
holdout,0,0.6025475171658872,0
holdout,0,0.45069161110558265,1
holdout,0,0.9326301124489998,1
holdout,0,0.681361329485521,0
holdout,0,0.06478256542939596,1
holdout,0,0.6489202905761767,1
holdout,0,0.9452681858891432,0
holdout,0,0.14479052642053936,1
holdout,0,0.5854313862075828,1
holdout,0,0.9554184495969749,0
holdout,0,0.9151159319335257,0
holdout,0,0.5221415066175739,0
holdout,0,0.3328689421833018,1
holdout,0,0.24738779978107275,1
holdout,0,0.6584734799482536,0
holdout,0,0.7791820081600159,0
holdout,0,0.9209871629017813,0
holdout,0,0.7619663648124192,0
holdout,0,0.3654094934819385,1
holdout,0,0.14966663349587023,1
holdout,0,0.06438451587222609,1
holdout,0,0.83461040899592,0
holdout,0,0.18986963877002686,1
holdout,0,0.01671808140113444,1
holdout,0,0.24937804756692208,1
holdout,0,0.6283212259926361,1
holdout,0,0.27545029356154843,0
holdout,0,0.6657378843666036,0
holdout,0,0.8459548213752612,0
holdout,0,0.1304607423624241,1
holdout,0,0.7690317444521843,0
holdout,0,0.3586426510100508,0
holdout,0,0.40053736690217934,0
holdout,0,0.430092546522042,0
holdout,0,0.753408299333267,0
holdout,0,0.7666434471091651,0
holdout,0,0.6427505224400438,1
holdout,0,0.213553587421634,0
holdout,0,0.7051447905264205,0
holdout,0,0.037516170763260026,1
holdout,0,0.2895810528410787,1
holdout,0,0.2884864165588616,0
holdout,0,0.345905065180615,1
holdout,0,0.11224997512190267,1
holdout,0,0.2652005174644243,0
holdout,0,0.5874216339934322,0
holdout,0,0.12737585829435766,1
holdout,0,0.47497263409294455,0
holdout,0,0.08946163797392775,1
holdout,0,0.6939994029256642,0
holdout,0,0.5775699074534779,1
holdout,0,0.7788834709921385,0
holdout,0,0.8342123594387502,0
holdout,0,0.7690317444521843,0
holdout,0,0.8177928152054931,1
holdout,0,0.12677878395860284,0
holdout,0,0.35535874216339935,1
holdout,0,0.1277739078515275,1
holdout,0,0.6179719375062195,1
holdout,0,0.03333665041297641,1
holdout,0,0.7313165489103394,0
holdout,0,0.33058015722957507,1
holdout,0,0.8166981789232759,0
holdout,0,0.9730321425017414,0
holdout,0,0.6534978604836302,0
holdout,0,0.5530898596875311,1
holdout,0,0.3948651607125087,1
holdout,0,0.7605731913623246,1
holdout,0,0.2607224599462633,1
holdout,0,0.8983978505323913,1
holdout,0,0.9429794009354164,0
holdout,0,0.4201413075927953,1
holdout,0,0.42123594387501245,0
holdout,0,0.8657577868444621,0
holdout,0,0.12797293263011245,1
holdout,0,0.8247586824559657,1
holdout,0,0.011543437157926162,0
holdout,0,0.03781470793113743,0
holdout,0,0.16270275649318341,0
holdout,0,0.41088665538859587,1
holdout,0,0.9188974027266394,0
holdout,0,0.43476962881878795,0
holdout,0,0.1753408299333267,0
holdout,0,0.8906358841675789,0
holdout,0,0.12976415563737687,0
holdout,0,0.07413673002288786,1
holdout,0,0.26301124489999006,1
holdout,0,0.21156333963578466,1
holdout,0,0.1224002388297343,1
holdout,0,0.8100308488406807,1
holdout,0,0.5726938003781471,1
holdout,0,0.5358742163399344,1
holdout,0,0.22848044581550403,1
holdout,0,0.13284903970544332,1
holdout,0,0.6426510100507513,1
holdout,0,0.3539655687133048,1
holdout,0,0.5195541844959698,1
holdout,0,0.09393969549208876,0
holdout,0,0.2874912926659369,1
holdout,0,0.5902079808936213,1
holdout,0,0.7714200417952035,0
holdout,0,0.8078415762762464,0
holdout,0,0.4682057916210568,0
holdout,0,0.6897203701860881,1
holdout,0,0.6278236640461737,1
holdout,0,0.30022887849537266,1
holdout,0,0.267688327196736,1
holdout,0,0.6050353268981988,1
holdout,0,0.2111652900786148,1
holdout,0,0.2772415165688128,1
holdout,0,0.7741068763061001,1
holdout,0,0.10647825654293959,1
holdout,0,0.9442730619962185,1
holdout,0,0.5193551597173848,1
holdout,0,0.7951039904468107,0
holdout,0,0.32620161210070653,1
holdout,0,0.9108368991939496,0
holdout,0,0.41456861379241716,1
holdout,0,0.5838391879789033,1
holdout,0,0.11782266892228083,1
holdout,0,0.9220817991839985,1
holdout,0,0.6902179321325504,0
holdout,0,0.7747039506418549,1
holdout,0,0.5769728331177232,0
holdout,0,0.8619763160513484,1
holdout,0,0.7026569807941089,1
holdout,0,0.1738481440939397,0
holdout,0,0.28818787939098417,0
holdout,0,0.8426709125286098,1
holdout,0,0.5508010747338044,0
holdout,0,0.7785849338242611,1
holdout,0,0.923275947855508,0
holdout,0,0.7303214250174147,1
holdout,0,0.5094039207881381,1
holdout,0,0.08926261319534282,1
holdout,0,0.8294357647527117,0
holdout,0,0.7507214648223703,1
holdout,0,0.4833316747935118,1
holdout,0,0.18330182107672405,0
holdout,0,0.41795203502836104,1
holdout,0,0.5963777490297542,1
holdout,0,0.6190665737884367,1
holdout,0,0.9581052841078714,0
holdout,0,0.9467608717285302,0
holdout,0,0.8500348293362524,0
holdout,0,0.6243407304209374,1
holdout,0,0.5794606428500348,0
holdout,0,0.9214847248482436,0
holdout,0,0.88705343815305,1
holdout,0,0.6482237038511295,1
holdout,0,0.7598766046372774,1
holdout,0,0.3086874315852324,0
holdout,0,0.47417653497860485,0
holdout,0,0.4336749925365708,1
holdout,0,0.8923275947855508,1
holdout,0,0.9223803363518758,1
holdout,0,0.5272166384714897,1
holdout,0,0.7605731913623246,1
holdout,0,0.34719872624141707,0
holdout,0,0.9685540849835804,0
holdout,0,0.9479550204000398,0
holdout,0,0.21902676883271968,1
holdout,0,0.4869141208080406,1
holdout,0,0.5057219623843169,0
holdout,0,0.9034729823863071,1
holdout,0,0.3502836103094835,0
holdout,0,0.6475271171260822,1
holdout,0,0.9762165389591004,1
holdout,0,0.47109165091053834,1
holdout,0,0.6690217932132551,0
holdout,0,0.8571002089760175,1
holdout,0,0.8764056124987561,0
holdout,0,0.327793810329386,1
holdout,0,0.7419643745646333,0
holdout,0,0.5392576375758782,1
holdout,0,0.7773907851527515,0
holdout,0,0.36819584038212755,0
holdout,0,0.10050751318539158,1
holdout,0,0.7610707533087869,1
holdout,0,0.9434769628818788,0
holdout,0,0.5083092845059209,1
holdout,0,0.10180117424619366,1
holdout,0,0.4351676783759578,1
holdout,0,0.9212857000696587,0
holdout,0,0.8268484426311076,0
holdout,0,0.9642750522440043,1
holdout,0,0.6064285003482933,1
holdout,0,0.9029754204398448,0
holdout,0,0.7467409692506717,0
holdout,0,0.5533883968554085,1
holdout,0,0.18260523435167678,1
holdout,0,0.5213454075032341,1
holdout,0,0.530699572096726,1
holdout,0,0.26748930241815105,1
holdout,0,0.8304308886456364,0
holdout,0,0.16190665737884366,1
holdout,0,0.5060204995521943,1
holdout,0,0.8783958602846055,1
holdout,0,0.7499253657080307,1
holdout,0,0.8651607125087073,1
holdout,0,0.7174843267986865,0
holdout,0,0.5344810428898398,1
holdout,0,0.7501243904866156,1
holdout,0,0.7921186187680366,1
holdout,0,0.35336849437755,1
holdout,0,0.45566723057020597,1
holdout,0,0.9666633495870236,0
holdout,0,0.9630809035724948,0
holdout,0,0.40521444919892524,0
holdout,0,0.24977609712409196,0
holdout,0,0.07304209374067071,1
holdout,0,0.5731913623246094,0
holdout,0,0.6147875410488606,1
holdout,0,0.7455468205791621,0
holdout,0,0.48233655090058714,1
holdout,0,0.21484724848243605,1
holdout,0,0.9418847646531994,1
holdout,0,0.040203005274156635,1
holdout,0,0.6776793710816996,1
holdout,0,0.4609413872027067,1
holdout,0,0.09911433973529704,1
holdout,0,0.6984774604438253,1
holdout,0,0.6196636481241915,1
holdout,0,0.2860981192158424,1
holdout,0,0.9224798487411683,0
holdout,0,0.06458354065081102,1
holdout,0,0.9773111752413175,1
holdout,0,0.5636381729525326,0
holdout,0,0.12498756095133844,1
holdout,0,0.9708428699373072,0
holdout,0,0.24261120509503434,1
holdout,0,0.5181610110458752,1
holdout,0,0.13245099014827347,1
holdout,0,0.15384615384615385,1
holdout,0,0.5359737287292268,1
holdout,0,0.6670315454274057,0
holdout,0,0.4522838093342621,1
holdout,0,0.6371778286396657,0
holdout,0,0.5965767738083392,1
holdout,0,0.6644442233058016,1
holdout,0,0.3636182704746741,0
holdout,0,0.007363916807642552,1
holdout,0,0.6782764454174545,1
holdout,0,0.5901084685043287,1
holdout,0,0.9855707035525924,1
holdout,0,0.8849636779779082,1
holdout,0,0.9730321425017414,1
holdout,0,0.2757488307294258,1
holdout,0,0.5933923773509802,1
holdout,0,0.46054333764553684,1
holdout,0,0.8016718081401134,1
holdout,0,0.7407702258931237,1
holdout,0,0.7679371081699672,1
holdout,0,0.6923076923076923,1
holdout,0,0.7217633595382625,1
holdout,0,0.5988655587620659,0
holdout,0,0.7288287391780277,1
holdout,0,0.9470594088964076,1
holdout,0,0.9076525027365907,1
holdout,0,0.5729923375460245,1
holdout,0,0.49756194646233454,1
holdout,0,0.3118718280425913,1
holdout,0,0.8369987063389392,0
holdout,0,0.903871031943477,0
holdout,0,0.7643546621554383,1
holdout,0,0.8696387700268683,0
holdout,0,0.736789730321425,1
holdout,0,0.6881281719574087,1
holdout,0,0.8918300328390885,0
holdout,0,0.8454572594287989,1
holdout,0,0.08189869638770027,1
holdout,0,0.9112349487511195,0
holdout,0,0.9858692407204697,1
holdout,0,0.66922081799184,1
holdout,0,0.3841178226689223,1
holdout,0,0.655587620658772,1
holdout,0,0.15832421136431485,1
holdout,0,0.7566922081799184,1
holdout,0,0.10637874415364713,0
holdout,0,0.6951935515971739,0
holdout,0,0.9040700567220619,0
holdout,0,0.21365309981092645,0
holdout,0,0.5670215941884764,1
holdout,0,0.9541247885361728,1
holdout,0,0.9579062593292865,0
holdout,0,0.11563339635784656,0
holdout,0,0.27525126878296347,1
holdout,0,0.8536172753507811,1
holdout,0,0.5084087968952135,1
holdout,0,0.7817693302816201,0
holdout,0,0.7225594586526023,0
holdout,0,0.5615484127773908,1
holdout,0,0.5568713304806449,1
holdout,0,0.7785849338242611,0
holdout,0,0.5541844959697483,1
holdout,0,0.9722360433874018,1
holdout,0,0.79709423823266,0
holdout,0,0.06846452383321723,0
holdout,0,0.8924271071748433,1
holdout,0,0.7470395064185491,1
holdout,0,0.9762165389591004,1
holdout,0,0.11294656184694994,0
holdout,0,0.7908249577072346,0
holdout,0,0.4034232261916609,1
holdout,0,0.23952632102696786,1
holdout,0,0.04348691412080804,1
holdout,0,0.3480943377450493,0
holdout,0,0.9978107274355658,0
holdout,0,0.5732908747139018,1
holdout,0,0.7466414568613793,0
holdout,0,0.4432281819086476,1
holdout,0,0.903871031943477,0
holdout,0,0.7572892825156732,1
holdout,0,0.748731217036521,1
holdout,0,0.03283908846651408,1
holdout,0,0.7202706736988755,1
holdout,0,0.9568116230470693,0
holdout,0,0.8514280027863469,0
holdout,0,0.3134640262712708,1
holdout,0,0.6457358941188178,1
holdout,0,0.938202806249378,0
holdout,0,0.7641556373768534,1
holdout,0,0.2848044581550403,0
holdout,0,0.6475271171260822,1
holdout,0,0.5143795402527614,1
holdout,0,0.7262414170564235,1
holdout,0,0.4531794208378943,0
holdout,0,0.9229774106876306,1
holdout,0,0.5082097721166285,0
holdout,0,0.0043785451288685445,1
holdout,0,0.631505622449995,1
holdout,0,0.09015822469897503,0
holdout,0,0.8398845656284207,1
holdout,0,0.9483530699572097,0
holdout,0,0.09573091849935317,0
holdout,0,0.7494278037615684,1
holdout,0,0.29037715195541847,1
holdout,0,0.9761170265698079,1
holdout,0,0.5437356950940392,1
holdout,0,0.08259528311274754,1
holdout,0,0.7249477559956214,0
holdout,0,0.23047069360135336,1
holdout,0,0.44312866951935515,1
holdout,0,0.941586227485322,1
holdout,0,0.5533883968554085,1
holdout,0,0.23892924669121304,0
holdout,0,0.37645536869340235,0
holdout,0,0.5601552393272963,1
holdout,0,0.3154542740571201,0
holdout,0,0.6480246790725446,1
holdout,0,0.03035127873420241,1
holdout,0,0.43715792616180715,1
holdout,0,0.9891531495671211,1
holdout,0,0.9575082097721166,0
holdout,0,0.8909344213354563,0
holdout,0,0.46790725445317943,1
holdout,0,0.06448402826151856,1
holdout,0,0.8777987859488506,0
holdout,0,0.5364712906756891,1
holdout,0,0.26987759976117026,1
holdout,0,0.7555975718977013,1
holdout,0,0.48681460841874813,1
holdout,0,0.5860284605433377,1
holdout,0,0.6042392277838591,1
holdout,0,0.8400835904070056,0
holdout,0,0.3078913324708926,1
holdout,0,0.7336053338640661,1
holdout,0,0.6730022887849537,1
holdout,0,0.46691213056025477,0
holdout,0,0.6726042392277839,1
holdout,0,0.2291770325405513,1
holdout,0,0.7817693302816201,0
holdout,0,0.42123594387501245,0
holdout,0,0.4746740969250672,1
holdout,0,0.30450791123494875,1
holdout,0,0.9076525027365907,1
holdout,0,0.7473380435864265,1
holdout,0,0.31654891033933724,1
holdout,0,0.3720768235645338,1
holdout,0,0.22440043785451289,1
holdout,0,0.3436162802268882,1
holdout,0,0.3368494377550005,1
holdout,0,0.26141904667131055,0
holdout,0,0.8499353169469599,1
holdout,0,0.42163399343218233,1
holdout,0,0.6183699870633894,1
holdout,0,0.9754204398447607,0
holdout,0,0.9726340929445716,1
holdout,0,0.052642053935715,0
holdout,0,0.6084187481341427,1
holdout,0,0.8924271071748433,0
holdout,0,0.27594785550801076,1
holdout,0,0.8853617275350781,1
holdout,0,0.3987461438949149,1
holdout,0,0.891929545228381,0
holdout,0,0.19574086973828242,0
holdout,0,0.7043486914120808,1
holdout,0,0.9653696885262215,0
holdout,0,0.9819882575380635,1
holdout,0,0.6989750223902876,0
holdout,0,0.30480644840282617,1
holdout,0,0.2925664245198527,0
holdout,0,0.4139715394566624,1
holdout,0,0.41427007662453974,1
holdout,0,0.918598865558762,0
holdout,0,0.9782067867449498,0
holdout,0,0.8796895213454075,0
holdout,0,0.7884366603642153,0
holdout,0,0.15573688924271073,1
holdout,0,0.9795999601950443,0
holdout,0,0.7072345507015624,1
holdout,0,0.9029754204398448,0
holdout,0,0.2700766245397552,1
holdout,0,0.4372574385510996,1
holdout,0,0.029157130062692806,1
holdout,0,0.5047268384913922,1
holdout,0,0.6386705144790527,1
holdout,0,0.5759777092247985,0
holdout,0,0.8236640461737487,1
holdout,0,0.3301821076724052,1
holdout,0,0.431585232361429,1
holdout,0,0.4389491491690716,1
holdout,0,0.14160612996318042,1
holdout,0,0.27077321126480247,0
holdout,0,0.21922579361130462,1
holdout,0,0.3255050253756593,1
holdout,0,0.47566922081799184,0
holdout,0,0.2893820280624938,1
holdout,0,0.9248681460841874,0
holdout,0,0.47984874116827547,0
holdout,0,0.8772017116130958,1
holdout,0,0.9708428699373072,1
holdout,0,0.7766941984277043,1
holdout,0,0.8136132948552095,0
holdout,0,0.3599363120708528,1
holdout,0,0.025276146880286596,1
holdout,0,0.3142601253856105,1
holdout,0,0.4923873022191263,1
holdout,0,0.816499154144691,0
holdout,0,0.675191561349388,1
holdout,0,0.8822768434670116,0
holdout,0,0.22051945467210668,0
holdout,0,0.04995521942481839,1
holdout,0,0.5113941685739875,1
holdout,0,0.9513384416359837,1
holdout,0,0.6268285401532491,0
holdout,0,0.6630510498557071,0
holdout,0,0.8193850134341726,1
holdout,0,0.2159418847646532,0
holdout,0,0.7467409692506717,1
holdout,0,0.9069559160115435,0
holdout,0,0.06577768932232063,1
holdout,0,0.49288486416558863,1
holdout,0,0.3224201413075928,0
holdout,0,0.871927554980595,0
holdout,0,0.8954124788536173,1
holdout,0,0.9793014230271668,0
holdout,0,0.9570106478256543,0
holdout,0,0.7587819683550602,1
holdout,0,0.9954224300925465,1
holdout,0,0.927754005373669,1
holdout,0,0.7821673798387899,1
holdout,0,0.3599363120708528,0
holdout,0,0.6344909941287691,0
holdout,0,0.6101104587521147,0
holdout,0,0.8645636381729526,1
holdout,0,0.023982485819484527,1
holdout,0,0.720171161309583,1
holdout,0,0.8504328788934222,1
holdout,0,0.7359936312070853,1
holdout,0,0.38481440939396955,1
holdout,0,0.9082495770723455,0
holdout,0,0.9953229177032541,1
holdout,0,0.9604935814508906,0
holdout,0,0.44710916509105386,1
holdout,0,0.9710418947158921,0
holdout,0,0.9040700567220619,1
holdout,0,0.10160214946760872,1
holdout,0,0.5945865260224898,0
holdout,0,0.21425017414668127,1
holdout,0,0.8175937904269082,0
holdout,0,0.8377948054532789,1
holdout,0,0.46790725445317943,1
holdout,0,0.9900487610707533,1
holdout,0,0.0625932928649617,0
holdout,0,0.16787740073639168,1
holdout,0,0.9569111354363619,1
holdout,0,0.4973629216837496,1
holdout,0,0.7637575878196835,1
holdout,0,0.40611006070255745,1
holdout,0,0.7881381231963379,0
holdout,0,0.25932928649616876,1
holdout,0,0.6459349188974027,1
holdout,0,0.24400437854512888,0
holdout,0,0.031047865459249677,1
holdout,0,0.2803264006368793,1
holdout,0,0.6900189073539655,1
holdout,0,0.19116329983082894,1
holdout,0,0.9456662354463131,0
holdout,0,0.7766941984277043,1
holdout,0,0.63170464722858,1
holdout,0,0.7679371081699672,1
holdout,0,0.4694994526818589,1
holdout,0,0.017116130958304308,1
holdout,0,0.5367698278435665,1
holdout,0,0.9719375062195243,1
holdout,0,0.44044183500845857,1
holdout,0,0.3579460642850035,1
holdout,0,0.07284306896208578,1
holdout,0,0.6009553189372077,1
holdout,0,0.49069559160115434,1
holdout,0,0.9559160115434372,0
holdout,0,0.36819584038212755,1
holdout,0,0.9507413673002288,1
holdout,0,0.41944472086774803,0
holdout,0,0.8327196735993632,1
holdout,0,0.4796497163896905,1
holdout,0,0.02318638670514479,1
holdout,0,0.43476962881878795,1
holdout,0,0.83461040899592,1
holdout,0,0.7346004577569908,0
holdout,0,0.49029754204398446,0
holdout,0,0.876803662055926,0
holdout,0,0.7794805453278933,0
holdout,0,0.8791919593989451,0
holdout,0,0.8793909841775301,1
holdout,0,0.4867150960294557,1
holdout,0,0.28579958204796496,1
holdout,0,0.3386406607622649,1
holdout,0,0.04139715394566624,1
holdout,0,0.09782067867449497,1
holdout,0,0.935217434570604,0
holdout,0,0.2288784953726739,1
holdout,0,0.05891133446114041,0
holdout,0,0.8281421036919097,1
holdout,0,0.6855408498358045,1
holdout,0,0.09214847248482436,1
holdout,0,0.5345805552791323,1
holdout,0,0.9767141009055628,0
holdout,0,0.7319136232460941,1
holdout,0,0.4700965270176137,0
holdout,0,0.47477360931435963,0
holdout,0,0.7823664046173748,0
holdout,0,0.318638670514479,1
holdout,0,0.2927654492984377,0
holdout,0,0.40053736690217934,1
holdout,0,0.703950641854911,1
holdout,0,0.9450691611105583,1
holdout,0,0.7977908249577073,0
holdout,0,0.9746243407304209,0
holdout,0,0.009553189372076824,0
holdout,0,0.46213553587421635,0
holdout,0,0.6689222808239625,1
holdout,0,0.07931137426609614,1
holdout,0,0.031346402627127075,1
holdout,0,0.2000199024778585,1
holdout,0,0.9485520947357946,0
holdout,0,0.9542243009254652,1
holdout,0,0.44700965270176135,1
holdout,0,0.9937307194745746,0
holdout,0,0.12886854413374466,1
holdout,0,0.8619763160513484,1
holdout,0,0.7753010249776097,0
holdout,0,0.7200716489202906,1
holdout,0,0.08587919195939894,1
holdout,0,0.38660563240123397,1
holdout,0,0.9599960195044283,1
holdout,0,0.580356254353667,1
holdout,0,0.6515076126977809,1
holdout,0,0.8496367797790825,0
holdout,0,0.36441436958901385,1
holdout,0,0.7441536471290676,1
holdout,0,0.4723853119713404,1
holdout,0,0.4372574385510996,1
holdout,0,0.23992437058413774,0
holdout,0,0.11593193352572395,0
holdout,0,0.37904269081500647,1
holdout,0,0.8281421036919097,1
holdout,0,0.9028759080505523,1
holdout,0,0.505124888048562,1
holdout,0,0.9362125584635287,0
holdout,0,0.7742063886953926,0
holdout,0,0.8377948054532789,0
holdout,0,0.3885958801870833,1
holdout,0,0.8990944372574385,0
holdout,0,0.7747039506418549,0
holdout,0,0.947357946064285,0
holdout,0,0.745745845357747,1
holdout,0,0.46920091551398146,0
holdout,0,0.6882276843467011,0
holdout,0,0.4529803960593094,1
holdout,0,0.3677977908249577,0
holdout,0,0.3040103492884864,1
holdout,0,0.8352074833316748,0
holdout,0,0.13633197333067967,0
holdout,0,0.1882774405413474,1
holdout,0,0.9375062195243308,0
holdout,0,0.5326898198825754,1
holdout,0,0.731018011742462,1
holdout,0,0.03273957607722162,1
holdout,0,0.47696288187879393,1
holdout,0,0.6584734799482536,1
holdout,0,0.7313165489103394,1
holdout,0,0.9721365309981093,0
holdout,0,0.03831226987759976,1
holdout,0,0.7014628321225993,1
holdout,0,0.8790924470096527,0
holdout,0,0.21375261220021893,1
holdout,0,0.7988854612399243,0
holdout,0,0.8985968753109762,0
holdout,0,0.4748731217036521,1
holdout,0,0.7444521842969449,1
holdout,0,0.7765946860384118,0
holdout,0,0.9121305602547517,0
holdout,0,0.32042989352174345,0
holdout,0,0.7699273559558165,1
holdout,0,0.5892128570006966,1
holdout,0,0.10966265300029854,0
holdout,0,0.937108169967161,0
holdout,0,0.9456662354463131,0
holdout,0,0.8690416956911136,0
holdout,0,0.9076525027365907,0
holdout,0,0.1659866653398348,1
holdout,0,0.9379042690815006,0
holdout,0,0.7551000099512389,0
holdout,0,0.5359737287292268,1
holdout,0,0.5208478455567718,1
holdout,0,0.38053537665439346,0
holdout,0,0.03890934421335456,0
holdout,0,0.34968653597372873,1
holdout,0,0.12190267688327197,1
holdout,0,0.2857000696586725,1
holdout,0,0.5555776694198428,1
holdout,0,0.40521444919892524,1
holdout,0,0.7823664046173748,1
holdout,0,0.7211662852025077,0
holdout,0,0.8581948452582346,0
holdout,0,0.5715991640959299,1
holdout,0,0.5558762065877202,1
holdout,0,0.8848641655886158,0
holdout,0,0.6915115931933525,1
holdout,0,0.22430092546522043,1
holdout,0,0.7946064285003482,0
holdout,0,0.882774405413474,1
holdout,0,0.9877599761170266,0
holdout,0,0.5141805154741765,1
holdout,0,0.12916708130162205,1
holdout,0,0.5779679570106478,0
holdout,0,0.821176236441437,1
holdout,0,0.8442631107572893,1
holdout,0,0.42123594387501245,1
holdout,0,0.9948253557567918,0
holdout,0,0.3632202209175042,0
holdout,0,0.2839088466514081,0
holdout,0,0.9590008956115036,0
holdout,0,0.9300427903273958,0
holdout,0,0.947357946064285,1
holdout,0,0.831625037317146,1
holdout,0,0.7377848542143497,1
holdout,0,0.9392974425315952,0
holdout,0,0.7248482436063289,1
holdout,0,0.9113344611404119,1
holdout,0,0.6075231366305105,1
holdout,0,0.8937207682356454,0
holdout,0,0.9239725345805553,1
holdout,0,0.4303910836899194,1
holdout,0,0.37963976515076125,1
holdout,0,0.5084087968952135,0
holdout,0,0.8147079311374266,1
holdout,0,0.0517464424320828,0
holdout,0,0.9147178823763559,1
holdout,0,0.02875908050552294,1
holdout,0,0.6196636481241915,1
holdout,0,0.30192058911334463,1
holdout,0,0.508110259727336,1
holdout,0,0.5347795800577172,1
holdout,0,0.6260324410389093,1
holdout,0,0.8890436859388994,0
holdout,0,0.46531993233157526,0
holdout,0,0.5860284605433377,1
holdout,0,0.7462434073042093,1
holdout,0,0.8479450691611106,0
holdout,0,0.8808836700169171,0
holdout,0,0.3466016519056623,0
holdout,0,0.2927654492984377,0
holdout,0,0.5128868544133744,1
holdout,0,0.6618569011841975,0
holdout,0,0.9953229177032541,1
holdout,0,0.6822569409891531,1
holdout,0,0.9379042690815006,0
holdout,0,0.22051945467210668,1
holdout,0,0.866354861180217,1
holdout,0,0.46939994029256643,1
holdout,0,0.5945865260224898,1
holdout,0,0.8628719275549805,1
holdout,0,0.5830430888645637,1
holdout,0,0.9492486814608418,0
holdout,0,0.9856702159418848,0
holdout,0,0.17434570604040203,0
holdout,0,0.32620161210070653,1
holdout,0,0.36431485719972134,1
holdout,0,0.502139516369788,1
holdout,0,0.5389591004080008,1
holdout,0,0.46531993233157526,1
holdout,0,0.8367996815603542,1
holdout,0,0.4303910836899194,1
holdout,0,0.9741267787839586,0
holdout,0,0.44372574385511,0
holdout,0,0.2964474077022589,0
holdout,0,0.339934321823067,1
holdout,0,0.18111254851228978,1
holdout,0,0.906657378843666,0
holdout,0,0.12837098218728232,0
holdout,0,0.39685540849835804,1
holdout,0,0.8138123196337944,0
holdout,0,0.9385013434172554,0
holdout,0,0.5347795800577172,1
holdout,0,0.3597372872922679,0
holdout,0,0.8774007363916808,0
holdout,0,0.5718977012638073,0
holdout,0,0.5815504030251767,0
holdout,0,0.32500746342919695,1
holdout,0,0.7814707931137427,0
holdout,0,0.8428699373071947,1
holdout,0,0.6283212259926361,0
holdout,0,0.45347795800577173,1
holdout,0,0.705244302915713,0
holdout,0,0.7420638869539258,0
holdout,0,0.8318240620957309,0
holdout,0,0.5467210667728132,0
holdout,0,0.8111254851228978,0
holdout,0,0.9631804159617873,1
holdout,0,0.7051447905264205,1
holdout,0,0.079709423823266,1
holdout,0,0.16369788038610808,0
holdout,0,0.6457358941188178,1
holdout,0,0.1593193352572395,1
holdout,0,0.7937108169967161,0
holdout,0,0.9611901681759379,0
holdout,0,0.685839387003682,1
holdout,0,0.7794805453278933,0
holdout,0,0.4736789730321425,1
holdout,0,0.7345009453676983,0
holdout,0,0.9746243407304209,1
holdout,0,0.42899791023982486,0
holdout,0,0.6353866056324012,0
holdout,0,0.4523833217235546,1
holdout,0,0.09901482734600457,1
holdout,0,0.4837297243506817,1
holdout,0,0.6108070454771619,1
holdout,0,0.8584933824261121,0
holdout,0,0.1317544034232262,1
holdout,0,0.4489003880983182,1
holdout,0,0.39476564832321626,1
holdout,0,0.960792118618768,0
holdout,0,0.9786048363021196,0
holdout,0,0.4775599562145487,1
holdout,0,0.523435167678376,1
holdout,0,0.4925863269977112,1
holdout,0,0.9745248283411285,0
holdout,0,0.4600457756990745,1
holdout,0,0.9711414071051846,1
holdout,0,0.3119713404318838,0
holdout,0,0.007164892029057617,0
holdout,0,0.6558861578266494,1
holdout,0,0.0829933326699174,1
holdout,0,0.8562045974723853,0
holdout,0,0.17434570604040203,1
holdout,0,0.42123594387501245,0
holdout,0,0.20459747238531198,0
holdout,0,0.6636481241914618,1
holdout,0,0.9630809035724948,1
holdout,0,0.24032242014130759,1
holdout,0,0.488705343815305,1
holdout,0,0.18758085381630013,0
holdout,0,0.034431286695193554,0
holdout,0,0.672206189670614,0
holdout,0,0.5983679968156036,1
holdout,0,0.3780475669220818,0
holdout,0,0.46382724649218826,1
holdout,0,0.7208677480346303,0
holdout,0,0.6129963180415962,1
holdout,0,0.7823664046173748,0
holdout,0,0.06906159816897203,1
holdout,0,0.6170763260025873,1
holdout,0,0.02965469200915514,1
holdout,0,0.9251666832520649,1
holdout,0,0.9418847646531994,0
holdout,0,0.9796994725843368,0
holdout,0,0.9137227584834312,0
holdout,0,0.6601651905662255,1
holdout,0,0.24689023783461042,0
holdout,0,0.9436759876604637,0
holdout,0,0.8034630311473778,1
holdout,0,0.8528211762364415,0
holdout,0,0.6519056622549507,1
holdout,0,0.3509801970345308,0
holdout,0,0.9786048363021196,1
holdout,0,0.5601552393272963,1
holdout,0,0.9866653398348094,0
holdout,0,0.3179420837894318,1
holdout,0,0.6457358941188178,1
holdout,0,0.8538163001293662,0
holdout,0,0.9075529903472982,0
holdout,0,0.739775102000199,1
holdout,0,0.336749925365708,0
holdout,0,0.8356055328888446,0
holdout,0,0.7275350781172256,0
holdout,0,0.3792417155935914,0
holdout,0,0.921584237237536,1
holdout,0,0.7368892427107174,1
holdout,0,0.15115931933525725,1
holdout,0,0.42790327395760774,1
holdout,0,0.5299034729823863,1
holdout,0,0.9887551000099513,0
holdout,0,0.1224002388297343,0
holdout,0,0.6713105781669818,1
holdout,0,0.48432679868643647,1
holdout,0,0.9338242611205095,0
holdout,0,0.9484525823465021,1
holdout,0,0.926460344312867,0
holdout,0,0.7785849338242611,1
holdout,0,0.4336749925365708,1
holdout,0,0.6276246392675888,1
holdout,0,0.8193850134341726,1
holdout,0,0.4186486217534083,1
holdout,0,0.5816499154144691,1
holdout,0,0.7141009055627425,1
holdout,0,0.23076923076923078,1
holdout,0,0.011543437157926162,1
holdout,0,0.13483928749129268,1
holdout,0,0.7221614090954324,1
holdout,0,0.2373370484625336,1
holdout,0,0.868942183301821,0
holdout,0,0.46601651905662256,1
holdout,0,0.4845258234650214,1
holdout,0,0.5978704348691412,1
holdout,0,0.6814608418748134,1
holdout,0,0.5154741765349786,1
holdout,0,0.6065280127375858,1
holdout,0,0.6964872126579759,1
holdout,0,0.8318240620957309,0
holdout,0,0.1305602547517166,1
holdout,0,0.30430888645636384,1
holdout,0,0.2835107970942382,1
holdout,0,0.4335754801472783,1
holdout,0,0.9105383620260723,0
holdout,0,0.3124689023783461,0
holdout,0,0.8044581550403025,1
holdout,0,0.28261518559060606,1
holdout,0,0.07105184595482138,1
holdout,0,0.9840780177132052,0
holdout,0,0.7506219524330779,1
holdout,0,0.9632799283510797,0
holdout,0,0.3453079908448602,1
holdout,0,0.5738879490496567,1
holdout,0,0.48681460841874813,1
holdout,0,0.31684744750721466,1
holdout,0,0.908349089461638,0
holdout,0,0.0261717583839188,1
holdout,0,0.505124888048562,1
holdout,0,0.6103094835306996,1
holdout,0,0.05274156632500746,0
holdout,0,0.3365509005871231,1
holdout,0,0.31923574485023387,1
holdout,0,0.14837297243506817,1
holdout,0,0.5974723853119713,1
holdout,0,0.7377848542143497,1
holdout,0,0.2908747139018808,0
holdout,0,0.6893223206289183,1
holdout,0,0.22032042989352174,1
holdout,0,0.9112349487511195,0
holdout,0,0.19932331575281123,1
holdout,0,0.8053537665439348,1
holdout,0,0.37426609612896805,0
holdout,0,0.34650213951636977,1
holdout,0,0.6345905065180615,1
holdout,0,0.6021494676087172,0
holdout,0,0.34988556075231364,1
holdout,0,0.6320031843964573,1
holdout,0,0.4098915314956712,1
holdout,0,0.8789929346203602,0
holdout,0,0.20370186088167977,1
holdout,0,0.6223504826350881,1
holdout,0,0.41626032441038907,0
holdout,0,0.41257836600656783,0
holdout,0,0.14926858393870038,1
holdout,0,0.31684744750721466,1
holdout,0,0.48124191461837,1
holdout,0,0.7108169967160911,1
holdout,0,0.008558065479152154,1
holdout,0,0.882774405413474,0
holdout,0,0.18797890337347,1
holdout,0,0.3265996616578764,0
holdout,0,0.06110060702557468,1
holdout,0,0.3436162802268882,1
holdout,0,0.03333665041297641,1
holdout,0,0.6833515772713703,1
holdout,0,0.33276942979400936,1
holdout,0,0.3780475669220818,1
holdout,0,0.6064285003482933,0
holdout,0,0.2757488307294258,1
holdout,0,0.8998905363717783,0
holdout,0,0.2716688227684347,1
holdout,0,0.6514081003084884,1
holdout,0,0.9169071549407901,0
holdout,0,0.17762961488705345,0
holdout,0,0.4073042093740671,1
holdout,0,0.544332769429794,1
holdout,0,0.3469997014628321,1
holdout,0,0.49029754204398446,1
holdout,0,0.32132550502537566,0
holdout,0,0.9526321026967858,1
holdout,0,0.0929445715991641,1
holdout,0,0.9333266991740472,0
holdout,0,0.921584237237536,1
holdout,0,0.3423226191660862,1
holdout,0,0.3747636580754304,1
holdout,0,0.35685142800278635,1
holdout,0,0.20987162901781273,0
holdout,0,0.18270474674096926,1
holdout,0,0.13115732908747138,1
holdout,0,0.20201015026370783,0
holdout,0,0.517265399542243,1
holdout,0,0.09463628221713603,1
holdout,0,0.5918996915115932,1
holdout,0,0.09971141407105184,1
holdout,0,0.523435167678376,1
holdout,0,0.41218031644939795,1
holdout,0,0.5184595482137526,0
holdout,0,0.8107274355657279,0
holdout,0,0.5871230968255547,1
holdout,0,0.9248681460841874,1
holdout,0,0.15563737685341825,1
holdout,0,0.015324907951039905,0
holdout,0,0.23017215643347597,1
holdout,0,0.12916708130162205,0
holdout,0,0.2526619564135735,1
holdout,0,0.8500348293362524,1
holdout,0,0.5308985968753109,0
holdout,0,0.4790526420539357,1
holdout,0,0.9528311274753707,0
holdout,0,0.33764553686934023,0
holdout,0,0.045576674295949846,0
holdout,0,0.9325306000597074,1
holdout,0,0.026967857498258533,1
holdout,0,0.6196636481241915,0
holdout,0,0.2249975121902677,1
holdout,0,0.5030351278734202,0
holdout,0,0.3726738979002886,1
holdout,0,0.9000895611503632,0
holdout,0,0.3334660165190566,1
holdout,0,0.7693302816200617,0
holdout,0,0.24838292367399742,1
holdout,0,0.025574684048163997,0
holdout,0,0.7741068763061001,0
holdout,0,0.9057617673400339,0
holdout,0,0.9645735894118818,1
holdout,0,0.4730818986963877,0
holdout,0,0.7867449497462434,1
holdout,0,0.18847646531993234,0
holdout,0,0.9442730619962185,0
holdout,0,0.9434769628818788,0
holdout,0,0.1973330679669619,1
holdout,0,0.8167976913125684,1
holdout,0,0.90964275052244,0
holdout,0,0.918598865558762,0
holdout,0,0.12578366006567818,1
holdout,0,0.8118220718479451,0
holdout,0,0.3649119315354762,1
holdout,0,0.38003781470793113,0
holdout,0,0.500845855308986,0
holdout,0,0.24350681659866655,1
holdout,0,0.6276246392675888,1
holdout,0,0.7479351179221813,1
holdout,0,0.891730520449796,0
holdout,0,0.9359140212956513,0
holdout,0,0.14986565827445517,1
holdout,0,0.9339237735098019,0
holdout,0,0.08637675390586128,1
holdout,0,0.8048562045974724,1
holdout,0,0.9427803761568315,0
holdout,0,0.1912628122201214,0
holdout,0,0.024679072544531794,0
holdout,0,0.22071847945069162,1
holdout,0,0.5151756393671012,1
holdout,0,0.07214648223703851,0
holdout,0,0.45934918897402727,1
holdout,0,0.6385710020897601,1
holdout,0,0.9847746044382526,0
holdout,0,0.8377948054532789,1
holdout,0,0.356353866056324,0
holdout,0,0.11722559458652602,0
holdout,0,0.8153050054731814,0
holdout,0,0.13792417155935913,0
holdout,0,0.07463429196935019,1
holdout,0,0.7555975718977013,0
holdout,0,0.03005274156632501,1
holdout,0,0.2303711812120609,1
holdout,0,0.6064285003482933,0
holdout,0,0.8929246691213056,1
holdout,0,0.8221713603343617,1
holdout,0,0.06110060702557468,1
holdout,0,0.9425813513782466,1
holdout,0,0.7499253657080307,1
holdout,0,0.6715096029455667,1
holdout,0,0.7895312966464325,1
holdout,0,0.9315354761667828,0
holdout,0,0.5963777490297542,1
holdout,0,0.03373469997014628,1
holdout,0,0.21584237237536072,1
holdout,0,0.5644342720668724,1
holdout,0,0.8690416956911136,1
holdout,0,0.8068464523833218,1
holdout,0,0.4183500845855309,1
holdout,0,0.380435864265101,0
holdout,0,0.3674992536570803,1
holdout,0,0.6988755100009951,0
holdout,0,0.46382724649218826,0
holdout,0,0.7995820479649717,0
holdout,0,0.9726340929445716,1
holdout,0,0.31654891033933724,1
holdout,0,0.3261020997114141,1
holdout,0,0.5260224897999801,1
holdout,0,0.2703751617076326,1
holdout,0,0.9711414071051846,0
holdout,0,0.8981988257538064,0
holdout,0,0.5923972534580555,0
holdout,0,0.9440740372176336,0
holdout,0,0.3599363120708528,0
holdout,0,0.7148970046770823,1
holdout,0,0.5691113543636183,1
holdout,0,0.23076923076923078,1
holdout,0,0.5020400039804955,1
holdout,0,0.4366603642153448,1
holdout,0,0.9543238133147577,1
holdout,0,0.8926261319534282,0
holdout,0,0.484227286297144,1
holdout,0,0.6058314260125386,0
holdout,0,0.9678574982585332,1
holdout,0,0.05990645835406508,0
holdout,0,0.33336650412976415,1
holdout,0,0.7398746143894915,1
holdout,0,0.26838491392178326,1
holdout,0,0.11593193352572395,1
holdout,0,0.2989352174345706,1
holdout,0,0.658772017116131,1
holdout,0,0.5176634490994129,0
holdout,0,0.8672504726838491,0
holdout,0,0.8451587222609215,1
holdout,0,0.15354761667827643,1
holdout,0,0.2646034431286695,0
holdout,0,0.8567021594188476,0
holdout,0,0.6761866852423126,0
holdout,0,0.5842372375360733,1
holdout,0,0.8068464523833218,0
holdout,0,0.5599562145487114,1
holdout,0,0.8468504328788934,0
holdout,0,0.015225395561747438,1
holdout,0,0.430092546522042,0
holdout,0,0.2815205493083889,1
holdout,0,0.7304209374067071,1
holdout,0,0.39795004478057516,1
holdout,0,0.5691113543636183,1
holdout,0,0.5541844959697483,1
holdout,0,0.914518857597771,0
holdout,0,0.9867648522241019,0
holdout,0,0.930739377052443,0
holdout,0,0.9082495770723455,0
holdout,0,0.7364911931535476,1
holdout,0,0.45915016419544236,1
holdout,0,0.27982883869041697,1
holdout,0,0.8148074435267191,0
holdout,0,0.9103393372474873,0
holdout,0,0.6546920091551398,1
holdout,0,0.8744153647129067,0
holdout,0,0.7407702258931237,1
holdout,0,0.1350383122698776,0
holdout,0,0.13673002288784955,1
holdout,0,0.47716190665737884,0
holdout,0,0.8342123594387502,0
holdout,0,0.16519056622549508,0
holdout,0,0.07413673002288786,0
holdout,0,0.24251169270574185,1
holdout,0,0.7041496666334959,1
holdout,0,0.07562941586227485,0
holdout,0,0.5176634490994129,0
holdout,0,0.4322818190864763,0
holdout,0,0.7733107771917603,1
holdout,0,0.6512090755299035,1
holdout,0,0.3404318837695293,0
holdout,0,0.08040601054831327,0
holdout,0,0.9500447805751816,1
holdout,0,0.9325306000597074,1
holdout,0,0.553686934023286,1
holdout,0,0.0929445715991641,1
holdout,0,0.08866553885958801,0
holdout,0,0.6684247188775002,1
holdout,0,0.26122002189272564,0
holdout,0,0.9746243407304209,0
holdout,0,0.831625037317146,1
holdout,0,0.5203502836103094,1
holdout,0,0.5892128570006966,1
holdout,0,0.3329684545725943,0
holdout,0,0.18777987859488507,1
holdout,0,0.7419643745646333,0
holdout,0,0.6296148870534382,0
holdout,0,0.7727137028560056,1
holdout,0,0.7903273957607723,0
holdout,0,0.8805851328490397,1
holdout,0,0.06896208577967956,1
holdout,0,0.9302418151059807,0
holdout,0,0.8990944372574385,0
holdout,0,0.5133844163598368,0
holdout,0,0.13941685739874615,0
holdout,0,0.4387501243904866,0
holdout,0,0.4671111553388397,0
holdout,0,0.3383421235943875,0
holdout,0,0.9134242213155538,0
holdout,0,0.8009752214150662,0
holdout,0,0.891730520449796,0
holdout,0,0.5600557269380038,0
holdout,0,0.34182505721962386,1
holdout,0,0.3390387103194348,1
holdout,0,0.7058413772514678,1
holdout,0,0.5003482933625236,1
holdout,0,0.13036122997313165,0
holdout,0,0.14996517066374765,1
holdout,0,0.29575082097721167,0
holdout,0,0.9236739974126779,0
holdout,0,0.2080804060105483,1
holdout,0,0.9887551000099513,0
holdout,0,0.493183401333466,1
holdout,0,0.4893024181510598,1
holdout,0,0.9446711115533883,0
holdout,0,0.4833316747935118,1
holdout,0,0.5004478057518161,0
holdout,0,0.3821275748830729,1
holdout,0,0.344412379341228,1
holdout,0,0.26639466613593393,1
holdout,0,0.06876306100109464,1
holdout,0,0.07921186187680367,1
holdout,0,0.1702656980794109,1
holdout,0,0.768335157727137,0
holdout,0,0.36043387401731514,1
holdout,0,0.5061200119414867,1
holdout,0,0.4574584535774704,0
holdout,0,0.9404915912031048,1
holdout,0,0.07373868046571798,1
holdout,0,0.2865956811623047,1
holdout,0,0.08747139018807841,0
holdout,0,0.1100607025574684,1
holdout,0,0.3634192456960892,0
holdout,0,0.7751020001990248,0
holdout,0,0.8385909045676186,0
holdout,0,0.3808339138222709,0
holdout,0,0.13424221315553786,1
holdout,0,0.7260423922778386,0
holdout,0,0.5364712906756891,1
holdout,0,0.4668126181709623,0
holdout,0,0.9817892327594786,1
holdout,0,0.637675390586128,1
holdout,0,0.15444322818190864,0
holdout,0,0.7452482834112847,1
holdout,0,0.3612299731316549,1
holdout,0,0.5938899392974425,1
holdout,0,0.837595780674694,1
holdout,0,0.9618867549009852,0
holdout,0,0.12309682555478157,1
holdout,0,0.9110359239725346,0
holdout,0,0.37904269081500647,1
holdout,0,0.9033734699970146,0
holdout,0,0.05990645835406508,1
holdout,0,0.7646531993233158,0
holdout,0,0.6419544233257041,1
holdout,0,0.7511195143795403,1
holdout,0,0.041994228281421034,1
holdout,0,0.4191461836998706,0
holdout,0,0.28599860682654993,1
holdout,0,0.5089063588416758,1
holdout,0,0.7419643745646333,0
holdout,0,0.920091551398149,0
holdout,0,0.4950741367300229,1
holdout,0,0.3576475271171261,1
holdout,0,0.7693302816200617,1
holdout,0,0.7794805453278933,1
holdout,0,0.786446412578366,0
holdout,0,0.9472584336749925,1
holdout,0,0.918598865558762,0
holdout,0,0.5095034331774306,0
holdout,0,0.022091750422927655,1
holdout,0,0.8353069957209672,1
holdout,0,0.8754104886058314,0
holdout,0,0.3865061200119415,1
holdout,0,0.26808637675390584,1
holdout,0,0.6170763260025873,1
holdout,0,0.17046472285799583,1
holdout,0,0.8923275947855508,0
holdout,0,0.4910936411583242,1
holdout,0,0.1448900388098318,1
holdout,0,0.8774007363916808,0
holdout,0,0.41586227485321925,0
holdout,0,0.037317145984675094,1
holdout,0,0.7975918001791223,0
holdout,0,0.09393969549208876,1
holdout,0,0.5905065180614987,0
holdout,0,0.3576475271171261,0
holdout,0,0.7204696984774605,1
holdout,0,0.6006567817693302,1
holdout,0,0.7948054532789333,0
holdout,0,0.18837695293063986,1
holdout,0,0.05453278933227187,1
holdout,0,0.824161608120211,0
holdout,0,0.8605831426012539,0
holdout,0,0.5514976614588516,1
holdout,0,0.21922579361130462,1
holdout,0,0.27077321126480247,0
holdout,0,0.1265797591800179,1
holdout,0,0.27226589710418947,0
holdout,0,0.8309284505920987,0
holdout,0,0.6007562941586228,0
holdout,0,0.037317145984675094,1
holdout,0,0.05124888048562046,1
holdout,0,0.6605632401233954,0
holdout,0,0.7641556373768534,0
holdout,0,0.16320031843964575,0
holdout,0,0.14140710518459548,0
holdout,0,0.9887551000099513,0
holdout,0,0.48412777390785156,1
holdout,0,0.5851328490397054,1
holdout,0,0.9293462036023485,0
holdout,0,0.9248681460841874,0
holdout,0,0.425614489003881,1
holdout,0,0.754900985172654,0
holdout,0,0.4215344810428898,1
holdout,0,0.687133048064484,1
holdout,0,0.9869638770026868,0
holdout,0,0.9414867150960294,0
holdout,0,0.2822171360334362,1
holdout,0,0.6454373569509404,1
holdout,0,0.7243506816598666,1
holdout,0,0.2255945865260225,1
holdout,0,0.0132351477758981,1
holdout,0,0.7876405612498756,1
holdout,0,0.6187680366205592,1
holdout,0,0.26321026967857497,1
holdout,0,0.8453577470395064,0
holdout,0,0.502139516369788,1
holdout,0,0.2964474077022589,1
holdout,0,0.5672206189670614,0
holdout,0,0.8895412478853617,0
holdout,0,0.4355657279331277,1
holdout,0,0.1671808140113444,1
holdout,0,0.7506219524330779,1
holdout,0,0.5119912429097423,1
holdout,0,0.9841775301024978,1
holdout,0,0.6260324410389093,1
holdout,0,0.947357946064285,0
holdout,0,0.5784655189571102,1
holdout,0,0.7083291869837794,1
holdout,0,0.7160911533485919,1
holdout,0,0.34779580057717185,1
holdout,0,0.66922081799184,1
holdout,0,0.11374266096128968,0
holdout,0,0.7773907851527515,0
holdout,0,0.21106577768932233,0
holdout,0,0.9229774106876306,0
holdout,0,0.7564931834013334,1
holdout,0,0.6374763658075431,1
holdout,0,0.6181709622848045,0
holdout,0,0.4321823066971838,0
holdout,0,0.6984774604438253,1
holdout,0,0.24957707234550702,1
holdout,0,0.5601552393272963,1
holdout,0,0.3308786943974525,1
holdout,0,0.4225296049358145,1
holdout,0,0.4522838093342621,1
holdout,0,0.9500447805751816,0
holdout,0,0.10209971141407105,0
holdout,0,0.9542243009254652,0
holdout,0,0.8451587222609215,1
holdout,0,0.3630211961389193,1
holdout,0,0.9621852920688626,0
holdout,0,0.25574684048164,0
holdout,0,0.505124888048562,1
holdout,0,0.7049457657478356,1
holdout,0,0.6882276843467011,1
holdout,0,0.5759777092247985,0
holdout,0,0.5934918897402727,1
holdout,0,0.3530699572096726,1
holdout,0,0.7479351179221813,1
holdout,0,0.49527316150860784,1
holdout,0,0.5123892924669121,1
holdout,0,0.30092546522041996,0
holdout,0,0.926460344312867,0
holdout,0,0.9586028460543338,1
holdout,0,0.37466414568613793,0
holdout,0,0.3386406607622649,1
holdout,0,0.2815205493083889,1
holdout,0,0.3987461438949149,1
holdout,0,0.4155637376853418,1
holdout,0,0.08259528311274754,1
holdout,0,0.3154542740571201,1
holdout,0,0.25415464225296047,1
holdout,0,0.5097024579560155,0
holdout,0,0.18230669718379938,1
holdout,0,0.8053537665439348,0
holdout,0,0.1386207582844064,1
holdout,0,0.5690118419743257,1
holdout,0,0.0815006468305304,0
holdout,0,0.40372176335953824,1
holdout,0,0.6414568613792417,1
holdout,0,0.5981689720370186,1
holdout,0,0.6978803861080705,0
holdout,0,0.9250671708627725,0
holdout,0,0.41994228281421037,1
holdout,0,0.16519056622549508,1
holdout,0,0.9060603045079112,0
holdout,0,0.7004677082296746,1
holdout,0,0.8820778186884267,0
holdout,0,0.6115036322022092,0
holdout,0,0.39387003681958405,1
holdout,0,0.1329485520947358,1
holdout,0,0.9391979301423027,0
holdout,0,0.39904468106279234,1
holdout,0,0.8781968355060205,1
holdout,0,0.424121803164494,0
holdout,0,0.19812916708130163,1
holdout,0,0.5331873818290377,1
holdout,0,0.3793412279828839,1
holdout,0,0.824161608120211,0
holdout,0,0.8451587222609215,1
holdout,0,0.6427505224400438,0
holdout,0,0.2895810528410787,0
holdout,0,0.08368991939496467,1
holdout,0,0.6187680366205592,0
holdout,0,0.8475470196039407,1
holdout,0,0.35535874216339935,1
holdout,0,0.4252164394467111,1
holdout,0,0.07105184595482138,1
holdout,0,0.8485421434968654,1
holdout,0,0.48860583142601255,1
holdout,0,0.5778684446213553,1
holdout,0,0.4600457756990745,1
holdout,0,0.4694994526818589,0
holdout,0,0.22549507413673003,1
holdout,0,0.7422629117325107,1
holdout,0,0.4570604040203005,1
holdout,0,0.32500746342919695,1
holdout,0,0.9148173947656483,0
holdout,0,0.6318041596178724,1
holdout,0,0.8605831426012539,0
holdout,0,0.9557169867648522,1
holdout,0,0.9623843168474475,1
holdout,0,0.9746243407304209,0
holdout,0,0.9975121902676883,0
holdout,0,0.9771121504627326,0
holdout,0,0.9735297044482037,1
holdout,0,0.4733804358642651,1
holdout,0,0.3267986864364613,1
holdout,0,0.8913324708926261,0
holdout,0,0.18111254851228978,1
holdout,0,0.09523335655289084,1
holdout,0,0.944173549606926,1
holdout,0,0.18837695293063986,1
holdout,0,0.014926858393870037,0
holdout,0,0.9011841974325804,0
holdout,0,0.5018409792019106,1
holdout,0,0.568414767638571,1
holdout,0,0.24251169270574185,1
holdout,0,0.7928152054930839,0
holdout,0,0.9046671310578167,0
holdout,0,0.5167678375957807,1
holdout,0,0.9048661558364016,0
holdout,0,0.7419643745646333,1
holdout,0,0.7089262613195343,1
holdout,0,0.30709523335655287,1
holdout,0,0.4298935217434571,0
holdout,0,0.8373967558961091,1
holdout,0,0.7673400338342123,1
holdout,0,0.3464026271270773,0
holdout,0,0.9682555478157031,0
holdout,0,0.8419743258035626,1
holdout,0,0.31226987759976116,0
holdout,0,0.4609413872027067,0
holdout,0,0.7912230072644044,1
holdout,0,0.9787043486914121,0
holdout,0,0.5792616180714499,1
holdout,0,0.1191163299830829,0
holdout,0,0.6653398348094338,1
holdout,0,0.13782465917006667,1
holdout,0,0.6289183003283909,1
holdout,0,0.4372574385510996,0
holdout,0,0.7773907851527515,1
holdout,0,0.4770623942680864,1
holdout,0,0.8303313762563439,0
holdout,0,0.9378047566922082,0
holdout,0,0.9148173947656483,0
holdout,0,0.011145387600756293,1
holdout,0,0.6196636481241915,0
holdout,0,0.7674395462235049,1
holdout,0,0.7221614090954324,1
holdout,0,0.5115931933525724,1
holdout,0,0.4409393969549209,1
holdout,0,0.7908249577072346,1
holdout,0,0.9267588814807444,0
holdout,0,0.10538362026072245,1
holdout,0,0.7645536869340233,1
holdout,0,0.8496367797790825,0
holdout,0,0.8916310080605035,1
holdout,0,0.7184794506916111,0
holdout,0,0.4826350880684645,1
holdout,0,0.35625435366703156,1
holdout,0,0.042989352174345706,1
holdout,0,0.2321624042193253,1
holdout,0,0.9483530699572097,1
holdout,0,0.6094138720270673,0
holdout,0,0.5302020101502637,1
holdout,0,0.2024081998208777,1
holdout,0,0.1988257538063489,0
holdout,0,0.43735695094039206,1
holdout,0,0.682854015324908,1
holdout,0,0.7260423922778386,1
holdout,0,0.8455567718180913,0
holdout,0,0.4643248084386506,1
holdout,0,0.4585530898596875,1
holdout,0,0.1723554582545527,0
holdout,0,0.14926858393870038,1
holdout,0,0.40163200318439646,1
holdout,0,0.22937605731913624,1
holdout,0,0.510000995123893,1
holdout,0,0.21315553786446412,1
holdout,0,0.29913424221315554,0
holdout,0,0.6991740471688725,1
holdout,0,0.41158324211364317,1
holdout,0,0.10110458752114639,0
holdout,0,0.12916708130162205,1
holdout,0,0.7118121206090158,1
holdout,0,0.14280027863469003,1
holdout,0,0.5016419544233257,1
holdout,0,0.27226589710418947,1
holdout,0,0.1232958503333665,1
holdout,0,0.028062493780475668,1
holdout,0,0.3125684147676386,1
holdout,0,0.5730918499353169,1
holdout,0,0.2024081998208777,1
holdout,0,0.28818787939098417,1
holdout,0,0.7988854612399243,1
holdout,0,0.8863568514280028,1
holdout,0,0.8283411284704946,0
holdout,0,0.5810528410787144,1
holdout,0,0.31137426609612895,1
holdout,0,0.5665240322420141,1
holdout,0,0.9510399044681063,1
holdout,0,0.821176236441437,1
holdout,0,0.3267986864364613,1
holdout,0,0.9246691213056025,0
holdout,0,0.15772713702856006,0
holdout,0,0.8729226788735197,1
holdout,0,0.8562045974723853,1
holdout,0,0.22479848741168276,1
holdout,0,0.8793909841775301,1
holdout,0,0.7546024480047766,0
holdout,0,0.5507015623445118,1
holdout,0,0.1801174246193651,1
holdout,0,0.9048661558364016,0
holdout,0,0.824161608120211,0
holdout,0,0.22449995024380534,1
holdout,0,0.8998905363717783,0
holdout,0,0.9375062195243308,0
holdout,0,0.4700965270176137,1
holdout,0,0.9340232858990944,0
holdout,0,0.4788536172753508,1
holdout,0,0.16897203701860883,1
holdout,0,0.8748134142700766,0
holdout,0,0.6067270375161707,1
holdout,0,0.46123992437058414,1
holdout,0,0.9513384416359837,1
holdout,0,0.8854612399243705,0
holdout,0,0.6691213056025476,1
holdout,0,0.12866951935515972,1
holdout,0,0.9138222708727236,1
holdout,0,0.9435764752711713,1
holdout,0,0.852323614289979,0
holdout,0,0.7741068763061001,1
holdout,0,0.6664344710916509,0
holdout,0,0.6623544631306598,1
holdout,0,0.7510200019902478,1
holdout,0,0.41606129963180416,1
holdout,0,0.303711812120609,1
holdout,0,0.24808438650612002,0
holdout,0,0.4725843367499254,1
holdout,0,0.9063588416757886,0
holdout,0,0.30600059707433575,1
holdout,0,0.363817295253259,1
holdout,0,0.19454672106677282,1
holdout,0,0.0929445715991641,1
holdout,0,0.13483928749129268,0
holdout,0,0.2981391183202309,1
holdout,0,0.18409792019106377,1
holdout,0,0.85719972136531,1
holdout,0,0.9479550204000398,1
holdout,0,0.885759777092248,0
holdout,0,0.8635685142800279,0
holdout,0,0.5348790924470097,1
holdout,0,0.460145288088367,1
holdout,0,0.3930739377052443,1
holdout,0,0.9618867549009852,1
holdout,0,0.18300328390884665,1
holdout,0,0.23365509005871232,1
holdout,0,0.9397950044780575,1
holdout,0,0.3239128271469798,0
holdout,0,0.6386705144790527,0
holdout,0,0.7371877798785949,1
holdout,0,0.9302418151059807,0
holdout,0,0.8561050850830928,0
holdout,0,0.7773907851527515,0
holdout,0,0.5902079808936213,0
holdout,0,0.6988755100009951,1
holdout,0,0.7098218728231664,1
holdout,0,0.7677380833913823,1
holdout,0,0.21056821574286,0
holdout,0,0.1058811822071848,1
holdout,0,0.9730321425017414,0
holdout,0,0.4225296049358145,1
holdout,0,0.03273957607722162,0
holdout,0,0.8255547815703055,1
holdout,0,0.8458553089859687,1
holdout,0,0.5145785650313464,1
holdout,0,0.1448900388098318,1
holdout,0,0.8560055726938004,0
holdout,0,0.502139516369788,1
holdout,0,0.3524728828739178,1
holdout,0,0.3954622350482635,1
holdout,0,0.5692108667529108,1
holdout,0,0.6103094835306996,1
holdout,0,0.7777888347099214,0
holdout,0,0.6611603144591501,1
holdout,0,0.4417354960692606,0
holdout,0,0.5464225296049359,1
holdout,0,0.4891033933724749,1
holdout,0,0.7386804657179818,1
holdout,0,0.3711812120609016,1
holdout,0,0.20409991043884965,1
holdout,0,0.3326699174047169,1
holdout,0,0.8281421036919097,1
holdout,0,0.9334262115633396,1
holdout,0,0.5015424420340332,1
holdout,0,0.2788337147974923,1
holdout,0,0.7419643745646333,1
holdout,0,0.9155139814906956,0
holdout,0,0.35685142800278635,1
holdout,0,0.45367698278435664,0
holdout,0,0.10538362026072245,1
holdout,0,0.7059408896407603,1
holdout,0,0.46213553587421635,0
holdout,0,0.13573489899492486,0
holdout,0,0.9787043486914121,0
holdout,0,0.6202607224599462,1
holdout,0,0.6146880286595681,1
holdout,0,0.903871031943477,0
holdout,0,0.36282217136033434,0
holdout,0,0.4460145288088367,1
holdout,0,0.9849736292168375,0
holdout,0,0.3308786943974525,1
holdout,0,0.03224201413075928,1
holdout,0,0.5109961190168176,0
holdout,0,0.24340730420937406,1
holdout,0,0.08886456363817295,1
holdout,0,0.37665439347198726,1
holdout,0,0.9470594088964076,1
holdout,0,0.2333565528908349,0
holdout,0,0.24728828739178027,1
holdout,0,0.3885958801870833,1
holdout,0,0.8218728231664842,0
holdout,0,0.9268583938700368,0
holdout,0,0.32520648820778186,1
holdout,0,0.34371579261618074,1
holdout,0,0.6249378047566923,1
holdout,0,0.09991043884963678,1
holdout,0,0.5016419544233257,1
holdout,0,0.24758682455965766,1
holdout,0,0.795402527614688,0
holdout,0,0.7900288585928948,0
holdout,0,0.6514081003084884,1
holdout,0,0.7996815603542641,1
holdout,0,0.5399542243009254,1
holdout,0,0.9154144691014031,0
holdout,0,0.6268285401532491,0
holdout,0,0.8791919593989451,0
holdout,0,0.44402428102298735,0
holdout,0,0.9296447407702259,0
holdout,0,0.23295850333366505,1
holdout,0,0.22718678475470197,1
holdout,0,0.39685540849835804,1
holdout,0,0.7036521046870335,1
holdout,0,0.2012140511493681,1
holdout,0,0.8599860682654991,1
holdout,0,0.5162702756493184,1
holdout,0,0.1411085680167181,0
holdout,0,0.5176634490994129,0
holdout,0,0.7166882276843467,1
holdout,0,0.10438849636779779,1
holdout,0,0.7462434073042093,1
holdout,0,0.3380435864265101,1
holdout,0,0.6415563737685341,1
holdout,0,0.7692307692307693,1
holdout,0,0.5133844163598368,1
holdout,0,0.8233655090058712,1
holdout,0,0.5507015623445118,1
holdout,0,0.35316946959896506,1
holdout,0,0.6640461737486317,1
holdout,0,0.7473380435864265,1
holdout,0,0.5710020897601752,1
holdout,0,0.4665140810030849,1
holdout,0,0.6419544233257041,1
holdout,0,0.48363021196138917,0
holdout,0,0.8358045576674296,0
holdout,0,0.8205791621056822,1
holdout,0,0.7068365011443924,0
holdout,0,0.9062593292864962,0
holdout,0,0.7165887152950542,0
holdout,0,0.5965767738083392,1
holdout,0,0.01900686635486118,1
holdout,0,0.3449099412876903,0
holdout,0,0.824161608120211,1
holdout,0,0.1203104786545925,1
holdout,0,0.4048163996417554,1
holdout,0,0.015523932729624839,1
holdout,0,0.8776992735595581,0
holdout,0,0.05244302915713006,1
holdout,0,0.8324211364314857,1
holdout,0,0.7110160214946761,1
holdout,0,0.8325206488207781,1
holdout,0,0.252562444024281,1
holdout,0,0.9029754204398448,0
holdout,0,0.4783560553288885,1
holdout,0,0.8792914717882376,1
holdout,0,0.8067469399940292,0
holdout,0,0.7416658373967558,1
holdout,0,0.32132550502537566,1
holdout,0,0.3069957209672604,1
holdout,0,0.44143695890138324,0
holdout,0,0.5633396357846552,1
holdout,0,0.3338640660762265,1
holdout,0,0.9212857000696587,1
holdout,0,0.5289083490894616,1
holdout,0,0.2315653298835705,0
holdout,0,0.7785849338242611,1
holdout,0,0.639168076425515,1
holdout,0,0.9801970345307991,0
holdout,0,0.7761966364812419,1
holdout,0,0.7074335754801473,0
holdout,0,0.9414867150960294,0
holdout,0,0.8906358841675789,0
holdout,0,0.050850830928450594,1
holdout,0,0.4938799880585133,0
holdout,0,0.4008359040700567,1
holdout,0,0.9922380336351876,1
holdout,0,0.05672206189670614,1
holdout,0,0.9197930142302717,0
holdout,0,0.16966862374365607,1
holdout,0,0.6523037118121207,1
holdout,0,0.8469499452681859,0
holdout,0,0.08488406806647428,1
holdout,0,0.5860284605433377,1
holdout,0,0.4298935217434571,1
holdout,0,0.21146382724649218,0
holdout,0,0.8938202806249378,0
holdout,0,0.9170066673300826,1
holdout,0,0.2908747139018808,1
holdout,0,0.8617772912727635,0
holdout,0,0.6811623047069361,0
holdout,0,0.1630012936610608,1
holdout,0,0.9192954522838094,1
holdout,0,0.7185789630809035,1
holdout,0,0.9736292168374963,0
holdout,0,0.44880087570902577,1
holdout,0,0.565429395959797,0
holdout,0,0.2538561050850831,1
holdout,0,0.3025176634490994,1
holdout,0,0.9050651806149865,0
holdout,0,0.4069061598168972,1
holdout,0,0.35625435366703156,1
holdout,0,0.7951039904468107,0
holdout,0,0.4694994526818589,1
holdout,0,0.05304010349288486,1
holdout,0,0.5372673897900289,1
holdout,0,0.3487909244700965,1
holdout,0,0.14817394765648323,1
holdout,0,0.9648721265797592,0
holdout,0,0.5568713304806449,1
holdout,0,0.5962782366404618,0
holdout,0,0.05761767340033834,1
holdout,0,0.8831724549706439,0
holdout,0,0.22718678475470197,0
holdout,0,0.5074136730022888,1
holdout,0,0.251069758184894,0
holdout,0,0.1386207582844064,1
holdout,0,0.6978803861080705,1
holdout,0,0.8925266195641357,0
holdout,0,0.7677380833913823,1
holdout,0,0.8923275947855508,1
holdout,0,0.7141009055627425,1
holdout,0,0.31465817494278037,1
holdout,0,0.048263508806846454,1
holdout,0,0.11274753706836502,0
holdout,0,0.885759777092248,1
holdout,0,0.3464026271270773,0
holdout,0,0.9280525425415465,1
holdout,0,0.2147477360931436,1
holdout,0,0.8494377550004976,1
holdout,0,0.62404219325306,0
holdout,0,0.5707035525922978,0
holdout,0,0.537068365011444,1
holdout,0,0.09941287690317445,1
holdout,0,0.41257836600656783,1
holdout,0,0.251069758184894,1
holdout,0,0.4923873022191263,0
holdout,0,0.9067568912329586,1
holdout,0,0.557965966762862,1
holdout,0,0.6708130162205195,1
holdout,0,0.48920290576176734,1
holdout,0,0.6116031445915017,0
holdout,0,0.3142601253856105,1
holdout,0,0.8170962284804458,1
holdout,0,0.45158722260921486,1
holdout,0,0.4594487013633197,1
holdout,0,0.35625435366703156,1
holdout,0,0.6597671410090556,0
holdout,0,0.9155139814906956,0
holdout,0,0.523435167678376,1
holdout,0,0.18409792019106377,1
holdout,0,0.7275350781172256,1
holdout,0,0.6603642153448104,0
holdout,0,0.25375659269579065,0
holdout,0,0.14966663349587023,1
holdout,0,0.29465618469499455,0
holdout,0,0.5046273261020997,1
holdout,0,0.9597969947258433,1
holdout,0,0.9534282018111255,1
holdout,0,0.28162006169768133,0
holdout,0,0.31077719176037416,0
holdout,0,0.7882376355856304,1
holdout,0,0.9097422629117325,0
holdout,0,0.975918001791223,0
holdout,0,0.7057418648621754,1
holdout,0,0.9769131256841477,1
holdout,0,0.48800875709025776,0
holdout,0,0.7073340630908548,1
holdout,0,0.28639665638371975,1
holdout,0,0.42312667927156933,1
holdout,0,0.7832620161210071,1
holdout,0,0.7166882276843467,0
holdout,0,0.5320927455468206,1
holdout,0,0.9718379938302318,1
holdout,0,0.54134739775102,0
holdout,0,0.5914021295651308,1
holdout,0,0.030948353069957208,1
holdout,0,0.48860583142601255,1
holdout,0,0.39168076425514975,1
holdout,0,0.8641655886157826,0
holdout,0,0.5555776694198428,1
holdout,0,0.7777888347099214,0
holdout,0,0.4247188775002488,0
holdout,0,0.07543039108368992,1
holdout,0,0.27137028560055726,1
holdout,0,0.2021096626530003,1
holdout,0,0.32590307493282916,0
holdout,0,0.7813712807244502,0
holdout,0,0.19166086177729127,1
holdout,0,0.36819584038212755,1
holdout,0,0.4460145288088367,1
holdout,0,0.8068464523833218,1
holdout,0,0.42312667927156933,1
holdout,0,0.940093541645935,0
holdout,0,0.9713404318837695,1
holdout,0,0.4800477659468604,1
holdout,0,0.8544133744651209,0
holdout,0,0.21514578565031348,1
holdout,0,0.5105980694596477,0
holdout,0,0.7387799781072744,1
holdout,0,0.06816598666533984,1
holdout,0,0.17484326798686436,1
holdout,0,0.10637874415364713,1
holdout,0,0.7817693302816201,1
holdout,0,0.8584933824261121,0
holdout,0,0.645138819783063,1
holdout,0,0.505323912827147,0
holdout,0,0.40372176335953824,0
holdout,0,0.775997611702657,0
holdout,0,0.6761866852423126,1
holdout,0,0.7852522639068564,1
holdout,0,0.8046571798188874,1
holdout,0,0.04458155040302517,1
holdout,0,0.24380535376654394,0
holdout,0,0.6447407702258932,0
holdout,0,0.5278137128072445,1
holdout,0,0.514479052642054,1
holdout,0,0.38003781470793113,1
holdout,0,0.7617673400338342,1
holdout,0,0.8426709125286098,0
holdout,0,0.6203602348492387,1
holdout,0,0.44233257040501545,1
holdout,0,0.7937108169967161,0
holdout,0,0.03572494775599562,1
holdout,0,0.8507314160612997,1
holdout,0,0.9375062195243308,0
holdout,0,0.7530102497760971,1
holdout,0,0.14289979102398248,1
holdout,0,0.7396755896109065,0
holdout,0,0.6837496268285401,1
holdout,0,0.8742163399343218,0
holdout,0,0.7595780674693999,1
holdout,0,0.9284505920987163,0
holdout,0,0.3063986466315056,1
holdout,0,0.13125684147676386,0
holdout,0,0.8303313762563439,1
holdout,0,0.07533087869439745,1
holdout,0,0.6319036720071649,1
holdout,0,0.778982983381431,1
holdout,0,0.3711812120609016,1
holdout,0,0.5188575977709224,0
holdout,0,0.9816897203701861,0
holdout,0,0.6178724251169271,1
holdout,0,0.5964772614190467,1
holdout,0,0.2505721962384317,0
holdout,0,0.9359140212956513,0
holdout,0,0.8608816797691312,0
holdout,0,0.3792417155935914,0
holdout,0,0.6523037118121207,1
holdout,0,0.7863469001890735,0
holdout,0,0.7765946860384118,1
holdout,0,0.6309085481142402,0
holdout,0,0.7821673798387899,1
holdout,0,0.4307891332470893,0
holdout,0,0.4426311075728928,1
holdout,0,0.17583839187978903,1
holdout,0,0.6893223206289183,1
holdout,0,0.8333167479351179,1
holdout,0,0.07533087869439745,1
holdout,0,0.29007861478754104,1
holdout,0,0.5900089561150363,0
holdout,0,0.9620857796795701,0
holdout,0,0.5583640163200319,0
holdout,0,0.2839088466514081,1
holdout,0,0.3575480147278336,0
holdout,0,0.8051547417653497,1
holdout,0,0.9746243407304209,0
holdout,0,0.9775102000199025,0
holdout,0,0.3338640660762265,1
holdout,0,0.21813115732908747,1
holdout,0,0.62404219325306,1
holdout,0,0.7208677480346303,1
holdout,0,0.30042790327395763,1
holdout,0,0.2571400139317345,0
holdout,0,0.9663648124191462,0
holdout,0,0.7160911533485919,1
holdout,0,0.4815404517862474,1
holdout,0,0.24410389093442134,1
holdout,0,0.8752114638272465,0
holdout,0,0.7626629515374664,1
holdout,0,0.7202706736988755,1
holdout,0,0.6419544233257041,1
holdout,0,0.8561050850830928,1
holdout,0,0.7145984675092049,0
holdout,0,0.9314359637774903,1
holdout,0,0.4766643447109165,1
holdout,0,0.38302318638670513,1
holdout,0,0.2119613891929545,1
holdout,0,0.46731018011742465,1
holdout,0,0.5213454075032341,1
holdout,0,0.6259329286496169,1
holdout,0,0.25544830331376256,1
holdout,0,0.5595581649915414,0
holdout,0,0.9309384018310279,0
holdout,0,0.9576077221614091,1
holdout,0,0.5190566225495075,1
holdout,0,0.19832819185988657,0
holdout,0,0.9076525027365907,1
holdout,0,0.8028659568116231,0
holdout,0,0.7913225196536969,1
holdout,0,0.9606926062294756,0
holdout,0,0.22071847945069162,0
holdout,0,0.5530898596875311,1
holdout,0,0.25007463429196936,1
holdout,0,0.8364016320031844,1
holdout,0,0.1473778485421435,0
holdout,0,0.3224201413075928,1
holdout,0,0.7737088267489303,0
holdout,0,0.672206189670614,1
holdout,0,0.88745148771022,0
holdout,0,0.29694496964872125,1
holdout,0,0.1448900388098318,1
holdout,0,0.036819584038212755,1
holdout,0,0.1341427007662454,1
holdout,0,0.47696288187879393,1
holdout,0,0.5338839685540849,1
holdout,0,0.6561846949945268,1
holdout,0,0.9510399044681063,1
holdout,0,0.10319434769628819,0
holdout,0,0.8468504328788934,1
holdout,0,0.1392178326201612,1
holdout,0,0.9192954522838094,0
holdout,0,0.4912926659369091,1
holdout,0,0.08319235744850234,1
holdout,0,0.9580057717185789,0
holdout,0,0.9784058115235347,0
holdout,0,0.4925863269977112,1
holdout,0,0.9741267787839586,1
holdout,0,0.28251567320131354,1
holdout,0,0.5975718977012638,1
holdout,0,0.3356552890834909,1
holdout,0,0.31137426609612895,1
holdout,0,0.8988954124788536,0
holdout,0,0.5668225694098915,0
holdout,0,0.34759677579858694,0
holdout,0,0.5315951836003583,1
holdout,0,0.15235346800676683,1
holdout,0,0.9660662752512688,0
holdout,0,0.9256642451985272,1
holdout,0,0.17315155736889243,1
holdout,0,0.32908747139018807,1
holdout,0,0.723156532988357,1
holdout,0,0.3040103492884864,1
holdout,0,0.675191561349388,1
holdout,0,0.45427405712011143,0
holdout,0,0.6114041198129168,0
holdout,0,0.2983381430988158,1
holdout,0,0.9085481142402229,1
holdout,0,0.6872325604537765,1
holdout,0,0.6171758383918798,1
holdout,0,0.5407503234152652,1
holdout,0,0.12578366006567818,1
holdout,0,0.5946860384117822,1
holdout,0,0.8570006965867251,1
holdout,0,0.655786645437357,0
holdout,0,0.3390387103194348,1
holdout,0,0.45905065180614985,1
holdout,0,0.8148074435267191,0
holdout,0,0.14419345208478457,1
holdout,0,0.966762861976316,0
holdout,0,0.9557169867648522,0
holdout,0,0.6167777888347099,0
holdout,0,0.4602448004776595,1
holdout,0,0.6690217932132551,1
holdout,0,0.4594487013633197,1
holdout,0,0.25306000597074335,1
holdout,0,0.3902875908050552,1
holdout,0,0.9496467310180118,0
holdout,0,0.41237934122798287,1
holdout,0,0.6746939994029256,1
holdout,0,0.20310478654592498,1
holdout,0,0.2153448104288984,1
holdout,0,0.31983281918598866,1
holdout,0,0.2889839785053239,1
holdout,0,0.8830729425813514,1
holdout,0,0.8360035824460146,0
holdout,0,0.897701263807344,0
holdout,0,0.4441237934122798,1
holdout,0,0.3025176634490994,0
holdout,0,0.6543934719872624,1
holdout,0,0.9496467310180118,0
holdout,0,0.6782764454174545,1
holdout,0,0.7551995223405314,1
holdout,0,0.47716190665737884,0
holdout,0,0.5855308985968753,0
holdout,0,0.5655289083490894,1
holdout,0,0.4034232261916609,1
holdout,0,0.6995720967260424,0
holdout,0,0.8068464523833218,0
holdout,0,0.9847746044382526,0
holdout,0,0.8844661160314459,1
holdout,0,0.4674096925067171,1
holdout,0,0.5213454075032341,1
holdout,0,0.9735297044482037,1
holdout,0,0.5040302517663449,1
holdout,0,0.27594785550801076,1
holdout,0,0.5711016021494676,0
holdout,0,0.07533087869439745,1
holdout,0,0.7562941586227485,1
holdout,0,0.8043586426510101,1
holdout,0,0.9897502239028759,1
holdout,0,0.8100308488406807,0
holdout,0,0.3242113643148572,1
holdout,0,0.5535874216339934,1
holdout,0,0.9429794009354164,0
holdout,0,0.8906358841675789,0
holdout,0,0.7823664046173748,1
holdout,0,0.28948154045178626,1
holdout,0,0.6944969648721265,1
holdout,0,0.7686336948950144,1
holdout,0,0.32908747139018807,0
holdout,0,0.897502239028759,1
holdout,0,0.5199522340531396,1
holdout,0,0.4258135137824659,1
holdout,0,0.8222708727236541,0
holdout,0,0.5255249278535178,1
holdout,0,0.6700169171061797,1
holdout,0,0.2941586227485322,0
holdout,0,0.8121206090158225,0
holdout,0,0.2792317643546622,0
holdout,0,0.3267986864364613,1
holdout,0,0.3841178226689223,1
holdout,0,0.8715295054234252,0
holdout,0,0.9619862672902776,0
holdout,0,0.8066474276047368,0
holdout,0,0.08140113444123794,1
holdout,0,0.890436859388994,1
holdout,0,0.4322818190864763,1
holdout,0,0.22599263608319237,1
holdout,0,0.9192954522838094,0
holdout,0,0.14329784058115236,1
holdout,0,0.8711314558662554,1
holdout,0,0.8306299134242213,1
holdout,0,0.0264702955517962,1
holdout,0,0.7887351975320928,1
holdout,0,0.9444720867748034,0
holdout,0,0.42402229077520154,1
holdout,0,0.4914916907154941,1
holdout,0,0.8697382824161608,0
holdout,0,0.16111055826450393,0
holdout,0,0.9748233655090058,0
holdout,0,0.5246293163498855,1
holdout,0,0.9197930142302717,1
holdout,0,0.11712608219723356,0
holdout,0,0.25176634490994126,1
holdout,0,0.09831824062095731,1
holdout,0,0.5698079410886655,1
holdout,0,0.9425813513782466,0
holdout,0,0.9948253557567918,0
holdout,0,0.7896308090357249,1
holdout,0,0.5625435366703154,1
holdout,0,0.442034033237138,1
holdout,0,0.29674594487013634,1
holdout,0,0.302219126281222,1
holdout,0,0.5769728331177232,1
holdout,0,0.4086973828241616,1
holdout,0,0.9811921584237238,0
holdout,0,0.7781868842670913,1
holdout,0,0.4421335456264305,0
holdout,0,0.9603940690615982,0
holdout,0,0.27226589710418947,1
holdout,0,0.09344213354562643,1
holdout,0,0.06428500348293363,0
holdout,0,0.7360931435963778,1
holdout,0,0.6967857498258533,1
holdout,0,0.10319434769628819,1
holdout,0,0.6507115135834411,1
holdout,0,0.4370584137725147,1
holdout,0,0.7300228878495373,1
holdout,0,0.8121206090158225,1
holdout,0,0.8897402726639466,1
holdout,0,0.40740372176335954,1
holdout,0,0.9278535177629615,1
holdout,0,0.1034928848641656,1
holdout,0,0.5975718977012638,0
holdout,0,0.33854114837297244,0
holdout,0,0.05702059906458354,1
holdout,0,0.7801771320529406,1
holdout,0,0.8643646133943677,1
holdout,0,0.9781072743556573,0
holdout,0,0.03920788138123196,1
holdout,0,0.9425813513782466,1
holdout,0,0.4426311075728928,0
holdout,0,0.7530102497760971,0
holdout,0,0.6881281719574087,0
holdout,0,0.42830132351477757,1
holdout,0,0.7544034232261917,1
holdout,0,0.5332868942183302,1
holdout,0,0.8263508806846452,0
holdout,0,0.6957906259329286,1
holdout,0,0.7763956612598268,1
holdout,0,0.5286098119215842,1
holdout,0,0.5082097721166285,0
holdout,0,0.3902875908050552,1
holdout,0,0.7718180913523733,0
holdout,0,0.07781868842670912,1
holdout,0,0.7760971240919494,0
holdout,0,0.5943875012439048,1
holdout,0,0.9761170265698079,0
holdout,0,0.8911334461140412,0
holdout,0,0.19723355557766942,1
holdout,0,0.07980893621255847,1
holdout,0,0.9718379938302318,1
holdout,0,0.2330580157229575,1
holdout,0,0.16081202109662654,1
holdout,0,0.4744750721464822,1
holdout,0,0.49308388894417354,1
holdout,0,0.48950144292964476,1
holdout,0,0.7410687630610011,1
holdout,0,0.9434769628818788,1
holdout,0,0.7946064285003482,0
holdout,0,0.6661359339237735,1
holdout,0,0.4538760075629416,1
holdout,0,0.861677778883471,0
holdout,0,0.45029356154841277,1
holdout,0,0.07582844064085979,1
holdout,0,0.521743457060404,0
holdout,0,0.023982485819484527,0
holdout,0,0.24838292367399742,1
holdout,0,0.5399542243009254,0
holdout,0,0.9209871629017813,0
holdout,0,0.7823664046173748,1
holdout,0,0.8524231266792716,1
holdout,0,0.8421733505821475,1
holdout,0,0.4733804358642651,1
holdout,0,0.31535476166782767,1
holdout,0,0.8024679072544532,0
holdout,0,0.960792118618768,0
holdout,0,0.9831824062095731,0
holdout,0,0.5286098119215842,1
holdout,0,0.9082495770723455,1
holdout,0,0.037217633595382625,1
holdout,0,0.5266195641357349,0
holdout,0,0.7219623843168474,1
holdout,0,0.9826848442631108,0
holdout,0,0.7311175241317543,1
holdout,0,0.7170862772415165,1
holdout,0,0.6423524728828739,0
holdout,0,0.22449995024380534,1
holdout,0,0.38690416956911133,1
holdout,0,0.8307294258135138,1
holdout,0,0.9851726539954224,1
holdout,0,0.004577569907453478,1
holdout,0,0.17544034232261915,0
holdout,0,0.5007463429196936,1
holdout,0,0.8881480744352672,0
holdout,0,0.9090456761866852,0
holdout,0,0.8576972833117723,1
holdout,0,0.6999701462832123,0
holdout,0,0.5406508110259728,1
holdout,0,0.2803264006368793,0
holdout,0,0.748731217036521,1
holdout,0,0.8929246691213056,0
holdout,0,0.5920987162901781,1
holdout,0,0.6898198825753806,1
holdout,0,0.4487013633197333,1
holdout,0,0.6267290277639566,1
holdout,0,0.23047069360135336,0
holdout,0,0.7813712807244502,0
holdout,0,0.3328689421833018,1
holdout,0,0.5073141606129963,0
holdout,0,0.738282416160812,1
holdout,0,0.5720967260423923,1
holdout,0,0.3769529306398647,1
holdout,0,0.8932232062891831,1
holdout,0,0.8936212558463529,0
holdout,0,0.500845855308986,1
holdout,0,0.7915215444322818,1
holdout,0,0.11662852025077122,1
holdout,0,0.8850631903672007,1
holdout,0,0.6757886356851428,0
holdout,0,0.2071847945069161,1
holdout,0,0.5665240322420141,1
holdout,0,0.10329386008558065,0
holdout,0,0.08956115036322022,1
holdout,0,0.7207682356453379,0
holdout,0,0.2119613891929545,1
holdout,0,0.4352671907652503,1
holdout,0,0.22738580953328688,1
holdout,0,0.3777490297542044,1
holdout,0,0.9239725345805553,0
holdout,0,0.747636580754304,1
holdout,0,0.8206786744949747,0
holdout,0,0.8496367797790825,1
holdout,0,0.106776793710817,0
holdout,0,0.7605731913623246,0
holdout,0,0.2822171360334362,1
holdout,0,0.6592695790625933,1
holdout,0,0.3950641854910936,1
holdout,0,0.4572594287988855,1
holdout,0,0.1662852025077122,0
holdout,0,0.1423027166882277,1
holdout,0,0.6035426410588118,1
holdout,0,0.025574684048163997,1
holdout,0,0.446711115533884,1
holdout,0,0.5975718977012638,1
holdout,0,0.8519255647328092,0
holdout,0,0.5732908747139018,1
holdout,0,0.1912628122201214,1
holdout,0,0.48213752612200217,1
holdout,0,0.6431485719972136,1
holdout,0,0.18260523435167678,1
holdout,0,0.6870335356751915,1
holdout,0,0.9391979301423027,0
holdout,0,0.9027763956612598,1
holdout,0,0.7419643745646333,0
holdout,0,0.04915912031047866,0
holdout,0,0.6846452383321724,1
holdout,0,0.7228579958204796,1
holdout,0,0.46939994029256643,1
holdout,0,0.5323912827146979,1
holdout,0,0.9404915912031048,0
holdout,0,0.21584237237536072,1
holdout,0,0.23265996616578763,1
holdout,0,0.2012140511493681,1
holdout,0,0.4247188775002488,1
holdout,0,0.40372176335953824,1
holdout,0,0.7032540551298637,1
holdout,0,0.9648721265797592,1
holdout,0,0.9784058115235347,0
holdout,0,0.9846750920489601,0
holdout,0,0.23484923873022193,1
holdout,0,0.9102398248581949,1
holdout,0,0.8538163001293662,0
holdout,0,0.9845755796596676,1
holdout,0,0.4073042093740671,1
holdout,0,0.3390387103194348,1
holdout,0,0.4791521544432282,1
holdout,0,0.5860284605433377,1
holdout,0,0.46641456861379244,1
holdout,0,0.25415464225296047,1
holdout,0,0.4555677181809135,1
holdout,0,0.7010647825654294,1
holdout,0,0.08896407602746542,1
holdout,0,0.537068365011444,0
holdout,0,0.4469101403124689,0
holdout,0,0.8323216240421932,0
holdout,0,0.6183699870633894,1
holdout,0,0.2033038113245099,1
holdout,0,0.6874315852323615,0
holdout,0,0.182008160015922,0
holdout,0,0.8490397054433277,0
holdout,0,0.5736889242710718,1
holdout,0,0.07831625037317146,1
holdout,0,0.6968852622151458,1
holdout,0,0.4298935217434571,1
holdout,0,0.36222509702457956,0
holdout,0,0.627027564931834,0
holdout,0,0.7399741267787839,1
holdout,0,0.4971638969051647,1
holdout,0,0.2803264006368793,1
holdout,0,0.39327296248382926,1
holdout,0,0.775997611702657,0
holdout,0,0.8657577868444621,0
holdout,0,0.10030848840680665,1
holdout,0,0.5876206587720171,1
holdout,0,0.17663449099412876,1
holdout,0,0.3261020997114141,1
holdout,0,0.23813314757687332,1
holdout,0,0.44880087570902577,1
holdout,0,0.7694297940093542,0
holdout,0,0.8021693700865757,1
holdout,0,0.14359637774902975,1
holdout,0,0.960792118618768,0
holdout,0,0.3125684147676386,1
holdout,0,0.5330878694397453,1
holdout,0,0.801572295750821,0
holdout,0,0.9664643248084387,1
holdout,0,0.6386705144790527,1
holdout,0,0.08259528311274754,1
holdout,0,0.6525027365907056,0
holdout,0,0.8385909045676186,0
holdout,0,0.3689919394964673,1
holdout,0,0.8358045576674296,1
holdout,0,0.9236739974126779,0
holdout,0,0.870434869141208,0
holdout,0,0.6934023285899095,0
holdout,0,0.4596477261419047,0
holdout,0,0.6414568613792417,1
holdout,0,0.8186884267091253,0
holdout,0,0.14727833615285102,1
holdout,0,0.6925067170862772,1
holdout,0,0.9886555876206587,0
holdout,0,0.1963379440740372,1
holdout,0,0.5598567021594189,0
holdout,0,0.7917205692108668,0
holdout,0,0.38929246691213054,1
holdout,0,0.7839586028460543,0
holdout,0,0.5991640959299432,1
holdout,0,0.8520250771221017,0
holdout,0,0.1467807742063887,1
holdout,0,0.11344412379341227,1
holdout,0,0.9425813513782466,1
holdout,0,0.339735297044482,1
holdout,0,0.1885759777092248,1
holdout,0,0.3345606528012738,0
holdout,0,0.2884864165588616,1
holdout,0,0.661359339237735,1
holdout,0,0.8093342621156334,1
holdout,0,0.86486217534083,0
holdout,0,0.20220917504229277,1
holdout,0,0.9580057717185789,1
holdout,0,0.920091551398149,1
holdout,0,0.850830928450592,0
holdout,0,0.1891730520449796,1
holdout,0,0.6925067170862772,1
holdout,0,0.675191561349388,1
holdout,0,0.3390387103194348,1
holdout,0,0.7336053338640661,1
holdout,0,0.9570106478256543,0
holdout,0,0.9972136530998109,0
holdout,0,0.702059906458354,0
holdout,0,0.34968653597372873,0
holdout,0,0.39476564832321626,1
holdout,0,0.1356353866056324,0
holdout,0,0.5028361030948353,1
holdout,0,0.3016220519454672,0
holdout,0,0.9190964275052244,0
holdout,0,0.1801174246193651,1
holdout,0,0.852721663847149,0
holdout,0,0.07931137426609614,1
holdout,0,0.4376554881082695,1
holdout,0,0.8707334063090855,0
holdout,0,0.8822768434670116,1
holdout,0,0.12797293263011245,0
holdout,0,0.5583640163200319,1
holdout,0,0.037516170763260026,0
holdout,0,0.4944770623942681,1
holdout,0,0.2261916608617773,1
holdout,0,0.034033237138023684,0
holdout,0,0.4533784456164793,1
holdout,0,0.11921584237237536,0
holdout,0,0.2938600855806548,0
holdout,0,0.19703453079908448,0
holdout,0,0.09384018310279629,1
holdout,0,0.08259528311274754,1
holdout,0,0.07373868046571798,1
holdout,0,0.9029754204398448,1
holdout,0,0.07423624241218031,1
holdout,0,0.8138123196337944,0
holdout,0,0.5341825057219624,1
holdout,0,0.24111851925564734,0
holdout,0,0.8408796895213454,0
holdout,0,0.33466016519056624,1
holdout,0,0.8342123594387502,0
holdout,0,0.3634192456960892,0
holdout,0,0.9101403124689024,0
holdout,0,0.19325306000597076,1
holdout,0,0.9480545327893323,0
holdout,0,0.3720768235645338,1
holdout,0,0.4036222509702458,1
holdout,0,0.5732908747139018,1
holdout,0,0.5089063588416758,1
holdout,0,0.2613195342820181,1
holdout,0,0.2385311971340432,1
holdout,0,0.20788138123196337,1
holdout,0,0.19723355557766942,1
holdout,0,0.9712409194944771,0
holdout,0,0.5455269181013036,1
holdout,0,0.5450293561548413,0
holdout,0,0.6732013135635386,0
holdout,0,0.09344213354562643,0
holdout,0,0.3199323315752811,1
holdout,0,0.14140710518459548,1
holdout,0,0.5821474773609314,1
holdout,0,0.2792317643546622,1
holdout,0,0.6733008259528311,0
holdout,0,0.6188675490098517,1
holdout,0,0.9917404716887253,1
holdout,0,0.6103094835306996,1
holdout,0,0.9076525027365907,0
holdout,0,0.002985371678774007,1
holdout,0,0.38053537665439346,1
holdout,0,0.1395163697880386,1
holdout,0,0.9521345407503234,1
holdout,0,0.1593193352572395,0
holdout,0,0.257040501542442,1
holdout,0,0.8786943974524828,0
holdout,0,0.870832918698378,1
holdout,0,0.3606328987959001,1
holdout,0,0.25694098915314956,1
holdout,0,0.05343815305005473,1
holdout,0,0.9129266593690915,0
holdout,0,0.48800875709025776,0
holdout,0,0.9300427903273958,0
holdout,0,0.0553288884466116,1
holdout,0,0.19653696885262215,0
holdout,0,0.07891332470892626,0
holdout,0,0.8252562444024281,0
holdout,0,0.4800477659468604,1
holdout,0,0.7480346303114738,0
holdout,0,0.9550204000398049,0
holdout,0,0.44223305801572294,1
holdout,0,0.04925863269977112,0
holdout,0,0.2851029953229177,0
holdout,0,0.37018608816797693,1
holdout,0,0.7677380833913823,1
holdout,0,0.9256642451985272,0
holdout,0,0.2370385112946562,1
holdout,0,0.9416857398746143,0
holdout,0,0.2959498457557966,1
holdout,0,0.07582844064085979,1
holdout,0,0.8103293860085581,1
holdout,0,0.07881381231963379,1
holdout,0,0.8319235744850234,1
holdout,0,0.04677082296745945,1
holdout,0,0.7260423922778386,1
holdout,0,0.22041994228281422,1
holdout,0,0.37536073241118517,1
holdout,0,0.810528410787143,0
holdout,0,0.5570703552592298,0
holdout,0,0.9107373868046572,0
holdout,0,0.5306000597074336,1
holdout,0,0.4694994526818589,1
holdout,0,0.2369389989053637,1
holdout,0,0.9696487212657976,0
holdout,0,0.66922081799184,0
holdout,0,0.507015623445119,1
holdout,0,0.7303214250174147,1
holdout,0,0.0517464424320828,1
holdout,0,0.4576574783560553,1
holdout,0,0.8504328788934222,0
holdout,0,0.9211861876803662,0
holdout,0,0.966762861976316,0
holdout,0,0.584834311871828,1
holdout,0,0.7663449099412877,0
holdout,0,0.6561846949945268,0
holdout,0,0.8774007363916808,0
holdout,0,0.040501542442034036,1
holdout,0,0.3078913324708926,0
holdout,0,0.5410488605831426,1
holdout,0,0.9324310876704149,1
holdout,0,0.9227783859090457,0
holdout,0,0.9148173947656483,1
holdout,0,0.18270474674096926,1
holdout,0,0.2979400935416459,0
holdout,0,0.007960991143397354,0
holdout,0,0.7828639665638372,0
holdout,0,0.8884466116031446,0
holdout,0,0.5049258632699771,1
holdout,0,0.46691213056025477,0
holdout,0,0.9796994725843368,1
holdout,0,0.43437157926161807,1
holdout,0,0.5676186685242313,1
holdout,0,0.2571400139317345,1
holdout,0,0.6123992437058414,1
holdout,0,0.37317145984675093,0
holdout,0,0.37426609612896805,0
holdout,0,0.14966663349587023,1
holdout,0,0.0673698875510001,0
holdout,0,0.6146880286595681,1
holdout,0,0.3139615882177331,1
holdout,0,0.32351477758980995,0
holdout,0,0.557965966762862,0
holdout,0,0.8603841178226689,1
holdout,0,0.645138819783063,1
holdout,0,0.5844362623146582,1
holdout,0,0.6870335356751915,1
holdout,0,0.8054532789332272,0
holdout,0,0.9676584734799483,0
holdout,0,0.12956513085879193,0
holdout,0,0.9976117026569808,1
holdout,0,0.4600457756990745,1
holdout,0,0.8480445815504031,0
holdout,0,0.47566922081799184,0
holdout,0,0.5198527216638471,1
holdout,0,0.7664444223305802,1
holdout,0,0.1347397751020002,1
holdout,0,0.4247188775002488,1
holdout,0,0.16927057418648622,1
holdout,0,0.04080007960991144,0
holdout,0,0.29545228380933425,1
holdout,0,0.21753408299333268,1
holdout,0,0.3885958801870833,1
holdout,0,0.8924271071748433,0
holdout,0,0.22718678475470197,1
holdout,0,0.302219126281222,1
holdout,0,0.7753010249776097,1
holdout,0,0.0411981291670813,1
holdout,0,0.9183003283908847,1
holdout,0,0.8658572992337547,0
holdout,0,0.04985570703552592,1
holdout,0,0.4411384217335058,1
holdout,0,0.7791820081600159,0
holdout,0,0.2964474077022589,1
holdout,0,0.14926858393870038,1
holdout,0,0.17663449099412876,1
holdout,0,0.252562444024281,0
holdout,0,0.0718479450691611,1
holdout,0,0.5779679570106478,0
holdout,0,0.9855707035525924,0
holdout,0,0.6459349188974027,0
holdout,0,0.6305104985570703,1
holdout,0,0.694596477261419,0
holdout,0,0.3792417155935914,0
holdout,0,0.631505622449995,1
holdout,0,0.4073042093740671,1
holdout,0,0.24838292367399742,1
holdout,0,0.787939098417753,0
holdout,0,0.8251567320131357,1
holdout,0,0.7863469001890735,0
holdout,0,0.29973131654891033,1
holdout,0,0.32819185988655586,1
holdout,0,0.5751816101104588,1
holdout,0,0.7839586028460543,0
holdout,0,0.4186486217534083,0
holdout,0,0.33426211563339636,1
holdout,0,0.2679868643646134,1
holdout,0,0.363817295253259,1
holdout,0,0.7828639665638372,1
holdout,0,0.2264901980296547,1
holdout,0,0.9299432779381033,1
holdout,0,0.12439048661558363,0
holdout,0,0.6757886356851428,0
holdout,0,0.8260523435167678,0
holdout,0,0.6546920091551398,1
holdout,0,0.8068464523833218,0
holdout,0,0.07254453179420838,1
holdout,0,0.8260523435167678,0
holdout,0,0.162404219325306,1
holdout,0,0.38690416956911133,0
holdout,0,0.5162702756493184,0
holdout,0,0.7329087471390188,0
holdout,0,0.42402229077520154,1
holdout,0,0.7737088267489303,1
holdout,0,0.2910737386804657,0
holdout,0,0.04348691412080804,1
holdout,0,0.022688824758682457,1
holdout,0,0.275151756393671,0
holdout,0,0.29704448203801376,0
holdout,0,0.9060603045079112,0
holdout,0,0.4768633694895014,1
holdout,0,0.38998905363717784,1
holdout,0,0.2611205095034332,1
holdout,0,0.4753706836501144,1
holdout,0,0.38003781470793113,0
holdout,0,0.7860483630211962,0
holdout,0,0.28470494576574784,1
holdout,0,0.6560851826052344,1
holdout,0,0.04398447606727038,1
holdout,0,0.2021096626530003,1
holdout,0,0.22449995024380534,1
holdout,0,0.3545626430490596,1
holdout,0,0.8500348293362524,0
holdout,0,0.5076126977808737,1
holdout,0,0.3468006766842472,1
holdout,0,0.2601253856105085,1
holdout,0,0.7289282515673201,0
holdout,0,0.07423624241218031,1
holdout,0,0.7149965170663748,0
holdout,0,0.66922081799184,0
holdout,0,0.873818290377152,0
holdout,0,0.5020400039804955,0
holdout,0,0.12866951935515972,0
holdout,0,0.876803662055926,0
holdout,0,0.09901482734600457,1
holdout,0,0.5492088765051248,1
holdout,0,0.7847547019603941,1
holdout,0,0.9615882177331078,0
holdout,0,0.7436560851826053,0
holdout,0,0.34839287491292664,1
holdout,0,0.18260523435167678,1
holdout,0,0.5276146880286595,0
holdout,0,0.5943875012439048,1
holdout,0,0.7579858692407204,0
holdout,0,0.008558065479152154,1
holdout,0,0.4595482137526122,0
holdout,0,0.7813712807244502,0
holdout,0,0.3897900288585929,1
holdout,0,0.581848940193054,1
holdout,0,0.24738779978107275,0
holdout,0,0.682455965767738,1
holdout,0,0.505124888048562,1
holdout,0,0.7680366205592596,1
holdout,0,0.5597571897701263,0
holdout,0,0.06776793710816997,1
holdout,0,0.3948651607125087,0
holdout,0,0.709921385212459,1
holdout,0,0.7690317444521843,0
holdout,0,0.3902875908050552,1
holdout,0,0.5481142402229078,0
holdout,0,0.0682654990546323,1
holdout,0,0.09881580256741965,0
holdout,0,0.493183401333466,1
holdout,0,0.3898895412478854,0
holdout,0,0.26301124489999006,0
holdout,0,0.275151756393671,1
holdout,0,0.8440640859787043,0
holdout,0,0.41009055627425617,1
holdout,0,0.6449397950044781,0
holdout,0,0.7741068763061001,0
holdout,0,0.6307095233356553,1
holdout,0,0.06945964772614191,0
holdout,0,0.5975718977012638,1
holdout,0,0.909841775301025,0
holdout,0,0.5673201313563538,1
holdout,0,0.6153846153846154,1
holdout,0,0.12767439546223505,0
holdout,0,0.2694795502040004,0
holdout,0,0.8750124390486615,0
holdout,0,0.5047268384913922,0
holdout,0,0.2581351378246592,1
holdout,0,0.41088665538859587,0
holdout,0,0.915613493879988,0
holdout,0,0.8309284505920987,1
holdout,0,0.3436162802268882,1
holdout,0,0.06866354861180217,1
holdout,0,0.8570006965867251,0
holdout,0,0.40760274654194445,1
holdout,0,0.3782465917006667,1
holdout,0,0.6835506020499552,1
holdout,0,0.897502239028759,0
holdout,0,0.4415364712906757,1
holdout,0,0.30510498557070354,1
holdout,0,0.47805751816101105,0
holdout,0,0.8805851328490397,1
holdout,0,0.037914220320429896,1
holdout,0,0.16887252462931635,1
holdout,0,0.06309085481142403,0
holdout,0,0.5467210667728132,1
holdout,0,0.09841775301024977,1
holdout,0,0.3255050253756593,0
holdout,0,0.13464026271270774,0
holdout,0,0.14538760075629417,0
holdout,0,0.024679072544531794,0
holdout,0,0.2123594387501244,1
holdout,0,0.8046571798188874,0
holdout,0,0.1927554980595084,0
holdout,0,0.6320031843964573,0
holdout,0,0.09762165389591004,0
holdout,0,0.6157826649417852,0
holdout,0,0.03323713802368395,1
holdout,0,0.8191859886555877,0
holdout,0,0.3933724748731217,1
holdout,0,0.7813712807244502,0
holdout,0,0.9523335655289084,1
holdout,0,0.42123594387501245,0
holdout,0,0.5103990446810628,0
holdout,0,0.8263508806846452,0
holdout,0,0.33038113245099016,1
holdout,0,0.5468205791621057,1
holdout,0,0.6817593790426908,0
holdout,0,0.4090954323813315,0
holdout,0,0.9723355557766942,0
holdout,0,0.5518957110160215,0
holdout,0,0.7006667330082595,1
holdout,0,0.4090954323813315,1
holdout,0,0.726340929445716,0
holdout,0,0.3034132749527316,0
holdout,0,0.05672206189670614,0
holdout,0,0.6439446711115534,1
holdout,0,0.7957010647825654,1
holdout,0,0.0406010548313265,0
holdout,0,0.045178624738779975,1
holdout,0,0.5489103393372475,1
holdout,0,0.8967061399144194,1
holdout,0,0.7469399940292566,0
holdout,0,0.3014230271668823,1
holdout,0,0.9445715991640959,0
holdout,0,0.09782067867449497,1
holdout,0,0.47925166683252063,1
holdout,0,0.7494278037615684,0
holdout,0,0.7798785948850632,0
holdout,0,0.182008160015922,1
holdout,0,0.584834311871828,0
holdout,0,0.2652005174644243,1
holdout,0,0.9285501044880088,1
holdout,0,0.5015424420340332,1
holdout,0,0.32470892626131953,0
holdout,0,0.09662653000298538,1
holdout,0,0.015225395561747438,1
holdout,0,0.9425813513782466,1
holdout,0,0.30042790327395763,1
holdout,0,0.011742461936511095,1
holdout,0,0.182008160015922,1
holdout,0,0.7041496666334959,1
holdout,0,0.711215046273261,0
holdout,0,0.5441337446512091,0
holdout,0,0.5214449198925266,1
holdout,0,0.7089262613195343,0
holdout,0,0.5928948154045178,0
holdout,0,0.13105781669817892,0
holdout,0,0.25485122897800777,0
holdout,0,0.14658174942780375,0
holdout,0,0.7949049656682257,1
holdout,0,0.45427405712011143,1
holdout,0,0.02925664245198527,0
holdout,0,0.9323315752811225,0
holdout,0,0.5970743357548015,0
holdout,0,0.32520648820778186,0
holdout,0,0.5620459747238531,0
holdout,0,0.3298835705045278,1
holdout,0,0.8370982187282316,0
holdout,0,0.36282217136033434,1
holdout,0,0.5018409792019106,1
holdout,0,0.3942680863767539,1
holdout,0,0.32500746342919695,0
holdout,0,0.02637078316250373,1
holdout,0,0.05582645039307394,0
holdout,0,0.30082595283112745,1
holdout,0,0.9350184097920191,0
holdout,0,0.11374266096128968,0
holdout,0,0.963777490297542,0
holdout,0,0.04667131057816698,0
holdout,0,0.10080605035326898,0
holdout,0,0.7837595780674694,1
holdout,0,0.36113046074236244,0
holdout,0,0.675191561349388,1
holdout,0,0.9576077221614091,0
holdout,0,0.7479351179221813,1
holdout,0,0.8325206488207781,1
holdout,0,0.7447507214648224,1
holdout,0,0.16320031843964575,1
holdout,0,0.6641456861379241,0
holdout,0,0.07453477958005772,1
holdout,0,0.04915912031047866,1
holdout,0,0.43606328987959003,1
holdout,0,0.6384714897004677,1
holdout,0,0.9062593292864962,1
holdout,0,0.5923972534580555,1
holdout,0,0.7744054134739775,0
holdout,0,0.5345805552791323,1
holdout,0,0.445218429694497,0
holdout,0,0.9631804159617873,1
holdout,0,0.7848542143496865,1
holdout,0,0.042989352174345706,1
holdout,0,0.881082694795502,0
holdout,0,0.6877301224002388,0
holdout,0,0.9576077221614091,1
holdout,0,0.7221614090954324,1
holdout,0,0.4143695890138322,1
holdout,0,0.11344412379341227,1
holdout,0,0.899392974425316,1
holdout,0,0.3469997014628321,0
holdout,0,0.947357946064285,0
holdout,0,0.6281222012140512,1
holdout,0,0.17325106975818488,1
holdout,0,0.8335157727137028,1
holdout,0,0.7857498258533188,0
holdout,0,0.025276146880286596,0
holdout,0,0.49786048363021196,1
holdout,0,0.9762165389591004,0
holdout,0,0.4611404119812917,1
holdout,0,0.9478555080107474,0
holdout,0,0.30062692805254254,1
holdout,0,0.434570604040203,0
holdout,0,0.6648422728629715,1
holdout,0,0.7914220320429893,0
holdout,0,0.508110259727336,1
holdout,0,0.6728032640063688,1
holdout,0,0.41088665538859587,1
holdout,0,0.35535874216339935,1
holdout,0,0.7183799383023186,0
holdout,0,0.22440043785451289,1
holdout,0,0.9438750124390487,1
holdout,0,0.3404318837695293,1
holdout,0,0.4807443526719076,0
holdout,0,0.48920290576176734,1
holdout,0,0.5049258632699771,1
holdout,0,0.9127276345905065,0
holdout,0,0.5770723455070156,1
holdout,0,0.9075529903472982,0
holdout,0,0.8287391780276644,1
holdout,0,0.6726042392277839,1
holdout,0,0.6384714897004677,1
holdout,0,0.8163996417553986,0
holdout,0,0.1040899591999204,1
holdout,0,0.6761866852423126,1
holdout,0,0.22440043785451289,1
holdout,0,0.7694297940093542,0
holdout,0,0.7735098019703454,0
holdout,0,0.3416260324410389,1
holdout,0,0.31913623246094136,1
holdout,0,0.23992437058413774,1
holdout,0,0.10876704149666634,1
holdout,0,0.9797989849736293,0
holdout,0,0.023982485819484527,0
holdout,0,0.987859488506319,0
holdout,0,0.7913225196536969,1
holdout,0,0.6792715693103791,1
holdout,0,0.896009553189372,1
holdout,0,0.4559657677380834,1
holdout,0,0.9775102000199025,1
holdout,0,0.059209871629017814,1
holdout,0,0.6383719773111752,1
holdout,0,0.2908747139018808,1
holdout,0,0.11921584237237536,0
holdout,0,0.5190566225495075,0
holdout,0,0.10538362026072245,0
holdout,0,0.9097422629117325,1
holdout,0,0.5658274455169668,1
holdout,0,0.4788536172753508,1
holdout,0,0.2833117723156533,1
holdout,0,0.584834311871828,1
holdout,0,0.9434769628818788,1
holdout,0,0.8932232062891831,0
holdout,0,0.8148074435267191,1
holdout,0,0.6735993631207086,0
holdout,0,0.773012240023883,1
holdout,0,0.8122201214051149,0
holdout,0,0.6763857100208976,1
holdout,0,0.815006468305304,0
holdout,0,0.9779082495770723,0
holdout,0,0.09732311672803264,1
holdout,0,0.2508707334063091,1
holdout,0,0.40919494477062396,1
holdout,0,0.49069559160115434,1
holdout,0,0.38511294656184697,0
holdout,0,0.8863568514280028,0
holdout,0,0.8277440541347397,1
holdout,0,0.7140013931734501,1
holdout,0,0.09334262115633396,1
holdout,0,0.7957010647825654,0
holdout,0,0.9315354761667828,1
holdout,0,0.6078216737983879,0
holdout,0,0.3821275748830729,1
holdout,0,0.9697482336550901,0
holdout,0,0.3373469997014628,1
holdout,0,0.162404219325306,0
holdout,0,0.8987959000895611,0
holdout,0,0.4378545128868544,1
holdout,0,0.8859588018708329,1
holdout,0,0.7051447905264205,1
holdout,0,0.8462533585431387,0
holdout,0,0.4381530500547318,0
holdout,0,0.9575082097721166,1
holdout,0,0.4510896606627525,1
holdout,0,0.461637973927754,0
holdout,0,0.8861578266494179,1
holdout,0,0.9502438053537665,1
holdout,0,0.6433475967757986,0
holdout,0,0.2249975121902677,1
holdout,0,0.5471191163299831,0
holdout,0,0.9183003283908847,0
holdout,0,0.9718379938302318,1
holdout,0,0.871927554980595,0
holdout,0,0.9424818389889541,1
holdout,0,0.37247487312170363,0
holdout,0,0.3737685341825057,1
holdout,0,0.8564036222509702,0
holdout,0,0.29694496964872125,1
holdout,0,0.514479052642054,1
holdout,0,0.7369887551000099,1
holdout,0,0.5779679570106478,1
holdout,0,0.45427405712011143,1
holdout,0,0.2839088466514081,1
holdout,0,0.27415663250074634,1
holdout,0,0.09423823265996617,1
holdout,0,0.5347795800577172,1
holdout,0,0.34988556075231364,1
holdout,0,0.8992934620360234,1
holdout,0,0.2021096626530003,1
holdout,0,0.445019404915912,1
holdout,0,0.5047268384913922,1
holdout,0,0.4949746243407304,0
holdout,0,0.9456662354463131,0
holdout,0,0.5965767738083392,1
holdout,0,0.7873420240819982,1
holdout,0,0.8326201612100707,0
holdout,0,0.6574783560553289,1
holdout,0,0.9256642451985272,0
holdout,0,0.1585232361428998,1
holdout,0,0.584834311871828,1
holdout,0,0.6316051348392875,0
holdout,0,0.6927057418648622,1
holdout,0,0.7049457657478356,1
holdout,0,0.45606528012737585,1
holdout,0,0.2700766245397552,1
holdout,0,0.1725544830331376,1
holdout,0,0.9120310478654593,0
holdout,0,0.40013931734500946,0
holdout,0,0.8906358841675789,0
holdout,0,0.8296347895312967,0
holdout,0,0.15563737685341825,1
holdout,0,0.48920290576176734,0
holdout,0,0.9222808239625834,0
holdout,0,0.35446313065976714,1
holdout,0,0.7890337346999702,1
holdout,0,0.945865260224898,0
holdout,0,0.74425315951836,1
holdout,0,0.24728828739178027,1
holdout,0,0.9713404318837695,1
holdout,0,0.837595780674694,1
holdout,0,0.9664643248084387,0
holdout,0,0.7546024480047766,1
holdout,0,0.8294357647527117,1
holdout,0,0.17006667330082595,1
holdout,0,0.13255050253756592,0
holdout,0,0.18330182107672405,1
holdout,0,0.7004677082296746,0
holdout,0,0.1842969449696487,0
holdout,0,0.36819584038212755,1
holdout,0,0.6482237038511295,0
holdout,0,0.23365509005871232,1
holdout,0,0.24111851925564734,1
holdout,0,0.11722559458652602,1
holdout,0,0.3025176634490994,1
holdout,0,0.5975718977012638,1
holdout,0,0.9170066673300826,0
holdout,0,0.5800577171857896,1
holdout,0,0.9749228778982983,0
holdout,0,0.26987759976117026,1
holdout,0,0.8057518161011046,0
holdout,0,0.9857697283311773,0
holdout,0,0.5911035923972534,1
holdout,0,0.5582645039307393,0
holdout,0,0.4393471987262414,0
holdout,0,0.48124191461837,1
holdout,0,0.7012638073440143,1
holdout,0,0.9380037814707931,0
holdout,0,0.778982983381431,1
holdout,0,0.986366802666932,1
holdout,0,0.28171957408697385,1
holdout,0,0.8928251567320131,0
holdout,0,0.7664444223305802,1
holdout,0,0.500646830530401,1
holdout,0,0.9427803761568315,0
holdout,0,0.2330580157229575,1
holdout,0,0.454174544730819,0
holdout,0,0.888944173549607,0
holdout,0,0.08786943974524829,1
holdout,0,0.15882177331077718,1
holdout,0,0.4523833217235546,1
holdout,0,0.32948552094735795,1
holdout,0,0.869141208080406,0
holdout,0,0.7553985471191164,0
holdout,0,0.24838292367399742,1
holdout,0,0.27226589710418947,0
holdout,0,0.9315354761667828,1
holdout,0,0.9678574982585332,0
holdout,0,0.1329485520947358,1
holdout,0,0.6374763658075431,1
holdout,0,0.5375659269579063,0
holdout,0,0.843566524032242,1
holdout,0,0.6064285003482933,1
holdout,0,0.9250671708627725,0
holdout,0,0.8740173151557369,0
holdout,0,0.8957110160214947,0
holdout,0,0.8604836302119614,1
holdout,0,0.2880883670016917,0
holdout,0,0.5928948154045178,0
holdout,0,0.5842372375360733,0
holdout,0,0.1094636282217136,1
holdout,0,0.8518260523435167,1
holdout,0,0.8041596178724251,1
holdout,0,0.9879590008956115,1
holdout,0,0.5605532888844661,1
holdout,0,0.33038113245099016,1
holdout,0,0.730818986963877,0
holdout,0,0.41546422529604937,1
holdout,0,0.1952433077918201,1
holdout,0,0.9523335655289084,0
holdout,0,0.843566524032242,1
holdout,0,0.9604935814508906,0
holdout,0,0.8971041894715892,1
holdout,0,0.5711016021494676,0
holdout,0,0.7169867648522241,0
holdout,0,0.4296944969648721,1
holdout,0,0.17663449099412876,0
holdout,0,0.5153746641456861,1
holdout,0,0.25604537764951735,1
holdout,0,0.47845556771818093,1
holdout,0,0.381928550104488,0
holdout,0,0.6111055826450393,1
holdout,0,0.9911433973529704,0
holdout,0,0.731018011742462,0
holdout,0,0.46123992437058414,1
holdout,0,0.8022688824758683,0
holdout,0,0.15593591402129564,1
holdout,0,0.1961389192954523,1
holdout,0,0.5787640561249876,1
holdout,0,0.31963379440740375,1
holdout,0,0.47746044382525626,1
holdout,0,0.2288784953726739,1
holdout,0,0.02069857697283312,0
holdout,0,0.6250373171459846,1
holdout,0,0.9179022788337148,0
holdout,0,0.5568713304806449,1
holdout,0,0.9716389690516469,0
holdout,0,0.2279828838690417,1
holdout,0,0.875310976216539,1
holdout,0,0.44551696686237435,0
holdout,0,0.9416857398746143,0
holdout,0,0.8790924470096527,0
holdout,0,0.5707035525922978,0
holdout,0,0.4683053040103493,1
holdout,0,0.9702457956015524,0
holdout,0,0.25395561747437556,1
holdout,0,0.906657378843666,0
holdout,0,0.5444322818190864,1
holdout,0,0.5344810428898398,1
holdout,0,0.6842471887750025,1
holdout,0,0.1819086476266295,0
holdout,0,0.14897004677082296,1
holdout,0,0.815006468305304,0
holdout,0,0.6504129764155637,1
holdout,0,0.793909841775301,1
holdout,0,0.4141705642352473,1
holdout,0,0.693103791422032,1
holdout,0,0.22449995024380534,1
holdout,0,0.4766643447109165,1
holdout,0,0.09155139814906955,1
holdout,0,0.9749228778982983,0
holdout,0,0.1467807742063887,1
holdout,0,0.9695492088765051,1
holdout,0,0.8395860284605433,1
holdout,0,0.9137227584834312,0
holdout,0,0.5185590606030451,1
holdout,0,0.9817892327594786,1
holdout,0,0.07075330878694397,1
holdout,0,0.7974922877898298,1
holdout,0,0.0027863469001890733,0
holdout,0,0.9847746044382526,1
holdout,0,0.1882774405413474,1
holdout,0,0.11921584237237536,1
holdout,0,0.6193651109563141,1
holdout,0,0.29853716787740076,1
holdout,0,0.053736690217932134,1
holdout,0,0.9619862672902776,1
holdout,0,0.8431684744750721,0
holdout,0,0.4885063190367201,1
holdout,0,0.8058513284903971,0
holdout,0,0.9795004478057519,1
holdout,0,0.13573489899492486,1
holdout,0,0.48253557567917205,0
holdout,0,0.7336053338640661,1
holdout,0,0.04348691412080804,1
holdout,0,0.9869638770026868,0
holdout,0,0.41218031644939795,1
holdout,0,0.7514180515474177,1
holdout,0,0.5477161906657378,0
holdout,0,0.2927654492984377,1
holdout,0,0.6672305702059906,1
holdout,0,0.34500945367698277,1
holdout,0,0.9708428699373072,1
holdout,0,0.9319335257239526,0
holdout,0,0.2740571201114539,1
holdout,0,0.6122997313165489,0
holdout,0,0.42183301821076724,1
holdout,0,0.2159418847646532,1
holdout,0,0.4378545128868544,1
holdout,0,0.7830629913424221,1
holdout,0,0.8421733505821475,0
holdout,0,0.775997611702657,1
holdout,0,0.488705343815305,1
holdout,0,0.5938899392974425,0
holdout,0,0.0553288884466116,1
holdout,0,0.4830331376256344,1
holdout,0,0.9995024380535377,1
holdout,0,0.5508010747338044,1
holdout,0,0.7147974922877899,0
holdout,0,0.8909344213354563,1
holdout,0,0.6534978604836302,0
holdout,0,0.4617374863170465,1
holdout,0,0.9545228380933426,0
holdout,0,0.683948651607125,1
holdout,0,0.3267986864364613,0
holdout,0,0.5445317942083789,1
holdout,0,0.30480644840282617,1
holdout,0,0.5362722658971042,1
holdout,0,0.6755896109065579,1
holdout,0,0.21872823166484226,1
holdout,0,0.7393770524430292,1
holdout,0,0.7777888347099214,0
holdout,0,0.33227186784754703,0
holdout,0,0.824161608120211,1
holdout,0,0.5849338242611205,1
holdout,0,0.9745248283411285,1
holdout,0,0.49248681460841875,1
holdout,0,0.18569011841974326,1
holdout,0,0.7070355259229774,1
holdout,0,0.9585033336650413,0
holdout,0,0.1801174246193651,1
holdout,0,0.4944770623942681,1
holdout,0,0.9782067867449498,0
holdout,0,0.06289183003283909,1
holdout,0,0.8061498656582744,0
holdout,0,0.8558065479152155,1
holdout,0,0.6472285799582048,0
holdout,0,0.4322818190864763,1
holdout,0,0.20081600159219823,1
holdout,0,0.6514081003084884,1
holdout,0,0.4938799880585133,1
holdout,0,0.4595482137526122,1
holdout,0,0.45427405712011143,1
holdout,0,0.3801373270972236,1
holdout,0,0.41257836600656783,1
holdout,0,0.5598567021594189,1
holdout,0,0.03910836899193949,0
holdout,0,0.618071449895512,1
holdout,0,0.1461836998706339,1
holdout,0,0.27634590506518064,1
holdout,0,0.8805851328490397,1
holdout,0,0.730619962185292,1
holdout,0,0.5887152950542343,1
holdout,0,0.27545029356154843,0
holdout,0,0.8521245895113941,1
holdout,0,0.0896606627525127,1
holdout,0,0.7368892427107174,1
holdout,0,0.5359737287292268,1
holdout,0,0.8863568514280028,0
holdout,0,0.3069957209672604,1
holdout,0,0.5440342322619166,1
holdout,0,0.6475271171260822,1
holdout,0,0.2186287192755498,1
holdout,0,0.5558762065877202,1
holdout,0,0.06567817693302816,1
holdout,0,0.7823664046173748,1
holdout,0,0.8460543337645536,1
holdout,0,0.3134640262712708,0
holdout,0,0.09214847248482436,0
holdout,0,0.9545228380933426,0
holdout,0,0.20101502637078317,0
holdout,0,0.5761767340033834,0
holdout,0,0.6546920091551398,1
holdout,0,0.6761866852423126,1
holdout,0,0.9438750124390487,1
holdout,0,0.30838889441735495,1
holdout,0,0.6814608418748134,0
holdout,0,0.6495173649119316,1
holdout,0,0.8999900487610708,0
holdout,0,0.18131157329087472,0
holdout,0,0.2718678475470196,1
holdout,0,0.7661458851627028,0
holdout,0,0.08946163797392775,1
holdout,0,0.8657577868444621,0
holdout,0,0.5716986764852224,1
holdout,0,0.613593392377351,1
holdout,0,0.5611503632202209,1
holdout,0,0.6728032640063688,0
holdout,0,0.8728231664842273,0
holdout,0,0.4981590207980894,1
holdout,0,0.9289481540451786,1
holdout,0,0.7214648223703851,1
holdout,0,0.7999800975221415,1
holdout,0,0.5965767738083392,1
holdout,0,0.8397850532391282,1
holdout,0,0.6623544631306598,1
holdout,0,0.1804159617872425,1
holdout,0,0.6984774604438253,0
holdout,0,0.8666533983480943,1
holdout,0,0.6793710816996716,1
holdout,0,0.4284008359040701,1
holdout,0,0.6423524728828739,1
holdout,0,0.5879191959398945,1
holdout,0,0.3868046571798189,0
holdout,0,0.12140511493680964,0
holdout,0,0.6846452383321724,1
holdout,0,0.41257836600656783,1
holdout,0,0.06100109463628222,1
holdout,0,0.8309284505920987,1
holdout,0,0.9872624141705643,0
holdout,0,0.8727236540949348,1
holdout,0,0.9229774106876306,0
holdout,0,0.6054333764553687,1
holdout,0,0.3797392775400537,1
holdout,0,0.25694098915314956,1
holdout,0,0.956712110657777,0
holdout,0,0.3532689819882575,1
holdout,0,0.5824460145288088,1
holdout,0,0.6067270375161707,1
holdout,0,0.3136630510498557,1
holdout,0,0.08926261319534282,1
holdout,0,0.9418847646531994,0
holdout,0,0.06866354861180217,1
holdout,0,0.8048562045974724,0
holdout,0,0.5246293163498855,1
holdout,0,0.9538262513682954,0
holdout,0,0.17016618569011843,1
holdout,0,0.3802368394865161,1
holdout,0,0.8791919593989451,0
holdout,0,0.8963080903572495,1
holdout,0,0.7621653895910041,1
holdout,0,0.257239526321027,1
holdout,0,0.41088665538859587,0
holdout,0,0.5568713304806449,0
holdout,0,0.31764354662155436,1
holdout,0,0.5692108667529108,1
holdout,0,0.1191163299830829,1
holdout,0,0.7686336948950144,1
holdout,0,0.4694994526818589,1
holdout,0,0.8494377550004976,1
holdout,0,0.7460443825256244,1
holdout,0,0.27634590506518064,0
holdout,0,0.33595382625136827,1
holdout,0,0.9120310478654593,1
holdout,0,0.4432281819086476,0
holdout,0,0.681361329485521,1
holdout,0,0.3103791422032043,1
holdout,0,0.4237237536073241,1
holdout,0,0.03035127873420241,1
holdout,0,0.8967061399144194,0
holdout,0,0.13434172554483034,0
holdout,0,0.9031744452184297,1
holdout,0,0.8558065479152155,0
holdout,0,0.9333266991740472,0
holdout,0,0.9507413673002288,0
holdout,0,0.8754104886058314,0
holdout,0,0.31376256343914816,0
holdout,0,0.14658174942780375,1
holdout,0,0.882774405413474,1
holdout,0,0.2989352174345706,1
holdout,0,0.23325704050154245,1
holdout,0,0.8333167479351179,1
holdout,0,0.9452681858891432,0
holdout,0,0.7783859090456762,0
holdout,0,0.9575082097721166,1
holdout,0,0.6401632003184397,1
holdout,0,0.19454672106677282,0
holdout,0,0.7494278037615684,1
holdout,0,0.7150960294556672,1
holdout,0,0.34779580057717185,1
holdout,0,0.798586924072047,1
holdout,0,0.5387600756294159,0
holdout,0,0.1976316051348393,0
holdout,0,0.8315255249278535,1
holdout,0,0.5434371579261618,1
holdout,0,0.6926062294755697,0
holdout,0,0.678176933028162,1
holdout,0,0.9682555478157031,1
holdout,0,0.5787640561249876,1
holdout,0,0.9416857398746143,0
holdout,0,0.44611404119812914,1
holdout,0,0.16369788038610808,0
holdout,0,0.3948651607125087,0
holdout,0,0.43884963677977906,0
holdout,0,0.7664444223305802,1
holdout,0,0.7530102497760971,1
holdout,0,0.34839287491292664,1
holdout,0,0.6447407702258932,0
holdout,0,0.034033237138023684,0
holdout,0,0.17514180515474176,1
holdout,0,0.6279231764354662,1
holdout,0,0.031445915016419544,0
holdout,0,0.4746740969250672,1
holdout,0,0.9375062195243308,1
holdout,0,0.8365011443924769,1
holdout,0,0.341427007662454,1
holdout,0,0.6611603144591501,1
holdout,0,0.32281819086476266,1
holdout,0,0.5871230968255547,0
holdout,0,0.8162006169768136,1
holdout,0,0.930739377052443,0
holdout,0,0.10777191760374166,1
holdout,0,0.49845755796596675,1
holdout,0,0.9148173947656483,0
holdout,0,0.08388894417354961,0
holdout,0,0.8260523435167678,0
holdout,0,0.6469300427903274,0
holdout,0,0.9819882575380635,1
holdout,0,0.8027664444223306,0
holdout,0,0.5876206587720171,1
holdout,0,0.9267588814807444,0
holdout,0,0.9958204796497164,0
holdout,0,0.13523733704846252,0
holdout,0,0.5026370783162504,0
holdout,0,0.8558065479152155,0
holdout,0,0.6078216737983879,1
holdout,0,0.8534182505721962,0
holdout,0,0.079709423823266,0
holdout,0,0.2238033635187581,1
holdout,0,0.8777987859488506,1
holdout,0,0.5777689322320629,1
holdout,0,0.9959199920390088,0
holdout,0,0.6957906259329286,1
holdout,0,0.3338640660762265,1
holdout,0,0.03363518758085381,0
holdout,0,0.4505920987162902,1
holdout,0,0.17762961488705345,1
holdout,0,0.861677778883471,1
holdout,0,0.7241516568812817,1
holdout,0,0.6098119215842372,0
holdout,0,0.1076724052144492,1
holdout,0,0.6388695392576376,1
holdout,0,0.9931336451388197,1
holdout,0,0.3209274554682058,1
holdout,0,0.133844163598368,0
holdout,0,0.034033237138023684,1
holdout,0,0.8360035824460146,0
holdout,0,0.9916409592994327,0
holdout,0,0.1076724052144492,1
holdout,0,0.9159120310478654,0
holdout,0,0.024281022987361928,1
holdout,0,0.25196536968852623,0
holdout,0,0.4927853517762962,0
holdout,0,0.30600059707433575,0
holdout,0,0.4225296049358145,1
holdout,0,0.0385112946561847,1
holdout,0,0.4694994526818589,1
holdout,0,0.7580853816300129,1
holdout,0,0.11374266096128968,1
holdout,0,0.8560055726938004,1
holdout,0,0.7965966762861977,1
holdout,0,0.9285501044880088,1
holdout,0,0.29784058115235346,1
holdout,0,0.46810627923176434,1
holdout,0,0.63170464722858,1
holdout,0,0.8641655886157826,0
holdout,0,0.21056821574286,1
holdout,0,0.32470892626131953,0
holdout,0,0.8897402726639466,1
holdout,0,0.46691213056025477,1
holdout,0,0.037615683152552495,1
holdout,0,0.5942879888546124,1
holdout,0,0.8189869638770026,1
holdout,0,0.867648522241019,0
holdout,0,0.5627425614489003,0
holdout,0,0.9978107274355658,1
holdout,0,0.25007463429196936,0
holdout,0,0.9869638770026868,0
holdout,0,0.8791919593989451,0
holdout,0,0.8785948850631904,0
holdout,0,0.6374763658075431,0
holdout,0,0.9764155637376853,1
holdout,0,0.4585530898596875,1
holdout,0,0.47865459249676584,1
holdout,0,0.8959100408000796,1
holdout,0,0.8923275947855508,1
holdout,0,0.6530002985371679,1
holdout,0,0.7089262613195343,0
holdout,0,0.9137227584834312,0
holdout,0,0.35625435366703156,1
holdout,0,0.8573987461438949,0
holdout,0,0.5378644641257837,1
holdout,0,0.8393870036819584,0
holdout,0,0.11025972733605334,1
holdout,0,0.6075231366305105,1
holdout,0,0.6833515772713703,1
holdout,0,0.9728331177231565,0
holdout,0,0.9040700567220619,0
holdout,0,0.8223703851129466,1
holdout,0,0.5759777092247985,0
holdout,0,0.9773111752413175,0
holdout,0,0.2430092546522042,1
holdout,0,0.2442034033237138,1
holdout,0,0.3395362722658971,1
holdout,0,0.2760473678973032,1
holdout,0,0.14389491491690715,1
holdout,0,0.22549507413673003,1
holdout,0,0.5183600358244601,1
holdout,0,0.19623843168474475,1
holdout,0,0.09662653000298538,1
holdout,0,0.3817295253259031,1
holdout,0,0.8574982585331874,1
holdout,0,0.2740571201114539,1
holdout,0,0.16927057418648622,1
holdout,0,0.4381530500547318,0
holdout,0,0.6988755100009951,1
holdout,0,0.18907353965568713,1
holdout,0,0.31585232361429,1
holdout,0,0.9599960195044283,0
holdout,0,0.8938202806249378,1
holdout,0,0.5345805552791323,1
holdout,0,0.3576475271171261,0
holdout,0,0.3837197731117524,0
holdout,0,0.41815105980694595,1
holdout,0,0.9397950044780575,1
holdout,0,0.14926858393870038,1
holdout,0,0.23295850333366505,0
holdout,0,0.49756194646233454,0
holdout,0,0.18777987859488507,0
holdout,0,0.9361130460742363,1
holdout,0,0.7462434073042093,1
holdout,0,0.5514976614588516,0
holdout,0,0.182008160015922,1
holdout,0,0.14578565031346402,0
holdout,0,0.8640660762264902,0
holdout,0,0.9621852920688626,0
holdout,0,0.41944472086774803,1
holdout,0,0.9795999601950443,0
holdout,0,0.9725345805552791,0
holdout,0,0.7960991143397353,0
holdout,0,0.4463130659767141,1
holdout,0,0.7777888347099214,0
holdout,0,0.37147974922877897,0
holdout,0,0.7447507214648224,1
holdout,0,0.09553189372076823,0
holdout,0,0.6081202109662653,1
holdout,0,0.8959100408000796,1
holdout,0,0.13115732908747138,1
holdout,0,0.14041198129167082,1
holdout,0,0.4854214349686536,1
holdout,0,0.7473380435864265,1
holdout,0,0.6757886356851428,1
holdout,0,0.2686834510896607,1
holdout,0,0.2565429395959797,0
holdout,0,0.8891431983281919,0
holdout,0,0.6268285401532491,1
holdout,0,0.08249577072345507,1
holdout,0,0.595482137526122,0
holdout,0,0.5091053836202607,1
holdout,0,0.9507413673002288,0
holdout,0,0.9137227584834312,0
holdout,0,0.890038809831824,0
holdout,0,0.7522141506617573,1
holdout,0,0.2442034033237138,1
holdout,0,0.4833316747935118,1
holdout,0,0.709722360433874,1
holdout,0,0.47865459249676584,1
holdout,0,0.8558065479152155,0
holdout,0,0.8793909841775301,0
holdout,0,0.22002189272564435,1
holdout,0,0.6390685640362225,1
holdout,0,0.6822569409891531,1
holdout,0,0.39944273061996216,1
holdout,0,0.8955119912429097,0
holdout,0,0.6143894914916908,1
holdout,0,0.009155139814906956,0
holdout,0,0.04288983978505324,1
holdout,0,0.7793810329386008,1
holdout,0,0.9212857000696587,1
holdout,0,0.6177729127276346,1
holdout,0,0.6241417056423525,1
holdout,0,0.7943078913324709,1
holdout,0,0.24161608120210967,1
holdout,0,0.6709125286098119,0
holdout,0,0.9192954522838094,1
holdout,0,0.9719375062195243,1
holdout,0,0.9028759080505523,0
holdout,0,0.9604935814508906,0
holdout,0,0.10120409991043886,1
holdout,0,0.30192058911334463,1
holdout,0,0.2655985670215942,0
holdout,0,0.8205791621056822,1
holdout,0,0.7162901781271769,1
holdout,0,0.6769827843566524,1
holdout,0,0.5509005871230969,1
holdout,0,0.29853716787740076,1
holdout,0,0.8958105284107871,0
holdout,0,0.3390387103194348,1
holdout,0,0.5721962384316848,1
holdout,0,0.135336849437755,1
holdout,0,0.8572992337546025,0
holdout,0,0.44143695890138324,0
holdout,0,0.9609911433973529,0
holdout,0,0.8999900487610708,0
holdout,0,0.35466215543835206,1
holdout,0,0.8596875310976216,1
holdout,0,0.8459548213752612,0
holdout,0,0.8987959000895611,0
holdout,0,0.5512986366802667,0
holdout,0,0.35466215543835206,1
holdout,0,0.31744452184296945,1
holdout,0,0.5453278933227187,1
holdout,0,0.7464424320827943,1
holdout,0,0.4910936411583242,1
holdout,0,0.4683053040103493,1
holdout,0,0.8687431585232361,0
holdout,0,0.2738580953328689,1
holdout,0,0.3567519156134939,1
holdout,0,0.24698975022390288,1
holdout,0,0.3832222111652901,1
holdout,0,0.6067270375161707,0
holdout,0,0.6752910737386805,0
holdout,0,0.07732112648024679,1
holdout,0,0.21425017414668127,1
holdout,0,0.830132351477759,1
holdout,0,0.4787541048860583,0
holdout,0,0.9033734699970146,1
holdout,0,0.9319335257239526,1
holdout,0,0.8751119514379541,1
holdout,0,0.17762961488705345,1
holdout,0,0.9726340929445716,0
holdout,0,0.8349089461637974,0
holdout,0,0.34272066872325607,1
holdout,0,0.9498457557965967,0
holdout,0,0.9097422629117325,0
holdout,0,0.6173748631704647,1
holdout,0,0.2884864165588616,1
holdout,0,0.8318240620957309,1
holdout,0,0.005373669021793213,1
holdout,0,0.8296347895312967,1
holdout,0,0.6745944870136332,1
holdout,0,0.9074534779580058,0
holdout,0,0.615086078216738,1
holdout,0,0.7409692506717086,1
holdout,0,0.6651408100308488,0
holdout,0,0.6000597074335755,1
holdout,0,0.5653298835705045,1
holdout,0,0.7618668524231267,1
holdout,0,0.8899392974425316,0
holdout,0,0.40720469698477463,1
holdout,0,0.6326997711215047,1
holdout,0,0.9316349885560752,1
holdout,0,0.6799681560354264,1
holdout,0,0.4920887650512489,1
holdout,0,0.5601552393272963,0
holdout,0,0.8897402726639466,0
holdout,0,0.43496865359737286,0
holdout,0,0.48313265001492683,0
holdout,0,0.41218031644939795,1
holdout,0,0.9703453079908448,0
holdout,0,0.6880286595681162,1
holdout,0,0.3495870235844363,0
holdout,0,0.2684844263110757,1
holdout,0,0.6374763658075431,1
holdout,0,0.7410687630610011,1
holdout,0,0.10010946362822172,1
holdout,0,0.5001492685839387,1
holdout,0,0.2824161608120211,1
holdout,0,0.46382724649218826,1
holdout,0,0.748731217036521,0
holdout,0,0.14757687332072844,1
holdout,0,0.4869141208080406,1
holdout,0,0.8269479550204001,0
holdout,1,0.6760871728530202,1
holdout,0,0.23793412279828838,1
holdout,0,0.3840183102796298,1
holdout,0,0.7369887551000099,1
holdout,0,0.039406906159816894,1
holdout,0,0.7467409692506717,1
holdout,0,0.6343914817394766,1
holdout,0,0.5299034729823863,1
holdout,0,0.7133048064484028,0
holdout,1,0.9987063389391979,0
holdout,0,0.44860185093044086,1
holdout,0,0.2288784953726739,1
holdout,0,0.38202806249378046,1
holdout,0,0.9515374664145686,0
holdout,0,0.07463429196935019,0
holdout,0,0.5403522738580954,1
holdout,0,0.5077122101701662,1
holdout,0,0.8863568514280028,1
holdout,0,0.30410986167777887,1
holdout,0,0.9769131256841477,0
holdout,0,0.7773907851527515,1
holdout,0,0.25932928649616876,1
holdout,0,0.9739277540053737,1
holdout,0,0.9787043486914121,1
holdout,0,0.7072345507015624,1
holdout,0,0.9855707035525924,1
holdout,0,0.18937207682356452,1
holdout,0,0.8525226390685641,1
holdout,0,0.5843367499253657,0
holdout,0,0.715892128570007,1
holdout,0,0.9079510399044681,0
holdout,0,0.04318837695293064,1
holdout,0,0.9830828938202806,1
holdout,0,0.2927654492984377,0
holdout,0,0.9631804159617873,1
holdout,0,0.2942581351378247,1
holdout,0,0.3814309881580257,1
holdout,0,0.9549208876505125,0
holdout,0,0.9922380336351876,1
holdout,0,0.821176236441437,1
holdout,0,0.8541148372972435,1
holdout,0,0.9394964673101801,0
holdout,0,0.6440441835008458,1
holdout,0,0.44770623942680865,1
holdout,0,0.2923673997412678,0
holdout,0,0.4674096925067171,1
holdout,0,0.3527714200417952,1
holdout,0,0.8711314558662554,0
holdout,0,0.5403522738580954,0
holdout,0,0.9380037814707931,1
holdout,0,0.13125684147676386,1
holdout,0,0.5509005871230969,1
holdout,0,0.9467608717285302,0
holdout,0,0.6279231764354662,1
holdout,0,0.02040003980495572,1
holdout,0,0.6247387799781072,1
holdout,0,0.2675888148074435,1
holdout,0,0.7732112648024679,1
holdout,0,0.8479450691611106,1
holdout,0,0.3227186784754702,1
holdout,0,0.6788735197532093,1
holdout,0,0.6442432082794308,1
holdout,0,0.5561747437555976,1
holdout,0,0.5655289083490894,0
holdout,0,0.2288784953726739,1
holdout,0,0.9245696089163101,1
holdout,0,0.7742063886953926,0
holdout,0,0.1392178326201612,1
holdout,0,0.8967061399144194,0
holdout,0,0.3310777191760374,1
holdout,0,0.8559060603045079,1
holdout,0,0.9853716787740073,1
holdout,0,0.989551199124291,1
holdout,0,0.8981988257538064,1
holdout,0,0.449696487212658,1
holdout,0,0.7088267489302418,0
holdout,0,0.21614090954323814,1
holdout,0,0.43496865359737286,1
holdout,0,0.7775898099313364,0
holdout,0,0.8157030550303512,0
holdout,0,0.3436162802268882,0
holdout,0,0.9780077619663649,1
holdout,0,0.8495372673897901,1
holdout,0,0.22430092546522043,1
holdout,0,0.5714996517066375,1
holdout,0,0.6618569011841975,1
holdout,0,0.16578764056124987,1
holdout,0,0.7335058214747736,1
holdout,0,0.6144890038809832,1
holdout,0,0.8645636381729526,0
holdout,0,0.9754204398447607,0
holdout,0,0.11533485918996915,1
holdout,0,0.8397850532391282,1
holdout,0,0.31147377848542146,1
holdout,0,0.04348691412080804,1
holdout,0,0.3408299333266992,1
holdout,0,0.72166384714897,1
holdout,0,0.672007164892029,1
holdout,0,0.2177331077719176,1
holdout,0,0.0670713503831227,1
holdout,0,0.9870633893919794,1
holdout,0,0.7169867648522241,0
holdout,0,0.23514777589809932,1
holdout,0,0.9500447805751816,0
holdout,0,0.5301024977609713,1
holdout,0,0.5576674295949846,0
holdout,0,0.25415464225296047,0
holdout,0,0.1452880883670017,1
holdout,0,0.7913225196536969,0
holdout,0,0.7971937506219524,1
holdout,0,0.485719972136531,0
holdout,0,0.7733107771917603,1
holdout,0,0.47955020400039805,1
holdout,0,0.5604537764951737,1
holdout,0,0.5870235844362623,1
holdout,0,0.39795004478057516,1
holdout,0,0.31804159617872424,0
holdout,0,0.22569409891531494,1
holdout,0,0.09901482734600457,1
holdout,0,0.14777589809931335,1
holdout,0,0.4073042093740671,1
holdout,0,0.5509005871230969,1
holdout,0,0.6296148870534382,1
holdout,0,0.730818986963877,1
holdout,0,0.4183500845855309,1
holdout,0,0.059209871629017814,1
holdout,0,0.9585033336650413,1
holdout,0,0.9166086177729127,0
holdout,0,0.2547517165887153,1
holdout,0,0.9110359239725346,1
holdout,0,0.7752015125883173,1
holdout,0,0.25415464225296047,1
holdout,0,0.7676385710020898,1
holdout,0,0.5598567021594189,1
holdout,0,0.5986665339834809,1
holdout,0,0.7632600258732212,0
holdout,0,0.10697581848940194,0
holdout,0,0.6173748631704647,1
holdout,0,0.08976017514180515,1
holdout,0,0.22718678475470197,1
holdout,0,0.8618768036620559,0
holdout,0,0.43417255448303316,1
holdout,0,0.5772713702856006,1
holdout,0,0.39297442531595184,1
holdout,0,0.8485421434968654,1
holdout,0,0.07771917603741665,0
holdout,0,0.521743457060404,1
holdout,0,0.7395760772216141,1
holdout,0,0.06309085481142403,1
holdout,0,0.870434869141208,1
holdout,0,0.12289780077619664,0
holdout,0,0.8309284505920987,0
holdout,0,0.1873818290377152,1
holdout,0,0.8239625833416261,1
holdout,0,0.9822867947059409,0
holdout,0,0.7657478356055328,1
holdout,0,0.8252562444024281,0
holdout,0,0.21723554582545526,1
holdout,0,0.6728032640063688,1
holdout,0,0.9007861478754104,1
holdout,0,0.5871230968255547,0
holdout,0,0.6127972932630112,1
holdout,0,0.7184794506916111,0
holdout,0,0.5838391879789033,1
holdout,0,0.059508408796895215,1
holdout,0,0.894516867349985,0
holdout,0,0.41387202706736986,0
holdout,0,0.9891531495671211,0
holdout,0,0.9333266991740472,0
holdout,0,0.4914916907154941,1
holdout,0,0.9418847646531994,0
holdout,0,0.8005771718578963,0
holdout,0,0.3261020997114141,1
holdout,0,0.11822071847945069,1
holdout,0,0.6099114339735298,1
holdout,0,0.8252562444024281,1
holdout,0,0.682455965767738,0
holdout,0,0.4761667827644542,0
holdout,0,0.9253657080306498,0
holdout,0,0.7116130958304309,1
holdout,0,0.4361628022688825,1
holdout,0,0.6007562941586228,1
holdout,0,0.9591004080007961,1
holdout,0,0.5759777092247985,1
holdout,0,0.056921086675291076,1
holdout,0,0.9734301920589113,0
holdout,0,0.4561647925166683,0
holdout,0,0.09901482734600457,1
holdout,0,0.5326898198825754,1
holdout,0,0.9033734699970146,1
holdout,0,0.9379042690815006,1
holdout,0,0.9795999601950443,0
holdout,0,0.3073937705244303,1
holdout,0,0.6108070454771619,1
holdout,0,0.3582446014528809,1
holdout,0,0.7665439347198726,0
holdout,0,0.38501343417255446,1
holdout,0,0.27545029356154843,1
holdout,0,0.6519056622549507,1
holdout,0,0.47497263409294455,0
holdout,0,0.6457358941188178,1
holdout,0,0.714200417952035,1
holdout,0,0.6498159020798089,1
holdout,0,0.88705343815305,1
holdout,0,0.9641755398547119,1
holdout,0,0.05831426012538561,1
holdout,0,0.12578366006567818,1
holdout,0,0.7166882276843467,0
holdout,0,0.8932232062891831,1
holdout,0,0.41586227485321925,1
holdout,0,0.46492188277440544,1
holdout,0,0.23484923873022193,1
holdout,0,0.42641058811822075,1
holdout,0,0.4845258234650214,1
holdout,0,0.8273460045775699,0
holdout,0,0.19315354761667827,1
holdout,0,0.6442432082794308,1
holdout,0,0.5382625136829535,1
holdout,0,0.9952234053139616,1
holdout,0,0.20599064583540652,1
holdout,0,0.8312269877599762,0
holdout,0,0.557766941984277,1
holdout,0,0.9861677778883471,0
holdout,0,0.7473380435864265,0
holdout,0,0.15444322818190864,1
holdout,0,0.12021096626530003,1
holdout,0,0.257040501542442,1
holdout,0,0.7496268285401533,1
holdout,0,0.5970743357548015,1
holdout,0,0.42034033237138024,0
holdout,0,0.8479450691611106,0
holdout,0,0.8458553089859687,1
holdout,0,0.4867150960294557,1
holdout,0,0.3326699174047169,0
holdout,0,0.5588615782664942,1
holdout,0,0.9589013832222112,0
holdout,0,0.8728231664842273,0
holdout,0,0.8225694098915315,1
holdout,0,0.9267588814807444,0
holdout,0,0.0929445715991641,1
holdout,0,0.9630809035724948,1
holdout,0,0.3274952731615086,1
holdout,0,0.9814906955916012,1
holdout,0,0.040203005274156635,1
holdout,0,0.10697581848940194,1
holdout,0,0.45427405712011143,0
holdout,0,0.6923076923076923,1
holdout,0,0.5710020897601752,1
holdout,0,0.15902079808936212,1
holdout,0,0.8068464523833218,0
holdout,0,0.8931236938998905,1
holdout,0,0.8073440143297841,0
holdout,0,0.9815902079808936,0
holdout,0,0.5358742163399344,1
holdout,0,0.2824161608120211,1
holdout,0,0.9414867150960294,1
holdout,0,0.5496069260622948,1
holdout,0,0.25733903871031943,1
holdout,0,0.6162802268882476,1
holdout,0,0.8156035426410588,1
holdout,0,0.0956314061100607,1
holdout,0,0.5887152950542343,1
holdout,0,0.2990347298238631,0
holdout,0,0.4925863269977112,0
holdout,0,0.2646034431286695,1
holdout,0,0.7929147178823763,1
holdout,0,0.8818787939098418,0
holdout,0,0.9345208478455568,1
holdout,0,0.8983978505323913,0
holdout,0,0.46512090755299035,1
holdout,0,0.14837297243506817,1
holdout,0,0.890237834610409,1
holdout,0,0.5279132251965369,1
holdout,0,0.6840481639964175,1
holdout,0,0.9524330779182009,1
holdout,0,0.5651308587919196,0
holdout,0,0.1179221813115733,1
holdout,0,0.8283411284704946,1
holdout,0,0.5674196437456464,1
holdout,0,0.7073340630908548,0
holdout,0,0.3904866155836402,1
holdout,0,0.27067369887551,1
holdout,0,0.3590407005672206,0
holdout,0,0.4837297243506817,1
holdout,0,0.9735297044482037,1
holdout,0,0.09831824062095731,1
holdout,0,0.9721365309981093,1
holdout,0,0.6329983082893821,1
holdout,0,0.5173649119315354,0
holdout,0,0.958204796497164,0
holdout,0,0.62404219325306,0
holdout,0,0.8895412478853617,1
holdout,0,0.18091352373370484,1
holdout,0,0.3767539058612797,0
holdout,0,0.8061498656582744,0
holdout,0,0.19822867947059408,1
holdout,0,0.39685540849835804,1
holdout,0,0.9718379938302318,0
holdout,0,0.062095730918499355,0
holdout,0,0.6484227286297144,1
holdout,0,0.45089063588416756,1
holdout,0,0.709921385212459,0
holdout,0,0.430092546522042,0
holdout,0,0.8095332868942183,1
holdout,0,0.9664643248084387,0
holdout,0,0.9546223504826351,0
holdout,0,0.7533087869439745,1
holdout,0,0.7775898099313364,0
holdout,0,0.4733804358642651,1
holdout,0,0.9855707035525924,0
holdout,0,0.5982684844263111,1
holdout,0,0.09961190168175937,0
holdout,0,0.7598766046372774,1
holdout,0,0.8909344213354563,0
holdout,0,0.8433674992536571,0
holdout,0,0.9261618071449895,0
holdout,0,0.5097024579560155,0
holdout,0,0.9497462434073042,0
holdout,0,0.4243208279430789,1
holdout,0,0.30410986167777887,1
holdout,0,0.8996915115931934,1
holdout,0,0.7499253657080307,1
holdout,0,0.5266195641357349,1
holdout,0,0.9046671310578167,0
holdout,0,0.45029356154841277,1
holdout,0,0.711215046273261,1
holdout,0,0.6457358941188178,1
holdout,0,0.5668225694098915,0
holdout,0,0.06607622649019802,0
holdout,0,0.7999800975221415,1
holdout,0,0.9229774106876306,0
holdout,0,0.6416558861578266,1
holdout,0,0.5636381729525326,1
holdout,0,0.6069260622947557,1
holdout,0,0.6603642153448104,1
holdout,0,0.5655289083490894,1
holdout,0,0.42641058811822075,1
holdout,0,0.694795502040004,1
holdout,0,0.7447507214648224,1
holdout,0,0.14727833615285102,1
holdout,0,0.29455667230570204,1
holdout,0,0.9416857398746143,0
holdout,0,0.9067568912329586,0
holdout,0,0.5055229376057319,1
holdout,0,0.9620857796795701,0
holdout,0,0.3118718280425913,1
holdout,0,0.9746243407304209,0
holdout,0,0.8519255647328092,1
holdout,0,0.938600855806548,0
holdout,0,0.9110359239725346,0
holdout,0,0.6264304905960792,1
holdout,0,0.9678574982585332,1
holdout,0,0.7045477161906657,1
holdout,0,0.9663648124191462,0
holdout,0,0.7587819683550602,1
holdout,0,0.13304806448402826,1
holdout,0,0.12608219723355557,1
holdout,0,0.41088665538859587,1
holdout,0,0.12608219723355557,1
holdout,0,0.6543934719872624,0
holdout,0,0.9089461637973928,1
holdout,1,0.9963180415961788,0
holdout,0,0.9434769628818788,0
holdout,0,0.8906358841675789,1
holdout,0,0.3184396457358941,1
holdout,0,0.36909145188575976,1
holdout,0,0.037516170763260026,1
holdout,0,0.9501442929644741,0
holdout,0,0.7337048462533585,1
holdout,0,0.4484028261518559,1
holdout,0,0.9489501442929644,0
holdout,0,0.730619962185292,1
holdout,0,0.47955020400039805,1
holdout,0,0.9552194248183898,0
holdout,0,0.9251666832520649,0
holdout,0,0.06070255746840482,1
holdout,0,0.2565429395959797,1
holdout,0,0.1524529803960593,1
holdout,0,0.9093442133545626,1
holdout,0,0.6445417454473082,0
holdout,0,0.8113245099014827,1
holdout,0,0.18369987063389392,1
holdout,0,0.28251567320131354,1
holdout,0,0.20250771221017017,1
holdout,0,0.9058612797293263,1
holdout,0,0.9188974027266394,0
holdout,0,0.9162105682157429,0
holdout,0,0.26838491392178326,1
holdout,0,0.7249477559956214,1
holdout,0,0.25843367499253656,1
holdout,0,0.037516170763260026,1
holdout,0,0.9404915912031048,0
holdout,0,0.5238332172355459,0
holdout,0,0.9205891133446114,1
holdout,0,0.18180913523733705,0
holdout,0,0.8909344213354563,1
holdout,0,0.8696387700268683,1
holdout,0,0.6290178127176833,1
holdout,0,0.8990944372574385,1
holdout,0,0.33595382625136827,1
holdout,0,0.02905761767340034,0
holdout,0,0.4751716588715295,1
holdout,0,0.5781669817892328,1
holdout,0,0.8290377151955418,0
holdout,0,0.9710418947158921,0
holdout,0,0.6957906259329286,1
holdout,0,0.5983679968156036,0
holdout,0,0.6925067170862772,0
holdout,0,0.8643646133943677,0
holdout,0,0.4155637376853418,1
holdout,0,0.031346402627127075,1
holdout,0,0.16976813613294855,1
holdout,0,0.6681261817096229,1
holdout,0,0.8905363717782864,0
holdout,0,0.7224599462633098,1
holdout,0,0.17862473877997811,1
holdout,0,0.7569907453477958,0
holdout,0,0.7546024480047766,1
holdout,0,0.8811822071847945,0
holdout,0,0.08498358045576675,0
holdout,0,0.47865459249676584,1
holdout,0,0.454174544730819,0
holdout,0,0.9150164195442333,0
holdout,0,0.8037615683152552,1
holdout,0,0.40919494477062396,1
holdout,0,0.05483132650014927,0
holdout,0,0.3882973430192059,0
holdout,0,0.8894417354960693,1
holdout,0,0.8687431585232361,0
holdout,0,0.09224798487411683,1
holdout,0,0.6503134640262713,1
holdout,0,0.5588615782664942,1
holdout,0,0.43347596775798586,0
holdout,0,0.13464026271270774,1
holdout,0,0.5034331774305901,1
holdout,0,0.966762861976316,0
holdout,0,0.18937207682356452,1
holdout,0,0.059209871629017814,1
holdout,0,0.09214847248482436,1
holdout,0,0.13006269280525426,1
holdout,0,0.5295054234252164,1
holdout,0,0.32411185192556474,1
holdout,0,0.36610608020698576,0
holdout,0,0.6454373569509404,1
holdout,0,0.30261717583839187,1
holdout,0,0.12259926360831924,1
holdout,0,0.9824858194845258,1
holdout,0,0.7716190665737884,1
holdout,0,0.32858990944372574,1
holdout,0,0.5933923773509802,1
holdout,0,0.4830331376256344,1
holdout,0,0.6224499950243806,1
holdout,0,0.47626629515374663,1
holdout,0,0.6374763658075431,1
holdout,0,0.4867150960294557,1
holdout,0,0.9666633495870236,0
holdout,0,0.3867051447905264,1
holdout,0,0.3630211961389193,0
holdout,0,0.681361329485521,1
holdout,0,0.903672007164892,0
holdout,0,0.4768633694895014,1
holdout,0,0.5994626330978207,1
holdout,0,0.521743457060404,1
holdout,0,0.8721265797591801,1
holdout,0,0.8585928948154046,0
holdout,0,0.23076923076923078,1
holdout,0,0.9452681858891432,0
holdout,0,0.10687630610010947,0
holdout,0,0.509602945566723,1
holdout,0,0.16777788834709922,1
holdout,0,0.8642651010050751,1
holdout,0,0.2291770325405513,1
holdout,0,0.4525823465021395,1
holdout,0,0.8221713603343617,0
holdout,0,0.966961886754901,0
holdout,0,0.4934819385013434,1
holdout,0,0.891531495671211,0
holdout,0,0.3142601253856105,0
holdout,0,0.029455667230570207,0
holdout,0,0.37575878196835505,0
holdout,0,0.5013434172554483,1
holdout,0,0.24251169270574185,1
holdout,0,0.6401632003184397,0
holdout,0,0.5213454075032341,1
holdout,0,0.3993432182306697,0
holdout,0,0.875310976216539,0
holdout,0,0.20748333167479352,1
holdout,0,0.510000995123893,0
holdout,0,0.21305602547517166,1
holdout,0,0.18628719275549807,1
holdout,0,0.34033237138023686,1
holdout,0,0.20201015026370783,1
holdout,0,0.3076923076923077,1
holdout,0,0.8821773310777192,1
holdout,0,0.08806846452383321,0
holdout,0,0.6588715295054234,0
holdout,0,0.6388695392576376,1
holdout,0,0.8057518161011046,1
holdout,0,0.7273360533386407,0
holdout,0,0.02607224599462633,1
holdout,0,0.8428699373071947,1
holdout,0,0.8217733107771917,0
holdout,0,0.9033734699970146,0
holdout,0,0.9816897203701861,0
holdout,0,0.6546920091551398,1
holdout,0,0.5746840481639964,1
holdout,0,0.40740372176335954,1
holdout,0,0.6910140312468902,1
holdout,0,0.1554383520748333,1
holdout,0,0.5830430888645637,0
holdout,0,0.03413274952731615,1
holdout,0,0.4034232261916609,0
holdout,0,0.9285501044880088,1
holdout,0,0.490198029654692,1
holdout,0,0.07423624241218031,0
holdout,0,0.6081202109662653,1
holdout,0,0.6127972932630112,1
holdout,0,0.7527117126082197,1
holdout,0,0.14897004677082296,1
holdout,0,0.7600756294158623,0
holdout,0,0.9255647328092348,0
holdout,0,0.4305901084685043,0
holdout,0,0.5104985570703553,1
holdout,0,0.1384217335058215,1
holdout,0,0.38123196337944076,1
holdout,0,0.7781868842670913,1
holdout,0,0.9339237735098019,0
holdout,0,0.42123594387501245,0
holdout,0,0.12409194944770624,1
holdout,0,0.718678475470196,1
holdout,0,0.19325306000597076,1
holdout,0,0.26301124489999006,1
holdout,0,0.23952632102696786,1
holdout,0,0.631505622449995,1
holdout,0,0.5273161508607822,0
holdout,0,0.2964474077022589,1
holdout,0,0.8625733903871032,0
holdout,0,0.6925067170862772,1
holdout,0,0.8730221912628122,1
holdout,0,0.4047168872524629,0
holdout,0,0.30410986167777887,0
holdout,0,0.6179719375062195,1
holdout,0,0.3286894218330182,1
holdout,0,0.7777888347099214,0
holdout,0,0.41516568812817195,0
holdout,0,0.9438750124390487,0
holdout,0,0.9259627823664046,0
holdout,0,0.6593690914518857,1
holdout,0,0.8581948452582346,0
holdout,0,0.6999701462832123,1
holdout,0,0.09015822469897503,1
holdout,0,0.42422131555378645,1
holdout,0,0.5015424420340332,1
holdout,0,0.5655289083490894,1
holdout,0,0.7769927355955817,0
holdout,0,0.5286098119215842,1
holdout,0,0.9664643248084387,1
holdout,0,0.5763757587819683,0
holdout,0,0.36670315454274055,1
holdout,0,0.4907951039904468,1
holdout,0,0.8605831426012539,1
holdout,0,0.9599960195044283,0
holdout,0,0.747238531197134,0
holdout,0,0.8783958602846055,1
holdout,0,0.6829535277142004,1
holdout,0,0.9022788337147974,0
holdout,0,0.7694297940093542,0
holdout,0,0.2981391183202309,0
holdout,0,0.018409792019106377,0
holdout,0,0.6799681560354264,1
holdout,0,0.3205294059110359,1
holdout,0,0.4594487013633197,1
holdout,0,0.9267588814807444,0
holdout,0,0.042989352174345706,1
holdout,0,0.9799980097522142,0
holdout,0,0.5750820977211663,1
holdout,0,0.7626629515374664,1
holdout,0,0.8468504328788934,0
holdout,0,0.5060204995521943,1
holdout,0,0.18300328390884665,1
holdout,0,0.8981988257538064,0
holdout,0,0.8239625833416261,1
holdout,0,0.9630809035724948,0
holdout,0,0.3061996218529207,1
holdout,0,0.2724649218827744,0
holdout,0,0.7191760374166584,1
holdout,0,0.2505721962384317,1
holdout,0,0.16230470693601354,1
holdout,0,0.3136630510498557,1
holdout,0,0.2641058811822072,1
holdout,0,0.07423624241218031,1
holdout,0,0.7841576276246393,1
holdout,0,0.2851029953229177,0
holdout,0,0.22718678475470197,1
holdout,0,0.9553189372076824,0
holdout,0,0.2489799980097522,1
holdout,0,0.30878694397452483,1
holdout,0,0.6827545029356155,1
holdout,0,0.7381829037715195,1
holdout,0,0.5962782366404618,1
holdout,0,0.24708926261319533,1
holdout,0,0.924768633694895,0
holdout,0,0.9807941088665539,0
holdout,0,0.9523335655289084,1
holdout,0,0.897502239028759,0
holdout,0,0.6140909543238133,1
holdout,0,0.7463429196935019,0
holdout,0,0.8650612001194149,1
holdout,0,0.702059906458354,0
holdout,0,0.6048363021196139,0
holdout,0,0.9300427903273958,0
holdout,0,0.8013732709722361,0
holdout,0,0.047467409692506714,0
holdout,0,0.7598766046372774,1
holdout,0,0.4733804358642651,1
holdout,0,0.8742163399343218,0
holdout,0,0.2822171360334362,1
holdout,0,0.363817295253259,1
holdout,0,0.6946959896507116,1
holdout,0,0.011941486715096029,1
holdout,0,0.2925664245198527,1
holdout,0,0.8402826151855906,0
holdout,0,0.9507413673002288,0
holdout,0,0.9252661956413574,0
holdout,0,0.7616678276445418,1
holdout,0,0.5288088367001692,1
holdout,0,0.4594487013633197,1
holdout,0,0.5738879490496567,1
holdout,0,0.6114041198129168,1
holdout,0,0.0803064981590208,1
holdout,0,0.4352671907652503,0
holdout,0,0.02905761767340034,0
holdout,0,0.32431087670414965,0
holdout,0,0.9237735098019704,0
holdout,0,0.8777987859488506,0
holdout,0,0.5493083888944174,1
holdout,0,0.7974922877898298,1
holdout,0,0.8496367797790825,0
holdout,0,0.5568713304806449,1
holdout,0,0.7803761568315255,1
holdout,0,0.05343815305005473,1
holdout,0,0.8550104488008757,1
holdout,0,0.17942083789431784,1
holdout,0,0.2654990546323017,0
holdout,0,0.18449596974823365,1
holdout,0,0.46621554383520747,1
holdout,0,0.7417653497860484,1
holdout,0,0.012140511493680964,0
holdout,0,0.5598567021594189,0
holdout,0,0.23236142899791024,1
holdout,0,0.23355557766941984,1
holdout,0,0.4914916907154941,1
holdout,0,0.6366802666932033,1
holdout,0,0.5124888048562046,1
holdout,0,0.7196735993631207,1
holdout,0,0.11314558662553488,0
holdout,0,0.42123594387501245,0
holdout,0,0.20081600159219823,1
holdout,0,0.6063289879590009,1
holdout,0,0.9213852124589511,0
holdout,0,0.24589511394168573,0
holdout,0,0.5756791720569211,1
holdout,0,0.29186983779480546,1
holdout,0,0.4950741367300229,1
holdout,0,0.8906358841675789,0
holdout,0,0.03323713802368395,1
holdout,0,0.7036521046870335,1
holdout,0,0.6194646233456065,1
holdout,0,0.7248482436063289,0
holdout,0,0.20081600159219823,0
holdout,0,0.7546024480047766,1
holdout,0,0.774305901084685,0
holdout,0,0.7331077719176038,0
holdout,0,0.5223405313961588,1
holdout,0,0.37595780674694,0
holdout,0,0.9547218628719275,0
holdout,0,0.24281022987361928,0
holdout,0,0.4796497163896905,1
holdout,0,0.079709423823266,1
holdout,0,0.025176634490994127,1
holdout,0,0.637277341028958,1
holdout,0,0.10219922380336352,0
holdout,0,0.21156333963578466,1
holdout,0,0.7074335754801473,1
holdout,0,0.5403522738580954,1
holdout,0,0.4309881580256742,0
holdout,0,0.3094835306995721,0
holdout,0,0.2564434272066872,1
holdout,0,0.5015424420340332,1
holdout,0,0.8907353965568713,0
holdout,0,0.9338242611205095,0
holdout,0,0.8881480744352672,0
holdout,0,0.7128072445019404,1
holdout,0,0.3582446014528809,1
holdout,0,0.4559657677380834,1
holdout,0,0.2824161608120211,0
holdout,0,0.13095830430888647,1
holdout,0,0.2738580953328689,1
holdout,0,0.6959896507115135,1
holdout,0,0.18598865558762065,1
holdout,0,0.35615484127773905,1
holdout,0,0.1191163299830829,1
holdout,0,0.8990944372574385,0
holdout,0,0.679868643646134,1
holdout,0,0.5213454075032341,1
holdout,0,0.557965966762862,1
holdout,0,0.6578764056124987,1
holdout,0,0.2882873917802766,1
holdout,0,0.5328888446611603,1
holdout,0,0.33127674395462237,1
holdout,0,0.47357946064285006,1
holdout,0,0.38003781470793113,1
holdout,0,0.28430689620857796,1
holdout,0,0.8093342621156334,0
holdout,0,0.9450691611105583,0
holdout,0,0.7618668524231267,1
holdout,0,0.43088864563638174,1
holdout,0,0.8492387302219127,1
holdout,0,0.25047268384913923,1
holdout,0,0.8036620559259627,0
holdout,0,0.5768733207284307,0
holdout,0,0.8534182505721962,0
holdout,0,0.6289183003283909,1
holdout,0,0.056921086675291076,1
holdout,0,0.45994626330978206,0
holdout,0,0.021494676087172853,0
holdout,0,0.9425813513782466,0
holdout,0,0.8771021992238034,0
holdout,0,0.04577569907453478,0
holdout,0,0.4442233058015723,1
holdout,0,0.3527714200417952,1
holdout,0,0.8965071151358344,1
holdout,0,0.6425514976614588,1
holdout,0,0.05274156632500746,1
holdout,0,0.8200816001592198,0
holdout,0,0.8296347895312967,1
holdout,0,0.36202607224599465,0
holdout,0,0.9723355557766942,0
holdout,0,0.3782465917006667,0
holdout,0,0.3841178226689223,0
holdout,0,0.6385710020897601,1
holdout,0,0.424121803164494,0
holdout,0,0.39685540849835804,1
holdout,0,0.47984874116827547,0
holdout,0,0.7869439745248283,0
holdout,0,0.6786744949746243,1
holdout,0,0.46731018011742465,0
holdout,0,0.5838391879789033,1
holdout,0,0.3528709324310877,1
holdout,0,0.06060304507911235,0
holdout,0,0.7753010249776097,0
holdout,0,0.8985968753109762,1
holdout,0,0.2949547218628719,0
holdout,0,0.29823863070952333,1
holdout,0,0.30779182008160016,0
holdout,0,0.5047268384913922,1
holdout,0,0.4499950243805354,1
holdout,0,0.18260523435167678,1
holdout,0,0.8462533585431387,1
holdout,0,0.46213553587421635,1
holdout,0,0.3388396855408498,1
holdout,0,0.17524131754403424,1
holdout,0,0.49676584734799484,0
holdout,0,0.11433973529704448,1
holdout,0,0.4489003880983182,1
holdout,0,0.6299134242213156,0
holdout,0,0.5961787242511692,0
holdout,0,0.900686635486118,0
holdout,0,0.6755896109065579,1
holdout,0,0.9641755398547119,0
holdout,0,0.46939994029256643,1
holdout,0,0.7138023683948651,0
holdout,0,0.8269479550204001,0
holdout,0,0.7212657975918002,1
holdout,0,0.7785849338242611,0
holdout,0,0.9009851726539955,0
holdout,0,0.906657378843666,0
holdout,0,0.5928948154045178,1
holdout,0,0.9734301920589113,1
holdout,0,0.24370584137725146,0
holdout,0,0.8413772514678077,0
holdout,0,0.7473380435864265,1
holdout,0,0.824161608120211,0
holdout,0,0.17971937506219524,1
holdout,0,0.9722360433874018,0
holdout,0,0.16071250870733406,1
holdout,0,0.13464026271270774,1
holdout,0,0.8620758284406409,1
holdout,0,0.4183500845855309,1
holdout,0,0.32470892626131953,1
holdout,0,0.9749228778982983,0
holdout,0,0.46531993233157526,1
holdout,0,0.9216837496268285,0
holdout,0,0.0956314061100607,1
holdout,0,0.20708528211762364,0
holdout,0,0.04617374863170465,1
holdout,0,0.8584933824261121,0
holdout,0,0.88705343815305,0
holdout,0,0.2626131953428202,1
holdout,0,0.9158125186585729,0
holdout,0,0.4391481739476565,1
holdout,0,0.27375858294357647,1
holdout,0,0.39088466514081005,1
holdout,0,0.7714200417952035,0
holdout,0,0.36351875808538164,1
holdout,0,0.959299432779381,0
holdout,0,0.08886456363817295,0
holdout,0,0.8791919593989451,0
holdout,0,0.162404219325306,1
holdout,0,0.5760772216140909,1
holdout,0,0.6251368295352772,0
holdout,0,0.1224002388297343,1
holdout,0,0.3704846253358543,1
holdout,0,0.9551199124290974,1
holdout,0,0.10538362026072245,1
holdout,0,0.07284306896208578,1
holdout,0,0.22509702457956016,1
holdout,0,0.0408995919992039,1
holdout,0,0.240620957309185,1
holdout,0,0.5964772614190467,1
holdout,0,0.2800278634690019,1
holdout,0,0.8471489700467708,0
holdout,0,0.7718180913523733,0
holdout,0,0.14668126181709623,1
holdout,0,0.14061100607025576,0
holdout,0,0.5410488605831426,1
holdout,0,0.7019603940690616,1
holdout,0,0.2605234351676784,1
holdout,0,0.8258533187381829,0
holdout,0,0.4596477261419047,1
holdout,0,0.45278137128072443,1
holdout,0,0.5841377251467808,0
holdout,0,0.1952433077918201,1
holdout,0,0.787939098417753,0
holdout,0,0.011742461936511095,1
holdout,0,0.18111254851228978,0
holdout,0,0.6987759976117026,1
holdout,0,0.8364016320031844,0
holdout,0,0.33038113245099016,0
holdout,0,0.17852522639068563,0
holdout,0,0.46472285799582047,1
holdout,0,0.1780276644442233,1
holdout,0,0.15882177331077718,0
holdout,0,0.6897203701860881,0
holdout,0,0.0929445715991641,1
holdout,0,0.006269280525425415,0
holdout,0,0.3464026271270773,0
holdout,0,0.08836700169171062,0
holdout,0,0.46422529604935814,1
holdout,0,9.95123892924669e-05,0
holdout,0,0.07224599462633098,1
holdout,0,0.8137128072445019,1
holdout,0,0.830132351477759,0
holdout,0,0.0420937406707135,1
holdout,0,0.5196536968852622,1
holdout,0,0.5132849039705444,0
holdout,0,0.7548014727833615,1
holdout,0,0.06637476365807543,1
holdout,0,0.7399741267787839,1
holdout,0,0.6814608418748134,1
holdout,0,0.6155836401632003,0
holdout,0,0.23922778385909046,1
holdout,0,0.4581550403025177,0
holdout,0,0.6584734799482536,0
holdout,0,0.37247487312170363,0
holdout,0,0.30450791123494875,1
holdout,0,0.34152652005174644,0
holdout,0,0.6835506020499552,0
holdout,0,0.3440143297840581,1
holdout,0,0.31913623246094136,1
holdout,0,0.20201015026370783,1
holdout,0,0.2655985670215942,1
holdout,0,0.28251567320131354,0
holdout,0,0.3368494377550005,0
holdout,0,0.7903273957607723,0
holdout,0,0.8635685142800279,0
holdout,0,0.4553686934023286,0
holdout,0,0.7587819683550602,1
holdout,0,0.0382127574883073,1
holdout,0,0.9809931336451388,0
holdout,0,0.6268285401532491,0
holdout,0,0.9831824062095731,0
holdout,0,0.018409792019106377,1
holdout,0,0.9375062195243308,1
holdout,0,0.6099114339735298,0
holdout,0,0.35535874216339935,0
holdout,0,0.5929943277938103,1
holdout,0,0.7447507214648224,0
holdout,0,0.5642352472882874,1
holdout,0,0.4372574385510996,1
holdout,0,0.7992835107970943,0
holdout,0,0.7936113046074236,0
holdout,0,0.3926758881480744,1
holdout,0,0.8380933426211563,0
holdout,0,0.039506418549109364,0
holdout,0,0.28430689620857796,0
holdout,0,0.07125087073340632,1
holdout,0,0.33794407403721766,0
holdout,0,0.37516170763260026,0
holdout,0,0.442034033237138,0
holdout,0,0.10110458752114639,1
holdout,0,0.7843566524032242,0
holdout,0,0.8186884267091253,0
holdout,0,0.09941287690317445,0
holdout,0,0.9057617673400339,0
holdout,0,0.12558463528709324,0
holdout,0,0.7582844064085978,0
holdout,0,0.10926460344312867,1
holdout,0,0.5876206587720171,1
holdout,0,0.139814906955916,0
holdout,0,0.9873619265598567,0
holdout,0,0.07284306896208578,1
holdout,0,0.024380535376654393,1
holdout,0,0.22320628918300328,0
holdout,0,0.5231366305104985,0
holdout,0,0.15235346800676683,1
holdout,0,0.07533087869439745,1
holdout,0,0.06607622649019802,1
holdout,0,0.6915115931933525,0
holdout,0,0.7785849338242611,0
holdout,0,0.9085481142402229,0
holdout,0,0.8879490496566823,0
holdout,0,0.5674196437456464,1
holdout,0,0.7794805453278933,0
holdout,0,0.18230669718379938,1
holdout,0,0.10966265300029854,0
holdout,0,0.2803264006368793,0
holdout,0,0.15892128570006966,1
holdout,0,0.7736093143596378,1
holdout,0,0.05831426012538561,0
holdout,0,0.17056423524728828,1
holdout,0,0.17325106975818488,0
holdout,0,0.04318837695293064,1
holdout,0,0.8922280823962583,0
holdout,0,0.22549507413673003,1
holdout,0,0.7725146780774207,1
holdout,0,0.37635585630410984,1
holdout,0,0.7693302816200617,1
holdout,0,0.7694297940093542,1
holdout,0,0.8281421036919097,0
holdout,0,0.8609811921584237,1
holdout,0,0.45885162702756493,1
holdout,0,0.8895412478853617,1
holdout,0,0.20987162901781273,1
holdout,0,0.7526122002189273,1
holdout,0,0.5283112747537069,1
holdout,0,0.8714299930341327,0
holdout,0,0.9046671310578167,0
holdout,0,0.9782067867449498,0
holdout,0,0.7874415364712907,0
holdout,0,0.8910339337247487,0
holdout,0,0.66922081799184,1
holdout,0,0.8593889939297442,1
holdout,0,0.9206886257339039,1
holdout,0,0.44143695890138324,1
holdout,0,0.14668126181709623,1
holdout,0,0.911135436361827,0
holdout,0,0.15265200517464425,0
holdout,0,0.4748731217036521,1
holdout,0,0.9568116230470693,0
holdout,0,0.4716887252462932,1
holdout,0,0.8205791621056822,1
holdout,0,0.9716389690516469,0
holdout,0,0.6336948950144293,0
holdout,0,0.90964275052244,0
holdout,0,0.6715096029455667,0
holdout,0,0.7087272365409494,1
holdout,0,0.41586227485321925,1
holdout,0,0.514081003084884,0
holdout,0,0.5719972136530999,0
holdout,0,0.4225296049358145,1
holdout,0,0.10160214946760872,1
holdout,0,0.7031545427405712,1
holdout,0,0.3025176634490994,1
holdout,0,0.7744054134739775,1
holdout,0,0.8086376753905862,0
holdout,0,0.16280226888247587,1
holdout,0,0.050452781371280724,1
holdout,0,0.3915812518658573,1
holdout,0,0.5663250074634292,1
holdout,0,0.6630510498557071,1
holdout,0,0.6357846551895711,1
holdout,0,0.8442631107572893,0
holdout,0,0.09971141407105184,1
holdout,0,0.8282416160812021,1
holdout,0,0.6652403224201413,0
holdout,0,0.6719076525027365,1
holdout,0,0.9289481540451786,0
holdout,0,0.6674295949845755,0
holdout,0,0.9151159319335257,0
holdout,0,0.02318638670514479,0
holdout,0,0.4499950243805354,1
holdout,0,0.7957010647825654,1
holdout,0,0.8118220718479451,0
holdout,0,0.8672504726838491,0
holdout,0,0.5811523534680068,1
holdout,0,0.6833515772713703,1
holdout,0,0.8990944372574385,0
holdout,0,0.5541844959697483,1
holdout,0,0.20051746442432083,0
holdout,0,0.36461339436759876,0
holdout,0,0.3328689421833018,1
holdout,0,0.12419146183699871,1
holdout,0,0.7791820081600159,1
holdout,0,0.6640461737486317,1
holdout,0,0.4665140810030849,0
holdout,0,0.44949746243407307,1
holdout,0,0.502139516369788,1
holdout,0,0.6505124888048562,1
holdout,0,0.7134043188376953,1
holdout,0,0.37406707135038314,1
holdout,0,0.38660563240123397,1
holdout,0,0.696288187879391,1
holdout,0,0.045576674295949846,0
holdout,0,0.4234252164394467,1
holdout,0,0.3423226191660862,1
holdout,0,0.2839088466514081,0
holdout,0,0.11802169370086575,1
holdout,0,0.9454672106677281,0
holdout,0,0.871927554980595,0
holdout,0,0.2162404219325306,1
holdout,0,0.9725345805552791,0
holdout,0,0.8500348293362524,1
holdout,0,0.49995024380535374,1
holdout,0,0.6212558463528709,1
holdout,0,0.8853617275350781,1
holdout,0,0.5938899392974425,1
holdout,0,0.7972932630112449,1
holdout,0,0.938600855806548,0
holdout,0,0.7773907851527515,1
holdout,0,0.8551099611901681,0
holdout,0,0.47527117126082197,1
holdout,0,0.9259627823664046,0
holdout,0,0.6250373171459846,1
holdout,0,0.5347795800577172,1
holdout,0,0.7727137028560056,0
holdout,0,0.8029654692009155,0
holdout,0,0.7229575082097721,0
holdout,0,0.8998905363717783,1
holdout,0,0.6546920091551398,1
holdout,0,0.6368792914717882,1
holdout,0,0.7496268285401533,0
holdout,0,0.8459548213752612,1
holdout,0,0.22857995820479649,0
holdout,0,0.07334063090854812,1
holdout,0,0.6726042392277839,1
holdout,0,0.7093243108767041,1
holdout,0,0.4361628022688825,1
holdout,0,0.6782764454174545,1
holdout,0,0.8587919195939895,1
holdout,0,0.8018708329186984,1
holdout,0,0.31963379440740375,1
holdout,0,0.8550104488008757,1
holdout,0,0.5763757587819683,1
holdout,0,0.252562444024281,1
holdout,0,0.6187680366205592,0
holdout,0,0.19842770424917902,0
holdout,0,0.08886456363817295,1
holdout,0,0.7645536869340233,0
holdout,0,0.821176236441437,1
holdout,0,0.3823265996616579,1
holdout,0,0.4252164394467111,1
holdout,0,0.7951039904468107,1
holdout,0,0.8442631107572893,0
holdout,0,0.9380037814707931,1
holdout,0,0.1593193352572395,1
holdout,0,0.3206289183003284,1
holdout,0,0.9787043486914121,0
holdout,0,0.42382326599661657,0
holdout,0,0.6620559259627824,1
holdout,0,0.4307891332470893,1
holdout,0,0.11175241317544034,1
holdout,0,0.213553587421634,1
holdout,0,0.2229077520151259,1
holdout,0,0.03572494775599562,0
holdout,0,0.1203104786545925,0
holdout,0,0.9250671708627725,1
holdout,0,0.24728828739178027,0
holdout,0,0.7794805453278933,0
holdout,0,0.532590307493283,1
holdout,0,0.35207483331674794,1
holdout,0,0.8500348293362524,0
holdout,0,0.28191859886555876,1
holdout,0,0.4770623942680864,1
holdout,0,0.7288287391780277,0
holdout,0,0.5941884764653199,1
holdout,0,0.32819185988655586,1
holdout,0,0.22430092546522043,1
holdout,0,0.9877599761170266,0
holdout,0,0.8605831426012539,1
holdout,0,0.6427505224400438,1
holdout,0,0.18569011841974326,1
holdout,0,0.6453378445616479,1
holdout,0,0.9324310876704149,0
holdout,0,0.5923972534580555,1
holdout,0,0.19076525027365906,0
holdout,0,0.7226589710418947,1
holdout,0,0.028162006169768137,1
holdout,0,0.6246392675888148,1
holdout,0,0.4336749925365708,0
holdout,0,0.12817195740869738,0
holdout,0,0.20479649716389692,1
holdout,0,0.897502239028759,1
holdout,0,0.20380137327097222,1
holdout,0,0.7373868046571799,1
holdout,0,0.9929346203602348,0
holdout,0,0.5894118817792815,1
holdout,0,0.5268185889143199,0
holdout,0,0.050651806149865655,1
holdout,0,0.9810926460344312,0
holdout,0,0.5176634490994129,1
holdout,0,0.5060204995521943,1
holdout,0,0.014727833615285103,0
holdout,0,0.9626828540153249,1
holdout,0,0.8239625833416261,0
holdout,0,0.3404318837695293,0
holdout,0,0.8488406806647427,1
holdout,0,0.6336948950144293,0
holdout,0,0.7890337346999702,1
holdout,0,0.2620161210070654,0
holdout,0,0.8863568514280028,1
holdout,0,0.4378545128868544,1
holdout,0,0.7473380435864265,0
holdout,0,0.5718977012638073,0
holdout,0,0.25524927853517765,1
holdout,0,0.5759777092247985,1
holdout,0,0.656881281719574,0
holdout,0,0.7648522241019007,0
holdout,0,0.992536570803065,0
holdout,0,0.09393969549208876,1
holdout,0,0.675191561349388,1
holdout,0,0.8907353965568713,1
holdout,0,0.5793611304607423,1
holdout,0,0.9887551000099513,1
holdout,0,0.5162702756493184,1
holdout,0,0.9576077221614091,1
holdout,0,0.7714200417952035,0
holdout,0,0.5491093641158324,1
holdout,0,0.879590008956115,0
holdout,0,0.7704249179022788,1
holdout,0,0.6784754701960394,1
holdout,0,0.4927853517762962,1
holdout,0,0.8593889939297442,1
holdout,0,0.8203801373270972,0
holdout,0,0.4457159916409593,1
holdout,0,0.273659070554284,1
holdout,0,0.6384714897004677,1
holdout,0,0.9720370186088167,1
holdout,0,0.6067270375161707,1
holdout,0,0.7014628321225993,0
holdout,0,0.842073838192855,1
holdout,0,0.4105881182207185,1
holdout,0,0.08040601054831327,1
holdout,0,0.8156035426410588,0
holdout,0,0.09493481938501343,1
holdout,0,0.500845855308986,1
holdout,0,0.5593591402129565,0
holdout,0,0.654094934819385,1
holdout,0,0.8700368195840382,0
holdout,0,0.559259627823664,1
holdout,0,0.658772017116131,1
holdout,0,0.13424221315553786,1
holdout,0,0.8992934620360234,0
holdout,0,0.6498159020798089,0
holdout,0,0.5598567021594189,1
holdout,0,0.7162901781271769,0
holdout,0,0.4441237934122798,0
holdout,0,0.9379042690815006,0
holdout,0,0.33854114837297244,1
holdout,0,0.3082893820280625,1
holdout,0,0.9113344611404119,0
holdout,0,0.6007562941586228,1
holdout,0,0.7555975718977013,1
holdout,0,0.4432281819086476,1
holdout,0,0.5273161508607822,1
holdout,0,0.4973629216837496,0
holdout,0,0.6243407304209374,1
holdout,0,0.13603343616280228,0
holdout,0,0.442034033237138,1
holdout,0,0.21365309981092645,1
holdout,0,0.7913225196536969,1
holdout,0,0.8585928948154046,0
holdout,0,0.8687431585232361,0
holdout,0,0.6495173649119316,0
holdout,0,0.7960991143397353,1
holdout,0,0.4938799880585133,0
holdout,0,0.2654990546323017,1
holdout,0,0.10637874415364713,1
holdout,0,0.17315155736889243,0
holdout,0,0.4650213951636979,1
holdout,0,0.5408498358045577,1
holdout,0,0.1963379440740372,1
holdout,0,0.7480346303114738,0
holdout,0,0.326301124489999,1
holdout,0,0.9155139814906956,0
holdout,0,0.4596477261419047,1
holdout,0,0.9209871629017813,1
holdout,0,0.6279231764354662,1
holdout,0,0.7949049656682257,0
holdout,0,0.8750124390486615,0
holdout,0,0.8973032142501741,0
holdout,0,0.39347198726241417,1
holdout,0,0.9456662354463131,0
holdout,0,0.6007562941586228,1
holdout,0,0.17325106975818488,0
holdout,0,0.5213454075032341,1
holdout,0,0.015225395561747438,1
holdout,0,0.7751020001990248,1
holdout,0,0.3073937705244303,1
holdout,0,0.9097422629117325,1
holdout,0,0.7821673798387899,1
holdout,0,0.870434869141208,1
holdout,0,0.7775898099313364,0
holdout,0,0.9718379938302318,1
holdout,0,0.23753607324111853,1
holdout,0,0.8397850532391282,1
holdout,0,0.8374962682854016,0
holdout,0,0.5824460145288088,0
holdout,0,0.7160911533485919,1
holdout,0,0.36222509702457956,0
holdout,0,0.108269479550204,1
holdout,0,0.056921086675291076,1
holdout,0,0.5468205791621057,0
holdout,0,0.8454572594287989,0
holdout,0,0.696089163100806,0
holdout,0,0.18300328390884665,0
holdout,0,0.07065379639765151,1
holdout,0,0.3423226191660862,1
holdout,0,0.5540849835804558,1
holdout,0,0.6386705144790527,1
holdout,0,0.8654592496765847,1
holdout,0,0.3821275748830729,1
holdout,0,0.8501343417255448,0
holdout,0,0.20081600159219823,1
holdout,0,0.8434670116429496,0
holdout,0,0.08408796895213454,1
holdout,0,0.6146880286595681,1
holdout,0,0.8807841576276246,0
holdout,0,0.6935018409792019,1
holdout,0,0.7391780276644442,1
holdout,0,0.9746243407304209,1
holdout,0,0.9074534779580058,0
holdout,0,0.7124091949447706,1
holdout,0,0.9027763956612598,1
holdout,0,0.3436162802268882,1
holdout,0,0.7679371081699672,1
holdout,0,0.03005274156632501,1
holdout,0,0.6565827445516967,1
holdout,0,0.4845258234650214,1
holdout,0,0.4611404119812917,1
holdout,0,0.651308587919196,1
holdout,0,0.2772415165688128,1
holdout,0,0.09095432381331475,1
holdout,0,0.27077321126480247,0
holdout,0,0.30430888645636384,1
holdout,0,0.3383421235943875,1
holdout,0,0.011145387600756293,0
holdout,0,0.4252164394467111,1
holdout,0,0.07045477161906658,0
holdout,0,0.12190267688327197,1
holdout,0,0.6207582844064086,0
holdout,0,0.7845556771818092,0
holdout,0,0.5011443924768634,1
holdout,0,0.7877400736391681,1
holdout,0,0.04975619464623346,1
holdout,0,0.8715295054234252,0
holdout,0,0.24569608916310082,1
holdout,0,0.08020698576972833,1
holdout,0,0.5647328092347498,1
holdout,0,0.8636680266693203,1
holdout,0,0.12379341227982883,0
holdout,0,0.27117126082197235,1
holdout,0,0.2559458652602249,0
holdout,0,0.22509702457956016,1
holdout,0,0.45546820579162106,1
holdout,0,0.6115036322022092,0
holdout,0,0.21225992636083194,1
holdout,0,0.028261518559060603,1
holdout,0,0.9822867947059409,1
holdout,0,0.02378346104089959,1
holdout,0,0.33814309881580257,0
holdout,0,0.25694098915314956,1
holdout,0,0.38481440939396955,0
holdout,0,0.8597870434869141,0
holdout,0,0.9235744850233855,1
holdout,0,0.8759080505522938,0
holdout,0,0.9554184495969749,1
holdout,0,0.9657677380833913,0
holdout,0,0.20559259627823664,0
holdout,0,0.5382625136829535,1
holdout,0,0.9346203602348493,0
holdout,0,0.5049258632699771,1
holdout,0,0.4891033933724749,1
holdout,0,0.21584237237536072,1
holdout,0,0.5403522738580954,1
holdout,0,0.05851328490397054,1
holdout,0,0.5812518658572993,0
holdout,0,0.9392974425315952,0
holdout,0,0.8581948452582346,0
holdout,0,0.47586824559657676,1
holdout,0,0.5510000995123893,0
holdout,0,0.13464026271270774,1
holdout,0,0.12847049457657478,1
holdout,0,0.6978803861080705,0
holdout,0,0.4432281819086476,1
holdout,0,0.5075131853915813,0
holdout,0,0.061797193750621954,1
holdout,0,0.9085481142402229,0
holdout,0,0.7249477559956214,1
holdout,0,0.3395362722658971,1
holdout,0,0.34650213951636977,0
holdout,0,0.2738580953328689,1
holdout,0,0.22728629714399443,1
holdout,0,0.8326201612100707,0
holdout,0,0.133844163598368,0
holdout,0,0.18111254851228978,1
holdout,0,0.6228480445815504,1
holdout,0,0.7913225196536969,1
holdout,0,0.9418847646531994,0
holdout,0,0.4355657279331277,1
holdout,0,0.6454373569509404,0
holdout,0,0.35774703950641856,1
holdout,0,0.787939098417753,1
holdout,0,0.9781072743556573,0
holdout,0,0.19822867947059408,1
holdout,0,0.21106577768932233,1
holdout,0,0.9440740372176336,0
holdout,0,0.9256642451985272,0
holdout,0,0.014429296447407702,0
holdout,0,0.5876206587720171,1
holdout,0,0.8647626629515375,0
holdout,0,0.44551696686237435,1
holdout,0,0.725047268384914,1
holdout,0,0.7195740869738282,1
holdout,0,0.44193452084784557,1
holdout,0,0.9959199920390088,0
holdout,0,0.5528908349089462,1
holdout,0,0.9020798089362125,1
holdout,0,0.6228480445815504,1
holdout,0,0.589511394168574,1
holdout,0,0.09015822469897503,1
holdout,0,0.1882774405413474,1
holdout,0,0.6923076923076923,0
holdout,0,0.8107274355657279,0
holdout,0,0.7913225196536969,0
holdout,0,0.2673897900288586,1
holdout,0,0.4736789730321425,1
holdout,0,0.20340332371380238,0
holdout,0,0.4683053040103493,1
holdout,0,0.27355955816499156,0
holdout,0,0.4499950243805354,1
holdout,0,0.07841576276246393,1
holdout,0,0.7760971240919494,1
holdout,0,0.6057319136232461,0
holdout,0,0.09861677778883471,1
holdout,0,0.1937506219524331,1
holdout,0,0.557965966762862,1
holdout,0,0.7522141506617573,0
holdout,0,0.056921086675291076,0
holdout,0,0.11692705741864862,0
holdout,0,0.22449995024380534,1
holdout,0,0.13613294855209473,0
holdout,0,0.7976913125684147,0
holdout,0,0.40013931734500946,0
holdout,0,0.14299930341327496,1
holdout,0,0.7100208976017515,1
holdout,0,0.13215245298039605,0
holdout,0,0.08687431585232361,1
holdout,0,0.3227186784754702,0
holdout,0,0.7142999303413275,1
holdout,0,0.33466016519056624,1
holdout,0,0.32261916608617774,0
holdout,0,0.9058612797293263,1
holdout,0,0.7631605134839288,1
holdout,0,0.958204796497164,0
holdout,0,0.02189272564434272,1
holdout,0,0.4683053040103493,1
holdout,0,0.8769031744452185,1
holdout,0,0.6088167976913126,0
holdout,0,0.8987959000895611,1
holdout,0,0.7908249577072346,0
holdout,0,0.23474972634092944,1
holdout,0,0.9777092247984874,1
holdout,0,0.47865459249676584,0
holdout,0,0.9063588416757886,0
holdout,0,0.9309384018310279,0
holdout,0,0.39237735098019705,1
holdout,0,0.8774007363916808,0
holdout,0,0.4168573987461439,0
holdout,0,0.8587919195939895,0
holdout,0,0.4833316747935118,1
holdout,0,0.16170763260025872,1
holdout,0,0.6684247188775002,1
holdout,0,0.4968653597372873,1
holdout,0,0.15384615384615385,0
holdout,0,0.7044482038013733,1
holdout,0,0.7846551895711016,0
holdout,0,0.6202607224599462,1
holdout,0,0.9082495770723455,0
holdout,0,0.8173947656483233,1
holdout,0,0.47377848542143497,1
holdout,0,0.703950641854911,1
holdout,0,0.5462235048263508,1
holdout,0,0.2294755697084287,1
holdout,0,0.10418947158921285,1
holdout,0,0.817991839984078,1
holdout,0,0.4393471987262414,0
holdout,0,0.9621852920688626,0
holdout,0,0.05274156632500746,0
holdout,0,0.38312269877599764,0
holdout,0,0.3792417155935914,0
holdout,0,0.38541148372972434,1
holdout,0,0.40531396158821775,0
holdout,0,0.31376256343914816,1
holdout,0,0.8193850134341726,0
holdout,0,0.8798885461239925,1
holdout,0,0.6127972932630112,1
holdout,0,0.10020897601751418,0
holdout,0,0.6449397950044781,1
holdout,0,0.20947357946064285,0
holdout,0,0.8335157727137028,0
holdout,0,0.03512787342024082,1
holdout,0,0.5472186287192755,0
holdout,0,0.9080505522937605,0
holdout,0,0.5279132251965369,1
holdout,0,0.1494676087172853,0
holdout,0,0.36670315454274055,1
holdout,0,0.1949447706239427,0
holdout,0,0.24042193253060007,1
holdout,0,0.8890436859388994,1
holdout,0,0.8876505124888049,1
holdout,0,0.8754104886058314,0
holdout,0,0.9551199124290974,1
holdout,0,0.5967757985869241,1
holdout,0,0.736789730321425,1
holdout,0,0.4469101403124689,0
holdout,0,0.4920887650512489,1
holdout,0,0.4807443526719076,1
holdout,0,0.8636680266693203,0
holdout,0,0.5557766941984277,1
holdout,0,0.8907353965568713,1
holdout,0,0.4258135137824659,1
holdout,0,0.9034729823863071,1
holdout,0,0.7169867648522241,1
holdout,0,0.8462533585431387,0
holdout,0,0.1392178326201612,1
holdout,0,0.37098218728231663,1
holdout,0,0.9427803761568315,0
holdout,0,0.8419743258035626,0
holdout,0,0.6069260622947557,1
holdout,0,0.19454672106677282,1
holdout,0,0.7913225196536969,0
holdout,0,0.8916310080605035,1
holdout,0,0.9321325505025375,1
holdout,0,0.5403522738580954,1
holdout,0,0.8861578266494179,1
holdout,0,0.8604836302119614,1
holdout,0,0.6792715693103791,1
holdout,0,0.20191063787441538,0
holdout,0,0.49397950044780575,1
holdout,0,0.1232958503333665,1
holdout,0,0.9097422629117325,0
holdout,0,0.1711613095830431,1
holdout,0,0.9941287690317444,0
holdout,0,0.42899791023982486,1
holdout,0,0.5088068464523833,1
holdout,0,0.30261717583839187,1
holdout,0,0.6368792914717882,1
holdout,0,0.23146581749427803,1
holdout,0,0.9726340929445716,1
holdout,0,0.837595780674694,0
holdout,0,0.6927057418648622,1
holdout,0,0.9101403124689024,0
holdout,0,0.9425813513782466,1
holdout,0,0.6025475171658872,0
holdout,0,0.9653696885262215,0
holdout,0,0.8020698576972833,1
holdout,0,0.9861677778883471,1
holdout,0,0.9192954522838094,0
holdout,0,0.7391780276644442,0
holdout,0,0.8593889939297442,1
holdout,0,0.4914916907154941,1
holdout,0,0.7393770524430292,1
holdout,0,0.9047666434471092,1
holdout,0,0.7830629913424221,0
holdout,0,0.2571400139317345,1
holdout,0,0.9976117026569808,1
holdout,0,0.5341825057219624,1
holdout,0,0.6558861578266494,1
holdout,0,0.6443427206687232,1
holdout,0,0.8809831824062095,0
holdout,0,0.843566524032242,1
holdout,0,0.8808836700169171,0
holdout,0,0.35078117225594585,1
holdout,0,0.29913424221315554,0
holdout,0,0.77450492586327,0
holdout,0,0.9052642053935716,0
holdout,0,0.88705343815305,1
holdout,0,0.6837496268285401,1
holdout,0,0.8213752612200219,1
holdout,0,0.9452681858891432,0
holdout,0,0.9462633097820679,1
holdout,0,0.15295054234252164,0
holdout,0,0.897502239028759,0
holdout,0,0.3321723554582546,0
holdout,0,0.6064285003482933,0
holdout,0,0.48950144292964476,1
holdout,0,0.8076425514976615,1
holdout,0,0.8754104886058314,1
holdout,0,0.48323216240421935,0
holdout,0,0.6782764454174545,1
holdout,0,0.7753010249776097,0
holdout,0,0.8754104886058314,1
holdout,0,0.9297442531595184,0
holdout,0,0.9492486814608418,0
holdout,0,0.8033635187580854,0
holdout,0,0.7688327196735993,1
holdout,0,0.5568713304806449,0
holdout,0,0.7654492984376555,1
holdout,0,0.04915912031047866,1
holdout,0,0.07423624241218031,1
holdout,0,0.5020400039804955,1
holdout,0,0.8936212558463529,1
holdout,0,0.12866951935515972,1
holdout,0,0.7473380435864265,1
holdout,0,0.4881082694795502,1
holdout,0,0.4949746243407304,1
holdout,0,0.6069260622947557,1
holdout,0,0.30042790327395763,1
holdout,0,0.9554184495969749,0
holdout,0,0.71439944273062,0
holdout,0,0.2712707732112648,1
holdout,0,0.5476166782764454,1
holdout,0,0.5436361827047468,1
holdout,0,0.3576475271171261,1
holdout,0,0.43258035625435365,1
holdout,0,0.16160812021096627,1
holdout,0,0.715693103791422,1
holdout,0,0.8307294258135138,1
holdout,0,0.18688426709125286,1
holdout,0,0.3239128271469798,1
holdout,0,0.4426311075728928,1
holdout,0,0.7773907851527515,1
holdout,0,0.2321624042193253,1
holdout,0,0.048263508806846454,1
holdout,0,0.3599363120708528,0
holdout,0,0.9281520549308389,1
holdout,0,0.08000796099114339,1
holdout,0,0.5670215941884764,1
holdout,0,0.5735894118817793,1
holdout,0,0.8355060204995522,1
holdout,0,0.17852522639068563,0
holdout,0,0.3239128271469798,1
holdout,0,0.7048462533585431,0
holdout,0,0.6872325604537765,1
holdout,0,0.18519255647328092,1
holdout,0,0.14041198129167082,1
holdout,0,0.10956314061100607,1
holdout,0,0.7064384515872226,1
holdout,0,0.007065379639765151,1
holdout,0,0.6848442631107573,1
holdout,0,0.8048562045974724,1
holdout,0,0.6842471887750025,0
holdout,0,0.8882475868245596,0
holdout,0,0.5133844163598368,1
holdout,0,0.6656383719773111,1
holdout,0,0.745745845357747,1
holdout,0,0.21872823166484226,1
holdout,0,0.3776495173649119,0
holdout,0,0.7765946860384118,0
holdout,0,0.9153149567121106,0
holdout,0,0.5790625932928649,1
holdout,0,0.14558662553487908,1
holdout,0,0.4994526818588914,0
holdout,0,0.18141108568016717,1
holdout,0,0.4596477261419047,0
holdout,0,0.8890436859388994,0
holdout,0,0.6752910737386805,1
holdout,0,0.9470594088964076,1
holdout,0,0.3767539058612797,0
holdout,0,0.3926758881480744,0
holdout,0,0.920290576176734,0
holdout,0,0.5467210667728132,1
holdout,0,0.9698477460443825,1
holdout,0,0.5227385809533287,1
holdout,0,0.31913623246094136,1
holdout,0,0.0132351477758981,1
holdout,0,0.4602448004776595,1
holdout,0,0.4252164394467111,0
holdout,0,0.5433376455368694,1
holdout,0,0.726141904667131,0
holdout,0,0.95482137526122,1
holdout,0,0.23355557766941984,1
holdout,0,0.9059607921186188,0
holdout,0,0.07513185391581252,1
holdout,0,0.47984874116827547,1
holdout,0,0.8251567320131357,0
holdout,0,0.40203005274156633,1
holdout,0,0.7215643347596776,0
holdout,0,0.6035426410588118,1
holdout,0,0.05244302915713006,0
holdout,0,0.9599960195044283,0
holdout,0,0.9250671708627725,1
holdout,0,0.28251567320131354,1
holdout,0,0.35207483331674794,1
holdout,0,0.6386705144790527,1
holdout,0,0.8844661160314459,0
holdout,0,0.4683053040103493,0
holdout,0,0.16956911135436362,1
holdout,0,0.26719076525027363,1
holdout,0,0.9456662354463131,1
holdout,0,0.9915414469101403,1
holdout,0,0.467807742063887,1
holdout,0,0.39944273061996216,1
holdout,0,0.9101403124689024,0
holdout,0,0.7928152054930839,0
holdout,0,0.43606328987959003,1
holdout,0,0.2990347298238631,1
holdout,0,0.08368991939496467,0
holdout,0,0.9418847646531994,1
holdout,0,0.8153050054731814,1
holdout,0,0.711215046273261,1
holdout,0,0.5599562145487114,1
holdout,0,0.9424818389889541,0
holdout,0,0.5399542243009254,0
holdout,0,0.7957010647825654,0
holdout,0,0.32431087670414965,1
holdout,0,0.7266394666135934,0
holdout,0,0.03572494775599562,1
holdout,0,0.5194546721066773,1
holdout,0,0.807543039108369,0
holdout,0,0.9406906159816897,0
holdout,0,0.48800875709025776,1
holdout,0,0.6130958304308887,1
holdout,0,0.7088267489302418,1
holdout,0,0.22051945467210668,0
holdout,0,0.523435167678376,0
holdout,0,0.7820678674494974,1
holdout,0,0.15583640163200319,1
holdout,0,0.4953726738979003,0
holdout,0,0.7536073241118519,1
holdout,0,0.0027863469001890733,0
holdout,0,0.8342123594387502,0
holdout,0,0.5902079808936213,1
holdout,0,0.4837297243506817,1
holdout,0,0.7891332470892626,1
holdout,0,0.5814508906358842,1
holdout,0,0.1630012936610608,1
holdout,0,0.4207383819285501,1
holdout,0,0.7019603940690616,1
holdout,0,0.4309881580256742,1
holdout,0,0.9110359239725346,1
holdout,0,0.1411085680167181,1
holdout,0,0.30968255547815704,1
holdout,0,0.817991839984078,1
holdout,0,0.4141705642352473,0
holdout,0,0.30818986963877004,1
holdout,0,0.5326898198825754,1
holdout,0,0.47696288187879393,1
holdout,0,0.14120808040601054,1
holdout,0,0.2628122201214051,1
holdout,0,0.016618569011841975,1
holdout,0,0.6752910737386805,0
holdout,0,0.5411483729724351,1
holdout,0,0.7915215444322818,0
holdout,0,0.3063986466315056,0
holdout,0,0.05284107871429993,1
holdout,0,0.9129266593690915,0
holdout,0,0.6259329286496169,1
holdout,0,0.6338939197930142,1
holdout,0,0.5756791720569211,1
holdout,0,0.8499353169469599,0
holdout,0,0.37635585630410984,1
holdout,0,0.9032739576077221,0
holdout,0,0.703950641854911,1
holdout,0,0.08727236540949349,1
holdout,0,0.22698775997611703,0
holdout,0,0.6051348392874913,0
holdout,0,0.5201512588317245,1
holdout,1,0.8854612399243705,1
holdout,0,0.9456662354463131,0
holdout,0,0.9554184495969749,0
holdout,0,0.08946163797392775,1
holdout,0,0.37426609612896805,0
holdout,0,0.9869638770026868,0
holdout,1,0.9991043884963678,0
holdout,0,0.4008359040700567,1
holdout,0,0.03532689819882576,1
holdout,0,0.5176634490994129,1
holdout,0,0.3965568713304806,1
holdout,0,0.8850631903672007,0
holdout,0,0.5246293163498855,0
holdout,0,0.0962284804458155,1
holdout,0,0.9289481540451786,0
holdout,0,0.7949049656682257,0
holdout,0,0.9484525823465021,0
holdout,0,0.7761966364812419,0
holdout,0,0.8428699373071947,0
holdout,0,0.18330182107672405,1
holdout,0,0.9317345009453677,0
holdout,0,0.4036222509702458,1
holdout,0,0.11871828042591302,0
holdout,0,0.0408995919992039,1
holdout,0,0.2904766643447109,1
holdout,0,0.34112847049457656,1
holdout,0,0.11374266096128968,1
holdout,0,0.14419345208478457,1
holdout,0,0.14628321225992635,1
holdout,0,0.3123693899890536,1
holdout,0,0.3997412677878396,0
holdout,0,0.6503134640262713,1
holdout,0,0.6627525126878296,0
holdout,0,0.6196636481241915,0
holdout,0,0.6429495472186287,1
holdout,0,0.5718977012638073,1
holdout,0,0.5047268384913922,1
holdout,0,0.029157130062692806,1
holdout,0,0.3783461040899592,1
holdout,0,0.38461538461538464,0
holdout,0,0.920091551398149,1
holdout,0,0.222509702457956,1
holdout,0,0.5198527216638471,0
holdout,0,0.6744949746243407,1
holdout,0,0.1076724052144492,1
holdout,0,0.26748930241815105,0
holdout,0,0.4267091252860981,1
holdout,0,0.6337944074037217,0
holdout,0,0.3317743059010847,1
holdout,0,0.6341924569608917,1
holdout,0,0.5477161906657378,1
holdout,0,0.6761866852423126,1
holdout,0,0.7705244302915712,1
holdout,0,0.2910737386804657,1
holdout,0,0.46939994029256643,1
holdout,0,0.38929246691213054,1
holdout,0,0.5274156632500746,1
holdout,0,0.4189471589212857,0
holdout,0,0.7890337346999702,0
holdout,0,0.14280027863469003,1
holdout,0,0.3726738979002886,1
holdout,0,0.7074335754801473,0
holdout,0,0.6775798586924072,1
holdout,0,0.9649716389690517,0
holdout,0,0.9676584734799483,0
holdout,0,0.9320330381132451,0
holdout,0,0.03035127873420241,1
holdout,0,0.5286098119215842,1
holdout,0,0.3999402925664245,1
holdout,0,0.8132152452980396,0
holdout,0,0.3119713404318838,1
holdout,0,0.7120111453876008,0
holdout,0,0.10279629813911832,0
holdout,0,0.658373967558961,1
holdout,0,0.6301124489999005,0
holdout,0,0.006269280525425415,1
holdout,0,0.9680565230371181,0
holdout,0,0.6498159020798089,0
holdout,0,0.3769529306398647,0
holdout,0,0.8454572594287989,1
holdout,0,0.3885958801870833,0
holdout,0,0.745745845357747,0
holdout,0,0.5595581649915414,0
holdout,0,0.9787043486914121,1
holdout,0,0.6486217534082993,1
holdout,0,0.864663150562245,0
holdout,0,0.5047268384913922,1
holdout,0,0.45885162702756493,1
holdout,0,0.3898895412478854,1
holdout,0,0.3239128271469798,0
holdout,0,0.7791820081600159,0
holdout,0,0.5095034331774306,1
holdout,0,0.6999701462832123,1
holdout,0,0.7679371081699672,0
holdout,0,0.7521146382724649,1
holdout,0,0.8275450293561548,0
holdout,0,0.9642750522440043,0
holdout,0,0.24758682455965766,1
holdout,0,0.6531993233157528,1
holdout,0,0.28858592894815405,1
holdout,0,0.2949547218628719,1
holdout,0,0.6789730321425017,0
holdout,0,0.6388695392576376,1
holdout,0,0.3310777191760374,0
holdout,0,0.48800875709025776,1
holdout,0,0.7973927754005373,0
holdout,0,0.9062593292864962,0
holdout,0,0.5807543039108369,0
holdout,0,0.2877898298338143,1
holdout,0,0.6595681162304707,0
holdout,0,0.1672803264006369,1
holdout,0,0.5283112747537069,0
holdout,0,0.5408498358045577,0
holdout,0,0.49726340929445717,1
holdout,0,0.2442034033237138,1
holdout,0,0.6697183799383023,0
holdout,0,0.4520847845556772,1
holdout,0,0.9711414071051846,1
holdout,0,0.908150064683053,1
holdout,0,0.6196636481241915,0
holdout,0,0.17315155736889243,0
holdout,0,0.47656483232162405,1
holdout,0,0.23564533784456165,1
holdout,0,0.19663648124191463,1
holdout,0,0.5688128171957408,1
holdout,0,0.8061498656582744,0
holdout,0,0.726340929445716,1
holdout,0,0.15354761667827643,1
holdout,0,0.6943974524828341,1
holdout,0,0.4533784456164793,0
holdout,0,0.5584635287093244,0
holdout,0,0.28619763160513484,0
holdout,0,0.19315354761667827,1
holdout,0,0.35804557667429593,1
holdout,0,0.7417653497860484,1
holdout,0,0.5387600756294159,1
holdout,0,0.47895312966464326,1
holdout,0,0.8575977709224798,1
holdout,0,0.5359737287292268,1
holdout,0,0.0764255149766146,1
holdout,0,0.29674594487013634,1
holdout,0,0.795402527614688,1
holdout,0,0.48323216240421935,1
holdout,0,0.6862374365608518,0
holdout,0,0.9300427903273958,1
holdout,0,0.0929445715991641,1
holdout,0,0.08498358045576675,1
holdout,0,0.46641456861379244,1
holdout,0,0.9315354761667828,1
holdout,0,0.5375659269579063,1
holdout,0,0.0411981291670813,1
holdout,0,0.5429395959796994,1
holdout,0,0.11135436361827047,1
holdout,0,0.07622649019802966,1
holdout,0,0.9094437257438551,1
holdout,0,0.9345208478455568,0
holdout,0,0.7777888347099214,0
holdout,0,0.7957010647825654,0
holdout,0,0.5963777490297542,0
holdout,0,0.9427803761568315,1
holdout,0,0.33207284306896206,1
holdout,0,0.014429296447407702,0
holdout,0,0.5492088765051248,0
holdout,0,0.4912926659369091,1
holdout,0,0.3395362722658971,1
holdout,0,0.18180913523733705,1
holdout,0,0.5252263906856404,1
holdout,0,0.04985570703552592,0
holdout,0,0.4863170464722858,1
holdout,0,0.9723355557766942,0
holdout,0,0.9242710717484327,0
holdout,0,0.03333665041297641,1
holdout,0,0.1647925166683252,0
holdout,0,0.488705343815305,1
holdout,0,0.9452681858891432,0
holdout,0,0.7718180913523733,0
holdout,0,0.3328689421833018,1
holdout,0,0.4580555279132252,0
holdout,0,0.15056224499950244,1
holdout,0,0.49248681460841875,1
holdout,0,0.8236640461737487,1
holdout,0,0.8345108966066275,0
holdout,0,0.6638471489700468,0
holdout,0,0.013334660165190566,1
holdout,0,0.363817295253259,1
holdout,0,0.2264901980296547,0
holdout,0,0.9642750522440043,1
holdout,0,0.589511394168574,1
holdout,0,0.696288187879391,0
holdout,0,0.6854413374465121,1
holdout,0,0.41904667131057816,1
holdout,0,0.8635685142800279,0
holdout,0,0.35575679172056923,1
holdout,0,0.8082396258334162,0
holdout,0,0.8916310080605035,0
holdout,0,0.8202806249378047,1
holdout,0,0.48313265001492683,0
holdout,0,0.17086277241516568,1
holdout,0,0.9254652204199423,0
holdout,0,0.7098218728231664,1
holdout,0,0.5732908747139018,1
holdout,0,0.5176634490994129,1
holdout,0,0.44273061996218527,0
holdout,0,0.3257040501542442,0
holdout,0,0.6935018409792019,1
holdout,0,0.7818688426709125,1
holdout,0,0.8428699373071947,1
holdout,0,0.24101900686635486,1
holdout,0,0.29724350681659867,0
holdout,0,0.8607821673798388,0
holdout,0,0.5213454075032341,1
holdout,0,0.8851627027564932,1
holdout,0,0.7813712807244502,0
holdout,0,0.12797293263011245,1
holdout,0,0.6719076525027365,1
holdout,0,0.08488406806647428,0
holdout,0,0.86446412578366,1
holdout,0,0.2342521643944671,1
holdout,0,0.2279828838690417,1
holdout,0,0.8597870434869141,0
holdout,0,0.8347099213852125,0
holdout,0,0.5430391083689919,1
holdout,0,0.6127972932630112,1
holdout,0,0.20340332371380238,1
holdout,0,0.8776992735595581,0
holdout,0,0.8564036222509702,1
holdout,0,0.8352074833316748,1
holdout,0,0.08408796895213454,0
holdout,0,0.13424221315553786,0
holdout,0,0.6268285401532491,1
holdout,0,0.6543934719872624,1
holdout,0,0.2294755697084287,0
holdout,0,0.6991740471688725,1
holdout,0,0.8342123594387502,1
holdout,0,0.9195939894516867,0
holdout,0,0.8260523435167678,1
holdout,0,0.2607224599462633,1
holdout,0,0.3267986864364613,1
holdout,0,0.20469698477460443,1
holdout,0,0.061797193750621954,1
holdout,0,0.07622649019802966,0
holdout,0,0.5892128570006966,1
holdout,0,0.6449397950044781,0
holdout,0,0.9595979699472584,0
holdout,0,0.727833615285103,0
holdout,0,0.054333764553686936,1
holdout,0,0.6505124888048562,1
holdout,0,0.7515175639367101,0
holdout,0,0.02607224599462633,1
holdout,0,0.4770623942680864,1
holdout,0,0.9501442929644741,0
holdout,0,0.3984476067270375,1
holdout,0,0.9946263309782067,0
holdout,0,0.20250771221017017,0
holdout,0,0.5103990446810628,1
holdout,0,0.8580953328689421,0
holdout,0,0.510000995123893,1
holdout,0,0.7166882276843467,1
holdout,0,0.7731117524131754,1
holdout,0,0.5011443924768634,1
holdout,0,0.1991242909742263,0
holdout,0,0.5759777092247985,1
holdout,0,0.47507214648223706,1
holdout,0,0.037615683152552495,0
holdout,0,0.21434968653597372,1
holdout,0,0.28171957408697385,1
holdout,0,0.5541844959697483,1
holdout,0,0.9297442531595184,0
holdout,0,0.08319235744850234,1
holdout,0,0.28321225992636084,0
holdout,0,0.6427505224400438,1
holdout,0,0.059209871629017814,1
holdout,0,0.14807443526719077,1
holdout,0,0.4417354960692606,1
holdout,0,0.36053338640660765,1
holdout,0,0.6476266295153746,1
holdout,0,0.19673599363120708,0
holdout,0,0.23355557766941984,1
holdout,0,0.2631107572892825,1
holdout,0,0.5800577171857896,0
holdout,0,0.6075231366305105,0
holdout,0,0.4284008359040701,0
holdout,0,0.7000696586725047,1
holdout,0,0.2571400139317345,1
holdout,0,0.9309384018310279,1
holdout,0,0.3558563041098617,1
holdout,0,0.7170862772415165,0
holdout,0,0.8641655886157826,0
holdout,0,0.507015623445119,0
holdout,0,0.2697780873718778,1
holdout,0,0.9830828938202806,1
holdout,0,0.07980893621255847,1
holdout,0,0.157926161807145,1
holdout,0,0.4700965270176137,1
holdout,0,0.39685540849835804,0
holdout,0,0.08737187779878595,1
holdout,0,0.01034928848641656,1
holdout,0,0.5167678375957807,1
holdout,0,0.2800278634690019,1
holdout,0,0.40790128370982187,0
holdout,0,0.9157130062692805,1
holdout,0,0.06906159816897203,1
holdout,0,0.5211463827246492,1
holdout,0,0.13065976714100905,1
holdout,0,0.23763558563041098,1
holdout,0,0.6243407304209374,1
holdout,0,0.27863469001890734,1
holdout,0,0.6611603144591501,1
holdout,0,0.5054234252164395,1
holdout,0,0.0520449795999602,1
holdout,0,0.7019603940690616,1
holdout,0,0.25007463429196936,1
holdout,0,0.5925962782366405,1
holdout,0,0.9468603841178227,0
holdout,0,0.9351179221813116,0
holdout,0,0.673499850731416,1
holdout,0,0.9020798089362125,0
holdout,0,0.9890536371778287,0
holdout,0,0.8021693700865757,0
holdout,0,0.36819584038212755,1
holdout,0,0.258732212160414,1
holdout,0,0.27773907851527513,1
holdout,0,0.48771021992238034,1
holdout,0,0.4111851925564733,0
holdout,0,0.6543934719872624,1
holdout,0,0.6525027365907056,1
holdout,0,0.9599960195044283,0
holdout,0,0.6157826649417852,0
holdout,0,0.06518061498656583,1
holdout,0,0.14299930341327496,1
holdout,0,0.8374962682854016,0
holdout,0,0.6283212259926361,1
holdout,0,0.5477161906657378,1
holdout,0,0.3368494377550005,1
holdout,0,0.252562444024281,1
holdout,0,0.618071449895512,1
holdout,0,0.46731018011742465,0
holdout,0,0.9814906955916012,0
holdout,0,0.3095830430888646,0
holdout,0,0.04458155040302517,1
holdout,0,0.8046571798188874,1
holdout,0,0.36371778286396655,1
holdout,0,0.1891730520449796,1
holdout,0,0.4090954323813315,1
holdout,0,0.5047268384913922,0
holdout,0,0.8269479550204001,0
holdout,0,0.7456463329684546,1
holdout,0,0.42272862971439945,1
holdout,0,0.9099412876903175,0
holdout,0,0.9320330381132451,0
holdout,0,0.39088466514081005,1
holdout,0,0.747238531197134,1
holdout,0,0.037516170763260026,1
holdout,0,0.2596278236640462,1
holdout,0,0.754900985172654,0
holdout,0,0.2081799183998408,1
holdout,0,0.5452283809334262,1
holdout,0,0.04667131057816698,0
holdout,0,0.2507712210170166,1
holdout,0,0.4382525624440243,1
holdout,0,0.7908249577072346,1
holdout,0,0.8558065479152155,0
holdout,0,0.49766145885162705,1
holdout,0,0.6187680366205592,1
holdout,0,0.5586625534879093,1
holdout,0,0.4624340730420937,1
holdout,0,0.2637078316250373,1
holdout,0,0.2677878395860285,1
holdout,0,0.7847547019603941,0
holdout,0,0.22509702457956016,0
holdout,0,0.9368096327992835,1
holdout,0,0.5533883968554085,1
holdout,0,0.43496865359737286,1
holdout,0,0.3973529704448204,1
holdout,0,0.10000995123892925,0
holdout,0,0.33097820678674494,1
holdout,0,0.8641655886157826,0
holdout,0,0.1079709423823266,1
holdout,0,0.2827146979798985,1
holdout,0,0.28430689620857796,1
holdout,0,0.10538362026072245,0
holdout,0,0.5874216339934322,1
holdout,0,0.656881281719574,0
holdout,0,0.6452383321723555,0
holdout,0,0.23315752811224996,1
holdout,0,0.8008757090257738,0
holdout,0,0.3274952731615086,0
holdout,0,0.5530898596875311,0
holdout,0,0.870434869141208,0
holdout,0,0.7693302816200617,0
holdout,0,0.3597372872922679,1
holdout,0,0.5258234650213952,0
holdout,0,0.2855010448800876,1
holdout,0,0.8013732709722361,0
holdout,0,0.9621852920688626,0
holdout,0,0.40402030052741567,1
holdout,0,0.08100308488406807,1
holdout,0,0.18300328390884665,1
holdout,0,0.5965767738083392,1
holdout,0,0.2108667529107374,1
holdout,0,0.7937108169967161,0
holdout,0,0.24350681659866655,1
holdout,0,0.02925664245198527,1
holdout,0,0.18937207682356452,1
holdout,0,0.012638073440143298,1
holdout,0,0.5264205393571499,1
holdout,0,0.08319235744850234,1
holdout,0,0.3408299333266992,1
holdout,0,0.43238133147576874,1
holdout,0,0.8236640461737487,0
holdout,0,0.7878395860284605,1
holdout,0,0.6596676286197631,1
holdout,0,0.9786048363021196,0
holdout,0,0.4174544730818987,1
holdout,0,0.22221116529007862,1
holdout,0,0.5879191959398945,1
holdout,0,0.6588715295054234,0
holdout,0,0.604438252562444,1
holdout,0,0.40521444919892524,1
holdout,0,0.29853716787740076,1
holdout,0,0.9380037814707931,1
holdout,0,0.3852124589511394,0
holdout,0,0.22857995820479649,1
holdout,0,0.8632699771121505,0
holdout,0,0.6700169171061797,0
holdout,0,0.2700766245397552,0
holdout,0,0.8349089461637974,0
holdout,0,0.9632799283510797,1
holdout,0,0.8250572196238432,0
holdout,0,0.520449795999602,1
holdout,0,0.8860583142601254,0
holdout,0,0.14409393969549208,1
holdout,0,0.655587620658772,0
holdout,0,0.9738282416160812,1
holdout,0,0.38352074833316746,1
holdout,0,0.3014230271668823,1
holdout,0,0.8987959000895611,0
holdout,0,0.6238431684744751,1
holdout,0,0.028162006169768137,1
holdout,0,0.8118220718479451,1
holdout,0,0.8521245895113941,1
holdout,0,0.163896905164693,1
holdout,0,0.8783958602846055,0
holdout,0,0.7823664046173748,1
holdout,0,0.10219922380336352,1
holdout,0,0.07543039108368992,1
holdout,0,0.8754104886058314,0
holdout,0,0.8373967558961091,0
holdout,0,0.0529405911035924,1
holdout,0,0.4938799880585133,1
holdout,0,0.60145288088367,0
holdout,0,0.8537167877400736,0
holdout,0,0.26539954224300927,1
holdout,0,0.8485421434968654,0
holdout,0,0.3984476067270375,1
holdout,0,0.9137227584834312,1
holdout,0,0.6146880286595681,1
holdout,0,0.34988556075231364,1
holdout,0,0.1792218131157329,1
holdout,0,0.11503632202209176,1
holdout,0,0.5793611304607423,1
holdout,0,0.19325306000597076,1
holdout,0,0.15683152552492785,1
holdout,0,0.9097422629117325,0
holdout,0,0.48124191461837,1
holdout,0,0.6585729923375461,1
holdout,0,0.7106179719375062,1
holdout,0,0.8675490098517266,1
holdout,0,0.22758483431187182,1
holdout,0,0.5601552393272963,1
holdout,0,0.1979301423027167,0
holdout,0,0.774305901084685,0
holdout,0,0.53408299333267,1
holdout,0,0.025276146880286596,1
holdout,0,0.12578366006567818,1
holdout,0,0.6842471887750025,1
holdout,0,0.38541148372972434,0
holdout,0,0.33276942979400936,1
holdout,0,0.2291770325405513,1
holdout,0,0.9416857398746143,0
holdout,0,0.6877301224002388,1
holdout,0,0.9414867150960294,0
holdout,0,0.17484326798686436,1
holdout,0,0.5964772614190467,1
holdout,0,0.1061797193750622,1
holdout,0,0.04348691412080804,1
holdout,0,0.7326102099711415,1
holdout,0,0.3010249776097124,1
holdout,0,0.3783461040899592,1
holdout,0,0.6303114737784854,0
holdout,0,0.8358045576674296,0
holdout,0,0.2792317643546622,0
holdout,0,0.3416260324410389,1
holdout,0,0.13404318837695292,1
holdout,0,0.8421733505821475,0
holdout,0,0.8191859886555877,0
holdout,0,0.27226589710418947,1
holdout,0,0.28062493780475667,1
holdout,0,0.3469997014628321,1
holdout,0,0.7946064285003482,1
holdout,0,0.5193551597173848,0
holdout,0,0.8367996815603542,0
holdout,0,0.7946064285003482,0
holdout,0,0.40163200318439646,1
holdout,0,0.6427505224400438,0
holdout,0,0.8963080903572495,0
holdout,0,0.9319335257239526,1
holdout,0,0.9591004080007961,0
holdout,0,0.4354662155438352,1
holdout,0,0.0,0
holdout,0,0.22449995024380534,1
holdout,0,0.3132650014926858,0
holdout,0,0.4611404119812917,1
holdout,0,0.4974624340730421,1
holdout,0,0.19305403522738582,0
holdout,0,0.1274753706836501,1
holdout,0,0.4411384217335058,0
holdout,0,0.6475271171260822,1
holdout,0,0.4714897004677082,1
holdout,0,0.0929445715991641,1
holdout,0,0.869141208080406,1
holdout,0,0.8104288983978505,0
holdout,0,0.1371280724450194,0
holdout,0,0.2119613891929545,1
holdout,0,0.4185491093641158,1
holdout,0,0.4739775102000199,1
holdout,0,0.773012240023883,0
holdout,0,0.23076923076923078,1
holdout,0,0.3069957209672604,0
holdout,0,0.31047865459249674,1
holdout,0,0.12707732112648024,1
holdout,0,0.1555378644641258,1
holdout,0,0.2792317643546622,1
holdout,0,0.1780276644442233,0
holdout,0,0.9058612797293263,0
holdout,0,0.12797293263011245,0
holdout,0,0.5738879490496567,0
holdout,0,0.42830132351477757,1
holdout,0,0.3502836103094835,1
holdout,0,0.1829037715195542,1
holdout,0,0.19822867947059408,1
holdout,0,0.05781669817892328,1
holdout,0,0.14399442730619963,0
holdout,0,0.9092447009652702,0
holdout,0,0.46959896507115134,1
holdout,0,0.7464424320827943,1
holdout,0,0.318638670514479,0
holdout,0,0.793909841775301,1
holdout,0,0.18300328390884665,0
holdout,0,0.15444322818190864,1
holdout,0,0.28380933426211563,1
holdout,0,0.0956314061100607,1
holdout,0,0.6934023285899095,1
holdout,0,0.8791919593989451,0
holdout,0,0.21972335555776695,1
holdout,0,0.1662852025077122,1
holdout,0,0.7368892427107174,1
holdout,0,0.7025574684048164,1
holdout,0,0.5390586127972933,1
holdout,0,0.6042392277838591,1
holdout,0,0.8556075231366305,0
holdout,0,0.5141805154741765,1
holdout,0,0.6978803861080705,0
holdout,0,0.3952632102696786,0
holdout,0,0.3280923474972634,1
holdout,0,0.7359936312070853,1
holdout,0,0.7160911533485919,1
holdout,0,0.46810627923176434,0
holdout,0,0.30042790327395763,1
holdout,0,0.9642750522440043,0
holdout,0,0.8413772514678077,0
holdout,0,0.11294656184694994,1
holdout,0,0.4727833615285103,1
holdout,0,0.41994228281421037,1
holdout,0,0.8776992735595581,1
holdout,0,0.03124689023783461,1
holdout,0,0.8322221116529008,0
holdout,0,0.19255647328092348,0
holdout,0,0.891531495671211,0
holdout,0,0.21017016618569012,0
holdout,0,0.3920788138123196,1
holdout,0,0.9576077221614091,0
holdout,0,0.1952433077918201,0
holdout,0,0.5345805552791323,0
holdout,0,0.9378047566922082,0
holdout,0,0.8528211762364415,0
holdout,0,0.15882177331077718,1
holdout,0,0.034033237138023684,1
holdout,0,0.539854711911633,0
holdout,0,0.38352074833316746,0
holdout,0,0.18837695293063986,0
holdout,0,0.5344810428898398,0
holdout,0,0.5147775898099314,0
holdout,0,0.42551497661458854,1
holdout,0,0.26719076525027363,1
holdout,0,0.38481440939396955,1
holdout,0,0.4971638969051647,1
holdout,0,0.15533883968554085,1
holdout,0,0.6475271171260822,1
holdout,0,0.22728629714399443,1
holdout,0,0.920290576176734,0
holdout,0,0.15892128570006966,1
holdout,0,0.17971937506219524,1
holdout,0,0.3579460642850035,0
holdout,0,0.6023484923873023,0
holdout,0,0.20021892725644344,1
holdout,0,0.6484227286297144,1
holdout,0,0.7847547019603941,0
holdout,0,0.25544830331376256,1
holdout,0,0.3939695492088765,0
holdout,0,0.7797790824957708,1
holdout,0,0.19574086973828242,0
holdout,0,0.0043785451288685445,1
holdout,0,0.9248681460841874,1
holdout,0,0.8750124390486615,1
holdout,0,0.27525126878296347,1
holdout,0,0.025574684048163997,0
holdout,0,0.5124888048562046,1
holdout,0,0.07204696984774604,1
holdout,0,0.7036521046870335,1
holdout,0,0.09344213354562643,1
holdout,0,0.9169071549407901,0
holdout,0,0.3993432182306697,0
holdout,0,0.9711414071051846,0
holdout,0,0.14031246890237833,0
holdout,0,0.23206289183003284,0
holdout,0,0.38153050054731813,1
holdout,0,0.23644143695890138,1
holdout,0,0.3308786943974525,1
holdout,0,0.5568713304806449,0
holdout,0,0.938600855806548,1
holdout,0,0.7626629515374664,1
holdout,0,0.6943974524828341,1
holdout,0,0.5432381331475769,0
holdout,0,0.8849636779779082,0
holdout,0,0.8178923275947856,1
holdout,0,0.5892128570006966,1
holdout,0,0.22449995024380534,1
holdout,0,0.42312667927156933,1
holdout,0,0.05005473181411086,1
holdout,0,0.17335058214747737,0
holdout,0,0.4905960792118619,0
holdout,0,0.49756194646233454,1
holdout,0,0.35446313065976714,1
holdout,0,0.8593889939297442,0
holdout,0,0.827146979798985,0
holdout,0,0.5315951836003583,1
holdout,0,0.14130759279530303,1
holdout,0,0.6690217932132551,0
holdout,0,0.09393969549208876,1
holdout,0,0.8328191859886556,0
holdout,0,0.133844163598368,1
holdout,0,0.2925664245198527,1
holdout,0,0.8764056124987561,0
holdout,0,0.866354861180217,1
holdout,0,0.09911433973529704,1
holdout,0,0.07921186187680367,0
holdout,0,0.27355955816499156,0
holdout,0,0.2655985670215942,1
holdout,0,0.026967857498258533,1
holdout,0,0.947357946064285,0
holdout,0,0.3915812518658573,1
holdout,0,0.8549109364115832,0
holdout,0,0.6253358543138621,1
holdout,0,0.7803761568315255,1
holdout,0,0.4361628022688825,1
holdout,0,0.10578166981789233,0
holdout,0,0.7162901781271769,1
holdout,0,0.9772116628520251,0
holdout,0,0.5132849039705444,1
holdout,0,0.31724549706438454,0
holdout,0,0.40252761468802867,1
holdout,0,0.3817295253259031,0
holdout,0,0.3999402925664245,1
holdout,0,0.47477360931435963,1
holdout,0,0.667728132152453,1
holdout,0,0.9739277540053737,1
holdout,0,0.42641058811822075,1
holdout,0,0.029157130062692806,1
holdout,0,0.2655985670215942,0
holdout,0,0.1867847547019604,0
holdout,0,0.08667529107373868,1
holdout,0,0.8882475868245596,0
holdout,0,0.8801870832918698,1
holdout,0,0.42402229077520154,1
holdout,0,0.9524330779182009,0
holdout,0,0.34540750323415265,1
holdout,0,0.037217633595382625,0
holdout,0,0.8132152452980396,1
holdout,0,0.7887351975320928,0
holdout,0,0.33595382625136827,0
holdout,0,0.15235346800676683,1
holdout,0,0.5733903871031943,0
holdout,0,0.9164095929943278,1
holdout,0,0.33615285102995324,1
holdout,0,0.6516071250870733,0
holdout,0,0.7951039904468107,0
holdout,0,0.7140013931734501,1
holdout,0,0.07214648223703851,1
holdout,0,0.4830331376256344,1
holdout,0,0.7747039506418549,0
holdout,0,0.28500348293362526,1
holdout,0,0.6882276843467011,0
holdout,0,0.6760871728530202,0
holdout,0,0.6927057418648622,1
holdout,0,0.11762364414369589,1
holdout,0,0.6303114737784854,1
holdout,0,0.20280624937804756,0
holdout,0,0.6086177729127277,1
holdout,0,0.28162006169768133,1
holdout,0,0.050850830928450594,1
holdout,0,0.19842770424917902,0
holdout,0,0.7195740869738282,1
holdout,0,0.2968454572594288,0
holdout,0,0.7844561647925167,0
holdout,0,0.44163598367996815,0
holdout,0,0.036919096427505224,1
holdout,0,0.5003482933625236,0
holdout,0,0.2829137227584834,1
holdout,0,0.4105881182207185,0
holdout,0,0.13424221315553786,1
holdout,0,0.8429694496964872,0
holdout,0,0.042392277838590904,1
holdout,0,0.469101403124689,1
holdout,0,0.2829137227584834,1
holdout,0,0.9484525823465021,0
holdout,0,0.7737088267489303,0
holdout,0,0.04896009553189372,1
holdout,0,0.33933724748731214,0
holdout,0,0.40013931734500946,0
holdout,0,0.12399243705841377,1
holdout,0,0.38053537665439346,1
holdout,0,0.47805751816101105,1
holdout,0,0.19195939894516867,1
holdout,0,0.7934122798288387,0
holdout,0,0.014727833615285103,1
holdout,0,0.2021096626530003,1
holdout,0,0.09831824062095731,1
holdout,0,0.4869141208080406,0
holdout,0,0.9278535177629615,0
holdout,0,0.6263309782067867,0
holdout,0,0.5964772614190467,1
holdout,0,0.8583938700368196,1
holdout,0,0.7116130958304309,0
holdout,0,0.8651607125087073,0
holdout,0,0.8338143098815802,0
holdout,0,0.7867449497462434,0
holdout,0,0.33276942979400936,1
holdout,0,0.5515971738481441,1
holdout,0,0.7946064285003482,0
holdout,0,0.8536172753507811,0
holdout,0,0.862971439944273,0
holdout,0,0.21056821574286,1
holdout,0,0.05990645835406508,1
holdout,0,0.9075529903472982,1
holdout,0,0.21584237237536072,1
holdout,0,0.9212857000696587,0
holdout,0,0.4442233058015723,1
holdout,0,0.6480246790725446,0
holdout,0,0.007463429196935018,1
holdout,0,0.5510000995123893,0
holdout,0,0.47696288187879393,1
holdout,0,0.49875609513384417,1
holdout,0,0.40252761468802867,1
holdout,0,0.8624738779978107,0
holdout,0,0.18628719275549807,1
holdout,0,0.9726340929445716,0
holdout,0,0.1672803264006369,0
holdout,0,0.93223206289183,0
holdout,0,0.4814409393969549,0
holdout,0,0.279629813911832,1
holdout,0,0.17633595382625136,1
holdout,0,0.7088267489302418,0
holdout,0,0.8553089859687532,0
holdout,0,0.02069857697283312,0
holdout,0,0.04348691412080804,1
holdout,0,0.4889043685938899,0
holdout,0,0.565429395959797,1
holdout,0,0.19046671310578167,1
holdout,0,0.9423823265996617,0
holdout,0,0.4981590207980894,1
holdout,0,0.3085879191959399,1
holdout,0,0.9147178823763559,0
holdout,0,0.08080406010548313,1
holdout,0,0.5692108667529108,1
holdout,0,0.007463429196935018,1
holdout,0,0.3345606528012738,1
holdout,0,0.18907353965568713,0
holdout,0,0.6818588914319833,0
holdout,0,0.4846253358543139,1
holdout,0,0.7130062692805255,1
holdout,0,0.2053935714996517,1
holdout,0,0.9293462036023485,1
holdout,0,0.7929147178823763,0
holdout,0,0.22449995024380534,1
holdout,0,0.24957707234550702,1
holdout,0,0.9028759080505523,1
holdout,0,0.4866155836401632,1
holdout,0,0.41516568812817195,1
holdout,0,0.3464026271270773,0
holdout,0,0.6069260622947557,0
holdout,0,0.5167678375957807,1
holdout,0,0.8504328788934222,0
holdout,0,0.0923474972634093,1
holdout,0,0.18937207682356452,1
holdout,0,0.91730520449796,0
holdout,0,0.4318837695293064,0
holdout,0,0.5057219623843169,1
holdout,0,0.8059508408796895,1
holdout,0,0.6822569409891531,0
holdout,0,0.9391979301423027,0
holdout,0,0.180515474176535,0
holdout,0,0.9182008160015922,0
holdout,0,0.9388993929744253,0
holdout,0,0.7838590904567618,1
holdout,0,0.5599562145487114,1
holdout,0,0.6715096029455667,0
holdout,0,0.6584734799482536,1
holdout,0,0.9395959796994726,0
holdout,0,0.3792417155935914,1
holdout,0,0.09055627425614489,1
holdout,0,0.6935018409792019,1
holdout,0,0.8138123196337944,1
holdout,0,0.6489202905761767,1
holdout,0,0.1058811822071848,0
holdout,0,0.5055229376057319,1
holdout,0,0.8681460841874813,0
holdout,0,0.3468006766842472,0
holdout,0,0.8863568514280028,1
holdout,0,0.9590008956115036,0
holdout,0,0.3915812518658573,1
holdout,0,0.8333167479351179,0
holdout,0,0.35107970942382327,0
holdout,0,0.38352074833316746,0
holdout,0,0.160911533485919,0
holdout,0,0.9414867150960294,0
holdout,0,0.2949547218628719,1
holdout,0,0.09015822469897503,1
holdout,0,0.6785749825853319,1
holdout,0,0.8636680266693203,0
holdout,0,0.6676286197631605,0
holdout,0,0.4067071350383123,1
holdout,0,0.8284406408597871,0
holdout,0,0.20499552194248183,1
holdout,0,0.08886456363817295,0
holdout,0,0.8815802567419644,0
holdout,0,0.7693302816200617,1
holdout,0,0.6028460543337646,1
holdout,0,0.7430590108468504,1
holdout,0,0.8355060204995522,0
holdout,0,0.45069161110558265,0
holdout,0,0.8576972833117723,1
holdout,0,0.3687929147178824,0
holdout,0,0.47716190665737884,1
holdout,0,0.07533087869439745,1
holdout,0,0.47716190665737884,1
holdout,0,0.6101104587521147,0
holdout,0,0.11175241317544034,1
holdout,0,0.39088466514081005,1
holdout,0,0.9250671708627725,0
holdout,0,0.8986963877002687,0
holdout,0,0.8690416956911136,0
holdout,0,0.848243606328988,1
holdout,0,0.4529803960593094,1
holdout,0,0.9416857398746143,0
holdout,0,0.8811822071847945,0
holdout,0,0.7614688028659569,1
holdout,0,0.7383819285501045,1
holdout,0,0.25156732013135635,1
holdout,0,0.1711613095830431,1
holdout,0,0.7025574684048164,0
holdout,0,0.5993631207085283,0
holdout,0,0.5778684446213553,1
holdout,0,0.6588715295054234,1
holdout,0,0.9309384018310279,1
holdout,0,0.8190864762662952,0
holdout,0,0.8985968753109762,0
holdout,0,0.5752811224997513,1
holdout,0,0.5359737287292268,1
holdout,0,0.24519852721663848,0
holdout,0,0.7742063886953926,0
holdout,0,0.8201811125485123,0
holdout,0,0.6230470693601353,1
holdout,0,0.5012439048661559,0
holdout,0,0.33794407403721766,1
holdout,0,0.8485421434968654,0
holdout,0,0.17583839187978903,1
holdout,0,0.7488307294258135,1
holdout,0,0.9101403124689024,0
holdout,0,0.13553587421633995,0
holdout,0,0.6077221614090954,0
holdout,0,0.18001791223007266,1
holdout,0,0.49676584734799484,0
holdout,0,0.9539257637575879,0
holdout,0,0.6278236640461737,0
holdout,0,0.6763857100208976,1
holdout,0,0.5297044482038014,1
holdout,0,0.3321723554582546,0
holdout,0,0.3747636580754304,1
holdout,0,0.896009553189372,0
holdout,0,0.4247188775002488,1
holdout,0,0.058811822071847944,1
holdout,0,0.6882276843467011,1
holdout,0,0.9333266991740472,1
holdout,0,0.5738879490496567,1
holdout,0,0.13573489899492486,0
holdout,0,0.17514180515474176,1
holdout,0,0.9265598567021595,0
holdout,0,0.49487511195143796,1
holdout,0,0.6714100905562742,0
holdout,0,0.31137426609612895,1
holdout,0,0.9746243407304209,0
holdout,0,0.2715693103791422,1
holdout,0,0.32341526520051744,1
holdout,0,0.1829037715195542,0
holdout,0,0.6857398746143895,0
holdout,0,0.162404219325306,1
holdout,0,0.09961190168175937,1
holdout,0,0.13603343616280228,0
holdout,0,0.0,0
holdout,0,0.013334660165190566,1
holdout,0,0.02776395661259827,1
holdout,0,0.2241019006866355,1
holdout,0,0.8077420638869539,1
holdout,0,0.6552890834908947,0
holdout,0,0.21335456264304906,1
holdout,0,0.2697780873718778,1
holdout,0,0.011742461936511095,1
holdout,0,0.5710020897601752,0
holdout,0,0.9166086177729127,1
holdout,0,0.2882873917802766,1
holdout,0,0.9250671708627725,1
holdout,0,0.22698775997611703,1
holdout,0,0.8791919593989451,0
holdout,0,0.775997611702657,1
holdout,0,0.24012339536272265,1
holdout,0,0.9467608717285302,0
holdout,0,0.02875908050552294,1
holdout,0,0.8764056124987561,1
holdout,0,0.07672405214449199,1
holdout,0,0.8833714797492288,0
holdout,0,0.4791521544432282,1
holdout,0,0.488705343815305,1
holdout,0,0.48621753408299334,1
holdout,0,0.19146183699870634,1
holdout,0,0.6952930639864663,1
holdout,0,0.9270574186486218,0
holdout,0,0.7467409692506717,1
holdout,0,0.49029754204398446,0
holdout,0,0.4968653597372873,1
holdout,0,0.8573987461438949,0
holdout,0,0.6066275251268783,1
holdout,0,0.8743158523236143,0
holdout,0,0.7269380037814708,1
holdout,0,0.7460443825256244,0
holdout,0,0.5184595482137526,1
holdout,0,0.20091551398149068,1
holdout,0,0.4947755995621455,1
holdout,0,0.6000597074335755,1
holdout,0,0.22658971041894715,0
holdout,0,0.9658672504726838,0
holdout,0,0.192456960891631,1
holdout,0,0.7828639665638372,1
holdout,0,0.9484525823465021,0
holdout,0,0.7041496666334959,1
holdout,0,0.16011543437157927,0
holdout,0,0.29455667230570204,0
holdout,0,0.5324907951039904,1
holdout,0,0.42143496865359736,1
holdout,0,0.0414966663349587,0
holdout,0,0.41944472086774803,1
holdout,0,0.8558065479152155,0
holdout,0,0.25604537764951735,1
holdout,0,0.7999800975221415,0
holdout,0,0.40372176335953824,0
holdout,0,0.7823664046173748,1
holdout,0,0.4090954323813315,0
holdout,0,0.6870335356751915,1
holdout,0,0.5403522738580954,0
holdout,0,0.4907951039904468,1
holdout,0,0.7813712807244502,1
holdout,0,0.034033237138023684,1
holdout,0,0.6552890834908947,0
holdout,0,0.04318837695293064,1
holdout,0,0.6228480445815504,1
holdout,0,0.5161707632600259,1
holdout,0,0.9632799283510797,0
holdout,0,0.10160214946760872,1
holdout,0,0.24549706438451588,1
holdout,0,0.39944273061996216,1
holdout,0,0.13095830430888647,0
holdout,0,0.7777888347099214,0
holdout,0,0.5583640163200319,1
holdout,0,0.9394964673101801,1
holdout,0,0.941188177928152,0
holdout,0,0.6698178923275948,0
holdout,0,0.6676286197631605,0
holdout,0,0.8916310080605035,0
holdout,0,0.7809732311672803,0
holdout,0,0.4910936411583242,1
holdout,0,0.0791123494875112,1
holdout,0,0.581848940193054,1
holdout,0,0.557965966762862,1
holdout,0,0.9317345009453677,0
holdout,0,0.6611603144591501,1
holdout,0,0.8374962682854016,0
holdout,0,0.7166882276843467,0
holdout,0,0.8488406806647427,0
holdout,0,0.6872325604537765,1
holdout,0,0.45198527216638473,0
holdout,0,0.7978903373469997,0
holdout,0,0.6268285401532491,0
holdout,0,0.8156035426410588,0
holdout,0,0.4555677181809135,0
holdout,0,0.6384714897004677,1
holdout,0,0.14817394765648323,1
holdout,0,0.4910936411583242,1
holdout,0,0.8775997611702657,0
holdout,0,0.30560254751716587,1
holdout,0,0.7200716489202906,1
holdout,0,0.1302617175838392,0
holdout,0,0.937108169967161,0
holdout,0,0.16638471489700468,1
holdout,0,0.4481042889839785,1
holdout,0,0.6898198825753806,1
holdout,0,0.7936113046074236,1
holdout,0,0.956712110657777,0
holdout,0,0.9434769628818788,0
holdout,0,0.9603940690615982,0
holdout,0,0.911135436361827,1
holdout,0,0.33595382625136827,1
holdout,0,0.9270574186486218,0
holdout,0,0.8246591700666733,0
holdout,0,0.8967061399144194,0
holdout,0,0.11244899990048761,0
holdout,0,0.5084087968952135,1
holdout,0,0.08667529107373868,0
holdout,0,0.47507214648223706,1
holdout,0,0.6463329684545726,0
holdout,0,0.0043785451288685445,0
holdout,0,0.5377649517364912,0
holdout,0,0.9041695691113544,0
holdout,0,0.869340232858991,1
holdout,0,0.8682455965767738,0
holdout,0,0.2056921086675291,0
holdout,0,0.3926758881480744,0
holdout,0,0.4709921385212459,1
holdout,0,0.3298835705045278,0
holdout,0,0.22449995024380534,1
holdout,0,0.2018111254851229,0
holdout,0,0.7420638869539258,1
holdout,0,0.9620857796795701,1
holdout,0,0.9033734699970146,0
holdout,0,0.9706438451587223,0
holdout,0,0.9445715991640959,1
holdout,0,0.9131256841476764,0
holdout,0,0.7921186187680366,0
holdout,0,0.18260523435167678,1
holdout,0,0.47417653497860485,1
holdout,0,0.9297442531595184,0
holdout,0,0.9641755398547119,0
holdout,0,0.9196935018409792,1
holdout,0,0.20748333167479352,1
holdout,0,0.42511692705741866,1
holdout,0,0.3489899492486815,0
holdout,0,0.18001791223007266,1
holdout,0,0.28321225992636084,1
holdout,0,0.4865160712508707,1
holdout,0,0.75191561349388,1
holdout,0,0.029455667230570207,1
holdout,0,0.12399243705841377,1
holdout,0,0.2507712210170166,1
holdout,0,0.41944472086774803,1
holdout,0,0.810528410787143,0
holdout,0,0.9076525027365907,0
holdout,0,0.03542641058811822,1
holdout,0,0.7693302816200617,1
holdout,0,0.9506418549109364,0
holdout,0,0.6891232958503334,1
holdout,0,0.6232460941387202,1
holdout,0,0.2936610608020699,1
holdout,0,0.9711414071051846,1
holdout,0,0.4409393969549209,1
holdout,0,0.9836799681560354,1
holdout,0,0.694596477261419,0
holdout,0,0.7013633197333068,1
holdout,0,0.9205891133446114,0
holdout,0,0.8628719275549805,1
holdout,0,0.8066474276047368,0
holdout,0,0.20191063787441538,1
holdout,0,0.22002189272564435,1
holdout,0,0.3847148970046771,1
holdout,0,0.8068464523833218,1
holdout,0,0.6636481241914618,0
holdout,0,0.4085978704348691,0
holdout,0,0.7364911931535476,0
holdout,0,0.9635784655189571,0
holdout,0,0.7463429196935019,0
holdout,0,0.36560851826052343,1
holdout,0,0.19454672106677282,1
holdout,0,0.6116031445915017,1
holdout,0,0.5572693800378147,1
holdout,0,0.41665837396755895,0
holdout,0,0.7937108169967161,0
holdout,0,0.07423624241218031,1
holdout,0,0.7890337346999702,0
holdout,0,0.5407503234152652,1
holdout,0,0.4733804358642651,1
holdout,0,0.5397551995223405,1
holdout,0,0.9325306000597074,0
holdout,0,0.8326201612100707,1
holdout,0,0.12309682555478157,1
holdout,0,0.05851328490397054,1
holdout,0,0.451189173052045,1
holdout,0,0.5927953030152254,1
holdout,0,0.38053537665439346,0
holdout,0,0.30042790327395763,0
holdout,0,0.45676186685242315,0
holdout,0,0.03124689023783461,1
holdout,0,0.9069559160115435,0
holdout,0,0.31137426609612895,0
holdout,0,0.34630311473778486,1
holdout,0,0.21922579361130462,1
holdout,0,0.5779679570106478,1
holdout,0,0.9097422629117325,0
holdout,0,0.6057319136232461,1
holdout,0,0.9453676982784357,0
holdout,0,0.08169967160911533,1
holdout,0,0.7715195541844959,1
holdout,0,0.5838391879789033,0
holdout,0,0.011742461936511095,1
holdout,0,0.48432679868643647,0
holdout,0,0.8492387302219127,0
holdout,0,0.8006766842471887,0
holdout,0,0.5154741765349786,1
holdout,0,0.8093342621156334,0
holdout,0,0.05552791322519654,1
holdout,0,0.12638073440143296,1
holdout,0,0.09841775301024977,1
holdout,0,0.40382127574883075,1
holdout,0,0.6137924171559359,0
holdout,0,0.470594088964076,1
holdout,0,0.5595581649915414,0
holdout,0,0.17076326002587322,0
holdout,0,0.07931137426609614,1
holdout,0,0.7403721763359539,0
holdout,0,0.13235147775898098,0
holdout,0,0.9069559160115435,1
holdout,0,0.6198626729027764,1
holdout,0,0.2893820280624938,0
holdout,0,0.1224002388297343,1
holdout,0,0.520449795999602,0
holdout,0,0.9532291770325405,0
holdout,0,0.23902875908050553,1
holdout,0,0.03572494775599562,1
holdout,0,0.6128968056523038,1
holdout,0,0.7753010249776097,0
holdout,0,0.47089262613195343,1
holdout,0,0.8760075629415862,1
holdout,0,0.9360135336849438,0
holdout,0,0.26838491392178326,0
holdout,0,0.4309881580256742,1
holdout,0,0.9570106478256543,0
holdout,0,0.10100507513185392,1
holdout,0,0.6381729525325903,1
holdout,0,0.7845556771818092,0
holdout,0,0.4859189969151159,1
holdout,0,0.04925863269977112,0
holdout,0,0.7070355259229774,1
holdout,0,0.2893820280624938,1
holdout,0,0.8494377550004976,0
holdout,0,0.9392974425315952,0
holdout,0,0.4047168872524629,0
holdout,0,0.7403721763359539,1
holdout,0,0.16529007861478753,1
holdout,0,0.04677082296745945,1
holdout,0,0.5557766941984277,1
holdout,0,0.36192655985670213,0
holdout,0,0.07324111851925565,1
holdout,0,0.425614489003881,0
holdout,0,0.7694297940093542,1
holdout,0,0.8444621355358742,1
holdout,0,0.05811523534680068,1
holdout,0,0.18260523435167678,1
holdout,0,0.6521046870335356,0
holdout,0,0.775997611702657,1
holdout,0,0.0028858592894815405,1
holdout,0,0.7026569807941089,1
holdout,0,0.14817394765648323,1
holdout,0,0.13215245298039605,0
holdout,0,0.6819584038212757,1
holdout,0,0.30779182008160016,0
holdout,0,0.16688227684346701,1
holdout,0,0.9362125584635287,0
holdout,0,0.138322221116529,1
holdout,0,0.726539954224301,1
holdout,0,0.5768733207284307,1
holdout,0,0.6116031445915017,0
holdout,0,0.4287988854612399,1
holdout,0,0.6684247188775002,1
holdout,0,0.5344810428898398,1
holdout,0,0.2596278236640462,1
holdout,0,0.25196536968852623,1
holdout,0,0.6194646233456065,0
holdout,1,0.966961886754901,1
holdout,1,0.9995024380535377,0
holdout,1,0.9999004876107075,0
holdout,1,0.9388993929744253,1
holdout,1,0.9987063389391979,0
holdout,1,0.9879590008956115,1
holdout,1,0.9994029256642452,0
holdout,1,0.9773111752413175,0
holdout,1,0.882774405413474,1
holdout,1,0.9981092646034432,1
holdout,0,0.7943078913324709,1
holdout,1,0.9954224300925465,1
holdout,1,0.9958204796497164,0
holdout,1,0.9869638770026868,1
holdout,1,0.9795999601950443,0
holdout,1,0.9938302318638671,1
holdout,1,0.9507413673002288,1
holdout,1,0.989551199124291,0
holdout,1,0.9746243407304209,0
holdout,0,0.3225196536968853,0
holdout,1,0.8841675788635686,1
holdout,1,0.9987063389391979,0
holdout,1,0.9958204796497164,1
holdout,1,0.9682555478157031,1
holdout,1,0.9987063389391979,1
holdout,1,0.9179022788337148,1
holdout,1,0.9953229177032541,1
holdout,1,0.9997014628321226,0
holdout,1,0.9997014628321226,0
holdout,1,0.9998009752214151,0
holdout,1,0.9696487212657976,1
holdout,1,0.9919394964673102,0
holdout,1,0.9814906955916012,1
holdout,1,0.9992039008856602,1
holdout,1,0.9762165389591004,1
holdout,1,0.9459647726141904,1
holdout,1,0.9990048761070753,0
holdout,1,0.9995024380535377,0
holdout,1,0.9887551000099513,1
holdout,1,0.9995024380535377,0
holdout,1,0.9998009752214151,0
holdout,1,0.9999004876107075,0
holdout,1,0.9999004876107075,0
holdout,1,0.9998009752214151,0
holdout,1,0.9916409592994327,1
holdout,1,0.6037416658373967,1
holdout,1,0.9213852124589511,1
holdout,1,0.8998905363717783,1
holdout,1,0.9988058513284904,0
holdout,1,0.9998009752214151,0
holdout,1,0.9868643646133943,0
holdout,1,0.9997014628321226,0
holdout,1,0.9999004876107075,0
holdout,1,0.9999004876107075,0
holdout,1,0.9897502239028759,1
holdout,1,0.9951238929246691,1
holdout,1,0.9761170265698079,1
holdout,1,0.9451686734998508,1
holdout,1,0.9990048761070753,1
holdout,1,0.9570106478256543,1
holdout,1,0.9997014628321226,0
holdout,1,0.9887551000099513,1
holdout,1,0.9916409592994327,1
holdout,1,0.9982087769927356,0
holdout,1,0.9998009752214151,0
holdout,1,0.9999004876107075,0
holdout,1,0.9999004876107075,0
holdout,1,0.9999004876107075,0
holdout,1,0.9999004876107075,0
holdout,1,0.9999004876107075,0
holdout,1,0.9999004876107075,0
