transaction_id,customer_id,event_datetime,is_fraud,is_first_tx_trimestre,anomaly_score,anomaly_raw,pred_0_5,pred_best_f1,error_type,nr_idade,qt_tempo_relacionamento_mes,vl_pix,ratio_valor_mediana,ratio_valor_desvio_padrao,zscore_valor_aprox,tx_count_prev_30m,burst_30m_flag,minutes_since_prev_tx,qt_total_pix_trimestre,qt_pix_dia_maximo_trimestre,distinct_receivers_so_far,first_receiver_flag,hour,topaz_risk_score,rule_score_raw,valor_x_burst,idade_x_first_recv,valor_x_first_recv,burst_x_distinct_recv,valor_over_trimestre_avg
E0000020820260221193058291780542,8124288461,2026-02-21 16:30:59,0,0,0.9602868611864757,0.09440857070162212,1,1,FALSE_POSITIVE,38,54,100.0,2.0,0.7084196562784915,0.3542098281392457,0,0,7515.2,388,14,1,0,16,0.0,4,100.0,0,0.0,0,0.005154639175257732
E0000020820260221193254948183525,28774540106,2026-02-21 16:33:32,0,0,0.98175385152395,0.0621904326020159,1,1,FALSE_POSITIVE,64,398,125.0,0.8928571428571429,1.4723816426113066,-0.1766857971133567,0,0,82225.5,20,2,2,1,16,26.0,6,125.0,64,125.0,0,0.044642857142857144
E0000020820260221194000677497542,42220343200,2026-02-21 16:40:21,0,0,0.980405223158329,0.06487859012420105,1,1,FALSE_POSITIVE,52,56,60.0,2.0,0.1791214154170493,0.0895607077085246,0,0,39400.9,244,14,2,0,16,0.0,2,60.0,0,0.0,0,0.00819672131147541
E0000020820260221200012983412525,17364050809,2026-02-21 17:00:13,0,0,0.9719167975629492,0.08013071505147223,1,1,FALSE_POSITIVE,55,43,20.0,1.0,0.359721609400867,0.0,0,0,71837.13333333333,320,15,2,1,17,26.0,9,20.0,55,20.0,0,0.003125
E0000020820260221201350844655525,82630674134,2026-02-21 17:13:51,0,0,0.9670141367985149,0.08672936880136889,1,1,FALSE_POSITIVE,48,62,11.5,0.3833333333333333,0.0688320232117838,-0.1107297764711305,0,0,74826.68333333333,364,13,2,1,17,26.0,8,11.5,48,11.5,0,0.001053113553113553
E0000020820260221201525571832542,4348909105,2026-02-21 17:15:26,0,0,0.9573516112142415,0.09764672446773226,1,1,FALSE_POSITIVE,33,183,4.32,0.216,0.022045423612385,-0.0800167227412494,0,0,86726.76666666666,105,5,2,1,17,0.0,4,4.32,33,4.32,0,0.002057142857142857
E0000020820260221201840651408525,39628949349,2026-02-21 17:19:52,0,0,0.9759150840116141,0.07382210186041138,1,1,FALSE_POSITIVE,56,323,200.0,0.4444444444444444,0.5178539622593274,-0.6473174528241593,0,0,62141.6,28,2,2,1,17,0.0,2,200.0,56,200.0,0,0.015873015873015872
E0000020820260221202656770552525,86072423507,2026-02-21 17:26:57,0,0,0.972138924587875,0.07982511941545567,1,1,FALSE_POSITIVE,28,27,14.49,0.2957142857142857,0.0312441125369917,-0.0744123066702267,0,0,29058.816666666666,799,18,5,1,17,26.0,10,14.49,28,14.49,0,0.0003701054890041123
E0000020820260221203133359102525,824669126,2026-02-21 17:31:35,0,0,0.9832770082662986,0.058007757282117434,1,1,FALSE_POSITIVE,40,178,8.25,0.5693581780538303,0.0291061647019355,-0.0220148445745548,0,0,1783.8833333333334,789,23,7,1,17,0.0,4,8.25,40,8.25,0,0.0007216199975333716
E0000020820260221203259566600542,2616863723,2026-02-21 17:33:00,0,0,0.9654275151919018,0.08858544378284461,1,1,FALSE_POSITIVE,57,55,5.0,0.5,0.0979976210590194,-0.0979976210590194,0,0,72375.06666666667,665,20,2,1,17,0.0,6,5.0,57,5.0,0,0.0007518796992481203
E0000020820260221203334559114525,28177134191,2026-02-21 17:33:55,0,0,0.9650467260063148,0.0891459492904832,1,1,FALSE_POSITIVE,61,470,350.0,7.0,0.8442386954784802,0.723633167552983,0,0,39519.73333333333,673,15,2,1,17,0.0,3,350.0,61,350.0,0,0.010401188707280832
E0000020820260221204324234446525,49686139000120,2026-02-21 17:44:02,0,0,0.9976993986704111,-0.054686337808852126,1,1,FALSE_POSITIVE,3,36,8161.15,37.50528492647059,5.037445882429963,4.903132921141816,0,0,60729.36666666667,1241,27,3,1,17,26.0,7,8161.15,3,8161.15,0,0.030221825081765182
E0000020820260221204439626852542,12869791291,2026-02-21 17:44:54,0,0,0.9943674932965237,0.006378014111463326,1,1,FALSE_POSITIVE,65,58,50.0,1.0,0.9493891683734657,0.0,0,0,85419.13333333333,19,2,1,0,17,0.0,3,50.0,0,0.0,0,0.05263157894736842
E0000020820260221204351462804542,1073520528,2026-02-21 17:45:17,0,0,0.9768194583273835,0.0721959790810594,1,1,FALSE_POSITIVE,52,30,17.0,2.833333333333333,0.8758548138889969,0.5667295854575862,0,0,4413.466666666666,50,6,1,0,17,0.0,3,17.0,0,0.0,0,0.056666666666666664
E0000020820260221204624388323525,237045192,2026-02-21 17:46:25,0,0,0.9578434639122916,0.09703201542939083,1,1,FALSE_POSITIVE,41,205,181.17,1.163359660951647,0.6948452190845429,0.0975705821797801,0,0,76763.86666666667,41,7,2,1,17,0.0,4,181.17,41,181.17,0,0.028374625876869442
E0000020820260221205035688773525,8362908602,2026-02-21 17:50:36,0,0,0.9932251257397623,0.015385381390320585,1,1,FALSE_POSITIVE,35,195,15.0,0.5,0.0552837669754704,-0.0552837669754704,0,0,69481.55,543,15,1,0,17,0.0,2,15.0,0,0.0,0,0.0009208103130755065
E0000020820260221205936790265525,96978872172,2026-02-21 18:00:06,0,1,0.9935107176289527,0.01397859967473658,1,1,FALSE_POSITIVE,44,287,5.0,1.0,0.2306441332724781,0.0,0,0,20325.366666666665,1,1,1,1,18,0.0,2,5.0,44,5.0,0,1.0
E0000020820260221210417640251542,19200281702,2026-02-21 18:04:31,0,0,0.9551144747489171,0.09976233807540164,1,1,FALSE_POSITIVE,22,54,25.0,1.25,0.2583302707254476,0.0516660541450895,0,0,86738.18333333333,125,10,2,1,18,0.0,4,25.0,22,25.0,0,0.01
E0000020820260221210614314859542,67184715349,2026-02-21 18:06:14,0,0,0.9620480111698161,0.09233897567761068,1,1,FALSE_POSITIVE,42,63,20.0,1.0,0.0948697542342682,0.0,0,0,11371.55,277,10,2,0,18,0.0,3,20.0,0,0.0,0,0.0036101083032490976
E0000020820260221211054357229525,21993621830,2026-02-21 18:11:09,0,0,0.9549240801561235,0.1000047861954032,1,1,FALSE_POSITIVE,44,7,220.0,3.142857142857143,0.3592026262080288,0.2449108815054741,0,0,64622.15,213,8,2,1,18,0.0,5,220.0,44,220.0,0,0.014755197853789403
E0000020820260221211700640227525,258613360,2026-02-21 18:17:02,0,0,0.9606676503720628,0.0940134243476981,1,1,FALSE_POSITIVE,44,120,12.0,0.5002084201750729,0.2497105866966335,-0.249502494541053,0,0,77526.73333333334,148,11,2,1,18,26.0,7,12.0,44,12.0,0,0.003379786622804547
E0000020820260221212158686264525,95925635191,2026-02-21 18:21:59,0,0,0.9573040125660431,0.09769523883591413,1,1,FALSE_POSITIVE,45,298,20.0,1.1111111111111112,0.2044524854728125,0.0204452485472812,0,0,66033.75,173,9,2,1,18,0.0,4,20.0,45,20.0,0,0.006422607578676943
E0000020820260221212338387672525,3953265164,2026-02-21 18:23:39,0,0,0.9665698827486633,0.08729283297144375,1,1,FALSE_POSITIVE,32,153,10.0,1.0,0.166627265743667,0.0,0,0,1098.55,789,40,5,1,18,26.0,7,10.0,32,10.0,0,0.0012674271229404308
E0000020820260221212400995955525,51956309000190,2026-02-21 18:24:51,0,0,0.9845939041997874,0.054503294717942685,1,1,FALSE_POSITIVE,2,12,1569.77,8.720944444444445,0.9278235860410436,0.8214333215517312,0,0,56791.3,200,13,3,1,18,0.0,5,1569.77,2,1569.77,0,0.04360472222222222
E0000020820260221212854244567525,41750420163,2026-02-21 18:29:09,0,0,0.979929236676345,0.06598730571654715,1,1,FALSE_POSITIVE,65,485,40.0,0.6369426751592357,0.0658377319825904,-0.0375275072300765,0,0,79615.26666666666,217,8,2,1,18,26.0,6,40.0,65,40.0,0,0.0029352197011946347
E0000020820260221212634300177525,48037818187,2026-02-21 18:29:13,1,0,0.9036603360464562,0.12648997869659456,1,0,FALSE_NEGATIVE,57,360,4999.0,1.0,3.9976009596161535,0.0,0,0,20325.366666666665,4,3,1,1,18,26.0,5,4999.0,57,4999.0,0,0.25
E0000020820260221213458776627525,53850831191,2026-02-21 18:35:16,0,0,0.9558601869040253,0.09888884604817616,1,1,FALSE_POSITIVE,54,418,35.0,0.4795177421564598,0.1073640293291108,-0.116535984977512,0,0,58016.38333333333,64,6,2,1,18,26.0,5,35.0,54,35.0,0,0.007492464721194685
E0000020820260221213643817642542,2495004261,2026-02-21 18:37:00,0,0,0.9593666206546401,0.09524013844665008,1,1,FALSE_POSITIVE,32,53,200.0,20.0,2.6749761074696576,2.541227302096175,0,0,16986.9,500,27,5,1,18,0.0,5,200.0,32,200.0,0,0.04
E0000020820260221214031314707542,10483920665,2026-02-21 18:40:31,0,0,0.9522426896409475,0.10237076417443652,1,1,FALSE_POSITIVE,36,47,12.0,0.375,0.0938100939427492,-0.1563501565712487,0,0,85420.08333333333,525,20,2,1,18,0.0,6,12.0,36,12.0,0,0.0007142857142857143
E0000020820260221214230718220525,2731958162,2026-02-21 18:42:31,0,0,0.9502118139844828,0.1042840268310688,1,1,FALSE_POSITIVE,39,47,9.0,0.1285714285714285,0.0252583353829138,-0.1711953842619713,0,0,70968.86666666667,292,12,2,1,18,0.0,4,9.0,39,9.0,0,0.0004403131115459883
E0000020820260221214812685612525,51468689304,2026-02-21 18:48:13,0,0,0.9764862677899948,0.07273535389043595,1,1,FALSE_POSITIVE,52,51,50.0,2.5,0.2869318645520679,0.1721591187312407,0,0,60851.15,857,17,2,1,18,26.0,9,50.0,52,50.0,0,0.0029171528588098016
E0000020820260221215040659917542,1111934274,2026-02-21 18:51:09,0,0,0.9636822314246275,0.09063207083008751,1,1,FALSE_POSITIVE,33,3,30.0,1.5,0.3213643556406285,0.1071214518802095,0,0,63320.61666666667,630,24,2,1,18,0.0,6,30.0,33,30.0,0,0.002380952380952381
E0000020820260221215301922163525,72799641172,2026-02-21 18:53:03,0,0,0.9657448395132245,0.08827785253878695,1,1,FALSE_POSITIVE,42,182,17.5,1.0775862068965518,0.2635982313387331,0.0189790726563888,0,0,63002.61666666667,285,11,3,1,18,0.0,4,17.5,42,17.5,0,0.0037810042347247433
E0000020820260221215319472844542,89986156149,2026-02-21 18:53:19,0,0,0.9565107017627366,0.09830025147297627,1,1,FALSE_POSITIVE,47,250,10.0,1.0,0.2233043447153554,0.0,0,0,54913.7,608,16,3,1,18,0.0,4,10.0,47,10.0,0,0.001644736842105263
E0000020820260221214924362860525,6941812184,2026-02-21 18:55:29,0,0,0.9616830882002951,0.09297827547740678,1,1,FALSE_POSITIVE,24,10,11.0,0.2972972972972973,0.0254585236515974,-0.0601746922674121,0,0,21614.08333333333,107,7,1,0,18,0.0,3,11.0,0,0.0,0,0.0027784794139934328
E0000020820260221215946129502525,64674940168,2026-02-21 19:00:04,0,0,0.9579545274247545,0.09689590736436454,1,1,FALSE_POSITIVE,52,373,35.89,0.6771698113207547,0.2769755155080199,-0.1320437745985573,0,0,59219.816666666666,267,11,2,1,19,26.0,5,35.89,52,35.89,0,0.0025362165218005793
E0000020820260221221110676637525,18936689673,2026-02-21 19:11:11,0,0,0.980405223158329,0.06491524474857358,1,1,FALSE_POSITIVE,19,13,5.5,0.11,0.0104965477862004,-0.0849266139065309,0,0,75418.53333333334,315,14,2,1,19,26.0,10,5.5,19,5.5,0,0.0003492063492063492
E0000020820260221221235884765525,4710572151,2026-02-21 19:12:37,0,0,0.9708378948704524,0.08186299795208651,1,1,FALSE_POSITIVE,32,41,29.0,1.45,0.8606009624522809,0.2670830573127768,0,0,63367.35,328,19,2,1,19,26.0,9,29.0,32,29.0,0,0.004420731707317073
E0000020820260221221926862126525,25813935134,2026-02-21 19:19:27,0,0,0.9756294921224237,0.07427194937398024,1,1,FALSE_POSITIVE,64,520,43.0,0.7166666666666667,0.093216568927893,-0.0368530621342833,0,0,54580.85,213,10,3,1,19,0.0,5,43.0,64,43.0,0,0.0033646322378716744
E0000020820260221222238395323525,81414587104,2026-02-21 19:22:38,0,0,0.964713535468926,0.08947004936573794,1,1,FALSE_POSITIVE,49,184,46.99,0.9535308441558442,0.0751329922795604,-0.0036615142013235,0,0,67608.66666666667,177,8,2,1,19,26.0,7,46.99,49,46.99,0,0.005387179910484996
E0000020820260221222722103635525,655127151,2026-02-21 19:27:24,0,0,0.9646500706046615,0.0895139088308668,1,1,FALSE_POSITIVE,40,205,19.9,0.7959999999999999,0.0660738923198662,-0.016933510092026,0,0,81086.45,257,8,2,1,19,26.0,7,19.9,40,19.9,0,0.0030972762645914394
E0000020820260221223409434466542,12733898752,2026-02-21 19:34:09,0,0,0.9662366922112745,0.08774663581849534,1,1,FALSE_POSITIVE,40,57,20.0,1.0,0.0934530679208109,0.0,0,0,53815.333333333336,1073,50,3,1,19,0.0,6,20.0,40,20.0,0,0.0009319664492078285
E0000020820260221223537720459542,18380799712,2026-02-21 19:35:38,0,0,0.9894489663160233,0.037530581977359034,1,1,FALSE_POSITIVE,29,59,100.0,2.000400080016003,1.4514755409123823,0.7258829180102824,0,0,50674.86666666667,551,23,1,0,19,0.0,4,100.0,0,0.0,0,0.0036304901633684265
E0000020820260221223827243788525,5897533636,2026-02-21 19:38:40,0,0,0.9624763990036016,0.09186051390070021,1,1,FALSE_POSITIVE,44,164,5.0,0.25,0.0441857749699417,-0.1325573249098252,0,0,90744.1,139,5,2,1,19,26.0,5,5.0,44,5.0,0,0.0017985611510791368
E0000020820260221223858199184525,56017146491,2026-02-21 19:38:59,0,0,0.988195535246799,0.04255942015255243,1,1,FALSE_POSITIVE,59,7,50.0,5.0,0.3874381807867456,0.3099505446293965,0,0,36010.833333333336,700,26,2,0,19,0.0,5,50.0,0,0.0,0,0.007142857142857143
E0000020820260221224044587572525,5435895448,2026-02-21 19:41:10,0,0,0.9547971504275945,0.10019623146588913,1,1,FALSE_POSITIVE,40,7,60.7,2.3346153846153848,0.3310307289098708,0.189238324434473,0,0,79592.0,157,11,2,1,19,0.0,7,60.7,40,60.7,0,0.01487016168544831
E0000020820260221224139379642525,2878206100,2026-02-21 19:41:40,0,0,0.9798340393799483,0.06631754045443039,1,1,FALSE_POSITIVE,36,218,130.0,1.625,0.6850180690301911,0.263468488088535,0,0,16127.35,1024,49,6,1,19,0.0,4,130.0,36,130.0,0,0.0015869140625
E0000020820260221224142822626525,60302526153,2026-02-21 19:42:29,0,0,0.95838291525854,0.09629409703591613,1,1,FALSE_POSITIVE,50,46,60.0,2.727272727272727,0.1702437679429664,0.1078210530305453,0,0,61207.45,68,4,2,1,19,26.0,7,60.0,50,60.0,0,0.040106951871657755
E0000020820260221224243190673542,5687483101,2026-02-21 19:43:00,0,0,0.9550351436685864,0.0998793046676531,1,1,FALSE_POSITIVE,24,60,50.0,0.7153075822603719,0.1108606924552212,-0.044122555597178,0,0,63574.18333333333,251,8,2,1,19,0.0,4,50.0,24,50.0,0,0.002849831005021402
E0000020820260221224901331239542,3473602540,2026-02-21 19:49:01,0,0,0.973709679978422,0.0773911117370909,1,1,FALSE_POSITIVE,30,54,24.95,0.311875,0.0571433923360382,-0.1260819137514592,0,0,3097.5333333333333,341,11,3,0,19,0.0,4,24.95,0,0.0,0,0.0009145894428152493
E0000020820260221225538696458542,60663464153,2026-02-21 19:55:39,0,0,0.9752169705047044,0.07494551583437753,1,1,FALSE_POSITIVE,51,350,47.98,1.3708571428571428,0.0920697350091975,0.0249075689958187,0,0,63283.9,347,7,3,1,19,0.0,4,47.98,51,47.98,0,0.0039505969534787974
E0000020820260221230000160921542,19979412798,2026-02-21 20:00:00,0,0,0.9500214193916893,0.104465444461118,1,1,FALSE_POSITIVE,26,55,45.11,0.6265277777777778,0.1253038532287385,-0.0746934296901081,0,0,76051.18333333333,88,7,2,1,20,0.0,6,45.11,26,45.11,0,0.007119633838383838
E0000020820260221230357910909542,64626881149,2026-02-21 20:03:59,0,0,0.9825630285433227,0.060156345874525174,1,1,FALSE_POSITIVE,65,405,98.99,1.9798,0.200530380062528,0.0992421792025785,0,0,79080.35,170,9,3,1,20,0.0,5,98.99,65,98.99,0,0.011645882352941176
E0000020820260221230712297510525,50426966104,2026-02-21 20:07:13,0,0,0.9688387516461199,0.0845919331820475,1,1,FALSE_POSITIVE,56,381,50.0,0.7633587786259542,0.0216893170353829,-0.0067236882809687,0,0,52398.86666666667,99,6,2,1,20,46.0,8,50.0,56,50.0,0,0.0077106947335954966
E0000020820260221232104217926525,78639352453,2026-02-21 20:21:24,0,0,0.9577482666158947,0.09711123697367191,1,1,FALSE_POSITIVE,55,7,60.0,1.3186813186813189,0.0800664026077687,0.0193493806302107,0,0,86532.85,173,8,2,1,20,0.0,5,60.0,55,60.0,0,0.007622435368100108
E0000020820260221232554796728525,29628385100,2026-02-21 20:25:55,0,0,0.9828962190807115,0.05910485216159367,1,1,FALSE_POSITIVE,60,313,9.95,0.3316666666666666,0.0154955854326275,-0.0312247726556966,0,0,64893.2,99,6,3,1,20,26.0,8,9.95,60,9.95,0,0.0033501683501683498
E0000020820260221233344237182525,7751048174,2026-02-21 20:34:18,0,0,0.9791200596569725,0.06762928503527138,1,1,FALSE_POSITIVE,22,6,10.0,0.8695652173913043,0.3577309921714644,-0.0536596488257196,0,0,13077.483333333334,364,12,2,0,20,26.0,6,10.0,0,0.0,0,0.0023889154323936935
E0000020820260221234405858739542,6550262747,2026-02-21 20:44:35,0,0,0.9552890031256446,0.09960258204891975,1,1,FALSE_POSITIVE,45,54,60.0,0.5454545454545454,0.5136730599278335,-0.4280608832731946,0,0,74968.65,287,11,2,1,20,0.0,4,60.0,45,60.0,0,0.0019005384859043396
E0000020820260221235506016504525,91206448172,2026-02-21 20:55:06,0,0,0.9698383232582861,0.08327371373372305,1,1,FALSE_POSITIVE,57,10,10.0,1.0,0.2671029184546939,0.0,0,0,59739.53333333333,158,7,2,1,20,20.0,10,10.0,57,10.0,0,0.006329113924050633
E0000020820260221235924564902525,70640394191,2026-02-21 20:59:25,0,0,0.9895600298284862,0.03734594963288379,1,1,FALSE_POSITIVE,43,167,37.8,1.89,0.1787020404348158,0.0841506962894106,0,0,21977.8,616,28,4,0,20,0.0,2,37.8,0,0.0,0,0.003068181818181818
E0000020820260222001119272962525,69501092100,2026-02-21 21:11:38,0,0,0.9630951814301807,0.09125290889239629,1,1,FALSE_POSITIVE,50,354,110.0,1.0036496350364963,0.0466506045425152,0.0001696385619727,0,0,48131.78333333333,75,7,2,1,21,50.0,6,110.0,50,110.0,0,0.01338199513381995
E0000020820260222001905952490525,70122645197,2026-02-21 21:19:06,0,0,0.9510209910038555,0.1035515779348044,1,1,FALSE_POSITIVE,29,11,87.3,0.873,0.7648694042502026,-0.1112696613284945,0,0,1252.8,514,27,4,1,21,26.0,8,87.3,29,87.3,0,0.0016984435797665369
E0000020820260222002049640406525,6327464165,2026-02-21 21:20:59,0,0,0.9599854030812192,0.09464004643912832,1,1,FALSE_POSITIVE,28,33,15.0,0.15,0.063376499065668,-0.3591334947054521,0,0,82066.1,274,11,2,1,21,0.0,4,15.0,28,15.0,0,0.0005474452554744526
E0000020820260222002138527606525,62533373000185,2026-02-21 21:21:39,0,0,0.9742332651086042,0.07626711012981313,1,1,FALSE_POSITIVE,0,5,48.0,1.349072512647555,0.1194156791120603,0.0308988069702456,0,0,3459.233333333333,459,16,3,1,21,26.0,10,48.0,0,48.0,0,0.002939155800975065
E0000020820260222002408334610542,7880939911,2026-02-21 21:24:08,0,0,0.9701556475796087,0.08282390877795237,1,1,FALSE_POSITIVE,35,53,10.0,0.5691519635742743,0.0586959128672317,-0.0444328060404944,0,0,33410.23333333333,76,6,1,0,21,0.0,4,10.0,0,0.0,0,0.007488841625977294
E0000020820260222002813137902525,3640873157,2026-02-21 21:28:25,0,0,0.9657289732971583,0.08833151307813886,1,1,FALSE_POSITIVE,32,155,1000.0,14.285714285714286,1.3991079563618238,1.301170399416496,0,0,16248.066666666668,420,16,4,1,21,0.0,2,1000.0,32,1000.0,0,0.034013605442176874
E0000020820260222003519795706525,4219763490,2026-02-21 21:35:20,0,0,0.9847208339283164,0.05421699104997402,1,1,FALSE_POSITIVE,83,41,63.8,1.0,0.0995715687283143,0.0,0,0,45133.21666666667,58,9,3,1,21,0.0,8,63.8,83,63.8,0,0.017241379310344827
E0000020820260222004112571616542,16783470784,2026-02-21 21:41:22,0,0,0.9890681771304362,0.039231111359394055,1,1,FALSE_POSITIVE,27,58,50.0,1.7241379310344829,0.7061816353795453,0.296596286859409,0,0,73.41666666666667,987,28,3,0,21,0.0,2,50.0,0,0.0,0,0.0017468469412710058
E0000020820260222005500961946542,11488189790,2026-02-21 21:55:01,0,0,0.954495692322338,0.10048818324717196,1,1,FALSE_POSITIVE,35,57,40.0,2.6666666666666665,0.3516764592773574,0.2197977870483483,0,0,85766.43333333333,384,17,2,1,21,0.0,6,40.0,35,40.0,0,0.006944444444444444
E0000020820260222010427744853542,19683201725,2026-02-21 22:04:37,0,0,0.9904326717121233,0.0332412628149058,1,1,FALSE_POSITIVE,21,27,33.0,3.3,1.108296178280263,0.7724488515286682,0,0,21819.4,719,23,3,0,22,0.0,3,33.0,0,0.0,0,0.004589707927677329
E0000020820260222011439515955525,1221547119,2026-02-21 22:14:40,0,0,0.9849905596014407,0.05336487372268517,1,1,FALSE_POSITIVE,38,55,27.4,0.9448275862068966,0.0650685607093543,-0.0037996239830279,0,0,71991.16666666667,735,25,3,1,22,26.0,9,27.4,38,27.4,0,0.0012854797091250293
E0000020820260222012922395877525,7684223100,2026-02-21 22:29:23,0,0,0.9792152569533692,0.06749417096144639,1,1,FALSE_POSITIVE,87,716,48.97,0.4896999999999999,0.0818828058912526,-0.0853273347892714,0,0,20325.366666666665,94,5,1,1,22,0.0,7,48.97,87,48.97,0,0.005209574468085106
E0000020820260222014544570273542,61521654310,2026-02-21 22:45:45,0,0,0.9935583162771511,0.013479227142482064,1,1,FALSE_POSITIVE,29,52,5.0,1.0,0.3696493752417666,0.0,0,0,63400.51666666667,705,18,2,0,22,0.0,4,5.0,0,0.0,0,0.0014184397163120568
E0000020820260222015429414249542,72003786406,2026-02-21 22:54:29,0,0,0.977247846161169,0.07141425547028946,1,1,FALSE_POSITIVE,34,53,10.0,0.9803921568627452,0.046432442464515,-0.0009286488492902,0,0,59107.316666666666,1293,35,3,1,22,0.0,6,10.0,34,10.0,0,0.00075823059308797
E0000020820260222022512025641525,52470550000178,2026-02-21 23:25:26,0,0,0.9888143176733781,0.040054147086611924,1,1,FALSE_POSITIVE,2,29,15.0,0.2,0.0079071627223103,-0.0316286508892413,0,0,30981.2,538,16,2,1,23,60.0,10,15.0,2,15.0,0,0.0003717472118959108
E0000020820260222025432966259542,9634121918,2026-02-21 23:54:44,0,0,0.966776143557523,0.08703231524885063,1,1,FALSE_POSITIVE,31,46,56.0,2.8,1.326427776809936,0.8527035708063874,0,0,78365.81666666667,189,13,2,1,23,0.0,4,56.0,31,56.0,0,0.014814814814814815
E0000020820260222030113677795525,64654125191,2026-02-22 00:01:14,0,0,0.9811668015295032,0.0634427219432604,1,1,FALSE_POSITIVE,53,60,50.0,1.0,0.3313261884111381,0.0,0,0,34540.88333333333,581,22,4,1,0,26.0,9,50.0,53,50.0,0,0.0017211703958691911
E0000020820260222030315603303542,48428578893,2026-02-22 00:03:16,0,0,0.9776445015628222,0.07045341076783873,1,1,FALSE_POSITIVE,27,52,67.96,2.7184,1.316899296304589,0.8324601790648195,0,0,74865.66666666667,387,14,2,1,0,0.0,6,67.96,27,67.96,0,0.0070242894056847536
E0000020820260222030556454545542,6903249443,2026-02-22 00:06:06,0,0,0.9726942421501896,0.07891103306267705,1,1,FALSE_POSITIVE,37,36,20.0,0.6666666666666666,0.3984027730409939,-0.1992013865204969,0,0,69408.43333333333,296,20,2,1,0,0.0,5,20.0,37,20.0,0,0.0022522522522522522
E0000020820260222031227695247525,1725642123,2026-02-22 00:12:28,0,0,0.9904009392799911,0.03335698091963479,1,1,FALSE_POSITIVE,39,265,100.0,2.0,0.3924722223913143,0.1962361111956571,0,0,54597.63333333333,368,19,4,1,0,20.0,7,100.0,39,100.0,0,0.005434782608695652
E0000020820260222031907667815525,13382063468,2026-02-22 00:20:00,0,0,0.9663794881558697,0.08758380732191551,1,1,FALSE_POSITIVE,85,5,38.95,2.163888888888889,0.5994569323970085,0.3224293384779801,0,0,20325.366666666665,27,6,1,1,0,0.0,8,38.95,85,38.95,0,0.0801440329218107
E0000020820260222032256031280525,48408700120,2026-02-22 00:22:57,0,0,0.9921303568311993,0.022702341903323375,1,1,FALSE_POSITIVE,52,15,5.0,0.5,0.0956134827078774,-0.0956134827078774,0,0,16238.683333333332,484,14,4,0,0,0.0,5,5.0,0,0.0,0,0.0010330578512396695
E0000020820260222033404522784525,22679480104,2026-02-22 00:34:27,0,0,0.9764862677899948,0.07265290973049165,1,1,FALSE_POSITIVE,65,528,20.0,0.6666666666666666,0.1334609529910212,-0.0667304764955106,0,0,2653.1,410,10,2,1,0,0.0,3,20.0,65,20.0,0,0.0016260162601626016
E0000020820260222034853539121525,80540325104,2026-02-22 00:48:54,0,0,0.9682993002998714,0.08519223044696189,1,1,FALSE_POSITIVE,50,364,200.0,3.333333333333333,1.1305775177458235,0.7914042624220764,0,0,40636.4,417,21,2,1,0,0.0,4,200.0,50,200.0,0,0.007993605115907274
E0000020820260222035424843704525,6783244172,2026-02-22 00:54:25,0,0,0.9579227949926222,0.0969442590772231,1,1,FALSE_POSITIVE,76,558,38.5,0.4588796185935637,0.1308553956449109,-0.1543074016176352,0,0,20325.366666666665,160,5,1,1,0,0.0,7,38.5,76,38.5,0,0.0028679976162097735
E0000020820260222035944176807525,77673000130,2026-02-22 01:00:07,0,0,0.9853872150030939,0.052098168645074217,1,1,FALSE_POSITIVE,50,333,100.0,0.7692307692307693,0.2650549042749161,-0.0795164712824748,0,0,53887.71666666667,269,12,2,1,1,50.0,7,100.0,50,100.0,0,0.0028595939376608523
E0000020820260222040552833767525,73495751149,2026-02-22 01:05:53,0,0,0.9709806908150476,0.08159663404530276,1,1,FALSE_POSITIVE,36,75,5.0,0.411522633744856,0.1788559763017276,-0.2557640461114705,0,0,85924.88333333333,104,6,2,1,1,0.0,5,5.0,36,5.0,0,0.003956948401392845
E0000020820260222040725036380525,12079933795,2026-02-22 01:07:25,0,0,0.9852444190584987,0.052560722688547834,1,1,FALSE_POSITIVE,39,17,4.0,0.2105263157894736,0.0374134105299448,-0.1403002894872931,0,0,72679.21666666666,776,23,3,1,1,0.0,7,4.0,39,4.0,0,0.00027129679869777537
E0000020820260222040901675178542,10762962704,2026-02-22 01:09:02,0,0,0.9838481920446792,0.0564786861149113,1,1,FALSE_POSITIVE,43,54,10.0,0.6896551724137931,0.1799774655239309,-0.0809898594857689,0,0,1864.55,88,11,2,0,1,0.0,4,10.0,0,0.0,0,0.007836990595611285
E0000020820260222075946701902542,9598075788,2026-02-22 04:59:47,0,0,0.9964142351690546,-0.02652476218900568,1,1,FALSE_POSITIVE,44,25,5.0,1.0,0.7974601465546122,0.0,0,0,1915.3166666666664,1870,100,9,1,4,0.0,7,5.0,44,5.0,0,0.0005347593582887701
E0000020820260222082539169593542,10155266756,2026-02-22 05:25:39,0,0,0.9637932949370904,0.09042067815408089,1,1,FALSE_POSITIVE,41,53,12.4,1.114106019766397,1.1360209723443673,0.1163505350707536,0,0,77469.41666666667,271,8,2,1,5,0.0,6,12.4,41,12.4,0,0.0041110923238612445
E0000020820260222083109411371542,13842003633,2026-02-22 05:31:10,0,0,0.9814841258508258,0.06273205372742191,1,1,FALSE_POSITIVE,27,15,75.0,0.75,0.3401394048520693,-0.1133798016173564,0,0,33866.26666666667,188,9,1,0,5,0.0,5,75.0,0,0.0,0,0.003989361702127659
E0000020820260222091258693188525,70726642118,2026-02-22 06:13:15,0,0,0.9738683421390832,0.07707283241687396,1,1,FALSE_POSITIVE,28,64,30.0,3.0,0.6031623858328504,0.4021082572219002,0,0,79199.73333333334,295,17,2,1,6,26.0,6,30.0,28,30.0,0,0.010169491525423728
E0000020820260222091842176119542,3170962493,2026-02-22 06:18:59,0,0,0.9949862757231028,1.464370502329837e-05,1,1,FALSE_POSITIVE,51,52,170.0,5.666666666666667,2.3010509827596577,1.89498316227266,0,0,50281.816666666666,124,7,1,0,6,0.0,2,170.0,0,0.0,0,0.0456989247311828
E0000020820260222104434365343542,25999133300,2026-02-22 07:44:35,0,0,0.9583670490424738,0.09632260218712418,1,1,FALSE_POSITIVE,61,36,5.0,0.175438596491228,0.0375291937815158,-0.1763872107731242,0,0,52689.95,175,10,3,1,7,0.0,5,5.0,61,5.0,0,0.0010025062656641604
E0000020820260222110418978145525,57917922120,2026-02-22 08:04:36,0,0,0.9715677408094944,0.080783080740294,1,1,FALSE_POSITIVE,52,386,73.99,0.8374646293152236,0.0603218934181319,-0.0117072900322256,0,0,68766.13333333333,57,3,2,1,8,0.0,4,73.99,52,73.99,0,0.01469236191781094
E0000020820260222111303221304525,55236090130,2026-02-22 08:13:03,0,0,0.9690767448871118,0.08423350223265563,1,1,FALSE_POSITIVE,55,403,8.95,0.2557142857142856,0.0051412195937875,-0.0149641084266106,0,0,57325.816666666666,170,11,3,1,8,0.0,4,8.95,55,8.95,0,0.0015042016806722687
E0000020820260222112414735970525,4390825100,2026-02-22 08:24:15,0,0,0.9936852460056801,0.012542932709435961,1,1,FALSE_POSITIVE,32,161,5.0,0.4545454545454545,0.0783248233873264,-0.0939897880647917,0,0,67897.26666666666,327,16,1,0,8,0.0,2,5.0,0,0.0,0,0.0013900472616068947
E0000020820260222112937450354525,7554307355,2026-02-22 08:29:37,0,0,0.9809764069367096,0.06383570216409568,1,1,FALSE_POSITIVE,26,39,40.0,1.3333333333333333,0.725962046093164,0.181490511523291,0,0,6894.616666666667,644,28,3,0,8,0.0,4,40.0,0,0.0,0,0.002070393374741201
E0000020820260222113138693719525,955345120,2026-02-22 08:32:08,0,0,0.9764386691417963,0.07281033791862673,1,1,FALSE_POSITIVE,94,620,40.0,0.266648890073995,0.1012783859151692,-0.2785408808631942,0,0,20325.366666666665,29,4,1,1,8,26.0,8,40.0,94,40.0,0,0.009194789312896383
E0000020820260222114854419831542,72095766490,2026-02-22 08:48:55,0,0,0.9579386612086883,0.09691585244028333,1,1,FALSE_POSITIVE,24,37,10.0,0.6666666666666666,0.0593786879918137,-0.0296893439959068,0,0,86251.33333333333,222,13,2,1,8,0.0,6,10.0,24,10.0,0,0.003003003003003003
E0000020820260222120109585622525,85775487168,2026-02-22 09:01:10,0,0,0.9680930394910118,0.08549730767459235,1,1,FALSE_POSITIVE,53,233,10.0,0.3333333333333333,0.1776527029215795,-0.355305405843159,0,0,42723.583333333336,629,30,4,1,9,0.0,4,10.0,53,10.0,0,0.0005299417064122947
E0000020820260222120529248544525,33163290000143,2026-02-22 09:05:29,0,0,0.9648087327653228,0.08938878113162163,1,1,FALSE_POSITIVE,6,81,50.0,0.5,0.0795960709484063,-0.0795960709484063,0,0,37022.45,308,13,4,1,9,0.0,5,50.0,6,50.0,0,0.0016233766233766235
E0000020820260222122021327667542,5334000747,2026-02-22 09:20:22,0,0,0.9620162787376838,0.09239358993604835,1,1,FALSE_POSITIVE,63,54,7.8,0.78,0.1520466910775324,-0.0428849641500732,0,0,18650.733333333334,784,21,5,1,9,0.0,7,7.8,63,7.8,0,0.0009948979591836735
E0000020820260222122633562793525,62066439134,2026-02-22 09:26:34,0,0,0.9644279435797357,0.08975197867671475,1,1,FALSE_POSITIVE,52,162,20.0,1.0,0.8698838421147205,0.0,0,0,90750.4,235,15,2,1,9,0.0,4,20.0,52,20.0,0,0.00425531914893617
E0000020820260222123650905747542,6147397486,2026-02-22 09:36:51,0,0,0.9755818934742253,0.07439313833191075,1,1,FALSE_POSITIVE,44,16,10.37,0.2532356532356532,0.1177424409965068,-0.3472096283194966,0,0,28328.7,415,12,6,1,9,0.0,7,10.37,44,10.37,0,0.0006102063933389235
E0000020820260222123805284533525,71033661104,2026-02-22 09:38:22,0,0,0.9696320624494265,0.08356306118676277,1,1,FALSE_POSITIVE,46,173,25.0,0.3333333333333333,0.0488122911273532,-0.0976245822547064,0,0,66265.45,48,4,2,1,9,0.0,2,25.0,46,25.0,0,0.006944444444444444
E0000020820260222124431475178542,14460100665,2026-02-22 09:45:05,0,0,0.9728846367429832,0.07865818454617568,1,1,FALSE_POSITIVE,26,38,30.0,1.5,0.5133541746946402,0.1711180582315467,0,0,25953.816666666666,47,5,1,0,9,0.0,3,30.0,0,0.0,0,0.031914893617021274
E0000020820260222124633137560542,5110161151,2026-02-22 09:47:03,0,0,0.9662525584273407,0.08771431473795976,1,1,FALSE_POSITIVE,31,37,16.0,0.5333333333333333,0.1901394342038722,-0.1663720049283882,0,0,74476.16666666667,239,16,3,1,9,0.0,4,16.0,31,16.0,0,0.0022315202231520223
E0000020820260222124722773661525,96707399691,2026-02-22 09:47:24,0,0,0.9713297475685024,0.08111780522791034,1,1,FALSE_POSITIVE,51,271,177.83,1.9035538428602008,0.9397444163222148,0.4460654905345451,0,0,81790.85,102,6,2,1,9,26.0,5,177.83,51,177.83,0,0.0186622925770608
E0000020820260222130438927544525,51261219104,2026-02-22 10:04:39,0,0,0.9947482824821109,0.002775890922561308,1,1,FALSE_POSITIVE,56,391,20.0,1.0,0.0281976421211778,0.0,0,0,60205.6,426,9,1,0,10,0.0,2,20.0,0,0.0,0,0.002347417840375587
E0000020820260222130552957113525,79557376104,2026-02-22 10:06:06,0,0,0.9960810446316658,-0.019324980398618408,1,1,FALSE_POSITIVE,50,312,10.0,0.1176470588235294,0.0514179574030175,-0.3856346805226314,0,0,60360.75,396,15,1,0,10,0.0,0,10.0,0,0.0,0,0.00029708853238265005
E0000020820260222130931603885525,72226153187,2026-02-22 10:09:32,0,0,0.9916543703492154,0.025916098617295158,1,1,FALSE_POSITIVE,51,115,10.0,0.8873114463176576,0.2756082220415982,-0.0350022441992829,0,0,25786.95,1351,45,8,1,10,0.0,4,10.0,51,10.0,0,0.0006567812333957495
E0000020820260222131229630687525,5759765191,2026-02-22 10:12:30,0,0,0.980405223158329,0.06487333994460087,1,1,FALSE_POSITIVE,91,504,6.5,0.0928969558382163,0.0123446661128815,-0.1205409166437835,0,0,9925.816666666668,57,3,2,1,10,26.0,10,6.5,91,6.5,0,0.0016297711550564277
E0000020820260222131414660871525,81653352191,2026-02-22 10:14:49,0,0,0.9691878083995747,0.0840724238325033,1,1,FALSE_POSITIVE,47,240,10.0,1.053740779768177,0.1254090348211134,0.0063958607758767,0,0,81912.98333333334,127,15,2,1,10,0.0,2,10.0,47,10.0,0,0.008297171494237615
E0000020820260222131505761310525,47796227191,2026-02-22 10:15:06,0,0,0.9763276056293334,0.07306104551735021,1,1,FALSE_POSITIVE,56,362,151.83,2.974142997061705,0.3670207980165788,0.2436169138122295,0,0,77466.31666666667,252,9,2,1,10,0.0,2,151.83,56,151.83,0,0.01180215475024486
E0000020820260222131959760800542,8589778770,2026-02-22 10:20:00,0,0,0.9837847271804148,0.0565489931713018,1,1,FALSE_POSITIVE,68,57,134.87,5.619583333333334,1.289735569501387,1.0602282389754487,0,0,85535.46666666666,31,5,2,1,10,0.0,8,134.87,68,134.87,0,0.1812768817204301
E0000020820260222133150224573525,58286101049,2026-02-22 10:32:09,0,0,0.9920034271026703,0.023560569700002088,1,1,FALSE_POSITIVE,56,400,10.0,0.3232062055591467,0.0171492532961993,-0.0359105364022414,0,0,20165.116666666665,140,7,3,0,10,0.0,0,10.0,0,0.0,0,0.002308615753993905
E0000020820260222133258943599525,20709765487,2026-02-22 10:34:16,0,0,0.9606517841559966,0.09403608391314944,1,1,FALSE_POSITIVE,68,7,200.0,1.0,0.4121804291344959,0.0,0,0,20325.366666666665,26,3,1,1,10,60.0,12,200.0,68,200.0,0,0.038461538461538464
E0000020820260222133550611919525,8896046149,2026-02-22 10:36:34,0,0,0.9942564297840608,0.007433020904383636,1,1,FALSE_POSITIVE,77,553,250.0,1.0869565217391304,0.2951819523096173,0.0236145561847693,0,0,21462.68333333333,33,2,2,0,10,0.0,3,250.0,0,0.0,0,0.03293807641633729
E0000020820260222134019585629525,2745830112,2026-02-22 10:40:20,0,0,0.9845145731194568,0.05475135362969996,1,1,FALSE_POSITIVE,37,152,300.0,1.0,0.4573065207697006,0.0,0,0,12340.15,1029,31,1,0,10,0.0,2,300.0,0,0.0,0,0.0009718172983479105
E0000020820260222134845263238525,81202148115,2026-02-22 10:49:00,0,0,0.9746616529423898,0.07563935969685348,1,1,FALSE_POSITIVE,50,315,100.0,4.177109440267335,0.5283853589349599,0.4018899040059304,0,0,64469.333333333336,117,7,2,1,10,0.0,2,100.0,50,100.0,0,0.035701790087755
E0000020820260222135624418816525,65188705591,2026-02-22 10:56:25,0,0,0.9760737461722754,0.07358804698974392,1,1,FALSE_POSITIVE,60,351,13.18,0.8682476943346509,0.1490966153385293,-0.0226246760756493,0,0,73428.56666666667,211,9,2,1,10,26.0,8,13.18,60,13.18,0,0.004114917982628677
E0000020820260222141744049797542,48437358841,2026-02-22 11:17:44,0,0,0.9949862757231028,0.0008117298598067091,1,1,FALSE_POSITIVE,28,59,15.0,0.75,0.1420151876860764,-0.0473383958953588,0,0,9952.416666666666,1979,74,10,1,11,0.0,6,15.0,28,15.0,0,0.00037897928246589187
E0000020820260222141815138416542,6339720536,2026-02-22 11:20:12,0,0,0.9955574595014834,-0.008787180747128698,1,1,FALSE_POSITIVE,30,53,118.0,7.375,4.121365640549184,3.562536401152685,0,0,28604.08333333333,432,17,3,0,11,0.0,2,118.0,0,0.0,0,0.01707175925925926
E0000020820260222143212920159542,71965650457,2026-02-22 11:32:13,0,0,0.9638091611531566,0.09040741269794589,1,1,FALSE_POSITIVE,25,41,17.15,1.0011675423234092,0.4164936237110634,0.0004857068498088,0,0,75908.76666666666,266,14,3,1,11,0.0,6,17.15,25,17.15,0,0.0037637877530955232
E0000020820260222143305680720542,35789123287,2026-02-22 11:33:06,0,0,0.9670300030145811,0.08670933923369506,1,1,FALSE_POSITIVE,55,56,3.0,0.3,0.1862271344740325,-0.4345299804394092,0,0,25881.466666666667,350,14,1,0,11,0.0,4,3.0,0,0.0,0,0.0008571428571428571
E0000020820260222143331356720525,4384952171,2026-02-22 11:33:32,0,0,0.9764862677899948,0.07272125871808921,1,1,FALSE_POSITIVE,22,271,20.0,1.0,0.3130493172765969,0.0,0,0,7989.65,315,18,1,0,11,0.0,2,20.0,0,0.0,0,0.0031746031746031746
E0000020820260222143352310149525,1684211190,2026-02-22 11:33:52,0,0,0.9915591730528186,0.026487693132865642,1,1,FALSE_POSITIVE,39,34,30.0,1.0,0.246094327973574,0.0,0,0,2810.0666666666666,337,18,5,0,11,26.0,7,30.0,0,0.0,0,0.002967359050445104
E0000020820260222144451642909525,32982526115,2026-02-22 11:44:57,0,0,0.9689974138067812,0.08437318795170284,1,1,FALSE_POSITIVE,61,402,8.8,0.1257142857142857,0.0194144109008455,-0.1350184030831528,0,0,79349.26666666666,57,6,2,1,11,0.0,5,8.8,61,8.8,0,0.0022055137844611532
E0000020820260222144451195365542,16610158754,2026-02-22 11:45:07,0,0,0.9576054706712996,0.097223739771371,1,1,FALSE_POSITIVE,26,58,22.0,1.5714285714285714,0.2718798466232707,0.0988653987720984,0,0,82823.9,51,5,2,1,11,0.0,4,22.0,26,22.0,0,0.03081232492997199
E0000020820260222144811870764525,27281262833,2026-02-22 11:48:31,0,0,0.9738524759230172,0.07709799945004997,1,1,FALSE_POSITIVE,47,395,200.0,2.4718823384006923,0.2471051414787357,0.1471387564935131,0,0,66285.13333333333,162,8,2,1,11,0.0,2,200.0,47,200.0,0,0.015258532953090691
E0000020820260222144937665484525,2502869129,2026-02-22 11:50:00,0,0,0.9893855014517587,0.03793376513513563,1,1,FALSE_POSITIVE,37,13,90.72,1.8144,0.5852796457891443,0.2627048851028875,0,0,41798.41666666666,498,40,6,1,11,26.0,10,90.72,37,90.72,0,0.0036433734939759037
E0000020820260222145625640812525,96753927115,2026-02-22 11:56:26,0,0,0.9532422612531137,0.10153514807592567,1,1,FALSE_POSITIVE,94,508,25.0,0.4017354973485457,0.1372907631886325,-0.2044534045405115,0,0,20325.366666666665,31,5,1,1,11,0.0,7,25.0,94,25.0,0,0.012959209591888572
E0000020820260222145827085823525,77910036191,2026-02-22 11:58:55,0,0,0.9620638773858823,0.09230212316410719,1,1,FALSE_POSITIVE,51,260,7.0,0.4623513870541611,0.0684298617942252,-0.079574153572142,0,0,60770.88333333333,280,9,3,1,11,0.0,4,7.0,51,7.0,0,0.0016512549537648614
E0000020820260222150813147236525,8148000760,2026-02-22 12:08:32,0,0,0.9594300855189046,0.0951616668371964,1,1,FALSE_POSITIVE,45,108,50.0,1.0,0.0985527935547349,0.0,0,0,87794.51666666666,58,6,2,1,12,0.0,2,50.0,45,50.0,0,0.017241379310344827
E0000020820260222151915579324525,4495506137,2026-02-22 12:19:16,0,0,0.9582877179621432,0.09639934066620698,1,1,FALSE_POSITIVE,35,35,40.0,1.0,0.2030598627487546,0.0,0,0,92165.73333333334,260,10,2,1,12,20.0,7,40.0,35,40.0,0,0.0038461538461538464
E0000020820260222152241859707525,1015923100,2026-02-22 12:23:17,0,0,0.9741380678122075,0.07645253665279061,1,1,FALSE_POSITIVE,90,631,1500.0,0.8025682182985554,0.2364653758608353,-0.0581704824617654,0,0,20325.366666666665,19,3,1,1,12,26.0,8,1500.0,90,1500.0,0,0.04224043254202923
E0000020820260222152730220169525,58545573120,2026-02-22 12:27:30,0,0,0.9917654338616784,0.025197793832673676,1,1,FALSE_POSITIVE,56,9,10.0,0.5,0.0890113082103411,-0.0890113082103411,0,0,71790.73333333334,319,13,1,0,12,0.0,5,10.0,0,0.0,0,0.001567398119122257
E0000020820260222153230293530542,87256622791,2026-02-22 12:32:31,0,0,0.9610960382058483,0.0936985107963198,1,1,FALSE_POSITIVE,59,57,18.0,1.2,0.7575016663673595,0.1262502777278932,0,0,73272.91666666667,55,7,2,1,12,0.0,4,18.0,59,18.0,0,0.02181818181818182
E0000020820260222153303862944542,47852750818,2026-02-22 12:33:20,0,0,0.9537182477350976,0.10111018775328495,1,1,FALSE_POSITIVE,22,45,224.0,11.2,2.7125254619655945,2.470335688575809,0,0,225.2,441,14,4,1,12,0.0,4,224.0,22,224.0,0,0.025396825396825397
E0000020820260222153731239448525,37598236100,2026-02-22 12:38:02,0,0,0.987830612277278,0.04434793084821553,1,1,FALSE_POSITIVE,58,429,16.66,0.3203846153846154,0.0770909486442244,-0.163529059128865,0,0,11449.966666666667,198,8,1,0,12,0.0,0,16.66,0,0.0,0,0.001618104118104118
E0000020820260222153936504395525,50556231104,2026-02-22 12:40:07,0,0,0.972138924587875,0.0797895509923438,1,1,FALSE_POSITIVE,58,311,73.9,0.8211111111111111,0.2221811457593991,-0.0484048233657148,0,0,70642.0,47,5,2,1,12,0.0,2,73.9,58,73.9,0,0.017470449172576834
E0000020820260222154604256728542,31608906272,2026-02-22 12:46:05,0,0,0.9651419233027115,0.08898089723636038,1,1,FALSE_POSITIVE,56,49,71.0,1.42,0.2650985048943112,0.0784094169405709,0,0,62958.43333333333,238,9,3,1,12,0.0,6,71.0,56,71.0,0,0.005966386554621849
E0000020820260222154837533854525,49842252892,2026-02-22 12:48:38,0,0,0.9799133704602789,0.06602302804449539,1,1,FALSE_POSITIVE,28,13,26.0,0.0504364694471387,0.007019597528214,-0.1321574226946449,0,0,52965.05,406,18,2,1,12,50.0,11,26.0,28,26.0,0,0.00012422775725896232
E0000020820260222154853436985525,18457010387,2026-02-22 12:48:53,0,0,0.9607787138845256,0.09394283711176349,1,1,FALSE_POSITIVE,64,329,10.0,2.0,0.426066564972188,0.213033282486094,0,0,6616.983333333334,631,19,4,1,12,26.0,8,10.0,64,10.0,0,0.003169572107765452
E0000020820260222155219919968525,5100989000129,2026-02-22 12:52:55,0,0,0.9600806003776159,0.0945195264328984,1,1,FALSE_POSITIVE,23,163,150.0,1.25,0.2455268988124551,0.049105379762491,0,0,59264.53333333333,236,12,2,1,12,0.0,2,150.0,23,150.0,0,0.005296610169491525
E0000020820260222155406298620525,36459518149,2026-02-22 12:54:28,0,0,0.9729322353911816,0.07854847399285048,1,1,FALSE_POSITIVE,57,426,80.0,1.3333333333333333,0.2337402523070911,0.0584350630767727,0,0,78964.93333333333,157,9,2,1,12,26.0,5,80.0,57,80.0,0,0.008492569002123142
E0000020820260222155726718114525,2772971414,2026-02-22 12:57:46,0,0,0.9801989623494692,0.06522979331413115,1,1,FALSE_POSITIVE,49,6,400.0,17.391304347826086,1.752638754546867,1.6518620261604218,0,0,76502.3,117,8,2,1,12,20.0,8,400.0,49,400.0,0,0.14864362690449648
E0000020820260222155827362246525,57877424191,2026-02-22 12:58:27,0,0,0.9704412394687991,0.08236833308492242,1,1,FALSE_POSITIVE,51,361,25.0,0.8333333333333334,0.2381558710737336,-0.0476311742147467,0,0,65691.83333333333,179,15,2,1,12,26.0,7,25.0,51,25.0,0,0.004655493482309125
E0000020820260222160015612784542,94363463104,2026-02-22 13:00:16,0,0,0.9535754517905025,0.10125293413295428,1,1,FALSE_POSITIVE,52,60,50.0,1.6666666666666667,0.3435485644753678,0.1374194257901471,0,0,72645.93333333333,316,18,2,1,13,0.0,6,50.0,52,50.0,0,0.005274261603375527
E0000020820260222160135510533525,72319089187,2026-02-22 13:01:36,0,0,0.9815793231472226,0.06251353538144866,1,1,FALSE_POSITIVE,48,284,12.82,0.4273333333333333,0.0314789894369932,-0.0421847923968442,0,0,70523.56666666667,421,11,4,1,13,0.0,4,12.82,48,12.82,0,0.0010150435471100554
E0000020820260222160305077522525,10421050000104,2026-02-22 13:03:21,0,0,0.9590334301172513,0.09559496562609077,1,1,FALSE_POSITIVE,17,205,56.0,0.2240896358543417,0.0493316752630583,-0.1708109255983396,0,0,5684.433333333333,622,33,4,1,13,0.0,2,56.0,17,56.0,0,0.0003602727264539256
E0000020820260222160528795541525,5247897110,2026-02-22 13:05:40,0,0,0.9522585558570137,0.10234430947904244,1,1,FALSE_POSITIVE,30,26,15.0,0.7894736842105263,0.1809006684448117,-0.0482401782519497,0,0,70742.78333333334,395,18,2,1,13,0.0,5,15.0,30,15.0,0,0.001998667554963358
E0000020820260222161502901334525,38503905191,2026-02-22 13:15:03,0,0,0.9774699731860949,0.0707954179552523,1,1,FALSE_POSITIVE,58,205,50.0,5.0,0.1698444898647261,0.1358755918917809,0,0,76271.33333333333,433,14,3,1,13,0.0,4,50.0,58,50.0,0,0.011547344110854504
E0000020820260222161750202398525,295557109,2026-02-22 13:17:51,0,0,0.9763276056293334,0.07305364170676121,1,1,FALSE_POSITIVE,37,166,100.0,1.0,1.449959535765979,0.0,0,0,11577.633333333331,420,19,2,0,13,0.0,2,100.0,0,0.0,0,0.002380952380952381
E0000020820260222161842780816542,11973393700,2026-02-22 13:18:43,0,0,0.9935107176289527,0.013909991941860322,1,1,FALSE_POSITIVE,40,48,20.0,2.0,1.9482744950075792,0.9741372475037896,0,0,68878.23333333334,266,14,1,0,13,0.0,4,20.0,0,0.0,0,0.007518796992481203
E0000020820260222162246859847525,4651570178,2026-02-22 13:22:47,0,0,0.9904485379281895,0.033060858270764715,1,1,FALSE_POSITIVE,76,653,10.1,0.3258064516129032,0.0222421833207424,-0.046025904099358,0,0,47605.816666666666,416,18,3,1,13,0.0,7,10.1,76,10.1,0,0.0007831885856079404
E0000020820260222165353192466525,1924151154,2026-02-22 13:53:54,0,0,0.9571294841893156,0.09779056428381777,1,1,FALSE_POSITIVE,39,18,159.01,0.6424906056810376,0.1044572678745002,-0.0581245145684911,0,0,80284.31666666667,57,2,2,1,13,0.0,7,159.01,39,159.01,0,0.011271765011948027
E0000020820260222165357737330525,76973492134,2026-02-22 13:53:58,0,0,0.9865295825598553,0.04861766604371731,1,1,FALSE_POSITIVE,50,384,81.97,0.9362649914334666,0.0983955863033134,-0.0066981501960776,0,0,3330.95,297,10,3,0,13,0.0,2,81.97,0,0.0,0,0.0031524073785638607
E0000020820260222165555147192525,47381434172,2026-02-22 13:56:12,0,0,0.9949862757231028,0.00023520098467205708,1,1,FALSE_POSITIVE,63,163,30.0,1.0,0.1500790069738483,0.0,0,0,78137.98333333334,80,6,1,0,13,0.0,1,30.0,0,0.0,0,0.0125
E0000020820260222170115538714542,5403916466,2026-02-22 14:01:16,0,0,0.9505132720897393,0.10400780325548936,1,1,FALSE_POSITIVE,53,50,80.0,1.6,0.5107941523966147,0.1915478071487305,0,0,53082.75,440,28,3,1,14,0.0,6,80.0,53,80.0,0,0.0036363636363636364
E0000020820260222170105086250525,69598703304,2026-02-22 14:01:28,0,0,0.9530835990924524,0.10166388923669856,1,1,FALSE_POSITIVE,50,56,33.0,1.1,0.1900333920650646,0.0172757629150058,0,0,89061.33333333333,111,4,2,1,14,0.0,4,33.0,50,33.0,0,0.00990990990990991
E0000020820260222170133628214525,32471904149,2026-02-22 14:01:49,0,0,0.9967474257064433,-0.033911921112074084,1,1,FALSE_POSITIVE,60,495,100.0,2.2222222222222223,0.8076929094265054,0.444231100184578,0,0,86458.13333333333,200,7,1,0,14,0.0,1,100.0,0,0.0,0,0.011111111111111112
E0000020820260222170552681718542,4157452763,2026-02-22 14:06:16,0,0,0.9581766544496803,0.09663284319493948,1,1,FALSE_POSITIVE,50,56,80.0,0.9302325581395348,1.0987403136284963,-0.0824055235221372,0,0,87606.38333333333,60,3,2,1,14,0.0,4,80.0,50,80.0,0,0.015503875968992248
E0000020820260222171359475508525,4420644117,2026-02-22 14:14:11,0,0,0.9504339410094087,0.1040724744463325,1,1,FALSE_POSITIVE,31,41,10000.0,90.66183136899366,6.807559012279289,6.732471636373849,0,0,20325.366666666665,67,13,1,1,14,0.0,4,10000.0,31,10000.0,0,1.3531616622237859
E0000020820260222172156500854542,68101449272,2026-02-22 14:21:57,0,0,0.9709489583829153,0.08173892838858854,1,1,FALSE_POSITIVE,45,44,10.0,1.0,0.3501882136820065,0.0,0,0,62704.16666666666,482,19,4,1,14,0.0,6,10.0,45,10.0,0,0.002074688796680498
E0000020820260222172633530580542,1684119111,2026-02-22 14:26:34,0,0,0.9884176622717248,0.041673960346106154,1,1,FALSE_POSITIVE,39,185,5.0,0.5,0.1948039263899909,-0.1948039263899909,0,0,4053.95,1431,48,7,1,14,0.0,4,5.0,39,5.0,0,0.00034940600978336826
E0000020820260222172719558514525,85165204120,2026-02-22 14:27:20,0,0,0.9875291541720215,0.045380562836292826,1,1,FALSE_POSITIVE,54,215,10.0,1.0,1.1739546144246524,0.0,0,0,39441.53333333333,1687,38,5,1,14,0.0,4,10.0,54,10.0,0,0.0005927682276229994
E0000020820260222173508042649525,3074478128,2026-02-22 14:35:20,0,0,0.9592238247100449,0.09542974766882434,1,1,FALSE_POSITIVE,35,169,20.0,0.8,0.0628167413415037,-0.0157041853353759,0,0,62080.95,167,13,2,1,14,0.0,2,20.0,35,20.0,0,0.004790419161676647
E0000020820260222175210850750525,3253273199,2026-02-22 14:52:11,0,0,0.9520364288320878,0.10257917977051723,1,1,FALSE_POSITIVE,38,10,35.0,1.0,0.2064155342896938,0.0,0,0,92432.93333333332,52,10,2,1,14,0.0,7,35.0,38,35.0,0,0.019230769230769232
E0000020820260222180422912156525,64654125191,2026-02-22 15:04:23,0,0,0.9686800894854586,0.08481111803956393,1,1,FALSE_POSITIVE,53,60,50.0,1.0,0.3313261884111381,0.0,0,0,903.15,581,22,5,1,15,26.0,9,50.0,53,50.0,0,0.0017211703958691911
E0000020820260222180521900447542,17721262763,2026-02-22 15:05:43,0,0,0.9666174813968617,0.0872281430607702,1,1,FALSE_POSITIVE,24,54,12.0,0.75,0.4459293646168317,-0.1486431215389439,0,0,16819.5,114,6,2,0,15,0.0,3,12.0,0,0.0,0,0.006578947368421052
E0000020820260222182618497772542,10188519416,2026-02-22 15:26:20,0,0,0.9632062449426436,0.09111578299128448,1,1,FALSE_POSITIVE,33,43,53.0,4.416666666666667,0.9562078108783926,0.7397079291700773,0,0,85935.5,235,10,3,1,15,0.0,6,53.0,33,53.0,0,0.01879432624113475
E0000020820260222182840927904525,3808990350,2026-02-22 15:28:41,0,0,0.9688863502943184,0.0844584238166905,1,1,FALSE_POSITIVE,37,9,5.0,0.8333333333333334,0.0148063573909352,-0.002961271478187,0,0,26124.516666666663,394,12,2,0,15,0.0,5,5.0,0,0.0,0,0.0021150592216582064
E0000020820260222183934982541525,26009283000126,2026-02-22 15:40:03,0,0,0.9889571136179732,0.03959954963321782,1,1,FALSE_POSITIVE,9,19,426.0,4.00375939849624,0.2215610082999692,0.1662227658513384,0,0,64703.583333333336,344,63,3,1,15,0.0,5,426.0,9,426.0,0,0.011638835460744885
E0000020820260222184643071247525,78734118187,2026-02-22 15:46:45,0,0,0.9597474098402272,0.09480821428855718,1,1,FALSE_POSITIVE,48,338,38.0,1.027027027027027,0.0633092752872287,0.0016660335601902,0,0,89268.51666666666,85,5,2,1,15,0.0,4,38.0,48,38.0,0,0.012082670906200318
E0000020820260222185847332801542,8042854706,2026-02-22 15:58:59,0,0,0.992939533850572,0.017818048033112877,1,1,FALSE_POSITIVE,46,55,120.0,1.2,0.1611086147328144,0.0268514357888024,0,0,58818.25,354,9,3,0,15,0.0,2,120.0,0,0.0,0,0.003389830508474576
E0000020820260222190942997820542,3294403143,2026-02-22 16:09:43,0,0,0.9857045393244165,0.050996334984517055,1,1,FALSE_POSITIVE,38,229,78.0,1.0,0.8994833530652916,0.0,0,0,53613.21666666667,1591,84,3,1,16,0.0,4,78.0,38,78.0,0,0.0006285355122564425
E0000020820260222191234423883525,61790711000100,2026-02-22 16:12:35,0,0,0.9801196312691386,0.06543449760147274,1,1,FALSE_POSITIVE,0,6,18.0,0.2955665024630542,0.0585853749713059,-0.1396284770149459,0,0,55082.98333333333,508,13,3,1,16,0.0,7,18.0,0,18.0,0,0.0005818238237461697
E0000020820260222192423090102525,71472835468,2026-02-22 16:24:24,0,0,0.9662208259952084,0.08780526852844917,1,1,FALSE_POSITIVE,58,7,70.0,3.4825870646766166,0.3530673279413184,0.2516865666324541,0,0,73167.98333333334,219,12,2,1,16,0.0,7,70.0,58,70.0,0,0.015902224039619252
E0000020820260222193204339575525,38503905191,2026-02-22 16:32:04,0,0,0.9842607136623986,0.055374880669124604,1,1,FALSE_POSITIVE,58,205,10.0,1.0,0.0339688979729452,0.0,0,0,197.01666666666668,433,14,3,0,16,0.0,2,10.0,0,0.0,0,0.0023094688221709007
E0000020820260222193312938463542,2563102200,2026-02-22 16:33:13,0,0,0.9615878909038983,0.09309602434368969,1,1,FALSE_POSITIVE,31,55,8.0,0.6201550387596899,0.105267868984233,-0.0644765697528427,0,0,64935.93333333333,511,19,3,1,16,0.0,6,8.0,31,8.0,0,0.0012136106433653423
E0000020820260222193506266148525,76569020153,2026-02-22 16:35:06,0,0,0.9615878909038983,0.09310530986360155,1,1,FALSE_POSITIVE,52,10,20.0,0.6666666666666666,0.2256926237813954,-0.1128463118906977,0,0,37618.73333333333,1071,32,4,1,16,0.0,7,20.0,52,20.0,0,0.0006224712107065049
E0000020820260222195810268269525,71236407482,2026-02-22 16:58:10,0,0,0.9535754517905025,0.10125066504776048,1,1,FALSE_POSITIVE,32,14,7.99,0.3995,0.0375914991996688,-0.0565048692600779,0,0,72106.7,237,8,2,1,16,0.0,7,7.99,32,7.99,0,0.0016856540084388186
E0000020820260222202035326683525,81669569187,2026-02-22 17:20:36,0,0,0.972614911069859,0.07894560368081305,1,1,FALSE_POSITIVE,49,196,20.0,0.4,0.0694022973490445,-0.1041034460235667,0,0,88125.18333333333,20,3,3,1,17,0.0,4,20.0,49,20.0,0,0.02
E0000020820260222203919819187525,176453105,2026-02-22 17:39:20,0,0,0.9583194503942755,0.09637769014679987,1,1,FALSE_POSITIVE,43,17,6.94,0.347,0.0281185127105142,-0.0529146651295843,0,0,10532.883333333331,130,8,1,0,17,0.0,5,6.94,0,0.0,0,0.0026692307692307692
E0000020820260222204153013765542,12203614706,2026-02-22 17:42:05,0,0,0.9502435464166151,0.10427039274223426,1,1,FALSE_POSITIVE,38,57,10.0,0.4366812227074236,0.0879186902199077,-0.1134151103836809,0,0,92139.21666666666,366,13,2,1,17,0.0,4,10.0,38,10.0,0,0.0011931180948290263
E0000020820260222204719946421525,34132125831,2026-02-22 17:47:20,0,0,0.9565424341948688,0.0982169104547217,1,1,FALSE_POSITIVE,40,15,20000.0,44.310528181495926,2.8394319379868884,2.7753516380104006,0,0,20325.366666666665,28,7,1,1,17,0.0,7,20000.0,40,20000.0,0,1.5825188636248544
E0000020820260222205010286251525,50450522172,2026-02-22 17:50:11,0,0,0.9734082218731654,0.07795557879321718,1,1,FALSE_POSITIVE,55,250,5.0,1.0,0.0102999740786558,0.0,0,0,80747.95,448,39,2,1,17,0.0,4,5.0,55,5.0,0,0.002232142857142857
E0000020820260222205035371319525,78107571134,2026-02-22 17:50:36,0,0,0.9676487854411602,0.08600062381237489,1,1,FALSE_POSITIVE,47,203,10.0,0.4,0.131447247456959,-0.1971708711854385,0,0,28887.1,1073,23,5,1,17,0.0,4,10.0,47,10.0,0,0.0003727865796831314
E0000020820260222210043791584525,8065218130,2026-02-22 18:00:45,0,0,0.9510209910038555,0.10354724224391432,1,1,FALSE_POSITIVE,24,44,17.98,0.899,0.3297067756578448,-0.0370415843620048,0,0,63423.48333333333,206,9,2,1,18,0.0,6,17.98,24,17.98,0,0.004364077669902913
E0000020820260222210429568976525,4572488150,2026-02-22 18:04:30,0,0,0.9512907166769797,0.10335936476152752,1,1,FALSE_POSITIVE,31,21,28.0,0.4455760661998726,0.0765072107237003,-0.0951968293433471,0,0,66862.1,130,12,2,1,18,0.0,7,28.0,31,28.0,0,0.003427508201537482
E0000020820260222211019433498525,1096122138,2026-02-22 18:10:20,0,0,0.9760578799562093,0.0736402774802547,1,1,FALSE_POSITIVE,40,225,50.0,1.0,0.1933513739220256,0.0,0,0,78873.45,646,30,3,1,18,0.0,4,50.0,40,50.0,0,0.0015479876160990713
E0000020820260222211403210643525,7866125171,2026-02-22 18:14:16,0,0,0.9514811112697733,0.10318293530822481,1,1,FALSE_POSITIVE,18,47,400.0,2.5,1.267172514483887,0.7603035086903323,0,0,28843.2,821,26,4,1,18,0.0,6,400.0,18,400.0,0,0.0030450669914738123
E0000020820260222211551709906542,9357433406,2026-02-22 18:16:21,0,0,0.9768194583273835,0.07218096574910532,1,1,FALSE_POSITIVE,35,45,50.0,3.526093088857546,0.924997871064085,0.6626684748303105,0,0,27164.266666666663,487,19,1,0,18,0.0,2,50.0,0,0.0,0,0.007240437554122271
E0000020820260222211721180184525,3291675100,2026-02-22 18:17:21,0,0,0.9785647420946578,0.06858812472684678,1,1,FALSE_POSITIVE,37,139,10.0,0.3333333333333333,0.0770907215926737,-0.1541814431853474,0,0,5932.95,274,37,1,0,18,20.0,5,10.0,0,0.0,0,0.0012165450121654502
E0000020820260222213500250980525,38202871000160,2026-02-22 18:35:11,0,0,0.983197677185968,0.058187761413917294,1,1,FALSE_POSITIVE,5,61,561.0,1.6028571428571428,0.0325674329094876,0.0122490701317324,0,0,77980.43333333333,239,10,2,1,18,0.0,3,561.0,5,561.0,0,0.006706515242080095
E0000020820260222213701905155525,5822884105,2026-02-22 18:37:02,0,0,0.9533691909816427,0.10143795720787069,1,1,FALSE_POSITIVE,30,9,10.0,0.5091649694501018,0.0669989465732432,-0.0645869844966065,0,0,63451.96666666667,124,9,2,1,18,0.0,7,10.0,30,10.0,0,0.004106169108468563
E0000020820260222214242969883542,9446658454,2026-02-22 18:42:43,0,0,0.959731543624161,0.09482609600492625,1,1,FALSE_POSITIVE,28,54,21.0,1.981132075471698,1.2403475781182267,0.6142673720204551,0,0,85046.48333333334,471,17,2,1,18,0.0,4,21.0,28,21.0,0,0.004206225213315708
E0000020820260222214456892584542,3946960340,2026-02-22 18:44:57,0,0,0.9907341298173798,0.031559048012901936,1,1,FALSE_POSITIVE,37,52,50.0,2.5,0.4917103898555386,0.2950262339133231,0,0,69330.71666666666,233,12,1,0,18,0.0,4,50.0,0,0.0,0,0.01072961373390558
E0000020820260222214709044981542,17691034733,2026-02-22 18:47:09,0,0,0.9847367001443825,0.05415202156508353,1,1,FALSE_POSITIVE,27,45,1.5,0.15,0.028467070711117,-0.1613134006963299,0,0,21931.13333333333,695,25,4,0,18,0.0,4,1.5,0,0.0,0,0.0002158273381294964
E0000020820260222215228363936525,4345265762,2026-02-22 18:52:28,0,0,0.9546384882669332,0.10036282527976137,1,1,FALSE_POSITIVE,49,274,43.4,0.868,0.1465094761879054,-0.0222802429225847,0,0,62356.13333333333,79,9,2,1,18,0.0,4,43.4,49,43.4,0,0.0109873417721519
E0000020820260222215609157293542,15331256783,2026-02-22 18:56:10,0,0,0.9743601948371333,0.0760371718969764,1,1,FALSE_POSITIVE,26,53,6.05,0.3005464480874317,0.0331188001307753,-0.0770764803043498,0,0,25852.533333333333,282,11,3,0,18,0.0,4,6.05,0,0.0,0,0.0010657675464093323
E0000020820260222215602948606525,84841940197,2026-02-22 18:56:19,0,0,0.9594142193028384,0.09518197213703189,1,1,FALSE_POSITIVE,49,62,11.0,0.55,0.0377338243145104,-0.0308731289845994,0,0,86632.68333333333,111,6,2,1,18,26.0,6,11.0,49,11.0,0,0.004954954954954955
E0000020820260222220108207578525,2830727177,2026-02-22 19:01:27,0,0,0.9899090865819411,0.03576771750635943,1,1,FALSE_POSITIVE,37,68,70.0,2.333333333333333,0.6140105178659337,0.3508631530662479,0,0,28242.766666666663,516,18,3,0,19,0.0,1,70.0,0,0.0,0,0.004521963824289405
E0000020820260222220516856505525,45659168434,2026-02-22 19:05:31,0,0,0.9555587287987688,0.09938741781771532,1,1,FALSE_POSITIVE,61,35,200.0,3.636363636363636,1.6431070471989486,1.1912526092192377,0,0,13501.116666666669,114,9,4,1,19,26.0,8,200.0,61,200.0,0,0.03189792663476874
E0000020820260222221052729138525,57320837153,2026-02-22 19:10:53,0,0,0.9695368651530296,0.08367792595882717,1,1,FALSE_POSITIVE,52,153,20.0,1.0,0.2641412080400707,0.0,0,0,66170.36666666667,361,15,2,1,19,26.0,7,20.0,52,20.0,0,0.002770083102493075
E0000020820260222221525477424525,11366753453,2026-02-22 19:15:48,0,0,0.9863074555349295,0.04933130213255532,1,1,FALSE_POSITIVE,73,483,18.9,0.1889999999999999,0.0470587761283608,-0.2019294573550301,0,0,66563.15,73,5,2,1,19,26.0,7,18.9,73,18.9,0,0.002589041095890411
E0000020820260222223908736316525,2784489175,2026-02-22 19:39:12,0,0,0.9645231408761324,0.08960563219790457,1,1,FALSE_POSITIVE,36,11,1.99,0.0995,0.0091100346040391,-0.0824481021199728,0,0,83900.3,273,11,3,1,19,0.0,7,1.99,36,1.99,0,0.00036446886446886445
E0000020820260222224140506604525,21370440804,2026-02-22 19:41:40,0,0,0.9706316340615927,0.08210448467224635,1,1,FALSE_POSITIVE,45,21,1410.53,0.7836277777777778,0.3231151072103275,-0.0892172735108124,0,0,89819.33333333333,78,7,2,1,19,0.0,7,1410.53,45,1410.53,0,0.010046509971509972
E0000020820260222230918947369525,37961020187,2026-02-22 20:09:33,0,0,0.9764228029257302,0.07285688075875746,1,1,FALSE_POSITIVE,60,476,20.0,0.2442002442002442,0.027268299146233,-0.0843953858575913,0,0,69761.93333333333,103,6,2,1,20,0.0,3,20.0,60,20.0,0,0.0023708761572839242
E0000020820260222231713356265542,160333105,2026-02-22 20:17:13,0,0,0.9719167975629492,0.08012743214494178,1,1,FALSE_POSITIVE,44,57,10.0,1.0,0.0976232076306551,0.0,0,0,90.31666666666666,520,12,2,0,20,0.0,4,10.0,0,0.0,0,0.0019230769230769232
E0000020820260222232149899443525,585737126,2026-02-22 20:21:50,0,0,0.9852285528424326,0.05276557178459562,1,1,FALSE_POSITIVE,35,188,5.0,0.1538461538461538,0.0138343717997059,-0.0760890448983825,0,0,578.3166666666667,336,11,3,0,20,0.0,2,5.0,0,0.0,0,0.0004578754578754579
E0000020820260222232223271551525,526956119,2026-02-22 20:22:23,0,0,0.9555111301505704,0.09944971429988464,1,1,FALSE_POSITIVE,40,14,60.0,1.333629695487886,0.7959407118020837,0.1991178347358212,0,0,82783.25,111,7,2,1,20,0.0,7,60.0,40,60.0,0,0.012014681941332307
E0000020820260222232317720818542,12139316738,2026-02-22 20:23:32,0,0,0.9515921747822362,0.10301034986323904,1,1,FALSE_POSITIVE,39,57,60.0,2.0,0.954248892190578,0.477124446095289,0,0,92627.63333333332,152,6,2,1,20,0.0,4,60.0,39,60.0,0,0.013157894736842105
E0000020820260222233053577466525,38623838149,2026-02-22 20:31:45,0,0,0.9776603677788884,0.07037773817931903,1,1,FALSE_POSITIVE,61,473,61.0,0.61,0.1071865509008348,-0.0685291063136484,0,0,67718.28333333334,108,5,2,1,20,26.0,6,61.0,61,61.0,0,0.005648148148148148
E0000020820260222233323836595525,1515948137,2026-02-22 20:33:24,0,0,0.9899408190140734,0.03571709044837662,1,1,FALSE_POSITIVE,38,30,10.0,0.6666666666666666,0.2916007419809769,-0.1458003709904884,0,0,9012.433333333332,1437,63,6,1,20,26.0,10,10.0,38,10.0,0,0.00046392948271862676
E0000020820260222234050497513525,29683130100,2026-02-22 20:41:04,0,0,0.9688546178621861,0.08458478331498348,1,1,FALSE_POSITIVE,60,358,66.4,0.4925450634225948,0.0092685990518062,-0.0095491695953925,0,0,77990.55,70,5,2,1,20,0.0,5,66.4,60,66.4,0,0.007036358048894211
E0000020820260222235128481362525,43455824000169,2026-02-22 20:51:29,0,0,0.9836895298840179,0.05693301954903457,1,1,FALSE_POSITIVE,4,38,18.0,0.1190869996692027,0.0025603778897861,-0.0189396842236125,0,0,79609.13333333333,224,9,3,1,20,0.0,6,18.0,4,18.0,0,0.0005316383913803696
E0000020820260223000606226446525,3328291113,2026-02-22 21:06:06,0,0,0.9768670569755818,0.07208102718436682,1,1,FALSE_POSITIVE,91,230,30.0,1.5,0.0366037292749303,0.0122012430916434,0,0,11969.433333333332,226,16,2,1,21,0.0,7,30.0,91,30.0,0,0.00663716814159292
E0000020820260223000617187530525,3937147136,2026-02-22 21:06:17,0,0,0.9828486204325131,0.05927444112877006,1,1,FALSE_POSITIVE,26,18,40.0,0.725031720137756,0.0726638814557516,-0.0275577770420938,0,0,55968.23333333333,143,6,4,1,21,20.0,10,40.0,26,40.0,0,0.005070151889075216
E0000020820260223001427870971525,96108509104,2026-02-22 21:14:42,0,0,0.9941295000555318,0.008979066829558235,1,1,FALSE_POSITIVE,56,114,40.23,0.6448148741785542,0.3363683129371577,-0.1852826700146014,0,0,84289.01666666666,69,6,1,0,21,26.0,5,40.23,0,0.0,0,0.009345143104037017
E0000020820260223001706178782542,6340400736,2026-02-22 21:17:18,0,0,0.9629206530534533,0.09143182289372337,1,1,FALSE_POSITIVE,25,56,10.0,1.0,0.1358670124304992,0.0,0,0,75001.03333333334,587,23,2,1,21,0.0,4,10.0,25,10.0,0,0.0017035775127768314
E0000020820260223001919083268525,414809106,2026-02-22 21:19:20,0,0,0.9730750313357768,0.07835032425479577,1,1,FALSE_POSITIVE,41,33,65.0,4.333333333333333,0.4991834238351639,0.3839872491039723,0,0,64942.1,363,10,2,1,21,20.0,9,65.0,41,65.0,0,0.011937557392102846
E0000020820260223003033162210525,964481308,2026-02-22 21:30:49,0,0,0.9618576165770225,0.092653907448556,1,1,FALSE_POSITIVE,43,73,60.0,2.0,0.471681151077542,0.235840575538771,0,0,63684.9,95,6,2,1,21,0.0,3,60.0,43,60.0,0,0.021052631578947368
E0000020820260223003827820891525,59661305153,2026-02-22 21:38:28,0,0,0.9912735811636283,0.027516013617500168,1,1,FALSE_POSITIVE,54,39,7.04,0.4025157232704403,0.0441959122370036,-0.0656033072268023,0,0,52527.15,382,12,1,0,21,26.0,7,7.04,0,0.0,0,0.0010537060818597913
E0000020820260223005235847975525,8679787400,2026-02-22 21:52:38,0,0,0.9506719342504006,0.1038819571178054,1,1,FALSE_POSITIVE,37,35,20.0,1.3333333333333333,0.1913643800458142,0.0478410950114535,0,0,56725.38333333333,168,12,2,1,21,26.0,9,20.0,37,20.0,0,0.007936507936507936
E0000020820260223005244296880525,12514804469,2026-02-22 21:53:27,0,0,0.9622542719786759,0.0920436704106602,1,1,FALSE_POSITIVE,27,15,30.0,1.875,1.1398779478914094,0.5319430423493244,0,0,86383.86666666667,269,19,2,1,21,0.0,5,30.0,27,30.0,0,0.006970260223048327
E0000020820260223012615545884525,35816152000141,2026-02-22 22:26:52,0,0,0.9847525663604487,0.053859668578105646,1,1,FALSE_POSITIVE,6,44,32.0,0.593141797961075,0.0731073162631988,-0.0501470497492879,0,0,53670.28333333333,330,10,4,1,22,0.0,4,32.0,6,32.0,0,0.0017973993877608335
E0000020820260223013535718516542,649909232,2026-02-22 22:35:36,0,0,0.9643327462833389,0.08995673054102804,1,1,FALSE_POSITIVE,34,54,5.0,0.8333333333333334,0.1443105515573132,-0.0288621103114626,0,0,48769.066666666666,816,29,4,1,22,0.0,6,5.0,34,5.0,0,0.0010212418300653595
E0000020820260223013655924735542,9598075788,2026-02-22 22:36:56,0,0,0.9968426230028401,-0.03521214867942701,1,1,FALSE_POSITIVE,44,25,5.0,1.0,0.7974601465546122,0.0,0,0,1057.15,1870,100,10,1,22,0.0,7,5.0,44,5.0,0,0.0005347593582887701
E0000020820260223015534145812525,1112696105,2026-02-22 22:55:35,0,0,0.9640312881780824,0.09018933832429893,1,1,FALSE_POSITIVE,39,9,158.84,2.913426265590609,1.2997440970208345,0.8536219101058514,0,0,33413.53333333333,99,6,2,1,22,46.0,11,158.84,39,158.84,0,0.029428548137278878
E0000020820260223015650782275525,38672979168,2026-02-22 22:56:51,0,0,0.9551144747489171,0.09977187390113301,1,1,FALSE_POSITIVE,60,457,24.0,0.12,0.1039366983043216,-0.7622024542316924,0,0,17949.816666666666,795,26,2,1,22,26.0,8,24.0,60,24.0,0,0.0001509433962264151
E0000020820260223021609298482525,6490172186,2026-02-22 23:16:09,0,0,0.9545908896187348,0.10038035769884573,1,1,FALSE_POSITIVE,13,98,227.9,3.8046744574290488,0.9607393166120998,0.7082238051374846,0,0,22227.43333333333,230,15,3,1,23,0.0,2,227.9,13,227.9,0,0.016542062858387167
E0000020820260223023809053897525,55732706000130,2026-02-22 23:38:09,0,0,0.9616830882002951,0.09298565067551745,1,1,FALSE_POSITIVE,0,3,10.0,0.5,0.0389788633301937,-0.0389788633301937,0,0,20325.366666666665,30,4,1,1,23,35.0,10,10.0,0,10.0,0,0.016666666666666666
E0000020820260223030136362598525,3990061330,2026-02-23 00:01:37,0,0,0.9682993002998714,0.08518762687970938,1,1,FALSE_POSITIVE,35,55,44.0,1.0254020041948264,0.22208495357704,0.0055016499863403,0,0,50581.566666666666,268,10,2,1,0,26.0,9,44.0,35,44.0,0,0.0038261268813239795
E0000020820260223030548068987525,71162674172,2026-02-23 00:05:49,0,0,0.9832928744823647,0.0578539305296894,1,1,FALSE_POSITIVE,45,145,371.95,3.206465517241379,0.4451738968984631,0.3063375693269569,0,0,65595.18333333333,138,7,2,1,0,0.0,4,371.95,45,371.95,0,0.023235257371314343
E0000020820260223031133884775542,15128451755,2026-02-23 00:11:34,0,0,0.9566534977073318,0.09812389658301168,1,1,FALSE_POSITIVE,33,54,50.0,1.020408163265306,0.5155811238623075,0.0103116224772461,0,0,34586.96666666667,570,19,4,1,0,0.0,6,50.0,33,50.0,0,0.0017901897601145722
E0000020820260223041438650217542,17631117764,2026-02-23 01:14:54,0,0,0.9953511986926238,-0.005242756262362702,1,1,FALSE_POSITIVE,30,14,2.0,0.5,0.1121180062662698,-0.1121180062662698,0,0,31681.65,2058,194,4,1,1,0.0,5,2.0,30,2.0,0,0.00024295432458697764
E0000020820260223042940804786542,9368409439,2026-02-23 01:29:41,0,0,0.9917654338616784,0.025146960483703407,1,1,FALSE_POSITIVE,35,58,20.0,1.0,0.9244395877880912,0.0,0,0,64599.35,812,40,5,1,1,0.0,6,20.0,35,20.0,0,0.0012315270935960591
E0000020820260223044730543922542,263657230,2026-02-23 01:47:31,0,0,0.9771367826487061,0.0716909448157595,1,1,FALSE_POSITIVE,41,57,10.0,1.25,0.1745725924559334,0.0349145184911866,0,0,18375.8,483,15,1,0,1,0.0,4,10.0,0,0.0,0,0.002587991718426501
E0000020820260223070826529147542,11972288709,2026-02-23 04:08:27,0,0,0.9827851555682485,0.05952998777740476,1,1,FALSE_POSITIVE,34,59,13.98,0.1864,0.041863863597714,-0.1827276793084773,0,0,13046.383333333331,424,20,3,0,4,0.0,4,13.98,0,0.0,0,0.000439622641509434
E0000020820260223071112119356542,9598075788,2026-02-23 04:11:12,0,0,0.9986037729861805,-0.0862967642659982,1,1,FALSE_POSITIVE,44,25,5.0,1.0,0.7974601465546122,0.0,0,0,334.26666666666665,1870,100,10,0,4,0.0,5,5.0,0,0.0,0,0.0005347593582887701
E0000020820260223082940220404525,3650365103,2026-02-23 05:29:41,0,0,0.9674107922001682,0.08644975721050197,1,1,FALSE_POSITIVE,32,129,42.3,0.94,0.2947768583968302,-0.0188155441529891,0,0,65731.78333333334,200,13,2,1,5,0.0,4,42.3,32,42.3,0,0.004699999999999999
E0000020820260223083800821626525,3193785199,2026-02-23 05:38:32,0,0,0.9929554000666381,0.017599167267700278,1,1,FALSE_POSITIVE,34,109,65.0,1.0706638115631693,0.2367007904093671,0.0156222521670182,0,0,48288.23333333333,97,5,1,0,5,0.0,0,65.0,0,0.0,0,0.011037771253228548
E0000020820260223085301353828525,2662554185,2026-02-23 05:53:01,0,0,0.9746616529423898,0.07561896289722209,1,1,FALSE_POSITIVE,38,79,74.94,1.491640127388535,0.3476158359622133,0.1145731404892803,0,0,64517.7,236,11,2,1,5,26.0,8,74.94,38,74.94,0,0.006320509014358199
E0000020820260223090136009975525,22407308115,2026-02-23 06:02:12,0,0,0.9664588192362004,0.08745452858968045,1,1,FALSE_POSITIVE,68,239,150.0,5.0,1.8945682800491144,1.5156546240392914,0,0,31280.116666666665,446,15,3,1,6,26.0,7,150.0,68,150.0,0,0.011210762331838564
E0000020820260223092148671370542,2038496200,2026-02-23 06:21:49,0,0,0.971900931346883,0.0801503712509451,1,1,FALSE_POSITIVE,26,54,10.0,1.0,0.2753369351932702,0.0,0,0,19188.65,980,35,6,1,6,0.0,6,10.0,26,10.0,0,0.0010204081632653062
E0000020820260223092957487810525,63090095327,2026-02-23 06:30:23,0,0,0.9678709124660859,0.08568996695510472,1,1,FALSE_POSITIVE,21,29,12.0,0.6,0.0392061944038961,-0.0261374629359307,0,0,69054.2,278,15,2,1,6,0.0,5,12.0,21,12.0,0,0.002158273381294964
E0000020820260223093138883950525,1351378104,2026-02-23 06:31:56,0,0,0.961302299014708,0.09344025402907091,1,1,FALSE_POSITIVE,40,26,150.0,1.25,0.0921202585709945,0.0184240517141989,0,0,62998.13333333333,279,10,2,1,6,0.0,5,150.0,40,150.0,0,0.004480286738351254
E0000020820260223094410597157525,28315413104,2026-02-23 06:44:11,0,0,0.9947958811303093,0.002538001062693529,1,1,FALSE_POSITIVE,63,380,10.0,0.3333333333333333,0.0655693126324425,-0.1311386252648851,0,0,11459.8,1986,50,6,1,6,0.0,5,10.0,63,10.0,0,0.00016784155756965425
E0000020820260223095016247993542,12337674703,2026-02-23 06:50:21,0,0,0.9649991273581163,0.08922792270134611,1,1,FALSE_POSITIVE,29,58,3.8,0.0758331670325284,0.0200748671875228,-0.2446492366984695,0,0,68298.46666666666,393,15,2,1,6,0.0,6,3.8,29,3.8,0,0.00019295971255096293
E0000020820260223102442978989525,4282893125,2026-02-23 07:24:43,0,0,0.9749631110476462,0.07540289140782908,1,1,FALSE_POSITIVE,17,35,18.14,0.924566768603466,0.2314889195078047,-0.0188866373137569,0,0,88617.33333333333,19,2,2,1,7,0.0,6,18.14,17,18.14,0,0.04866140887386662
E0000020820260223102643051960542,45204128387,2026-02-23 07:27:07,0,0,0.9633014422390405,0.09101981180106256,1,1,FALSE_POSITIVE,55,49,10.0,0.6944444444444444,0.2900185010205184,-0.1276081404490281,0,0,88557.31666666667,120,10,2,1,7,0.0,4,10.0,55,10.0,0,0.005787037037037037
E0000020820260223102754638165542,8788012786,2026-02-23 07:27:55,0,0,0.9626191949481968,0.0917483986033712,1,1,FALSE_POSITIVE,46,54,7.13,0.6400359066427289,0.0400394198259441,-0.0225186638852785,0,0,22966.4,205,8,1,0,7,0.0,4,7.13,0,0.0,0,0.0031221263738669697
E0000020820260223102902332362525,17213014000196,2026-02-23 07:29:02,0,0,0.9904485379281895,0.032889388121597474,1,1,FALSE_POSITIVE,13,78,350.0,1.4,0.2536561585121016,0.0724731881463147,0,0,27940.533333333333,135,6,3,0,7,0.0,3,350.0,0,0.0,0,0.01037037037037037
E0000020820260223102956674714525,2353821162,2026-02-23 07:30:18,0,0,0.9654275151919018,0.0885900159622211,1,1,FALSE_POSITIVE,41,65,9.98,0.6653333333333333,0.0803851668428591,-0.0404342221995143,0,0,78825.96666666666,299,9,2,1,7,26.0,6,9.98,41,9.98,0,0.002225195094760312
E0000020820260223103530523306525,7606861145,2026-02-23 07:35:31,0,0,0.9722182556682057,0.07965348810063821,1,1,FALSE_POSITIVE,25,8,150.0,3.0,4.267245884422723,2.844830589615148,0,0,55488.5,281,22,2,1,7,0.0,7,150.0,25,150.0,0,0.010676156583629894
E0000020820260223103749997559542,5076783116,2026-02-23 07:38:02,0,0,0.9718691989147509,0.08018926872848237,1,1,FALSE_POSITIVE,29,116,12.0,0.7058823529411765,0.013566052200641,-0.0056525217502671,0,0,13534.8,189,13,1,0,7,0.0,2,12.0,0,0.0,0,0.003734827264239029
E0000020820260223104420188427525,77564057149,2026-02-23 07:44:34,0,0,0.9919240960223397,0.02419068122603585,1,1,FALSE_POSITIVE,48,250,6.0,0.12,0.0004283666181595,-0.0031413551998364,0,0,43120.8,56,8,1,0,7,0.0,0,6.0,0,0.0,0,0.002142857142857143
E0000020820260223104533181798525,6107706402,2026-02-23 07:45:34,0,0,0.9565107017627366,0.09830908124633803,1,1,FALSE_POSITIVE,40,151,106.41,1.181808085295424,0.2951949103226363,0.045412467643845,0,0,55892.66666666666,125,8,3,1,7,0.0,4,106.41,40,106.41,0,0.009454464682363394
E0000020820260223105726930724523,9283185000163,2026-02-23 07:57:27,0,0,0.9816586542275533,0.062353857658950296,1,1,FALSE_POSITIVE,0,31,384.89,0.4398742857142857,0.3775405644416871,-0.4807513992011101,0,0,29670.966666666667,815,47,4,1,7,0.0,4,384.89,0,384.89,0,0.0005397230499561788
E0000020820260223110507664733525,3781104117,2026-02-23 08:05:30,0,0,0.9643803449315372,0.08991044343106142,1,1,FALSE_POSITIVE,35,131,400.0,5.714285714285714,1.0920111147193587,0.900909169643471,0,0,49755.01666666667,105,9,3,1,8,0.0,2,400.0,35,400.0,0,0.05442176870748299
E0000020820260223111117704492542,93188846720,2026-02-23 08:11:18,0,0,0.9800561664048741,0.06559317082683502,1,1,FALSE_POSITIVE,60,56,14.97,0.2649557522123894,0.0384312518995425,-0.1066165592109555,0,0,90506.01666666666,433,23,3,1,8,0.0,7,14.97,60,14.97,0,0.0006119070489893519
E0000020820260223111700203282542,14477850700,2026-02-23 08:17:01,0,0,0.9520364288320878,0.10257241739474027,1,1,FALSE_POSITIVE,31,47,20.0,1.25,0.1936217304113003,0.03872434608226,0,0,68826.98333333334,191,16,2,1,8,0.0,6,20.0,31,20.0,0,0.006544502617801047
E0000020820260223111840437189525,22366474172,2026-02-23 08:18:56,0,0,0.9537023815190315,0.1011307716212545,1,1,FALSE_POSITIVE,65,259,300.0,3.067484662576687,1.605635576161925,1.0821983783331377,0,0,48461.4,65,6,2,1,8,26.0,6,300.0,65,300.0,0,0.04719207173194903
E0000020820260223111932807909525,21499080182,2026-02-23 08:19:33,0,0,0.9785171434464595,0.06865035854189333,1,1,FALSE_POSITIVE,62,366,184.02,5.941879237972231,0.6574055832953792,0.5467662456437223,0,0,87918.36666666667,199,8,2,1,8,0.0,5,184.02,62,184.02,0,0.029858689638051415
E0000020820260223114218360359525,28785231304,2026-02-23 08:42:43,0,0,0.9882748663271297,0.04227046040074217,1,1,FALSE_POSITIVE,58,472,2500.0,31.25,5.524661909289113,5.347872728191862,0,0,28405.05,62,3,3,1,8,0.0,2,2500.0,58,2500.0,0,0.5040322580645161
E0000020820260223115053993203525,217676103,2026-02-23 08:51:53,0,0,0.9581925206657464,0.09655280959338408,1,1,FALSE_POSITIVE,35,132,20.0,0.4,0.0438190738772675,-0.0657286108159013,0,0,67332.18333333333,117,12,2,1,8,0.0,4,20.0,35,20.0,0,0.003418803418803419
E0000020820260223115157385441525,53410625000198,2026-02-23 08:51:58,0,0,0.95838291525854,0.09629015437616956,1,1,FALSE_POSITIVE,2,18,204.77,0.1563129770992366,0.0121605607977948,-0.0656356722691154,0,0,9888.266666666666,521,68,3,1,8,0.0,7,204.77,2,204.77,0,0.00030002490805995516
E0000020820260223115418354518525,33520275104,2026-02-23 08:54:19,0,0,0.9927967379059768,0.01874477817158393,1,1,FALSE_POSITIVE,59,471,150.0,3.0,0.5541885766276657,0.3694590510851104,0,0,25565.9,498,38,1,0,8,26.0,5,150.0,0,0.0,0,0.006024096385542169
E0000020820260223115946467446542,463311744,2026-02-23 09:00:05,0,0,0.9606041855077982,0.09409997487748323,1,1,FALSE_POSITIVE,58,54,20.0,0.8,0.4110870443229172,-0.1027717610807293,0,0,92032.43333333332,142,5,2,1,9,0.0,5,20.0,58,20.0,0,0.005633802816901409
E0000020820260223120627850503525,31154140130,2026-02-23 09:06:42,0,0,0.967632919225094,0.08604523649735629,1,1,FALSE_POSITIVE,62,463,1446.0,14.46,3.1460837989041086,2.9285123052039626,0,0,5421.65,173,8,3,1,9,26.0,6,1446.0,62,1446.0,0,0.08358381502890173
E0000020820260223120932309665525,10338938000170,2026-02-23 09:09:54,0,0,0.9811668015295032,0.06342111659470923,1,1,FALSE_POSITIVE,17,180,40.0,1.081665765278529,0.3242987259209523,0.0244845538070319,0,0,7079.85,102,6,1,0,9,26.0,5,40.0,0,0.0,0,0.01060456632626009
E0000020820260223121937552680525,28876008187,2026-02-23 09:19:38,0,0,0.975169371856506,0.07506407026247114,1,1,FALSE_POSITIVE,63,347,38.82,0.15528,0.078283868224345,-0.4258626298716433,0,0,72929.16666666667,40,4,2,1,9,0.0,5,38.82,63,38.82,0,0.003882
E0000020820260223122004161902525,42898749168,2026-02-23 09:20:53,0,0,0.9837529947482825,0.05668581042939247,1,1,FALSE_POSITIVE,58,437,275.0,11.0,1.2606033884185304,1.1460030803804822,0,0,68693.0,60,6,2,1,9,26.0,6,275.0,58,275.0,0,0.18333333333333332
E0000020820260223122510682174525,76810984100,2026-02-23 09:25:56,0,0,0.9514176464055087,0.10323490362104298,1,1,FALSE_POSITIVE,50,70,42.65,0.853,0.0112064921418455,-0.0019312477665314,0,0,59090.0,36,4,2,1,9,0.0,3,42.65,50,42.65,0,0.023694444444444445
E0000020820260223122736697492525,57708423000188,2026-02-23 09:27:55,0,0,0.9944150919447221,0.006056574882160826,1,1,FALSE_POSITIVE,1,15,5000.0,14.285714285714286,0.1014862626284001,0.0943822242444121,0,0,38840.03333333333,455,13,6,1,9,0.0,5,5000.0,1,5000.0,0,0.03139717425431711
E0000020820260223123016513314525,38639068100,2026-02-23 09:30:44,0,0,0.9719961286432799,0.08008043854900226,1,1,FALSE_POSITIVE,57,442,35.0,0.35,0.0907103396674931,-0.1684620593824873,0,0,87765.25,81,6,2,1,9,0.0,4,35.0,57,35.0,0,0.004320987654320987
E0000020820260223122945583267525,81074883349,2026-02-23 09:30:46,0,0,0.955701524743364,0.09922784535693413,1,1,FALSE_POSITIVE,45,26,100.0,2.857142857142857,0.2078119244427624,0.1350777508877956,0,0,74816.73333333334,97,6,2,1,9,0.0,5,100.0,45,100.0,0,0.029455081001472753
E0000020820260223124303185684525,36764611000153,2026-02-23 09:43:18,0,0,0.9815634569311565,0.06258355850713132,1,1,FALSE_POSITIVE,34,71,2146.55,21.148275862068967,2.092256778397213,1.9933240430743384,0,0,30330.716666666667,519,16,2,1,9,60.0,8,2146.55,34,2146.55,0,0.04074812304830244
E0000020820260223125026398949525,19863876000190,2026-02-23 09:50:47,0,0,0.9800878988370063,0.06549874127381855,1,1,FALSE_POSITIVE,12,35,272.1,0.0317207917490968,0.0115960791134677,-0.3539710607356795,0,0,80312.58333333333,31,3,2,1,9,0.0,4,272.1,12,272.1,0,0.0010232513467450586
E0000020820260223130144707513525,3327920133,2026-02-23 10:01:45,0,0,0.9575896044552334,0.09724025097751238,1,1,FALSE_POSITIVE,33,77,4.93,0.0328666666666666,0.0198180113036353,-0.5831640770422689,0,0,70114.63333333333,53,9,2,1,10,0.0,5,4.93,33,4.93,0,0.000620125786163522
E0000020820260223132217444310525,84668237191,2026-02-23 10:22:36,0,0,0.9719167975629492,0.08012693773652857,1,1,FALSE_POSITIVE,47,40,100.0,4.0,0.2919595153569462,0.2189696365177096,0,0,58576.18333333333,289,13,4,1,10,0.0,4,100.0,47,100.0,0,0.01384083044982699
E0000020820260223132336355436525,58474200130,2026-02-23 10:23:36,0,0,0.9603979246989386,0.09429141169034783,1,1,FALSE_POSITIVE,51,129,13.57,0.8980807412309729,0.0461470410676762,-0.0052370260312617,0,0,71953.91666666667,49,4,2,1,10,0.0,4,13.57,51,13.57,0,0.018328178392468836
E0000020820260223132441543946525,37318985191,2026-02-23 10:25:16,0,0,0.9923207514239929,0.021380213998306696,1,1,FALSE_POSITIVE,58,449,25.0,1.25,0.0357053249823956,0.0071410649964791,0,0,31591.35,480,15,1,0,10,0.0,0,25.0,0,0.0,0,0.0026041666666666665
E0000020820260223133029261482525,31623116000100,2026-02-23 10:30:45,0,0,0.9841496501499357,0.05565254133748099,1,1,FALSE_POSITIVE,7,78,134.0,0.5955555555555555,0.253240684763637,-0.1719768829364997,0,0,90822.43333333332,672,17,2,1,10,0.0,3,134.0,7,134.0,0,0.0008862433862433862
E0000020820260223133043793795525,77677242120,2026-02-23 10:31:16,0,0,0.9682199692195408,0.08537409162504622,1,1,FALSE_POSITIVE,50,307,14.0,0.28,0.1037068950476121,-0.266674872979574,0,0,65806.03333333334,115,6,2,1,10,26.0,5,14.0,50,14.0,0,0.002434782608695652
E0000020820260223134502678342525,26137620808,2026-02-23 10:45:19,0,0,0.9674107922001682,0.08642766996567303,1,1,FALSE_POSITIVE,49,35,7.5,0.25,0.0418727325286232,-0.1256181975858696,0,0,76340.51666666666,196,10,3,1,10,0.0,4,7.5,49,7.5,0,0.0012755102040816326
E0000020820260223135408857149525,398845468,2026-02-23 10:54:48,0,0,0.9953194662604915,-0.005008976718119673,1,1,FALSE_POSITIVE,90,572,2876.0,1.0,0.7551466413525042,0.0,0,0,20325.366666666665,14,2,1,1,10,60.0,11,2876.0,90,2876.0,0,0.07142857142857142
E0000020820260223140013792165542,93343426768,2026-02-23 11:01:17,0,0,0.9880686055182699,0.04328269382862748,1,1,FALSE_POSITIVE,61,54,649.0,3.245,2.9039036747127174,2.00901810469339,0,0,18760.066666666666,129,6,1,0,11,0.0,3,649.0,0,0.0,0,0.025155038759689923
E0000020820260223140629205854525,51634201191,2026-02-23 11:06:30,0,0,0.9795960461389563,0.06677947914566645,1,1,FALSE_POSITIVE,55,498,104.13,1.2250588235294118,0.2395955800396758,0.0440167429766541,0,0,87760.91666666667,155,9,2,1,11,0.0,2,104.13,55,104.13,0,0.007903605313092978
E0000020820260223141434818170525,1916703089,2026-02-23 11:14:35,0,0,0.9742491313246704,0.07619523133002526,1,1,FALSE_POSITIVE,36,12,200.0,2.0,0.9200845594298142,0.4600422797149071,0,0,30010.55,149,9,1,0,11,0.0,5,200.0,0,0.0,0,0.013422818791946308
E0000020820260223141444058240542,63232170404,2026-02-23 11:15:00,0,0,0.9890840433465022,0.039157997989903826,1,1,FALSE_POSITIVE,59,29,2000.0,40.0,4.657008768254853,4.540583549048482,0,0,90277.23333333334,105,7,2,1,11,0.0,5,2000.0,59,2000.0,0,0.38095238095238093
E0000020820260223141838475856525,887476000196,2026-02-23 11:18:54,0,0,0.9783902137179304,0.06905824337470351,1,1,FALSE_POSITIVE,30,39,41.0,0.2277777777777777,0.0108006559084661,-0.0366168578360194,0,0,20167.666666666668,325,18,3,0,11,0.0,2,41.0,0,0.0,0,0.0007008547008547009
E0000020820260223142112846504523,23941500000123,2026-02-23 11:21:13,0,0,0.9584781125549368,0.09614108171102737,1,1,FALSE_POSITIVE,10,8,1275.7,0.8504666666666667,0.238197512067535,-0.0418810864284299,0,0,20205.75,833,55,4,1,11,0.0,5,1275.7,10,1275.7,0,0.001020968387354942
E0000020820260223142130162660525,58678522100,2026-02-23 11:21:48,0,0,0.959731543624161,0.09486929047038695,1,1,FALSE_POSITIVE,53,10,200.0,0.5555555555555556,0.2002160097832304,-0.1601728078265843,0,0,67624.06666666667,104,5,2,1,11,0.0,5,200.0,53,200.0,0,0.005341880341880342
E0000020820260223142206279374525,1768755302,2026-02-23 11:22:26,0,0,0.9841655163660019,0.05557613826188057,1,1,FALSE_POSITIVE,38,146,16.0,0.5641748942172073,0.0888414820602577,-0.068630044891549,0,0,63382.16666666666,129,7,3,1,11,50.0,6,16.0,38,16.0,0,0.004373448792381452
E0000020820260223143526800495542,6910240731,2026-02-23 11:35:27,0,0,0.9968584892189062,-0.03548882404250708,1,1,FALSE_POSITIVE,55,57,12.0,0.6,0.1703781996636956,-0.1135854664424637,1,1,21.416666666666668,91,5,2,1,11,0.0,8,24.0,55,12.0,2,0.006593406593406593
E0000020820260223144427681623525,3378191570,2026-02-23 11:44:29,0,0,0.9512589842448474,0.10337253992667517,1,1,FALSE_POSITIVE,37,92,32.0,0.7740686985970004,0.0347057409338676,-0.0101297381350726,0,0,80421.6,97,5,2,1,11,0.0,4,32.0,37,32.0,0,0.007980089676257737
E0000020820260223144801526269525,51499134134,2026-02-23 11:48:21,0,0,0.9977311311025433,-0.05718614066742145,1,1,FALSE_POSITIVE,55,152,1000.0,29.41176470588235,7.778776355161961,7.514297959086455,0,0,31687.83333333333,1617,33,6,1,11,0.0,3,1000.0,55,1000.0,0,0.01818909381934592
E0000020820260223144822419288542,7964166646,2026-02-23 11:48:46,0,0,0.998413378393387,-0.07541905980839791,1,1,FALSE_POSITIVE,38,60,1000.0,21.13718030014796,4.419350781360304,4.210271295894149,0,0,79970.83333333333,460,14,3,0,11,0.0,2,1000.0,0,0.0,0,0.04595039195684339
E0000020820260223145542548935542,6526178596,2026-02-23 11:55:59,0,0,0.9931457946594316,0.016002999381708682,1,1,FALSE_POSITIVE,31,60,100.0,10.0,4.631119913170424,4.168007921853381,0,0,86079.96666666666,617,46,4,1,11,0.0,4,100.0,31,100.0,0,0.01620745542949757
E0000020820260223145707889935525,25856162153,2026-02-23 11:57:08,0,0,0.9799927015406096,0.06575931341901237,1,1,FALSE_POSITIVE,63,390,17.95,0.4378048780487805,0.0945430722291696,-0.1214048921940034,0,0,67791.25,264,10,2,1,11,26.0,8,17.95,63,17.95,0,0.001658351810790835
E0000020820260223145923439230525,39474496315,2026-02-23 11:59:41,0,0,0.9719961286432799,0.080035510093249,1,1,FALSE_POSITIVE,60,340,10.0,0.4828585224529212,0.1129638844291633,-0.1209843202236339,0,0,83450.11666666667,244,13,2,1,11,26.0,6,10.0,60,10.0,0,0.001978928370708694
E0000020820260223150902682884525,51219506168,2026-02-23 12:09:23,0,0,0.9514969774858394,0.10313853916408544,1,1,FALSE_POSITIVE,55,395,80.0,3.2,0.2201198367797408,0.1513323877860718,0,0,6914.133333333333,297,11,4,1,12,0.0,2,80.0,55,80.0,0,0.010774410774410775
E0000020820260223151113450654525,80551629134,2026-02-23 12:11:38,0,0,0.9866565122883844,0.04833688165281336,1,1,FALSE_POSITIVE,50,98,20.0,0.4,0.1479580291601997,-0.2219370437402995,0,0,4458.966666666666,909,25,7,1,12,26.0,5,20.0,50,20.0,0,0.00044004400440044003
E0000020820260223152133605265525,80805850163,2026-02-23 12:21:51,0,0,0.9662366922112745,0.08777482403471143,1,1,FALSE_POSITIVE,50,180,4.0,0.1428571428571428,0.01658368398813,-0.0995021039287802,0,0,74873.2,343,10,2,1,12,26.0,5,4.0,50,4.0,0,0.00041649312786339027
E0000020820260223152201702929525,7604572120,2026-02-23 12:22:15,0,0,0.9875291541720215,0.045429187635737334,1,1,FALSE_POSITIVE,91,620,500.0,12.5,0.426304420473804,0.3922000668358997,0,0,32583.916666666668,95,6,2,1,12,0.0,5,500.0,91,500.0,0,0.13157894736842105
E0000020820260223152553636759525,6089153192,2026-02-23 12:25:54,0,0,0.9660621638345471,0.08798943483664473,1,1,FALSE_POSITIVE,30,52,203.71,3.703818181818182,1.5278311255135026,1.1153294716759756,0,0,48458.083333333336,152,5,2,1,12,46.0,10,203.71,30,203.71,0,0.024367224880382777
E0000020820260223153136302914525,6325551141,2026-02-23 12:31:49,0,0,0.9502118139844828,0.10431162273692562,1,1,FALSE_POSITIVE,28,44,24.0,0.6956521739130435,0.2070247364290944,-0.0905733221877288,0,0,73267.21666666666,83,12,2,1,12,0.0,4,24.0,28,24.0,0,0.008381351492928235
E0000020820260223154420528948542,13759310168,2026-02-23 12:44:21,0,0,0.9943516270804575,0.006613486826156534,1,1,FALSE_POSITIVE,84,11,30.0,0.6,0.1090651081052917,-0.0727100720701945,0,0,67268.6,355,13,3,1,12,0.0,10,30.0,84,30.0,0,0.0016901408450704226
E0000020820260223154502131257525,2515358195,2026-02-23 12:45:02,0,0,0.9524806828819394,0.10216387555121598,1,1,FALSE_POSITIVE,37,147,39.99,1.215501519756839,0.0383594351523447,0.0068009101082801,0,0,90171.15,153,7,2,1,12,0.0,4,39.99,37,39.99,0,0.00794445437749568
E0000020820260223154608818311525,7847004607,2026-02-23 12:46:24,0,0,0.9620162787376838,0.09242113027644905,1,1,FALSE_POSITIVE,39,38,29.96,2.723636363636364,0.1768165666641031,0.1118972664870292,0,0,76369.61666666667,191,13,3,1,12,0.0,4,29.96,39,29.96,0,0.014259876249405046
E0000020820260223154950009428525,19259710000169,2026-02-23 12:50:14,0,0,0.9828803528646453,0.059176249903832356,1,1,FALSE_POSITIVE,12,132,1038.0,1.038,0.1211654240556918,0.004435728433638,0,0,64540.73333333333,110,10,2,1,12,0.0,2,1038.0,12,1038.0,0,0.009436363636363637
E0000020820260223155528643362525,69426023100,2026-02-23 12:55:30,0,0,0.9863867866152601,0.04905729279760357,1,1,FALSE_POSITIVE,48,275,200.0,1.0,0.7174212069939895,0.0,0,0,8143.983333333334,818,35,2,0,12,0.0,2,200.0,0,0.0,0,0.0012224938875305623
E0000020820260223161655436988525,72824158115,2026-02-23 13:17:08,0,0,0.9571612166214479,0.09777204882202994,1,1,FALSE_POSITIVE,44,299,250.0,16.666666666666668,2.7065959751141184,2.5442002166072712,0,0,29803.33333333333,432,32,3,1,13,20.0,6,250.0,44,250.0,0,0.038580246913580245
E0000020820260223162133776684525,1831676192,2026-02-23 13:21:35,0,0,0.9683944975962683,0.08506263123650892,1,1,FALSE_POSITIVE,38,258,32.2,1.0733333333333337,0.5722633383378263,0.0390987374019633,0,0,63213.95,40,4,2,1,13,0.0,2,32.2,38,32.2,0,0.026833333333333334
E0000020820260223162850397209542,6237674730,2026-02-23 13:29:02,0,0,0.9608263125327241,0.09391564194903129,1,1,FALSE_POSITIVE,31,57,20.0,1.0,0.2648602485599852,0.0,0,0,12826.216666666667,604,17,2,0,13,0.0,4,20.0,0,0.0,0,0.0016556291390728477
E0000020820260223163026062909525,3973553432,2026-02-23 13:30:27,0,0,0.9622701381947419,0.09200274525086916,1,1,FALSE_POSITIVE,42,52,20.0,0.8830022075055188,0.1106728640788002,-0.014664154490441,0,0,90658.06666666668,127,6,2,1,13,26.0,9,20.0,42,20.0,0,0.00695277328744503
E0000020820260223163213191341542,7195550192,2026-02-23 13:32:22,0,0,0.9649197962777857,0.08927458230418422,1,1,FALSE_POSITIVE,25,82,53.0,1.545189504373178,0.2988383744260593,0.1054392000333454,0,0,44053.8,936,30,4,1,13,0.0,3,53.0,25,53.0,0,0.0016508434875781818
E0000020820260223163719987777525,70468028153,2026-02-23 13:37:20,0,0,0.9589540990369206,0.09572282812588051,1,1,FALSE_POSITIVE,50,308,50.0,0.6518055012384305,0.1406743465499856,-0.0751482359270022,0,0,79138.25,124,8,2,1,13,0.0,4,50.0,50,50.0,0,0.0052564959777292785
E0000020820260223164816628758542,11701317869,2026-02-23 13:48:17,0,0,0.969457534072699,0.08378737468003433,1,1,FALSE_POSITIVE,60,39,91.0,1.8571428571428568,1.4254221839505128,0.6578871618233136,0,0,70668.26666666666,147,6,2,1,13,0.0,7,91.0,60,91.0,0,0.012633624878522837
E0000020820260223164811525218525,11280883120,2026-02-23 13:48:27,0,0,0.9851968204103003,0.05282691616349661,1,1,FALSE_POSITIVE,85,365,142.0,1.832258064516129,0.303467805384371,0.137842770755577,0,0,58621.1,148,6,2,1,13,26.0,8,142.0,85,142.0,0,0.012380122057541413
E0000020820260223164906532936525,7014744160,2026-02-23 13:49:07,0,0,0.9626350611642629,0.09171697737077772,1,1,FALSE_POSITIVE,19,12,40.0,1.0,0.1087220531284206,0.0,0,0,4575.783333333334,1144,57,5,1,13,0.0,7,40.0,19,40.0,0,0.0008741258741258741
E0000020820260223165012813260525,16792394572,2026-02-23 13:50:25,0,0,0.9799133704602789,0.06605964084058907,1,1,FALSE_POSITIVE,65,47,90.0,1.8461538461538465,0.3625316781424794,0.1661603524819697,0,0,27171.8,407,15,2,0,13,0.0,3,90.0,0,0.0,0,0.004536004536004536
E0000020820260223165652765461525,68912218115,2026-02-23 13:57:06,0,0,0.9716629381058911,0.0806484287674355,1,1,FALSE_POSITIVE,49,330,50.0,0.5736576411197798,0.2650908381168536,-0.1970155108884455,0,0,88229.13333333333,185,16,2,1,13,0.0,2,50.0,49,50.0,0,0.0031008521141609718
E0000020820260223170608479585525,6813589121,2026-02-23 14:06:09,0,1,0.9930188649309026,0.0166370381460072,1,1,FALSE_POSITIVE,19,18,7.95,1.0,0.2306441332724781,0.0,0,0,20325.366666666665,1,1,1,1,14,26.0,9,7.95,19,7.95,0,1.0
E0000020820260223171304003850525,42827787172,2026-02-23 14:13:05,0,0,0.9792945880336998,0.06738718842003194,1,1,FALSE_POSITIVE,58,456,133.64,2.6728,0.4384803895686179,0.274427564976947,0,0,110.83333333333331,351,15,5,1,14,0.0,2,133.64,58,133.64,0,0.007614814814814814
E0000020820260223171232080916542,8933155759,2026-02-23 14:13:35,0,1,0.9865295825598553,0.04857544023741617,1,1,FALSE_POSITIVE,44,67,80.0,1.0,0.2306441332724781,0.0,0,0,20325.366666666665,1,1,1,1,14,0.0,3,80.0,44,80.0,0,1.0
E0000020820260223171840308567525,10421050000104,2026-02-23 14:19:09,0,0,0.9817855839560823,0.06210646351388083,1,1,FALSE_POSITIVE,17,205,1090.69,4.364505802320928,0.960813658797592,0.740671057936194,0,0,1515.8,622,33,5,1,14,0.0,2,1090.69,17,1090.69,0,0.007016890357429145
E0000020820260223172002119131525,14923055707,2026-02-23 14:20:03,0,0,0.994891078426706,0.0015252106885706995,1,1,FALSE_POSITIVE,32,43,10.0,1.0,0.0720166146357952,0.0,0,0,8993.883333333333,1887,86,11,1,14,0.0,6,10.0,32,10.0,0,0.0005299417064122947
E0000020820260223172038741356525,78772222468,2026-02-23 14:23:01,0,0,0.9710282894632459,0.08151606666931344,1,1,FALSE_POSITIVE,55,7,300.0,10.909090909090908,1.4324781325704163,1.3011676370847949,0,0,70092.95,76,10,2,1,14,0.0,5,300.0,55,300.0,0,0.14354066985645933
E0000020820260223172343993749525,4734827117,2026-02-23 14:24:21,0,0,0.9603979246989386,0.09430249549697123,1,1,FALSE_POSITIVE,31,108,10000.0,62.5,1.9163372244769417,1.8856758288853108,0,0,20325.366666666665,7,2,1,1,14,0.0,2,10000.0,31,10000.0,0,8.928571428571429
E0000020820260223172517968495525,5912205126,2026-02-23 14:25:42,0,0,0.9909562568423057,0.029880588287483578,1,1,FALSE_POSITIVE,29,165,50.0,1.0,0.4683417610302579,0.0,0,0,57749.21666666667,109,7,1,0,14,26.0,5,50.0,0,0.0,0,0.009174311926605505
E0000020820260223172440435380525,13382667134,2026-02-23 14:25:46,0,0,0.9526869436907992,0.10202617481956855,1,1,FALSE_POSITIVE,76,264,1205.0,4.016666666666667,2.295200167006135,1.723781038290915,0,0,20325.366666666665,10,1,1,1,14,46.0,9,1205.0,76,1205.0,0,0.40166666666666667
E0000020820260223173738044220525,12131415168,2026-02-23 14:37:39,0,0,0.9918923635902074,0.02426851416284065,1,1,FALSE_POSITIVE,80,81,93.61,0.8584135717560752,0.1668122963866916,-0.0275139606474791,0,0,64849.083333333336,306,11,2,1,14,26.0,11,93.61,80,93.61,0,0.0028052731103139716
E0000020820260223174003787102525,30393570000150,2026-02-23 14:40:18,0,0,0.980786012343916,0.06427862792851496,1,1,FALSE_POSITIVE,5,62,40.0,0.4444444444444444,0.0318622646472471,-0.0398278308090589,0,0,81567.41666666667,77,6,2,1,14,26.0,6,40.0,5,40.0,0,0.005772005772005772
E0000020820260223174023897767542,6217847108,2026-02-23 14:40:24,0,0,0.9501007504720199,0.10440155505314314,1,1,FALSE_POSITIVE,25,51,50.0,1.0,0.5472153624366696,0.0,0,0,64300.88333333333,257,17,2,1,14,0.0,6,50.0,25,50.0,0,0.0038910505836575876
E0000020820260223180137469802525,47586150000192,2026-02-23 15:02:04,0,0,0.9820553096292065,0.061520005167422676,1,1,FALSE_POSITIVE,3,43,3910.0,1.2334384858044165,0.1942382505264839,0.0367612034244496,0,0,39121.78333333333,622,51,2,1,15,26.0,8,3910.0,3,3910.0,0,0.001983020073640541
E0000020820260223180309828261542,13846228702,2026-02-23 15:03:23,0,0,0.9965728973297159,-0.030257072746048053,1,1,FALSE_POSITIVE,33,56,500.0,1.016260162601626,0.4828953956211398,0.0077263263299382,1,1,14.383333333333333,197,13,2,1,15,0.0,6,1000.0,33,500.0,2,0.00515868102843465
E0000020820260223181242543680542,9842603741,2026-02-23 15:13:10,0,0,0.9674107922001682,0.08645082800543352,1,1,FALSE_POSITIVE,66,53,10.0,0.5714285714285714,0.055692738598613,-0.0417695539489597,0,0,77999.98333333334,61,4,2,1,15,0.0,6,10.0,66,10.0,0,0.00936768149882904
E0000020820260223181841483853542,76077934453,2026-02-23 15:18:42,0,0,0.9572088152696463,0.09774100309921357,1,1,FALSE_POSITIVE,54,49,15.0,1.0,0.4159851930220389,0.0,0,0,168.26666666666668,897,36,5,1,15,0.0,6,15.0,54,15.0,0,0.0011148272017837235
E0000020820260223181837738228525,31623116000100,2026-02-23 15:18:55,0,0,0.9901946784711314,0.034427855609909075,1,1,FALSE_POSITIVE,7,78,115.0,0.5111111111111111,0.2173334234911809,-0.2078841442089557,0,0,288.1666666666667,672,17,2,0,15,0.0,1,115.0,0,0.0,0,0.0007605820105820106
E0000020820260223181924124162542,4826501501,2026-02-23 15:19:34,0,0,0.9825630285433227,0.060138674316183305,1,1,FALSE_POSITIVE,35,52,20.0,0.8,0.3630992388750538,-0.0907748097187634,0,0,41746.583333333336,769,16,2,0,15,0.0,2,20.0,0,0.0,0,0.0010403120936280884
E0000020820260223182333018109542,1068889276,2026-02-23 15:23:34,0,0,0.9618734827930887,0.09261403530516438,1,1,FALSE_POSITIVE,31,51,2.0,0.1,0.0111041420438136,-0.0999372783943229,0,0,65865.25,266,20,3,1,15,0.0,4,2.0,31,2.0,0,0.00037593984962406017
E0000020820260223182359263263525,71661280110,2026-02-23 15:24:00,0,0,0.9579545274247545,0.09689345508754088,1,1,FALSE_POSITIVE,44,183,100.0,2.5,0.3893829376572554,0.2336297625943532,0,0,71692.73333333334,72,4,2,1,15,0.0,4,100.0,44,100.0,0,0.034722222222222224
E0000020820260223182445340906525,50105031000185,2026-02-23 15:24:45,0,0,0.9950814730194996,-0.001054510134036124,1,1,FALSE_POSITIVE,2,34,746.35,2.75609305760709,0.0627292553680724,0.0399690458769838,0,0,56174.55,460,21,2,0,15,0.0,4,746.35,0,0.0,0,0.005991506646971935
E0000020820260223183639774919525,14435187000160,2026-02-23 15:36:55,0,0,0.9505450045218716,0.10397108655575155,1,1,FALSE_POSITIVE,14,42,170.0,0.8173076923076923,0.088844984151769,-0.0198594670456895,0,0,4295.216666666666,559,25,4,1,15,26.0,7,170.0,14,170.0,0,0.0014620888950048162
E0000020820260223184635420514525,57376450106,2026-02-23 15:47:07,0,0,0.9779935583162771,0.06971618595729168,1,1,FALSE_POSITIVE,86,12,10.0,0.1111111111111111,0.034693373831097,-0.2775469906487762,0,0,20325.366666666665,57,5,1,1,15,26.0,13,10.0,86,10.0,0,0.001949317738791423
E0000020820260223184703336586542,82411115415,2026-02-23 15:47:19,0,0,0.9791200596569725,0.06761780959923497,1,1,FALSE_POSITIVE,52,43,108.0,2.16,0.2867393908571086,0.1539896728677064,0,0,23326.35,802,17,2,0,15,0.0,2,108.0,0,0.0,0,0.002693266832917706
E0000020820260223190314929424525,93078609120,2026-02-23 16:03:15,0,0,0.9933203230361591,0.014971215243743452,1,1,FALSE_POSITIVE,44,68,25.0,1.25,0.2996573329345359,0.0599314665869071,0,0,53749.26666666667,1958,55,5,1,16,26.0,8,25.0,44,25.0,0,0.0006384065372829418
E0000020820260223190429989917525,57880035000180,2026-02-23 16:04:47,0,0,0.9624446665714693,0.0918704778690917,1,1,FALSE_POSITIVE,1,5,25.0,0.0625,0.0142732540632711,-0.2140988109490673,0,0,7489.9,318,17,5,1,16,0.0,5,25.0,1,25.0,0,0.00019654088050314466
E0000020820260223191550657952525,85959181550,2026-02-23 16:15:51,0,0,0.962286004410808,0.09199296721576883,1,1,FALSE_POSITIVE,24,23,18.0,0.7434944237918215,0.1088877650488375,-0.0375662789418489,0,0,62205.26666666667,326,13,3,1,16,0.0,7,18.0,24,18.0,0,0.002280657741692704
E0000020820260223191616025557525,1420698176,2026-02-23 16:16:25,0,0,0.9915750392688848,0.026255610113283312,1,1,FALSE_POSITIVE,36,144,15.0,0.0964630225080385,0.0112226632075551,-0.105118945377433,0,0,57984.7,85,5,1,0,16,26.0,4,15.0,0,0.0,0,0.0011348590883298658
E0000020820260223192653006484542,11953257704,2026-02-23 16:27:04,0,0,0.9566534977073318,0.09812852838906555,1,1,FALSE_POSITIVE,24,49,2.8,0.2153846153846153,0.0247291949093376,-0.0900849243125872,0,0,60297.2,291,23,3,1,16,0.0,4,2.8,24,2.8,0,0.0007401533174729051
E0000020820260223192705104468542,18412159705,2026-02-23 16:27:15,0,0,0.9793104542497659,0.0672886546325207,1,1,FALSE_POSITIVE,23,57,40.0,2.857142857142857,0.400406437841852,0.2602641845972038,0,0,81655.86666666667,325,12,4,1,16,0.0,4,40.0,23,40.0,0,0.008791208791208791
E0000020820260223192833526234525,3075756164,2026-02-23 16:28:46,0,0,0.980897075856379,0.06394423683729261,1,1,FALSE_POSITIVE,38,110,20.0,222.22222222222223,0.0806129435474686,0.0802501853015049,0,0,43055.71666666667,160,19,3,1,16,26.0,5,20.0,38,20.0,0,1.388888888888889
E0000020820260223193424605829525,27954595153,2026-02-23 16:34:25,0,0,0.9967791581385755,-0.034489377604113636,1,1,FALSE_POSITIVE,60,436,150.0,1.5,0.2687538287510336,0.0895846095836778,0,0,20247.6,1722,42,5,0,16,0.0,3,150.0,0,0.0,0,0.0008710801393728223
E0000020820260223193530527475525,49141801000166,2026-02-23 16:35:31,0,0,0.9841496501499357,0.05559743693628727,1,1,FALSE_POSITIVE,3,35,107.25,2.145,0.5654439613909346,0.3018337229802424,0,0,70943.45,337,10,3,1,16,0.0,5,107.25,3,107.25,0,0.0063649851632047475
E0000020820260223193857421225542,3336922763,2026-02-23 16:39:13,0,0,0.9751059069922414,0.07520284368930769,1,1,FALSE_POSITIVE,54,59,100.0,9.090909090909092,1.543071785284898,1.3733338889035591,0,0,62396.316666666666,237,12,3,1,16,0.0,4,100.0,54,100.0,0,0.038358266206367474
E0000020820260223194045021136525,82807191134,2026-02-23 16:40:45,0,0,0.9828327542164469,0.05940814949443246,1,1,FALSE_POSITIVE,48,165,15.0,1.3550135501355014,0.1673177468390183,0.0438372496718228,0,0,252.0,712,17,3,0,16,0.0,2,15.0,0,0.0,0,0.0019031089187296368
E0000020820260223194149708201525,10165541415,2026-02-23 16:42:16,0,0,0.9590016976851191,0.09564132871144654,1,1,FALSE_POSITIVE,78,5,1000.0,5.555555555555555,2.888511747353949,2.3685796328302384,0,0,20325.366666666665,18,2,1,1,16,26.0,11,1000.0,78,1000.0,0,0.30864197530864196
E0000020820260223194721096495525,79916619115,2026-02-23 16:47:54,0,0,0.9792945880336998,0.06737599886270068,1,1,FALSE_POSITIVE,66,349,80.0,1.127078050154973,0.2495691380090215,0.0281389203105171,0,0,85285.9,26,2,2,1,16,26.0,7,80.0,66,80.0,0,0.04334915577519128
E0000020820260223195806929362525,2668626404,2026-02-23 16:58:07,0,0,0.9580973233693496,0.09675804888328804,1,1,FALSE_POSITIVE,49,35,47.97,0.9594,0.3028626554810635,-0.0128165768319065,0,0,7642.983333333334,99,7,1,0,16,0.0,4,47.97,0,0.0,0,0.00969090909090909
E0000020820260223195825959204542,9714665566,2026-02-23 16:58:35,0,0,0.9934948514128865,0.014163152378844301,1,1,FALSE_POSITIVE,29,54,30.0,3.0,0.5023974984038105,0.3349316656025403,0,0,73569.5,676,31,1,0,16,0.0,4,30.0,0,0.0,0,0.004437869822485207
E0000020820260223200607963215525,37032258000180,2026-02-23 17:06:22,0,0,0.9596998111920289,0.0949151732889148,1,1,FALSE_POSITIVE,5,24,400.0,2.0,0.7923651673258301,0.396182583662915,0,0,4340.933333333333,742,20,4,1,17,0.0,7,400.0,5,400.0,0,0.0026954177897574125
E0000020820260223200804957952525,8037294137,2026-02-23 17:08:19,0,0,0.9542894315134783,0.10071519012054908,1,1,FALSE_POSITIVE,24,10,10.0,0.25,0.0300044893124084,-0.0900134679372252,0,0,89400.81666666667,137,14,2,1,17,0.0,5,10.0,24,10.0,0,0.0018248175182481751
E0000020820260223200803484860525,89396820415,2026-02-23 17:08:24,0,0,0.9675694543608295,0.08625390835222668,1,1,FALSE_POSITIVE,53,7,4.5,0.6559766763848396,0.2601530559047479,-0.13643582487449,0,0,75394.06666666667,83,10,2,1,17,20.0,8,4.5,53,4.5,0,0.007903333450419756
E0000020820260223200846627970525,85165204120,2026-02-23 17:08:47,0,0,0.9890840433465022,0.0391864830986382,1,1,FALSE_POSITIVE,54,215,10.0,1.0,1.1739546144246524,0.0,0,0,1601.45,1687,38,6,1,17,26.0,7,10.0,54,10.0,0,0.0005927682276229994
E0000020820260223201204119365525,93881991115,2026-02-23 17:12:04,0,0,0.963983689529884,0.09026185040382917,1,1,FALSE_POSITIVE,44,77,181.13,2.4150666666666667,0.5443470236900131,0.3189507515277485,0,0,69495.23333333334,150,12,3,1,17,0.0,5,181.13,44,181.13,0,0.016100444444444445
E0000020820260223201436194277542,6862679317,2026-02-23 17:14:58,0,0,0.9793263204658321,0.06718309094359753,1,1,FALSE_POSITIVE,28,53,275.0,13.75,4.463619134465809,4.138992288322841,0,0,82381.26666666666,148,20,2,1,17,0.0,4,275.0,28,275.0,0,0.0929054054054054
E0000020820260223201706621270525,18457010387,2026-02-23 17:17:07,0,0,0.9924952798007203,0.020309870903059357,1,1,FALSE_POSITIVE,64,329,5.0,1.0,0.213033282486094,0.0,0,0,1708.2333333333331,631,19,4,0,17,26.0,6,5.0,0,0.0,0,0.001584786053882726
E0000020820260223202021503500525,3474766198,2026-02-23 17:20:35,0,0,0.9503228774969458,0.10419291879767306,1,1,FALSE_POSITIVE,35,196,15.0,0.375,0.0087507673481508,-0.0145846122469181,0,0,60840.9,91,5,2,1,17,20.0,5,15.0,35,15.0,0,0.004120879120879121
E0000020820260223202139759440525,10517999000102,2026-02-23 17:21:40,0,0,0.9875291541720215,0.04531357519354856,1,1,FALSE_POSITIVE,17,183,19894.26,33.04474785728523,9.263165921103877,8.982844038754827,0,0,20325.366666666665,152,13,1,1,17,0.0,4,19894.26,17,19894.26,0,0.2173996569558239
E0000020820260223202250890840525,30833361104,2026-02-23 17:22:52,0,0,0.9817697177400162,0.062178417147536635,1,1,FALSE_POSITIVE,69,325,103.02,0.41208,0.0697537590597771,-0.0995186129548247,0,0,64638.53333333333,55,5,2,1,17,26.0,9,103.02,69,103.02,0,0.007492363636363636
E0000020820260223202320618306525,39967336153,2026-02-23 17:24:03,0,0,0.9882272676789312,0.042446906145641505,1,1,FALSE_POSITIVE,58,260,1362.0,15.83720930232558,7.207400422579246,6.752307591197591,0,0,30291.65,582,15,3,1,17,0.0,2,1362.0,58,1362.0,0,0.02721169983217454
E0000020820260223202057534183542,9675947748,2026-02-23 17:24:21,0,0,0.9805004204547257,0.06473259435602557,1,1,FALSE_POSITIVE,51,55,300.0,15.0,3.549351076370433,3.3127276712790703,0,0,78009.85,513,13,2,1,17,0.0,4,300.0,51,300.0,0,0.029239766081871343
E0000020820260223203346000711525,21509530134,2026-02-23 17:33:46,0,0,0.9871166325543022,0.04682737729450143,1,1,FALSE_POSITIVE,71,527,10.0,1.0,0.1007161888422962,0.0,0,0,39928.86666666667,734,22,4,1,17,0.0,6,10.0,71,10.0,0,0.0013623978201634877
E0000020820260223203356013415525,79401945187,2026-02-23 17:34:34,0,0,0.9691719421835087,0.08411401869049612,1,1,FALSE_POSITIVE,48,312,8.1,0.162,0.0544926317258716,-0.2818816381869161,0,0,73755.65,82,5,2,1,17,0.0,2,8.1,48,8.1,0,0.001975609756097561
E0000020820260223203457273777525,1091282900,2026-02-23 17:35:14,0,0,0.9960969108477319,-0.020693374120387742,1,1,FALSE_POSITIVE,25,4,4800.0,1.7142857142857142,2.764292321220005,1.1517884671750018,0,0,86.78333333333333,9,4,1,0,17,20.0,8,4800.0,0,0.0,0,0.19047619047619047
E0000020820260223204156578964542,16901000790,2026-02-23 17:41:57,0,0,0.9790565947927079,0.06768381016575692,1,1,FALSE_POSITIVE,31,59,8.07,0.333195706028076,0.0567957959250022,-0.1136619707792796,0,0,33499.416666666664,476,22,3,0,17,0.0,4,8.07,0,0.0,0,0.0006999909790505798
E0000020820260223204433851245542,2394826118,2026-02-23 17:44:55,0,0,0.9730432989036445,0.07842893109494758,1,1,FALSE_POSITIVE,39,92,175.5,5.426716141001855,2.3725325071676884,1.935337628069096,0,0,93249.66666666669,306,9,2,1,17,0.0,2,175.5,39,175.5,0,0.01773436647386227
E0000020820260223205253509520525,46164855187,2026-02-23 17:52:54,0,0,0.9633649071033049,0.09094607846842445,1,1,FALSE_POSITIVE,56,371,76.95,0.7695000000000001,0.093101340579411,-0.0278880558850607,0,0,85170.71666666666,231,11,2,1,17,0.0,4,76.95,56,76.95,0,0.0033311688311688315
E0000020820260223205504407330525,336872186,2026-02-23 17:55:17,0,0,0.9514811112697733,0.10317291308272847,1,1,FALSE_POSITIVE,41,144,50.0,1.1904761904761905,0.2258487333964405,0.0361357973434304,0,0,5939.316666666667,158,8,3,1,17,60.0,7,50.0,41,50.0,0,0.007534659433393611
E0000020820260223205730918740542,12329634706,2026-02-23 17:57:31,0,0,0.9688228854300538,0.08460174912404533,1,1,FALSE_POSITIVE,40,54,10.0,0.6666666666666666,0.1422285200340916,-0.0711142600170458,0,0,8915.6,435,16,3,0,17,0.0,4,10.0,0,0.0,0,0.0015325670498084292
E0000020820260223205857878613542,40393274896,2026-02-23 17:59:18,0,0,0.995747854094277,-0.01069759829637773,1,1,FALSE_POSITIVE,33,56,180.0,18.0,2.2819404491990416,2.155165979799095,0,0,4078.4,650,32,4,0,17,0.0,2,180.0,0,0.0,0,0.027692307692307693
E0000020820260223205937282984525,14737371000165,2026-02-23 17:59:50,0,0,0.9764862677899948,0.07264304756803686,1,1,FALSE_POSITIVE,14,167,174.0,0.2175,0.0399219063680737,-0.1436270884276676,0,0,79497.53333333334,162,15,2,1,17,0.0,3,174.0,14,174.0,0,0.0013425925925925925
E0000020820260223210028766584525,3843827117,2026-02-23 18:00:46,0,0,0.9659828327542165,0.0880517201514015,1,1,FALSE_POSITIVE,36,150,64.0,1.2563800549666275,0.1281491858467756,0.0261504432368576,0,0,63797.63333333333,315,10,2,1,18,0.0,2,64.0,36,64.0,0,0.003988508111005167
E0000020820260223210308174692525,71153683334,2026-02-23 18:03:08,0,0,0.959731543624161,0.09484812603094867,1,1,FALSE_POSITIVE,53,45,6.0,0.6,0.0299677131846608,-0.0199784754564405,0,0,24282.08333333333,173,5,1,0,18,0.0,4,6.0,0,0.0,0,0.003468208092485549
E0000020820260223210540379295525,46872468000177,2026-02-23 18:06:15,0,0,0.9828486204325131,0.0592760871538508,1,1,FALSE_POSITIVE,3,44,1200.0,2.0,0.7606481751847968,0.3803240875923984,0,0,90719.1,113,5,2,1,18,0.0,4,1200.0,3,1200.0,0,0.017699115044247787
E0000020820260223210758231557525,80307841120,2026-02-23 18:08:00,0,0,0.9636029003442969,0.09073494095804052,1,1,FALSE_POSITIVE,48,149,13.59,0.4673314993122421,0.0102061999865717,-0.0116331153636494,0,0,79766.4,276,9,2,1,18,26.0,5,13.59,48,13.59,0,0.0016932300699718916
E0000020820260223211458292713525,48888421000127,2026-02-23 18:15:15,0,0,0.9960651784155997,-0.01855794218480067,1,1,FALSE_POSITIVE,3,38,1053.0,0.5527849230930757,0.1508548292849399,-0.1220448519162776,0,0,15874.083333333334,2502,76,8,1,18,0.0,4,1053.0,3,1053.0,0,0.000220937219461661
E0000020820260223211840900841525,76314537134,2026-02-23 18:18:41,0,0,0.9768353245434497,0.07214518221461552,1,1,FALSE_POSITIVE,55,388,9.9,1.0421052631578949,0.0214975805596638,0.0008685891135217,0,0,22720.616666666665,282,12,1,0,18,0.0,2,9.9,0,0.0,0,0.0036954087346024638
E0000020820260223213232154816525,5757087781,2026-02-23 18:32:45,0,0,0.9758674853634157,0.07388083199015333,1,1,FALSE_POSITIVE,52,53,50.0,1.6666666666666667,0.0140282809728766,0.0056113123891506,0,0,92130.36666666668,5,2,2,1,18,26.0,7,50.0,52,50.0,0,0.3333333333333333
E0000020820260223213415681919525,95687971149,2026-02-23 18:34:16,0,0,0.9529090707157251,0.10183611357205175,1,1,FALSE_POSITIVE,42,106,113.36,1.7996507382124145,0.622217213429824,0.2764738976751961,0,0,86732.96666666666,129,6,2,1,18,0.0,4,113.36,42,113.36,0,0.013950780916375307
E0000020820260223213534912720525,21509530134,2026-02-23 18:35:35,0,0,0.9919558284544719,0.02398821442110155,1,1,FALSE_POSITIVE,71,527,10.0,1.0,0.1007161888422962,0.0,0,0,61.81666666666667,734,22,5,1,18,20.0,9,10.0,71,10.0,0,0.0013623978201634877
E0000020820260223213653022315525,56364849172,2026-02-23 18:37:11,0,0,0.9808494772081806,0.06409042730234915,1,1,FALSE_POSITIVE,53,359,1500.0,27.77777777777778,8.125680979268864,7.833156464015185,0,0,29239.516666666663,80,4,2,1,18,26.0,5,1500.0,53,1500.0,0,0.3472222222222222
E0000020820260223214515361480542,14814438796,2026-02-23 18:45:38,0,0,0.9564948355466705,0.09831229705108002,1,1,FALSE_POSITIVE,25,58,4.0,0.4,0.0396008650180351,-0.0594012975270527,0,0,92144.36666666668,373,17,2,1,18,0.0,4,4.0,25,4.0,0,0.0010723860589812334
E0000020820260223214624808406525,58606793191,2026-02-23 18:46:25,0,0,0.9816586542275533,0.06234069945871451,1,1,FALSE_POSITIVE,56,9,27.15,1.5083333333333333,1.569709139055821,0.5290179971403597,0,0,10077.433333333332,83,9,1,0,18,26.0,6,27.15,0,0.0,0,0.018172690763052207
E0000020820260223215204568127542,17694762705,2026-02-23 18:52:32,0,0,0.9916543703492154,0.025848889721013568,1,1,FALSE_POSITIVE,28,55,39.0,1.3,0.8791754965185743,0.2028866530427479,0,0,48913.35,697,31,3,0,18,0.0,2,39.0,0,0.0,0,0.0018651362984218078
E0000020820260223215722189792525,7938692000162,2026-02-23 18:57:23,0,0,0.9667920097735891,0.0869625447173516,1,1,FALSE_POSITIVE,20,11,194.6,1.946,0.0331422578842828,0.0161112928872207,0,0,73395.3,218,16,2,1,18,0.0,7,194.6,20,194.6,0,0.008926605504587156
E0000020820260223215848617472525,52721746000198,2026-02-23 18:59:01,0,0,0.9663318895076713,0.08763850330961831,1,1,FALSE_POSITIVE,2,28,1500.0,3.75,0.7240937109557679,0.5310020547008965,0,0,27802.783333333333,600,19,3,1,18,26.0,8,1500.0,2,1500.0,0,0.00625
E0000020820260223220006502379525,63585979149,2026-02-23 19:00:19,0,0,0.9846891014961842,0.05431580997846103,1,1,FALSE_POSITIVE,50,50,2.0,0.2857142857142857,0.084273886459928,-0.2106847161498202,0,0,42215.35,565,21,2,0,19,0.0,2,2.0,0,0.0,0,0.0005056890012642225
E0000020820260223220052841812542,10361501781,2026-02-23 19:00:53,0,0,0.9676011867929617,0.08612379291738642,1,1,FALSE_POSITIVE,41,50,10.0,1.0,0.1892033652329927,0.0,0,0,24976.88333333333,577,28,2,0,19,0.0,4,10.0,0,0.0,0,0.0017331022530329288
E0000020820260223220211110629525,3616697123,2026-02-23 19:02:11,0,0,0.9533850571977089,0.10142420846812594,1,1,FALSE_POSITIVE,36,132,6.0,0.2222222222222222,0.0147367924547299,-0.0515787735915546,0,0,88413.1,93,5,2,1,19,0.0,4,6.0,36,6.0,0,0.0023894862604540022
E0000020820260223220240122198542,83179186100,2026-02-23 19:03:03,0,0,0.9649039300617196,0.08928897105797479,1,1,FALSE_POSITIVE,48,52,100.0,6.666666666666667,2.101137959102715,1.7859672652373078,0,0,86659.15,202,7,2,1,19,0.0,4,100.0,48,100.0,0,0.033003300330033
E0000020820260223220413461316542,8412724763,2026-02-23 19:04:38,0,0,0.952179224776683,0.10247919405867134,1,1,FALSE_POSITIVE,46,53,7.0,0.3888888888888889,0.1197275482637533,-0.1881432901287552,0,0,80696.05,76,4,2,1,19,0.0,4,7.0,46,7.0,0,0.005116959064327485
E0000020820260223220749444874525,46279184000171,2026-02-23 19:07:50,0,0,0.9812619988259,0.0632656984178201,1,1,FALSE_POSITIVE,3,43,92.07,1.5345,0.3268379960381083,0.113844841239732,0,0,63452.88333333333,544,15,2,1,19,0.0,6,92.07,3,92.07,0,0.0028207720588235294
E0000020820260223220904018545542,8984979732,2026-02-23 19:09:04,0,0,0.9612229679343773,0.09357301743049501,1,1,FALSE_POSITIVE,43,60,10.5,0.4565217391304347,0.0319233476035291,-0.0380039852422966,0,0,2916.1,132,8,1,0,19,0.0,4,10.5,0,0.0,0,0.003458498023715415
E0000020820260223221030839186525,18461913191,2026-02-23 19:10:31,0,0,0.9729322353911816,0.07856370371234433,1,1,FALSE_POSITIVE,65,215,6.88,0.2219354838709677,0.0250297937980129,-0.0877498003500105,0,0,64742.55,276,13,2,1,19,0.0,5,6.88,65,6.88,0,0.00080411407199626
E0000020820260223221323237842525,3760114164,2026-02-23 19:13:23,0,0,0.9603503260507401,0.09435235195724978,1,1,FALSE_POSITIVE,33,9,303.99,3.377666666666667,1.2977602860039974,0.913542299424308,0,0,83981.73333333334,118,7,2,1,19,0.0,5,303.99,33,303.99,0,0.028624293785310735
E0000020820260223221834566503525,90437845168,2026-02-23 19:18:36,0,0,0.9891316419947007,0.03877058949150497,1,1,FALSE_POSITIVE,45,247,4.5,0.225,0.0196811855523114,-0.0677907502357393,0,0,48933.03333333333,122,9,1,0,19,26.0,3,4.5,0,0.0,0,0.0018442622950819673
E0000020820260223222108464903525,53870336153,2026-02-23 19:21:33,0,0,0.9805162866707919,0.06469411064380931,1,1,FALSE_POSITIVE,58,241,30.0,0.6,0.1164683952110954,-0.0776455968073969,0,0,4926.8,335,12,1,0,19,26.0,3,30.0,0,0.0,0,0.001791044776119403
E0000020820260223222116671345525,32974175104,2026-02-23 19:21:34,0,0,0.9971440811080965,-0.040362890269337814,1,1,FALSE_POSITIVE,82,424,80.0,0.5333333333333333,0.420560103781443,-0.3679900908087626,0,0,85315.75,174,5,1,0,19,26.0,6,80.0,0,0.0,0,0.0030651340996168583
E0000020820260223222416193322525,31531672000157,2026-02-23 19:25:46,0,0,0.9612705665825757,0.09352041146413664,1,1,FALSE_POSITIVE,7,82,6570.0,65.7,2.5338734658583344,2.4953061376108714,0,0,20325.366666666665,62,5,1,1,19,0.0,3,6570.0,7,6570.0,0,1.0596774193548386
E0000020820260223223343361369525,35936185168,2026-02-23 19:33:44,0,0,0.9838799244768115,0.056406379160149955,1,1,FALSE_POSITIVE,59,320,17.5,2.5,0.3897339473662338,0.2338403684197403,0,0,5094.766666666666,286,11,2,0,19,26.0,5,17.5,0,0.0,0,0.008741258741258742
E0000020820260223223427733865525,63878909000167,2026-02-23 19:34:38,0,0,0.9717105367540895,0.08056997146732364,1,1,FALSE_POSITIVE,0,1,50.0,0.5981576743629621,0.0049381054347454,-0.0033174192310619,0,0,20325.366666666665,30,4,1,1,19,60.0,10,50.0,0,50.0,0,0.01993858914543207
E0000020820260223223856196738525,5513347113,2026-02-23 19:38:59,0,0,0.9643644787154712,0.08994366293209849,1,1,FALSE_POSITIVE,29,167,156.1,5.203333333333333,0.3386270073989643,0.273548146271681,0,0,2881.483333333333,690,29,3,1,19,46.0,7,156.1,29,156.1,0,0.007541062801932367
E0000020820260223224319218989525,11297533000101,2026-02-23 19:43:59,0,0,0.9735034191695623,0.07776574359800487,1,1,FALSE_POSITIVE,16,4,1572.0,2.002547770700637,0.1370680010693483,0.0686211939195783,0,0,14780.283333333333,1011,42,5,1,19,0.0,5,1572.0,16,1572.0,0,0.0019807594171124005
E0000020820260223225938638286525,4990328612,2026-02-23 20:00:06,0,0,0.970917225950783,0.08177278783111164,1,1,FALSE_POSITIVE,43,191,175.76,2.224810126582278,1.0198147677808291,0.5614319351984127,0,0,74153.85,55,4,2,1,20,26.0,7,175.76,43,175.76,0,0.04045109321058688
E0000020820260223230050582358525,75563363104,2026-02-23 20:00:51,0,0,0.9800878988370063,0.06550387312372247,1,1,FALSE_POSITIVE,33,49,150.0,2.918287937743191,1.0677782254324657,0.701886220184274,0,0,75569.26666666666,119,13,3,1,20,26.0,9,150.0,33,150.0,0,0.02452342804826211
E0000020820260223230139321994525,4227290198,2026-02-23 20:01:40,0,0,0.9742332651086042,0.07627403310422537,1,1,FALSE_POSITIVE,31,42,50.0,1.0,0.2647398442224499,0.0,0,0,49365.4,1003,40,3,1,20,26.0,9,50.0,31,50.0,0,0.0009970089730807576
E0000020820260223230855194263525,66583578115,2026-02-23 20:08:55,0,0,0.9805797515350564,0.06455732030651001,1,1,FALSE_POSITIVE,53,171,28.0,0.691358024691358,0.1113945592723338,-0.0497297139608633,0,0,10022.533333333333,944,31,1,0,20,0.0,2,28.0,0,0.0,0,0.000732370788867964
E0000020820260223231305968342525,60200936115,2026-02-23 20:13:06,0,0,0.9550034112364543,0.09989387932730998,1,1,FALSE_POSITIVE,51,330,63.91,1.59775,0.6882412458994277,0.257484715841892,0,0,47527.61666666667,40,6,3,1,20,26.0,7,63.91,51,63.91,0,0.03994375
E0000020820260223232728137346525,14500264191,2026-02-23 20:28:13,0,0,0.9940184365430689,0.010224047760894195,1,1,FALSE_POSITIVE,69,413,39.05,1.0554054054054054,0.2086504601443385,0.0109534812623788,0,0,48989.9,223,11,1,0,20,26.0,7,39.05,0,0.0,0,0.004732759665495091
E0000020820260223232755628279525,33526788120,2026-02-23 20:28:17,0,0,0.9896869595570152,0.03688054713697869,1,1,FALSE_POSITIVE,61,512,400.0,2.0,0.4198375892748544,0.2099187946374272,0,0,76651.43333333333,37,3,3,1,20,26.0,6,400.0,61,400.0,0,0.05405405405405406
E0000020820260223233823555704525,1542882338,2026-02-23 20:38:24,0,0,0.99536706490869,-0.005805843383286879,1,1,FALSE_POSITIVE,39,8,40.0,1.1428571428571428,0.4737047086224732,0.0592130885778091,0,0,16932.033333333333,772,34,7,0,20,0.0,5,40.0,0,0.0,0,0.0014803849000740192
E0000020820260223233842722701525,41284372391,2026-02-23 20:38:43,0,0,0.9725355799895283,0.0790712661833976,1,1,FALSE_POSITIVE,53,10,25.0,0.8333333333333334,0.8336412060505272,-0.1667282412101054,0,0,84089.05,465,27,2,1,20,0.0,7,25.0,53,25.0,0,0.0017921146953405018
E0000020820260223235343097602525,5528159504,2026-02-23 20:53:43,0,0,0.9778983610198804,0.06978947341607683,1,1,FALSE_POSITIVE,32,40,250.0,1.25,0.3997681907368748,0.0799536381473749,0,0,30880.68333333333,604,26,1,0,20,0.0,4,250.0,0,0.0,0,0.0020695364238410598
E0000020820260223235541107325525,7024440147,2026-02-23 20:55:51,0,0,0.9662842908594729,0.08768895927213693,1,1,FALSE_POSITIVE,25,62,10.0,1.0,0.2324316381434271,0.0,0,0,71493.58333333333,349,12,2,1,20,26.0,6,10.0,25,10.0,0,0.0028653295128939827
E0000020820260223235721747821525,71082863190,2026-02-23 20:57:22,0,0,0.9827851555682485,0.059519809803462054,1,1,FALSE_POSITIVE,20,4,57.61,3.8899392302498312,1.0451966460916835,0.7765043647409139,0,0,30503.58333333333,239,7,1,0,20,0.0,5,57.61,0,0.0,0,0.016275896360877954
E0000020820260224000158043394525,3667440111,2026-02-23 21:02:08,0,0,0.9530677328763864,0.10171199230687872,1,1,FALSE_POSITIVE,32,16,10.0,0.3571428571428571,0.0548557559301759,-0.0987403606743166,0,0,64962.11666666667,215,7,2,1,21,0.0,6,10.0,32,10.0,0,0.0016611295681063123
E0000020820260224000408613981542,6777719407,2026-02-23 21:04:09,0,0,0.9594459517349707,0.09513809490168657,1,1,FALSE_POSITIVE,37,35,100.0,2.0,0.1605951232081556,0.0802975616040778,0,0,77775.75,591,17,2,1,21,0.0,6,100.0,37,100.0,0,0.00338409475465313
E0000020820260224000639648470525,71932623191,2026-02-23 21:06:51,0,0,0.9943516270804575,0.006539111956528509,1,1,FALSE_POSITIVE,44,120,0.02,1.0,0.0002895882666155,0.0,0,0,17613.683333333334,848,77,3,0,21,26.0,3,0.02,0,0.0,0,0.0011792452830188679
E0000020820260224000952048385525,92689515172,2026-02-23 21:09:52,0,0,0.9826106271915211,0.05990074422988256,1,1,FALSE_POSITIVE,49,11,10.0,0.5,0.069131337291593,-0.069131337291593,0,0,75409.2,995,19,3,1,21,0.0,7,10.0,49,10.0,0,0.0005025125628140704
E0000020820260224002043703560525,21509530134,2026-02-23 21:20:44,0,0,0.9953511986926238,-0.005156946077710722,1,1,FALSE_POSITIVE,71,527,15.0,1.5,0.1510742832634444,0.0503580944211481,0,0,165.15,734,22,6,1,21,20.0,9,15.0,71,15.0,0,0.0020435967302452314
E0000020820260224002540910110525,38560888000190,2026-02-23 21:25:41,0,0,0.9947165500499786,0.003069726983117138,1,1,FALSE_POSITIVE,5,8,100.0,0.5403360890473875,0.0988111041225879,-0.0840586062770855,0,0,65218.0,433,28,4,1,21,20.0,10,100.0,5,100.0,0,0.001247889351148701
E0000020820260224002730003231542,16399707706,2026-02-23 21:27:30,0,0,0.9513065828930458,0.10333830621217288,1,1,FALSE_POSITIVE,30,56,25.0,1.25,0.1017218940949355,0.0203443788189871,0,0,32601.916666666668,411,16,5,1,21,0.0,6,25.0,30,25.0,0,0.0030413625304136255
E0000020820260224002957568492542,10466571437,2026-02-23 21:30:11,0,0,0.9565265679788028,0.09827340984292726,1,1,FALSE_POSITIVE,28,55,51.0,0.7285714285714285,0.1296705199029852,-0.0483086250618964,0,0,69404.48333333334,357,9,2,1,21,0.0,4,51.0,28,51.0,0,0.0020408163265306124
E0000020820260224003112680782525,35196190163,2026-02-23 21:31:13,0,0,0.9805797515350564,0.06459843604163273,1,1,FALSE_POSITIVE,63,420,10.0,1.0,0.0547363848404412,0.0,0,0,50561.583333333336,297,15,4,1,21,0.0,5,10.0,63,10.0,0,0.003367003367003367
E0000020820260224003756056413542,208915206,2026-02-23 21:37:57,0,0,0.974693385374522,0.07558501605229262,1,1,FALSE_POSITIVE,36,59,10.0,0.5263157894736842,0.2100472548477857,-0.1890425293630072,0,0,14231.233333333334,539,21,3,0,21,0.0,4,10.0,0,0.0,0,0.0009764671418806757
E0000020820260224004410017938542,2884210784,2026-02-23 21:44:10,0,0,0.972741840798388,0.07887237910256795,1,1,FALSE_POSITIVE,52,59,17.0,1.7,1.244286389582181,0.5123532192397215,0,0,49462.2,723,27,4,1,21,0.0,6,17.0,52,17.0,0,0.002351313969571231
E0000020820260224004910933152525,5723059157,2026-02-23 21:49:20,0,0,0.9651577895187776,0.08895454293213562,1,1,FALSE_POSITIVE,30,99,30.0,0.3333333333333333,0.056471851391559,-0.112943702783118,0,0,84132.4,212,17,2,1,21,20.0,5,30.0,30,30.0,0,0.0015723270440251573
E0000020820260224005949679191525,66958105168,2026-02-23 21:59:50,0,0,0.991479841972488,0.026805321023446016,1,1,FALSE_POSITIVE,48,150,7.0,0.4375,0.0369797612154288,-0.04754540727698,0,0,56354.53333333333,88,4,1,0,21,0.0,2,7.0,0,0.0,0,0.004971590909090909
E0000020820260224010119288745542,14680430729,2026-02-23 22:01:31,0,0,0.9843241785266632,0.054981381231814175,1,1,FALSE_POSITIVE,35,54,10.0,2.0,1.0396139550267771,0.5198069775133886,0,0,3283.133333333333,692,39,7,1,22,0.0,5,10.0,35,10.0,0,0.002890173410404624
E0000020820260224010733475420525,77070470100,2026-02-23 22:07:34,0,0,0.9740746029479429,0.07667986619307376,1,1,FALSE_POSITIVE,49,326,29.9,0.2646017699115044,0.0497258785890299,-0.138201354874528,0,0,77900.85,68,3,2,1,22,0.0,3,29.9,49,29.9,0,0.0038912024986985944
E0000020820260224010954339218525,38149400168,2026-02-23 22:09:55,0,0,0.9871166325543022,0.046810005318454084,1,1,FALSE_POSITIVE,58,276,57.99,0.723337906947736,0.0987075602918201,-0.0377536417877663,0,0,74777.96666666666,151,7,4,1,22,0.0,4,57.99,58,57.99,0,0.004790317264554544
E0000020820260224011617123671525,1696746140,2026-02-23 22:16:18,0,0,0.9719961286432799,0.08007699289812387,1,1,FALSE_POSITIVE,43,251,11.0,1.1,0.0358923377225532,0.0032629397929593,0,0,34805.583333333336,1125,37,4,1,22,0.0,4,11.0,43,11.0,0,0.0009777777777777777
E0000020820260224011728332825525,60709740182,2026-02-23 22:18:14,0,0,0.9883700636235264,0.04201036541330305,1,1,FALSE_POSITIVE,51,386,900.0,15.0,0.4481660429433542,0.4182883067471307,0,0,93308.8,141,8,2,1,22,0.0,2,900.0,51,900.0,0,0.10638297872340426
E0000020820260224012908441613525,52124686000126,2026-02-23 22:29:09,0,0,0.9634759706157678,0.09084227897652625,1,1,FALSE_POSITIVE,2,11,4488.73,14.962433333333331,3.48841509368994,3.2552701889825992,0,0,20325.366666666665,137,12,1,1,22,0.0,5,4488.73,2,4488.73,0,0.10921484184914841
E0000020820260224014809366276525,28897285368,2026-02-23 22:48:10,0,0,0.9616037571199645,0.09305856730353357,1,1,FALSE_POSITIVE,62,348,5.0,0.5,0.1160697466580311,-0.1160697466580311,0,0,36477.51666666667,710,26,2,1,22,26.0,8,5.0,62,5.0,0,0.0007042253521126761
E0000020820260224015927035296525,2406295150,2026-02-23 22:59:28,0,0,0.9618576165770225,0.09265943571817725,1,1,FALSE_POSITIVE,39,49,50.0,1.0,0.4302170209620443,0.0,0,0,22507.1,1153,28,4,1,22,26.0,9,50.0,39,50.0,0,0.0008673026886383347
E0000020820260224021312703708542,20460834746,2026-02-23 23:13:13,0,0,0.9754390975296302,0.07454287856439923,1,1,FALSE_POSITIVE,24,55,27.2,2.2704507512520866,0.5430585978930182,0.3038732301445491,0,0,22920.533333333333,396,10,1,0,23,0.0,4,27.2,0,0.0,0,0.005733461493060825
E0000020820260224022033765860542,1188092294,2026-02-23 23:21:38,0,0,0.9693782029923683,0.08382201163363728,1,1,FALSE_POSITIVE,33,22,450.0,43.90243902439025,7.573574784584744,7.401065581158091,0,0,13405.333333333334,219,11,2,1,23,0.0,5,450.0,33,450.0,0,0.20046775810223855
E0000020820260224030252639422525,58367748115,2026-02-24 00:03:06,0,0,0.9666809462611262,0.08714601778704612,1,1,FALSE_POSITIVE,54,54,20.0,1.4673514306676447,0.3108764700924772,0.099014155724454,0,0,49139.6,496,15,3,1,0,0.0,5,20.0,54,20.0,0,0.002958369819894445
E0000020820260224032133819732525,85168300120,2026-02-24 00:21:34,0,0,0.9616830882002951,0.09297974930338682,1,1,FALSE_POSITIVE,50,249,30.0,1.935483870967742,1.59578978618191,0.7712983966545898,0,0,45215.2,362,12,2,1,0,0.0,4,30.0,50,30.0,0,0.005346640527535198
E0000020820260224034008684974542,9598075788,2026-02-24 00:40:09,0,0,0.9989528297396354,-0.09737921068085476,1,1,FALSE_POSITIVE,44,25,5.0,1.0,0.7974601465546122,0.0,0,0,1228.95,1870,100,10,0,0,0.0,5,5.0,0,0.0,0,0.0005347593582887701
E0000020820260224034102869654525,5161411473,2026-02-24 00:41:14,0,0,0.9771685150808384,0.07157706619726312,1,1,FALSE_POSITIVE,29,54,35.99,3.788421052631579,0.4350992660355421,0.3202495014526677,0,0,92991.83333333331,380,30,2,1,0,0.0,6,35.99,29,35.99,0,0.009969529085872576
E0000020820260224043229256431525,92174604949,2026-02-24 01:32:30,0,0,0.9832770082662986,0.05799751813051407,1,1,FALSE_POSITIVE,53,236,38.0,0.6333333333333333,0.0808223288488763,-0.0467918745967179,0,0,1706.8333333333333,448,17,5,1,1,20.0,7,38.0,53,38.0,0,0.0014136904761904762
E0000020820260224044219345458525,1955421420,2026-02-24 01:42:19,0,0,0.9551779396131816,0.0996906131943715,1,1,FALSE_POSITIVE,54,8,20.0,0.8,0.2118094833170307,-0.0529523708292576,0,0,49167.3,240,19,2,1,1,0.0,7,20.0,54,20.0,0,0.0033333333333333335
E0000020820260224060606212955525,28315413104,2026-02-24 03:06:06,0,0,0.9983975121773209,-0.0744244922847288,1,1,FALSE_POSITIVE,63,380,10.0,0.3333333333333333,0.0655693126324425,-0.1311386252648851,0,0,1221.9166666666667,1986,50,6,0,3,0.0,3,10.0,0,0.0,0,0.00016784155756965425
E0000020820260224061345867482542,1586279700,2026-02-24 03:13:46,0,0,0.9581925206657464,0.0965505085072364,1,1,FALSE_POSITIVE,52,53,10.33,0.1721953658943157,0.0464627796214111,-0.2233631787027374,0,0,59939.85,166,10,2,1,3,0.0,6,10.33,52,10.33,0,0.0010373214812910586
E0000020820260224082433836465525,61924830191,2026-02-24 05:25:04,0,0,0.9954463959890206,-0.007139359007103163,1,1,FALSE_POSITIVE,53,218,11.6,0.58,0.1926097540164019,-0.1394760287704979,0,0,9122.65,1321,28,9,1,5,0.0,2,11.6,53,11.6,0,0.00043906131718395155
E0000020820260224085824484111542,9144187777,2026-02-24 05:58:36,0,0,0.964586605740397,0.08954396774313583,1,1,FALSE_POSITIVE,46,57,5.3,0.265,0.0187322147815416,-0.051955388167672,0,0,80404.91666666667,302,13,2,1,5,0.0,4,5.3,46,5.3,0,0.0008774834437086092
E0000020820260224090406995801542,4997323594,2026-02-24 06:04:20,0,0,0.9793104542497659,0.0672982051903252,1,1,FALSE_POSITIVE,33,67,62.0,4.081632653061225,0.3314604658178722,0.2502526516924935,0,0,56984.85,127,9,4,1,6,0.0,3,62.0,33,62.0,0,0.032138839787883657
E0000020820260224094721748746525,5789013155,2026-02-24 06:47:22,0,0,0.9852444190584987,0.052442105959878305,1,1,FALSE_POSITIVE,30,46,52.73,1.7576666666666665,0.8822545132213983,0.3803080805143634,0,0,87822.5,770,37,2,1,6,26.0,9,52.73,30,52.73,0,0.0022826839826839826
E0000020820260224100204217456525,10863177859,2026-02-24 07:02:04,0,0,0.9723451853967348,0.0793645636104181,1,1,FALSE_POSITIVE,58,120,150.0,5.660377358490566,0.9160077842490316,0.7541797423650359,0,0,84892.03333333334,139,8,2,1,7,0.0,4,150.0,58,150.0,0,0.0407221392697163
E0000020820260224100446666159542,70444113126,2026-02-24 07:05:06,0,0,0.9761372110365399,0.07356479008096312,1,1,FALSE_POSITIVE,28,25,8.0,0.4324324324324324,0.0346273927201584,-0.0454484529452079,0,0,9738.166666666666,109,7,2,0,7,0.0,3,8.0,0,0.0,0,0.003967270022315894
E0000020820260224100803872326525,37792628353,2026-02-24 07:08:18,0,0,0.9852602852745649,0.05239059446686972,1,1,FALSE_POSITIVE,58,371,5000.0,72.25433526011561,0.2722327550076281,0.2684650536783226,0,0,35498.73333333333,70,6,2,1,7,20.0,5,5000.0,58,5000.0,0,1.0322047894302229
E0000020820260224101428749336525,79398731304,2026-02-24 07:14:43,0,0,0.9745188569977946,0.07588051776077093,1,1,FALSE_POSITIVE,43,73,5.0,0.0847457627118644,0.0158627055120226,-0.1713172195298449,0,0,71420.61666666667,92,8,3,1,7,0.0,3,5.0,43,5.0,0,0.0009211495946941784
E0000020820260224103747972533542,1218467177,2026-02-24 07:37:48,0,0,0.9916543703492154,0.025885421285408272,1,1,FALSE_POSITIVE,41,61,30.0,0.7692307692307693,0.2546804852630973,-0.0764041455789292,0,0,59679.25,384,18,2,0,7,0.0,3,30.0,0,0.0,0,0.002003205128205128
E0000020820260224104439916179542,20137378742,2026-02-24 07:44:56,0,0,0.962999984133784,0.0913412095459118,1,1,FALSE_POSITIVE,22,49,20.0,0.4,0.1605172407490754,-0.2407758611236131,0,0,89895.91666666667,137,7,2,1,7,0.0,4,20.0,22,20.0,0,0.00291970802919708
E0000020820260224104549088403525,50488937353,2026-02-24 07:46:05,0,0,0.9729481016072477,0.07850396731791548,1,1,FALSE_POSITIVE,52,39,16.0,0.4444444444444444,0.1257184043457505,-0.1571480054321882,0,0,77725.71666666666,335,12,2,1,7,26.0,7,16.0,52,16.0,0,0.0013266998341625207
E0000020820260224105256957405542,56897170100,2026-02-24 07:52:57,0,0,0.9855617433798214,0.05157764179114832,1,1,FALSE_POSITIVE,56,72,4.0,0.8,0.1292371876197019,-0.0323092969049254,0,0,1395.7666666666669,1046,25,2,0,7,0.0,3,4.0,0,0.0,0,0.0007648183556405354
E0000020820260224110741428578525,3316416153,2026-02-24 08:08:00,0,0,0.9607152490202612,0.09397995470976017,1,1,FALSE_POSITIVE,79,456,500.0,4.704554008280015,2.208639538087608,1.739171117871706,0,0,25285.316666666666,171,9,2,1,8,0.0,7,500.0,79,500.0,0,0.02751201174432757
E0000020820260224113254604677525,82925011420,2026-02-24 08:33:30,0,0,0.9501642153362845,0.10433118112298495,1,1,FALSE_POSITIVE,51,7,33.0,0.44,0.128599555122793,-0.1636721610653729,0,0,54003.63333333333,129,9,3,1,8,0.0,5,33.0,51,33.0,0,0.0034108527131782944
E0000020820260224113716749543542,9252731636,2026-02-24 08:37:18,0,0,0.9584463801228045,0.09616943001638578,1,1,FALSE_POSITIVE,38,12,13.2,0.5273671594087095,0.1979520095878396,-0.17740699041092,0,0,91547.25,149,8,2,1,8,0.0,7,13.2,38,13.2,0,0.003539376908783285
E0000020820260224114555580430525,43062903104,2026-02-24 08:46:49,0,1,0.9929554000666381,0.017416195660729772,1,1,FALSE_POSITIVE,62,214,159.0,1.0,0.2306441332724781,0.0,0,0,20325.366666666665,1,1,1,1,8,26.0,6,159.0,62,159.0,0,1.0
E0000020820260224115022999577525,22532757,2026-02-24 08:50:53,0,0,0.9818649150364129,0.0618542956545064,1,1,FALSE_POSITIVE,57,201,750.0,10.0,0.8772600999473013,0.7895340899525711,0,0,67655.1,138,7,2,1,8,0.0,3,750.0,57,750.0,0,0.07246376811594203
E0000020820260224115103682276525,35864095168,2026-02-24 08:51:27,0,0,0.9911307852190331,0.02852528498215734,1,1,FALSE_POSITIVE,65,105,30.0,0.6,0.0657315279272675,-0.0438210186181783,0,0,23025.033333333333,790,19,3,0,8,26.0,4,30.0,0,0.0,0,0.0007594936708860759
E0000020820260224115519941442542,55223222334,2026-02-24 08:56:20,0,0,0.9930188649309026,0.01684308789290223,1,1,FALSE_POSITIVE,53,59,10.0,0.125,0.0119813995777455,-0.0838697970442189,0,0,60367.76666666667,20,2,1,0,8,0.0,2,10.0,0,0.0,0,0.00625
E0000020820260224115722031499525,38674831168,2026-02-24 08:57:37,0,0,0.9911307852190331,0.028730392618017353,1,1,FALSE_POSITIVE,57,412,20.0,0.6666666666666666,0.0531786600779895,-0.0265893300389947,0,0,16682.35,415,12,2,0,8,0.0,0,20.0,0,0.0,0,0.001606425702811245
E0000020820260224115914544335525,12408281792,2026-02-24 08:59:15,0,0,0.9565265679788028,0.09825896566292147,1,1,FALSE_POSITIVE,37,28,29.6,0.3514604606981715,0.0229900032441419,-0.0424227694998322,0,0,91688.93333333332,116,11,2,1,8,0.0,7,29.6,37,29.6,0,0.0030298315577428573
E0000020820260224115917445982525,23931914100,2026-02-24 08:59:42,0,0,0.9883859298395925,0.04185379482227053,1,1,FALSE_POSITIVE,66,523,18500.0,61.66666666666666,4.700892085418116,4.624661402951876,0,0,20325.366666666665,29,5,1,1,8,0.0,4,18500.0,66,18500.0,0,2.1264367816091956
E0000020820260224120048394952525,26412148000127,2026-02-24 09:01:18,0,0,0.9816586542275533,0.06236181764344634,1,1,FALSE_POSITIVE,36,411,2868.0,0.6867980555089921,0.241858948664268,-0.1102954389672231,0,0,5620.15,562,22,4,1,9,0.0,2,2868.0,36,2868.0,0,0.0012220605969910892
E0000020820260224121305031403525,19150675000145,2026-02-24 09:13:21,0,0,0.9831024798895711,0.058581133884113124,1,1,FALSE_POSITIVE,12,76,180.0,1.0,0.0784804504050415,0.0,0,0,88975.01666666666,177,41,2,1,9,0.0,3,180.0,12,180.0,0,0.005649717514124294
E0000020820260224121521219738525,69572542168,2026-02-24 09:15:37,0,0,0.9701715137956749,0.08279950298769229,1,1,FALSE_POSITIVE,45,301,30.0,1.1538461538461535,0.1729335073361057,0.0230578009781474,0,0,85886.65,146,6,2,1,9,0.0,2,30.0,45,30.0,0,0.007903055848261328
E0000020820260224121808828652525,25886347100,2026-02-24 09:18:09,0,0,0.99635077030479,-0.024981298310720046,1,1,FALSE_POSITIVE,63,526,20.99,0.1614615384615384,0.0111942572848821,-0.058136540572892,0,0,61828.4,260,10,1,0,9,26.0,6,20.99,0,0.0,0,0.0006210059171597633
E0000020820260224122800506621525,2188487575,2026-02-24 09:28:20,0,0,0.9526234788265346,0.10212164192046919,1,1,FALSE_POSITIVE,37,28,30.0,0.25,0.0444214925799121,-0.1332644777397365,0,0,64219.95,35,4,2,1,9,0.0,5,30.0,37,30.0,0,0.007142857142857143
E0000020820260224122925451558525,7444152411,2026-02-24 09:29:42,0,0,0.9512272518127152,0.1034007536420774,1,1,FALSE_POSITIVE,39,35,20.0,0.6666666666666666,0.3570162722604623,-0.1785081361302311,0,0,32750.55,690,34,4,1,9,26.0,7,20.0,39,20.0,0,0.000966183574879227
E0000020820260224123447481341525,11670444104,2026-02-24 09:35:04,0,0,0.9581766544496803,0.09661637542553475,1,1,FALSE_POSITIVE,72,423,12.5,0.4297009281540048,0.1277640692363039,-0.1695684726904226,0,0,38612.833333333336,290,9,3,1,9,0.0,6,12.5,72,12.5,0,0.0014817273384620856
E0000020820260224123935546777542,8473601726,2026-02-24 09:39:36,0,0,0.9570818855411173,0.09783428235607022,1,1,FALSE_POSITIVE,46,49,70.0,7.0,0.79894000126708,0.6848057153717828,0,0,88815.11666666667,192,7,2,1,9,0.0,6,70.0,46,70.0,0,0.036458333333333336
E0000020820260224124745827566525,56447485100,2026-02-24 09:47:48,0,0,0.9612864327986419,0.09348437806744686,1,1,FALSE_POSITIVE,53,391,135.82,3.108720531013962,0.8095631065151017,0.5491462892301304,0,0,59072.78333333333,107,9,2,1,9,0.0,4,135.82,53,135.82,0,0.02905346290667254
E0000020820260224124744999623525,33522162153,2026-02-24 09:48:03,0,0,0.9778824948038143,0.069872158138098,1,1,FALSE_POSITIVE,64,163,15.0,0.75,0.172262539767654,-0.057420846589218,0,0,57139.05,396,17,3,1,9,0.0,3,15.0,64,15.0,0,0.001893939393939394
E0000020820260224124808442282525,35175064000108,2026-02-24 09:48:24,0,0,0.9722817205324702,0.07950918027138587,1,1,FALSE_POSITIVE,6,42,30.0,0.1666666666666666,0.056295584049787,-0.2814779202489355,0,0,52619.21666666667,329,8,3,1,9,0.0,4,30.0,6,30.0,0,0.0005065856129685917
E0000020820260224125152944597525,52355721149,2026-02-24 09:51:53,0,0,0.9615085598235676,0.093193168222519,1,1,FALSE_POSITIVE,53,132,30.0,1.0,0.3641491643779784,0.0,0,0,71578.76666666666,156,7,2,1,9,0.0,4,30.0,53,30.0,0,0.00641025641025641
E0000020820260224125508128818525,61956635149,2026-02-24 09:55:26,0,0,0.9690608786710457,0.0842705140559083,1,1,FALSE_POSITIVE,53,290,6.0,0.2,0.0208018723465835,-0.0832074893863343,0,0,88952.2,47,3,2,1,9,26.0,6,6.0,53,6.0,0,0.00425531914893617
E0000020820260224125418216101525,22344160191,2026-02-24 09:56:34,0,0,0.9836895298840179,0.0569615250041689,1,1,FALSE_POSITIVE,66,355,450.0,3.757201302496452,0.1639406794908201,0.1203069568627856,0,0,87137.03333333334,16,6,2,1,9,0.0,4,450.0,66,450.0,0,0.23482508140602823
E0000020820260224130510255531525,42648776000162,2026-02-24 10:06:15,0,0,0.985276151490631,0.05232600197651821,1,1,FALSE_POSITIVE,4,28,80.0,0.8,0.1969056732690726,-0.0492264183172681,0,0,67800.23333333334,214,10,2,1,10,26.0,8,80.0,4,80.0,0,0.003738317757009346
E0000020820260224130654576838525,22621393187,2026-02-24 10:07:17,0,0,0.9768511907595158,0.0721194908318365,1,1,FALSE_POSITIVE,64,384,22.5,0.45,0.2384982788528621,-0.2914978963757203,0,0,84852.3,103,8,2,1,10,26.0,6,22.5,64,22.5,0,0.004368932038834952
E0000020820260224130823615101525,86301730330,2026-02-24 10:08:24,0,0,0.9819601123328098,0.061732058772094756,1,1,FALSE_POSITIVE,46,250,12.0,1.2,0.1948926833290626,0.032482113888177,0,0,68826.83333333333,983,28,3,1,10,0.0,4,12.0,46,12.0,0,0.0012207527975584944
E0000020820260224130926089866525,239682149,2026-02-24 10:16:44,0,0,0.9603661922668063,0.09434829346486567,1,1,FALSE_POSITIVE,84,496,231.09,1.0504090909090908,0.0977720922557057,0.0046920788572234,0,0,28559.983333333334,233,12,2,1,10,0.0,5,231.09,84,231.09,0,0.004508193523214982
E0000020820260224132103653139525,57368201100,2026-02-24 10:21:04,0,0,0.9633014422390405,0.09099315490689591,1,1,FALSE_POSITIVE,54,348,52.41,1.0482,0.1686098822185401,0.0077532878486296,0,0,73154.3,184,8,2,1,10,0.0,4,52.41,54,52.41,0,0.005696739130434782
E0000020820260224132737165784542,17470635769,2026-02-24 10:27:49,0,0,0.9905596014406525,0.032150608770118105,1,1,FALSE_POSITIVE,26,53,3.0,0.1602564102564102,0.0488550897592053,-0.2560006703382362,0,0,64504.1,335,15,6,1,10,0.0,4,3.0,26,3.0,0,0.00047837734404898585
E0000020820260224133203048744542,69080402672,2026-02-24 10:32:17,0,0,0.9654592476240341,0.08854413039003428,1,1,FALSE_POSITIVE,58,53,26.0,0.8666666666666667,0.1967897963538747,-0.0302753532852115,0,0,66886.41666666667,512,15,2,1,10,0.0,4,26.0,58,26.0,0,0.0016927083333333334
E0000020820260224133704972593542,1968040196,2026-02-24 10:37:19,0,0,0.9501324829041522,0.10434311300152765,1,1,FALSE_POSITIVE,38,48,30.0,1.0,0.0771805226699646,0.0,0,0,65855.1,220,11,2,1,10,0.0,4,30.0,38,30.0,0,0.004545454545454545
E0000020820260224133710845366525,76904997672,2026-02-24 10:37:34,0,0,0.9517349707268313,0.10283110174365795,1,1,FALSE_POSITIVE,55,330,110.0,2.0434701839123166,0.4458035649105487,0.2276435112820502,0,0,52363.45,274,24,2,1,10,20.0,5,110.0,55,110.0,0,0.007457920379242031
E0000020820260224133823272460525,44370059100,2026-02-24 10:38:55,0,0,0.985641074460152,0.05120047367033359,1,1,FALSE_POSITIVE,59,396,1200.0,66.70372429127293,4.067377219761895,4.006400456275631,0,0,12956.083333333334,121,6,4,1,10,0.0,2,1200.0,59,1200.0,0,0.5512704486882061
E0000020820260224162011224516525,51115917000172,2026-02-24 13:20:28,0,0,0.981388928554429,0.06288457589548013,1,1,FALSE_POSITIVE,2,31,210.0,4.2,0.5170870730347894,0.3939711032646014,0,0,29797.166666666668,551,21,5,1,13,26.0,7,210.0,2,210.0,0,0.007622504537205082
E0000020820260224163508868368525,54949998404,2026-02-24 13:35:09,0,0,0.9773430434575658,0.07113237104500336,1,1,FALSE_POSITIVE,58,35,6.0,0.6,0.1298193364577204,-0.0865462243051469,0,0,18950.783333333333,1363,32,5,1,13,26.0,9,6.0,58,6.0,0,0.00044020542920029346
E0000020820260224164121217816542,17499009718,2026-02-24 13:41:22,0,0,0.9914957081885541,0.026787793209607114,1,1,FALSE_POSITIVE,29,59,14.48,1.4365079365079363,0.3971934907944442,0.1206941546612952,0,0,12988.0,1766,85,3,0,13,0.0,4,14.48,0,0.0,0,0.0008134246526092507
E0000020820260224164446211227525,42406650197,2026-02-24 13:44:46,0,0,0.9633649071033049,0.09094741355018371,1,1,FALSE_POSITIVE,57,409,153.0,2.592780884595831,0.1149350963827396,0.0706062072484555,0,0,7444.616666666667,260,13,5,1,13,0.0,4,153.0,57,153.0,0,0.009972234171522428
E0000020820260224164650746967525,97131482315,2026-02-24 13:46:51,0,0,0.955939517984356,0.09878555010412332,1,1,FALSE_POSITIVE,41,129,10.0,0.6666666666666666,0.2456972071015226,-0.1228486035507613,0,0,30007.166666666668,790,29,5,1,13,0.0,4,10.0,41,10.0,0,0.0008438818565400844
E0000020820260224164640493334525,180832182,2026-02-24 13:47:03,0,0,0.9706157678455265,0.08210727235006698,1,1,FALSE_POSITIVE,44,233,75.0,3.571428571428572,1.197391777265524,0.8621220796311773,0,0,73545.9,187,14,2,1,13,0.0,2,75.0,44,75.0,0,0.019098548510313215
E0000020820260224165239899671525,45743037191,2026-02-24 13:52:40,0,0,0.9711869516239072,0.08134514511359081,1,1,FALSE_POSITIVE,57,381,53.28,1.5136363636363634,0.0271147505812729,0.0092011015486001,0,0,91931.48333333334,103,6,2,1,13,26.0,7,53.28,57,53.28,0,0.0146954986760812
E0000020820260224165516719667542,12562634780,2026-02-24 13:55:17,0,0,0.9710758881114443,0.08145244021154663,1,1,FALSE_POSITIVE,25,45,18.5,1.2333333333333334,0.0878370454705888,0.0166178194133546,0,0,81633.78333333334,764,25,3,1,13,0.0,6,18.5,25,18.5,0,0.0016143106457242582
E0000020820260224165913257774525,34837167187,2026-02-24 13:59:13,0,0,0.9912735811636283,0.02758717556110657,1,1,FALSE_POSITIVE,60,418,1345.1,34.37515972399693,2.3647074381119424,2.29591626864252,0,0,90984.18333333332,79,4,2,1,13,26.0,8,1345.1,60,1345.1,0,0.435128604101227
E0000020820260224170135871871542,17841943792,2026-02-24 14:01:36,0,0,0.9894489663160233,0.03760042275115616,1,1,FALSE_POSITIVE,27,16,40.0,1.7391304347826086,0.1605413365316114,0.0682300680259348,0,0,61214.71666666667,1092,58,5,1,14,0.0,7,40.0,27,40.0,0,0.0015926102882624622
E0000020820260224170648442821525,1036391108,2026-02-24 14:06:49,0,0,0.955463531502372,0.09947357748564895,1,1,FALSE_POSITIVE,40,155,110.51,2.125192307692308,0.6638826379668844,0.3514955492484156,0,0,95187.65,151,12,2,1,14,0.0,4,110.51,40,110.51,0,0.014074121242995416
E0000020820260224170732500312542,8004881998,2026-02-24 14:07:50,0,0,0.9660462976184809,0.08803345442240063,1,1,FALSE_POSITIVE,30,16,100.0,5.0,2.64341864841044,2.114734918728352,0,0,94863.6,72,5,2,1,14,0.0,5,100.0,30,100.0,0,0.06944444444444445
E0000020820260224171310186739525,76873870153,2026-02-24 14:13:29,0,0,0.9676487854411602,0.08600982762844805,1,1,FALSE_POSITIVE,50,338,36.0,0.0947368421052631,0.0021726749133758,-0.0207611158389245,0,0,40352.13333333333,291,34,4,1,14,0.0,2,36.0,50,36.0,0,0.00032555615843733043
E0000020820260224171459719422525,4046763590,2026-02-24 14:15:10,0,0,0.9534167896298412,0.10138402137347469,1,1,FALSE_POSITIVE,36,20,160.85,1.6755208333333331,0.4255560950996437,0.1715717299795579,0,0,90459.66666666669,107,6,2,1,14,0.0,7,160.85,36,160.85,0,0.01565907320872274
E0000020820260224171637027973525,48449146000145,2026-02-24 14:16:51,0,0,0.98757675282022,0.04511657863622309,1,1,FALSE_POSITIVE,3,20,415.09,3.230272373540856,0.6825851809054759,0.4712763183784247,0,0,64783.85,385,13,2,1,14,22.0,8,415.09,3,415.09,0,0.008390317853352872
E0000020820260224171959670607525,39815447149,2026-02-24 14:20:18,0,0,0.9882431338949974,0.042338952740618996,1,1,FALSE_POSITIVE,59,399,750.0,1.6666666666666667,0.3617566910341582,0.1447026764136633,0,0,79083.51666666666,12,2,2,1,14,46.0,6,750.0,59,750.0,0,0.1388888888888889
E0000020820260224173002592511525,52353907172,2026-02-24 14:30:03,0,0,0.9838799244768115,0.05639783905526713,1,1,FALSE_POSITIVE,54,287,14.8,0.9866666666666668,0.0913094202922515,-0.0012339110850304,0,0,33248.35,409,21,2,0,14,26.0,5,14.8,0,0.0,0,0.0024123879380603098
E0000020820260224173013379379542,12137558750,2026-02-24 14:30:15,0,0,0.961302299014708,0.09340143903906328,1,1,FALSE_POSITIVE,38,53,29.5,0.59,0.2528814789902677,-0.1757311972644233,0,0,53898.4,489,40,4,1,14,0.0,6,29.5,38,29.5,0,0.0012065439672801635
E0000020820260224173058592829525,63596694000191,2026-02-24 14:30:59,0,0,0.9828644866485792,0.05924033355257402,1,1,FALSE_POSITIVE,0,4,6063.99,20.88150826446281,3.205537264466346,3.0520264536633883,0,0,20325.366666666665,137,10,1,1,14,50.0,9,6063.99,0,6063.99,0,0.15241976835374316
E0000020820260224173155213934542,66493005787,2026-02-24 14:32:14,0,0,0.9705681691973281,0.08217488746410834,1,1,FALSE_POSITIVE,69,55,100.0,1.0,0.3483904480208827,0.0,0,0,87562.91666666667,59,4,2,1,14,0.0,6,100.0,69,100.0,0,0.01694915254237288
E0000020820260224173707619634525,57867291172,2026-02-24 14:37:29,0,0,0.9612547003665096,0.09352820425718006,1,1,FALSE_POSITIVE,53,392,600.0,3.0,0.2642328770725302,0.1761552513816867,0,0,31929.4,85,6,4,1,14,26.0,5,600.0,53,600.0,0,0.03529411764705882
E0000020820260224173907131638542,13239825740,2026-02-24 14:39:07,0,0,0.951814301807162,0.10278841658584237,1,1,FALSE_POSITIVE,37,53,3.78,0.432,0.1570233051631436,-0.2064565678996889,0,0,16955.8,191,8,1,0,14,0.0,4,3.78,0,0.0,0,0.0022617801047120417
E0000020820260224173722530595542,1455470279,2026-02-24 14:39:09,0,0,0.9950497405873673,-0.000545766069346254,1,1,FALSE_POSITIVE,38,54,1400.0,70.0,10.60122377615154,10.449777722206516,0,0,64331.66666666666,202,18,2,1,14,0.0,5,1400.0,38,1400.0,0,0.3465346534653465
E0000020820260224173911085163525,70446539520,2026-02-24 14:39:11,0,0,0.9603979246989386,0.09432282865905006,1,1,FALSE_POSITIVE,53,220,105.0,0.525,0.0299778501239403,-0.0271228167788031,0,0,57905.03333333333,356,16,3,1,14,0.0,4,105.0,53,105.0,0,0.0014747191011235956
E00000208202602241308SACqBNBY523,16482372000131,2026-02-24 14:48:43,0,0,0.9608897773969886,0.09385063156870233,1,1,FALSE_POSITIVE,0,95,705.94,0.7817718715393135,0.0627581468525661,-0.0175186565696329,0,0,25667.33333333333,261,14,3,1,14,0.0,2,705.94,0,705.94,0,0.0029952945269705496
E00000208202602241434PzU1SHf5523,76557867000457,2026-02-24 14:51:14,0,0,0.9998572040554048,-0.19215860562147158,1,1,FALSE_POSITIVE,12,147,700000.0,2.121212121212121,0.1997076408937858,0.1055597530438582,0,0,20325.366666666665,53,2,1,1,14,0.0,2,700000.0,12,700000.0,0,0.040022870211549454
E0000020820260224175134137263542,2169246266,2026-02-24 14:51:34,0,0,0.9518777666714265,0.10272370805643788,1,1,FALSE_POSITIVE,31,24,5.16,0.4708029197080292,0.0428047660227155,-0.0481138842890989,0,0,90573.2,204,10,2,1,14,0.0,7,5.16,31,5.16,0,0.0023078574495491626
E0000020820260224175533668589525,5270879000105,2026-02-24 14:55:58,0,0,0.9740904691640091,0.07658099487611536,1,1,FALSE_POSITIVE,23,49,1621.14,0.7504304997500324,0.915422646888829,-0.304440681152549,0,0,20062.95,749,143,2,1,14,26.0,7,1621.14,23,1621.14,0,0.0010019098795060512
E0000020820260224175544871822525,34267778191,2026-02-24 14:56:41,0,0,0.9843400447427293,0.0549418650143878,1,1,FALSE_POSITIVE,57,394,10000.0,322.5806451612903,4.1331302093279145,4.120317505678998,0,0,20325.366666666665,69,3,1,1,14,0.0,2,10000.0,57,10000.0,0,4.675081813931744
E0000020820260224175833605550542,16352991793,2026-02-24 14:58:43,0,0,0.9768194583273835,0.07219498534173985,1,1,FALSE_POSITIVE,28,31,20.0,0.6666666666666666,0.2242955346463147,-0.1121477673231573,0,0,57925.8,962,36,4,1,14,0.0,4,20.0,28,20.0,0,0.000693000693000693
E0000020820260224180530437571542,10100710760,2026-02-24 15:05:59,0,0,0.976518000222127,0.07259137578852409,1,1,FALSE_POSITIVE,42,46,7.0,0.175,0.0607596482685664,-0.2864383418375275,0,0,34758.3,255,8,2,0,15,0.0,2,7.0,0,0.0,0,0.0006862745098039216
E0000020820260224180631575990542,7755028127,2026-02-24 15:06:32,0,0,0.9695209989369635,0.08372187540611059,1,1,FALSE_POSITIVE,25,54,35.41,0.7081999999999999,0.1424566986339574,-0.0586965047463834,0,0,81918.75,474,35,3,1,15,0.0,6,35.41,25,35.41,0,0.0014940928270042193
E0000020820260224182323552665525,12424758425,2026-02-24 15:23:35,0,0,0.9535754517905025,0.10125032302303694,1,1,FALSE_POSITIVE,24,1,3700.0,1.2333333333333334,4.8144625786797,0.9108442716421054,0,0,20325.366666666665,14,3,1,1,15,50.0,10,3700.0,24,3700.0,0,0.0880952380952381
E0000020820260224183033954627542,59070730553,2026-02-24 15:30:56,0,0,0.953527853142304,0.10127972008862213,1,1,FALSE_POSITIVE,58,49,40.0,0.8,0.1601692053139985,-0.0400423013284996,0,0,70993.75,130,7,2,1,15,0.0,5,40.0,58,40.0,0,0.006153846153846154
E0000020820260224184936312691525,10231749104,2026-02-24 15:49:37,0,0,0.9855776095958875,0.05144545911919929,1,1,FALSE_POSITIVE,86,494,2306.3,38.43833333333334,0.0372234358753095,0.0362550422784146,0,0,20325.366666666665,21,6,1,1,15,26.0,10,2306.3,86,2306.3,0,1.8303968253968255
E0000020820260224190010808232525,81330057104,2026-02-24 16:00:12,0,0,0.9545591571866026,0.10042728891671554,1,1,FALSE_POSITIVE,48,188,29.99,0.5998,0.0764880490029956,-0.0510345401983975,0,0,71910.36666666667,209,9,2,1,16,0.0,4,29.99,48,29.99,0,0.0028698564593301434
E0000020820260224190527998767525,50416600182,2026-02-24 16:05:28,0,0,0.9609849746933854,0.09377687886918229,1,1,FALSE_POSITIVE,57,20,11.46,1.91,0.6715021974485573,0.3199303663236582,0,0,70271.93333333333,393,10,2,1,16,0.0,6,11.46,57,11.46,0,0.004860050890585242
E0000020820260224190842810462525,97756474104,2026-02-24 16:08:43,0,0,0.9863233217509956,0.0492341100597567,1,1,FALSE_POSITIVE,45,274,25.0,1.25,1.844079323749189,0.3688158647498378,0,0,34471.416666666664,148,7,2,0,16,0.0,2,25.0,0,0.0,0,0.008445945945945946
E0000020820260224191023931438525,10231749104,2026-02-24 16:12:21,0,0,0.9998413378393387,-0.18603044098688337,1,1,FALSE_POSITIVE,86,494,4000.0,66.66666666666667,0.0645595731263227,0.0635911795294279,1,1,22.73333333333333,21,6,2,1,16,26.0,10,8000.0,86,4000.0,2,3.1746031746031744
E0000020820260224191438459921525,46213740104,2026-02-24 16:15:08,0,0,0.9716153394576927,0.08073257236818498,1,1,FALSE_POSITIVE,57,390,50.0,0.6250781347668459,0.0544574629864691,-0.0326635862992841,0,0,69417.13333333333,64,4,2,1,16,26.0,7,50.0,57,50.0,0,0.009766845855731968
E0000020820260224191530724758525,61953407153,2026-02-24 16:15:54,0,0,0.9944150919447221,0.005902573173934056,1,1,FALSE_POSITIVE,73,360,7.0,0.1647058823529411,0.0222836838546959,-0.1130101109773868,0,0,28812.15,354,17,4,0,16,0.0,3,7.0,0,0.0,0,0.0004652708541043536
E0000020820260224191912113822542,7505346563,2026-02-24 16:19:30,0,0,0.9755660272581592,0.0744058248862336,1,1,FALSE_POSITIVE,28,57,260.0,37.142857142857146,4.133826126085178,4.022530807305961,0,0,54819.05,738,21,2,1,16,0.0,4,260.0,28,260.0,0,0.05032907471931862
E0000020820260224192315781489525,60344750159,2026-02-24 16:23:16,0,0,0.9710758881114443,0.0814646175472652,1,1,FALSE_POSITIVE,52,40,63.5,1.1545454545454543,0.1272716282604297,0.0170363596884039,0,0,79081.08333333333,350,16,2,1,16,26.0,9,63.5,52,63.5,0,0.0032987012987012987
E0000020820260224192421825918525,22207015149,2026-02-24 16:24:35,0,0,0.9817855839560823,0.06197402309429517,1,1,FALSE_POSITIVE,65,527,100.0,0.8333333333333334,0.4875865494170117,-0.0975173098834023,0,0,67419.06666666667,124,7,2,1,16,26.0,6,100.0,65,100.0,0,0.006720430107526882
E0000020820260224192932970567525,49574089000199,2026-02-24 16:29:44,0,0,0.9926856743935139,0.019406973044143128,1,1,FALSE_POSITIVE,3,37,10.0,2.0,0.017693502852088,0.008846751426044,0,0,46123.6,974,35,1,0,16,0.0,2,10.0,0,0.0,0,0.002053388090349076
E0000020820260224193029658185525,38114275120,2026-02-24 16:30:49,0,0,0.9774699731860949,0.07083795398799969,1,1,FALSE_POSITIVE,59,476,150.0,1.5,0.4560596290811128,0.1520198763603709,0,0,88048.56666666667,73,5,2,1,16,26.0,5,150.0,59,150.0,0,0.02054794520547945
E0000020820260224193455654443542,6353011725,2026-02-24 16:35:08,0,0,0.9500531518238216,0.10446120840700324,1,1,FALSE_POSITIVE,31,57,20.75,2.075,0.2952792573858439,0.1529760008143528,0,0,88801.76666666666,174,15,2,1,16,0.0,4,20.75,31,20.75,0,0.01192528735632184
E0000020820260224194024205173525,9137181149,2026-02-24 16:40:54,0,0,0.9969219540831707,-0.03684044656847407,1,1,FALSE_POSITIVE,83,558,83.88,1.0,0.1922953537576924,0.0,0,0,58966.73333333333,150,7,1,0,16,26.0,6,83.88,0,0.0,0,0.006666666666666666
E0000020820260224194545959591525,3264121409,2026-02-24 16:46:05,0,0,0.9821822393577355,0.06102307756159092,1,1,FALSE_POSITIVE,47,6,524.81,5.2989701130856215,3.053991529624702,2.477654719933517,0,0,92425.56666666668,26,3,2,1,16,20.0,8,524.81,47,524.81,0,0.20380654281098545
E0000020820260224200712762131525,57978166368,2026-02-24 17:07:13,0,0,0.9669665381503165,0.08676447439118518,1,1,FALSE_POSITIVE,52,52,14.0,1.4,0.3885177934304014,0.1110050838372575,0,0,43287.45,522,14,5,1,17,0.0,6,14.0,52,14.0,0,0.0026819923371647508
E0000020820260224200737361485525,72907061100,2026-02-24 17:07:37,0,0,0.9530677328763864,0.10170942564976237,1,1,FALSE_POSITIVE,44,224,33.2,1.106666666666667,0.0831519298905858,0.0080146438448757,0,0,75702.46666666666,124,10,2,1,17,0.0,4,33.2,44,33.2,0,0.0089247311827957
E0000020820260224200807488929525,5097591000180,2026-02-24 17:08:08,0,0,0.9608104463166579,0.09392605744516747,1,1,FALSE_POSITIVE,23,93,257.76,0.6476381909547738,0.0978848739293698,-0.0532564196145826,0,0,65168.13333333333,225,9,2,1,17,0.0,4,257.76,23,257.76,0,0.0028783919597989947
E0000020820260224200917164211542,12656464730,2026-02-24 17:09:18,0,0,0.986989702825773,0.04720836250728144,1,1,FALSE_POSITIVE,36,55,2448.01,61.20025,9.322936018018808,9.170601084452052,0,0,1482.2666666666669,122,8,3,1,17,0.0,6,2448.01,36,2448.01,0,0.501641393442623
E0000020820260224200913355253525,54883267000101,2026-02-24 17:09:26,0,0,0.9925587446649848,0.020036331770106164,1,1,FALSE_POSITIVE,1,18,686.88,1.7172,0.2956211660469414,0.1234681459869941,0,0,67777.31666666667,660,43,2,1,17,26.0,10,686.88,1,686.88,0,0.0026018181818181817
E0000020820260224201947868151525,39251594104,2026-02-24 17:19:49,0,0,0.9707744300061878,0.08190033791275653,1,1,FALSE_POSITIVE,58,433,129.9,1.6463878326996195,0.6866035304498491,0.2695672059502871,0,0,76623.46666666666,107,6,2,1,17,0.0,4,129.9,58,129.9,0,0.0153868021747628
E0000020820260224202544603394525,91917174187,2026-02-24 17:26:03,0,0,0.984054452853539,0.05602719856905519,1,1,FALSE_POSITIVE,46,187,15.0,0.4285714285714285,0.0922770637305103,-0.1230360849740137,0,0,8294.533333333333,608,19,7,1,17,20.0,5,15.0,46,15.0,0,0.0007048872180451127
E0000020820260224202544491590525,27974146168,2026-02-24 17:26:05,0,0,0.967632919225094,0.08608149721155461,1,1,FALSE_POSITIVE,61,421,200.0,1.3333333333333333,0.1315816493462396,0.0328954123365599,0,0,60840.11666666667,222,8,2,1,17,0.0,3,200.0,61,200.0,0,0.006006006006006006
E0000020820260224202632730228525,2564353673,2026-02-24 17:27:31,0,0,0.9608580449648564,0.0939013140760504,1,1,FALSE_POSITIVE,51,339,15.0,0.2994011976047904,0.0437846424243721,-0.1024560632730308,0,0,55958.88333333333,82,7,3,1,17,0.0,3,15.0,51,15.0,0,0.0036512341171315906
E0000020820260224203103253164525,40032477104,2026-02-24 17:31:03,0,0,0.9899090865819411,0.03576880203537608,1,1,FALSE_POSITIVE,57,396,13.0,0.8666666666666667,0.3063997930409458,-0.047138429698607,0,0,48749.4,302,8,1,0,17,26.0,5,13.0,0,0.0,0,0.002869757174392936
E0000020820260224203503782492542,12298219702,2026-02-24 17:35:04,0,0,0.9588906341726562,0.09579451155605034,1,1,FALSE_POSITIVE,38,55,20.0,1.0,0.7290302034256803,0.0,0,0,4091.8,112,9,1,0,17,0.0,4,20.0,0,0.0,0,0.008928571428571428
E0000020820260224204035222865525,2687741108,2026-02-24 17:40:46,0,0,0.9814682596347597,0.06279175318809854,1,1,FALSE_POSITIVE,30,77,450.0,0.9,0.0199799449931203,-0.0022199938881244,0,0,72453.75,62,4,2,1,17,50.0,7,450.0,30,450.0,0,0.014516129032258065
E0000020820260224204132864757525,91167027434,2026-02-24 17:41:59,0,0,0.9904802703603217,0.032741241905675844,1,1,FALSE_POSITIVE,51,7,100.0,2.2222222222222223,0.6292031015004305,0.3460617058252367,0,0,56117.01666666667,254,9,2,0,17,0.0,4,100.0,0,0.0,0,0.008748906386701663
E0000020820260224204525809404525,46142355149,2026-02-24 17:45:44,0,0,0.9889888460501055,0.039459181437678736,1,1,FALSE_POSITIVE,56,423,150.0,0.8333333333333334,0.3240440121370687,-0.0648088024274137,0,0,14579.983333333334,49,3,1,0,17,0.0,0,150.0,0,0.0,0,0.017006802721088437
E0000020820260224204807836684525,41795920106,2026-02-24 17:48:29,0,0,0.9585415774192013,0.09608477793613796,1,1,FALSE_POSITIVE,58,403,200.0,9.090909090909092,0.283779749083609,0.252563976684412,0,0,50918.63333333333,375,12,2,1,17,0.0,2,200.0,58,200.0,0,0.024242424242424242
E0000020820260224204922331820542,10105014613,2026-02-24 17:49:22,0,0,0.9840227204214067,0.05612858488051892,1,1,FALSE_POSITIVE,34,54,25.0,0.8333333333333334,0.5913304983275322,-0.1182660996655064,0,0,11620.25,979,19,4,0,17,0.0,4,25.0,0,0.0,0,0.0008512087163772557
E0000020820260224205653082331525,7016351181,2026-02-24 17:56:53,0,0,0.9837688609643486,0.056583324060518525,1,1,FALSE_POSITIVE,22,50,15.0,3.75,0.2169882738284932,0.159124734140895,0,0,10223.866666666669,807,136,4,1,17,26.0,9,15.0,22,15.0,0,0.004646840148698885
E0000020820260224210117354536525,62561699000116,2026-02-24 18:01:29,0,0,0.9935107176289527,0.01394439663320518,1,1,FALSE_POSITIVE,0,5,800.0,1.6,0.8440445395604637,0.3165167023351738,0,0,22981.08333333333,201,13,3,0,18,20.0,6,800.0,0,0.0,0,0.007960199004975124
E0000020820260224210609098752525,5329691117,2026-02-24 18:06:21,0,0,0.994891078426706,0.0018057232806193424,1,1,FALSE_POSITIVE,31,125,15.0,0.7159904534606205,0.3681518416764774,-0.1460335638650026,0,0,89836.86666666667,89,5,1,0,18,0.0,0,15.0,0,0.0,0,0.00804483655573731
E0000020820260224210611003418525,7512781000142,2026-02-24 18:06:34,0,0,0.9514811112697733,0.10319322659546926,1,1,FALSE_POSITIVE,10,148,914.0,0.6093333333333333,0.1109268732710472,-0.071119417655179,0,0,20325.366666666665,318,93,1,1,18,0.0,2,914.0,10,914.0,0,0.0019161425576519917
E0000020820260224210821124826542,11733755705,2026-02-24 18:08:21,0,0,0.9530677328763864,0.10170788244575812,1,1,FALSE_POSITIVE,39,53,27.0,1.35,0.2135313596324315,0.0553599821269266,0,0,11961.45,147,13,1,0,18,0.0,4,27.0,0,0.0,0,0.009183673469387756
E0000020820260224210933788873525,70642178135,2026-02-24 18:09:57,0,0,0.9612071017183113,0.09357927458286391,1,1,FALSE_POSITIVE,37,17,2000.0,10.0,0.90728247071531,0.8165542236437789,0,0,36541.833333333336,433,16,4,1,18,0.0,5,2000.0,37,2000.0,0,0.023094688221709007
E0000020820260224211135147249525,82152390130,2026-02-24 18:11:45,0,0,0.9565424341948688,0.09823254887458166,1,1,FALSE_POSITIVE,48,143,5.58,0.1094546881129854,0.0247679082632668,-0.2015166729663645,0,0,69123.45,172,7,2,1,18,0.0,4,5.58,48,5.58,0,0.0006363644657731715
E0000020820260224211917311357525,27600580187,2026-02-24 18:19:19,0,0,0.9735034191695623,0.07775251948150858,1,1,FALSE_POSITIVE,58,409,131.46,1.3146,0.8284054900554224,0.1982476549303483,0,0,57818.21666666667,359,27,2,1,18,26.0,7,131.46,58,131.46,0,0.003661838440111421
E0000020820260224212214347107525,6655771170,2026-02-24 18:22:26,0,0,0.9697272597458232,0.0834570203773955,1,1,FALSE_POSITIVE,24,111,9.0,0.225,0.0610533672869557,-0.210294931766181,0,0,73315.43333333333,296,7,2,1,18,20.0,5,9.0,24,9.0,0,0.0007601351351351352
E0000020820260224212228847943542,1242818421,2026-02-24 18:22:38,0,0,0.9533533247655767,0.10144814903630728,1,1,FALSE_POSITIVE,46,54,50.0,3.333333333333333,0.7642346322099483,0.5349642425469637,0,0,79508.33333333333,83,9,2,1,18,0.0,4,50.0,46,50.0,0,0.040160642570281124
E0000020820260224212410000616525,5270879000105,2026-02-24 18:24:23,0,0,0.9875291541720215,0.04534060350713098,1,1,FALSE_POSITIVE,23,49,940.0,0.435128779602644,0.5307976412126647,-0.6890656868287134,0,0,208.41666666666663,749,143,3,1,18,26.0,7,940.0,23,940.0,0,0.0005809463012051323
E0000020820260224212824322862525,20667736468,2026-02-24 18:28:48,0,0,0.9904485379281895,0.03296131419545295,1,1,FALSE_POSITIVE,68,35,13.0,0.4037267080745341,0.0116152709737339,-0.0171548617458224,0,0,82349.41666666667,731,19,3,1,18,26.0,9,13.0,68,13.0,0,0.0005522937182962164
E0000020820260224213354739850525,77070879172,2026-02-24 18:35:06,0,0,0.9832770082662986,0.057961849915391994,1,1,FALSE_POSITIVE,66,5,50.0,1.4285714285714286,0.7138844369204635,0.214165331076139,0,0,88241.35,80,6,2,1,18,26.0,10,50.0,66,50.0,0,0.017857142857142856
E0000020820260224215101276154525,46151648153,2026-02-24 18:51:02,0,0,0.9712028178399733,0.08130966609665102,1,1,FALSE_POSITIVE,56,40,17.34,0.867,0.2112344673759096,-0.03240390329988,0,0,84980.56666666667,99,6,2,1,18,26.0,9,17.34,56,17.34,0,0.008757575757575757
E0000020820260224215751247304525,47586150000192,2026-02-24 18:58:11,0,0,0.9688863502943184,0.08445880920361787,1,1,FALSE_POSITIVE,3,43,899.0,0.283596214511041,0.0446598944305138,-0.1128171526715204,0,0,1676.1166666666666,622,51,3,1,18,26.0,7,899.0,3,899.0,0,0.00045594246705955144
E0000020820260224220422649456525,18310222149,2026-02-24 19:04:39,0,0,0.9919240960223397,0.024172748109917097,1,1,FALSE_POSITIVE,67,526,500.0,6.666666666666667,1.0989136090857077,0.9340765677228512,0,0,75198.2,321,15,3,1,19,0.0,4,500.0,67,500.0,0,0.020768431983385256
E0000020820260224220508467199525,85935220172,2026-02-24 19:05:09,0,0,0.986973836609707,0.04729782568030577,1,1,FALSE_POSITIVE,49,298,24.0,1.2,0.3060662913725317,0.0510110485620886,0,0,21482.75,1206,63,6,1,19,0.0,4,24.0,49,24.0,0,0.0009950248756218905
E0000020820260224220557753984542,17309066723,2026-02-24 19:06:09,0,0,0.9513383153251781,0.10331556061008029,1,1,FALSE_POSITIVE,31,53,20.0,2.0,0.295609079492088,0.147804539746044,0,0,93455.18333333332,82,7,2,1,19,0.0,4,20.0,31,20.0,0,0.024390243902439025
E0000020820260224220632475435525,48579112000175,2026-02-24 19:06:33,0,0,0.9622701381947419,0.0920247785066669,1,1,FALSE_POSITIVE,3,39,44.0,0.3370614371074,0.0750838081095921,-0.1476761989500931,0,0,7689.766666666666,493,16,5,1,19,0.0,6,44.0,3,44.0,0,0.000683694598595132
E0000020820260224221431924589542,18699801742,2026-02-24 19:14:48,0,0,0.9581766544496803,0.09662061496802365,1,1,FALSE_POSITIVE,23,52,2974.0,198.26666666666668,4.712846078556849,4.6890758394249215,0,0,20325.366666666665,106,13,1,1,19,0.0,4,2974.0,23,2974.0,0,1.870440251572327
E0000020820260224221504010532525,33503863000130,2026-02-24 19:15:05,0,0,0.9904802703603217,0.03257810149565388,1,1,FALSE_POSITIVE,36,387,1617.98,1.7977555555555556,0.4907869737289057,0.2177871366752863,0,0,66278.3,247,42,2,1,19,26.0,7,1617.98,36,1617.98,0,0.007278362573099415
E0000020820260224221556135249542,12562634780,2026-02-24 19:15:56,0,0,0.9864185190473924,0.04889747855383314,1,1,FALSE_POSITIVE,25,45,80.0,5.333333333333333,0.379835872305249,0.3086166462480148,0,0,320.65,764,25,3,0,19,0.0,4,80.0,0,0.0,0,0.006980802792321117
E0000020820260224221718159379525,58518720125,2026-02-24 19:17:48,0,0,0.9674107922001682,0.0864161136026334,1,1,FALSE_POSITIVE,53,386,10.0,0.1441961067051189,0.0346301539108719,-0.2055299634610247,0,0,89932.2,182,13,2,1,19,0.0,4,10.0,53,10.0,0,0.0007922863005775767
E0000020820260224222331186653525,58037104000150,2026-02-24 19:23:44,0,0,0.9924318149364558,0.020966980547781677,1,1,FALSE_POSITIVE,1,16,270.0,1.812080536912752,0.1878524074815585,0.0841857085380317,0,0,25148.266666666663,1282,36,6,1,19,26.0,8,270.0,1,270.0,0,0.001413479357966265
E0000020820260224222708230504542,5334000747,2026-02-24 19:27:09,0,0,0.9911466514350993,0.028203675621582325,1,1,FALSE_POSITIVE,63,54,15.6,1.56,0.3040933821550648,0.1091617269274591,0,0,3486.7833333333333,784,21,5,0,19,0.0,5,15.6,0,0.0,0,0.001989795918367347
E0000020820260224222742720854542,15868151720,2026-02-24 19:27:43,0,0,0.9632062449426436,0.09110777620241373,1,1,FALSE_POSITIVE,31,53,24.44,0.4888,0.1473732341120508,-0.1541268356752872,0,0,18963.55,771,34,6,1,19,0.0,6,24.44,31,24.44,0,0.000633981841763943
E0000020820260224223539711102525,5979861181,2026-02-24 19:35:51,0,0,0.9703619083884685,0.08250019203745068,1,1,FALSE_POSITIVE,19,56,129.9,1.8557142857142856,0.257418791270087,0.1187019676449439,0,0,11752.116666666669,74,6,1,0,19,0.0,3,129.9,0,0.0,0,0.02507722007722008
E0000020820260224223915604483525,56455470125,2026-02-24 19:39:16,0,0,0.9717105367540895,0.08058850289189023,1,1,FALSE_POSITIVE,52,294,79.59,2.844531808434596,0.5589881553456256,0.3624749176704075,0,0,66410.76666666666,177,10,2,1,19,0.0,2,79.59,52,79.59,0,0.01607080117759659
E0000020820260224223917426445542,14363278730,2026-02-24 19:39:18,0,0,0.9637139638567598,0.09051790268274668,1,1,FALSE_POSITIVE,32,55,4.5,0.2045454545454545,0.037983971640788,-0.1477154452697313,0,0,84814.6,481,22,3,1,19,0.0,6,4.5,32,4.5,0,0.00042525042525042527
E0000020820260224225405516275542,8750375776,2026-02-24 19:54:06,0,0,0.95887476795659,0.09585070435768167,1,1,FALSE_POSITIVE,45,190,1.5,0.3,0.050103180621924,-0.116907421451156,0,0,69297.85,338,17,2,1,19,0.0,4,1.5,45,1.5,0,0.0008875739644970414
E0000020820260224230016272553525,90437845168,2026-02-24 20:00:19,0,0,0.9836736636679518,0.05710329723526364,1,1,FALSE_POSITIVE,45,247,4.5,0.225,0.0196811855523114,-0.0677907502357393,0,0,1481.7166666666667,122,9,1,0,20,26.0,3,4.5,0,0.0,0,0.0018442622950819673
E0000020820260224230112162626525,25356534191,2026-02-24 20:01:56,0,0,0.9523537531534104,0.10225547608642732,1,1,FALSE_POSITIVE,66,9,728.17,1.820425,1.2321727173157953,0.5553127987166795,0,0,20325.366666666665,9,2,1,1,20,26.0,12,728.17,66,728.17,0,0.20226944444444445
E0000020820260224230620178803525,8642693401,2026-02-24 20:07:03,0,0,0.9683786313802021,0.08510322929574254,1,1,FALSE_POSITIVE,35,6,1000.0,2.631578947368421,0.1710327464135693,0.1060403027764129,0,0,71182.33333333333,230,13,2,1,20,0.0,5,1000.0,35,1000.0,0,0.011441647597254004
E0000020820260224231001144678542,5947755580,2026-02-24 20:10:15,0,0,0.9670458692306472,0.08667099959153435,1,1,FALSE_POSITIVE,29,56,90.0,3.0,0.508818655136308,0.3392124367575386,0,0,20762.566666666666,222,11,1,0,20,0.0,3,90.0,0,0.0,0,0.013513513513513514
E0000020820260224231107801498542,6300110796,2026-02-24 20:11:08,0,0,0.9944150919447221,0.005950510855095459,1,1,FALSE_POSITIVE,31,56,10.0,1.0,1.0711784854992006,0.0,0,0,4849.016666666666,1720,55,10,1,20,0.0,6,10.0,31,10.0,0,0.0005813953488372093
E0000020820260224232729020871525,1504054130,2026-02-24 20:27:30,0,0,0.9752804353689688,0.07474913106867304,1,1,FALSE_POSITIVE,38,18,128.98,2.2245601931700585,0.3360657687906152,0.1849951122975165,0,0,49337.61666666667,159,15,5,1,20,0.0,7,128.98,38,128.98,0,0.013990944611132443
E0000020820260224232912780785525,5704287182,2026-02-24 20:29:13,0,0,0.955463531502372,0.09946633501399893,1,1,FALSE_POSITIVE,29,26,19.9,0.3363190806151765,0.0047326806659511,-0.0093393150629096,0,0,83513.38333333333,51,8,2,1,20,0.0,7,19.9,29,19.9,0,0.006594491776768168
E0000020820260224233533525423525,282423192,2026-02-24 20:35:35,0,0,0.9780887556126739,0.06957585704037078,1,1,FALSE_POSITIVE,47,55,18.0,0.6,0.06891819823662,-0.04594546549108,0,0,64182.73333333333,125,6,3,1,20,26.0,9,18.0,47,18.0,0,0.0048
E0000020820260224233633562277542,1653818760,2026-02-24 20:36:34,0,0,0.9537658463832961,0.10105997599074074,1,1,FALSE_POSITIVE,55,53,14.71,0.9806666666666668,0.1488721582522,-0.0029349371783234,0,0,73434.38333333333,88,10,2,1,20,0.0,6,14.71,55,14.71,0,0.011143939393939395
E0000020820260224235030686457542,21708000771,2026-02-24 20:50:45,0,0,0.9706316340615927,0.08209975193306934,1,1,FALSE_POSITIVE,25,55,7.5,0.4424778761061947,0.2699944360488093,-0.3401929894214996,0,0,69057.9,33,7,3,1,20,0.0,4,7.5,25,7.5,0,0.013408420488066505
E0000020820260224235210979528525,5046724103,2026-02-24 20:52:27,0,0,0.9535595855744363,0.10126790710618722,1,1,FALSE_POSITIVE,33,20,10.0,0.1614205004035512,0.0454264207103623,-0.2359902555903324,0,0,94997.66666666669,43,5,2,1,20,0.0,5,10.0,33,10.0,0,0.003753965125663983
E0000020820260224235434949961525,86503197187,2026-02-24 20:54:36,0,0,0.9659986989702826,0.08804439719347101,1,1,FALSE_POSITIVE,48,214,12.0,0.4,0.0635783954461567,-0.095367593169235,0,0,76514.76666666666,145,6,2,1,20,26.0,7,12.0,48,12.0,0,0.002758620689655172
E0000020820260224235532297427542,9269319709,2026-02-24 20:55:33,0,0,0.9618417503609564,0.0926701720688789,1,1,FALSE_POSITIVE,43,59,10.32,0.344,0.088290474638772,-0.1683678818692862,0,0,58036.083333333336,286,12,4,1,20,0.0,6,10.32,43,10.32,0,0.0012027972027972029
E0000020820260224235703919271525,37662516865,2026-02-24 20:57:04,0,0,0.9596680787598966,0.09496477649925505,1,1,FALSE_POSITIVE,44,50,13.0,1.3,0.4587422837000798,0.1058636039307876,0,0,70268.38333333333,400,34,2,1,20,0.0,6,13.0,44,13.0,0,0.00325
E0000020820260224235853403972525,60054530253,2026-02-24 20:58:54,0,0,0.9643644787154712,0.08994952983751203,1,1,FALSE_POSITIVE,51,34,10.0,1.0,0.0409575505821727,0.0,0,0,67555.8,436,31,2,1,20,0.0,6,10.0,51,10.0,0,0.0022935779816513763
E0000020820260225000449980349542,7453513103,2026-02-24 21:04:50,0,0,0.9774699731860949,0.07086920290364146,1,1,FALSE_POSITIVE,29,56,3.0,0.3,0.0443458105450079,-0.1034735579383518,0,0,78927.98333333334,742,62,2,1,21,0.0,4,3.0,29,3.0,0,0.00040431266846361187
E0000020820260225004238604899525,30822025191,2026-02-24 21:43:03,0,0,0.974312596188935,0.07610813170037001,1,1,FALSE_POSITIVE,62,446,13.0,0.26,0.0407496392451063,-0.1159797424668411,0,0,53327.48333333333,257,12,3,1,21,0.0,3,13.0,62,13.0,0,0.0010116731517509727
E0000020820260225005156158723525,1872224369,2026-02-24 21:51:56,0,0,0.9698541894743523,0.08326804286697448,1,1,FALSE_POSITIVE,38,5,10.0,0.6666666666666666,0.070582735526329,-0.0352913677631645,0,0,19496.1,664,40,5,1,21,20.0,10,10.0,38,10.0,0,0.001004016064257028
E0000020820260225010103752447525,46190627153,2026-02-24 22:01:04,0,0,0.986370920399194,0.04909405882343665,1,1,FALSE_POSITIVE,57,429,10.0,1.0,0.2251647903406143,0.0,0,0,11460.2,754,19,6,1,22,0.0,4,10.0,57,10.0,0,0.001326259946949602
E0000020820260225010138120336525,70582315409,2026-02-24 22:02:05,0,0,0.966776143557523,0.08701877897380617,1,1,FALSE_POSITIVE,28,57,37.0,1.2333333333333334,0.3412168294736029,0.0645545353058167,0,0,84134.73333333334,69,5,2,1,22,26.0,7,37.0,28,37.0,0,0.017874396135265702
E0000020820260225010524106427542,6300110796,2026-02-24 22:05:25,0,0,0.998175385152395,-0.06697897388399454,1,1,FALSE_POSITIVE,31,56,5.0,0.5,0.5355892427496003,-0.5355892427496003,0,0,114.28333333333332,1720,55,10,0,22,0.0,4,5.0,0,0.0,0,0.00029069767441860465
E0000020820260225014940398671525,62055330144,2026-02-24 22:49:40,0,1,0.9936535135735478,0.012794506064585598,1,1,FALSE_POSITIVE,50,310,9.1,1.0,0.2306441332724781,0.0,0,0,20325.366666666665,1,1,1,1,22,0.0,4,9.1,50,9.1,0,1.0
E0000020820260225015306211781542,70236009494,2026-02-24 22:53:06,0,0,0.9920668919669348,0.0233531407457237,1,1,FALSE_POSITIVE,26,56,10.0,1.0,0.7186458252013157,0.0,0,0,14428.2,853,48,5,0,22,0.0,4,10.0,0,0.0,0,0.0011723329425556857
E0000020820260225015740187835542,3639707702,2026-02-24 22:57:40,0,0,0.9758040204991512,0.07398334841650966,1,1,FALSE_POSITIVE,51,59,16.97,1.1343582887700534,0.1597877168180785,0.0189259464233551,0,0,1531.0166666666669,60,5,1,0,22,0.0,4,16.97,0,0.0,0,0.01890597147950089
E0000020820260225015949405800542,74122924120,2026-02-24 23:00:04,0,0,0.99220968791153,0.021986970865829458,1,1,FALSE_POSITIVE,38,56,50.0,1.0,0.1614357206001861,0.0,0,0,59306.41666666666,235,10,1,0,23,0.0,2,50.0,0,0.0,0,0.00425531914893617
E0000020820260225020733496646525,59087141866,2026-02-24 23:07:34,0,0,0.9837053961000841,0.056881784719402306,1,1,FALSE_POSITIVE,21,30,10.0,0.8169934640522876,0.1463875089852384,-0.0327908020126934,0,0,90869.0,473,14,2,1,23,20.0,10,10.0,21,10.0,0,0.0017272589092014535
E0000020820260225020724953306525,26310139134,2026-02-24 23:07:50,0,0,0.9774382407539626,0.07094770893443286,1,1,FALSE_POSITIVE,64,414,35.0,0.5833333333333334,0.263023158088276,-0.1878736843487685,0,0,59864.11666666667,55,5,2,1,23,26.0,6,35.0,64,35.0,0,0.010606060606060607
E0000020820260225021013251157525,81294034120,2026-02-24 23:10:13,0,0,0.9568756247322576,0.09798899437236264,1,1,FALSE_POSITIVE,48,260,38.0,0.9743589743589745,0.3437582592363715,-0.0090462699799045,0,0,14844.75,667,16,4,1,23,20.0,7,38.0,48,38.0,0,0.0014608080575097067
E0000020820260225021929431454525,34068163120,2026-02-24 23:19:30,0,0,0.9917654338616784,0.025026719511540285,1,1,FALSE_POSITIVE,63,460,45.0,0.9,0.6519111545136852,-0.0724345727237427,0,0,26846.0,384,13,6,1,23,0.0,3,45.0,63,45.0,0,0.00234375
E0000020820260225022120016663525,7981680808,2026-02-24 23:21:20,0,0,0.9762324083329367,0.07329652747174642,1,1,FALSE_POSITIVE,59,25,98.16,2.8045714285714283,0.4764127380086504,0.3065426704627788,0,0,73659.3,83,6,2,1,23,0.0,7,98.16,59,98.16,0,0.03379001721170396
E0000020820260225031109183199525,72226153187,2026-02-25 00:11:09,0,0,0.9957795865264093,-0.011503927140053216,1,1,FALSE_POSITIVE,51,115,20.0,1.7746228926353151,0.5512164440831965,0.2406059778423152,0,0,3721.616666666667,1351,45,9,1,0,0.0,4,20.0,51,20.0,0,0.001313562466791499
E0000020820260225031140899939542,11750182793,2026-02-25 00:12:15,0,0,0.9633966395354372,0.09092897304583492,1,1,FALSE_POSITIVE,51,54,7.0,0.35,0.1790674476596836,-0.3325538313679839,0,0,54974.68333333333,47,6,2,1,0,0.0,4,7.0,51,7.0,0,0.007446808510638298
E0000020820260225031229836569525,48311219168,2026-02-25 00:12:30,0,0,0.980786012343916,0.06422774464537695,1,1,FALSE_POSITIVE,57,185,26.35,0.7722743259085582,0.0438721912380487,-0.0129368852341418,0,0,59454.2,228,8,2,1,0,26.0,7,26.35,57,26.35,0,0.003387168096090167
E0000020820260225031736267650542,40305692852,2026-02-25 00:17:36,0,0,0.9697272597458232,0.08350696336156682,1,1,FALSE_POSITIVE,34,57,20.0,0.6896551724137931,0.1879949938353874,-0.0845977472259243,0,0,71003.23333333334,75,7,2,1,0,0.0,6,20.0,34,20.0,0,0.009195402298850575
E0000020820260225031823896319542,71000635155,2026-02-25 00:18:24,0,0,0.9792311231694353,0.06745436908869146,1,1,FALSE_POSITIVE,21,45,60.0,3.0,0.6668280335042843,0.4445520223361895,0,0,27719.5,538,40,5,1,0,0.0,6,60.0,21,60.0,0,0.0055762081784386614
E0000020820260225033539455468525,2332695176,2026-02-25 00:35:39,0,0,0.9821663731416694,0.061078538468463284,1,1,FALSE_POSITIVE,39,91,10.0,0.3333333333333333,0.2693738133569764,-0.5387476267139528,0,0,38099.65,847,21,4,1,0,26.0,7,10.0,39,10.0,0,0.0003935458480913026
E0000020820260225034022336689542,9776703763,2026-02-25 00:40:22,0,0,0.9808494772081806,0.06411023152859596,1,1,FALSE_POSITIVE,50,58,232.0,11.611611611611613,2.402082507711526,2.195213505538784,0,0,642.9166666666666,151,11,4,1,0,0.0,6,232.0,50,232.0,0,0.07689809014312325
E0000020820260225034721730249542,22183424729,2026-02-25 00:47:22,0,0,0.9589699652529868,0.09571035297639308,1,1,FALSE_POSITIVE,20,28,5.0,0.5555555555555556,0.1348448228653501,-0.1078758582922801,0,0,48107.083333333336,99,8,2,1,0,0.0,7,5.0,20,5.0,0,0.005611672278338945
E0000020820260225035204183826542,15760797751,2026-02-25 00:52:04,0,0,0.9722182556682057,0.0796467789144652,1,1,FALSE_POSITIVE,31,53,10.0,1.0,0.1233549018117745,0.0,0,0,63257.816666666666,399,23,2,1,0,0.0,6,10.0,31,10.0,0,0.002506265664160401
E0000020820260225041959623877525,32723091104,2026-02-25 01:20:00,0,0,0.9501483491202183,0.1043338971977566,1,1,FALSE_POSITIVE,61,405,10.0,1.0,0.1047529110996625,0.0,0,0,27362.3,360,18,2,1,1,26.0,8,10.0,61,10.0,0,0.002777777777777778
E0000020820260225051209937686525,72226153187,2026-02-25 02:12:10,0,0,0.9970012851635014,-0.03812314625404556,1,1,FALSE_POSITIVE,51,115,50.0,4.436557231588288,1.3780411102079912,1.0674306439671102,0,0,121.01666666666668,1351,45,10,1,2,20.0,7,50.0,51,50.0,0,0.0032839061669787473
E0000020820260225053458466600542,12214367756,2026-02-25 02:34:58,0,0,0.956685230139464,0.09808991663668598,1,1,FALSE_POSITIVE,37,58,10.0,1.0,0.9182520190929572,0.0,0,0,56174.566666666666,388,28,2,1,2,0.0,6,10.0,37,10.0,0,0.002577319587628866
E0000020820260225055320501626525,50427350115,2026-02-25 02:53:20,0,0,0.9875291541720215,0.0453493740361412,1,1,FALSE_POSITIVE,56,430,20.0,0.2,0.1481733121501581,-0.5926932486006324,0,0,42240.566666666666,840,24,4,1,2,0.0,4,20.0,56,20.0,0,0.0002380952380952381
E0000020820260225060352019159542,44900277886,2026-02-25 03:03:52,0,0,0.9728529043108509,0.0786807164013944,1,1,FALSE_POSITIVE,30,57,30.0,1.2,0.8403172029430459,0.1400528671571743,0,0,66634.41666666667,413,28,2,1,3,0.0,6,30.0,30,30.0,0,0.0029055690072639223
E0000020820260225064151610497525,9109867112,2026-02-25 03:41:52,0,0,0.968489694892665,0.08496978430594315,1,1,FALSE_POSITIVE,20,28,15.0,1.5,0.3987459134334552,0.1329153044778184,0,0,35358.76666666667,576,39,2,1,3,20.0,10,15.0,20,15.0,0,0.0026041666666666665
E0000020820260225065149802683525,41731611153,2026-02-25 03:52:05,0,0,0.950465673441541,0.10403363787709341,1,1,FALSE_POSITIVE,57,450,250.0,1.6666666666666667,0.3394984586271931,0.1357993834508772,0,0,14890.783333333333,256,9,3,1,3,0.0,3,250.0,57,250.0,0,0.006510416666666667
E0000020820260225091352025987542,70883877198,2026-02-25 06:13:52,0,0,0.9899725514462056,0.035304271170011337,1,1,FALSE_POSITIVE,25,54,4.45,0.1934782608695652,0.1355770855511935,-0.5651584128032899,0,0,13634.45,478,45,4,0,6,0.0,4,4.45,0,0.0,0,0.00040476623612879754
E0000020820260225091917646124525,71549846191,2026-02-25 06:19:36,0,0,0.9602868611864757,0.09440087823707732,1,1,FALSE_POSITIVE,42,214,3.5,0.14,0.0112006017983196,-0.0688036967611063,0,0,54386.16666666666,82,5,3,1,6,0.0,4,3.5,42,3.5,0,0.0017073170731707317
E0000020820260225091918514504525,24502979104,2026-02-25 06:19:48,0,0,0.9908610595459089,0.030314479764977642,1,1,FALSE_POSITIVE,65,526,277.18,2.7718000000000003,0.3167331131082548,0.2024632837164319,0,0,77702.88333333333,345,25,2,1,6,26.0,6,277.18,65,277.18,0,0.008034202898550724
E0000020820260225095258547591525,71124390197,2026-02-25 06:53:13,0,0,0.9749789772637124,0.07537195114108186,1,1,FALSE_POSITIVE,46,215,3.0,0.15,0.0205841895365938,-0.1166437407073649,0,0,91681.38333333332,54,4,2,1,6,26.0,7,3.0,46,3.0,0,0.002777777777777778
E0000020820260225095650229113525,70061050130,2026-02-25 06:56:51,0,0,0.9697748583940216,0.08340414197376006,1,1,FALSE_POSITIVE,47,324,6.24,0.1833676168086982,0.0111928907741361,-0.0498478260598148,0,0,55945.16666666666,667,16,2,1,6,26.0,5,6.24,47,6.24,0,0.00027491396822893285
E0000020820260225095927460993542,36272380879,2026-02-25 06:59:28,0,1,0.9868151744490457,0.04763732097562423,1,1,FALSE_POSITIVE,40,54,5.0,1.0,0.2306441332724781,0.0,0,0,20325.366666666665,1,1,1,1,6,0.0,6,5.0,40,5.0,0,1.0
E0000020820260225100210608617525,1639134123,2026-02-25 07:02:45,0,0,0.9774699731860949,0.07081842262141963,1,1,FALSE_POSITIVE,46,241,930.0,216.27906976744188,2.5026010319359835,2.491029865874344,0,0,20325.366666666665,16,2,1,1,7,0.0,2,930.0,46,930.0,0,13.517441860465118
E0000020820260225100941434295542,16350085736,2026-02-25 07:09:41,0,0,0.9706316340615927,0.08209753110972445,1,1,FALSE_POSITIVE,32,54,10.0,1.0,0.5800641013735215,0.0,0,0,25295.0,483,42,6,1,7,0.0,6,10.0,32,10.0,0,0.002070393374741201
E0000020820260225101634053263542,5227906742,2026-02-25 07:16:51,0,0,0.9890840433465022,0.03918904579898608,1,1,FALSE_POSITIVE,51,57,70.0,2.413793103448276,0.1664823487171889,0.0975110899629249,0,0,52990.88333333333,130,5,1,0,7,0.0,4,70.0,0,0.0,0,0.01856763925729443
E0000020820260225101926543457525,3078309185,2026-02-25 07:19:27,0,0,0.9601123328097482,0.09449510024760777,1,1,FALSE_POSITIVE,35,50,10.0,1.0,0.0889051700346202,0.0,0,0,54207.88333333333,737,40,3,1,7,0.0,5,10.0,35,10.0,0,0.0013568521031207597
E0000020820260225104721385184542,62679996704,2026-02-25 07:47:22,0,0,0.9557649896076285,0.09919480781783718,1,1,FALSE_POSITIVE,65,58,44.92,4.278095238095238,0.733933197548091,0.562377129554882,0,0,51798.96666666667,326,12,2,1,7,0.0,5,44.92,65,44.92,0,0.013122991527899504
E0000020820260225104853423359542,9539907705,2026-02-25 07:48:54,0,0,0.9627461246767258,0.09162129182129841,1,1,FALSE_POSITIVE,45,54,6.0,0.4,0.6746320316190122,-1.0119480474285183,0,0,62671.25,51,9,2,1,7,0.0,6,6.0,45,6.0,0,0.00784313725490196
E0000020820260225110725439159525,586476199,2026-02-25 08:07:25,0,0,0.973709679978422,0.07738593291955276,1,1,FALSE_POSITIVE,40,25,8.94,0.897590361445783,0.0869887701467421,-0.0099248932382189,0,0,31562.13333333333,59,4,1,0,8,0.0,5,8.94,0,0.0,0,0.015213395956708186
E0000020820260225110850223744525,98198882120,2026-02-25 08:08:51,0,0,0.9702825773081378,0.08269674779721536,1,1,FALSE_POSITIVE,43,217,34.18,0.6836,0.0929095878372433,-0.0430026237444467,0,0,75889.88333333333,150,9,2,1,8,0.0,2,34.18,43,34.18,0,0.004557333333333333
E0000020820260225112603033514542,3956154100,2026-02-25 08:26:05,0,0,0.9852444190584987,0.05250354557717096,1,1,FALSE_POSITIVE,35,60,10.07,0.7746153846153846,0.135892649993434,-0.0395397680715751,0,0,8758.333333333334,1326,44,3,0,8,0.0,4,10.07,0,0.0,0,0.0005841744982016475
E0000020820260225112810954347525,53078292304,2026-02-25 08:28:33,0,0,0.9666016151807956,0.08723474495157624,1,1,FALSE_POSITIVE,52,93,50.0,0.5,0.0953586510961447,-0.0953586510961447,0,0,71296.03333333334,52,8,2,1,8,20.0,5,50.0,52,50.0,0,0.009615384615384616
E0000020820260225113511629759542,13312093740,2026-02-25 08:35:34,0,0,0.9581925206657464,0.09658109247780844,1,1,FALSE_POSITIVE,25,54,10.0,0.6666666666666666,0.3456068068652557,-0.1728034034326278,0,0,95779.88333333332,115,9,2,1,8,0.0,4,10.0,25,10.0,0,0.005797101449275362
E0000020820260225114601072492525,1499121105,2026-02-25 08:46:21,0,0,0.977247846161169,0.07143255823480688,1,1,FALSE_POSITIVE,25,257,20.0,0.7407407407407407,0.0913855705275018,-0.0319849496846256,0,0,64170.65,165,10,2,1,8,0.0,2,20.0,25,20.0,0,0.004489337822671156
E0000020820260225114757795718525,9500624000142,2026-02-25 08:48:50,0,0,0.9775017056182271,0.07066037578569351,1,1,FALSE_POSITIVE,17,32,500.0,5.882352941176471,0.4624585154874154,0.3838405678545548,0,0,94724.66666666669,357,16,2,1,8,0.0,4,500.0,17,500.0,0,0.01647717910693689
E0000020820260225114922805970525,30571272827,2026-02-25 08:49:23,0,0,0.9793104542497659,0.06735462684798582,1,1,FALSE_POSITIVE,41,145,24.0,1.0,0.0796188008237318,0.0,0,0,34583.916666666664,57,5,1,0,8,0.0,2,24.0,0,0.0,0,0.017543859649122806
E0000020820260225115647335143525,40890287449,2026-02-25 08:57:07,0,0,0.967632919225094,0.08609297283999506,1,1,FALSE_POSITIVE,60,35,2000.0,111.11111111111111,8.390752633751392,8.315235860047629,0,0,20325.366666666665,243,11,1,1,8,0.0,5,2000.0,60,2000.0,0,0.45724737082761774
E0000020820260225120029099189542,17631117764,2026-02-25 09:01:13,0,0,0.9930188649309026,0.016695714584620158,1,1,FALSE_POSITIVE,30,14,4.5,1.125,0.2522655140991071,0.0280295015665674,0,0,3346.3166666666666,2058,194,5,1,9,0.0,5,4.5,30,4.5,0,0.0005466472303206997
E0000020820260225120045526259525,1061902102,2026-02-25 09:01:20,0,0,0.9951766703158964,-0.002075355524839839,1,1,FALSE_POSITIVE,42,78,3602.0,126.60808435852373,8.04815757340008,7.984590087846712,0,0,54033.816666666666,103,10,2,1,9,0.0,3,3602.0,42,3602.0,0,1.229204702509939
E0000020820260225120135385249525,69619778120,2026-02-25 09:02:12,0,0,0.9929871324987704,0.01699704535772084,1,1,FALSE_POSITIVE,48,217,3300.0,330.0,7.919521976002056,7.8955234245596255,0,0,29900.916666666668,186,8,2,1,9,0.0,2,3300.0,48,3300.0,0,1.7741935483870968
E0000020820260225120648087255525,782032443,2026-02-25 09:07:06,0,0,0.9882272676789312,0.042458682652007695,1,1,FALSE_POSITIVE,50,7,20.0,2.2222222222222223,0.4232545821555892,0.232790020185574,0,0,36601.333333333336,312,25,3,0,9,0.0,3,20.0,0,0.0,0,0.007122507122507123
E0000020820260225121932545223525,53889274153,2026-02-25 09:19:57,0,0,0.977374775889698,0.07106653606811725,1,1,FALSE_POSITIVE,54,403,20.0,0.6060606060606061,0.0195856488549809,-0.0127306717557375,0,0,81950.46666666666,348,12,2,1,9,0.0,2,20.0,54,20.0,0,0.0017415534656913968
E0000020820260225122904444310525,83042822168,2026-02-25 09:29:04,0,0,0.9712980151363702,0.08116573817071038,1,1,FALSE_POSITIVE,53,141,10.0,0.4,0.0250545598156198,-0.0375818397234297,0,0,89785.95,296,15,2,1,9,26.0,7,10.0,53,10.0,0,0.0013513513513513514
E0000020820260225123153684131525,40212112000120,2026-02-25 09:32:17,0,0,0.9591762260618465,0.09547883018567782,1,1,FALSE_POSITIVE,0,3,58.85,0.1177,0.0218299402952976,-0.1636410902509864,0,0,12865.033333333333,442,19,4,1,9,0.0,5,58.85,0,58.85,0,0.000266289592760181
E0000020820260225124351147887542,6751830734,2026-02-25 09:43:51,0,0,0.9786758056071208,0.06844083728377826,1,1,FALSE_POSITIVE,79,59,30.0,3.0,0.520028587012944,0.3466857246752959,0,0,51502.46666666667,111,5,2,1,9,0.0,9,30.0,79,30.0,0,0.02702702702702703
E0000020820260225124535695483525,346370108,2026-02-25 09:46:04,0,0,0.9899408190140734,0.035608485101298215,1,1,FALSE_POSITIVE,41,115,10.0,0.2222222222222222,0.0108428194270023,-0.0379498679945082,0,0,49759.05,295,10,2,0,9,20.0,3,10.0,0,0.0,0,0.0007532956685499058
E0000020820260225125337096433525,10553136992,2026-02-25 09:53:38,0,0,0.9642692814190744,0.09004599868201929,1,1,FALSE_POSITIVE,30,32,32.99,1.0996666666666668,0.3286331753422863,0.0297851832153209,0,0,53214.95,715,38,2,1,9,26.0,9,32.99,30,32.99,0,0.001537995337995338
E0000020820260225125739679348525,70093431449,2026-02-25 09:59:47,0,0,0.9533057261173783,0.10148477015038193,1,1,FALSE_POSITIVE,63,4,850.0,5.5628272251308895,2.772595226045917,2.2741804607049567,0,0,15852.766666666666,40,6,3,1,9,26.0,9,850.0,63,850.0,0,0.13907068062827224
E0000020820260225130116501632525,78033446153,2026-02-25 10:01:22,0,0,0.9936059149253494,0.013043159277874528,1,1,FALSE_POSITIVE,50,136,26.78,1.03,0.2954058882270455,0.0086040549969042,0,0,67514.48333333334,32,3,1,0,10,0.0,2,26.78,0,0.0,0,0.0321875
E0000020820260225133115665800525,71213007100,2026-02-25 10:31:29,0,0,0.9537182477350976,0.1010931959235451,1,1,FALSE_POSITIVE,47,9,25.0,0.5,0.1808912379580322,-0.1808912379580322,0,0,92090.21666666666,141,17,2,1,10,0.0,5,25.0,47,25.0,0,0.0035460992907801418
E0000020820260225133941573272525,97410950668,2026-02-25 10:40:07,0,0,0.9629365192695194,0.0914050211197831,1,1,FALSE_POSITIVE,47,139,29.65,0.593,0.0701513013490772,-0.048147689121542,0,0,87276.0,46,4,2,1,10,26.0,5,29.65,47,29.65,0,0.012891304347826087
E0000020820260225134443872162525,98127144487,2026-02-25 10:45:07,0,0,0.9723610516128008,0.0793389862679344,1,1,FALSE_POSITIVE,52,12,10.0,0.2,0.0774507432660039,-0.3098029730640156,0,0,88973.28333333334,34,3,2,1,10,26.0,8,10.0,52,10.0,0,0.0058823529411764705
E0000020820260225134505805301525,34265848168,2026-02-25 10:45:32,0,0,0.9734082218731654,0.0779456041125301,1,1,FALSE_POSITIVE,83,13,25.46,0.2410984848484848,0.0473369600239425,-0.1490017272709645,0,0,20325.366666666665,45,7,1,1,10,26.0,13,25.46,83,25.46,0,0.005357744107744108
E0000020820260225135034152655542,14163448705,2026-02-25 10:50:34,0,0,0.9614926936075016,0.09319559803393296,1,1,FALSE_POSITIVE,38,62,10.0,1.0,0.7415517690045267,0.0,0,0,17287.733333333334,350,20,1,0,10,0.0,3,10.0,0,0.0,0,0.002857142857142857
E0000020820260225135156059114525,3577136219,2026-02-25 10:51:56,0,0,0.95838291525854,0.0962671260618792,1,1,FALSE_POSITIVE,25,13,109.94,1.0994,0.1678113415716019,0.0151723188577562,0,0,70187.33333333333,184,10,2,1,10,0.0,7,109.94,25,109.94,0,0.005975
E0000020820260225140244939246542,8799906783,2026-02-25 11:03:04,0,0,0.9620480111698161,0.09234185166336811,1,1,FALSE_POSITIVE,44,59,40.0,0.9832841691248771,0.1568790659635291,-0.0026669441213799,0,0,64577.75,267,10,3,1,11,0.0,4,40.0,44,40.0,0,0.0036827122439133976
E0000020820260225140537944637525,58692735000103,2026-02-25 11:05:48,0,0,0.9971440811080965,-0.04052293843482213,1,1,FALSE_POSITIVE,1,13,316.0,0.6624737945492662,0.0622895616869739,-0.031736137441781,0,0,5843.633333333333,2827,90,11,1,11,0.0,6,316.0,1,316.0,0,0.00023433809499443447
E0000020820260225140803059217525,28992946104,2026-02-25 11:08:04,0,0,0.9994605486537516,-0.126323946599723,1,1,FALSE_POSITIVE,63,326,28.18,1.0082289803220037,0.1218883170826434,0.0009948301252309,1,1,11.7,270,9,4,1,11,26.0,10,56.36,63,28.18,4,0.0037341814086000132
E0000020820260225140917465646525,5070594338,2026-02-25 11:09:18,0,0,0.9684579624605328,0.08500825486197411,1,1,FALSE_POSITIVE,44,61,6.0,0.6,0.0552371288626936,-0.0368247525751291,0,0,68603.61666666667,347,26,2,1,11,26.0,8,6.0,44,6.0,0,0.001729106628242075
E0000020820260225141437489217525,36676489104,2026-02-25 11:14:38,0,0,0.9882114014628651,0.04254024852848659,1,1,FALSE_POSITIVE,60,456,200.0,2.0,1.16259970147427,0.581299850737135,0,0,8116.05,221,12,1,0,11,26.0,6,200.0,0,0.0,0,0.00904977375565611
E0000020820260225141742156994525,22667369149,2026-02-25 11:17:58,0,0,0.9538769098957589,0.10093086519438893,1,1,FALSE_POSITIVE,65,533,225.0,2.9220779220779223,0.2795815901740005,0.1839025570922314,0,0,47030.316666666666,90,5,2,1,11,26.0,6,225.0,65,225.0,0,0.032467532467532464
E0000020820260225142543336971542,10011017740,2026-02-25 11:25:44,0,0,0.9882431338949974,0.042308327858012085,1,1,FALSE_POSITIVE,47,58,10.25,0.7321428571428571,0.1644173979929931,-0.0601527065828023,0,0,54679.3,1530,45,5,1,11,0.0,6,10.25,47,10.25,0,0.00047852474323062556
E0000020820260225143024000927525,34723846468,2026-02-25 11:30:55,0,0,0.9758198867152172,0.07397618715413506,1,1,FALSE_POSITIVE,66,4,53.57,0.5357,0.2297024887474171,-0.1990869246321182,0,0,96309.06666666668,82,9,2,1,11,0.0,7,53.57,66,53.57,0,0.006532926829268293
E0000020820260225144333773563525,2880415187,2026-02-25 11:43:35,0,0,0.9758833515794818,0.07384696259774703,1,1,FALSE_POSITIVE,89,716,13.0,0.1083333333333333,0.0045668453828598,-0.0375886504589233,0,0,20325.366666666665,128,10,1,1,11,0.0,7,13.0,89,13.0,0,0.0008463541666666667
E0000020820260225144339071889525,11731641000132,2026-02-25 11:43:51,0,0,0.978818601551716,0.06811445775580455,1,1,FALSE_POSITIVE,15,114,100.0,0.1666666666666666,0.0157453112300943,-0.0787265561504717,0,0,96282.6,268,14,2,1,11,0.0,2,100.0,15,100.0,0,0.0006218905472636816
E0000020820260225144449063772525,71678572110,2026-02-25 11:45:06,0,0,0.9772954448093674,0.07127111213149512,1,1,FALSE_POSITIVE,41,6,168.0,1.8666666666666667,0.4948374807834179,0.2297459732208726,0,0,3169.9333333333334,92,6,2,0,11,0.0,3,168.0,0,0.0,0,0.020289855072463767
E0000020820260225144540549538525,1790497124,2026-02-25 11:45:58,0,0,0.9682199692195408,0.08530206025154013,1,1,FALSE_POSITIVE,40,104,190.0,9.5,2.207400025116573,1.975042127735881,0,0,95250.23333333334,204,15,2,1,11,0.0,4,190.0,40,190.0,0,0.04656862745098039
E0000020820260225144743113743525,884337499,2026-02-25 11:48:45,0,0,0.9539086423278912,0.10090269906829463,1,1,FALSE_POSITIVE,29,35,70.0,1.1666666666666667,0.061508352786925,0.0087869075409892,0,0,80252.8,309,15,2,1,11,0.0,4,70.0,29,70.0,0,0.0037756202804746495
E0000020820260225145042899901525,50390650000169,2026-02-25 11:50:59,0,0,0.9608421787487902,0.0939017100766325,1,1,FALSE_POSITIVE,2,32,80.0,0.2105263157894736,0.0209499897584013,-0.078562461594005,0,0,5799.566666666667,486,20,4,1,11,26.0,7,80.0,2,80.0,0,0.00043318171973142733
E0000020820260225150143168616525,57639644000141,2026-02-25 12:01:52,0,0,0.986973836609707,0.04729418969365562,1,1,FALSE_POSITIVE,1,16,450.0,0.45,0.0613779800440114,-0.0750175311649029,0,0,82141.81666666667,119,6,2,1,12,20.0,8,450.0,1,450.0,0,0.003781512605042017
E0000020820260225150649638637542,3584132223,2026-02-25 12:07:01,0,0,0.9581925206657464,0.09656777018418633,1,1,FALSE_POSITIVE,26,65,10.0,0.8333333333333334,0.1491246354339327,-0.0298249270867865,0,0,86598.6,195,8,2,1,12,0.0,3,10.0,26,10.0,0,0.004273504273504274
E0000020820260225150907033975525,54695252104,2026-02-25 12:09:40,0,0,0.9582401193139448,0.09645161301154243,1,1,FALSE_POSITIVE,56,5,20.0,0.5,0.1450769924550057,-0.1450769924550057,0,0,80573.1,256,7,2,1,12,0.0,6,20.0,56,20.0,0,0.001953125
E0000020820260225151251938783525,15076482191,2026-02-25 12:13:04,0,0,0.9825312961111904,0.06021437727312429,1,1,FALSE_POSITIVE,68,425,210.0,5.25,0.407966575579424,0.3302586564214385,0,0,70527.6,62,8,2,1,12,26.0,7,210.0,68,210.0,0,0.0846774193548387
E0000020820260225151717942248542,9043307378,2026-02-25 12:17:39,0,0,0.9842924460945309,0.05515927446534302,1,1,FALSE_POSITIVE,19,15,115.0,3.70967741935484,0.534135655524551,0.3901512614266285,0,0,34757.21666666667,137,12,2,0,12,0.0,5,115.0,0,0.0,0,0.027077937367553567
E0000020820260225151752181484525,11647310172,2026-02-25 12:18:59,0,0,0.9914481095403557,0.026882497028662522,1,1,FALSE_POSITIVE,75,604,25.0,0.4166666666666667,0.048927893417663,-0.0684990507847282,0,0,18268.233333333334,107,6,1,0,12,26.0,5,25.0,0,0.0,0,0.003894080996884735
E0000020820260225151941723404525,1573677116,2026-02-25 12:20:07,0,0,0.9614926936075016,0.09321321075765765,1,1,FALSE_POSITIVE,32,37,301.0,1.0,0.3028312839341743,0.0,0,0,73170.21666666666,9,3,2,1,12,0.0,4,301.0,32,301.0,0,0.1111111111111111
E0000020820260225152042263231525,1179773144,2026-02-25 12:20:59,0,0,0.95838291525854,0.09628538055654295,1,1,FALSE_POSITIVE,40,10,10.0,0.2631578947368421,0.1108999554893125,-0.3105198753700749,0,0,23271.016666666663,125,9,4,1,12,50.0,9,10.0,40,10.0,0,0.002105263157894737
E0000020820260225152053195211525,63567296191,2026-02-25 12:21:15,0,0,0.9943674932965237,0.006484972481939966,1,1,FALSE_POSITIVE,52,381,12.0,0.24,0.0649660612389635,-0.2057258605900511,0,0,53326.01666666667,79,7,1,0,12,0.0,0,12.0,0,0.0,0,0.0030379746835443038
E0000020820260225153137153600525,53843126100,2026-02-25 12:31:37,0,0,0.9512907166769797,0.10335594235139467,1,1,FALSE_POSITIVE,66,212,7.6,0.38,0.1042185354839866,-0.1700407684212414,0,0,50128.03333333333,160,9,2,1,12,26.0,9,7.6,66,7.6,0,0.002375
E0000020820260225153640970726525,38642743115,2026-02-25 12:37:02,0,0,0.9706475002776588,0.08205103858157736,1,1,FALSE_POSITIVE,56,463,3500.0,58.18786367414796,7.839040720367711,7.704321206273391,0,0,20325.366666666665,69,4,1,1,12,26.0,5,3500.0,56,3500.0,0,0.8433023720891011
E0000020820260225154003140309525,2361156180,2026-02-25 12:40:04,0,0,0.9545432909705365,0.10045429883624224,1,1,FALSE_POSITIVE,32,9,90.88,0.6886413578843676,0.081045495318973,-0.0366434793426122,0,0,68536.05,235,9,2,1,12,0.0,7,90.88,32,90.88,0,0.0029303887569547557
E0000020820260225154644712617525,37194410168,2026-02-25 12:46:45,0,0,0.9613181652307741,0.09338111797401316,1,1,FALSE_POSITIVE,56,337,41.27,0.962004662004662,0.0104872687307339,-0.0004142051861181,0,0,90761.63333333332,128,7,2,1,12,0.0,4,41.27,56,41.27,0,0.007515661421911422
E0000020820260225154832627813525,69233861104,2026-02-25 12:48:33,0,0,0.9558443206879591,0.09905690053084021,1,1,FALSE_POSITIVE,45,203,50.0,1.0,0.7198715339833197,0.0,0,0,86365.5,170,6,2,1,12,0.0,4,50.0,45,50.0,0,0.0058823529411764705
E0000020820260225154943004522525,17612234000192,2026-02-25 12:49:55,0,0,0.9940501689752012,0.009554444957729558,1,1,FALSE_POSITIVE,13,155,1600.0,16.0,4.1097169330253545,3.85285962471127,0,0,66311.11666666667,274,11,3,1,12,0.0,2,1600.0,13,1600.0,0,0.058394160583941604
E0000020820260225154943459455525,40069168172,2026-02-25 12:50:07,0,0,0.9633331746711726,0.09098442948390473,1,1,FALSE_POSITIVE,59,466,2400.0,40.0,4.91957937613636,4.796589891732951,0,0,22829.266666666663,79,4,2,1,12,26.0,5,2400.0,59,2400.0,0,0.5063291139240507
E0000020820260225155024022261525,27095460191,2026-02-25 12:50:39,0,0,0.983197677185968,0.0583455138338157,1,1,FALSE_POSITIVE,58,404,24000.0,80.97165991902834,3.192687748409398,3.153258054716541,0,0,20325.366666666665,63,5,1,1,12,26.0,5,24000.0,58,24000.0,0,1.2852644431591802
E0000020820260225155901764426525,35795468134,2026-02-25 12:59:03,0,0,0.9786440731749885,0.06844809125868262,1,1,FALSE_POSITIVE,60,358,50.0,0.8333333333333334,0.1337964965148811,-0.0267592993029762,0,0,17105.916666666668,49,4,1,0,12,26.0,6,50.0,0,0.0,0,0.017006802721088437
E0000020820260225160017542541525,24939373000190,2026-02-25 13:00:33,0,0,0.965554444920431,0.08848113675272296,1,1,FALSE_POSITIVE,37,71,36565.0,9.353217286761229,2.613903741009276,2.334438006292618,0,0,20325.366666666665,120,7,1,1,13,0.0,3,36565.0,37,36565.0,0,0.07794347738967689
E0000020820260225160248005979525,55791866000150,2026-02-25 13:03:01,0,0,0.9989686959557015,-0.09845009324929799,1,1,FALSE_POSITIVE,1,20,6250.0,1.5920849179885217,0.3144521798889831,0.1169425016450176,0,0,40163.083333333336,2231,344,6,1,13,0.0,5,6250.0,1,6250.0,0,0.0007136194164000546
E0000020820260225160636706444525,61750042134,2026-02-25 13:06:37,0,0,0.9677439827375569,0.0859113379595618,1,1,FALSE_POSITIVE,63,138,50.0,1.0,0.1548558824957832,0.0,0,0,51792.45,554,17,3,1,13,26.0,6,50.0,63,50.0,0,0.0018050541516245488
E0000020820260225160850679640525,72150416115,2026-02-25 13:09:09,0,0,0.9763276056293334,0.07313331312442678,1,1,FALSE_POSITIVE,94,683,58.0,0.0464,0.0017309936475656,-0.0355749039292804,0,0,20325.366666666665,24,2,1,1,13,0.0,5,58.0,94,58.0,0,0.0019333333333333333
E0000020820260225162441429617525,38755068120,2026-02-25 13:24:42,0,0,0.9830231488092405,0.058676660345053366,1,1,FALSE_POSITIVE,54,323,6.5,0.3611111111111111,0.0066873012893628,-0.0118313792042573,0,0,40514.25,108,4,1,0,13,0.0,2,6.5,0,0.0,0,0.0033436213991769547
E0000020820260225163702766846542,9301136597,2026-02-25 13:37:15,0,0,0.9705681691973281,0.08217958572785145,1,1,FALSE_POSITIVE,21,41,50.0,2.5,0.4080309453509546,0.2448185672105727,0,0,78042.23333333334,149,8,3,1,13,0.0,4,50.0,21,50.0,0,0.016778523489932886
E0000020820260225163717081608525,8743925197,2026-02-25 13:37:17,0,0,0.959350754438574,0.09527491023384926,1,1,FALSE_POSITIVE,21,59,15.0,1.5,0.5752210357950605,0.1917403452650201,0,0,86312.08333333333,363,18,2,1,13,0.0,6,15.0,21,15.0,0,0.004132231404958678
E0000020820260225164135300410525,23916940163,2026-02-25 13:41:49,0,0,0.9713456137845685,0.08111082706352035,1,1,FALSE_POSITIVE,32,330,50.0,1.0,0.3326027568446695,0.0,0,0,61776.85,72,4,2,1,13,0.0,2,50.0,32,50.0,0,0.013888888888888888
E0000020820260225164422413957542,6982392619,2026-02-25 13:44:23,0,0,0.9875450203880877,0.04522968796976612,1,1,FALSE_POSITIVE,41,58,10.0,1.0,0.2237466537153435,0.0,0,0,26770.3,2106,62,6,1,13,0.0,6,10.0,41,10.0,0,0.0004748338081671415
E0000020820260225164630911722525,25836382115,2026-02-25 13:46:52,0,0,0.9946689514017802,0.003383070511001507,1,1,FALSE_POSITIVE,63,414,180.0,1.0,0.0100716756028547,0.0,0,0,56152.6,23,4,1,0,13,0.0,3,180.0,0,0.0,0,0.043478260869565216
E0000020820260225164750309347525,18612168821,2026-02-25 13:48:03,0,0,0.9820870420613388,0.0614391230580324,1,1,FALSE_POSITIVE,59,56,15.0,0.4285714285714285,0.1231541292559879,-0.1642055056746505,0,0,49327.28333333333,1087,25,4,1,13,20.0,7,15.0,59,15.0,0,0.00039426994348797475
E0000020820260225165421146477525,28967941153,2026-02-25 13:55:07,0,1,0.9960651784155997,-0.01829460711595232,1,1,FALSE_POSITIVE,66,14,40.81,1.0,0.2306441332724781,0.0,0,0,20325.366666666665,1,1,1,1,13,26.0,12,40.81,66,40.81,0,1.0
E0000020820260225165522214928525,72226153187,2026-02-25 13:55:22,0,0,0.9975090040776176,-0.050372232667590944,1,1,FALSE_POSITIVE,51,115,20.0,1.7746228926353151,0.5512164440831965,0.2406059778423152,0,0,703.2,1351,45,10,0,13,0.0,2,20.0,0,0.0,0,0.001313562466791499
E0000020820260225165508057199525,50564218120,2026-02-25 13:55:29,0,0,0.9829120852967775,0.059012209667909654,1,1,FALSE_POSITIVE,53,376,220.0,4.4,0.6470851214361667,0.5000203211097652,0,0,93312.48333333334,180,10,2,1,13,46.0,6,220.0,53,220.0,0,0.024444444444444446
E0000020820260225165802581793542,75348861472,2026-02-25 13:58:27,0,0,0.9679661097624828,0.08562330393467282,1,1,FALSE_POSITIVE,56,36,700.0,2.0588235294117645,0.9911362378719416,0.5097272080484271,0,0,66233.78333333334,113,8,2,1,13,0.0,4,700.0,56,700.0,0,0.018219677251431546
E0000020820260225165842026292525,45808876000105,2026-02-25 13:58:51,0,0,0.9775175718342932,0.070632648987978,1,1,FALSE_POSITIVE,3,39,5445.99,59.85919982413717,7.619998489459921,7.492699786639854,0,0,20325.366666666665,67,6,1,1,13,0.0,6,5445.99,3,5445.99,0,0.8934208928975698
E0000020820260225165905055675525,80019803168,2026-02-25 13:59:32,0,0,0.9975090040776176,-0.05030689902540253,1,1,FALSE_POSITIVE,49,262,12400.0,248.496993987976,6.856154756731931,6.828564262993147,0,0,61580.21666666667,60,9,2,1,13,0.0,2,12400.0,49,12400.0,0,4.141616566466266
E0000020820260225170630540572542,94850380204,2026-02-25 14:06:48,0,0,0.9509892585717232,0.10359231675917419,1,1,FALSE_POSITIVE,41,58,20.0,4.0,0.4246215956461815,0.3184661967346361,0,0,89611.21666666666,260,12,2,1,14,0.0,4,20.0,41,20.0,0,0.015384615384615385
E0000020820260225171034717781525,6045373103,2026-02-25 14:12:06,0,0,0.9507512653307313,0.10377713143834205,1,1,FALSE_POSITIVE,27,10,25.0,0.7534659433393611,0.1038241503328028,-0.033971261988893,0,0,76499.21666666666,144,7,2,1,14,0.0,5,25.0,27,25.0,0,0.005232402384301118
E0000020820260225171950846272525,42909343000113,2026-02-25 14:20:08,0,0,0.95424183286528,0.10073035732614843,1,1,FALSE_POSITIVE,4,55,957.1,1.259342105263158,0.7215874565640514,0.1485998199652853,0,0,42106.3,129,5,2,1,14,26.0,7,957.1,4,957.1,0,0.00976234190126479
E0000020820260225172105661152525,8261166473,2026-02-25 14:21:17,0,0,0.95108445586812,0.1034973887433745,1,1,FALSE_POSITIVE,29,7,10.0,0.3333333333333333,0.0481206533782612,-0.0962413067565225,0,0,90990.63333333332,138,9,2,1,14,0.0,5,10.0,29,10.0,0,0.0024154589371980675
E0000020820260225172238810813525,7861578100,2026-02-25 14:22:57,0,0,0.9714090786488331,0.08097660422613989,1,1,FALSE_POSITIVE,23,16,375.0,7.5,0.8596559062277597,0.745035118730725,0,0,61911.41666666666,478,36,2,1,14,0.0,5,375.0,23,375.0,0,0.015690376569037656
E0000020820260225172319968555542,16039256788,2026-02-25 14:23:20,0,0,0.9518777666714265,0.10272805094157822,1,1,FALSE_POSITIVE,33,50,10.0,1.0,0.1165658462456983,0.0,0,0,74669.61666666667,286,31,2,1,14,0.0,6,10.0,33,10.0,0,0.0034965034965034965
E0000020820260225172248680184525,20830895000107,2026-02-25 14:23:33,0,0,0.9918288987259428,0.02477592427314601,1,1,FALSE_POSITIVE,11,119,280.0,0.2418003765177291,0.0063961715410704,-0.020056109605818,0,0,10062.8,886,85,5,1,14,50.0,6,280.0,11,280.0,0,0.0002729123888461954
E0000020820260225172833103102542,62579144340,2026-02-25 14:28:43,0,0,0.9957161216621448,-0.010295677631044442,1,1,FALSE_POSITIVE,27,52,3000.0,30.0,10.693921127552493,10.33745708996741,0,0,8596.333333333334,1155,55,4,1,14,0.0,4,3000.0,27,3000.0,0,0.025974025974025976
E0000020820260225173221367225525,65774167100,2026-02-25 14:32:22,0,0,0.9703460421724023,0.0825617339285088,1,1,FALSE_POSITIVE,51,370,28.0,0.1906058543226684,0.0075785516871934,-0.0321817784145465,0,0,68119.03333333334,82,5,2,1,14,20.0,7,28.0,51,28.0,0,0.002324461638081323
E0000020820260225173845154414525,39652527000136,2026-02-25 14:38:58,0,0,0.9880051406540055,0.043474851451840546,1,1,FALSE_POSITIVE,5,60,2000.0,14.735135931628973,0.3721814288193736,0.3469233361525468,0,0,67827.33333333333,541,27,2,1,14,0.0,4,2000.0,5,2000.0,0,0.027236850150885342
E0000020820260225174046265443525,57303118187,2026-02-25 14:40:47,0,0,0.958017992289019,0.09686294197522977,1,1,FALSE_POSITIVE,54,354,32.06,0.5343333333333333,0.103207263968265,-0.0899441969829483,0,0,57410.93333333333,312,17,2,1,14,0.0,2,32.06,54,32.06,0,0.0017126068376068378
E0000020820260225174241595987525,2516512155,2026-02-25 14:42:59,0,0,0.9755818934742253,0.07438237608794829,1,1,FALSE_POSITIVE,44,230,13.0,1.181818181818182,0.2461081896217664,0.0378627984033486,0,0,11399.616666666669,276,15,1,0,14,26.0,3,13.0,0,0.0,0,0.004281949934123847
E0000020820260225174427840385525,3066803198,2026-02-25 14:44:53,0,0,0.9614926936075016,0.09319817996238566,1,1,FALSE_POSITIVE,45,150,140.0,1.1666666666666667,0.1596000634487477,0.0228000090641068,0,0,91884.21666666666,85,5,2,1,14,26.0,5,140.0,45,140.0,0,0.013725490196078431
E0000020820260225174612313762525,41075692172,2026-02-25 14:46:48,0,0,0.9698541894743523,0.08326010740060164,1,1,FALSE_POSITIVE,55,354,200.0,2.857142857142857,0.2710394720592817,0.1761756568385331,0,0,93324.75,82,5,2,1,14,26.0,5,200.0,55,200.0,0,0.03484320557491289
E0000020820260225174724767670542,5142240103,2026-02-25 14:47:26,0,0,0.9546702206990655,0.10034187906549591,1,1,FALSE_POSITIVE,30,133,57.98,0.9351612903225806,0.0357460238651925,-0.002478423869232,0,0,63207.61666666667,206,12,2,1,14,0.0,4,57.98,30,57.98,0,0.004539617914187284
E0000020820260225174806188658525,71396586172,2026-02-25 14:48:18,0,0,0.9812619988259,0.06318225600978855,1,1,FALSE_POSITIVE,46,240,50.0,0.5,0.0265519253353425,-0.0265519253353425,0,0,3992.35,153,7,2,0,14,26.0,3,50.0,0,0.0,0,0.0032679738562091504
E0000020820260225174857114600525,63581434172,2026-02-25 14:48:58,0,0,0.9674425246323004,0.08638870946071964,1,1,FALSE_POSITIVE,51,385,2000.0,6.666666666666667,2.0160335326833727,1.7136285027808669,0,0,31283.7,585,19,3,1,14,26.0,7,2000.0,51,2000.0,0,0.011396011396011397
E0000020820260225180805222376525,92073190804,2026-02-25 15:08:05,0,0,0.992098624399067,0.023316600062938786,1,1,FALSE_POSITIVE,67,12,5.0,0.5,0.0526242491199433,-0.0526242491199433,0,0,77387.66666666667,132,16,3,1,15,20.0,12,5.0,67,5.0,0,0.003787878787878788
E0000020820260225181514795760525,55791866000150,2026-02-25 15:15:34,0,0,0.9997302743268758,-0.15484296052222213,1,1,FALSE_POSITIVE,1,20,38613.57,9.836173188271047,1.9427394015673345,1.7452297233233691,0,0,132.55,2231,344,7,1,15,0.0,5,38613.57,1,38613.57,0,0.004408862926163625
E0000020820260225181649428433525,22408380197,2026-02-25 15:16:50,0,0,0.9722975867485364,0.0794497322811979,1,1,FALSE_POSITIVE,64,402,4.99,0.2495,0.010628565929989,-0.0319708967152576,0,0,84320.06666666667,153,9,2,1,15,0.0,4,4.99,64,4.99,0,0.001630718954248366
E0000020820260225181912155764525,57949107120,2026-02-25 15:19:12,0,0,0.9639202246656196,0.09033414847709731,1,1,FALSE_POSITIVE,55,314,190.0,1.3581129378127232,0.0921972325154173,0.024310954468539,0,0,91882.68333333332,118,5,2,1,15,0.0,4,190.0,55,190.0,0,0.01150943167637901
E0000020820260225182713577402525,37309404149,2026-02-25 15:27:14,0,0,0.9653005854633728,0.08885022487346417,1,1,FALSE_POSITIVE,60,308,7.95,0.5209698558322412,0.1794724471517143,-0.1650243507772366,0,0,67677.41666666667,73,4,2,1,15,0.0,5,7.95,60,7.95,0,0.0071365733675649475
E0000020820260225182913767562542,10088257517,2026-02-25 15:29:14,0,0,0.9619845463055516,0.092466522684239,1,1,FALSE_POSITIVE,24,12,32.0,1.6,0.1467880059202366,0.0550455022200887,0,0,77367.93333333333,235,27,2,1,15,0.0,7,32.0,24,32.0,0,0.006808510638297872
E0000020820260225184108744238525,81311478191,2026-02-25 15:41:09,0,0,0.9650467260063148,0.08915107185007187,1,1,FALSE_POSITIVE,48,9,102.3,4.064362336114422,1.68047794181347,1.2670113748980736,0,0,77542.85,143,10,2,1,15,0.0,7,102.3,48,102.3,0,0.028422114238562387
E0000020820260225184135516658525,71775340163,2026-02-25 15:41:51,0,0,0.9539086423278912,0.10088803959377379,1,1,FALSE_POSITIVE,44,307,10.0,0.1,0.013188818468288,-0.1186993662145923,0,0,58102.9,339,12,2,1,15,0.0,2,10.0,44,10.0,0,0.0002949852507374631
E0000020820260225184418536866525,8610987493,2026-02-25 15:44:39,0,0,0.9782791502054675,0.06928042346734536,1,1,FALSE_POSITIVE,31,48,43000.0,33.93870512000884,3.922526552683462,3.806949763916384,0,0,20325.366666666665,278,14,1,1,15,0.0,4,43000.0,31,43000.0,0,0.12208167309355697
E0000020820260225184518182673525,43376509115,2026-02-25 15:45:31,0,0,0.9650467260063148,0.08914412860524112,1,1,FALSE_POSITIVE,55,209,200.0,1.0,0.0795987581797277,0.0,0,0,73543.85,105,6,2,1,15,0.0,3,200.0,55,200.0,0,0.009523809523809525
E0000020820260225185318012268525,88406520515,2026-02-25 15:53:35,0,0,0.9826582258397195,0.05972521442480433,1,1,FALSE_POSITIVE,52,37,1000.0,12.34567901234568,4.385679548180489,4.03043950477787,0,0,72032.18333333333,58,3,2,1,15,0.0,4,1000.0,52,1000.0,0,0.21285653469561516
E0000020820260225185358644823525,64583953100,2026-02-25 15:54:21,0,0,0.9961762419280625,-0.02218735352931045,1,1,FALSE_POSITIVE,49,337,130.0,4.333333333333333,0.0697875497983715,0.0536827306141319,0,0,65840.1,61,3,1,0,15,0.0,1,130.0,0,0.0,0,0.07103825136612021
E0000020820260225185950383733525,3527184473,2026-02-25 15:59:51,0,0,0.9960334459834674,-0.017692991774216682,1,1,FALSE_POSITIVE,46,7,99.99,4.545,1.295160941272462,1.0101970378021734,0,0,58708.71666666667,719,20,2,0,15,26.0,8,99.99,0,0.0,0,0.006321279554937413
E0000020820260225190114073556525,824669126,2026-02-25 16:01:15,0,0,0.9872276960667651,0.046305187298786354,1,1,FALSE_POSITIVE,40,178,7.75,0.5348516218081435,0.02734215472,-0.0237788545564903,0,0,5669.666666666667,789,23,8,1,16,0.0,4,7.75,40,7.75,0,0.0006778854522283187
E0000020820260225190344852500525,38651050178,2026-02-25 16:03:45,0,0,0.9888460501055103,0.03985412731137228,1,1,FALSE_POSITIVE,57,208,10.0,1.0,0.1451314052485505,0.0,0,0,63627.03333333333,1293,50,3,1,16,0.0,4,10.0,57,10.0,0,0.0007733952049497294
E0000020820260225190532622511525,50429620187,2026-02-25 16:05:46,0,0,0.9581925206657464,0.09653347281076924,1,1,FALSE_POSITIVE,56,442,22.0,0.3488740881699968,0.0154788521289622,-0.0288891667461449,0,0,44281.78333333333,99,6,2,1,16,50.0,6,22.0,56,22.0,0,0.0035239806885858263
E0000020820260225191029670367525,70985740159,2026-02-25 16:10:30,0,0,0.9591286274136481,0.09549814070541002,1,1,FALSE_POSITIVE,45,322,277.15,9.238333333333332,2.206153888229156,1.9673495705424344,0,0,14447.45,754,26,4,1,16,0.0,4,277.15,45,277.15,0,0.012252431476569407
E0000020820260225191148113913542,71052882480,2026-02-25 16:11:49,0,0,0.9503228774969458,0.10420231021535953,1,1,FALSE_POSITIVE,29,54,9.99,0.8409090909090908,0.0797541203657042,-0.0150886173664845,0,0,94942.36666666668,419,14,2,1,16,0.0,6,9.99,29,9.99,0,0.002006942937730527
E0000020820260225191358037623525,11923960490,2026-02-25 16:14:13,0,0,0.966411220588002,0.08752779798706317,1,1,FALSE_POSITIVE,29,8,20.0,1.0,0.3157063039369933,0.0,0,0,83200.18333333333,273,20,3,1,16,0.0,5,20.0,29,20.0,0,0.003663003663003663
E0000020820260225191520203186542,21481044893,2026-02-25 16:15:35,0,0,0.9517984355910959,0.10280690854056701,1,1,FALSE_POSITIVE,47,35,50.0,0.2564102564102564,0.0946763883363464,-0.2745615261754046,0,0,67882.3,196,12,2,1,16,0.0,4,50.0,47,50.0,0,0.0013082155939298796
E0000020820260225192339364670525,41091868115,2026-02-25 16:24:13,0,0,0.9775017056182271,0.07070282768348513,1,1,FALSE_POSITIVE,58,456,100.0,2.0,0.3742570704604718,0.1871285352302359,0,0,95224.61666666668,56,3,2,1,16,0.0,2,100.0,58,100.0,0,0.03571428571428571
E0000020820260225192513301597525,57708423000188,2026-02-25 16:25:24,0,0,0.9867834420169134,0.04793274055877761,1,1,FALSE_POSITIVE,1,15,300.0,0.8571428571428571,0.006089175757704,-0.001014862626284,0,0,3297.483333333333,455,13,7,1,16,0.0,6,300.0,1,300.0,0,0.0018838304552590266
E0000020820260225193159646493525,4572854190,2026-02-25 16:32:01,0,0,0.9547654179954622,0.10024398320437589,1,1,FALSE_POSITIVE,32,9,50.0,0.3707273670942388,0.1052139961763091,-0.178590237109667,0,0,81738.01666666666,130,14,2,1,16,0.0,7,50.0,32,50.0,0,0.002851748977647991
E0000020820260225193521978779525,55791866000150,2026-02-25 16:35:38,0,0,0.9992225554127596,-0.11985751158527969,1,1,FALSE_POSITIVE,1,20,13118.45,3.341709822781844,0.6600200318823409,0.4625103536383754,0,0,80.06666666666666,2231,344,8,1,16,0.0,5,13118.45,1,13118.45,0,0.0014978529012917275
E0000020820260225193526862375525,21981922334,2026-02-25 16:35:38,0,0,0.9823409015183969,0.060624733743265546,1,1,FALSE_POSITIVE,65,469,18.0,0.1633838613052555,0.048844172040226,-0.2501092964970907,0,0,69600.71666666666,124,11,2,1,16,26.0,8,18.0,65,18.0,0,0.0013176117847198026
E0000020820260225193910198368525,60370942000193,2026-02-25 16:39:31,0,0,0.9889412474019071,0.039678522255918,1,1,FALSE_POSITIVE,0,8,304.0,4.342857142857143,1.1999513035956098,0.9236467271097786,0,0,87956.46666666666,147,6,2,1,16,26.0,8,304.0,0,304.0,0,0.029543245869776483
E0000020820260225195520073301542,9193336560,2026-02-25 16:55:36,0,0,0.9527345423389976,0.10200303118734955,1,1,FALSE_POSITIVE,36,54,12.0,0.8,0.2777480469434918,-0.0694370117358729,0,0,96386.41666666669,453,22,2,1,16,0.0,4,12.0,36,12.0,0,0.0017660044150110375
E0000020820260225195632850823525,20980922100,2026-02-25 16:56:59,0,0,0.9820553096292065,0.061506678640788515,1,1,FALSE_POSITIVE,65,330,13.0,0.0950848449385605,0.0148914088349729,-0.1417203923894503,0,0,61856.566666666666,49,9,3,1,16,26.0,8,13.0,65,13.0,0,0.0019405070395624605
E0000020820260225195709223642542,10626532469,2026-02-25 16:57:10,0,0,0.9965728973297159,-0.03046004229473187,1,1,FALSE_POSITIVE,33,55,8.0,0.4,0.1378950387674812,-0.2068425581512218,1,1,26.216666666666665,284,10,2,1,16,0.0,8,16.0,33,8.0,2,0.0014084507042253522
E0000020820260225195731664150525,56320671149,2026-02-25 16:57:32,0,0,0.9616830882002951,0.092991165679295,1,1,FALSE_POSITIVE,55,323,61.88,0.884,0.5778550986746233,-0.0758271396450862,0,0,63378.26666666667,128,8,2,1,16,0.0,4,61.88,55,61.88,0,0.00690625
E0000020820260225195856358563525,48478105115,2026-02-25 16:58:57,0,0,0.9705681691973281,0.08221817527047443,1,1,FALSE_POSITIVE,56,395,45.3,0.4529999999999999,0.0455912930552701,-0.0550517379718163,0,0,79499.15,258,7,2,1,16,20.0,5,45.3,56,45.3,0,0.001755813953488372
E0000020820260225200151885205525,48653667172,2026-02-25 17:02:34,0,0,0.9594142193028384,0.09520522654225033,1,1,FALSE_POSITIVE,74,9,45.0,0.9,0.3273259528740179,-0.0363695503193353,0,0,20325.366666666665,6,2,1,1,17,50.0,12,45.0,74,45.0,0,0.15
E0000020820260225200303530211525,40212112000120,2026-02-25 17:03:14,0,0,0.9973027432687578,-0.04350745839400583,1,1,FALSE_POSITIVE,0,3,18000.0,36.0,6.676957099666229,6.4914860691199445,0,0,450.95,442,19,5,1,17,0.0,5,18000.0,0,18000.0,0,0.08144796380090498
E0000020820260225200619381330525,73042480178,2026-02-25 17:06:35,0,0,0.953511986926238,0.10129621520666365,1,1,FALSE_POSITIVE,40,291,3.0,0.088235294117647,0.0207662339651184,-0.2145844176395571,0,0,53292.03333333333,337,15,3,1,17,0.0,3,3.0,40,3.0,0,0.00026182579856868566
E0000020820260225201153395359525,37087087000196,2026-02-25 17:12:17,0,0,0.9908451933298428,0.030632200552001887,1,1,FALSE_POSITIVE,33,320,5260.0,2.922222222222222,2.1717541478562725,1.4285683177913882,0,0,69480.56666666667,247,14,2,1,17,0.0,2,5260.0,33,5260.0,0,0.011830859199280251
E0000020820260225201526791952525,53956133153,2026-02-25 17:15:30,0,0,0.9662208259952084,0.08779099396290713,1,1,FALSE_POSITIVE,55,347,88.97,1.2713632466418976,0.0281210856953333,0.0060022413999593,0,0,62142.333333333336,214,7,2,1,17,0.0,2,88.97,55,88.97,0,0.0059409497506630726
E0000020820260225201608713722525,98591924134,2026-02-25 17:16:46,0,0,0.962286004410808,0.09199649864776016,1,1,FALSE_POSITIVE,42,38,230.0,2.931430028039766,0.4571970069376118,0.3012331931796769,0,0,73654.06666666667,47,6,2,1,17,21.0,7,230.0,42,230.0,0,0.06237085166042054
E0000020820260225203857105385525,64744574149,2026-02-25 17:39:29,0,0,0.9913211798118267,0.027414299336355252,1,1,FALSE_POSITIVE,80,116,616.66,24.6664,1.73066662813667,1.6605037090184902,0,0,87847.66666666667,220,9,2,1,17,0.0,5,616.66,80,616.66,0,0.11212
E0000020820260225204013751179525,22144617104,2026-02-25 17:40:35,0,0,0.9740904691640091,0.07664028921762145,1,1,FALSE_POSITIVE,64,453,6.0,0.1578947368421052,0.0042644053637647,-0.0227434952734119,0,0,64903.5,186,8,2,1,17,0.0,5,6.0,64,6.0,0,0.0008488964346349745
E0000020820260225204340674289525,91922216100,2026-02-25 17:43:41,0,0,0.9602868611864757,0.09440377896077695,1,1,FALSE_POSITIVE,43,94,26.5,0.6731013462026925,0.2857874954032784,-0.138795662861894,0,0,76198.63333333333,229,9,2,1,17,0.0,2,26.5,43,26.5,0,0.0029393071886580457
E0000020820260225205432808169525,71456490125,2026-02-25 17:54:33,0,0,0.9621114760340806,0.09223200773706525,1,1,FALSE_POSITIVE,44,288,20.43,0.4086,0.0103335391928586,-0.0149565714112985,0,0,71750.41666666667,78,7,2,1,17,26.0,7,20.43,44,20.43,0,0.005238461538461538
E0000020820260225205412441870525,63470756104,2026-02-25 17:54:39,0,1,0.9934313865486221,0.014610193098229585,1,1,FALSE_POSITIVE,42,200,1000.0,1.0,0.2306441332724781,0.0,0,0,20325.366666666665,1,1,1,1,17,0.0,2,1000.0,42,1000.0,0,1.0
E0000020820260225205946616606525,5231756474,2026-02-25 18:00:03,0,0,0.9586050422834658,0.096042194477164,1,1,FALSE_POSITIVE,40,7,200.0,4.0,1.6264324012436338,1.2198243009327254,0,0,84921.26666666666,173,13,2,1,18,0.0,6,200.0,40,200.0,0,0.023121387283236993
E0000020820260225210731877883542,22683407750,2026-02-25 18:07:32,0,0,0.9547178193472639,0.10030790947319307,1,1,FALSE_POSITIVE,23,52,5.0,0.5,0.2093614513470921,-0.2093614513470921,0,0,89483.95,48,7,2,1,18,0.0,6,5.0,23,5.0,0,0.010416666666666666
E0000020820260225211545159458542,16237642706,2026-02-25 18:15:46,0,0,0.9627937233249242,0.09154131427316531,1,1,FALSE_POSITIVE,28,51,2.0,0.2,0.10979581307066,-0.43918325228264,0,0,71122.81666666667,571,30,2,1,18,0.0,6,2.0,28,2.0,0,0.0003502626970227671
E0000020820260225211819086110525,70785791191,2026-02-25 18:18:19,0,0,0.9668078759896552,0.0869166396011154,1,1,FALSE_POSITIVE,46,317,45.0,0.6,0.2411268154971581,-0.1607512103314388,0,0,73232.98333333334,88,5,2,1,18,26.0,7,45.0,46,45.0,0,0.006818181818181818
E0000020820260225212555447418525,37354450472,2026-02-25 18:25:56,0,0,0.9829914163771082,0.05882632422722306,1,1,FALSE_POSITIVE,62,4,50.0,1.0,0.2282678971820578,0.0,0,0,38927.6,460,12,1,0,18,0.0,6,50.0,0,0.0,0,0.002173913043478261
E0000020820260225214703426560542,5194819927,2026-02-25 18:47:04,0,0,0.9954622622050867,-0.007497890779483485,1,1,FALSE_POSITIVE,38,43,53.86,2.642787046123651,2.8634783684015126,1.7799713288912486,0,0,60496.8,39,4,1,0,18,0.0,2,53.86,0,0.0,0,0.06776377041342695
E0000020820260225215225282924525,49116444000186,2026-02-25 18:52:58,0,0,0.959112761197582,0.09551364698804193,1,1,FALSE_POSITIVE,3,31,85.0,1.2142857142857142,0.2101729951118732,0.0370893520785658,0,0,45786.816666666666,269,14,2,1,18,26.0,8,85.0,3,85.0,0,0.004514073287307488
E0000020820260225215622274873542,11093766778,2026-02-25 18:56:23,0,0,0.9637139638567598,0.09050913638322478,1,1,FALSE_POSITIVE,42,52,12.0,1.411764705882353,0.7254191812019507,0.2115805945172356,0,0,7796.783333333334,691,22,6,1,18,0.0,6,12.0,42,12.0,0,0.0020430748276155613
E0000020820260225215704218543525,81853530182,2026-02-25 18:57:24,0,0,0.9620480111698161,0.09236310559128935,1,1,FALSE_POSITIVE,46,39,210.0,1.833100558659218,0.2241575709042395,0.1018742788909553,0,0,63260.68333333333,59,9,2,1,18,26.0,7,210.0,46,210.0,0,0.031069500994224033
E0000020820260225220049294947525,9541203450,2026-02-25 19:00:51,0,0,0.9760578799562093,0.0736398850197198,1,1,FALSE_POSITIVE,32,6,14.65,0.36625,0.2793688876874745,-0.4834130582168928,0,0,95270.41666666669,57,4,2,1,19,20.0,10,14.65,32,14.65,0,0.006425438596491228
E0000020820260225220058993586525,6685571179,2026-02-25 19:00:59,0,0,0.9810874704491725,0.063618007912712,1,1,FALSE_POSITIVE,24,9,30.0,0.3,0.1991925916531156,-0.4647827138572697,0,0,68053.1,193,28,2,1,19,26.0,10,30.0,24,30.0,0,0.0015544041450777201
E0000020820260225220310624659525,72305193149,2026-02-25 19:03:22,0,0,0.9657131070810923,0.08835897647632002,1,1,FALSE_POSITIVE,43,163,60.0,1.2,0.0876091964603903,0.0146015327433983,0,0,87924.93333333333,67,4,2,1,19,0.0,2,60.0,43,60.0,0,0.01791044776119403
E0000020820260225220255453165525,71733965149,2026-02-25 19:03:25,0,0,0.9663636219398036,0.08761796462648747,1,1,FALSE_POSITIVE,43,228,22.0,1.5725518227305215,0.3809050663394344,0.1386840718808577,0,0,66959.68333333333,255,7,2,1,19,0.0,2,22.0,43,22.0,0,0.006166869893060869
E0000020820260225220355323198542,16636381795,2026-02-25 19:04:24,0,0,0.959604613895632,0.09500950550700238,1,1,FALSE_POSITIVE,32,44,58.47,2.386530612244898,0.4628229743020684,0.2688916784169876,0,0,70443.4,683,22,2,1,19,0.0,6,58.47,32,58.47,0,0.0034941883048973613
E0000020820260225220743316905525,5395034528,2026-02-25 19:07:44,0,0,0.9518301680232282,0.10277055835982896,1,1,FALSE_POSITIVE,37,27,200.0,4.0,1.6946310852935598,1.2709733139701698,0,0,39054.5,998,27,3,1,19,0.0,7,200.0,37,200.0,0,0.004008016032064128
E0000020820260225221148747780525,39787496888,2026-02-25 19:12:09,0,0,0.9611436368540467,0.09364346018442532,1,1,FALSE_POSITIVE,36,56,400.0,3.809523809523809,1.2304255111688682,0.9074388144870404,0,0,67800.91666666667,35,3,2,1,19,0.0,6,400.0,36,400.0,0,0.10884353741496598
E0000020820260225221209617575525,25950754115,2026-02-25 19:12:25,0,0,0.9774382407539626,0.07094195165647288,1,1,FALSE_POSITIVE,60,454,10.0,0.1428571428571428,0.0020354037494373,-0.0122124224966241,0,0,59465.91666666666,145,9,3,1,19,0.0,3,10.0,60,10.0,0,0.0009852216748768472
E0000020820260225221530539254525,35402728000124,2026-02-25 19:15:43,0,0,0.9779935583162771,0.06968644112662897,1,1,FALSE_POSITIVE,6,68,50.0,0.8333333333333334,0.0753826166766705,-0.015076523335334,0,0,65231.95,428,15,2,1,19,0.0,5,50.0,6,50.0,0,0.0019470404984423676
E0000020820260225221914228972525,74560816115,2026-02-25 19:19:23,0,0,0.9859425325654084,0.050275217210963286,1,1,FALSE_POSITIVE,49,98,8800.0,4.4,1.94303393599895,1.501435314181007,0,0,52418.63333333333,129,9,2,1,19,0.0,3,8800.0,49,8800.0,0,0.034108527131782945
E0000020820260225222806984228525,66961580149,2026-02-25 19:28:07,0,0,0.9848636298729117,0.05359591812961689,1,1,FALSE_POSITIVE,47,317,12.95,0.3104771038120354,0.023933861143945,-0.0531535016602207,0,0,40568.96666666667,266,10,1,0,19,26.0,5,12.95,0,0.0,0,0.0011672071571881032
E0000020820260225223525241870542,21850936811,2026-02-25 19:35:26,0,0,0.9612864327986419,0.09348852763442717,1,1,FALSE_POSITIVE,46,54,10.0,0.4,0.1287351002250656,-0.1931026503375985,0,0,77766.13333333333,714,24,2,1,19,0.0,6,10.0,46,10.0,0,0.0005602240896358543
E0000020820260225223542041319525,66489148404,2026-02-25 19:35:58,0,0,0.9516080409983023,0.10299982775893562,1,1,FALSE_POSITIVE,54,6,65.0,1.805555555555556,0.1062455791570447,0.0474018737777584,0,0,20325.366666666665,31,4,1,1,19,74.0,10,65.0,54,65.0,0,0.05824372759856631
E0000020820260225223950044463525,5185081538,2026-02-25 19:40:06,0,0,0.992939533850572,0.017637919950152403,1,1,FALSE_POSITIVE,33,36,40.0,0.4,0.0657083413997593,-0.0985625120996389,0,0,73336.13333333333,184,17,1,0,19,26.0,6,40.0,0,0.0,0,0.002173913043478261
E0000020820260225224029742588525,75520354120,2026-02-25 19:40:41,0,0,0.9580973233693496,0.09675341487552847,1,1,FALSE_POSITIVE,33,61,6.0,0.12,0.0010873730024086,-0.0079740686843304,0,0,82541.83333333333,79,6,2,1,19,26.0,6,6.0,33,6.0,0,0.0015189873417721519
E0000020820260225224201369609542,15061925726,2026-02-25 19:42:14,0,0,0.960572453075666,0.09414850248368833,1,1,FALSE_POSITIVE,33,54,6.0,0.6,0.2649024928338411,-0.1766016618892274,0,0,55861.11666666667,697,47,3,1,19,0.0,4,6.0,33,6.0,0,0.000860832137733142
E0000020820260225224232736719525,1933480122,2026-02-25 19:42:33,0,0,0.9851968204103003,0.05295343389009238,1,1,FALSE_POSITIVE,31,185,147.0,1.2782608695652171,0.9124745173098026,0.198633908530025,0,0,91036.23333333334,392,47,3,1,19,20.0,7,147.0,31,147.0,0,0.003260869565217391
E0000020820260225230446180399525,428878105,2026-02-25 20:04:55,0,0,0.9537023815190315,0.10112857811177445,1,1,FALSE_POSITIVE,41,286,10.0,0.351000351000351,0.0584583910970013,-0.1080895651383554,0,0,56343.066666666666,353,16,2,1,20,0.0,2,10.0,41,10.0,0,0.0009943352719556685
E0000020820260225230535483395525,5283991105,2026-02-25 20:05:42,0,0,0.9613816300950386,0.09331614574343328,1,1,FALSE_POSITIVE,28,69,20.0,1.0,0.3022990389003503,0.0,0,0,38734.03333333333,550,18,5,1,20,0.0,4,20.0,28,20.0,0,0.0018181818181818182
E0000020820260225230557445847542,6301233735,2026-02-25 20:06:10,0,0,0.9865295825598553,0.04861118807385889,1,1,FALSE_POSITIVE,28,55,157.0,7.85,3.476910491926078,3.033991957922756,0,0,74022.51666666666,630,54,2,1,20,0.0,4,157.0,28,157.0,0,0.01246031746031746
E0000020820260225230754966734525,11297533000101,2026-02-25 20:08:17,0,0,0.9823250353023307,0.06063871164900608,1,1,FALSE_POSITIVE,16,4,130.0,0.1656050955414012,0.0113351400375415,-0.0571116671122284,0,0,2904.3,1011,42,6,1,20,0.0,5,130.0,16,130.0,0,0.00016380325968486773
E0000020820260225231310621410542,17459496740,2026-02-25 20:13:11,0,0,0.9515287099179717,0.10309724496248712,1,1,FALSE_POSITIVE,28,42,6.0,0.1935483870967742,0.0463461919441364,-0.1931091331005683,0,0,69292.25,109,6,2,1,20,0.0,6,6.0,28,6.0,0,0.0017756732761171944
E0000020820260225232145936467542,56843327818,2026-02-25 20:22:00,0,0,0.9628413219731227,0.09148739495179226,1,1,FALSE_POSITIVE,21,6,100.0,2.398081534772182,0.289815699563328,0.1689625528454202,0,0,86970.81666666667,232,10,2,1,20,0.0,6,100.0,21,100.0,0,0.010336558339535267
E0000020820260225232244571967525,24022616172,2026-02-25 20:22:45,0,0,0.9900518825265362,0.03492134328061641,1,1,FALSE_POSITIVE,74,621,7.26,0.0806666666666666,0.0109677638144129,-0.1249962504138467,0,0,67941.83333333333,166,8,2,1,20,0.0,6,7.26,74,7.26,0,0.0004859437751004016
E0000020820260225232259003298525,72209232104,2026-02-25 20:22:59,0,0,0.9846097704158535,0.05443543614740187,1,1,FALSE_POSITIVE,44,214,100.0,1.25,0.473812415940185,0.094762483188037,0,0,40263.36666666667,161,5,1,0,20,26.0,5,100.0,0,0.0,0,0.007763975155279503
E0000020820260225232507570188525,61010405187,2026-02-25 20:25:08,0,0,0.9756136259063576,0.074319478497338,1,1,FALSE_POSITIVE,52,381,18.0,0.6923076923076923,0.04503796001763,-0.0200168711189466,0,0,69258.78333333334,171,8,3,1,20,0.0,4,18.0,52,18.0,0,0.004048582995951417
E0000020820260225232727255707525,21432996134,2026-02-25 20:27:53,0,0,0.950354609929078,0.10417025397289409,1,1,FALSE_POSITIVE,66,437,2.5,0.1838235294117647,0.0096446086758339,-0.0428220625207026,0,0,32382.116666666665,207,13,3,1,20,26.0,7,2.5,66,2.5,0,0.0008880363739698779
E0000020820260225232942457224525,35213885810,2026-02-25 20:29:44,0,0,0.9950814730194996,-0.0010515497066396207,1,1,FALSE_POSITIVE,39,19,10.0,1.0,0.3205589536023581,0.0,0,0,7994.95,1851,76,9,1,20,0.0,7,10.0,39,10.0,0,0.0005402485143165856
E0000020820260225233256116154542,1298857112,2026-02-25 20:33:10,0,0,0.9556063274469672,0.09934635420791854,1,1,FALSE_POSITIVE,37,56,124.0,2.48,1.533218041797431,0.9149849604274992,0,0,63441.566666666666,165,11,2,1,20,0.0,4,124.0,37,124.0,0,0.015030303030303031
E0000020820260225234141331313525,14189071897,2026-02-25 20:41:42,0,0,0.9626985260285275,0.09165967328585306,1,1,FALSE_POSITIVE,54,242,10.0,1.0,0.3706855289159076,0.0,0,0,17710.833333333332,554,24,5,1,20,26.0,7,10.0,54,10.0,0,0.0018050541516245488
E0000020820260225235324140796525,28352449800,2026-02-25 20:53:42,0,0,0.9934948514128865,0.01408338052857605,1,1,FALSE_POSITIVE,45,8,50.0,0.625,0.1904906250684276,-0.1142943750410565,0,0,80887.06666666667,93,6,1,0,20,20.0,6,50.0,0,0.0,0,0.006720430107526882
E0000020820260225235750019835542,19212180701,2026-02-25 20:58:03,0,0,0.9670300030145811,0.08670792053116039,1,1,FALSE_POSITIVE,22,50,6.0,0.3,0.1208871583298139,-0.2820700361028992,0,0,20509.9,281,13,2,0,20,0.0,4,6.0,0,0.0,0,0.0010676156583629894
E0000020820260226000105845819525,3988483192,2026-02-25 21:01:56,0,0,0.9757881542830851,0.07401076963944947,1,1,FALSE_POSITIVE,31,27,100.0,2.0,1.5292212183052003,0.7646106091526002,0,0,20091.55,88,7,1,0,21,0.0,5,100.0,0,0.0,0,0.022727272727272728
E0000020820260226000423850378525,25144065104,2026-02-25 21:04:24,0,0,0.9767083948149206,0.07240089859360938,1,1,FALSE_POSITIVE,64,501,25.0,1.0,0.0592810204185084,0.0,0,0,54758.01666666667,257,14,2,1,21,26.0,8,25.0,64,25.0,0,0.0038910505836575876
E0000020820260226000453666160525,8606484199,2026-02-25 21:05:04,0,0,0.9751059069922414,0.0751832291312437,1,1,FALSE_POSITIVE,21,36,7.0,0.4265691651432053,0.0633474581688483,-0.0851570830526947,0,0,72204.56666666667,532,13,3,1,21,0.0,4,7.0,21,7.0,0,0.0008018217389909874
E0000020820260226000514827876525,75957582387,2026-02-25 21:05:15,0,0,0.9968743554349723,-0.03604927448376505,1,1,FALSE_POSITIVE,52,312,100.0,1.1494252873563218,0.6025508894906848,0.078331615633789,0,0,31771.1,2440,61,7,1,21,0.0,4,100.0,52,100.0,0,0.0004710759374411155
E0000020820260226000944382972525,6372513188,2026-02-25 21:09:58,0,0,0.9507036666825329,0.10382917983294171,1,1,FALSE_POSITIVE,30,42,200.0,5.0012503125781445,1.573299928274958,1.25871860761638,0,0,18747.166666666668,713,24,4,1,21,26.0,7,200.0,30,200.0,0,0.007014376314976359
E0000020820260226001019446573525,1696746140,2026-02-25 21:10:20,0,0,0.972614911069859,0.07893758223212521,1,1,FALSE_POSITIVE,43,251,10.0,1.0,0.0326293979295939,0.0,0,0,2814.0333333333333,1125,37,5,1,21,0.0,4,10.0,43,10.0,0,0.0008888888888888889
E0000020820260226000954890218525,119764113,2026-02-25 21:10:21,0,0,0.9677598489536231,0.08589317009145692,1,1,FALSE_POSITIVE,43,149,66.0,1.2,0.0335953300945529,0.0055992216824254,0,0,63379.583333333336,87,6,2,1,21,0.0,2,66.0,43,66.0,0,0.013793103448275862
E0000020820260226001115280935542,6947516188,2026-02-25 21:11:16,0,0,0.964824598981389,0.08935478947963221,1,1,FALSE_POSITIVE,28,47,35.0,0.7,0.1326637040771568,-0.0568558731759243,0,0,76277.73333333334,811,19,2,1,21,0.0,6,35.0,28,35.0,0,0.0008631319358816276
E0000020820260226001225268244525,71365524434,2026-02-25 21:12:25,0,0,0.9735827502498929,0.07770580266228971,1,1,FALSE_POSITIVE,54,22,10.0,1.0,0.1199181067761182,0.0,0,0,87488.08333333333,604,24,2,1,21,0.0,7,10.0,54,10.0,0,0.0016556291390728477
E0000020820260226002102691771525,70788707191,2026-02-25 21:21:21,0,0,0.9682199692195408,0.08529968475265365,1,1,FALSE_POSITIVE,46,215,10.0,0.5,0.0866313596874683,-0.0866313596874683,0,0,73810.31666666667,85,6,2,1,21,0.0,2,10.0,46,10.0,0,0.0058823529411764705
E0000020820260226002334799980525,55799444000120,2026-02-25 21:23:43,0,0,0.9965252986815174,-0.029289568970480406,1,1,FALSE_POSITIVE,1,20,1000.0,1.5060921427172913,1.0971548287062576,0.3686769370901637,0,0,83511.71666666666,181,7,1,0,21,0.0,3,1000.0,0,0.0,0,0.008320951064736416
E0000020820260226002505694342542,12561222705,2026-02-25 21:25:06,0,0,0.9937645770860107,0.011759591993070029,1,1,FALSE_POSITIVE,40,57,50.0,2.0,0.9986891039430214,0.4993445519715107,0,0,65141.71666666667,505,13,2,0,21,0.0,4,50.0,0,0.0,0,0.0039603960396039604
E0000020820260226005409428278525,28786920391,2026-02-25 21:54:25,0,0,0.9579703936408206,0.09688104711481538,1,1,FALSE_POSITIVE,60,438,120.0,5.217391304347826,2.480294440632061,2.004904672844249,0,0,41909.7,157,16,2,1,21,0.0,4,120.0,60,120.0,0,0.033231791747438386
E0000020820260226005440854512525,82747580130,2026-02-25 21:55:10,0,0,0.9570025544607866,0.09787874967096266,1,1,FALSE_POSITIVE,50,333,30.0,0.6,0.0978493558117369,-0.0652329038744912,0,0,58098.61666666667,79,4,2,1,21,26.0,5,30.0,50,30.0,0,0.007594936708860759
E0000020820260226010445046800525,85165204120,2026-02-25 22:04:45,0,0,0.9943833595125898,0.006246140762824481,1,1,FALSE_POSITIVE,54,215,13.0,1.3,1.5261409987520482,0.3521863843273957,0,0,3175.9666666666667,1687,38,7,1,22,26.0,7,13.0,54,13.0,0,0.0007705986959098992
E0000020820260226010557176271525,50986295787,2026-02-25 22:05:57,0,0,0.977247846161169,0.07142154019474872,1,1,FALSE_POSITIVE,77,12,20.0,1.0,0.077296635013616,0.0,0,0,20325.366666666665,68,22,1,1,22,20.0,13,20.0,77,20.0,0,0.014705882352941176
E0000020820260226013150012106525,38228412000156,2026-02-25 22:31:50,0,0,0.9846891014961842,0.05432040272554112,1,1,FALSE_POSITIVE,5,8,56.09,0.8913078023200381,0.3040013704348434,-0.0370720159346465,0,0,96529.25,303,12,2,1,22,0.0,7,56.09,5,56.09,0,0.0029416099086469905
E0000020820260226013738127348525,45522928115,2026-02-25 22:37:38,0,0,0.9853554825709616,0.05215475029501604,1,1,FALSE_POSITIVE,56,355,15.0,0.3,0.0693547612682514,-0.1618277762925867,0,0,29022.6,259,9,1,0,22,0.0,2,15.0,0,0.0,0,0.0011583011583011582
E0000020820260226013833342713525,10593912608,2026-02-25 22:38:34,0,0,0.987703682548749,0.04490815140625781,1,1,FALSE_POSITIVE,36,7,280.0,3.5,1.5804182790189658,1.1288701992992611,0,0,4835.316666666667,299,12,2,0,22,0.0,5,280.0,0,0.0,0,0.011705685618729096
E0000020820260226013940240982525,17213014000196,2026-02-25 22:39:54,0,0,0.9603503260507401,0.09435046662433927,1,1,FALSE_POSITIVE,13,78,150.0,0.6,0.1087097822194721,-0.0724731881463147,0,0,3790.866666666667,135,6,4,1,22,0.0,3,150.0,13,150.0,0,0.0044444444444444444
E0000020820260226014434082115525,40464032334,2026-02-25 22:44:34,0,0,0.9530835990924524,0.10166164478609258,1,1,FALSE_POSITIVE,55,11,60.9,1.015,0.4288866838829552,0.0063382268554131,0,0,19147.733333333334,367,14,5,1,22,0.0,7,60.9,55,60.9,0,0.00276566757493188
E0000020820260226015114429835542,10357428706,2026-02-25 22:51:15,0,0,0.9885287257841877,0.040962227991933,1,1,FALSE_POSITIVE,45,57,30.0,1.5,0.173765784939422,0.0579219283131406,0,0,62253.65,1198,84,3,1,22,0.0,6,30.0,45,30.0,0,0.0012520868113522537
E0000020820260226015917982138525,45519692149,2026-02-25 22:59:18,0,0,0.9740746029479429,0.07672119666654426,1,1,FALSE_POSITIVE,58,403,34.0,1.0,0.1767379259626748,0.0,0,0,75077.43333333333,137,10,2,1,22,0.0,4,34.0,58,34.0,0,0.0072992700729927005
E0000020820260226021024866270542,11184068771,2026-02-25 23:10:44,0,0,0.9599536706490869,0.09465928151588587,1,1,FALSE_POSITIVE,41,60,34.0,0.7127882599580713,0.1220831982530034,-0.0491923475313572,0,0,82791.11666666667,94,5,2,1,23,0.0,4,34.0,41,34.0,0,0.007582853829341184
E0000020820260226021711131327542,15488113789,2026-02-25 23:17:11,0,0,0.9751376394243737,0.07510829074448117,1,1,FALSE_POSITIVE,19,10,10.0,0.8333333333333334,0.1861213331849697,-0.0372242666369939,0,0,97841.96666666666,364,12,2,1,23,0.0,7,10.0,19,10.0,0,0.0022893772893772895
E0000020820260226022751362869525,5919865156,2026-02-25 23:27:51,0,0,0.9854506798673585,0.05190567049172318,1,1,FALSE_POSITIVE,28,5,31.81,1.598492462311558,0.2827773128863628,0.1058748128411374,0,0,36341.05,247,20,2,0,23,0.0,5,31.81,0,0.0,0,0.006471629402071085
E0000020820260226024001809551525,37393014149,2026-02-25 23:40:02,0,0,0.9991114919002967,-0.10804363438992404,1,1,FALSE_POSITIVE,57,425,26.0,0.7878787878787878,0.4615521071048817,-0.1242640288359296,0,0,7876.85,3006,80,7,0,23,26.0,5,26.0,0,0.0,0,0.0002621020585092441
E0000020820260226030112105505525,53703987120,2026-02-26 00:02:06,0,0,0.9790407285766417,0.06771680668412228,1,1,FALSE_POSITIVE,52,151,4.9,0.196,0.0410567264452947,-0.168416367663352,0,0,58087.15,286,9,2,1,0,26.0,7,4.9,52,4.9,0,0.0006853146853146853
E0000020820260226031008925380525,9581793445,2026-02-26 00:10:09,0,0,0.9765021340060609,0.0726189467844055,1,1,FALSE_POSITIVE,34,41,40.89,0.6837792642140469,0.0901892311965083,-0.0417089352390797,0,0,57881.083333333336,69,4,2,1,0,26.0,9,40.89,34,40.89,0,0.00990984440889923
E0000020820260226041730877694542,81217943234,2026-02-26 01:17:31,0,0,0.9862439906706649,0.04951144265079643,1,1,FALSE_POSITIVE,42,49,50.0,3.333333333333333,0.8293401025692564,0.5805380717984795,0,0,82217.35,646,46,3,1,1,0.0,6,50.0,42,50.0,0,0.005159958720330237
E0000020820260226045709867839542,14529316408,2026-02-26 01:57:10,0,0,0.9785488758785917,0.0686213401293555,1,1,FALSE_POSITIVE,26,51,15.0,1.0,0.1077580459775945,0.0,0,0,88390.68333333333,445,18,3,1,1,0.0,6,15.0,26,15.0,0,0.0022471910112359553
E0000020820260226045811661338525,34742581172,2026-02-26 01:58:12,0,0,0.9987148364986435,-0.08944740081812752,1,1,FALSE_POSITIVE,60,211,10.0,1.0,2.496483903788415,0.0,0,0,15322.0,2170,79,6,0,1,0.0,3,10.0,0,0.0,0,0.0004608294930875576
E0000020820260226055615553259542,16619785760,2026-02-26 02:56:16,0,0,0.9843400447427293,0.054952545948206255,1,1,FALSE_POSITIVE,29,59,96.5,8.318965517241379,1.5897747709008396,1.3986723113935886,0,0,88999.18333333333,223,12,3,1,2,0.0,6,96.5,29,96.5,0,0.037304778104221434
E0000020820260226061445126609525,4104842109,2026-02-26 03:14:45,0,0,0.9864502514795247,0.04879663042407689,1,1,FALSE_POSITIVE,32,39,40.0,2.0,0.3314608506205466,0.1657304253102733,0,0,12483.95,380,56,2,0,3,0.0,4,40.0,0,0.0,0,0.005263157894736842
E0000020820260226063149937301542,14029548750,2026-02-26 03:32:16,0,0,0.9847367001443825,0.05414223112002037,1,1,FALSE_POSITIVE,29,54,20.0,1.0,0.8159526148996865,0.0,0,0,112.55,111,11,1,0,3,0.0,2,20.0,0,0.0,0,0.009009009009009009
E0000020820260226064034772435525,4104842109,2026-02-26 03:40:35,0,0,0.9988734986593047,-0.09507142529794999,1,1,FALSE_POSITIVE,32,39,6.8,0.3399999999999999,0.0563483446054929,-0.1093820807047803,1,1,25.83333333333333,380,56,3,1,3,0.0,8,13.6,32,6.8,3,0.0008947368421052632
E0000020820260226100108254750525,30866405100,2026-02-26 07:01:58,0,0,0.9846732352801181,0.05436308163477188,1,1,FALSE_POSITIVE,59,383,13.2,0.5789473684210525,0.2016573416850445,-0.1466598848618505,0,0,62761.48333333333,286,9,3,1,7,26.0,5,13.2,59,13.2,0,0.0020242914979757085
E0000020820260226100152259950525,71367417180,2026-02-26 07:02:01,0,0,0.9729322353911816,0.07856753274179373,1,1,FALSE_POSITIVE,22,39,8.0,0.4,0.139199186313232,-0.208798779469848,0,0,97025.86666666668,120,7,2,1,7,26.0,7,8.0,22,8.0,0,0.0033333333333333335
E0000020820260226100401368581542,96977850582,2026-02-26 07:04:02,0,0,0.9516556396465007,0.10289722101902715,1,1,FALSE_POSITIVE,50,54,20.0,0.851063829787234,0.0428888171969412,-0.0075055430094647,0,0,61841.4,335,10,2,1,7,0.0,6,20.0,50,20.0,0,0.0025404890441409972
E0000020820260226100706931297525,15066770100,2026-02-26 07:07:18,0,0,0.99319339330763,0.015614353676141224,1,1,FALSE_POSITIVE,79,559,240.0,2.4,0.4572387282638195,0.266722591487228,0,0,71291.56666666667,222,13,2,1,7,26.0,8,240.0,79,240.0,0,0.010810810810810811
E0000020820260226100853275855525,57356569884,2026-02-26 07:08:53,0,0,0.9758198867152172,0.07397578766651353,1,1,FALSE_POSITIVE,15,25,16.0,0.9411764705882352,0.2478370952759125,-0.0154898184547445,0,0,71250.7,148,6,2,1,7,0.0,7,16.0,15,16.0,0,0.006359300476947536
E0000020820260226101820395108542,5633790499,2026-02-26 07:18:22,0,0,0.961302299014708,0.0934219090473905,1,1,FALSE_POSITIVE,41,59,5.0,0.2941176470588235,0.1517914598802394,-0.3642995037125746,0,0,86024.85,22,3,2,1,7,0.0,6,5.0,41,5.0,0,0.013368983957219251
E0000020820260226102328489656525,7576716169,2026-02-26 07:23:29,0,0,0.9639202246656196,0.09034429293665336,1,1,FALSE_POSITIVE,24,10,20.0,1.1764705882352942,0.0899710776031702,0.0134956616404755,0,0,68038.21666666666,114,9,2,1,7,0.0,7,20.0,24,20.0,0,0.010319917440660475
E0000020820260226103011883760525,42122841000111,2026-02-26 07:30:12,0,0,0.9945578878893173,0.004229381590756309,1,1,FALSE_POSITIVE,4,54,18.97,0.0252933333333333,0.0015799227179178,-0.0608840750911692,0,0,68787.43333333333,1080,90,4,1,7,0.0,6,18.97,4,18.97,0,2.3419753086419753e-05
E0000020820260226104039840849525,69966745149,2026-02-26 07:40:59,0,0,0.9670934678788455,0.0866265987673886,1,1,FALSE_POSITIVE,45,58,700.0,0.7,0.0281072597644826,-0.0120459684704925,0,0,81833.2,129,8,2,1,7,0.0,4,700.0,45,700.0,0,0.005426356589147287
E0000020820260226105158113267525,11872594115,2026-02-26 07:51:59,0,0,0.9705047043330636,0.0823074776679264,1,1,FALSE_POSITIVE,76,299,21.0,0.5398457583547558,0.0722289693018588,-0.061566597643013,0,0,1468.9333333333334,69,6,3,1,7,26.0,10,21.0,76,21.0,0,0.007823851570358779
E0000020820260226105251471766525,48649384153,2026-02-26 07:53:17,0,0,0.9884811271359893,0.041302387247082795,1,1,FALSE_POSITIVE,56,95,15.0,0.6479481641468683,0.0264987974306745,-0.0143976799373331,0,0,31723.85,59,5,1,0,7,0.0,0,15.0,0,0.0,0,0.010982172273675733
E0000020820260226105349725846542,8551374796,2026-02-26 07:54:28,0,0,0.9934155203325559,0.014744908462139605,1,1,FALSE_POSITIVE,46,45,40.0,1.3614703880190606,0.5324016630660507,0.1413526415440364,0,0,95757.26666666666,139,9,1,0,7,0.0,2,40.0,0,0.0,0,0.009794750992942882
E0000020820260226110548847764525,2773077164,2026-02-26 08:06:03,0,0,0.9682675678677393,0.08522286117669953,1,1,FALSE_POSITIVE,39,92,7.5,0.1875,0.0375930999828545,-0.1629034332590362,0,0,97708.51666666666,91,6,2,1,8,0.0,2,7.5,39,7.5,0,0.0020604395604395605
E0000020820260226112203202650542,5260106490,2026-02-26 08:22:13,0,0,0.9640630206102146,0.09018075926957514,1,1,FALSE_POSITIVE,43,28,2.0,0.0628140703517587,0.0217246746522568,-0.324132145811672,0,0,74228.3,293,11,2,1,8,0.0,7,2.0,43,2.0,0,0.00021438249266811873
E0000020820260226112311308396525,9162091131,2026-02-26 08:23:32,0,0,0.9550668761007187,0.09982932427078695,1,1,FALSE_POSITIVE,12,3,2000.0,4.166666666666667,3.330693864742847,2.5313273372045635,0,0,2126.1833333333334,24,3,2,1,8,0.0,5,2000.0,12,2000.0,0,0.1736111111111111
E0000020820260226112339193248525,5433679160,2026-02-26 08:24:04,0,0,0.9688546178621861,0.08452077013468423,1,1,FALSE_POSITIVE,29,9,200.0,6.666666666666667,1.373791161286745,1.1677224870937333,0,0,93613.83333333331,99,12,2,1,8,0.0,5,200.0,29,200.0,0,0.06734006734006734
E0000020820260226112534014561525,3564257110,2026-02-26 08:26:25,0,0,0.9738842083551493,0.07696397335186445,1,1,FALSE_POSITIVE,30,9,1000.0,3.333333333333333,0.9650984202327356,0.6755688941629149,0,0,88576.4,40,4,2,1,8,0.0,5,1000.0,30,1000.0,0,0.08333333333333333
E0000020820260226113323726515542,15698323747,2026-02-26 08:33:36,0,0,0.9645390070921985,0.08957570301627954,1,1,FALSE_POSITIVE,32,52,6.0,0.8571428571428571,0.3289883412738045,-0.0548313902123007,0,0,95434.18333333332,521,32,2,1,8,0.0,4,6.0,32,6.0,0,0.0016451878256100905
E0000020820260226113346626448542,30718177894,2026-02-26 08:33:59,0,0,0.9585574436352674,0.09608150255900921,1,1,FALSE_POSITIVE,43,50,300.0,30.0,4.643380226949283,4.488600886050974,0,0,23250.93333333333,563,35,3,1,8,0.0,4,300.0,43,300.0,0,0.05328596802841918
E0000020820260226113415360148525,39119785453,2026-02-26 08:35:13,0,0,0.9542894315134783,0.10072084788918356,1,1,FALSE_POSITIVE,65,35,500.0,73.09941520467837,6.1132843329906414,6.02965460331533,0,0,20325.366666666665,73,6,1,1,8,26.0,8,500.0,65,500.0,0,1.0013618521188816
E0000020820260226114745062937525,2790790108,2026-02-26 08:47:45,0,0,0.9688387516461199,0.08459279480229526,1,1,FALSE_POSITIVE,34,56,6.94,0.6940000000000001,0.0539623098377113,-0.023793179841988,0,0,96186.5,159,7,2,1,8,26.0,9,6.94,34,6.94,0,0.004364779874213837
E0000020820260226115022688787542,12095006712,2026-02-26 08:50:23,0,0,0.9687752867818554,0.08464567990726485,1,1,FALSE_POSITIVE,42,57,200.0,2.0,0.6228044791605458,0.3114022395802729,0,0,90237.96666666666,162,12,3,1,8,0.0,6,200.0,42,200.0,0,0.012345679012345678
E0000020820260226115014257346525,31685307191,2026-02-26 08:50:53,0,0,0.9552890031256446,0.0996056547027051,1,1,FALSE_POSITIVE,61,468,2279.0,22.79,5.990137738273244,5.727297117901448,0,0,20325.366666666665,41,4,1,1,8,0.0,3,2279.0,61,2279.0,0,0.5558536585365854
E0000020820260226115137232720525,4749309125,2026-02-26 08:51:37,0,0,0.9943040284322592,0.006981284192356274,1,1,FALSE_POSITIVE,33,93,7.3,0.2571327932370553,0.026675304138532,-0.0770660499015946,0,0,93301.55,255,17,2,0,8,20.0,5,7.3,0,0.0,0,0.0010083638950472756
E0000020820260226115134096429525,81028016115,2026-02-26 08:52:06,0,0,0.9969219540831707,-0.03671045560922037,1,1,FALSE_POSITIVE,50,347,25000.0,27.77777777777778,1.4444582367883898,1.3924577402640077,0,0,94773.05,80,8,2,1,8,0.0,2,25000.0,50,25000.0,0,0.3472222222222222
E0000020820260226115318958441525,97609269115,2026-02-26 08:53:43,0,0,0.9949228108588383,0.001419934187101457,1,1,FALSE_POSITIVE,44,9,2200.0,44.0,7.109733924187819,6.948149062274459,0,0,71786.5,134,8,2,1,8,26.0,8,2200.0,44,2200.0,0,0.3283582089552239
E0000020820260226115352040226525,37557564120,2026-02-26 08:53:52,0,1,0.995985847335269,-0.016823192016923505,1,1,FALSE_POSITIVE,60,9,5388.73,1.0,0.2306441332724781,0.0,0,0,20325.366666666665,1,1,1,1,8,0.0,6,5388.73,60,5388.73,0,1.0
E0000020820260226115418364971525,9409252229,2026-02-26 08:54:38,0,0,0.9638726260174211,0.09037404384816344,1,1,FALSE_POSITIVE,23,10,8.7,0.174,0.0742393380887096,-0.3524235244900813,0,0,93697.36666666668,49,9,2,1,8,0.0,5,8.7,23,8.7,0,0.003551020408163265
E0000020820260226120040110795525,30068915000108,2026-02-26 09:00:40,0,0,0.9797229758674854,0.06644928984843829,1,1,FALSE_POSITIVE,7,30,60.53,1.2106,0.0667865042149088,0.0116184022696677,0,0,5492.35,398,12,2,0,9,0.0,5,60.53,0,0.0,0,0.003041708542713568
E0000020820260226120237038252542,5961420302,2026-02-26 09:02:50,0,0,0.9577324003998287,0.0971248655196198,1,1,FALSE_POSITIVE,30,45,50.0,1.25,0.1661542206364246,0.0332308441272849,0,0,77404.6,236,25,2,1,9,0.0,4,50.0,30,50.0,0,0.005296610169491525
E0000020820260226120332095601525,38920310106,2026-02-26 09:03:57,0,0,0.9700921827153443,0.0828933102904445,1,1,FALSE_POSITIVE,59,10,60.0,0.6,0.7603748251140682,-0.5069165500760454,0,0,93747.26666666666,21,9,2,1,9,0.0,5,60.0,59,60.0,0,0.02857142857142857
E0000020820260226120534684480525,4859397118,2026-02-26 09:05:48,0,0,0.9636029003442969,0.09073007820303391,1,1,FALSE_POSITIVE,29,10,194.52,3.729294478527608,0.6937512271550161,0.5077237543583596,0,0,81671.71666666666,82,8,2,1,9,0.0,7,194.52,29,194.52,0,0.04547920095765375
E0000020820260226120836352240525,53143175400,2026-02-26 09:09:12,0,0,0.9810081393688419,0.06374112988552322,1,1,FALSE_POSITIVE,65,7,600.0,8.571428571428571,0.7024064811893904,0.6204590583839615,0,0,74420.95,61,8,2,1,9,0.0,6,600.0,65,600.0,0,0.1405152224824356
E0000020820260226121247139578525,30494478187,2026-02-26 09:12:52,0,0,0.9943040284322592,0.006930999266811011,1,1,FALSE_POSITIVE,63,39,228.97,1.14485,0.5237503908568012,0.0662665363284339,0,0,94448.28333333334,64,4,1,0,9,0.0,5,228.97,0,0.0,0,0.01788828125
E0000020820260226121955974138525,51115917000172,2026-02-26 09:19:56,0,0,0.9872911609310295,0.046129151952801595,1,1,FALSE_POSITIVE,2,31,50.0,1.0,0.1231159697701879,0.0,0,0,2639.4666666666667,551,21,6,1,9,26.0,9,50.0,2,50.0,0,0.0018148820326678765
E0000020820260226122032624848525,97813508572,2026-02-26 09:20:33,0,0,0.9742332651086042,0.07625950356077549,1,1,FALSE_POSITIVE,44,121,673.76,15.421377889677272,1.8355760418672973,1.7165480240728568,0,0,77635.53333333334,77,6,2,1,9,0.0,4,673.76,44,673.76,0,0.20027763493087367
E0000020820260226122921566324525,61850933324,2026-02-26 09:29:47,0,0,0.9717105367540895,0.08053041892511198,1,1,FALSE_POSITIVE,22,10,284.0,10.688746706812196,1.0895003884288408,0.9875707218071708,0,0,93418.11666666668,267,12,2,1,9,0.0,5,284.0,22,284.0,0,0.0400327592015438
E0000020820260226123008412251525,90101758200,2026-02-26 09:30:26,0,0,0.9613816300950386,0.09331964890781536,1,1,FALSE_POSITIVE,43,52,200.0,8.0,0.3058678202909465,0.2676343427545782,0,0,73047.38333333333,270,15,2,1,9,0.0,4,200.0,43,200.0,0,0.02962962962962963
E0000020820260226123850553694542,5548564170,2026-02-26 09:39:13,0,0,0.9766925285988545,0.07241525393317683,1,1,FALSE_POSITIVE,30,44,40.0,1.3333333333333333,0.3850746816527809,0.0962686704131952,0,0,32907.083333333336,818,32,6,1,9,0.0,4,40.0,30,40.0,0,0.0016299918500407497
E0000020820260226125309167589525,1527042138,2026-02-26 09:53:23,0,0,0.9530677328763864,0.10168485655890946,1,1,FALSE_POSITIVE,38,10,14.0,0.2202989771833202,0.0618822928163017,-0.2190191149319823,0,0,85827.36666666667,97,15,2,1,9,0.0,6,14.0,38,14.0,0,0.0022711234761167037
E0000020820260226130009670657525,32476361100,2026-02-26 10:00:42,0,0,0.9582083868818125,0.09652977041576605,1,1,FALSE_POSITIVE,61,494,199.37,0.99685,0.2742995243406598,-0.0008667738392667,0,0,50358.3,85,6,2,1,10,26.0,8,199.37,61,199.37,0,0.01172764705882353
E0000020820260226130332137922525,32800760000170,2026-02-26 10:04:17,0,0,0.9985720405540482,-0.08479245252482026,1,1,FALSE_POSITIVE,7,44,41.9,0.8280632411067194,0.1033409556962301,-0.0214574299416993,0,0,9957.533333333333,3906,95,11,1,10,26.0,7,41.9,7,41.9,0,0.00021199775757980524
E0000020820260226130540477676525,54968798504,2026-02-26 10:05:59,0,0,0.9637139638567598,0.0905316142723318,1,1,FALSE_POSITIVE,52,9,82.4,1.1771428571428573,0.3210214240183259,0.0483090492454762,0,0,93516.1,47,6,2,1,10,0.0,7,82.4,52,82.4,0,0.025045592705167177
E0000020820260226130629759788542,12649024763,2026-02-26 10:06:30,0,0,0.9530518666603202,0.10171770059394747,1,1,FALSE_POSITIVE,37,57,80.0,2.6666666666666665,1.276196251312668,0.7976226570704176,0,0,68721.58333333333,120,6,2,1,10,0.0,6,80.0,37,80.0,0,0.022222222222222223
E0000020820260226130747762490525,633791202,2026-02-26 10:08:19,0,0,0.9751535056404398,0.0750797681450579,1,1,FALSE_POSITIVE,41,4,182.0,2.028985507246377,0.7351117447915914,0.3728066705728785,0,0,74729.6,13,4,2,1,10,26.0,9,182.0,41,182.0,0,0.15607580824972128
E0000020820260226130801226384525,57876649149,2026-02-26 10:08:26,0,0,0.972614911069859,0.07893488942688776,1,1,FALSE_POSITIVE,53,330,45.0,0.9,0.1420597320345089,-0.0157844146705009,0,0,91802.18333333332,47,5,2,1,10,0.0,2,45.0,53,45.0,0,0.019148936170212766
E0000020820260226130927411289525,20466172000162,2026-02-26 10:09:49,0,0,0.9542894315134783,0.10071234026844655,1,1,FALSE_POSITIVE,11,126,150.0,0.5513895015438905,0.1125801110031658,-0.0915951783121757,0,0,39935.88333333333,161,16,3,1,10,26.0,5,150.0,11,150.0,0,0.0034247795126949726
E0000020820260226131300040564525,2784109100,2026-02-26 10:13:02,0,0,0.9565265679788028,0.09825738053154787,1,1,FALSE_POSITIVE,38,10,27.62,1.022962962962963,0.1926509429677682,0.0043245323910215,0,0,73038.3,107,20,2,1,10,0.0,7,27.62,38,27.62,0,0.009560401523018345
E0000020820260226131704008477525,71161273131,2026-02-26 10:17:14,0,0,0.9610325733415838,0.09376032487334374,1,1,FALSE_POSITIVE,21,10,62.11,1.0123879380603096,0.1631323557557399,0.0019961453932436,0,0,81784.6,125,6,2,1,10,0.0,5,62.11,21,62.11,0,0.008099103504482478
E0000020820260226132803193911525,58760369949,2026-02-26 10:28:23,0,0,0.9543846288098752,0.10063261700737408,1,1,FALSE_POSITIVE,59,190,40.0,0.2666666666666666,0.0547385813821824,-0.1505310988010016,0,0,56171.066666666666,90,7,2,1,10,0.0,2,40.0,59,40.0,0,0.002962962962962963
E0000020820260226132835957355542,9843800788,2026-02-26 10:28:47,0,0,0.9666174813968617,0.08722885298939698,1,1,FALSE_POSITIVE,43,54,2.1,0.2785145888594164,0.1014140286878932,-0.2627106266962568,0,0,7906.033333333334,107,9,1,0,10,0.0,2,2.1,0,0.0,0,0.002602940082798285
E0000020820260226133635357486525,3786269000133,2026-02-26 10:36:57,0,0,0.9534485220619734,0.10133979377332691,1,1,FALSE_POSITIVE,25,291,1500.0,1.5,0.1246064320363945,0.0415354773454648,0,0,8417.2,523,45,3,1,10,26.0,5,1500.0,25,1500.0,0,0.0028680688336520078
E0000020820260226133822316168525,5880176126,2026-02-26 10:38:38,0,0,0.9584463801228045,0.09618379166669422,1,1,FALSE_POSITIVE,29,140,550.0,27.805864509605662,7.476328536946796,7.207452576108964,0,0,15600.933333333332,56,4,2,1,10,20.0,5,550.0,29,550.0,0,0.4965332948143868
E0000020820260226134010474782525,42364590787,2026-02-26 10:40:31,0,0,0.9867834420169134,0.04791528662857164,1,1,FALSE_POSITIVE,68,397,263.44,2.394909090909091,0.710910561613186,0.4140681619113546,0,0,83573.7,48,3,2,1,10,26.0,9,263.44,68,263.44,0,0.04989393939393939
E0000020820260226134622026848525,70556997115,2026-02-26 10:46:38,0,0,0.9623494692750726,0.0919398213872969,1,1,FALSE_POSITIVE,48,7,100.0,3.333333333333333,0.9550060824546248,0.6685042577182374,0,0,87752.13333333333,296,15,2,1,10,0.0,5,100.0,48,100.0,0,0.01126126126126126
E00000208202602261336uhjwgIuB523,1710312000151,2026-02-26 10:59:27,0,0,0.9921620892633316,0.022167880937704332,1,1,FALSE_POSITIVE,29,14,2313.74,0.8223005679273849,0.4397188669056283,-0.0950233965150856,0,0,50269.083333333336,669,167,3,1,10,0.0,5,2313.74,29,2313.74,0,0.0012291488309826382
E0000020820260226140302403689524,103978000260,2026-02-26 11:03:03,0,0,0.99319339330763,0.015699153274304323,1,1,FALSE_POSITIVE,0,11,204.0,0.816,0.1288206824751383,-0.0290478009502762,0,0,55561.98333333333,126,7,1,0,11,0.0,4,204.0,0,0.0,0,0.0064761904761904765
E0000020820260226140526470120525,2243596148,2026-02-26 11:05:28,0,0,0.9821663731416694,0.061183071923891275,1,1,FALSE_POSITIVE,37,166,229.75,4.595,0.2520483250265165,0.1971955883504519,0,0,69974.13333333333,132,7,4,1,11,0.0,4,229.75,37,229.75,0,0.03481060606060606
E0000020820260226140610250495525,79661785104,2026-02-26 11:06:24,0,0,0.9871166325543022,0.04685817235266709,1,1,FALSE_POSITIVE,48,202,1400.0,1.4,0.0062543972587579,0.0017869706453594,0,0,88967.81666666667,80,5,2,1,11,50.0,6,1400.0,48,1400.0,0,0.0175
E0000020820260226140834146646525,7628572000169,2026-02-26 11:08:51,0,0,0.9960651784155997,-0.018352502544935145,1,1,FALSE_POSITIVE,20,186,120.0,0.75,0.0290657595902103,-0.0096885865300701,0,0,29934.416666666668,2047,109,7,1,11,0.0,2,120.0,20,120.0,0,0.0003663898387884709
E0000020820260226140859092581525,14597411100,2026-02-26 11:09:19,0,0,0.9568756247322576,0.0979926181362365,1,1,FALSE_POSITIVE,69,416,75.0,0.6944444444444444,0.1770708633040961,-0.0779111798538022,0,0,54968.4,46,6,2,1,11,0.0,4,75.0,69,75.0,0,0.015096618357487922
E0000020820260226141821060264525,58511970134,2026-02-26 11:18:36,0,0,0.9671252003109778,0.08660324000718672,1,1,FALSE_POSITIVE,51,206,120.0,1.0909090909090908,0.5450097377629025,0.0454174781469085,0,0,74334.65,225,10,2,1,11,26.0,5,120.0,51,120.0,0,0.0048484848484848485
E0000020820260226141916707417525,70811695115,2026-02-26 11:19:28,0,0,0.9702508448760055,0.08271954183310698,1,1,FALSE_POSITIVE,45,35,5.8,0.5731225296442688,0.0257457649705079,-0.0191761559780335,0,0,19337.116666666665,107,7,1,0,11,26.0,7,5.8,0,0.0,0,0.005356285323778213
E0000020820260226142005522579525,48888421000127,2026-02-26 11:20:20,0,0,0.9975248702936836,-0.05133773058942526,1,1,FALSE_POSITIVE,3,38,2149.0,1.1281432096173027,0.3078699222538803,0.0349702410526627,0,0,3905.0833333333335,2502,76,9,1,11,26.0,7,2149.0,3,2149.0,0,0.0004508965665936462
E0000020820260226143305942170525,9178491169,2026-02-26 11:33:27,0,0,0.981388928554429,0.0629289223611752,1,1,FALSE_POSITIVE,18,56,27.0,1.004090740052064,0.2976853352503494,0.0012127921065754,0,0,20213.45,537,14,3,0,11,0.0,2,27.0,0,0.0,0,0.0018698151583837318
E0000020820260226143702419468525,1481928740,2026-02-26 11:37:02,0,0,0.9550668761007187,0.09980517036823272,1,1,FALSE_POSITIVE,57,98,111.0,0.555,0.0819699749618421,-0.0657236736180536,0,0,58676.85,95,7,2,1,11,0.0,2,111.0,57,111.0,0,0.005842105263157895
E0000020820260226143704871895525,4786001198,2026-02-26 11:37:16,0,0,0.957526139590969,0.0973492778871134,1,1,FALSE_POSITIVE,38,50,10.0,0.3577817531305903,0.0527993738741289,-0.0947748761040613,0,0,19808.316666666666,185,10,1,0,11,0.0,2,10.0,0,0.0,0,0.0019339554223275154
E0000020820260226144125294629525,60714603104,2026-02-26 11:41:41,0,0,0.958493978771003,0.09611890614226598,1,1,FALSE_POSITIVE,50,5,102.0,2.55,0.3955003799142728,0.2404021917125972,0,0,76110.56666666667,177,17,2,1,11,0.0,5,102.0,50,102.0,0,0.01440677966101695
E0000020820260226144529124297542,70126672229,2026-02-26 11:45:41,0,0,0.9533215923334444,0.1014603895241491,1,1,FALSE_POSITIVE,27,56,10.0,0.3333333333333333,0.0741993698889467,-0.1483987397778935,0,0,96970.31666666668,178,10,2,1,11,0.0,4,10.0,27,10.0,0,0.0018726591760299626
E0000020820260226145558397402525,19349939134,2026-02-26 11:56:16,0,0,0.9867993082329796,0.04783733020892045,1,1,FALSE_POSITIVE,73,9,300.0,2.3622047244094486,0.2400077269465546,0.1384044558725132,0,0,89403.83333333333,208,19,2,1,11,0.0,9,300.0,73,300.0,0,0.011356753482737734
E0000020820260226145757251497542,1684119111,2026-02-26 11:58:11,0,0,0.9977152648864772,-0.055717872239762434,1,1,FALSE_POSITIVE,39,185,20.0,2.0,0.7792157055599638,0.3896078527799819,0,0,5611.616666666667,1431,48,7,0,11,0.0,0,20.0,0,0.0,0,0.001397624039133473
E0000020820260226145943753544525,9296034191,2026-02-26 11:59:44,0,0,0.9828803528646453,0.05921654200834192,1,1,FALSE_POSITIVE,72,22,4216.62,42.1662,3.8389208882480856,3.747878278569051,0,0,20325.366666666665,29,2,1,1,11,26.0,12,4216.62,72,4216.62,0,1.454006896551724
E0000020820260226150353584623525,6692395186,2026-02-26 12:03:54,0,0,0.9603503260507401,0.09436054383269626,1,1,FALSE_POSITIVE,26,55,50.0,1.6666666666666667,1.3764252733936784,0.5505701093574714,0,0,57379.6,363,19,2,1,12,26.0,9,50.0,26,50.0,0,0.004591368227731864
E0000020820260226150954979307525,69327106172,2026-02-26 12:09:55,0,0,0.9606041855077982,0.09407839673275598,1,1,FALSE_POSITIVE,49,342,35.39,0.6775799349033124,0.0877767585612347,-0.0417677483518279,0,0,68858.65,45,9,2,1,12,0.0,4,35.39,49,35.39,0,0.015057331886740273
E0000020820260226151244499117525,3832197443,2026-02-26 12:12:45,0,0,0.9586685071477303,0.0959885391777564,1,1,FALSE_POSITIVE,44,7,10.99,0.1706521739130434,0.0830565213079854,-0.4036441131082348,0,0,97966.8,46,6,2,1,12,0.0,7,10.99,44,10.99,0,0.003709829867674858
E0000020820260226151449729144525,17937450134,2026-02-26 12:14:50,0,0,0.9793104542497659,0.06728567130806495,1,1,FALSE_POSITIVE,67,327,550.0,3.525641025641025,1.088059306072954,0.779446121077716,0,0,93359.06666666668,151,5,2,1,12,0.0,6,550.0,67,550.0,0,0.023348616063847853
E0000020820260226151541644154525,28723122000125,2026-02-26 12:16:05,0,0,0.9512589842448474,0.10337395310778136,1,1,FALSE_POSITIVE,8,55,230.0,1.15,0.3547036191439653,0.0462656894535606,0,0,46105.5,309,21,2,1,12,26.0,7,230.0,8,230.0,0,0.00372168284789644
E0000020820260226151640699675542,10920295754,2026-02-26 12:16:54,0,0,0.9639519570977517,0.09027540402715672,1,1,FALSE_POSITIVE,43,59,42.0,0.6,0.0640219496454517,-0.0426812997636344,0,0,80760.1,432,12,3,1,12,0.0,4,42.0,43,42.0,0,0.001388888888888889
E0000020820260226151731171655525,43700363000142,2026-02-26 12:19:31,0,0,0.9822774366541324,0.060762583382427515,1,1,FALSE_POSITIVE,4,37,8150.0,8.578947368421053,1.752353370489172,1.5480913211683482,0,0,18815.9,361,16,5,1,12,0.0,4,8150.0,4,8150.0,0,0.02376439714244059
E0000020820260226152043493793525,1515948137,2026-02-26 12:20:45,0,0,0.9924635473685881,0.02076406431370381,1,1,FALSE_POSITIVE,38,30,8.5,0.5666666666666667,0.2478606306838303,-0.189540482287635,0,0,5267.35,1437,63,7,1,12,26.0,10,8.5,38,8.5,0,0.00039434006031083274
E0000020820260226152132810984525,88281086149,2026-02-26 12:21:34,0,0,0.9674107922001682,0.08643658156225947,1,1,FALSE_POSITIVE,47,161,94.98,0.7063285491187626,0.2220254638042582,-0.0923119137253122,0,0,93549.31666666668,183,8,3,1,12,0.0,4,94.98,47,94.98,0,0.0038597188476435116
E0000020820260226152442287597525,3144896144,2026-02-26 12:24:56,0,0,0.9608104463166579,0.09392832708849086,1,1,FALSE_POSITIVE,37,10,28.0,0.9333333333333332,0.2246866132290563,-0.0160490438020754,0,0,91733.46666666666,89,7,2,1,12,26.0,8,28.0,37,28.0,0,0.010486891385767791
E0000020820260226154008773903525,68953585104,2026-02-26 12:40:28,0,0,0.9690291462389135,0.08431112924360118,1,1,FALSE_POSITIVE,51,39,52.99,0.662375,0.2436540605139354,-0.1241950589636044,0,0,76274.53333333334,129,15,2,1,12,26.0,9,52.99,51,52.99,0,0.00513468992248062
E0000020820260226154238678714542,11165768720,2026-02-26 12:42:59,0,0,0.9613181652307741,0.09337267699857349,1,1,FALSE_POSITIVE,40,57,360.0,16.363636363636363,1.8235885518036263,1.712147029193405,0,0,6622.4,529,17,5,1,12,0.0,4,360.0,40,360.0,0,0.030933150025777626
E0000020820260226154559069164525,9686908315,2026-02-26 12:46:10,0,0,0.9750741745601091,0.07524422893637245,1,1,FALSE_POSITIVE,79,245,30.0,0.4,0.0932824223552689,-0.1399236335329034,0,0,28457.1,411,16,4,1,12,0.0,5,30.0,79,30.0,0,0.0009732360097323601
E0000020820260226154618362782525,19349939134,2026-02-26 12:46:46,0,0,0.9911466514350993,0.028157648825759496,1,1,FALSE_POSITIVE,73,9,360.0,2.8346456692913384,0.2880092723358656,0.1864060012618241,0,0,50.5,208,19,2,0,12,0.0,7,360.0,0,0.0,0,0.013628104179285281
E0000020820260226155341799489525,6686563102,2026-02-26 12:54:00,0,0,0.957526139590969,0.09742270321704843,1,1,FALSE_POSITIVE,26,50,150.0,4.054054054054054,0.8222755392960145,0.6194475729363309,0,0,84808.63333333333,117,12,2,1,12,0.0,4,150.0,26,150.0,0,0.03465003465003465
E0000020820260226155639875392542,5548564170,2026-02-26 12:56:47,0,0,0.9945102892411188,0.004622744379646659,1,1,FALSE_POSITIVE,30,44,22.0,0.7333333333333333,0.2117910749090295,-0.0770149363305561,0,0,197.56666666666663,818,32,6,0,12,0.0,2,22.0,0,0.0,0,0.0008964955175224124
E0000020820260226160232807372525,2909840174,2026-02-26 13:02:33,0,0,0.9700445840671458,0.08299736178863082,1,1,FALSE_POSITIVE,37,10,15.0,0.75,0.1649017541923971,-0.0549672513974657,0,0,96716.98333333334,43,4,2,1,13,20.0,10,15.0,37,15.0,0,0.01744186046511628
E0000020820260226161001574887525,561877262,2026-02-26 13:10:02,0,0,0.9757246894188205,0.07408389712754715,1,1,FALSE_POSITIVE,35,18,8.49,0.283,0.0241339898756688,-0.0611451262927722,0,0,75630.18333333333,166,11,4,1,13,0.0,7,8.49,35,8.49,0,0.0017048192771084339
E0000020820260226161200576322542,70242147402,2026-02-26 13:12:12,0,0,0.9523220207212781,0.1022992237511674,1,1,FALSE_POSITIVE,32,40,11.0,1.1,0.1760398640927193,0.016003624008429,0,0,63008.4,324,24,2,1,13,0.0,4,11.0,32,11.0,0,0.0033950617283950617
E0000020820260226161815706222542,8721915750,2026-02-26 13:18:41,0,0,0.9536071842226348,0.10123297435352768,1,1,FALSE_POSITIVE,47,56,20.0,1.4705882352941178,1.129770753859619,0.361526641235078,0,0,83819.6,277,13,2,1,13,0.0,4,20.0,47,20.0,0,0.005308982798895732
E0000020820260226162153611431525,18841856653,2026-02-26 13:21:54,0,0,0.9668713408539198,0.0868406634722278,1,1,FALSE_POSITIVE,73,405,30.0,3.0,0.1773887936480345,0.1182591957653563,0,0,49929.48333333333,205,12,2,1,13,26.0,9,30.0,73,30.0,0,0.014634146341463415
E0000020820260226162251526872525,23540814000114,2026-02-26 13:23:02,0,0,0.9880686055182699,0.04312845515267327,1,1,FALSE_POSITIVE,10,38,220.0,0.148325939509985,0.02674166482817,-0.1535482083829134,0,0,28718.93333333333,1676,169,3,1,13,0.0,4,220.0,10,220.0,0,8.849996390810562e-05
E0000020820260226162451800422525,30983118191,2026-02-26 13:25:18,0,0,0.9684738286765989,0.08498845979138175,1,1,FALSE_POSITIVE,61,402,45.0,0.5469129800680603,0.0957769397111207,-0.0793458736095684,0,0,66265.85,127,9,2,1,13,0.0,4,45.0,61,45.0,0,0.004306401417858743
E0000020820260226163230099235525,1597932116,2026-02-26 13:32:40,0,0,0.9944150919447221,0.005856868121459802,1,1,FALSE_POSITIVE,28,102,120.0,1.0,0.380726743395567,0.0,0,0,58587.61666666667,62,4,1,0,13,0.0,0,120.0,0,0.0,0,0.016129032258064516
E0000020820260226163359299982525,54667925191,2026-02-26 13:33:59,0,0,0.9733606232249671,0.0780618306372931,1,1,FALSE_POSITIVE,55,40,147.0,1.0425531914893618,0.1023837780899324,0.0041789297179564,0,0,93707.31666666668,293,13,2,1,13,26.0,9,147.0,55,147.0,0,0.003558202018735023
E0000020820260226163650339529542,16359837706,2026-02-26 13:36:50,0,0,0.9657289732971583,0.08832474584482469,1,1,FALSE_POSITIVE,30,56,50.0,1.6666666666666667,0.4936051615520778,0.1974420646208311,0,0,88216.85,542,24,3,1,13,0.0,6,50.0,30,50.0,0,0.003075030750307503
E0000020820260226164737705310542,6300110796,2026-02-26 13:47:38,0,0,0.997318609484824,-0.045318104251604985,1,1,FALSE_POSITIVE,31,56,10.0,1.0,1.0711784854992006,0.0,0,0,2382.2166666666667,1720,55,10,0,13,0.0,4,10.0,0,0.0,0,0.0005813953488372093
E0000020820260226164739355859525,86102710134,2026-02-26 13:47:40,0,0,0.9910831865708347,0.02912582017646509,1,1,FALSE_POSITIVE,50,9,86.47,0.8647,0.137006811869466,-0.0214375178049482,0,0,60395.566666666666,401,17,1,0,13,0.0,5,86.47,0,0.0,0,0.002156359102244389
E0000020820260226164952478385525,39278530115,2026-02-26 13:50:11,0,0,0.9959065162549383,-0.014993341143242911,1,1,FALSE_POSITIVE,62,39,2000.0,35.1493848857645,9.29348251239122,9.029082934913689,0,0,54962.35,355,15,2,1,13,26.0,8,2000.0,62,2000.0,0,0.09901235179088591
E0000020820260226165029571511525,98707795653,2026-02-26 13:50:45,0,0,0.9949862757231028,0.0008896913305791454,1,1,FALSE_POSITIVE,52,10,300.0,3.0,1.2949917355293437,0.8633278236862291,0,0,64818.816666666666,173,10,2,0,13,0.0,5,300.0,0,0.0,0,0.017341040462427744
E0000020820260226165526416390525,99183145168,2026-02-26 13:55:27,0,0,0.9888777825376426,0.03979133242452115,1,1,FALSE_POSITIVE,68,10,50.0,1.0,0.332483548388621,0.0,0,0,85933.18333333333,549,25,3,1,13,0.0,9,50.0,68,50.0,0,0.0018214936247723133
E0000020820260226170823858349525,10421050000104,2026-02-26 14:08:44,0,0,0.9894013676678249,0.03780739089862434,1,1,FALSE_POSITIVE,17,205,1621.0,6.486594637855142,1.4279758143110295,1.2078332134496312,0,0,4309.583333333333,622,33,6,1,14,0.0,2,1621.0,17,1621.0,0,0.010428608742532382
E0000020820260226171443834658542,16385282767,2026-02-26 14:14:44,0,0,0.9523537531534104,0.10224071722688266,1,1,FALSE_POSITIVE,27,52,10.0,0.7142857142857143,0.4759269111276621,-0.1903707644510648,0,0,91694.41666666669,407,15,2,1,14,0.0,6,10.0,27,10.0,0,0.001755001755001755
E0000020820260226171431055226525,72387084853,2026-02-26 14:14:53,0,0,0.977374775889698,0.07106839496995554,1,1,FALSE_POSITIVE,71,32,130.0,1.76342919153554,0.5345856948233851,0.2314344838820009,0,0,83311.98333333334,35,4,2,1,14,0.0,6,130.0,71,130.0,0,0.050383691186729716
E0000020820260226172857838359525,50563920149,2026-02-26 14:28:58,0,0,0.9644120773636695,0.08978292044170794,1,1,FALSE_POSITIVE,57,359,54.0,1.588235294117647,0.7138674618909231,0.2643953562558974,0,0,60830.05,153,7,2,1,14,0.0,2,54.0,57,54.0,0,0.010380622837370242
E0000020820260226173108415143525,84177632104,2026-02-26 14:31:31,0,0,0.9918923635902074,0.024313187704480044,1,1,FALSE_POSITIVE,60,7,179.89,3.5978,2.14217721956081,1.5467641283492892,0,0,50520.45,61,9,1,0,14,0.0,4,179.89,0,0.0,0,0.058980327868852454
E0000020820260226173125276843525,9870440100,2026-02-26 14:31:56,0,0,0.9849588271693084,0.05341360589577332,1,1,FALSE_POSITIVE,72,541,180.0,3.0010003334444817,0.2892061036541539,0.1928362031142864,0,0,97870.28333333334,114,11,2,1,14,0.0,4,180.0,72,180.0,0,0.026324564328460368
E0000020820260226173126949113525,91348277149,2026-02-26 14:32:15,0,0,0.9777872975074174,0.07008027226702307,1,1,FALSE_POSITIVE,44,3,8600.0,172.0,1.8564693131178835,1.845675886878826,0,0,20325.366666666665,6,3,1,1,14,0.0,6,8600.0,44,8600.0,0,28.666666666666668
E0000020820260226173532466696525,97345660168,2026-02-26 14:35:33,0,0,0.9736144826820252,0.07754309935006126,1,1,FALSE_POSITIVE,44,247,10.0,0.2501876407305479,0.0365209182660701,-0.1094531920434121,0,0,63514.93333333333,243,7,3,1,14,26.0,7,10.0,44,10.0,0,0.0010295787684384688
E0000020820260226173601412220542,6559837750,2026-02-26 14:36:02,0,0,0.9811985339616355,0.06330644045254125,1,1,FALSE_POSITIVE,21,45,95.0,13.571428571428571,5.589372261977598,5.177523779516091,0,0,44940.083333333336,196,11,4,1,14,0.0,6,95.0,21,95.0,0,0.06924198250728864
E0000020820260226173602833861525,78107571134,2026-02-26 14:36:04,0,0,0.9801989623494692,0.06524512552159045,1,1,FALSE_POSITIVE,47,203,40.0,1.6,0.5257889898278362,0.1971708711854385,0,0,5565.466666666666,1073,23,6,1,14,26.0,7,40.0,47,40.0,0,0.0014911463187325257
E0000020820260226173743996298525,29708710172,2026-02-26 14:39:01,0,0,0.9775651704824916,0.07052955106785452,1,1,FALSE_POSITIVE,61,504,491.1,5.847820909740414,0.8520895730009295,0.7063789593975532,0,0,9842.2,210,12,3,1,14,50.0,9,491.1,61,491.1,0,0.027846766236859118
E0000020820260226174340376521525,4048893106,2026-02-26 14:43:41,0,0,0.9537817125993622,0.10103144926002433,1,1,FALSE_POSITIVE,35,195,24.99,1.666,0.1965657325857509,0.0785790983806183,0,0,26076.783333333333,1122,35,4,1,14,26.0,7,24.99,35,24.99,0,0.0014848484848484847
E0000020820260226174919221324525,16602735000125,2026-02-26 14:49:41,0,0,0.9555904612309011,0.09936367897946574,1,1,FALSE_POSITIVE,13,54,300.0,2.5,0.2356922466685531,0.1414153480011319,0,0,7280.266666666666,735,24,5,1,14,0.0,4,300.0,13,300.0,0,0.003401360544217687
E0000020820260226175255726852525,17923743134,2026-02-26 14:52:56,0,0,0.9800561664048741,0.0656228769723286,1,1,FALSE_POSITIVE,71,372,10.0,0.3333333333333333,0.2286783503741335,-0.457356700748267,0,0,70765.58333333333,342,12,2,1,14,0.0,6,10.0,71,10.0,0,0.0009746588693957114
E0000020820260226175256629105525,2518437428,2026-02-26 14:53:09,0,0,0.989782156853412,0.036389801074890926,1,1,FALSE_POSITIVE,54,35,65.0,1.625,0.2279822138644835,0.0876854668709552,0,0,57357.43333333333,193,8,1,0,14,0.0,2,65.0,0,0.0,0,0.008419689119170985
E0000020820260226175556658679525,84032812420,2026-02-26 14:55:58,0,0,0.9751059069922414,0.07521736369442206,1,1,FALSE_POSITIVE,67,9,70.0,0.8045977011494253,0.4057126796857886,-0.0985302222094058,0,0,75139.9,41,5,2,1,14,0.0,7,70.0,67,70.0,0,0.019624334174376225
E0000020820260226175849029720542,13012081674,2026-02-26 14:58:50,0,0,0.9920034271026703,0.023657407872100633,1,1,FALSE_POSITIVE,31,54,20.0,1.0,0.1609117889394272,0.0,0,0,49104.88333333333,1048,80,1,0,14,0.0,4,20.0,0,0.0,0,0.0009541984732824427
E0000020820260226180154936612525,8079705143,2026-02-26 15:01:55,0,0,0.974312596188935,0.07611211471583296,1,1,FALSE_POSITIVE,21,23,13.93,0.6191111111111111,0.1804714589175336,-0.1110294618035365,0,0,73418.25,145,7,2,1,15,26.0,10,13.93,21,13.93,0,0.004269731800766284
E0000020820260226180219571320525,1080344454,2026-02-26 15:02:20,0,0,0.9836419312358196,0.05721370177137758,1,1,FALSE_POSITIVE,42,7,262.67,3.752428571428572,0.612525872267439,0.4492913534464061,0,0,24272.0,485,19,7,1,15,0.0,7,262.67,42,262.67,0,0.007736966126656849
E0000020820260226180620455900542,82231460530,2026-02-26 15:06:21,0,0,0.9511637869484507,0.10341775578511281,1,1,FALSE_POSITIVE,47,54,5.91,0.394,0.0225859700109163,-0.0347388269711049,0,0,20577.9,263,12,1,0,15,0.0,4,5.91,0,0.0,0,0.0014980988593155894
E0000020820260226180609693687542,6782963167,2026-02-26 15:06:22,0,0,0.9537182477350976,0.10108905850285732,1,1,FALSE_POSITIVE,28,45,50.0,0.925925925925926,0.4940907771253983,-0.0395272621700318,0,0,82384.7,346,13,2,1,15,0.0,4,50.0,28,50.0,0,0.002676086491115393
E0000020820260226180706737770542,6782963167,2026-02-26 15:07:24,0,0,0.997445539213353,-0.04828281447098881,1,1,FALSE_POSITIVE,28,45,50.0,0.925925925925926,0.4940907771253983,-0.0395272621700318,1,1,1.0333333333333334,346,13,3,1,15,0.0,6,100.0,28,50.0,3,0.002676086491115393
E0000020820260226180826151777525,3354930764,2026-02-26 15:08:41,0,1,0.9961762419280625,-0.022810157048508306,1,1,FALSE_POSITIVE,53,26,997.0,1.0,0.2306441332724781,0.0,0,0,20325.366666666665,1,1,1,1,15,50.0,11,997.0,53,997.0,0,1.0
E0000020820260226181431844189525,83235957120,2026-02-26 15:15:04,0,0,0.9723293191806686,0.07942859341544772,1,1,FALSE_POSITIVE,86,16,1200.0,5.454545454545454,1.597711413739806,1.3047976545541746,0,0,20325.366666666665,120,8,1,1,15,26.0,11,1200.0,86,1200.0,0,0.045454545454545456
E0000020820260226181541182282542,19774703782,2026-02-26 15:15:55,0,0,0.9683786313802021,0.0850965294625583,1,1,FALSE_POSITIVE,21,46,35.0,1.75,0.544277717937626,0.2332618791161254,0,0,8660.183333333332,352,18,1,0,15,0.0,2,35.0,0,0.0,0,0.004971590909090909
E0000020820260226181706466818525,3689393167,2026-02-26 15:17:15,0,0,0.969933520554683,0.08313015910566723,1,1,FALSE_POSITIVE,35,168,500.0,3.333333333333333,1.233698823117285,0.8635891761820994,0,0,77175.0,129,7,2,1,15,26.0,5,500.0,35,500.0,0,0.025839793281653745
E0000020820260226181758418712525,244647674,2026-02-26 15:18:01,0,0,0.960445523347137,0.09428322888069124,1,1,FALSE_POSITIVE,53,202,43.34,1.0835,0.1418056689092755,0.0109282633631052,0,0,69189.76666666666,304,12,2,1,15,0.0,4,43.34,53,43.34,0,0.0035641447368421056
E0000020820260226182306108744525,5923148471,2026-02-26 15:23:20,0,0,0.9564313706824059,0.09832675356926379,1,1,FALSE_POSITIVE,40,8,15.0,0.2308402585410895,0.0457823534655273,-0.1525468017471372,0,0,57563.333333333336,101,8,3,1,15,20.0,8,15.0,40,15.0,0,0.0022855471142682136
E0000020820260226182847765620525,94633851500,2026-02-26 15:29:00,0,0,0.9645548733082647,0.08956925545850986,1,1,FALSE_POSITIVE,51,45,3.0,0.3,0.0319314171417311,-0.0745066399973726,0,0,8373.15,274,23,1,0,15,0.0,2,3.0,0,0.0,0,0.0010948905109489052
E0000020820260226182941927529542,16703985790,2026-02-26 15:29:52,0,0,0.9908451933298428,0.03058737219849278,1,1,FALSE_POSITIVE,25,52,23.0,0.8518518518518519,0.2084949223167471,-0.036259986489869,0,0,67407.15,141,7,1,0,15,0.0,2,23.0,0,0.0,0,0.006041502495403204
E0000020820260226183124306195525,21509530134,2026-02-26 15:31:24,0,0,0.9945896203214495,0.00397599381244268,1,1,FALSE_POSITIVE,71,527,10.0,1.0,0.1007161888422962,0.0,0,0,3970.6666666666665,734,22,7,1,15,20.0,7,10.0,71,10.0,0,0.0013623978201634877
E0000020820260226183350537810525,26700336104,2026-02-26 15:33:51,0,0,0.9841972487981341,0.05544997410286523,1,1,FALSE_POSITIVE,64,392,29.8,0.4966666666666667,0.092796548738524,-0.0940421399967592,0,0,91745.23333333334,354,25,2,1,15,26.0,8,29.8,64,29.8,0,0.0014030131826741996
E0000020820260226183628775243542,17931713788,2026-02-26 15:36:43,0,0,0.9534326558459073,0.10137511020755208,1,1,FALSE_POSITIVE,24,53,6.0,0.5029337803855826,0.043472295307111,-0.0429651185285281,0,0,98055.36666666668,132,12,2,1,15,0.0,4,6.0,24,6.0,0,0.003810104396860474
E0000020820260226183918545535525,25598778807,2026-02-26 15:39:19,0,0,0.9870373014739715,0.04712758900721342,1,1,FALSE_POSITIVE,66,22,180.0,1.8,0.3168183992879247,0.1408081774612999,0,0,53318.45,223,11,3,1,15,26.0,12,180.0,66,180.0,0,0.008071748878923767
E0000020820260226184339362957525,81461186153,2026-02-26 15:43:40,0,0,0.9695685975851619,0.08366459582100921,1,1,FALSE_POSITIVE,48,305,166.91,2.834748641304348,0.6247393547733553,0.4043531993060067,0,0,93520.86666666668,122,7,2,1,15,0.0,2,166.91,48,166.91,0,0.023235644600855306
E0000020820260226184400481482525,6376502000106,2026-02-26 15:44:19,0,0,0.9975090040776176,-0.050233234430458684,1,1,FALSE_POSITIVE,1,18,45000.0,64.28571428571429,0.5068474063084453,0.498963113321425,0,0,8537.05,741,24,6,1,15,0.0,5,45000.0,1,45000.0,0,0.08675534991324466
E0000020820260226184922422137525,20732708400,2026-02-26 15:49:23,0,0,0.9817697177400162,0.06217874978785115,1,1,FALSE_POSITIVE,80,35,1401.84,15.576,5.938489924347655,5.557230941017682,0,0,23437.13333333333,103,10,2,1,15,0.0,9,1401.84,80,1401.84,0,0.15122330097087378
E0000020820260226185122377353525,80066500559,2026-02-26 15:51:32,0,0,0.9777238326431529,0.07026458860345447,1,1,FALSE_POSITIVE,45,140,49.99,1.281794871794872,0.4285180617320824,0.0942071113909899,0,0,68968.36666666667,91,8,2,1,15,50.0,8,49.99,45,49.99,0,0.014085657931811778
E00000208202602261000Skb9fOsG523,92898550000600,2026-02-26 16:05:20,0,0,0.99536706490869,-0.0058178385485660455,1,1,FALSE_POSITIVE,16,192,7896.76,2.404067280614963,0.1411426801737417,0.0824327258759413,0,0,30172.35,1234,124,4,1,16,0.0,2,7896.76,16,7896.76,0,0.001948190665004022
E0000020820260226191126969133542,8251050642,2026-02-26 16:11:27,0,0,0.9516239072143684,0.10296368426667418,1,1,FALSE_POSITIVE,37,58,72.15,4.8100000000000005,0.4123634746910746,0.3266330225723481,0,0,92583.68333333332,381,13,2,1,16,0.0,6,72.15,37,72.15,0,0.012624671916010499
E0000020820260226191627616206525,89514041100,2026-02-26 16:16:40,0,0,0.9845621717676551,0.05459270894986179,1,1,FALSE_POSITIVE,44,109,120.0,1.0,0.2576845897589522,0.0,0,0,64441.23333333333,204,10,2,1,16,60.0,8,120.0,44,120.0,0,0.004901960784313725
E0000020820260226191545632862525,3169447424,2026-02-26 16:16:41,0,0,0.9562568423056785,0.09846963898540068,1,1,FALSE_POSITIVE,46,20,300.0,7.5,0.2497724161234082,0.2164694273069538,0,0,86174.88333333333,185,12,2,1,16,0.0,5,300.0,46,300.0,0,0.04054054054054054
E0000020820260226192819814360542,992899460,2026-02-26 16:28:34,0,0,0.9872435622828312,0.04619173237678997,1,1,FALSE_POSITIVE,46,3,80.0,2.6666666666666665,0.3478544633461563,0.2174090395913476,0,0,7165.25,584,19,4,0,16,0.0,3,80.0,0,0.0,0,0.0045662100456621
E0000020820260226193130028952525,2432182146,2026-02-26 16:31:41,0,0,0.972741840798388,0.07884312283633366,1,1,FALSE_POSITIVE,35,212,10.0,0.8517887563884157,0.1437816409375249,-0.0250180055231293,0,0,77609.5,292,15,3,1,16,0.0,3,10.0,35,10.0,0,0.0029170847821521086
E0000020820260226193315138636525,1021708000191,2026-02-26 16:33:55,0,0,0.9611595030701128,0.09361623919256867,1,1,FALSE_POSITIVE,41,296,2200.0,0.9869985374476218,0.1248304926134025,-0.0016443580345165,0,0,48968.75,302,21,2,1,16,0.0,2,2200.0,41,2200.0,0,0.0032682070776411318
E0000020820260226193337066244525,9622012191,2026-02-26 16:34:01,0,0,0.9875291541720215,0.045341616411668284,1,1,FALSE_POSITIVE,82,9,80.0,0.7272727272727273,0.1177673703309597,-0.0441627638741099,0,0,94228.05,97,7,2,1,16,0.0,8,80.0,82,80.0,0,0.007497656982193065
E0000020820260226193837079324525,12424758425,2026-02-26 16:39:49,0,0,0.9934948514128865,0.014101944703867608,1,1,FALSE_POSITIVE,24,1,3000.0,1.0,3.9036183070375934,0.0,0,0,2956.233333333333,14,3,1,0,16,0.0,4,3000.0,0,0.0,0,0.07142857142857142
E0000020820260226194232986322525,56123353187,2026-02-26 16:42:33,0,0,0.9704571056848652,0.08235609477834516,1,1,FALSE_POSITIVE,54,431,10414.43,52.07215,7.298366703484644,7.1582079678940325,0,0,20325.366666666665,83,7,1,1,16,0.0,4,10414.43,54,10414.43,0,0.6273753012048193
E0000020820260226194622376991525,85756512187,2026-02-26 16:46:24,0,0,0.9545432909705365,0.1004420046289008,1,1,FALSE_POSITIVE,46,232,20.49,0.6209090909090909,0.2281381167831049,-0.1392878399686014,0,0,66658.23333333334,80,5,2,1,16,0.0,4,20.49,46,20.49,0,0.007761363636363636
E0000020820260226194730178182542,5742329741,2026-02-26 16:47:43,0,0,0.9806908150475193,0.06441068540891315,1,1,FALSE_POSITIVE,40,62,100.0,1.4285714285714286,0.3264216406459476,0.0979264921937843,0,0,48535.05,108,8,1,0,16,0.0,2,100.0,0,0.0,0,0.013227513227513227
E0000020820260226194820977751525,73919683153,2026-02-26 16:48:57,0,0,0.9821187744934711,0.061355861734955164,1,1,FALSE_POSITIVE,48,76,12.0,0.24,0.2256013216414029,-0.714404185197776,0,0,86515.11666666667,986,38,2,1,16,0.0,3,12.0,48,12.0,0,0.0002434077079107505
E0000020820260226195359046633542,18428750785,2026-02-26 16:53:59,0,0,0.9578275976962254,0.0970465545786443,1,1,FALSE_POSITIVE,24,56,3.9,0.195,0.0211560866339342,-0.0873366653349594,0,0,90631.55,470,18,2,1,16,0.0,6,3.9,24,3.9,0,0.0004148936170212766
E0000020820260226195433854109525,70751959138,2026-02-26 16:54:45,0,0,0.9523220207212781,0.10229001315886765,1,1,FALSE_POSITIVE,29,24,100.0,10.0,1.6638077167452614,1.4974269450707354,0,0,56338.11666666667,549,16,2,1,16,0.0,7,100.0,29,100.0,0,0.018214936247723135
E0000020820260226200137393268525,48443047000156,2026-02-26 17:01:58,0,0,0.9555111301505704,0.09944253078249843,1,1,FALSE_POSITIVE,3,14,1200.0,3.264062670003264,0.3208538739235922,0.2225549420825344,0,0,47863.85,134,8,2,1,17,0.0,5,1200.0,3,1200.0,0,0.024358676641815406
E0000020820260226200348519716542,50527266191,2026-02-26 17:04:05,0,0,0.976518000222127,0.07257228260319948,1,1,FALSE_POSITIVE,55,138,18.0,0.3174603174603174,0.0921119315753604,-0.198040652887025,0,0,43117.583333333336,894,26,4,1,17,0.0,2,18.0,55,18.0,0,0.0003551010262419658
E0000020820260226200942159971542,82691851915,2026-02-26 17:09:42,0,0,0.9556697923112317,0.09927509128911538,1,1,FALSE_POSITIVE,53,52,32.19,1.6095,0.6745352871313566,0.2554391161892275,0,0,94870.21666666666,52,4,2,1,17,0.0,6,32.19,53,32.19,0,0.030951923076923075
E0000020820260226201404969574525,16069854420,2026-02-26 17:14:24,0,0,0.9681406381392101,0.08545283721288705,1,1,FALSE_POSITIVE,67,35,12.0,0.3,0.0342071481759465,-0.0798166790772087,0,0,69186.76666666666,107,6,2,1,17,0.0,6,12.0,67,12.0,0,0.002803738317757009
E0000020820260226201754811692525,39829766187,2026-02-26 17:18:09,0,0,0.9637774287210243,0.09045579621260863,1,1,FALSE_POSITIVE,58,423,75.1,0.6682683751557217,0.1713991711552642,-0.0850833701820006,0,0,60290.53333333333,72,4,2,1,17,0.0,2,75.1,58,75.1,0,0.009281505210496133
E0000020820260226202607992635525,17906814134,2026-02-26 17:26:32,0,0,0.9921144906151332,0.023085709047447167,1,1,FALSE_POSITIVE,75,401,400.0,2.0,1.105848067414237,0.5529240337071185,0,0,33540.48333333333,61,7,1,0,17,0.0,4,400.0,0,0.0,0,0.03278688524590164
E0000020820260226202825701770525,4925241494,2026-02-26 17:28:26,0,0,0.9968743554349723,-0.0357356582325028,1,1,FALSE_POSITIVE,44,6,20.0,1.0,0.0784780469654335,0.0,1,1,17.3,36,5,2,1,17,0.0,9,40.0,44,20.0,2,0.027777777777777776
E0000020820260226202902909839525,25268312000101,2026-02-26 17:29:41,0,0,0.971282148920304,0.08124017246473586,1,1,FALSE_POSITIVE,9,14,20000.0,66.66666666666667,2.299269161803858,2.2647801243768004,0,0,20325.366666666665,36,7,1,1,17,0.0,5,20000.0,9,20000.0,0,1.8518518518518519
E0000020820260226204010460421542,14727220784,2026-02-26 17:40:28,0,0,0.9757405556348866,0.07404803743949195,1,1,FALSE_POSITIVE,30,57,30.0,3.0,1.5881935229935158,1.0587956819956772,0,0,7565.966666666666,197,15,1,0,17,0.0,3,30.0,0,0.0,0,0.015228426395939087
E0000020820260226204159622415525,7219247192,2026-02-26 17:42:00,0,0,0.9596204801116982,0.09500808353421575,1,1,FALSE_POSITIVE,22,94,1151.44,38.38133333333334,3.395736410375135,3.307262766667036,0,0,42020.066666666666,524,20,2,1,17,0.0,4,1151.44,22,1151.44,0,0.07324681933842239
E0000020820260226205335807330525,4835256182,2026-02-26 17:53:36,0,0,0.9894489663160233,0.03762651445171716,1,1,FALSE_POSITIVE,35,14,6.9,0.6900000000000001,0.1842437888452024,-0.0827761949884242,0,0,17111.85,624,48,5,0,17,0.0,5,6.9,0,0.0,0,0.001105769230769231
E0000020820260226205406764363542,3358648214,2026-02-26 17:54:18,0,0,0.9911307852190331,0.02871987062912673,1,1,FALSE_POSITIVE,28,53,50.0,1.1111111111111112,0.0655297778183921,0.0065529777818392,0,0,94843.7,160,13,1,0,17,0.0,2,50.0,0,0.0,0,0.006944444444444444
E0000020820260226205906499523542,5136583789,2026-02-26 17:59:34,0,0,0.9722975867485364,0.07946091066935668,1,1,FALSE_POSITIVE,47,52,50.0,4.166666666666667,2.050768664992144,1.5585841853940292,0,0,78231.93333333333,306,9,3,1,17,0.0,4,50.0,47,50.0,0,0.013616557734204794
E0000020820260226210142698874525,23521996115,2026-02-26 18:01:43,0,0,0.9815475907150903,0.06260634901317813,1,1,FALSE_POSITIVE,63,149,50.0,1.4285714285714286,0.2555029674480238,0.0766508902344071,0,0,36494.43333333333,925,23,5,1,18,0.0,5,50.0,63,50.0,0,0.0015444015444015444
E0000020820260226210155464522542,1684119111,2026-02-26 18:01:56,0,0,0.9965252986815174,-0.029400929009913424,1,1,FALSE_POSITIVE,39,185,12.0,1.2,0.4675294233359782,0.0779215705559963,0,0,363.75,1431,48,7,0,18,0.0,2,12.0,0,0.0,0,0.0008385744234800838
E0000020820260226210317673772525,90944062172,2026-02-26 18:03:33,0,0,0.9672362638234407,0.08655480456021775,1,1,FALSE_POSITIVE,44,222,100.0,2.1668472372697725,0.2434822467413054,0.131115189870193,0,0,93465.51666666666,68,5,2,1,18,0.0,2,100.0,44,100.0,0,0.03186540054808489
E0000020820260226210348670626525,6602486110,2026-02-26 18:03:49,0,0,0.9674425246323004,0.08637446292174256,1,1,FALSE_POSITIVE,18,120,21.7,0.9559471365638766,0.0500953753021302,-0.0023085426406511,0,0,18985.38333333333,335,13,1,0,18,0.0,2,21.7,0,0.0,0,0.002853573541981721
E0000020820260226210414857116525,1182742106,2026-02-26 18:04:15,0,0,0.9746775191584559,0.07560679446115326,1,1,FALSE_POSITIVE,50,38,10.0,0.5,0.1146285870330189,-0.1146285870330189,0,0,24204.18333333333,586,15,3,0,18,0.0,4,10.0,0,0.0,0,0.0008532423208191126
E0000020820260226210855521208525,37339524134,2026-02-26 18:09:19,0,0,0.9955733257175496,-0.008991883320576766,1,1,FALSE_POSITIVE,60,435,6300.0,52.06611570247934,0.6333666077557732,0.621201947511575,0,0,48946.25,114,9,4,1,18,0.0,3,6300.0,60,6300.0,0,0.45672031317964334
E0000020820260226211000015336525,3371397173,2026-02-26 18:10:15,0,0,0.9823409015183969,0.0606053781883471,1,1,FALSE_POSITIVE,36,10,300.0,9.99666777740753,1.97797583168576,1.780112315989461,0,0,42140.9,358,50,5,1,18,0.0,6,300.0,36,300.0,0,0.027923653009518244
E0000020820260226211026156649542,16459287724,2026-02-26 18:10:40,0,0,0.9547971504275945,0.10017513799767214,1,1,FALSE_POSITIVE,29,50,40.0,2.0,0.2003629768093391,0.1001814884046695,0,0,93371.4,431,15,2,1,18,0.0,4,40.0,29,40.0,0,0.004640371229698376
E0000020820260226211050359149542,7129851589,2026-02-26 18:11:03,0,0,0.9682993002998714,0.08518277263263319,1,1,FALSE_POSITIVE,29,67,12.0,1.0,0.190659858378768,0.0,0,0,27165.766666666663,214,17,2,0,18,0.0,3,12.0,0,0.0,0,0.004672897196261682
E0000020820260226211155640218542,9091664479,2026-02-26 18:12:14,0,0,0.9594142193028384,0.09516650467339077,1,1,FALSE_POSITIVE,51,57,100.0,3.333333333333333,0.8054369707057295,0.5638058794940106,0,0,76922.45,92,11,2,1,18,0.0,4,100.0,51,100.0,0,0.036231884057971016
E0000020820260226211537500299525,38651050178,2026-02-26 18:15:38,0,0,0.9909721230583718,0.029667631146596152,1,1,FALSE_POSITIVE,57,208,10.0,1.0,0.1451314052485505,0.0,0,0,1571.8833333333334,1293,50,3,0,18,0.0,2,10.0,0,0.0,0,0.0007733952049497294
E0000020820260226211647501154525,4048893106,2026-02-26 18:16:48,0,0,0.9913529122439589,0.027345957672201104,1,1,FALSE_POSITIVE,35,195,20.53,1.3686666666666667,0.1614843733487582,0.0434977391436255,0,0,213.11666666666667,1122,35,4,0,18,0.0,2,20.53,0,0.0,0,0.001219845513963161
E0000020820260226211836331836525,81568517149,2026-02-26 18:18:37,0,0,0.9904802703603217,0.032637170706943996,1,1,FALSE_POSITIVE,53,330,160.0,0.64,0.3558294642304745,-0.2001540736296419,0,0,44450.38333333333,376,21,2,0,18,0.0,2,160.0,0,0.0,0,0.001702127659574468
E0000020820260226211924809381525,1776190823,2026-02-26 18:19:25,0,0,0.999270154060958,-0.12044372307230289,1,1,FALSE_POSITIVE,64,10,110.88,2.2642434143353074,0.8415075076952714,0.4698568705033752,1,1,0.9333333333333332,65,10,1,0,18,0.0,8,221.76,0,0.0,1,0.03483451406669704
E0000020820260226212326353595525,11680518437,2026-02-26 18:23:27,0,0,0.9659511003220842,0.08806179325299923,1,1,FALSE_POSITIVE,20,19,8.9,0.356,0.1849211692924701,-0.3345203174841314,0,0,83517.76666666666,81,5,2,1,18,0.0,7,8.9,20,8.9,0,0.004395061728395062
E0000020820260226212518834940525,1014601126,2026-02-26 18:25:53,0,0,0.9741698002443397,0.07642353490877674,1,1,FALSE_POSITIVE,41,38,177.78,7.139759036144579,2.1138691002707453,1.8177990102901984,0,0,76266.1,70,8,3,1,18,0.0,4,177.78,41,177.78,0,0.10199655765920826
E0000020820260226212659224314525,590164180,2026-02-26 18:26:59,0,0,0.9600171355133514,0.09461834525642204,1,1,FALSE_POSITIVE,40,9,5.88,0.1176,0.1047343932061834,-0.78586418847905,0,0,92714.96666666666,16,3,2,1,18,0.0,6,5.88,40,5.88,0,0.00735
E00000208202602261318jxRmMKPZ523,42107381000152,2026-02-26 18:38:03,0,0,0.9909721230583718,0.029602888700095198,1,1,FALSE_POSITIVE,2,7,700.0,1.0,0.0637364161250386,0.0,0,0,24529.9,1092,64,7,1,18,0.0,5,700.0,2,700.0,0,0.0009157509157509158
E0000020820260226213840532915525,70762740191,2026-02-26 18:38:41,0,0,0.958747838228061,0.09593974934340449,1,1,FALSE_POSITIVE,44,287,7.5,0.0510204081632653,0.0102399763384389,-0.1904635598949638,0,0,79648.53333333334,205,10,2,1,18,0.0,4,7.5,44,7.5,0,0.00024888003982080636
E0000020820260226213915785703525,5948552179,2026-02-26 18:39:41,0,0,0.9765497326542593,0.07252216158873026,1,1,FALSE_POSITIVE,14,38,10.0,0.8333333333333334,0.2499464608788722,-0.0499892921757744,0,0,63234.41666666666,66,5,2,1,18,26.0,7,10.0,14,10.0,0,0.012626262626262626
E0000020820260226214401030293525,5058073196,2026-02-26 18:44:01,0,0,0.9886239230805846,0.04078113649003301,1,1,FALSE_POSITIVE,29,16,29.25,0.5158730158730158,0.0067108299352278,-0.0062978557853677,0,0,57776.73333333333,85,6,3,1,18,55.0,11,29.25,29,29.25,0,0.006069094304388422
E0000020820260226214515951238542,70332734447,2026-02-26 18:45:16,0,0,0.976882923191648,0.07208003540032626,1,1,FALSE_POSITIVE,26,56,50.0,1.0416666666666667,0.2442623854254997,0.0097704954170199,0,0,14930.5,696,21,7,1,18,0.0,6,50.0,26,50.0,0,0.0014966475095785441
E0000020820260226214847921814525,48361053000164,2026-02-26 18:49:48,0,0,0.9943674932965237,0.006442321109535409,1,1,FALSE_POSITIVE,3,29,34806.0,295.11616075970835,5.00065510817152,4.983710407158541,0,0,20325.366666666665,205,13,1,1,18,0.0,5,34806.0,3,34806.0,0,1.4395910280961381
E0000020820260226215002008828525,69061475104,2026-02-26 18:50:18,0,0,0.9652053881669761,0.08892184879729281,1,1,FALSE_POSITIVE,51,183,15.0,0.3,0.1002275274551757,-0.2338642307287434,0,0,85681.21666666666,94,6,2,1,18,26.0,5,15.0,51,15.0,0,0.0031914893617021275
E0000020820260226215207691688525,10173439187,2026-02-26 18:52:08,0,0,0.9643010138512066,0.08999392795406536,1,1,FALSE_POSITIVE,72,213,36.17,1.0638235294117648,0.0747028384294457,0.0044817572405832,0,0,43238.98333333333,454,11,3,1,18,0.0,4,36.17,72,36.17,0,0.002343223633065561
E0000020820260226215300930541542,85876771287,2026-02-26 18:53:18,0,1,0.9832770082662986,0.058018758023499095,1,1,FALSE_POSITIVE,39,59,16.0,1.0,0.2306441332724781,0.0,0,0,20325.366666666665,1,1,1,1,18,0.0,4,16.0,39,16.0,0,1.0
E0000020820260226215516585816525,1712834576,2026-02-26 18:55:17,0,0,0.9918606311580751,0.024634608474194852,1,1,FALSE_POSITIVE,39,24,7.0,0.28,0.0247168072702128,-0.0635575044091188,0,0,50503.38333333333,339,15,4,0,18,0.0,5,7.0,0,0.0,0,0.0008259587020648968
E0000020820260226215629934742525,35769343168,2026-02-26 18:56:30,0,0,0.969949386770749,0.08311039081360821,1,1,FALSE_POSITIVE,62,400,65.0,1.0,0.4407186790841481,0.0,0,0,62308.28333333333,76,3,2,1,18,0.0,5,65.0,62,65.0,0,0.013157894736842105
E0000020820260226220100057482542,6844972393,2026-02-26 19:01:11,0,0,0.9735827502498929,0.07760470743460057,1,1,FALSE_POSITIVE,37,55,30.0,3.0,0.2744775536339358,0.1829850357559572,0,0,23484.533333333333,146,13,2,0,19,0.0,2,30.0,0,0.0,0,0.02054794520547945
E0000020820260226220122186208525,64674096120,2026-02-26 19:01:44,0,0,0.9785488758785917,0.0686321901449557,1,1,FALSE_POSITIVE,53,369,290.0,4.1053227633069085,0.2931760514088936,0.2217624090932927,0,0,95144.05,315,17,2,1,19,0.0,2,290.0,53,290.0,0,0.013032770677164789
E0000020820260226220303144452525,76613232149,2026-02-26 19:03:21,0,0,0.9664905516683326,0.08740218067275707,1,1,FALSE_POSITIVE,52,40,439.0,4.39,0.9325718774430432,0.7201409258614844,0,0,98274.98333333334,138,12,2,1,19,0.0,4,439.0,52,439.0,0,0.03181159420289855
E0000020820260226220518309614525,43408857000158,2026-02-26 19:05:19,0,0,0.9925904770971171,0.019996882452560205,1,1,FALSE_POSITIVE,4,10,361.32,5.0183333333333335,0.4245575477396818,0.3399562429758794,0,0,37729.55,1017,27,5,1,19,26.0,10,361.32,4,361.32,0,0.004934447722058342
E0000020820260226221222259465525,77837096134,2026-02-26 19:12:22,0,0,0.9633490408872388,0.09096550958261002,1,1,FALSE_POSITIVE,50,319,9.0,0.3333333333333333,0.0457044419728513,-0.0914088839457026,0,0,98043.65,72,5,2,1,19,0.0,4,9.0,50,9.0,0,0.004629629629629629
E0000020820260226221330984441525,20976828120,2026-02-26 19:13:32,0,0,0.9873863582274264,0.04577247894879766,1,1,FALSE_POSITIVE,66,484,28.0,0.6666666666666666,0.1244977009081576,-0.0622488504540788,0,0,94941.25,349,13,2,1,19,26.0,9,28.0,66,28.0,0,0.0019102196752626551
E0000020820260226221828596635525,30875463487,2026-02-26 19:18:29,0,0,0.9724403826931315,0.07915266923875197,1,1,FALSE_POSITIVE,63,35,24.5,0.5,0.2182451247621963,-0.2182451247621963,0,0,63404.96666666667,58,4,2,1,19,0.0,7,24.5,63,24.5,0,0.008620689655172414
E0000020820260226221851879136525,18721842191,2026-02-26 19:19:07,0,0,0.9856569406762181,0.05111734033730181,1,1,FALSE_POSITIVE,71,426,4.99,0.12475,0.0206030459573321,-0.1445516310553501,0,0,23247.233333333334,251,11,1,0,19,0.0,2,4.99,0,0.0,0,0.000497011952191235
E0000020820260226222117224244542,9735921766,2026-02-26 19:21:17,0,0,0.9848318974407794,0.053629263518991666,1,1,FALSE_POSITIVE,43,63,5.0,0.5,0.2011923187335259,-0.2011923187335259,0,0,1457.5,1318,48,1,0,19,0.0,3,5.0,0,0.0,0,0.00037936267071320183
E0000020820260226222009054537525,92386814572,2026-02-26 19:21:27,0,0,0.9622225395465436,0.09206334710803954,1,1,FALSE_POSITIVE,49,47,24.0,0.1846153846153846,0.0100390909026052,-0.0443393181531733,0,0,95552.3,112,8,2,1,19,26.0,7,24.0,49,24.0,0,0.0016483516483516484
E0000020820260226222230722132525,3880302162,2026-02-26 19:22:55,0,0,0.962761990892792,0.09159528083706253,1,1,FALSE_POSITIVE,35,184,32.0,1.0666666666666669,0.2417961685580525,0.0151122605348782,0,0,69331.36666666667,79,9,2,1,19,20.0,5,32.0,35,32.0,0,0.01350210970464135
E0000020820260226222849203431525,1759488100,2026-02-26 19:28:49,0,0,0.964824598981389,0.08936829221825854,1,1,FALSE_POSITIVE,40,67,13.3,0.3022727272727273,0.0438100332358315,-0.10112541506316,0,0,59054.65,292,17,3,1,19,26.0,8,13.3,40,13.3,0,0.0010351805728518058
E0000020820260226222849153770525,93928092120,2026-02-26 19:28:49,0,0,0.9567328287876624,0.09806728996919395,1,1,FALSE_POSITIVE,45,247,59.0,0.9800664451827242,0.0324283402512328,-0.0006595594627369,0,0,71061.78333333334,98,6,2,1,19,0.0,4,59.0,45,59.0,0,0.010000678012068614
E0000020820260226223359277632525,2406295150,2026-02-26 19:34:00,0,0,0.9719802624272137,0.08010293470367974,1,1,FALSE_POSITIVE,39,49,30.0,0.6,0.2581302125772266,-0.1720868083848177,0,0,4114.533333333334,1153,28,5,1,19,26.0,9,30.0,39,30.0,0,0.0005203816131830009
E0000020820260226223750803451542,63616398355,2026-02-26 19:38:04,0,0,0.9677281165214908,0.08593434701991809,1,1,FALSE_POSITIVE,43,50,18.0,0.4448838358872961,0.115797809573445,-0.1444899335010875,0,0,21477.616666666665,711,26,6,1,19,0.0,4,18.0,43,18.0,0,0.0006257156622887427
E0000020820260226224230281676525,45516510600,2026-02-26 19:45:06,0,0,0.9837053961000841,0.056895091421508615,1,1,FALSE_POSITIVE,65,438,3200.0,40.0,7.732319468826354,7.539011482105695,0,0,21624.38333333333,66,5,2,1,19,0.0,5,3200.0,65,3200.0,0,0.6060606060606061
E0000020820260226224719941300542,10011017740,2026-02-26 19:47:20,0,0,0.9828327542164469,0.05940531171954844,1,1,FALSE_POSITIVE,47,58,25.0,1.7857142857142858,0.4010180438853491,0.1764479393095536,0,0,1941.6,1530,45,6,1,19,0.0,6,25.0,47,25.0,0,0.0011671335200746965
E0000020820260226225255963980525,58344259000130,2026-02-26 19:53:22,0,0,0.9944150919447221,0.005461318107997826,1,1,FALSE_POSITIVE,1,15,73698.0,10.438691912839516,2.56375899668566,2.318157438742153,0,0,20325.366666666665,129,10,1,1,19,0.0,6,73698.0,1,73698.0,0,0.08092009234759313
E0000020820260226225631972500525,2313662136,2026-02-26 19:56:47,0,0,0.9530677328763864,0.10170245844464432,1,1,FALSE_POSITIVE,37,48,185.0,3.363636363636364,1.0842969241002272,0.761938379097457,0,0,63839.71666666667,135,11,2,1,19,0.0,4,185.0,37,185.0,0,0.024915824915824916
E0000020820260226230945613294525,718570286,2026-02-26 20:09:46,0,0,0.9695685975851619,0.0836341802928402,1,1,FALSE_POSITIVE,28,7,5.98,0.1495,0.0383901699356517,-0.2184002644165338,0,0,67621.65,166,7,3,1,20,0.0,7,5.98,28,5.98,0,0.0009006024096385543
E0000020820260226231537075323525,4368872150,2026-02-26 20:15:56,0,0,0.9816110555793549,0.06245879375441371,1,1,FALSE_POSITIVE,30,50,20.0,2.0,1.188128656046437,0.5940643280232185,0,0,64527.63333333333,873,37,2,1,20,26.0,7,20.0,30,20.0,0,0.002290950744558992
E0000020820260226232353812229525,3768381161,2026-02-26 20:23:54,0,0,0.9820870420613388,0.06145328963325891,1,1,FALSE_POSITIVE,58,38,10.0,1.0,0.4346629590436223,0.0,0,0,17453.25,1541,33,5,1,20,26.0,9,10.0,58,10.0,0,0.0006489292667099286
E0000020820260226232350625146525,55256945149,2026-02-26 20:24:09,0,0,0.9951290716676979,-0.0015922091049494491,1,1,FALSE_POSITIVE,56,254,2.0,0.1,0.0173040201433259,-0.1557361812899337,0,0,85052.86666666667,77,5,1,0,20,26.0,3,2.0,0,0.0,0,0.0012987012987012987
E0000020820260226232816273458525,4298073173,2026-02-26 20:28:16,0,0,0.95838291525854,0.09630603889555328,1,1,FALSE_POSITIVE,34,10,13.98,0.6990000000000001,0.1197079495768959,-0.0515480584014959,0,0,61812.9,240,10,3,1,20,0.0,7,13.98,34,13.98,0,0.0029125
E0000020820260226232915357414542,48712227803,2026-02-26 20:29:16,0,0,0.9613340314468403,0.09333702536421323,1,1,FALSE_POSITIVE,22,38,4.55,0.2274999999999999,0.0445784607963689,-0.1513708174294287,0,0,15889.15,130,11,1,0,20,0.0,4,4.55,0,0.0,0,0.00175
E0000020820260226234033661573542,54299365615,2026-02-26 20:41:59,0,0,0.9735510178177607,0.07772215042370206,1,1,FALSE_POSITIVE,60,58,40.0,1.3333333333333333,0.0724837660110714,0.0181209415027678,0,0,33088.666666666664,326,14,1,0,20,0.0,4,40.0,0,0.0,0,0.00408997955010225
E0000020820260226234627625843525,4136840756,2026-02-26 20:46:28,0,0,0.9589858314690529,0.09567149316555434,1,1,FALSE_POSITIVE,49,148,69.37,2.890416666666667,0.040153551127007,0.0262615916769829,0,0,15924.733333333334,134,8,4,1,20,46.0,8,69.37,49,69.37,0,0.021570273631840796
E0000020820260226234919426363542,3299326244,2026-02-26 20:49:19,0,0,0.9800561664048741,0.06562297604777773,1,1,FALSE_POSITIVE,31,49,30.0,1.0,0.3001241657148372,0.0,0,0,34550.933333333334,760,34,2,0,20,0.0,4,30.0,0,0.0,0,0.0013157894736842105
E0000020820260226235433988518525,76553612153,2026-02-26 20:54:34,0,0,0.9682199692195408,0.0852876661029166,1,1,FALSE_POSITIVE,51,82,30.0,0.4598405885959534,0.1482275146078672,-0.174117920492708,0,0,69751.98333333334,159,7,2,1,20,26.0,8,30.0,51,30.0,0,0.0028920791735594555
E0000020820260226235846472148542,14845013738,2026-02-26 20:58:46,0,0,0.9513383153251781,0.1033039708587653,1,1,FALSE_POSITIVE,31,59,15.0,0.3,0.2316275221142554,-0.540464218266596,0,0,81788.25,179,12,2,1,20,0.0,6,15.0,31,15.0,0,0.0016759776536312849
E0000020820260227000704357523542,3727648350,2026-02-26 21:07:16,0,0,0.961302299014708,0.0934656109766781,1,1,FALSE_POSITIVE,38,3,50.0,0.9433962264150944,0.141630634380036,-0.0084978380628021,0,0,82422.36666666667,507,17,2,1,21,0.0,5,50.0,38,50.0,0,0.0018607420639350973
E0000020820260227001230592682525,51070802000109,2026-02-26 21:12:57,0,0,0.9948276135624415,0.0021984850735025097,1,1,FALSE_POSITIVE,2,32,200.0,0.5555555555555556,0.054583871654464,-0.0436670973235712,0,0,8727.15,997,31,9,1,21,0.0,4,200.0,2,200.0,0,0.0005572272372673577
E0000020820260227001510918379525,202951111,2026-02-26 21:15:32,0,0,0.9703619083884685,0.08251234005303798,1,1,FALSE_POSITIVE,41,40,10.0,0.0588235294117647,0.0227661975734199,-0.3642591611747197,0,0,95640.76666666666,52,3,2,1,21,26.0,8,10.0,41,10.0,0,0.0011312217194570137
E0000020820260227001755890734525,88433862120,2026-02-26 21:18:27,0,0,0.9821346407095372,0.06134094645273208,1,1,FALSE_POSITIVE,46,155,22.0,1.1,0.8609890613734276,0.0782717328521297,0,0,10454.633333333331,256,16,1,0,21,26.0,3,22.0,0,0.0,0,0.004296875
E0000020820260227001929201515525,4578782158,2026-02-26 21:19:29,0,0,0.9709489583829153,0.08172138677031165,1,1,FALSE_POSITIVE,30,115,1.0,0.100502512562814,0.01132527625463,-0.1013612224789389,0,0,98031.7,395,11,2,1,21,26.0,7,1.0,30,1.0,0,0.0002544367406653521
E0000020820260227002505029637542,4733415222,2026-02-26 21:25:05,0,0,0.9829914163771082,0.05888751330051423,1,1,FALSE_POSITIVE,29,53,10.0,1.0,0.2032847841745086,0.0,0,0,66491.56666666667,1380,59,2,1,21,0.0,6,10.0,29,10.0,0,0.0007246376811594203
E0000020820260227002948185817542,61521654310,2026-02-26 21:29:48,0,0,0.975296301585035,0.074730849065681,1,1,FALSE_POSITIVE,29,52,10.0,2.0,0.7392987504835333,0.3696493752417666,0,0,7124.05,705,18,2,0,21,0.0,4,10.0,0,0.0,0,0.0028368794326241137
E0000020820260227004430448880525,58037104000150,2026-02-26 21:44:41,0,0,0.9947958811303093,0.0025533716486869085,1,1,FALSE_POSITIVE,1,16,20.0,0.1342281879194631,0.0139149931467821,-0.0897517057967446,0,0,3020.95,1282,36,7,1,21,26.0,8,20.0,1,20.0,0,0.00010470217466416777
E0000020820260227004727899831525,35209100472,2026-02-26 21:47:28,0,0,0.9776921002110207,0.0702853621164114,1,1,FALSE_POSITIVE,62,6,20.0,1.0,0.1778954423775932,0.0,0,0,7699.85,736,54,5,1,21,0.0,8,20.0,62,20.0,0,0.001358695652173913
E0000020820260227004632169997525,55312047104,2026-02-26 21:48:05,0,0,0.9590016976851191,0.09563844814749406,1,1,FALSE_POSITIVE,54,355,10.0,0.6666666666666666,0.0604728596926905,-0.0302364298463452,0,0,50483.71666666667,164,9,3,1,21,26.0,5,10.0,54,10.0,0,0.0040650406504065045
E0000020820260227005321092636525,2172707198,2026-02-26 21:53:21,0,0,0.9683468989480699,0.08510835074468259,1,1,FALSE_POSITIVE,38,173,10.0,0.5,0.0891269479102092,-0.0891269479102092,0,0,84996.2,142,21,2,1,21,20.0,7,10.0,38,10.0,0,0.0035211267605633804
E0000020820260227005527564344525,1310703477,2026-02-26 21:55:28,0,0,0.957906928776556,0.09696302687854674,1,1,FALSE_POSITIVE,42,31,10.0,0.8340283569641368,0.1837989334335587,-0.0365759877532781,0,0,27897.766666666663,939,25,5,1,21,0.0,6,10.0,42,10.0,0,0.000888209112847856
E0000020820260227005708037963525,11197792600,2026-02-26 21:57:08,0,0,0.957526139590969,0.09742866678462353,1,1,FALSE_POSITIVE,26,25,37.02,1.089785104503974,0.185424183663053,0.0152767088107053,0,0,38049.45,318,11,3,1,21,35.0,10,37.02,26,37.02,0,0.003426997183974762
E0000020820260227005706035743525,41963504100,2026-02-26 21:57:30,0,0,0.9539245085439574,0.10087883198102171,1,1,FALSE_POSITIVE,60,9,30.0,0.6,0.2854102992102615,-0.190273532806841,0,0,20420.7,118,7,5,1,21,0.0,6,30.0,60,30.0,0,0.005084745762711864
E0000020820260227005813851786525,35064960182,2026-02-26 21:58:14,0,0,0.9801354974852048,0.06534935888980287,1,1,FALSE_POSITIVE,56,392,52.6,0.9789689186674112,0.1447144368020023,-0.0031088842887122,0,0,76477.45,76,4,3,1,21,0.0,4,52.6,56,52.6,0,0.012881169982465938
E0000020820260227010404404646542,1296522709,2026-02-26 22:04:20,0,0,0.963983689529884,0.09025441716890031,1,1,FALSE_POSITIVE,56,58,20.0,0.4617871161394596,0.0907268975122142,-0.1057421990504857,0,0,88110.9,181,6,2,1,22,0.0,4,20.0,56,20.0,0,0.0025513100339196668
E0000020820260227010840800866525,83519637553,2026-02-26 22:08:43,0,0,0.9620004125216177,0.09244838766793761,1,1,FALSE_POSITIVE,43,13,4.5,0.1956521739130435,0.0174737195891281,-0.0718364027553044,0,0,65633.65,129,9,2,1,22,0.0,7,4.5,43,4.5,0,0.0015166835187057635
E0000020820260227011016687831525,2898478180,2026-02-26 22:10:17,0,0,0.969092611103178,0.08422646061222927,1,1,FALSE_POSITIVE,36,144,28.0,2.0,0.296788561312841,0.1483942806564205,0,0,97.86666666666666,414,21,5,1,22,26.0,7,28.0,36,28.0,0,0.004830917874396135
E0000020820260227012739317302542,83712658320,2026-02-26 22:27:56,0,0,0.9539403747600235,0.10086359723447991,1,1,FALSE_POSITIVE,51,51,30.0,1.433349259436216,0.4637794896904372,0.1402159990497422,0,0,6257.75,461,14,5,1,22,0.0,4,30.0,51,30.0,0,0.003109217482508061
E0000020820260227013341588205542,10660891751,2026-02-26 22:33:42,0,0,0.9819918447649421,0.06165592250871149,1,1,FALSE_POSITIVE,40,45,15.0,1.5,0.2461879189302075,0.0820626396434025,0,0,59804.11666666667,1014,43,4,1,22,0.0,6,15.0,40,15.0,0,0.0014792899408284023
E0000020820260227013822546857542,5688872713,2026-02-26 22:38:49,0,0,0.9576054706712996,0.09723773764930244,1,1,FALSE_POSITIVE,42,53,66.0,1.6541353383458648,0.1127695899312605,0.0445952469273621,0,0,64085.53333333333,64,4,2,1,22,0.0,4,66.0,42,66.0,0,0.025845864661654137
E0000020820260227014003716957542,4379905160,2026-02-26 22:40:26,0,0,0.9762165421168706,0.07334247202384564,1,1,FALSE_POSITIVE,36,54,50.0,1.6666666666666667,1.1051644498528226,0.442065779941129,0,0,80873.2,655,25,3,1,22,0.0,4,50.0,36,50.0,0,0.002544529262086514
E0000020820260227014117212258525,61924830191,2026-02-26 22:41:18,0,0,0.9955574595014834,-0.008771595061075277,1,1,FALSE_POSITIVE,53,218,30.0,1.5,0.4981286741803497,0.1660428913934499,0,0,3916.233333333333,1321,28,10,1,22,26.0,7,30.0,53,30.0,0,0.0011355034065102195
E0000020820260227014258417958525,4754653181,2026-02-26 22:42:59,0,0,0.9859425325654084,0.05024650054893193,1,1,FALSE_POSITIVE,30,79,10.0,1.0,0.1174873184077219,0.0,0,0,33600.65,1342,94,4,1,22,26.0,8,10.0,30,10.0,0,0.0007451564828614009
E0000020820260227014441455446525,2784109100,2026-02-26 22:44:42,0,0,0.9847208339283164,0.05425770272533326,1,1,FALSE_POSITIVE,38,10,89.43,3.312222222222222,0.6237789221436465,0.4354525115668998,0,0,751.6666666666666,107,20,2,0,22,0.0,5,89.43,0,0.0,0,0.030955347871235724
E0000020820260227015809415928525,71626247153,2026-02-26 22:58:10,0,0,0.9942881622161931,0.007166766920458478,1,1,FALSE_POSITIVE,45,239,8.95,0.4265967588179218,0.0394883053490366,-0.0530775769104927,0,0,82887.43333333333,135,7,1,0,22,0.0,2,8.95,0,0.0,0,0.003159975991243865
E0000020820260227020342214190525,71522107134,2026-02-26 23:03:43,0,0,0.9649832611420502,0.08924838613986336,1,1,FALSE_POSITIVE,45,234,74.9,1.8725,0.1480914838195418,0.0690039090160482,0,0,55299.51666666667,264,9,3,1,23,0.0,4,74.9,45,74.9,0,0.007092803030303031
E0000020820260227023030070984525,63203044000139,2026-02-26 23:30:44,0,0,0.9534485220619734,0.10135516762161284,1,1,FALSE_POSITIVE,0,4,9.0,0.1,0.0091314965210392,-0.0821834686893534,0,0,20325.366666666665,547,27,1,1,23,26.0,8,9.0,0,9.0,0,0.00018281535648994517
E0000020820260227023653962535525,62501682149,2026-02-26 23:36:54,0,0,0.9926856743935139,0.019437898785821972,1,1,FALSE_POSITIVE,51,348,200.0,1.3333333333333333,0.9516186287411792,0.2379046571852948,0,0,34752.566666666666,525,23,1,0,23,0.0,2,200.0,0,0.0,0,0.0025396825396825397
E0000020820260227025940367746525,70131657194,2026-02-26 23:59:41,0,0,0.9554000666381075,0.09950114827890255,1,1,FALSE_POSITIVE,30,142,22.0,0.11,0.035169491366201,-0.2845531574174451,0,0,59433.55,120,15,2,1,23,0.0,4,22.0,30,22.0,0,0.0009166666666666666
E0000020820260227030346499173542,7769919495,2026-02-27 00:03:57,0,0,0.9776445015628222,0.07041879358013353,1,1,FALSE_POSITIVE,36,54,40.0,0.8,0.5331615931619352,-0.1332903982904838,0,0,86926.65,145,12,3,1,0,0.0,6,40.0,36,40.0,0,0.005517241379310344
E0000020820260227031017052902542,98562266191,2026-02-27 00:10:17,0,0,0.9903692068478589,0.03366608805748056,1,1,FALSE_POSITIVE,47,176,15.0,1.0,0.352891815111059,0.0,0,0,51074.51666666667,1124,43,4,1,0,0.0,4,15.0,47,15.0,0,0.0008896797153024911
E0000020820260227031635376331525,5596538000124,2026-02-27 00:17:01,0,0,0.9616830882002951,0.0929874123273966,1,1,FALSE_POSITIVE,22,249,1439.12,0.608883285241629,0.6533361835840006,-0.4196710731757754,0,0,20325.366666666665,82,4,1,1,0,0.0,2,1439.12,22,1439.12,0,0.0074254059175808415
E0000020820260227032323884934542,9598075788,2026-02-27 00:23:24,0,0,0.9973027432687578,-0.04407945899396759,1,1,FALSE_POSITIVE,44,25,5.0,1.0,0.7974601465546122,0.0,0,0,4303.25,1870,100,11,1,0,0.0,7,5.0,44,5.0,0,0.0005347593582887701
E0000020820260227043000951667542,2445541298,2026-02-27 01:30:13,0,0,0.9756136259063576,0.07431708842023022,1,1,FALSE_POSITIVE,34,52,10.0,0.5,0.1038856682943982,-0.1038856682943982,0,0,62134.73333333333,414,14,3,1,1,0.0,4,10.0,34,10.0,0,0.0012077294685990338
E0000020820260227043827257235525,37393014149,2026-02-27 01:38:27,0,0,0.9985244419058499,-0.08125485467871141,1,1,FALSE_POSITIVE,57,425,30.0,0.9090909090909092,0.5325601235825558,-0.0532560123582555,0,0,1558.4166666666667,3006,80,8,1,1,26.0,7,30.0,57,30.0,0,0.00030242545212605095
E0000020820260227044459680209542,86460306524,2026-02-27 01:45:00,0,0,0.9780887556126739,0.06956022435388087,1,1,FALSE_POSITIVE,25,55,25.0,0.5555555555555556,0.0976670371405069,-0.0781336297124055,0,0,37585.26666666667,794,31,5,1,1,0.0,6,25.0,25,25.0,0,0.0006996921354603975
E0000020820260227051348849920525,62464949949,2026-02-27 02:13:49,0,0,0.9917337014295461,0.02550129241850524,1,1,FALSE_POSITIVE,56,10,125.0,1.0,1.4517238816509832,0.0,0,0,44124.16666666666,91,12,1,0,2,0.0,5,125.0,0,0.0,0,0.01098901098901099
E0000020820260227051538119117542,2563102200,2026-02-27 02:15:38,0,0,0.9836577974518858,0.05712857453137782,1,1,FALSE_POSITIVE,31,55,12.9,1.0,0.1697444387370758,0.0,0,0,6342.416666666667,511,19,3,0,2,0.0,4,12.9,0,0.0,0,0.0019569471624266144
E0000020820260227051605640203525,3511627125,2026-02-27 02:16:35,0,0,0.9793263204658321,0.06723844741433971,1,1,FALSE_POSITIVE,34,47,70.0,5.061460592913956,0.6341651532858011,0.5088722380009064,0,0,10558.366666666669,1023,22,5,1,2,26.0,7,70.0,34,70.0,0,0.004947664313698881
E0000020820260227052618290520542,8356612454,2026-02-27 02:26:18,0,0,0.9724086502609992,0.07922899718101012,1,1,FALSE_POSITIVE,24,58,20.0,0.6666666666666666,0.2357299524171156,-0.1178649762085578,0,0,85883.38333333333,387,12,2,1,2,0.0,6,20.0,24,20.0,0,0.0017226528854435831
E0000020820260227055538739260542,18596945784,2026-02-27 02:55:39,0,0,0.9537023815190315,0.10113998339477309,1,1,FALSE_POSITIVE,28,55,12.0,0.9230769230769232,0.2933170362403949,-0.0244430863533662,0,0,9279.083333333334,808,88,3,1,2,0.0,6,12.0,28,12.0,0,0.0011424219345011425
E0000020820260227062710834193525,5528197198,2026-02-27 03:27:26,0,0,0.989655227124883,0.0371290923894988,1,1,FALSE_POSITIVE,29,10,245.0,4.083333333333333,1.3061563228039943,0.9862813049744448,0,0,75329.06666666667,368,9,3,1,3,26.0,8,245.0,29,245.0,0,0.011096014492753624
E0000020820260227064026669757525,93653182115,2026-02-27 03:40:52,0,0,0.9911942500832976,0.027803584375203638,1,1,FALSE_POSITIVE,45,193,880.0,8.8,3.113759485920303,2.7599231807020868,0,0,74201.45,269,10,2,1,3,0.0,2,880.0,45,880.0,0,0.03271375464684015
E0000020820260227102615969567542,10550487743,2026-02-27 07:26:31,0,0,0.994034302759135,0.009866619554781741,1,1,FALSE_POSITIVE,39,44,20.0,0.4,0.095786490003555,-0.1436797350053326,0,0,67121.4,162,5,2,0,7,0.0,2,20.0,0,0.0,0,0.0024691358024691358
E0000020820260227103229750424525,49147609168,2026-02-27 07:32:30,0,0,0.9791517920891046,0.06758360397082641,1,1,FALSE_POSITIVE,63,305,10.0,1.0,0.1284322023678434,0.0,0,0,9169.35,1388,31,4,1,7,20.0,8,10.0,63,10.0,0,0.0007204610951008645
E0000020820260227103238927770525,25047469468,2026-02-27 07:33:14,0,1,0.9960334459834674,-0.017161947995940285,1,1,FALSE_POSITIVE,65,1,2750.0,1.0,0.2306441332724781,0.0,0,0,20325.366666666665,1,1,1,1,7,0.0,7,2750.0,65,2750.0,0,1.0
E0000020820260227103535089263525,9683834400,2026-02-27 07:35:45,0,0,0.9724721151252638,0.07910113555275916,1,1,FALSE_POSITIVE,33,35,30.18,0.9937438261442212,72.20591619211355,-0.4545766758284184,0,0,20325.366666666665,3,2,1,1,7,0.0,6,30.18,33,30.18,0,0.33124794204807373
E0000020820260227103533360808542,37493477434,2026-02-27 07:35:53,0,0,0.9823091690862646,0.06070115360104755,1,1,FALSE_POSITIVE,61,53,30.0,1.2,0.2023923456259996,0.0337320576043332,0,0,38526.13333333333,297,8,1,0,7,0.0,3,30.0,0,0.0,0,0.00404040404040404
E0000020820260227104405934837542,5110801665,2026-02-27 07:44:16,0,0,0.9921779554793977,0.022153172586620695,1,1,FALSE_POSITIVE,46,55,49.0,1.6333333333333333,0.8731399694450835,0.3385644779480936,0,0,60546.4,201,8,1,0,7,0.0,3,49.0,0,0.0,0,0.00812603648424544
E0000020820260227105318824724542,12645687709,2026-02-27 07:53:39,0,0,0.9558919193361575,0.0988307837415976,1,1,FALSE_POSITIVE,38,57,15.0,0.7537688442211056,0.3238906844237642,-0.1058042902450962,0,0,87186.28333333334,163,9,2,1,7,0.0,4,15.0,38,15.0,0,0.004624348737552795
E0000020820260227105432119922525,14132770206,2026-02-27 07:54:33,0,0,0.9922572865597283,0.021849376812589194,1,1,FALSE_POSITIVE,64,9,114.72,10.42909090909091,0.3857467974913895,0.3487592210234215,0,0,90397.78333333334,480,26,2,1,7,26.0,11,114.72,64,114.72,0,0.021727272727272727
E0000020820260227105920209719525,40076067149,2026-02-27 07:59:41,0,0,0.9921303568311993,0.022911453173778906,1,1,FALSE_POSITIVE,58,138,10.0,0.1820498816675769,0.1617875415582198,-0.7269114242210817,0,0,41808.68333333333,47,4,1,0,7,26.0,3,10.0,0,0.0,0,0.0038734017376080196
E0000020820260227110137030181542,1728991765,2026-02-27 08:01:37,0,0,0.954130769352817,0.10078810795265275,1,1,FALSE_POSITIVE,52,37,9.99,0.9123287671232876,0.0561650493162959,-0.0053972419763407,0,0,46199.11666666667,187,6,4,1,8,0.0,6,9.99,52,9.99,0,0.0048787634605523406
E0000020820260227110217527294525,4790378179,2026-02-27 08:02:18,0,0,0.9543846288098752,0.10063080557942128,1,1,FALSE_POSITIVE,38,31,30.0,1.0,0.2261044016444068,0.0,0,0,69833.16666666667,365,15,2,1,8,0.0,6,30.0,38,30.0,0,0.0027397260273972603
E0000020820260227111052547774525,56377703104,2026-02-27 08:10:53,0,0,0.9703460421724023,0.0825890084026557,1,1,FALSE_POSITIVE,55,95,197.81,7.9124,0.546529819709591,0.477457247581085,0,0,71914.55,149,11,2,1,8,0.0,4,197.81,55,197.81,0,0.053103355704697985
E0000020820260227111152285152525,6122910490,2026-02-27 08:12:11,0,0,0.9712980151363702,0.08119295742947596,1,1,FALSE_POSITIVE,38,151,20.0,0.689893066574681,0.2305801046906914,-0.1036457570584657,0,0,89915.88333333333,24,4,2,1,8,0.0,2,20.0,38,20.0,0,0.028745544440611705
E0000020820260227111409010302525,7575563458,2026-02-27 08:14:19,0,0,0.9637139638567598,0.09049044590123884,1,1,FALSE_POSITIVE,28,37,50.0,0.3086419753086419,0.0214027809387212,-0.0479422293027356,0,0,94449.53333333334,8,4,2,1,8,0.0,4,50.0,28,50.0,0,0.038580246913580245
E0000020820260227111734105476542,9431304503,2026-02-27 08:17:48,0,0,0.9744236597013978,0.07597340992811369,1,1,FALSE_POSITIVE,19,19,400.0,40.0,5.806510932931928,5.66134815960863,0,0,45388.066666666666,167,13,2,1,8,0.0,5,400.0,19,400.0,0,0.23952095808383234
E0000020820260227111816960500542,12074992777,2026-02-27 08:18:26,0,0,0.9518460342392943,0.10275485920792798,1,1,FALSE_POSITIVE,37,54,20.0,0.7407407407407407,0.1256221873243819,-0.0439677655635336,0,0,75724.31666666667,173,11,2,1,8,0.0,4,20.0,37,20.0,0,0.004281738385784628
E0000020820260227111925431218525,71030625441,2026-02-27 08:19:37,0,0,0.9959065162549383,-0.01516619462007096,1,1,FALSE_POSITIVE,27,52,380.0,4.177660510114336,1.970553051876548,1.4988648792484145,0,0,39354.91666666666,26,6,1,0,8,46.0,6,380.0,0,0.0,0,0.16067925038901293
E0000020820260227112106451678525,46296174187,2026-02-27 08:21:19,0,0,0.9965252986815174,-0.028636810150075798,1,1,FALSE_POSITIVE,57,431,25.0,0.3333333333333333,0.0653099025635051,-0.1306198051270103,0,0,66188.76666666666,129,5,1,0,8,0.0,0,25.0,0,0.0,0,0.002583979328165375
E0000020820260227112448914301525,23594449000120,2026-02-27 08:25:07,0,0,0.9824995636790582,0.06032150846146961,1,1,FALSE_POSITIVE,7,71,11000.0,84.62189399184552,4.93386018474442,4.875555413343063,0,0,20325.366666666665,41,5,1,1,8,0.0,3,11000.0,7,11000.0,0,2.0639486339474518
E0000020820260227113444379269525,65792351104,2026-02-27 08:34:44,0,0,0.9627937233249242,0.09154009188798351,1,1,FALSE_POSITIVE,53,233,10.0,0.5,0.0554779823642468,-0.0554779823642468,0,0,60385.28333333333,108,11,2,1,8,20.0,7,10.0,53,10.0,0,0.004629629629629629
E0000020820260227114101662281525,5561970119,2026-02-27 08:41:02,0,0,0.9557649896076285,0.09915953067135741,1,1,FALSE_POSITIVE,30,73,21.58,0.6539393939393939,0.0251845857450025,-0.0133275240596816,0,0,82991.93333333333,119,9,2,1,8,0.0,5,21.58,30,21.58,0,0.005495289024700789
E0000020820260227114228017884525,56626770187,2026-02-27 08:42:42,0,0,0.963126913862313,0.09123927832713014,1,1,FALSE_POSITIVE,56,46,216.35,7.593892593892594,2.7152788022142467,2.357717937527009,0,0,57462.2,115,11,2,1,8,0.0,6,216.35,56,216.35,0,0.0660338486425443
E0000020820260227114145484737525,53597467000127,2026-02-27 08:42:50,0,0,0.9927967379059768,0.018754731164067284,1,1,FALSE_POSITIVE,2,21,1577.76,1.57776,0.2676259153829538,0.0980019450814163,0,0,94902.28333333334,388,41,2,1,8,26.0,8,1577.76,2,1577.76,0,0.00406639175257732
E0000020820260227114616893674525,3827636108,2026-02-27 08:46:17,0,0,0.9587795706601933,0.09592775219803129,1,1,FALSE_POSITIVE,24,69,6.5,0.3611111111111111,0.0092389273570204,-0.0163457945547284,0,0,74189.5,110,7,2,1,8,0.0,5,6.5,24,6.5,0,0.0032828282828282827
E0000020820260227114852904792525,102375186,2026-02-27 08:49:08,0,0,0.9565265679788028,0.09827415742082202,1,1,FALSE_POSITIVE,43,52,42.0,0.9790209790209792,0.0412809195336857,-0.0008845911328646,0,0,95713.25,362,14,2,1,8,0.0,4,42.0,43,42.0,0,0.00270447784259939
E0000020820260227115313819528525,83070346120,2026-02-27 08:53:38,0,0,0.9856093420280198,0.05134740925727915,1,1,FALSE_POSITIVE,59,330,30.0,1.1741682974559686,0.2682145391622057,0.0397851566423938,0,0,94967.95,31,5,2,1,8,50.0,6,30.0,59,30.0,0,0.03787639669212802
E0000020820260227115559178262525,95764445191,2026-02-27 08:56:00,0,0,0.969346470560236,0.08388016053432168,1,1,FALSE_POSITIVE,44,235,27.0,0.3259688518652662,0.0482702444564172,-0.0998121388148806,0,0,96116.0,121,6,2,1,8,26.0,7,27.0,44,27.0,0,0.002693957453431952
E0000020820260227115755979696525,50228181000186,2026-02-27 08:57:57,0,0,0.9533057261173783,0.10148131014170253,1,1,FALSE_POSITIVE,2,31,13.0,0.2452830188679245,0.0280266759464252,-0.0862359259890008,0,0,14317.85,456,16,3,1,8,26.0,9,13.0,2,13.0,0,0.0005379013571665012
E0000020820260227120213931365542,10361501781,2026-02-27 09:02:14,0,0,0.9687911529979215,0.08461831696110506,1,1,FALSE_POSITIVE,41,50,10.0,1.0,0.1892033652329927,0.0,0,0,5161.35,577,28,2,0,9,0.0,4,10.0,0,0.0,0,0.0017331022530329288
E0000020820260227120244090804525,27090027104,2026-02-27 09:02:57,0,0,0.9739318070033478,0.07686633076567256,1,1,FALSE_POSITIVE,57,360,30.0,1.0,0.0810372730588785,0.0,0,0,94742.56666666668,45,3,2,1,9,26.0,5,30.0,57,30.0,0,0.022222222222222223
E0000020820260227120248151696525,40043525172,2026-02-27 09:03:23,0,0,0.961302299014708,0.0934007558768219,1,1,FALSE_POSITIVE,56,410,42.0,1.05,0.0712456051168985,0.0033926478627094,0,0,58863.316666666666,115,4,2,1,9,26.0,6,42.0,56,42.0,0,0.009130434782608696
E0000020820260227120509413695525,26240225000109,2026-02-27 09:05:54,0,0,0.9644279435797357,0.08975696798511745,1,1,FALSE_POSITIVE,9,102,170.0,3.4,0.463142991964842,0.326924464916359,0,0,20072.966666666667,834,26,4,1,9,0.0,2,170.0,9,170.0,0,0.00407673860911271
E0000020820260227122113412643525,9604483307,2026-02-27 09:21:14,0,0,0.9772954448093674,0.07126469711421957,1,1,FALSE_POSITIVE,20,8,20.0,2.0,0.2444367369855715,0.1222183684927857,0,0,95835.76666666666,119,6,2,1,9,26.0,9,20.0,20,20.0,0,0.01680672268907563
E0000020820260227122214175160525,49891003000151,2026-02-27 09:22:15,0,0,0.974328462405001,0.07605602843636328,1,1,FALSE_POSITIVE,3,35,490.25,13.959282460136675,0.6123858997460436,0.5685164600742821,0,0,54135.083333333336,240,10,2,1,9,0.0,6,490.25,3,490.25,0,0.058163676917236146
E0000020820260227122728141315525,51220849120,2026-02-27 09:27:44,0,0,0.9682199692195408,0.08536158862852994,1,1,FALSE_POSITIVE,51,286,30.0,0.75,0.0510614432202737,-0.0170204810734245,0,0,76116.16666666667,59,4,2,1,9,26.0,5,30.0,51,30.0,0,0.012711864406779662
E0000020820260227122942302395525,586799109,2026-02-27 09:29:54,0,0,0.9648087327653228,0.08938778128094654,1,1,FALSE_POSITIVE,42,144,18.0,0.2806361085126286,0.0917536118869076,-0.2351950918034398,0,0,84880.18333333333,167,9,2,1,9,26.0,5,18.0,42,18.0,0,0.0016804557395965786
E0000020820260227122943892717525,4621363107,2026-02-27 09:29:55,0,0,0.9598902057848224,0.0946861200583512,1,1,FALSE_POSITIVE,32,10,15.0,0.25,0.1430063217863415,-0.4290189653590245,0,0,94676.05,96,23,2,1,9,0.0,5,15.0,32,15.0,0,0.0026041666666666665
E0000020820260227122954687192525,88766276187,2026-02-27 09:30:14,0,0,0.9701239151474764,0.08287270646697298,1,1,FALSE_POSITIVE,46,239,25.0,0.625,0.1506004892899404,-0.0903602935739642,0,0,86111.28333333334,197,12,2,1,9,0.0,2,25.0,46,25.0,0,0.0031725888324873096
E0000020820260227123248377631525,50462466191,2026-02-27 09:33:07,0,0,0.9782474177733352,0.06933873364286752,1,1,FALSE_POSITIVE,56,384,10.0,0.2,0.0827365998565427,-0.330946399426171,0,0,71503.46666666666,37,2,2,1,9,0.0,2,10.0,56,10.0,0,0.005405405405405406
E0000020820260227123427685689542,7202399580,2026-02-27 09:34:54,0,0,0.9934948514128865,0.014162024206964385,1,1,FALSE_POSITIVE,31,44,87.0,2.175,0.6947566832268494,0.3753283231225507,0,0,63338.48333333333,186,11,1,0,9,0.0,2,87.0,0,0.0,0,0.011693548387096775
E0000020820260227124101748343542,11291175709,2026-02-27 09:41:02,0,0,0.9622066733304774,0.09212196661053901,1,1,FALSE_POSITIVE,39,34,28.0,0.6796116504854368,0.4972319548892758,-0.2344093501620872,0,0,13998.666666666666,388,20,1,0,9,0.0,4,28.0,0,0.0,0,0.0017515764187768991
E0000020820260227124508949420542,3877196527,2026-02-27 09:45:25,0,0,0.9945102892411188,0.0048641846668538435,1,1,FALSE_POSITIVE,39,61,22.0,1.375,0.1330134388769503,0.0362763924209864,0,0,73158.98333333334,487,13,1,0,9,0.0,1,22.0,0,0.0,0,0.0028234086242299797
E0000020820260227124607422384525,18363105791,2026-02-27 09:46:09,0,0,0.9892585717232297,0.038259258639397165,1,1,FALSE_POSITIVE,79,360,16.5,0.825,0.1176402332763894,-0.0249539888768098,0,0,94653.1,52,5,2,1,9,26.0,10,16.5,79,16.5,0,0.015865384615384615
E0000020820260227124853458270525,17437163000139,2026-02-27 09:49:05,0,0,0.9749155123994478,0.0754553312420968,1,1,FALSE_POSITIVE,13,28,100.0,2.5,0.4616391199042737,0.2769834719425642,0,0,90064.9,323,17,2,1,9,0.0,5,100.0,13,100.0,0,0.007739938080495356
E0000020820260227125023709725525,61191817172,2026-02-27 09:51:02,0,0,0.9614926936075016,0.0932024260667686,1,1,FALSE_POSITIVE,80,9,1300.0,8.125,1.174545297080256,1.0299858759011475,0,0,20325.366666666665,17,3,1,1,9,26.0,11,1300.0,80,1300.0,0,0.47794117647058826
E0000020820260227125203483286525,64388638404,2026-02-27 09:52:05,0,0,0.9602868611864757,0.09439582780285172,1,1,FALSE_POSITIVE,59,7,10.0,0.3333333333333333,0.0330434027157849,-0.0660868054315698,0,0,51531.7,195,15,2,1,9,26.0,10,10.0,59,10.0,0,0.0017094017094017094
E0000020820260227125225352263525,34171436168,2026-02-27 09:52:46,0,0,0.9861011947260698,0.049893759595475706,1,1,FALSE_POSITIVE,60,383,50.0,1.0,0.2306293749147674,0.0,0,0,6973.5,93,4,1,0,9,0.0,1,50.0,0,0.0,0,0.010752688172043012
E0000020820260227125334360750525,3460322616,2026-02-27 09:53:49,0,0,0.9639995557459502,0.09023020937707349,1,1,FALSE_POSITIVE,48,36,2000.0,28.575510787255325,7.132043300342523,6.882457445047036,0,0,26805.05,82,13,2,1,9,26.0,7,2000.0,48,2000.0,0,0.3484818388689674
E0000020820260227125742719470542,68631065404,2026-02-27 09:58:01,0,0,0.969933520554683,0.0831434143373661,1,1,FALSE_POSITIVE,56,59,44.0,3.52,0.4621656329409094,0.330868578128151,0,0,64851.63333333333,374,27,2,1,9,0.0,4,44.0,56,44.0,0,0.009411764705882352
E0000020820260227125822281399525,54176298472,2026-02-27 09:58:22,0,0,0.9657289732971583,0.0883007946924726,1,1,FALSE_POSITIVE,59,35,9.95,0.4974999999999999,0.0620575501280094,-0.0626812440991452,0,0,22618.4,74,7,1,0,9,0.0,4,9.95,0,0.0,0,0.006722972972972973
E0000020820260227130028450929525,70061050130,2026-02-27 10:01:03,0,0,0.995747854094277,-0.010703431695215593,1,1,FALSE_POSITIVE,47,324,5000.0,146.92918013517485,8.968662479275787,8.907621762441837,0,0,3064.2,667,16,3,1,10,26.0,5,5000.0,47,5000.0,0,0.22028362838856796
E0000020820260227130231697441525,5379878431,2026-02-27 10:02:51,0,0,0.9619210814412871,0.09255487318111544,1,1,FALSE_POSITIVE,42,58,5.5,0.4583333333333333,0.0398127117248889,-0.0470513865839596,0,0,66021.18333333333,236,11,2,1,10,26.0,7,5.5,42,5.5,0,0.001942090395480226
E0000020820260227130430801763542,3244100260,2026-02-27 10:04:59,0,0,0.9622225395465436,0.09210189931419871,1,1,FALSE_POSITIVE,29,53,400.0,25.1098556183302,3.791294408621933,3.640306108798564,0,0,45477.23333333333,140,16,3,1,10,0.0,4,400.0,29,400.0,0,0.1793561115595014
E0000020820260227130658742496525,6004040487,2026-02-27 10:07:29,0,0,0.9799451028924112,0.06587182278704012,1,1,FALSE_POSITIVE,84,7,195.97,0.4394537381710544,0.1846452918964224,-0.2355247416203945,0,0,20325.366666666665,10,2,1,1,10,26.0,13,195.97,84,195.97,0,0.04394537381710544
E0000020820260227130910594315525,11206029471,2026-02-27 10:09:11,0,0,0.9711552191917749,0.08140264160519683,1,1,FALSE_POSITIVE,37,35,8.5,0.4473684210526316,0.1244023944523701,-0.1536735460882219,0,0,28335.95,79,11,2,0,10,0.0,4,8.5,0,0.0,0,0.005662891405729514
E0000020820260227130951978161525,13098419000170,2026-02-27 10:10:03,0,0,0.9756136259063576,0.07430411801154524,1,1,FALSE_POSITIVE,15,179,11.0,0.235042735042735,0.0243476559169993,-0.0792405528935069,0,0,93693.3,330,11,2,1,10,0.0,4,11.0,15,11.0,0,0.0007122507122507123
E0000020820260227131015654922525,39801217120,2026-02-27 10:10:16,0,0,0.9811826677455694,0.06338620948518592,1,1,FALSE_POSITIVE,59,490,192.43,1.4254074074074077,0.4184817994211452,0.1248942978784824,0,0,95096.28333333334,63,4,2,1,10,26.0,7,192.43,59,192.43,0,0.02262551440329218
E0000020820260227131122742899525,1469131242,2026-02-27 10:11:23,0,0,0.9832928744823647,0.05783128258821263,1,1,FALSE_POSITIVE,35,10,30.0,1.0,0.749694660428944,0.0,0,0,43895.96666666667,701,71,4,1,10,26.0,10,30.0,35,30.0,0,0.0014265335235378032
E0000020820260227131645354741525,1220352160,2026-02-27 10:16:58,0,0,0.9965728973297159,-0.0305860379670041,1,1,FALSE_POSITIVE,85,238,300.0,1.25,0.5416304776628479,0.1083260955325695,0,0,79096.91666666667,53,3,1,0,10,0.0,3,300.0,0,0.0,0,0.02358490566037736
E0000020820260227131904444576542,6926248486,2026-02-27 10:19:16,0,0,0.967632919225094,0.08601944484169449,1,1,FALSE_POSITIVE,38,53,55.0,1.8333333333333333,0.6468541828789562,0.2940246285813437,0,0,78984.75,263,26,3,1,10,0.0,4,55.0,38,55.0,0,0.00697084917617237
E0000020820260227132620806391525,53279797000174,2026-02-27 10:26:21,0,0,0.9794849826264934,0.06693079129071794,1,1,FALSE_POSITIVE,2,7,10.0,0.1869158878504672,0.0071690558037477,-0.0311853927463024,0,0,38792.1,631,19,4,1,10,20.0,8,10.0,2,10.0,0,0.0002962216923145282
E0000020820260227132708894797525,11401840000182,2026-02-27 10:27:27,0,0,0.9612705665825757,0.09351463850537439,1,1,FALSE_POSITIVE,16,159,5142.0,2.3260442771711105,0.3305528720537021,0.188443422419444,0,0,12879.866666666669,387,57,2,1,10,20.0,5,5142.0,16,5142.0,0,0.006010450328607521
E0000020820260227133118432699525,58879897187,2026-02-27 10:31:39,0,0,0.9703460421724023,0.08253618279065855,1,1,FALSE_POSITIVE,66,39,8.0,0.3333333333333333,0.0312957279875595,-0.0625914559751191,0,0,90535.46666666666,173,11,2,1,10,0.0,6,8.0,66,8.0,0,0.0019267822736030828
E0000020820260227133132441278542,3654069703,2026-02-27 10:31:43,0,0,0.9785964745267901,0.06856512842002249,1,1,FALSE_POSITIVE,53,22,5.0,0.1428571428571428,0.0204473015813303,-0.1226838094879818,0,0,32808.8,265,8,2,0,10,0.0,3,5.0,0,0.0,0,0.0005390835579514825
E0000020820260227133343278728525,76082440625,2026-02-27 10:33:43,0,0,0.9817855839560823,0.06203505798165304,1,1,FALSE_POSITIVE,55,341,84.0,0.6,0.0325783909263039,-0.0217189272842026,0,0,65505.78333333333,77,4,2,1,10,50.0,6,84.0,55,84.0,0,0.007792207792207792
E0000020820260227133418637498525,66146720453,2026-02-27 10:34:33,0,0,0.9674107922001682,0.08642722867608887,1,1,FALSE_POSITIVE,55,35,80.0,1.336005344021376,0.1194557557654288,0.0300431225750053,0,0,79145.03333333334,206,9,2,1,10,26.0,7,80.0,55,80.0,0,0.006485462835055224
E0000020820260227133706790489525,4627269404,2026-02-27 10:37:20,0,0,0.9523220207212781,0.10230539264683164,1,1,FALSE_POSITIVE,42,12,30.0,1.5,0.1532242359231971,0.0510747453077323,0,0,73332.05,113,13,2,1,10,0.0,5,30.0,42,30.0,0,0.01327433628318584
E0000020820260227133959855322525,20764610000179,2026-02-27 10:40:23,0,0,0.9944150919447221,0.006095476081027507,1,1,FALSE_POSITIVE,11,127,150.0,0.5833851897946484,0.1592585532104502,-0.1137318414660228,0,0,44420.03333333333,95,5,3,0,10,26.0,3,150.0,0,0.0,0,0.006140896734680509
E0000020820260227134147036266525,2565363176,2026-02-27 10:41:48,0,0,0.9710124232471797,0.08153191225913076,1,1,FALSE_POSITIVE,38,50,90.0,9.0,0.747762930788246,0.664678160700663,0,0,83525.45,105,9,2,1,10,26.0,9,90.0,38,90.0,0,0.08571428571428572
E0000020820260227134256780510525,31005519153,2026-02-27 10:43:14,0,0,0.9660621638345471,0.08798789331476464,1,1,FALSE_POSITIVE,83,566,900.0,18.0,1.2678424615158446,1.1974067692094088,0,0,20325.366666666665,262,11,1,1,10,26.0,9,900.0,83,900.0,0,0.06870229007633588
E0000020820260227134618055641523,23941500000123,2026-02-27 10:46:18,0,0,0.9744712583495962,0.07593586173319306,1,1,FALSE_POSITIVE,10,8,1000.0,0.6666666666666666,0.1867190656639766,-0.0933595328319883,0,0,5725.083333333333,833,55,5,1,10,0.0,5,1000.0,10,1000.0,0,0.0008003201280512205
E0000020820260227134852307709525,27170033000136,2026-02-27 10:48:54,0,0,0.995747854094277,-0.011043802653210255,1,1,FALSE_POSITIVE,9,101,794.76,0.6623,0.0960188688139603,-0.0489590397077976,0,0,73073.11666666667,588,72,3,1,10,46.0,8,794.76,9,794.76,0,0.001126360544217687
E0000020820260227135225470863525,80765157187,2026-02-27 10:53:17,0,0,0.9800085677566757,0.06568093031315614,1,1,FALSE_POSITIVE,49,258,204.0,3.6823104693140793,0.9416785033053584,0.6859481646626286,0,0,77716.13333333333,86,10,3,1,10,26.0,6,204.0,49,204.0,0,0.042817563596675344
E0000020820260227135355091992525,27954595153,2026-02-27 10:53:55,0,0,0.9914163771082235,0.027023852362504985,1,1,FALSE_POSITIVE,60,436,100.0,1.0,0.1791692191673557,0.0,0,0,5419.5,1722,42,6,1,10,0.0,5,100.0,60,100.0,0,0.0005807200929152149
E0000020820260227135817791826542,71122096178,2026-02-27 10:58:18,0,0,0.9556539260951655,0.09929214048901042,1,1,FALSE_POSITIVE,23,55,22.0,0.4313725490196078,0.0947720552796947,-0.1249268001414157,0,0,86095.73333333334,106,5,2,1,10,0.0,6,22.0,23,22.0,0,0.004069552349241583
E0000020820260227135902640330525,69915393172,2026-02-27 10:59:03,0,0,0.9585257112031351,0.09609932318005071,1,1,FALSE_POSITIVE,43,269,15.0,0.75,0.2749096559674543,-0.0916365519891514,0,0,22453.966666666667,489,19,5,1,10,20.0,7,15.0,43,15.0,0,0.0015337423312883436
E0000020820260227135954771478525,3449101307,2026-02-27 11:00:15,0,0,0.9977152648864772,-0.05642645776020738,1,1,FALSE_POSITIVE,36,46,100000.0,16.713604038006736,2.347523844624405,2.20706797171476,0,0,20325.366666666665,5,1,1,1,11,50.0,9,100000.0,36,100000.0,0,3.342720807601347
E0000020820260227140036822736525,44370059100,2026-02-27 11:00:46,0,0,0.9798816380281467,0.06613559611887387,1,1,FALSE_POSITIVE,59,396,369.46,20.53696498054475,1.2522776563443578,1.1913008928580942,0,0,4341.85,121,6,5,1,11,0.0,4,369.46,59,369.46,0,0.16972698331028716
E0000020820260227140212151870525,39941116172,2026-02-27 11:02:41,0,0,0.9741698002443397,0.07643081769336424,1,1,FALSE_POSITIVE,58,406,15.0,0.3,0.0221626270896465,-0.0517127965425086,0,0,99306.21666666666,273,7,2,1,11,21.0,5,15.0,58,15.0,0,0.001098901098901099
E0000020820260227140823926512542,201403390,2026-02-27 11:08:43,0,0,0.9849588271693084,0.05344462785105142,1,1,FALSE_POSITIVE,46,32,2.0,0.2,0.002800638894182,-0.011202555576728,0,0,50057.18333333333,58,6,1,0,11,0.0,2,2.0,0,0.0,0,0.0034482758620689655
E0000020820260227140909154207525,52809131000118,2026-02-27 11:09:25,0,0,0.9908451933298428,0.030392500230182806,1,1,FALSE_POSITIVE,2,26,616.39,0.7101267281105991,0.8294438871271071,-0.3385784591574351,0,0,20408.88333333333,94,11,2,0,11,20.0,7,616.39,0,0.0,0,0.007554539660751054
E0000020820260227141824367692542,6982392619,2026-02-27 11:18:24,0,0,0.9901629460389991,0.03465154962094208,1,1,FALSE_POSITIVE,41,58,10.0,1.0,0.2237466537153435,0.0,0,0,2734.016666666667,2106,62,7,1,11,0.0,6,10.0,41,10.0,0,0.0004748338081671415
E0000020820260227142908474388542,13847046713,2026-02-27 11:29:09,0,0,0.9921462230472654,0.02247916173156911,1,1,FALSE_POSITIVE,37,57,9.0,0.9,0.2357057239600162,-0.0261895248844462,0,0,87775.41666666667,506,17,2,0,11,0.0,3,9.0,0,0.0,0,0.0017786561264822134
E0000020820260227143112936936525,4187454470,2026-02-27 11:32:23,0,1,0.9877830136290796,0.04452174033413331,1,1,FALSE_POSITIVE,42,35,89.94,1.0,0.2306441332724781,0.0,0,0,20325.366666666665,1,1,1,1,11,26.0,7,89.94,42,89.94,0,1.0
E0000020820260227143312137739542,15736236796,2026-02-27 11:33:33,0,0,0.981373062338363,0.06302728105793287,1,1,FALSE_POSITIVE,26,55,6.0,0.5454545454545454,0.0926067675310618,-0.0771723062758848,0,0,44096.65,198,9,2,0,11,0.0,2,6.0,0,0.0,0,0.0027548209366391185
E0000020820260227144208527775525,83024034153,2026-02-27 11:42:09,0,0,0.957526139590969,0.09743114899109045,1,1,FALSE_POSITIVE,48,39,80.0,1.7699115044247786,0.2160648765818545,0.0939882213131067,0,0,116.03333333333332,115,9,3,1,11,50.0,10,80.0,48,80.0,0,0.015390534821085032
E0000020820260227145332052324525,36876283100,2026-02-27 11:53:32,0,0,0.9963031716565917,-0.02428385087827234,1,1,FALSE_POSITIVE,59,451,21.5,0.8958333333333334,0.0602466587534258,-0.0070054254364448,0,0,61904.86666666667,99,5,1,0,11,0.0,0,21.5,0,0.0,0,0.00904882154882155
E0000020820260227145414116105525,37223321172,2026-02-27 11:54:15,0,0,0.9729322353911816,0.07853410381574338,1,1,FALSE_POSITIVE,61,330,48.0,0.5333333333333333,0.5183328439100773,-0.4535412384213176,0,0,85064.16666666667,26,3,2,1,11,0.0,5,48.0,61,48.0,0,0.020512820512820513
E0000020820260227145630356974525,80437753115,2026-02-27 11:56:44,0,0,0.969092611103178,0.08420771049334685,1,1,FALSE_POSITIVE,48,233,3.0,0.15,0.0300464249590192,-0.1702630747677756,0,0,80634.7,46,5,2,1,11,0.0,2,3.0,48,3.0,0,0.003260869565217391
E0000020820260227150051599389525,39838781134,2026-02-27 12:01:06,0,0,0.9705681691973281,0.08220316409525225,1,1,FALSE_POSITIVE,58,197,37.0,0.296,0.0403832368089457,-0.0960466172753303,0,0,90263.06666666668,70,4,2,1,12,0.0,2,37.0,58,37.0,0,0.004228571428571429
E0000020820260227150241197450525,39969360000131,2026-02-27 12:02:45,0,0,0.972011994859346,0.07999104793827422,1,1,FALSE_POSITIVE,5,51,88.25,0.103426856995523,0.0157269662863136,-0.1363318581154992,0,0,30247.416666666668,451,33,2,1,12,46.0,10,88.25,5,88.25,0,0.00022932784256213536
E0000020820260227150616043113525,80765157187,2026-02-27 12:06:17,0,0,0.9850064258175067,0.05326962430783749,1,1,FALSE_POSITIVE,49,258,1268.25,22.89259927797834,5.854332165769709,5.598601827126979,0,0,73.0,86,10,4,1,12,0.0,4,1268.25,49,1268.25,0,0.2661930148602133
E0000020820260227151504783653542,16187203763,2026-02-27 12:15:05,0,0,0.9643962111476034,0.08986282281999008,1,1,FALSE_POSITIVE,32,57,2.0,0.1739130434782608,0.0163675725774586,-0.0777459697429286,0,0,69910.76666666666,435,28,3,1,12,0.0,6,2.0,32,2.0,0,0.000399800099950025
E0000020820260227151559008627525,584900279,2026-02-27 12:15:59,0,0,0.9533850571977089,0.10142770902685577,1,1,FALSE_POSITIVE,34,9,13.5,0.1985294117647058,0.0457894391310657,-0.1848536616772654,0,0,71874.56666666667,56,9,2,1,12,0.0,7,13.5,34,13.5,0,0.0035451680672268907
E0000020820260227151548774180525,3655132107,2026-02-27 12:16:17,0,0,0.9777396988592191,0.07018897385387213,1,1,FALSE_POSITIVE,36,163,300.0,3.262642740619902,0.1544929601133775,0.1071408678386273,0,0,68663.35,393,15,3,1,12,26.0,5,300.0,36,300.0,0,0.008301889925241482
E0000020820260227151633612644525,39317633153,2026-02-27 12:16:55,0,0,0.9733606232249671,0.07807449147494744,1,1,FALSE_POSITIVE,58,418,150.0,1.6853932584269662,0.3363216500334245,0.1367708043469259,0,0,61651.43333333333,48,3,2,1,12,0.0,2,150.0,58,150.0,0,0.0351123595505618
E0000020820260227151649144143525,93188218168,2026-02-27 12:17:07,0,0,0.9572405477017786,0.09773294473416039,1,1,FALSE_POSITIVE,44,239,30.0,0.5612722170252572,0.3491072362301426,-0.2728854896532282,0,0,76130.3,130,13,2,1,12,0.0,4,30.0,44,30.0,0,0.0043174785925019785
E0000020820260227152035939217542,15776656788,2026-02-27 12:20:36,0,0,0.9894806987481556,0.037479720066085465,1,1,FALSE_POSITIVE,35,57,50.0,1.0,0.2571563002835149,0.0,0,0,88487.33333333333,134,7,1,0,12,0.0,4,50.0,0,0.0,0,0.007462686567164179
E0000020820260227152124965780525,71220346403,2026-02-27 12:21:25,0,0,0.9506719342504006,0.10387653712266026,1,1,FALSE_POSITIVE,24,0,284.7,0.994064245810056,5.394750558107536,-0.0322131224052783,0,0,20325.366666666665,33,29,1,1,12,50.0,11,284.7,24,284.7,0,0.03012315896394109
E0000020820260227152134922234525,899816185,2026-02-27 12:21:35,0,0,0.9908134608977105,0.030979153859004238,1,1,FALSE_POSITIVE,42,191,20.0,1.0,0.0514526865030413,0.0,0,0,13003.066666666668,1400,35,8,1,12,0.0,4,20.0,42,20.0,0,0.0007142857142857143
E0000020820260227152539356685525,19444281000108,2026-02-27 12:25:57,0,0,0.9855776095958875,0.05139608953900632,1,1,FALSE_POSITIVE,12,15,50.0,0.131578947368421,0.0394533876822378,-0.2603923587027695,0,0,70137.95,383,52,3,1,12,0.0,5,50.0,12,50.0,0,0.0003435481654527965
E0000020820260227153602659617525,86227769134,2026-02-27 12:36:20,0,0,0.9654592476240341,0.08854069751205457,1,1,FALSE_POSITIVE,47,39,74.97,0.7448584202682563,0.1208218370559037,-0.0413859513884968,0,0,71914.76666666666,51,9,2,1,12,26.0,9,74.97,47,74.97,0,0.014605067064083455
E0000020820260227153841934498525,1298685400,2026-02-27 12:39:01,0,0,0.9568914909483237,0.09798247989505543,1,1,FALSE_POSITIVE,42,7,45.0,0.9,0.240736937066358,-0.0267485485629286,0,0,95124.78333333334,20,3,2,1,12,0.0,5,45.0,42,45.0,0,0.045
E0000020820260227153957585503525,40184021391,2026-02-27 12:39:58,0,0,0.9581766544496803,0.09669548904144543,1,1,FALSE_POSITIVE,51,357,808.24,4.0412,2.226278774200031,1.675383303993154,0,0,54717.51666666667,101,6,2,1,12,0.0,4,808.24,51,808.24,0,0.04001188118811881
E0000020820260227154047168726525,899816185,2026-02-27 12:40:47,0,0,0.9998096054072064,-0.1761985749488275,1,1,FALSE_POSITIVE,42,191,20.0,1.0,0.0514526865030413,0.0,1,1,19.2,1400,35,9,1,12,0.0,6,40.0,42,20.0,9,0.0007142857142857143
E0000020820260227154154104342525,11328014000155,2026-02-27 12:42:05,0,0,0.9650467260063148,0.08914213869822235,1,1,FALSE_POSITIVE,16,92,1000.0,4.0,0.4993998980215076,0.3745499235161307,0,0,18563.2,1212,42,4,1,12,0.0,3,1000.0,16,1000.0,0,0.0033003300330033004
E0000020820260227154224671947525,2522784102,2026-02-27 12:42:47,0,0,0.9720754597236105,0.07989580232737287,1,1,FALSE_POSITIVE,35,10,1353.87,38.682,7.827350770238886,7.6249995275358495,0,0,37097.51666666667,73,6,2,1,12,0.0,7,1353.87,35,1353.87,0,0.5298904109589041
E0000020820260227154448674988525,44536791000144,2026-02-27 12:45:14,0,0,0.9980960540720644,-0.06559440264506433,1,1,FALSE_POSITIVE,4,8,30000.0,70.6347711433415,2.0007898441913863,1.9724639954372205,0,0,63655.53333333333,849,38,3,1,12,0.0,5,30000.0,4,30000.0,0,0.08319761029839987
E0000020820260227154744058352525,39353990149,2026-02-27 12:47:45,0,0,0.9867993082329796,0.04781284258391982,1,1,FALSE_POSITIVE,99,519,400.4,4.246924056003394,0.8893577843774124,0.6799455668172165,0,0,20325.366666666665,301,12,1,1,12,26.0,10,400.4,99,400.4,0,0.014109382245858452
E0000020820260227154901773692525,16570197134,2026-02-27 12:49:22,0,0,0.9970012851635014,-0.03875129873658634,1,1,FALSE_POSITIVE,76,414,181.33,1.8133,0.3059637324967567,0.137230631246684,0,0,76227.01666666666,138,14,1,0,12,26.0,8,181.33,0,0.0,0,0.013139855072463768
E0000020820260227154931096759525,58842632104,2026-02-27 12:49:46,0,0,0.9653005854633728,0.08886523534704638,1,1,FALSE_POSITIVE,51,333,25.0,1.0,0.0126952051410548,0.0,0,0,87402.56666666667,188,8,2,1,12,26.0,5,25.0,51,25.0,0,0.005319148936170213
E0000020820260227154958273908525,5317743176,2026-02-27 12:50:19,0,0,0.9899408190140734,0.03547329296244889,1,1,FALSE_POSITIVE,31,13,13.0,0.26,0.1176143564211838,-0.3347485528910617,0,0,12585.15,795,29,8,1,12,20.0,8,13.0,31,13.0,0,0.0003270440251572327
E0000020820260227155924395861525,8082511125,2026-02-27 12:59:58,0,1,0.999143224332429,-0.11168928335275108,1,1,FALSE_POSITIVE,11,103,18000.0,1.0,0.2306441332724781,0.0,0,0,20325.366666666665,1,1,1,1,12,79.0,7,18000.0,11,18000.0,0,1.0
E0000020820260227160007275602525,72630035468,2026-02-27 13:00:28,0,0,0.9958430513906739,-0.013495014245802794,1,1,FALSE_POSITIVE,56,348,70.0,0.5384615384615384,0.1358472338893626,-0.1164404861908822,0,0,66191.65,107,8,1,0,13,0.0,0,70.0,0,0.0,0,0.0050323508267433505
E0000020820260227160127174479525,92582770159,2026-02-27 13:01:28,0,0,0.9540355720564203,0.10081662989503298,1,1,FALSE_POSITIVE,43,17,80.64,0.8539659006671608,0.431371466328631,-0.0737675163773787,0,0,94722.3,233,10,2,1,13,0.0,7,80.64,43,80.64,0,0.0036650897024341662
E0000020820260227160614794831542,5790517145,2026-02-27 13:06:15,0,0,0.9654275151919018,0.08855922852610443,1,1,FALSE_POSITIVE,26,47,50.0,1.1111111111111112,0.3778994330455367,0.0377899433045536,0,0,1323.1,296,18,2,0,13,0.0,4,50.0,0,0.0,0,0.0037537537537537537
E0000020820260227160735270863525,1485509599,2026-02-27 13:07:35,0,0,0.9796119123550224,0.06674986805866934,1,1,FALSE_POSITIVE,41,22,1000.0,3.201434242540658,1.860239499045822,1.2791750891238691,0,0,21475.58333333333,611,43,5,1,13,20.0,10,1000.0,41,1000.0,0,0.0052396632447473945
E0000020820260227160912810767542,19427054760,2026-02-27 13:09:25,0,0,0.9691402097513764,0.08415778467469659,1,1,FALSE_POSITIVE,23,48,30.0,1.7647058823529411,0.6128402167941085,0.2655640939441137,0,0,69144.78333333334,396,20,3,1,13,0.0,4,30.0,23,30.0,0,0.004456327985739751
E0000020820260227160948092625525,8512060182,2026-02-27 13:10:28,0,0,0.9800085677566757,0.06570383715789557,1,1,FALSE_POSITIVE,74,622,85.0,0.5666666666666667,0.1921381618214566,-0.1469291825693492,0,0,50424.46666666667,26,3,2,1,13,0.0,4,85.0,74,85.0,0,0.021794871794871794
E0000020820260227161053994869525,6875272105,2026-02-27 13:11:08,0,0,0.9642375489869421,0.0900955300651829,1,1,FALSE_POSITIVE,24,7,150.0,3.75,1.086867911993413,0.7970364687951697,0,0,87598.33333333333,43,8,2,1,13,0.0,5,150.0,24,150.0,0,0.0872093023255814
E0000020820260227161301322406525,3637089000190,2026-02-27 13:13:03,0,0,0.9693623367763022,0.08385454569138223,1,1,FALSE_POSITIVE,35,399,3839.77,1.4303909224338962,0.3261770798443077,0.0981435578688621,0,0,43392.63333333333,71,5,2,1,13,26.0,6,3839.77,35,3839.77,0,0.020146351020195723
E0000020820260227162301491914525,39313301172,2026-02-27 13:23:02,0,0,0.9904326717121233,0.033118216959580005,1,1,FALSE_POSITIVE,60,155,415.0,6.916666666666667,5.242315689320652,4.484390529418871,0,0,97620.96666666666,216,9,2,1,13,26.0,8,415.0,60,415.0,0,0.03202160493827161
E0000020820260227162849449973525,38018179115,2026-02-27 13:28:50,0,0,0.9808494772081806,0.06416192791825814,1,1,FALSE_POSITIVE,56,215,87.0,1.7393042782886845,0.2398540898795035,0.1019517729165981,0,0,59200.5,918,21,3,1,13,26.0,7,87.0,56,87.0,0,0.0018946669698133819
E0000020820260227162923622673525,3720454134,2026-02-27 13:30:04,0,0,0.9537658463832961,0.10104685940182795,1,1,FALSE_POSITIVE,79,10,300.0,1.5,0.1637517554178824,0.0545839184726274,0,0,8729.633333333333,222,18,2,1,13,0.0,9,300.0,79,300.0,0,0.006756756756756757
E0000020820260227163159863213525,39895980159,2026-02-27 13:32:28,0,0,0.9871483649864344,0.046732256114066506,1,1,FALSE_POSITIVE,77,259,100.0,2.0408163265306123,0.149344099303149,0.076165490644606,0,0,72084.13333333333,56,3,2,1,13,20.0,8,100.0,77,100.0,0,0.03644314868804665
E0000020820260227163257371755525,19685693000121,2026-02-27 13:32:59,0,0,0.983451536643026,0.057565787915773825,1,1,FALSE_POSITIVE,7,119,248.0,0.8266666666666667,0.0849087834474883,-0.0178034545938282,0,0,76460.21666666666,316,16,2,1,13,0.0,2,248.0,7,248.0,0,0.0026160337552742618
E0000020820260227163304951919542,40934595844,2026-02-27 13:33:05,0,0,0.9695368651530296,0.08367852539693443,1,1,FALSE_POSITIVE,23,57,55.0,2.2,0.5457811255896852,0.2976987957761919,0,0,61666.7,601,34,3,1,13,0.0,6,55.0,23,55.0,0,0.003660565723793677
E0000020820260227163339574454542,12670985700,2026-02-27 13:33:50,0,0,0.9762324083329367,0.0733055239051757,1,1,FALSE_POSITIVE,34,55,23.0,1.6428571428571428,0.5184847924669861,0.202885353574038,0,0,87396.66666666667,1034,26,3,1,13,0.0,4,23.0,34,23.0,0,0.0015888366952196739
E0000020820260227164022561406525,8395992424,2026-02-27 13:40:38,0,0,0.9547812842115284,0.10020975642338098,1,1,FALSE_POSITIVE,31,35,718.0,80.22346368715084,1.7530105594371488,1.7311589654163095,0,0,20325.366666666665,3,3,1,1,13,26.0,8,718.0,31,718.0,0,26.741154562383613
E0000020820260227164346730503525,87730820153,2026-02-27 13:43:47,0,0,0.9563203071699431,0.09842923804381426,1,1,FALSE_POSITIVE,54,138,24.67,0.5482222222222223,0.0746084481321658,-0.0614831678365193,0,0,64609.26666666667,126,7,2,1,13,0.0,4,24.67,54,24.67,0,0.004350970017636685
E0000020820260227164542095736525,4164583193,2026-02-27 13:45:59,0,0,0.9885287257841877,0.040952766991767364,1,1,FALSE_POSITIVE,34,10,1457.0,53.96296296296296,6.035663857502069,5.923815591096745,0,0,85324.61666666667,87,5,2,1,13,0.0,5,1457.0,34,1457.0,0,0.6202639421030226
E0000020820260227164539789806542,67355234404,2026-02-27 13:46:20,0,0,0.9763276056293334,0.0730858568554279,1,1,FALSE_POSITIVE,57,64,35.7,0.8927231807951989,0.5724813647851186,-0.0687939791296402,0,0,17032.016666666666,212,7,1,0,13,0.0,1,35.7,0,0.0,0,0.004210958399977352
E0000020820260227164633848857525,6068906108,2026-02-27 13:46:36,0,0,0.9568756247322576,0.09799292615848909,1,1,FALSE_POSITIVE,28,153,56.43,2.09,0.0994179675297144,0.0518495620131046,0,0,86128.9,127,8,2,1,13,0.0,4,56.43,28,56.43,0,0.016456692913385827
E0000020820260227164953366884525,7703441198,2026-02-27 13:50:11,0,0,0.9570818855411173,0.0978193263449928,1,1,FALSE_POSITIVE,24,91,7.0,0.3111111111111111,0.0784492279990705,-0.1737090048550847,0,0,74640.83333333333,79,10,2,1,13,0.0,4,7.0,24,7.0,0,0.003938115330520394
E0000020820260227165458250327525,51255740000100,2026-02-27 13:55:15,0,0,0.9633649071033049,0.09096023646398627,1,1,FALSE_POSITIVE,2,24,1650.0,14.666666666666666,5.7518348912117006,5.359664330447266,0,0,20325.366666666665,139,7,1,1,13,26.0,8,1650.0,2,1650.0,0,0.10551558752997602
E0000020820260227165518432857525,34807985191,2026-02-27 13:55:41,0,0,0.9635077030479001,0.09082106196374823,1,1,FALSE_POSITIVE,60,330,26.0,0.52,0.02310663901213,-0.0213292052419662,0,0,61626.48333333333,66,5,2,1,13,26.0,6,26.0,60,26.0,0,0.00787878787878788
E0000020820260227165547862572525,38175746149,2026-02-27 13:55:50,0,0,0.9748679137512495,0.07549026006948634,1,1,FALSE_POSITIVE,71,319,30.0,0.6,0.1174073315220998,-0.0782715543480665,0,0,80950.83333333333,217,9,2,1,13,0.0,6,30.0,71,30.0,0,0.0027649769585253456
E00000208202602271000jrENMFsD523,28652446000110,2026-02-27 14:05:30,0,0,0.9906072000888508,0.03201269303328724,1,1,FALSE_POSITIVE,8,46,975.94,0.7507230769230769,0.1126225505897275,-0.0373962167183506,0,0,85080.7,386,113,2,1,14,0.0,4,975.94,8,975.94,0,0.0019448784376245518
E0000020820260227170630563427525,3205591143,2026-02-27 14:06:43,0,0,0.9929871324987704,0.016945901794706564,1,1,FALSE_POSITIVE,35,124,70.0,7.0,1.1946216374060186,1.023961403490873,0,0,62392.9,1362,47,4,1,14,0.0,2,70.0,35,70.0,0,0.005139500734214391
E0000020820260227170851702699525,5433765164,2026-02-27 14:08:53,0,0,0.957526139590969,0.09740592303919515,1,1,FALSE_POSITIVE,25,4,32.16,1.0719999999999998,0.4610100613868085,0.0309633623319497,0,0,94811.88333333332,197,14,2,1,14,0.0,7,32.16,25,32.16,0,0.005441624365482233
E0000020820260227170926270130525,899816185,2026-02-27 14:09:27,0,0,0.9951766703158964,-0.002529302963517055,1,1,FALSE_POSITIVE,42,191,20.0,1.0,0.0514526865030413,0.0,0,0,88.66666666666667,1400,35,10,1,14,20.0,7,20.0,42,20.0,0,0.0007142857142857143
E0000020820260227171618833359542,17499009718,2026-02-27 14:16:19,0,0,0.9911783838672314,0.02795668116757921,1,1,FALSE_POSITIVE,29,59,13.8,1.369047619047619,0.3785407578013349,0.1020414216681859,0,0,4354.95,1766,85,3,0,14,0.0,4,13.8,0,0.0,0,0.0007752251523485953
E0000020820260227172000259553525,12114067000136,2026-02-27 14:20:00,0,0,0.9789296650641789,0.06785885979844969,1,1,FALSE_POSITIVE,15,143,1000.0,1.25,0.756278952812856,0.1512557905625711,0,0,62145.03333333333,148,5,2,1,14,26.0,5,1000.0,15,1000.0,0,0.008445945945945946
E0000020820260227172131129846525,29727170153,2026-02-27 14:21:33,0,0,0.9716946705380234,0.08061709985673426,1,1,FALSE_POSITIVE,60,486,25.65,0.2490291262135922,0.028759989758268,-0.0867284681404303,0,0,89325.85,166,10,2,1,14,0.0,5,25.65,60,25.65,0,0.0015001754591180254
E0000020820260227172128430332525,5317743176,2026-02-27 14:21:41,0,0,0.9965570311136497,-0.029923299504153733,1,1,FALSE_POSITIVE,31,13,8.5,0.17,0.0769016945830817,-0.3754612147291639,0,0,91.36666666666666,795,29,8,0,14,20.0,6,8.5,0,0.0,0,0.0002138364779874214
E0000020820260227172723939355525,1849067171,2026-02-27 14:27:50,0,0,0.9624129341393372,0.09190957127232668,1,1,FALSE_POSITIVE,38,244,35.0,1.0,0.1313389644198345,0.0,0,0,86188.25,50,6,2,1,14,26.0,5,35.0,38,35.0,0,0.02
E0000020820260227172953674185542,7661776456,2026-02-27 14:29:54,0,0,0.9788979326320466,0.06799932540434067,1,1,FALSE_POSITIVE,41,54,20.0,1.0,0.5868077601008053,0.0,0,0,30068.3,690,23,3,0,14,0.0,4,20.0,0,0.0,0,0.0014492753623188406
E0000020820260227173138566235525,7034132100,2026-02-27 14:31:49,0,0,0.96203214495375,0.09237534439264572,1,1,FALSE_POSITIVE,21,17,80.18,8.206755373592632,2.111303191437971,1.8540391333143875,0,0,41630.88333333333,252,10,3,1,14,21.0,10,80.18,21,80.18,0,0.032566489577748534
E0000020820260227173241595694525,38142970163,2026-02-27 14:33:01,0,0,0.9763593380614657,0.07298720032064371,1,1,FALSE_POSITIVE,59,392,50.0,2.5641025641025643,0.1631112874561276,0.0994978853482378,0,0,28707.016666666663,839,27,5,1,14,0.0,4,50.0,59,50.0,0,0.0030561413159744507
E0000020820260227173453451934525,92526330149,2026-02-27 14:35:11,0,0,0.9548606152918591,0.10009582298240483,1,1,FALSE_POSITIVE,44,154,154.69,1.8198823529411765,0.4675018994076939,0.2106161184932586,0,0,99590.6,91,7,2,1,14,0.0,4,154.69,44,154.69,0,0.019998707175177762
E0000020820260227173736408865525,56920022000124,2026-02-27 14:38:02,0,0,0.989417233883891,0.03774910615950278,1,1,FALSE_POSITIVE,1,16,125.0,1.1363636363636365,0.0420328422357727,0.0050439410682927,0,0,44794.18333333333,212,15,2,0,14,0.0,3,125.0,0,0.0,0,0.005360205831903945
E0000020820260227174324658231525,97725510125,2026-02-27 14:43:42,0,0,0.9514811112697733,0.10314028199679526,1,1,FALSE_POSITIVE,42,228,100.0,1.4285714285714286,0.2700508865520298,0.0810152659656089,0,0,54588.55,161,7,3,1,14,26.0,5,100.0,42,100.0,0,0.008873114463176575
E0000020820260227174607667379525,87568039153,2026-02-27 14:46:38,1,0,0.38253446935440366,0.16604331471351103,0,0,FALSE_NEGATIVE,45,317,498.96,1.0,1.289822327779629,0.0,0,0,20325.366666666665,2,2,1,1,14,0.0,4,498.96,45,498.96,0,0.5
E0000020820260227175145598317525,83851232372,2026-02-27 14:52:24,0,0,0.9771843812969045,0.07152592315816741,1,1,FALSE_POSITIVE,46,9,600.0,3.571428571428572,1.0712289718377033,0.7712848597231464,0,0,95479.68333333332,14,7,2,1,14,26.0,8,600.0,46,600.0,0,0.25510204081632654
E0000020820260227175650661949525,4119705000183,2026-02-27 14:57:21,0,0,0.9961603757119964,-0.021937357950773895,1,1,FALSE_POSITIVE,25,71,902.0,0.5346674332999414,0.2064247874722807,-0.1796559322720227,0,0,30447.7,733,107,3,0,14,0.0,1,902.0,0,0.0,0,0.0007294235106411205
E0000020820260227180101215483525,2408022410,2026-02-27 15:01:02,0,0,0.9645390070921985,0.0895793519802035,1,1,FALSE_POSITIVE,48,35,15.0,0.75,0.0384075560766685,-0.0128025186922228,0,0,90931.3,71,10,2,1,15,26.0,9,15.0,48,15.0,0,0.01056338028169014
E0000020820260227180010940664525,34997865753,2026-02-27 15:01:19,0,0,0.9629523854855856,0.0913700634354741,1,1,FALSE_POSITIVE,74,35,1100.0,11.0,3.685538832120423,3.3504898473822027,0,0,20325.366666666665,37,3,1,1,15,46.0,10,1100.0,74,1100.0,0,0.2972972972972973
E0000020820260227180111071399525,1437261450,2026-02-27 15:01:43,0,0,0.9826106271915211,0.05982367390202148,1,1,FALSE_POSITIVE,38,7,8061.6,161.232,10.438933603902283,10.374188803838388,0,0,20325.366666666665,274,16,1,1,15,0.0,5,8061.6,38,8061.6,0,0.5884379562043796
E0000020820260227180240652768525,71188142100,2026-02-27 15:02:41,0,0,0.9862281244545988,0.04959348440146483,1,1,FALSE_POSITIVE,45,42,2.58,0.3089820359281437,0.0276623779629649,-0.0618650855993441,0,0,96783.26666666666,633,15,4,1,15,20.0,9,2.58,45,2.58,0,0.00048812327950733603
E0000020820260227180303507528525,18363482153,2026-02-27 15:03:38,0,0,0.9757088232027544,0.07418459305019187,1,1,FALSE_POSITIVE,69,578,8000.0,20.0,4.805712371826466,4.565426753235142,0,0,20325.366666666665,24,3,1,1,15,0.0,4,8000.0,69,8000.0,0,0.8333333333333334
E0000020820260227180935367966542,55148158204,2026-02-27 15:09:56,0,0,0.9630793152141146,0.09126786766033174,1,1,FALSE_POSITIVE,32,55,300.0,15.0,1.2527761932454404,1.169257780362411,0,0,81930.88333333333,224,9,2,1,15,0.0,4,300.0,32,300.0,0,0.06696428571428571
E0000020820260227181105528532542,9388212703,2026-02-27 15:11:43,0,0,0.9891475082107668,0.03872008965496271,1,1,FALSE_POSITIVE,49,57,100.0,0.6666666666666666,0.2892076069661091,-0.1446038034830545,0,0,56659.2,68,4,1,0,15,0.0,2,100.0,0,0.0,0,0.00980392156862745
E0000020820260227181630048806525,46697225491,2026-02-27 15:16:58,0,0,0.95838291525854,0.09627028031341406,1,1,FALSE_POSITIVE,60,35,7.0,0.4666666666666667,0.059081327815234,-0.0675215175031245,0,0,36567.6,327,18,4,1,15,20.0,8,7.0,60,7.0,0,0.0014271151885830785
E0000020820260227181726135422525,29754771120,2026-02-27 15:17:30,0,0,0.9580497247211512,0.09681011218816754,1,1,FALSE_POSITIVE,72,326,68.67,0.6867,0.0543948490532342,-0.0248171052983519,0,0,46133.2,80,4,3,1,15,0.0,6,68.67,72,68.67,0,0.00858375
E0000020820260227181828477342525,83721657187,2026-02-27 15:19:31,0,0,0.990274009551462,0.03391524084449998,1,1,FALSE_POSITIVE,51,281,10800.0,90.0,10.898401373771836,10.777308025174372,0,0,20325.366666666665,143,5,1,1,15,26.0,5,10800.0,51,10800.0,0,0.6293706293706294
E0000020820260227182003174263525,27308774600,2026-02-27 15:20:25,0,0,0.9608739111809225,0.09387117306497034,1,1,FALSE_POSITIVE,72,394,10000.0,41.66666666666666,2.7293443586779023,2.6638400940696325,0,0,20325.366666666665,68,7,1,1,15,0.0,4,10000.0,72,10000.0,0,0.6127450980392157
E0000020820260227182111042111525,8950486474,2026-02-27 15:21:31,0,1,0.9921144906151332,0.02308622177103331,1,1,FALSE_POSITIVE,34,12,2650.0,1.0,0.2306441332724781,0.0,0,0,20325.366666666665,1,1,1,1,15,0.0,7,2650.0,34,2650.0,0,1.0
E0000020820260227182446810406523,47586150000192,2026-02-27 15:24:47,0,0,0.95838291525854,0.09630827683720661,1,1,FALSE_POSITIVE,3,43,589.0,0.1858044164037854,0.0292599308337849,-0.1282171162682493,0,0,4106.6,622,51,4,1,15,0.0,5,589.0,3,589.0,0,0.0002987209266941889
E0000020820260227182614082965542,3294403143,2026-02-27 15:26:32,0,0,0.9705681691973281,0.08221495551145336,1,1,FALSE_POSITIVE,38,229,70.16,0.8994871794871795,0.80907374424437,-0.0904096088209216,0,0,7156.816666666667,1591,84,4,1,15,0.0,4,70.16,38,70.16,0,0.000565359635127077
E0000020820260227183057927762525,68631669504,2026-02-27 15:30:58,0,0,0.9937487108699447,0.011925933311165648,1,1,FALSE_POSITIVE,52,322,10.0,0.7692307692307693,0.0581982647773922,-0.0174594794332176,0,0,8743.666666666666,1278,55,4,0,15,26.0,5,10.0,0,0.0,0,0.0006019020103527145
E0000020820260227183109055916525,7089904000184,2026-02-27 15:31:09,0,0,0.9825630285433227,0.06015488116151757,1,1,FALSE_POSITIVE,21,219,1050.0,18.369489153254023,0.983751878837878,0.9301983003670464,0,0,90894.8,196,13,2,1,15,0.0,3,1050.0,21,1050.0,0,0.09372188343496952
E0000020820260227183911404927525,31470106,2026-02-27 15:40:03,0,0,0.9649832611420502,0.08924345936755712,1,1,FALSE_POSITIVE,87,398,3500.0,10.294117647058824,0.2345259998282282,0.2117434741306289,0,0,20325.366666666665,14,2,1,1,15,0.0,5,3500.0,87,3500.0,0,0.7352941176470589
E0000020820260227184241682206525,29373778668,2026-02-27 15:42:42,0,0,0.975296301585035,0.074730651979943,1,1,FALSE_POSITIVE,69,330,25.0,0.4998000799680128,0.0421079667214144,-0.0421416530947915,0,0,59333.93333333333,284,9,2,1,15,26.0,9,25.0,69,25.0,0,0.0017598594365070873
E0000020820260227184544718181525,1159349100,2026-02-27 15:45:45,0,0,0.9740904691640091,0.07658429825125807,1,1,FALSE_POSITIVE,41,128,100.0,2.0,1.9777645995404285,0.9888822997702142,0,0,36498.55,1004,44,4,1,15,26.0,7,100.0,41,100.0,0,0.00199203187250996
E0000020820260227185316425639525,8863735573,2026-02-27 15:55:16,0,0,0.972614911069859,0.0789511914106743,1,1,FALSE_POSITIVE,19,10,3000.0,85.83690987124463,6.534617894018176,6.458489595552865,0,0,20325.366666666665,46,16,1,1,15,26.0,9,3000.0,19,3000.0,0,1.8660197798096658
E0000020820260227185527977741525,60995637172,2026-02-27 15:55:29,0,0,0.967632919225094,0.08605091068857035,1,1,FALSE_POSITIVE,51,233,79.64,2.275428571428572,0.6825060096275823,0.38255987279979,0,0,98032.53333333334,65,7,2,1,15,26.0,7,79.64,51,79.64,0,0.03500659340659341
E0000020820260227190326795327525,274215110,2026-02-27 16:03:27,0,0,0.9666333476129277,0.08720380244245823,1,1,FALSE_POSITIVE,44,174,676.83,14.100625,1.6018104342018529,1.4882118927044472,0,0,50670.95,106,6,3,1,16,26.0,5,676.83,44,676.83,0,0.13302476415094341
E0000020820260227191022830787525,7161931169,2026-02-27 16:10:38,0,0,0.9929871324987704,0.017035751510082853,1,1,FALSE_POSITIVE,28,99,4086.0,40.86,0.803233931725226,0.7835757346688084,0,0,73197.55,273,49,2,1,16,26.0,5,4086.0,28,4086.0,0,0.14967032967032967
E0000020820260227191102079151525,24695793172,2026-02-27 16:11:22,0,0,0.96203214495375,0.09238169941934382,1,1,FALSE_POSITIVE,68,491,28.0,0.2585649644473173,0.0426317143047378,-0.1222464407688358,0,0,26092.05,275,12,4,1,16,0.0,6,28.0,68,28.0,0,0.0009402362343538815
E0000020820260227191257016708525,60170182134,2026-02-27 16:13:14,0,0,0.9618893490091548,0.09260365231882534,1,1,FALSE_POSITIVE,59,366,32.0,0.5236458844706268,0.2697760011479055,-0.2454118560442352,0,0,22032.25,296,13,5,1,16,26.0,5,32.0,59,32.0,0,0.0017690739340223876
E0000020820260227191635576588525,59474821000102,2026-02-27 16:16:36,0,0,0.9500531518238216,0.10443351648438759,1,1,FALSE_POSITIVE,1,8,58.31,0.05831,0.0037104529116413,-0.0599227645749193,0,0,44792.95,105,6,2,1,16,0.0,7,58.31,1,58.31,0,0.0005553333333333334
E0000020820260227191724849711523,1688354000133,2026-02-27 16:17:25,0,0,0.9839433893410761,0.05625088886631113,1,1,FALSE_POSITIVE,29,266,14750.15,1.84376875,0.1739449830526316,0.0796029008079728,0,0,40416.03333333333,210,21,2,1,16,0.0,2,14750.15,29,14750.15,0,0.00877985119047619
E0000020820260227191700478283525,60283041153,2026-02-27 16:17:45,0,0,0.9693147381281039,0.08393637788682146,1,1,FALSE_POSITIVE,54,142,18.1,1.2066666666666668,0.3985002480083802,0.068251423692043,0,0,70158.86666666667,308,12,2,1,16,0.0,2,18.1,54,18.1,0,0.003917748917748918
E0000020820260227191924296835525,30403268800,2026-02-27 16:19:38,0,0,0.9788820664159804,0.06801186368045747,1,1,FALSE_POSITIVE,44,35,2.0,0.2,0.0306248473006009,-0.1224993892024037,0,0,94984.18333333332,590,38,3,1,16,20.0,7,2.0,44,2.0,0,0.00033898305084745765
E0000020820260227191946881980525,60201207168,2026-02-27 16:20:07,0,0,0.9533850571977089,0.10140405007912268,1,1,FALSE_POSITIVE,55,401,30.0,0.6,0.0459514529242577,-0.0306343019495051,0,0,50225.3,82,4,3,1,16,0.0,3,30.0,55,30.0,0,0.007317073170731708
E0000020820260227192530248767525,35152869187,2026-02-27 16:25:44,0,0,0.9792469893855015,0.06745015672199689,1,1,FALSE_POSITIVE,60,394,30.0,0.5376344086021506,0.0687307445205484,-0.0591084402876716,0,0,75372.65,111,7,3,1,16,26.0,6,30.0,60,30.0,0,0.004843553230650006
E0000020820260227193029030372525,14109200000191,2026-02-27 16:30:44,0,0,0.9812619988259,0.06321974571308248,1,1,FALSE_POSITIVE,14,172,600.0,1.3333333333333333,0.0268440029865554,0.0067110007466388,0,0,88199.21666666666,159,10,2,1,16,26.0,5,600.0,14,600.0,0,0.008385744234800839
E0000020820260227193134293797525,53900550000123,2026-02-27 16:31:52,0,0,0.9925587446649848,0.02005062328750995,1,1,FALSE_POSITIVE,2,22,4160.0,2.311111111111111,1.4222960671577851,0.8068794996375898,0,0,53468.333333333336,482,39,3,1,16,26.0,8,4160.0,2,4160.0,0,0.00479483633010604
E0000020820260227193849750512542,98312642749,2026-02-27 16:39:11,0,0,0.9676011867929617,0.08612004165387593,1,1,FALSE_POSITIVE,58,57,300.0,9.118541033434653,0.9476516957563776,0.8437258931217617,0,0,44467.43333333333,396,16,4,1,16,0.0,4,300.0,58,300.0,0,0.023026618771299624
E0000020820260227194402271369542,2587585708,2026-02-27 16:44:17,0,0,0.9588906341726562,0.09581159530945604,1,1,FALSE_POSITIVE,51,55,20.0,0.4,0.0361466591118382,-0.0542199886677573,0,0,89249.28333333334,508,20,2,1,16,0.0,4,20.0,51,20.0,0,0.0007874015748031496
E0000020820260227194512441954525,33662683000100,2026-02-27 16:45:51,0,0,0.982483697462992,0.06034077784262881,1,1,FALSE_POSITIVE,6,71,38000.0,33.04347826086956,1.929623944148058,1.8712274300488403,0,0,20325.366666666665,108,7,1,1,16,0.0,3,38000.0,6,38000.0,0,0.3059581320450886
E0000020820260227194608131753525,10421050000104,2026-02-27 16:46:21,0,0,0.9901946784711314,0.03439893148244788,1,1,FALSE_POSITIVE,17,205,60.0,0.2400960384153661,0.0528553663532768,-0.1672872345081212,0,0,1597.6166666666666,622,33,7,1,16,0.0,2,60.0,17,60.0,0,0.000386006492629206
E0000020820260227194703073123525,16059026400,2026-02-27 16:47:15,0,0,0.9920510257508687,0.023446864649610544,1,1,FALSE_POSITIVE,69,35,1621.0,19.53012048192771,2.7528587777192137,2.611904256713233,0,0,93920.11666666668,158,6,2,1,16,26.0,9,1621.0,69,1621.0,0,0.12360835748055513
E0000020820260227195215423991525,62516000120,2026-02-27 16:52:31,0,0,0.9652688530312405,0.08889080675624322,1,1,FALSE_POSITIVE,52,320,2.0,0.0111111111111111,0.0015517708229005,-0.1381076032381445,0,0,72382.93333333333,73,6,2,1,16,26.0,6,2.0,52,2.0,0,0.00015220700152207003
E0000020820260227195235747847525,8572161554,2026-02-27 16:53:21,0,0,0.9709806908150476,0.08157132425972408,1,1,FALSE_POSITIVE,24,45,159.88,4.70235294117647,0.7632630445379788,0.6009479112236726,0,0,66672.91666666667,238,16,2,1,16,26.0,7,159.88,24,159.88,0,0.019757785467128027
E0000020820260227195405203397525,8531510163,2026-02-27 16:54:44,0,0,0.9619845463055516,0.0924799840865711,1,1,FALSE_POSITIVE,76,526,2500.0,25.0,3.373530204877626,3.238588996682521,0,0,20325.366666666665,16,3,1,1,16,26.0,8,2500.0,76,2500.0,0,1.5625
E00000208202602271926pF0JfFvs523,208000100,2026-02-27 16:58:06,0,0,0.9967632919225095,-0.03402161854357888,1,1,FALSE_POSITIVE,59,438,576.3,3.0,0.0021518426846507,0.0014345617897671,0,0,20049.83333333333,1289,75,10,1,16,0.0,4,576.3,59,576.3,0,0.0023273855702094647
E0000020820260227195829822146525,23930594153,2026-02-27 16:58:47,0,0,0.9961762419280625,-0.022252536770693276,1,1,FALSE_POSITIVE,66,401,80.0,4.0,0.566154788836464,0.424616091627348,0,0,96723.3,440,12,1,0,16,0.0,2,80.0,0,0.0,0,0.00909090909090909
E0000020820260227200221936404525,395802296,2026-02-27 17:02:33,0,0,0.9508147301949958,0.10375002970067371,1,1,FALSE_POSITIVE,36,42,150.0,7.5,0.4722869794107438,0.409315382155978,0,0,22684.616666666665,1036,29,4,1,17,26.0,8,150.0,36,150.0,0,0.00723938223938224
E0000020820260227200309250390525,77627695104,2026-02-27 17:03:09,0,0,0.9805162866707919,0.06471139569533235,1,1,FALSE_POSITIVE,51,191,39.0,0.4875,0.131750727835409,-0.138507175416712,0,0,96876.63333333332,96,14,4,1,17,0.0,4,39.0,51,39.0,0,0.005078125
E0000020820260227200335258705525,527970158,2026-02-27 17:03:58,0,0,0.9617624192806258,0.09290934215066093,1,1,FALSE_POSITIVE,41,227,25.27,0.63175,0.1087671683164579,-0.0634008860032222,0,0,96796.36666666668,259,11,2,1,17,26.0,5,25.27,41,25.27,0,0.002439189189189189
E0000020820260227200613652411525,910956464,2026-02-27 17:06:55,0,0,0.9606041855077982,0.09411635963854148,1,1,FALSE_POSITIVE,46,41,50.0,2.002402883460152,0.2670936442310033,0.1337070783020402,0,0,44707.066666666666,504,13,4,1,17,26.0,8,50.0,46,50.0,0,0.003973021594166969
E0000020820260227200735774183525,70828567417,2026-02-27 17:08:02,0,0,0.9943833595125898,0.00618677010283919,1,1,FALSE_POSITIVE,28,13,2172.32,1.0057223281912628,248.55375451571928,1.4142135623730951,0,0,20325.366666666665,2,1,1,1,17,0.0,5,2172.32,28,2172.32,0,0.5028611640956314
E0000020820260227201148238747525,35151005120,2026-02-27 17:12:03,0,0,0.9881320703825345,0.04299827280643065,1,1,FALSE_POSITIVE,60,17,351.0,4.973080192689147,0.5487864063117606,0.4384349973160795,0,0,40825.76666666667,227,8,2,0,17,0.0,5,351.0,0,0.0,0,0.021907842258542497
E0000020820260227201315100688525,9078969440,2026-02-27 17:13:40,0,0,0.9557649896076285,0.09916486171492711,1,1,FALSE_POSITIVE,34,35,14.9,0.4966666666666667,0.0158415772759728,-0.0160542158971268,0,0,86917.55,17,3,2,1,17,0.0,4,14.9,34,14.9,0,0.029215686274509805
E0000020820260227201354310147525,17814552000136,2026-02-27 17:13:54,0,0,0.9856093420280198,0.051362507292247395,1,1,FALSE_POSITIVE,12,57,444.23,0.3510977980810268,0.0552046391462791,-0.1020297253185726,0,0,70558.15,482,39,2,1,17,26.0,8,444.23,12,444.23,0,0.0007284186682178981
E0000020820260227201628051164525,42324171000116,2026-02-27 17:17:02,0,0,0.9945102892411188,0.004853956301820561,1,1,FALSE_POSITIVE,4,56,2667.11,9.525392857142858,1.080295873384841,0.9668836614596652,0,0,49292.01666666667,1369,89,4,1,17,0.0,6,2667.11,4,2667.11,0,0.006957920275487844
E0000020820260227201636305490542,10073682764,2026-02-27 17:17:02,0,0,0.9936059149253494,0.013329227690458023,1,1,FALSE_POSITIVE,44,54,2600.0,52.0,8.320289397584407,8.160283832246245,0,0,73122.71666666666,159,19,2,1,17,0.0,4,2600.0,44,2600.0,0,0.3270440251572327
E0000020820260227201717938607542,17922817738,2026-02-27 17:17:18,0,0,0.9591920922779127,0.09544088253004174,1,1,FALSE_POSITIVE,29,57,20.0,1.923076923076923,0.0856178153588032,0.0410965513722255,0,0,89718.51666666666,313,11,3,1,17,0.0,6,20.0,29,20.0,0,0.006144015728680265
E0000020820260227201741005304525,60694547000166,2026-02-27 17:17:52,0,0,0.994891078426706,0.0015457286375475388,1,1,FALSE_POSITIVE,0,8,10000.0,16.340937316164453,8.306774849560947,7.798433455867216,0,0,8497.9,255,10,2,1,17,20.0,8,10000.0,0,10000.0,0,0.06408210712221354
E0000020820260227201843493448525,81772564168,2026-02-27 17:18:47,0,0,0.9607469814523935,0.0939488509433169,1,1,FALSE_POSITIVE,48,132,20.0,1.0,0.0465541322217355,0.0,0,0,71151.93333333333,233,9,2,1,17,26.0,5,20.0,48,20.0,0,0.004291845493562232
E0000020820260227201825404546525,598887000161,2026-02-27 17:18:51,0,0,0.9662049597791422,0.08783564048248321,1,1,FALSE_POSITIVE,30,294,1200.0,4.838709677419355,0.593246370840072,0.4706421208664571,0,0,39234.0,487,67,2,1,17,26.0,5,1200.0,30,1200.0,0,0.009935748824269723
E0000020820260227202110536447525,70399662120,2026-02-27 17:21:12,0,0,0.9612071017183113,0.0935863170645983,1,1,FALSE_POSITIVE,46,157,225.6,7.05,1.0563680607108592,0.9065286194752764,0,0,90968.66666666669,169,9,2,1,17,0.0,4,225.6,46,225.6,0,0.04171597633136095
E0000020820260227202318329539525,65913930134,2026-02-27 17:23:44,0,0,0.9627937233249242,0.09153178469976658,1,1,FALSE_POSITIVE,51,75,5.0,0.1666666666666666,0.0284849823559386,-0.1424249117796934,0,0,74702.05,51,4,2,1,17,26.0,6,5.0,51,5.0,0,0.0032679738562091504
E0000020820260227202854280665525,70622566172,2026-02-27 17:29:23,0,0,0.974201532676472,0.07638661156346316,1,1,FALSE_POSITIVE,46,260,500.0,16.666666666666668,2.269973418925478,2.133775013789949,0,0,71809.93333333333,103,9,2,1,17,0.0,4,500.0,46,500.0,0,0.16181229773462782
E0000020820260227203058542973523,1588755000111,2026-02-27 17:30:59,0,0,0.9770891840005077,0.07172704349965281,1,1,FALSE_POSITIVE,57,4,1050.0,0.5833333333333334,0.0227877573166473,-0.0162769695118909,0,0,61947.66666666666,341,38,2,1,17,0.0,5,1050.0,57,1050.0,0,0.001710654936461388
E0000020820260227203303775476525,70162816120,2026-02-27 17:33:20,0,0,0.9872435622828312,0.04625406783188157,1,1,FALSE_POSITIVE,51,238,1300.0,15.176278309596078,4.754373982301943,4.4410973089758015,0,0,74961.53333333334,131,6,2,1,17,20.0,5,1300.0,51,1300.0,0,0.11584945274500824
E0000020820260227203351631384525,79338011100,2026-02-27 17:34:37,0,0,0.9687118219175909,0.08478534331738263,1,1,FALSE_POSITIVE,50,232,200.0,2.716653083401249,0.1282655819621339,0.0810510212418724,0,0,68000.8,222,10,2,1,17,0.0,2,200.0,50,200.0,0,0.01223717605135698
E0000020820260227203434119133525,8715907198,2026-02-27 17:34:45,0,0,0.9642058165548099,0.09010681257738051,1,1,FALSE_POSITIVE,8,69,40.0,0.6666666666666666,0.1607638780154334,-0.0803819390077167,0,0,53952.3,359,16,2,1,17,26.0,6,40.0,8,40.0,0,0.0018570102135561746
E0000020820260227203627777491525,49291009172,2026-02-27 17:36:44,0,0,0.9905596014406525,0.03224659576770611,1,1,FALSE_POSITIVE,58,426,39.0,1.6956521739130437,0.1274206851100526,0.0522751528656626,0,0,19087.733333333334,395,13,2,0,17,0.0,0,39.0,0,0.0,0,0.004292790313703908
E0000020820260227203952010366525,49740318000106,2026-02-27 17:40:14,0,0,0.9862439906706649,0.04954106414352155,1,1,FALSE_POSITIVE,3,32,2000.0,3.952569169960474,0.1276337818540634,0.0953424350449854,0,0,50426.51666666667,519,27,4,1,17,0.0,4,2000.0,3,2000.0,0,0.0076157402118698925
E0000020820260227204126437363525,32495455115,2026-02-27 17:41:57,0,0,0.9734082218731654,0.07797683445302489,1,1,FALSE_POSITIVE,62,370,80.0,2.154591974144896,0.1234521828841747,0.0661549385030571,0,0,86797.88333333333,98,6,2,1,17,0.0,3,80.0,62,80.0,0,0.021985632389233633
E0000020820260227204322720865525,48888421000127,2026-02-27 17:43:52,0,0,0.998302314880924,-0.0725520547898274,1,1,FALSE_POSITIVE,3,38,3254.08,1.7082681505590844,0.4661858336937677,0.1932861524925501,0,0,1823.5333333333333,2502,76,10,1,17,26.0,7,3254.08,3,3254.08,0,0.0006827610513825277
E0000020820260227204414517689525,30896341000158,2026-02-27 17:44:35,0,0,0.9784854110143272,0.06883740183380194,1,1,FALSE_POSITIVE,7,70,3200.0,13.91304347826087,1.92521256252502,1.7868379095935338,0,0,26295.216666666667,298,11,4,1,17,26.0,6,3200.0,7,3200.0,0,0.04668806536329151
E0000020820260227204409968390525,164115102,2026-02-27 17:44:50,0,0,0.9765497326542593,0.07255421097530745,1,1,FALSE_POSITIVE,44,214,236.0,19.666666666666668,2.0085723591504987,1.906441561227592,0,0,87001.73333333334,75,5,2,1,17,26.0,5,236.0,44,236.0,0,0.26222222222222225
E0000020820260227205103520884525,14133345711,2026-02-27 17:51:04,0,0,0.9560347152807527,0.09862958642819747,1,1,FALSE_POSITIVE,34,20,2.5,0.125,0.0212793983295471,-0.1489557883068301,0,0,82334.31666666667,364,13,2,1,17,0.0,7,2.5,34,2.5,0,0.00034340659340659343
E0000020820260227205203827511525,58511415149,2026-02-27 17:52:05,0,0,0.9643962111476034,0.08982321974157575,1,1,FALSE_POSITIVE,53,331,107.59,1.714308476736775,0.3415141096643028,0.1423001908750878,0,0,83913.08333333333,212,12,2,1,17,0.0,4,107.59,53,107.59,0,0.008086360739324411
E0000020820260227205148652270542,5398154702,2026-02-27 17:52:05,0,1,0.9867834420169134,0.04793363447040078,1,1,FALSE_POSITIVE,53,55,105.2,1.0,0.2306441332724781,0.0,0,0,20325.366666666665,1,1,1,1,17,0.0,4,105.2,53,105.2,0,1.0
E0000020820260227205302883240525,49452258187,2026-02-27 17:53:24,0,0,0.9706475002776588,0.08203365217841929,1,1,FALSE_POSITIVE,57,363,20.0,0.336870473303015,0.079735155334585,-0.1569586532761306,0,0,74090.66666666667,157,10,2,1,17,0.0,2,20.0,57,20.0,0,0.0021456718044778026
E0000020820260227205533812345525,23921153115,2026-02-27 17:55:48,0,0,0.9788979326320466,0.067963394543266,1,1,FALSE_POSITIVE,63,505,82.8,0.9054127938764353,0.2625471150332472,-0.0274279292878936,0,0,74099.7,54,4,2,1,17,0.0,3,82.8,63,82.8,0,0.016766903590304354
E0000020820260227205808147736525,4342685183,2026-02-27 17:58:09,0,0,0.9573040125660431,0.09768020413802836,1,1,FALSE_POSITIVE,33,7,6.62,0.01952802359882,0.0077300678212901,-0.3881147949305782,0,0,97760.65,38,4,2,1,17,0.0,5,6.62,33,6.62,0,0.0005138953578636857
E0000020820260227205834730863525,77729854449,2026-02-27 17:59:14,0,0,0.9586526409316642,0.09600464617676707,1,1,FALSE_POSITIVE,56,5,40.0,2.008032128514056,0.1278576559169964,0.0641845432703322,0,0,73560.73333333334,104,6,2,1,17,0.0,5,40.0,56,40.0,0,0.019308001235712077
E0000020820260227210204142986542,250984709,2026-02-27 18:02:05,0,0,0.9772954448093674,0.07125693898060437,1,1,FALSE_POSITIVE,68,56,10.0,1.0,0.1751742326549974,0.0,0,0,11561.416666666666,777,50,5,1,18,0.0,8,10.0,68,10.0,0,0.001287001287001287
E0000020820260227210227329899542,6217440261,2026-02-27 18:02:28,0,0,0.9568914909483237,0.09798091085854344,1,1,FALSE_POSITIVE,26,22,13.5,0.75,0.2054507882183799,-0.0684835960727933,0,0,93603.08333333331,329,9,2,1,18,0.0,7,13.5,26,13.5,0,0.0022796352583586625
E0000020820260227210415763458542,1942946767,2026-02-27 18:04:32,0,0,0.967141066527044,0.08658938073494793,1,1,FALSE_POSITIVE,59,58,200.0,4.0,1.089617264222439,0.8172129481668294,0,0,97854.75,100,8,2,1,18,0.0,4,200.0,59,200.0,0,0.04
E0000020820260227210713341880525,54883267000101,2026-02-27 18:07:23,0,0,0.9662049597791422,0.08785643620938471,1,1,FALSE_POSITIVE,1,18,400.0,1.0,0.1721530200599472,0.0,0,0,4377.95,660,43,3,1,18,26.0,8,400.0,1,400.0,0,0.0015151515151515152
E0000020820260227210903103598542,70841631409,2026-02-27 18:09:04,0,0,0.9612388341504434,0.09356243907940365,1,1,FALSE_POSITIVE,23,54,5.0,0.5,0.101241478567533,-0.101241478567533,0,0,37771.18333333333,603,19,5,1,18,0.0,4,5.0,23,5.0,0,0.0008291873963515755
E0000020820260227211012265265525,42831415187,2026-02-27 18:10:27,0,0,0.994891078426706,0.0016178556148702672,1,1,FALSE_POSITIVE,57,390,350.0,1.75,3.527697130353017,1.5118701987227217,0,0,24598.5,13,1,1,0,18,26.0,3,350.0,0,0.0,0,0.1346153846153846
E0000020820260227211906872869525,36066273191,2026-02-27 18:19:08,0,0,0.9883859298395925,0.04197067195917742,1,1,FALSE_POSITIVE,61,9,172.38,1.795625,0.0331856732119104,0.0147042680120995,0,0,39198.86666666667,106,15,4,1,18,46.0,11,172.38,61,172.38,0,0.016939858490566038
E0000020820260227212156083554525,38387086000120,2026-02-27 18:21:57,0,0,0.9783902137179304,0.06900893552773912,1,1,FALSE_POSITIVE,5,64,36.8,0.1362962962962962,0.0199973954009821,-0.1267226252040502,0,0,71061.06666666667,323,11,2,1,18,0.0,5,36.8,5,36.8,0,0.0004219699575736727
E0000020820260227212437208386542,10939331780,2026-02-27 18:25:03,0,0,0.9791200596569725,0.06764019012330513,1,1,FALSE_POSITIVE,40,43,7.0,0.35,0.0713881339516655,-0.1325779630530932,0,0,78181.83333333333,647,30,4,1,18,0.0,5,7.0,40,7.0,0,0.0005409582689335394
E0000020820260227212522568934525,55798352000126,2026-02-27 18:25:33,0,0,0.9871800974185666,0.046587848659090936,1,1,FALSE_POSITIVE,1,20,600.0,1.3333333333333333,0.3782455724823937,0.0945613931205984,0,0,10130.766666666666,230,12,2,0,18,0.0,3,600.0,0,0.0,0,0.005797101449275362
E0000020820260227212734660460525,27600580187,2026-02-27 18:27:36,0,0,0.9870531676900376,0.04701975212708659,1,1,FALSE_POSITIVE,58,409,50.0,0.5,0.315078917562537,-0.315078917562537,0,0,4328.283333333334,359,27,2,0,18,26.0,5,50.0,0,0.0,0,0.001392757660167131
E0000020820260227212949198897542,9878774457,2026-02-27 18:29:49,0,0,0.962761990892792,0.09159077894719297,1,1,FALSE_POSITIVE,26,28,15.0,1.25,0.3760200395630749,0.075204007912615,0,0,93389.88333333332,490,23,2,1,18,0.0,7,15.0,26,15.0,0,0.002551020408163265
E0000020820260227214141290220525,54206931000170,2026-02-27 18:41:59,0,0,0.9687118219175909,0.08478325027213018,1,1,FALSE_POSITIVE,2,24,800.0,3.076923076923077,0.4098248766241304,0.276631791721288,0,0,377.05,837,26,4,1,18,0.0,5,800.0,2,800.0,0,0.003676132708390773
E0000020820260227214626472844525,5997848140,2026-02-27 18:46:27,0,0,0.9581766544496803,0.09662589728827103,1,1,FALSE_POSITIVE,21,6,16.0,0.5925925925925926,0.13064596506412,-0.0898191009815825,0,0,90622.06666666668,174,13,2,1,18,0.0,5,16.0,21,16.0,0,0.0034057045551298426
E0000020820260227214712859673525,10932318000164,2026-02-27 18:47:32,0,0,0.9963825027369223,-0.025194724578698313,1,1,FALSE_POSITIVE,16,167,200.0,0.2666666666666666,0.0153159871841746,-0.0421189647564802,0,0,46150.01666666667,1074,43,3,0,18,0.0,0,200.0,0,0.0,0,0.00024829298572315333
E0000020820260227215214315406525,7615905109,2026-02-27 18:52:15,0,0,0.969457534072699,0.08379345163363205,1,1,FALSE_POSITIVE,25,42,13.0,0.6509764646970456,0.4028885634811308,-0.2160102528818062,0,0,85433.58333333333,56,7,2,1,18,26.0,9,13.0,25,13.0,0,0.011624579726732958
E0000020820260227215803235478525,3611460435,2026-02-27 18:58:38,0,0,0.9697748583940216,0.08334155303036139,1,1,FALSE_POSITIVE,49,285,13.62,0.0698461538461538,0.0198072881819792,-0.2637772342472397,0,0,85202.55,49,4,2,1,18,0.0,2,13.62,49,13.62,0,0.0014254317111459967
E0000020820260227220410377449542,14989073770,2026-02-27 19:04:23,0,0,0.9833563393466292,0.057746968948837296,1,1,FALSE_POSITIVE,38,58,100.0,5.0,0.588229191264874,0.4705833530118992,0,0,40217.583333333336,272,16,1,0,19,0.0,2,100.0,0,0.0,0,0.01838235294117647
E0000020820260227220825804909525,392450550,2026-02-27 19:08:39,0,0,0.9721865232360735,0.079704907745556,1,1,FALSE_POSITIVE,45,31,26.0,1.4246575342465753,0.3151933950569413,0.0939518773727421,0,0,3345.333333333333,329,12,2,0,19,0.0,2,26.0,0,0.0,0,0.004330266061539743
E0000020820260227220903059745525,71139372416,2026-02-27 19:09:04,0,0,0.9509892585717232,0.10357710834522427,1,1,FALSE_POSITIVE,27,28,147.88,2.9576,0.6513599031146469,0.4311273148286559,0,0,25825.266666666663,251,22,5,1,19,0.0,7,147.88,27,147.88,0,0.011783266932270916
E0000020820260227220857760182525,63354136634,2026-02-27 19:09:29,0,0,0.9783902137179304,0.06901772560466973,1,1,FALSE_POSITIVE,58,372,36.0,0.24,0.2034530163342137,-0.6442678850583434,0,0,72637.81666666667,40,4,2,1,19,0.0,2,36.0,58,36.0,0,0.006
E0000020820260227221015455455525,1862039186,2026-02-27 19:10:26,0,0,0.983213543402034,0.05817267484732591,1,1,FALSE_POSITIVE,39,51,6.0,0.6,0.0200006839639623,-0.0133337893093082,0,0,45933.61666666667,361,10,1,0,19,26.0,5,6.0,0,0.0,0,0.0016620498614958448
E0000020820260227221616406597525,5838072164,2026-02-27 19:16:28,0,0,0.9901788122550653,0.03458891666952579,1,1,FALSE_POSITIVE,24,13,10.0,0.5,0.0474507181599129,-0.0474507181599129,0,0,59153.36666666667,208,11,1,0,19,0.0,3,10.0,0,0.0,0,0.002403846153846154
E0000020820260227221628166413542,11367892783,2026-02-27 19:16:28,0,0,0.9703619083884685,0.08249860683497401,1,1,FALSE_POSITIVE,39,60,100.0,2.5,0.9679519917504816,0.580771195050289,0,0,27488.8,241,18,1,0,19,0.0,4,100.0,0,0.0,0,0.01037344398340249
E0000020820260227221845480594525,55394338000167,2026-02-27 19:19:01,0,0,0.9644438097958018,0.08968245485378007,1,1,FALSE_POSITIVE,1,21,150.0,0.18035999855712,0.0035642890927477,-0.0161977929723556,0,0,53887.53333333333,179,10,2,1,19,0.0,5,150.0,1,150.0,0,0.0010075977573023465
E0000020820260227222012892154525,39791442000139,2026-02-27 19:20:26,0,0,0.9816745204436194,0.06231306604297271,1,1,FALSE_POSITIVE,5,19,252.0,0.2632376137301396,0.0420496535261246,-0.1176906393988531,0,0,30344.066666666666,647,76,5,1,19,0.0,5,252.0,5,252.0,0,0.00040685875383329165
E0000020820260227222331361361525,71213821134,2026-02-27 19:23:43,0,0,0.9664429530201343,0.08748522542216186,1,1,FALSE_POSITIVE,45,309,7.0,0.1166666666666666,0.0176352644827337,-0.1335241453692696,0,0,72303.71666666666,94,4,2,1,19,26.0,5,7.0,45,7.0,0,0.0012411347517730497
E0000020820260227222539608483525,20657030406,2026-02-27 19:25:57,0,0,0.985641074460152,0.051216332480052806,1,1,FALSE_POSITIVE,83,35,220.0,8.461538461538462,0.8741634918169394,0.7708532609658466,0,0,44957.36666666667,39,4,2,1,19,26.0,10,220.0,83,220.0,0,0.21696252465483234
E0000020820260227222817082133542,12410936440,2026-02-27 19:28:27,0,0,0.9577958652640932,0.09706374882249696,1,1,FALSE_POSITIVE,26,31,10.0,0.5,0.1474441368143065,-0.1474441368143065,0,0,80850.01666666666,366,12,2,1,19,0.0,4,10.0,26,10.0,0,0.001366120218579235
E0000020820260227223205114352525,4838059124,2026-02-27 19:32:35,0,0,0.9637139638567598,0.09048242426989694,1,1,FALSE_POSITIVE,32,10,41.75,1.1928571428571428,0.4005097768408955,0.0647530776928394,0,0,98488.08333333331,100,8,2,1,19,26.0,8,41.75,32,41.75,0,0.011928571428571429
E0000020820260227223438263855525,23955090191,2026-02-27 19:34:39,0,0,0.9761848096847383,0.07342959288615919,1,1,FALSE_POSITIVE,67,450,24.0,0.48,0.0819763218347198,-0.0888076819876131,0,0,63495.51666666667,131,6,2,1,19,0.0,6,24.0,67,24.0,0,0.00366412213740458
E0000020820260227224153329414525,39298620187,2026-02-27 19:42:16,0,0,0.9729481016072477,0.07850966598920495,1,1,FALSE_POSITIVE,76,403,20.0,0.8,0.1453568896289563,-0.036339222407239,0,0,58059.65,98,8,2,1,19,0.0,5,20.0,76,20.0,0,0.00816326530612245
E0000020820260227224517805147525,35590548187,2026-02-27 19:45:19,0,0,0.9764069367096642,0.07290479629045737,1,1,FALSE_POSITIVE,60,324,60.0,1.1935548040580863,0.1225462394368956,0.0198729151620165,0,0,71164.88333333333,79,7,3,1,19,0.0,5,60.0,60,60.0,0,0.015108288658963116
E0000020820260227224634139473525,53477383168,2026-02-27 19:46:34,0,0,0.9894489663160233,0.03763983800118503,1,1,FALSE_POSITIVE,54,9,30.0,0.4956220056170494,0.1938657425109368,-0.1972907039619634,0,0,95679.53333333334,65,9,2,1,19,55.0,11,30.0,54,30.0,0,0.00762495393256999
E0000020820260227224915778599525,21916560000160,2026-02-27 19:49:16,0,0,0.9812619988259,0.06320602878099296,1,1,FALSE_POSITIVE,11,40,3000.0,45.62737642585552,5.584776955875279,5.462377260925679,0,0,10497.2,112,6,3,1,19,0.0,4,3000.0,11,3000.0,0,0.4073872895165671
E0000020820260227225106263996542,17440489756,2026-02-27 19:51:15,0,0,0.99585891760674,-0.014227628830163153,1,1,FALSE_POSITIVE,30,56,510.0,12.351658997335916,2.9891391998946,2.7471361458482315,0,0,3407.4666666666667,350,19,4,0,19,0.0,2,510.0,0,0.0,0,0.035290454278102616
E0000020820260227225143684670525,38909332115,2026-02-27 19:52:14,0,0,0.9719961286432799,0.08004236016647959,1,1,FALSE_POSITIVE,54,40,25.0,0.7374631268436579,0.1097636966090307,-0.0390758759928149,0,0,10049.75,68,15,1,0,19,26.0,5,25.0,0,0.0,0,0.01084504598299497
E0000020820260227225545796862525,38598850144,2026-02-27 19:56:02,0,0,0.967632919225094,0.08602138147228505,1,1,FALSE_POSITIVE,58,384,8.0,0.8,0.0594485348673725,-0.0148621337168431,0,0,54487.71666666667,304,10,3,1,19,26.0,5,8.0,58,8.0,0,0.002631578947368421
E0000020820260227225941520292525,47779365115,2026-02-27 19:59:52,0,0,0.9757088232027544,0.0741447236359305,1,1,FALSE_POSITIVE,56,429,250.0,2.083333333333333,0.0217031665508309,0.0112856466064321,0,0,80599.7,102,5,2,1,19,26.0,5,250.0,56,250.0,0,0.02042483660130719
E0000020820260227230001893124525,85179639468,2026-02-27 20:00:02,0,0,0.9726942421501896,0.07890753487926605,1,1,FALSE_POSITIVE,57,315,65.0,3.25,0.2647731310733544,0.1833044753584761,0,0,83638.55,88,5,2,1,20,26.0,5,65.0,57,65.0,0,0.036931818181818184
E0000020820260227230525397392525,10771997400,2026-02-27 20:05:46,0,0,0.98954416361242,0.03738100518545728,1,1,FALSE_POSITIVE,30,35,700.0,32.124827902707665,3.786150482991253,3.66829302724214,0,0,60374.066666666666,80,4,3,1,20,26.0,7,700.0,30,700.0,0,0.40156034878384583
E0000020820260227230557042306542,6060158331,2026-02-27 20:06:06,0,0,0.9649039300617196,0.08929435368322075,1,1,FALSE_POSITIVE,27,50,4.0,0.1333333333333333,0.039070736889173,-0.2539597897796249,0,0,76270.48333333334,224,18,3,1,20,0.0,6,4.0,27,4.0,0,0.0005952380952380953
E0000020820260227230730576560542,18608238748,2026-02-27 20:07:31,0,0,0.9651101908705793,0.08899339162306069,1,1,FALSE_POSITIVE,28,56,5.0,0.7142857142857143,0.1404615644369946,-0.0561846257747978,0,0,73502.01666666666,702,34,2,1,20,0.0,6,5.0,28,5.0,0,0.0010175010175010174
E0000020820260227232302144137525,77951417149,2026-02-27 20:23:02,0,0,0.978342615069732,0.06919616200011869,1,1,FALSE_POSITIVE,50,272,6.0,0.3582089552238806,0.0268932914325642,-0.0481838138166775,0,0,79758.56666666667,670,20,3,1,20,0.0,4,6.0,50,6.0,0,0.0005346402316774337
E0000020820260227232550644191525,5225111122,2026-02-27 20:25:52,0,0,0.9649991273581163,0.08921707764875197,1,1,FALSE_POSITIVE,33,46,93.0,3.383048381229538,0.1493082880958698,0.1051740425071014,0,0,61057.23333333333,393,15,2,1,20,26.0,9,93.0,33,93.0,0,0.008608265601092973
E0000020820260227233623583795525,35816376187,2026-02-27 20:36:24,0,0,0.9764069367096642,0.07288134692655335,1,1,FALSE_POSITIVE,59,436,12.0,0.1690140845070422,0.0440455057966023,-0.216557070166628,0,0,63623.23333333333,42,4,2,1,20,0.0,3,12.0,59,12.0,0,0.004024144869215292
E0000020820260227234732619453525,35839910104,2026-02-27 20:47:33,0,0,0.9940501689752012,0.009691037258375279,1,1,FALSE_POSITIVE,56,236,5.0,0.5,0.0282525169940414,-0.0282525169940414,0,0,13285.85,830,19,5,0,20,0.0,2,5.0,0,0.0,0,0.0006024096385542169
E0000020820260227234803992704525,47327340149,2026-02-27 20:48:05,0,0,0.9705681691973281,0.08225495421300943,1,1,FALSE_POSITIVE,53,358,35.0,0.875,0.1894020089496493,-0.0270574298499499,0,0,65272.25,147,7,2,1,20,0.0,2,35.0,53,35.0,0,0.005952380952380952
E0000020820260227234823540234525,91112591168,2026-02-27 20:49:01,0,0,0.9650943246545132,0.08906475320431806,1,1,FALSE_POSITIVE,43,191,20.0,1.2315270935960592,0.0187610429286058,0.0035270760705778,0,0,99748.03333333334,346,10,2,1,20,26.0,5,20.0,43,20.0,0,0.0035593268601042177
E0000020820260228000107254114525,68631669504,2026-02-27 21:01:07,0,0,0.9951766703158964,-0.0023807759782754068,1,1,FALSE_POSITIVE,52,322,15.0,1.1538461538461535,0.0872973971660883,0.0116396529554784,0,0,330.15,1278,55,4,0,21,26.0,5,15.0,0,0.0,0,0.0009028530155290719
E0000020820260228001114949772542,19660972717,2026-02-27 21:11:28,0,0,0.9801196312691386,0.06537448506895577,1,1,FALSE_POSITIVE,24,46,5.0,0.5,0.1357086406725412,-0.1357086406725412,0,0,15967.366666666669,261,10,3,0,21,0.0,2,5.0,0,0.0,0,0.0019157088122605363
E0000020820260228001108338447525,52403688134,2026-02-27 21:11:35,0,0,0.9735827502498929,0.07767818048105318,1,1,FALSE_POSITIVE,53,381,5.0,0.1351351351351351,0.0134094905828708,-0.0858207397303732,0,0,78326.56666666667,70,3,2,1,21,26.0,5,5.0,53,5.0,0,0.0019305019305019305
E0000020820260228001717575756525,42749077168,2026-02-27 21:17:18,0,0,0.9949862757231028,0.0003891339658940174,1,1,FALSE_POSITIVE,57,28,10.0,0.5,0.1137094691248552,-0.1137094691248552,0,0,42015.1,810,32,7,1,21,20.0,10,10.0,57,10.0,0,0.0006172839506172839
E0000020820260228002247789662542,16895419705,2026-02-27 21:22:48,0,0,0.9919558284544719,0.023835828291709604,1,1,FALSE_POSITIVE,30,53,9.48,0.474,0.2904099294785656,-0.3222692466365516,0,0,79511.73333333334,163,18,1,0,21,0.0,4,9.48,0,0.0,0,0.0029079754601226996
E0000020820260228002320213937542,7344404303,2026-02-27 21:23:21,0,0,0.9635870341282308,0.09074604331808944,1,1,FALSE_POSITIVE,29,57,300.0,7.5,1.0499365230528943,0.909944986645842,0,0,99277.76666666666,86,5,2,1,21,0.0,5,300.0,29,300.0,0,0.0872093023255814
E0000020820260228002835082225525,2549598148,2026-02-27 21:28:47,0,0,0.9590016976851191,0.0956511596884359,1,1,FALSE_POSITIVE,41,24,17.0,1.4166666666666667,0.2961223225722101,0.0870948007565324,0,0,81128.43333333333,455,25,2,1,21,0.0,6,17.0,41,17.0,0,0.0031135531135531138
E0000020820260228003036204154525,78262577191,2026-02-27 21:30:36,0,0,0.9854348136512923,0.05191423649667887,1,1,FALSE_POSITIVE,51,196,30.0,1.2,0.0442091354365739,0.0073681892394289,0,0,82334.35,80,4,2,1,21,55.0,8,30.0,51,30.0,0,0.015
E0000020820260228003707348124542,15172021752,2026-02-27 21:37:17,0,0,0.954971678804322,0.09995351665960761,1,1,FALSE_POSITIVE,30,54,15.0,0.7142857142857143,0.1827606882198881,-0.0731042752879552,0,0,65128.4,340,8,2,1,21,0.0,4,15.0,30,15.0,0,0.0021008403361344537
E0000020820260228004116445215542,44597426833,2026-02-27 21:41:19,0,0,0.9897186919891475,0.036615594028041376,1,1,FALSE_POSITIVE,31,51,24.0,0.8275862068965517,0.0623390072886719,-0.0129872931851399,0,0,19865.916666666668,767,22,9,1,21,0.0,4,24.0,31,24.0,0,0.0010789911432810323
E0000020820260228004240862669542,5609152330,2026-02-27 21:42:41,0,0,0.9604296571310708,0.09428485018032234,1,1,FALSE_POSITIVE,34,48,20.0,1.0,0.369716415925248,0.0,0,0,83732.25,634,21,2,1,21,0.0,4,20.0,34,20.0,0,0.0015772870662460567
E0000020820260228010007864357542,40277577500,2026-02-27 22:00:17,0,0,0.9992384216288257,-0.12001273551530112,1,1,FALSE_POSITIVE,66,8,25.0,12.5,6.945453726445515,6.389817428329874,0,0,13300.9,1514,130,9,1,22,0.0,7,25.0,66,25.0,0,0.008256274768824307
E0000020820260228010202811364525,5696505180,2026-02-27 22:02:03,0,0,0.9682675678677393,0.08522250223740263,1,1,FALSE_POSITIVE,26,80,22.9,0.4579999999999999,0.031599959403893,-0.0373955851460918,0,0,63588.833333333336,69,5,2,1,22,0.0,3,22.9,26,22.9,0,0.00663768115942029
E0000020820260228010451617479525,7829864128,2026-02-27 22:04:52,0,0,0.9842448474463326,0.05540530230551588,1,1,FALSE_POSITIVE,9,103,29.0,0.90625,0.0799860585518102,-0.0082744198501872,0,0,79253.18333333333,221,7,2,1,22,26.0,7,29.0,9,29.0,0,0.004100678733031674
E0000020820260228010703145282542,4069067264,2026-02-27 22:07:16,0,0,0.96568137464896,0.08840731967467136,1,1,FALSE_POSITIVE,29,37,60.0,4.0,0.6993140834945951,0.5244855626209463,0,0,96681.61666666668,410,11,2,1,22,0.0,4,60.0,29,60.0,0,0.00975609756097561
E0000020820260228010826812695525,78958253134,2026-02-27 22:08:27,0,0,0.9544322274580735,0.10058434186812804,1,1,FALSE_POSITIVE,48,107,284.24,5.47457627118644,1.4726191419673214,1.2036267909578109,0,0,50311.25,92,7,2,1,22,26.0,7,284.24,48,284.24,0,0.059506263817243915
E0000020820260228010847266508542,16801419706,2026-02-27 22:08:48,0,0,0.9752169705047044,0.07488690170566553,1,1,FALSE_POSITIVE,28,2,100.0,2.0,2.1762453839754228,1.0881226919877114,0,0,63439.23333333333,255,23,2,1,22,0.0,7,100.0,28,100.0,0,0.00784313725490196
E0000020820260228010855067103525,63203044000139,2026-02-27 22:08:55,0,0,0.972011994859346,0.08002656712081857,1,1,FALSE_POSITIVE,0,4,168.95,1.877222222222222,0.1714184819143983,0.0801035167040056,0,0,1358.1833333333334,547,27,2,1,22,26.0,8,168.95,0,168.95,0,0.0034318504976640256
E0000020820260228011036679174542,16831733760,2026-02-27 22:10:39,0,0,0.9616513557681629,0.09302528301444113,1,1,FALSE_POSITIVE,23,53,10.0,0.7692307692307693,0.19551710984683,-0.058655132954049,0,0,69233.71666666666,262,16,2,1,22,0.0,4,10.0,23,10.0,0,0.002935995302407516
E0000020820260228011103804237542,62410704360,2026-02-27 22:11:04,0,0,0.9577482666158947,0.09710598602248488,1,1,FALSE_POSITIVE,23,55,6.0,0.6,0.2803893532420139,-0.1869262354946759,0,0,61666.35,295,20,2,1,22,0.0,6,6.0,23,6.0,0,0.002033898305084746
E0000020820260228011424914516525,14341646672,2026-02-27 22:15:24,0,0,0.9682199692195408,0.0853812948264881,1,1,FALSE_POSITIVE,81,378,550.0,0.55,0.1169338275190046,-0.0956731316064583,0,0,24580.68333333333,20,4,2,1,22,26.0,9,550.0,81,550.0,0,0.0275
E0000020820260228011932047183525,85775487168,2026-02-27 22:19:56,0,0,0.9997620067590081,-0.16619176015690662,1,1,FALSE_POSITIVE,53,233,1000.0,33.333333333333336,17.76527029215795,17.232312183393212,0,0,7998.766666666666,629,30,4,0,22,26.0,3,1000.0,0,0.0,0,0.052994170641229466
E0000020820260228012129532323542,3561253784,2026-02-27 22:21:30,0,0,0.9711710854078411,0.08138502130088349,1,1,FALSE_POSITIVE,57,18,5.0,0.5,0.1882985107192787,-0.1882985107192787,0,0,63106.28333333333,97,5,2,1,22,0.0,7,5.0,57,5.0,0,0.005154639175257732
E0000020820260228012721539234542,15695161703,2026-02-27 22:27:36,0,0,0.9682199692195408,0.0853185740597312,1,1,FALSE_POSITIVE,23,50,1900.0,15.833333333333334,3.568173732503177,3.342815391502977,0,0,40613.51666666667,56,11,2,1,22,0.0,4,1900.0,23,1900.0,0,0.28273809523809523
E0000020820260228013147379359525,87038145134,2026-02-27 22:31:47,0,0,0.9818807812524791,0.06183906524011806,1,1,FALSE_POSITIVE,47,39,106.38,10.638,2.459310220879732,2.228128587031289,0,0,60917.05,251,14,2,1,22,26.0,9,106.38,47,106.38,0,0.04238247011952191
E0000020820260228013222812445525,69022950182,2026-02-27 22:32:23,0,0,0.9742332651086042,0.07628306957685138,1,1,FALSE_POSITIVE,56,80,17.7,1.2123287671232876,0.1429698390654742,0.0250399153165519,0,0,72297.45,147,6,2,1,22,26.0,8,17.7,56,17.7,0,0.008247134470226448
E0000020820260228013404172710525,54883267000101,2026-02-27 22:34:04,0,0,0.9756294921224237,0.07426680639071781,1,1,FALSE_POSITIVE,1,18,200.0,0.5,0.0860765100299736,-0.0860765100299736,0,0,266.68333333333334,660,43,4,1,22,0.0,5,200.0,1,200.0,0,0.0007575757575757576
E0000020820260228014014089658525,93228902153,2026-02-27 22:41:42,0,0,0.9880368730861376,0.043421684877407773,1,1,FALSE_POSITIVE,47,79,1000.0,23.25581395348837,2.102689571781708,2.0122739201950943,0,0,98471.41666666669,31,5,2,1,22,26.0,6,1000.0,47,1000.0,0,0.7501875468867217
E0000020820260228014334996814525,2610490119,2026-02-27 22:43:35,0,0,0.9635235692639662,0.09080290397701762,1,1,FALSE_POSITIVE,35,197,39.43,1.3143333333333334,0.1695744922606315,0.0405550966781069,0,0,86642.91666666667,138,6,2,1,22,0.0,4,39.43,35,39.43,0,0.00952415458937198
E0000020820260228015539957791542,12477639781,2026-02-27 22:55:40,0,0,0.9768035921113174,0.07222680138950643,1,1,FALSE_POSITIVE,40,52,3.0,0.6,0.1414832279027672,-0.0943221519351781,0,0,35002.75,287,10,2,0,22,0.0,4,3.0,0,0.0,0,0.0020905923344947735
E0000020820260228015615144296542,12178193714,2026-02-27 22:56:15,0,0,0.980786012343916,0.06427447201011388,1,1,FALSE_POSITIVE,38,58,20.0,2.0,1.348334097035914,0.6741670485179571,0,0,76918.71666666666,877,31,3,1,22,0.0,6,20.0,38,20.0,0,0.002280501710376283
E0000020820260228015952235576542,10319080560,2026-02-27 22:59:52,0,0,0.9779300934520126,0.06975914093233937,1,1,FALSE_POSITIVE,25,57,30.0,1.5,0.9804965470958168,0.3268321823652723,0,0,75594.68333333333,766,27,3,1,22,0.0,6,30.0,25,30.0,0,0.0019582245430809398
E0000020820260228020207593926525,87433346104,2026-02-27 23:02:08,0,0,0.976280006981135,0.07319344690600266,1,1,FALSE_POSITIVE,47,161,10.0,0.6666666666666666,0.0287472155623138,-0.0143736077811569,0,0,17477.8,208,7,1,0,23,0.0,2,10.0,0,0.0,0,0.003205128205128205
E0000020820260228020951822857525,5949230426,2026-02-27 23:09:53,0,0,0.9628095895409904,0.09151958592709086,1,1,FALSE_POSITIVE,27,55,100.0,1.6666666666666667,0.7901069907279612,0.3160427962911845,0,0,87044.53333333334,174,15,2,1,23,0.0,6,100.0,27,100.0,0,0.009578544061302681
E0000020820260228022329531813542,70332734447,2026-02-27 23:23:30,0,0,0.995493994637219,-0.008010653608598983,1,1,FALSE_POSITIVE,26,56,50.0,1.0416666666666667,0.2442623854254997,0.0097704954170199,0,0,1718.2333333333331,696,21,7,0,23,0.0,4,50.0,0,0.0,0,0.0014966475095785441
E0000020820260228022648042487542,22511788721,2026-02-27 23:26:58,0,0,0.9716629381058911,0.08064690800379248,1,1,FALSE_POSITIVE,22,54,40.0,4.0,1.8605398948984144,1.3954049211738109,0,0,37516.76666666667,989,52,3,1,23,0.0,4,40.0,22,40.0,0,0.004044489383215369
E0000020820260228022707766338542,38500238852,2026-02-27 23:27:08,0,0,0.9531946626049154,0.10155757276920696,1,1,FALSE_POSITIVE,36,55,22.0,1.0476190476190477,0.1325984784540299,0.0060272035660922,0,0,29825.85,1171,31,4,1,23,0.0,6,22.0,36,22.0,0,0.0008946362490341995
E0000020820260228022831059391542,11688856714,2026-02-27 23:28:31,0,0,0.9697272597458232,0.08346027364200187,1,1,FALSE_POSITIVE,40,57,20.0,0.6666666666666666,0.1345596896309873,-0.0672798448154936,0,0,15897.233333333334,548,25,6,1,23,0.0,6,20.0,40,20.0,0,0.0012165450121654502
E0000020820260228023225292874525,2205052179,2026-02-27 23:32:26,0,0,0.96203214495375,0.09237368494474896,1,1,FALSE_POSITIVE,39,34,29.0,0.9666666666666668,0.4894793942520999,-0.0168785998017965,0,0,57709.86666666667,153,11,2,1,23,20.0,9,29.0,39,29.0,0,0.006318082788671024
E0000020820260228024649362425525,60866617310,2026-02-27 23:46:50,0,0,0.9558443206879591,0.09901172544218673,1,1,FALSE_POSITIVE,23,16,31.0,2.404965089216447,2.4434856462996883,1.4274685501447533,0,0,51037.35,173,10,2,1,23,0.0,7,31.0,23,31.0,0,0.013901532307609517
E0000020820260228030419980965525,5339339190,2026-02-28 00:04:20,0,0,0.9760737461722754,0.0735872755591323,1,1,FALSE_POSITIVE,34,50,211.0,4.968212856133742,3.843677002436497,3.070023152704373,0,0,34763.15,120,6,2,1,0,26.0,9,211.0,34,211.0,0,0.04140177380111452
E0000020820260228031344829926542,11440892717,2026-02-28 00:14:04,0,0,0.9717105367540895,0.08053352864607255,1,1,FALSE_POSITIVE,37,54,16.5,0.66,0.2586090967991804,-0.1332228680480626,0,0,83859.83333333333,212,12,2,1,0,0.0,4,16.5,37,16.5,0,0.0031132075471698114
E0000020820260228031415202147542,11753682703,2026-02-28 00:14:27,0,0,0.9898614879337427,0.036079103086552045,1,1,FALSE_POSITIVE,39,58,79.0,0.8777777777777778,0.2835267099754286,-0.0394784026548065,0,0,38487.43333333333,109,7,1,0,0,0.0,2,79.0,0,0.0,0,0.008053007135575944
E0000020820260228031456497352542,6674044733,2026-02-28 00:15:28,0,0,0.9597950084884256,0.09476068980828278,1,1,FALSE_POSITIVE,29,39,11.5,1.15,0.6474663798040865,0.0844521364961852,0,0,52086.76666666667,426,31,2,1,0,0.0,4,11.5,29,11.5,0,0.002699530516431925
E0000020820260228031728393983525,7080722403,2026-02-28 00:17:51,0,0,0.9564155044663398,0.0983432144373369,1,1,FALSE_POSITIVE,36,6,1500.0,37.5,3.567893101484566,3.4727492854449777,0,0,20325.366666666665,347,11,1,1,0,0.0,5,1500.0,36,1500.0,0,0.10806916426512968
E0000020820260228031829176977525,38560888000190,2026-02-28 00:18:46,0,0,0.9973027432687578,-0.045046481538411065,1,1,FALSE_POSITIVE,5,8,1000.0,5.403360890473875,0.9881110412258792,0.805241330826206,0,0,5933.083333333333,433,28,5,1,0,60.0,10,1000.0,5,1000.0,0,0.012478893511487009
E0000020820260228031944910857525,63557231100,2026-02-28 00:20:02,0,0,0.9769781204880448,0.07182118198050563,1,1,FALSE_POSITIVE,50,321,250.0,1.6233766233766234,0.4303789662260049,0.1652655230307858,0,0,6084.066666666667,307,11,4,1,0,26.0,5,250.0,50,250.0,0,0.0052878717373831385
E0000020820260228032053566798525,10718328671,2026-02-28 00:21:04,0,0,0.9978580608310724,-0.06159912917224364,1,1,FALSE_POSITIVE,31,17,390.0,7.8,1.7681089830349843,1.5414283441843453,0,0,74397.71666666666,102,7,1,0,0,26.0,7,390.0,0,0.0,0,0.07647058823529412
E0000020820260228033253930399525,12638679445,2026-02-28 00:32:54,0,0,0.9922572865597283,0.02172284556584475,1,1,FALSE_POSITIVE,29,27,10.0,1.0,0.5530717856679918,0.0,0,0,26727.13333333333,640,51,6,1,0,26.0,10,10.0,29,10.0,0,0.0015625
E0000020820260228033816411936525,46295704115,2026-02-28 00:38:37,0,0,0.9901788122550653,0.03455781594086044,1,1,FALSE_POSITIVE,66,286,20.0,0.4,0.0363446501929806,-0.054516975289471,0,0,35661.933333333334,438,14,5,1,0,0.0,4,20.0,66,20.0,0,0.0009132420091324201
E0000020820260228034007005428525,99501422100,2026-02-28 00:40:07,0,0,0.9852285528424326,0.052600495086016774,1,1,FALSE_POSITIVE,49,260,10.0,0.6666666666666666,0.4550812726092882,-0.2275406363046441,0,0,20325.366666666665,934,123,1,1,0,26.0,7,10.0,49,10.0,0,0.0007137758743754461
E0000020820260228034219403230542,28717125812,2026-02-28 00:42:20,0,0,0.9700128516350136,0.0830367131047185,1,1,FALSE_POSITIVE,46,53,10.0,1.0,0.0426269103889073,0.0,0,0,69434.1,153,9,2,1,0,0.0,6,10.0,46,10.0,0,0.006535947712418301
E0000020820260228034722044891525,3958309151,2026-02-28 00:47:38,0,0,0.9596998111920289,0.09493597215764954,1,1,FALSE_POSITIVE,33,5,25.0,0.2,0.1103222737237857,-0.441289094895143,0,0,12409.366666666669,39,5,2,1,0,46.0,9,25.0,33,25.0,0,0.005128205128205128
E0000020820260228034851452414542,12503646719,2026-02-28 00:48:51,0,0,0.9938121757342091,0.011513788574972428,1,1,FALSE_POSITIVE,39,52,5.0,0.5,0.0581960833886786,-0.0581960833886786,0,0,65379.4,1139,26,5,1,0,0.0,4,5.0,39,5.0,0,0.0004389815627743635
E0000020820260228041524447360542,6722982440,2026-02-28 01:15:24,0,0,0.9735192853856284,0.07773836581365157,1,1,FALSE_POSITIVE,37,50,50.0,2.1739130434782608,0.5723406219385488,0.3090639358468163,0,0,95638.28333333334,392,25,2,1,1,0.0,6,50.0,37,50.0,0,0.005545696539485359
E0000020820260228041323454732542,22620409829,2026-02-28 01:16:27,0,0,0.9765021340060609,0.0726003304168033,1,1,FALSE_POSITIVE,44,20,40.0,2.0,1.3868077382918975,0.6934038691459489,0,0,82517.13333333333,371,16,2,1,1,0.0,5,40.0,44,40.0,0,0.005390835579514825
E0000020820260228041757238487542,11512489166,2026-02-28 01:17:58,0,0,0.9821822393577355,0.06100611219148444,1,1,FALSE_POSITIVE,20,24,20.0,1.0,0.6957257767912045,0.0,0,0,93745.73333333334,498,21,2,1,1,0.0,7,20.0,20,20.0,0,0.002008032128514056
E0000020820260228041803158875542,7769919495,2026-02-28 01:18:13,0,0,0.9650625922223809,0.08908852363923542,1,1,FALSE_POSITIVE,36,54,50.64,1.0128,0.67498257694301,0.0085305854905909,0,0,474.6666666666667,145,12,5,1,1,0.0,6,50.64,36,50.64,0,0.006984827586206896
E0000020820260228041813072512525,89372042404,2026-02-28 01:18:14,0,0,0.9897186919891475,0.03672476187001267,1,1,FALSE_POSITIVE,52,35,46.87,1.977637130801688,0.2764393607770567,0.1366567098187412,0,0,748.0333333333333,178,10,3,0,1,0.0,4,46.87,0,0.0,0,0.011110320959560044
E0000020820260228043030670511542,10574911448,2026-02-28 01:30:31,0,0,0.9989686959557015,-0.10006943702114401,1,1,FALSE_POSITIVE,33,21,10.0,1.0,0.3855575955670696,0.0,1,1,2.6333333333333333,903,46,3,1,1,0.0,9,20.0,33,10.0,3,0.0011074197120708748
E0000020820260228044638533992542,2489295500,2026-02-28 01:46:55,0,0,0.9821663731416694,0.061063774426127704,1,1,FALSE_POSITIVE,23,24,510.0,5.1,2.675940009826656,2.151245890252802,0,0,15938.4,499,21,5,1,1,0.0,5,510.0,23,510.0,0,0.010220440881763528
E0000020820260228045730448293525,41955218153,2026-02-28 01:57:30,0,0,0.9537817125993622,0.10103052896310488,1,1,FALSE_POSITIVE,58,39,6.5,0.3475935828877005,0.0689661134333406,-0.1294440898287316,0,0,48397.96666666667,250,15,2,1,1,0.0,4,6.5,58,6.5,0,0.0013903743315508022
E0000020820260228050412223309542,8624602475,2026-02-28 02:04:13,0,0,0.9668078759896552,0.08694772491339076,1,1,FALSE_POSITIVE,38,58,30.0,0.968054211035818,0.1338140578499358,-0.0044158639090478,0,0,83846.18333333333,153,6,2,1,2,0.0,6,30.0,38,30.0,0,0.006327151706116458
E0000020820260228051448961595542,4190876640,2026-02-28 02:15:03,0,0,0.9836419312358196,0.05721466520115753,1,1,FALSE_POSITIVE,63,52,15.0,0.1485148514851485,0.02303001484248,-0.1320387517635523,0,0,69290.65,292,29,2,1,2,0.0,5,15.0,63,15.0,0,0.000508612505086125
E0000020820260228051508443803542,398280266,2026-02-28 02:16:03,0,0,0.9683310327320037,0.0851159549196901,1,1,FALSE_POSITIVE,36,53,2.5,0.3164556962025316,0.0322561804461619,-0.0696733497637097,0,0,63565.4,143,6,2,1,2,0.0,4,2.5,36,2.5,0,0.0022129768965212003
E0000020820260228052733514114542,42173325809,2026-02-28 02:27:33,0,0,0.970187380011741,0.082769751625072,1,1,FALSE_POSITIVE,38,46,10.0,0.5,0.3584261239755086,-0.3584261239755086,0,0,92332.65,255,15,2,1,2,0.0,6,10.0,38,10.0,0,0.00196078431372549
E0000020820260228062359436393542,11037035798,2026-02-28 03:24:15,0,0,0.9689974138067812,0.08436291243640787,1,1,FALSE_POSITIVE,32,59,2.0,0.1558846453624318,0.0069765626149551,-0.037778086559982,0,0,68307.31666666667,235,7,2,1,3,0.0,4,2.0,32,2.0,0,0.00066333891643588
E0000020820260228091445660876525,92511848104,2026-02-28 06:14:46,0,0,0.9597156774080949,0.09491083299233416,1,1,FALSE_POSITIVE,46,10,20.0,1.0,0.1388491594223072,0.0,0,0,93033.16666666669,178,15,2,1,6,0.0,5,20.0,46,20.0,0,0.0056179775280898875
E0000020820260228093905991746525,83993282434,2026-02-28 06:39:06,0,0,0.9667126786932585,0.08712128893228488,1,1,FALSE_POSITIVE,50,10,10.0,0.3333333333333333,0.0545205412845745,-0.109041082569149,0,0,85661.15,104,14,2,1,6,0.0,7,10.0,50,10.0,0,0.003205128205128205
E0000020820260228093946142899525,253621607,2026-02-28 06:39:46,0,0,0.9691084773192441,0.0842031883605221,1,1,FALSE_POSITIVE,50,297,10.0,1.0,0.0527366731291385,0.0,0,0,59774.55,317,13,2,1,6,21.0,7,10.0,50,10.0,0,0.0031545741324921135
E0000020820260228094007959646525,11667214187,2026-02-28 06:40:08,0,0,0.9960969108477319,-0.020601384835984837,1,1,FALSE_POSITIVE,74,535,30.0,1.0,0.1028952547987503,0.0,0,0,69116.71666666666,445,15,4,1,6,26.0,9,30.0,74,30.0,0,0.0022471910112359553
E0000020820260228094311118686525,6359889170,2026-02-28 06:43:11,0,0,0.9850222920335729,0.05320667938176904,1,1,FALSE_POSITIVE,31,10,20.0,0.6666666666666666,0.4328287731803511,-0.2164143865901755,0,0,47068.38333333333,369,13,1,0,6,0.0,5,20.0,0,0.0,0,0.0018066847335140017
E0000020820260228101827780214542,51864339268,2026-02-28 07:18:28,0,0,0.9763434718453996,0.07302378493042999,1,1,FALSE_POSITIVE,55,52,2.0,0.1481481481481481,0.0069743689818297,-0.0401026216455208,0,0,24476.95,141,10,2,0,7,0.0,3,2.0,0,0.0,0,0.0010506960861570791
E0000020820260228102412118252525,45274088600,2026-02-28 07:24:12,0,0,0.9737414124105542,0.07722169054493788,1,1,FALSE_POSITIVE,61,178,3.15,0.1369565217391304,0.0120457206201916,-0.0759071600986681,0,0,80526.98333333334,257,12,2,1,7,0.0,5,3.15,61,3.15,0,0.0005329047538487566
E0000020820260228102748495666525,56300137000116,2026-02-28 07:28:01,0,0,0.986989702825773,0.04721093933778919,1,1,FALSE_POSITIVE,1,10,5.0,0.0093903767419148,0.000933720545228,-0.0985000477571966,0,0,73297.36666666667,456,19,2,1,7,0.0,7,5.0,1,5.0,0,2.059293145156773e-05
E0000020820260228102912939717525,81536763187,2026-02-28 07:29:13,0,0,0.9752645691529027,0.07479811099558437,1,1,FALSE_POSITIVE,48,307,40.48,0.8096,0.1745626872420816,-0.041053280201201,0,0,82746.1,49,3,2,1,7,26.0,7,40.48,48,40.48,0,0.016522448979591837
E0000020820260228103005075349525,3373824176,2026-02-28 07:30:05,0,0,0.9521950909927491,0.10246404374576934,1,1,FALSE_POSITIVE,35,10,6.3,0.4941176470588235,0.0741235020106433,-0.075888347296611,0,0,22453.55,352,40,4,1,7,26.0,10,6.3,35,6.3,0,0.0014037433155080214
E0000020820260228103810956640542,4942599148,2026-02-28 07:38:11,0,0,0.9663636219398036,0.08761413979675059,1,1,FALSE_POSITIVE,30,14,6.33,0.3165,0.0740738330166749,-0.1599667136394859,0,0,61140.23333333333,327,9,3,1,7,0.0,7,6.33,30,6.33,0,0.0009678899082568807
E0000020820260228104539282746525,1259570177,2026-02-28 07:45:51,0,0,0.9585574436352674,0.0960801053678651,1,1,FALSE_POSITIVE,39,151,50.0,1.0,0.1493531684121803,0.0,0,0,59960.78333333333,235,9,2,1,7,0.0,2,50.0,39,50.0,0,0.00425531914893617
E0000020820260228105452508954525,60245310100,2026-02-28 07:55:11,0,0,0.976391070493598,0.07291656408248931,1,1,FALSE_POSITIVE,57,359,87.0,0.8365384615384616,0.0959542778186532,-0.0187496864703115,0,0,97748.28333333334,131,14,2,1,7,26.0,5,87.0,57,87.0,0,0.006385789782736347
E0000020820260228105600873646525,82103062191,2026-02-28 07:56:01,0,0,0.9812461326098338,0.06326962032416872,1,1,FALSE_POSITIVE,48,333,25.35,0.4987212276214834,0.0675935734385562,-0.0679402071484975,0,0,77253.61666666667,200,14,3,1,7,26.0,5,25.35,48,25.35,0,0.002493606138107417
E0000020820260228110347724165525,7927786423,2026-02-28 08:03:48,0,0,0.9537975788154283,0.10101860779030358,1,1,FALSE_POSITIVE,38,20,33.52,0.8380000000000001,0.2136685693944624,-0.0413058570905762,0,0,96446.91666666669,244,8,2,1,8,0.0,5,33.52,38,33.52,0,0.003434426229508197
E0000020820260228110359341324523,18270468134,2026-02-28 08:03:59,0,0,0.9566058990591334,0.09816366494973433,1,1,FALSE_POSITIVE,67,467,63.72,1.3275,0.2486262725400135,0.0613371783479129,0,0,40289.05,89,5,3,1,8,0.0,6,63.72,67,63.72,0,0.014915730337078652
E0000020820260228110612219777525,72752122187,2026-02-28 08:06:34,0,0,0.9688546178621861,0.08456635877018237,1,1,FALSE_POSITIVE,44,176,87.18,2.906,0.6517727291979633,0.4274875505338328,0,0,91876.65,169,7,2,1,8,26.0,5,87.18,44,87.18,0,0.01719526627218935
E0000020820260228113430402415525,31749682168,2026-02-28 08:34:31,0,0,0.9796595110032208,0.06667829530439973,1,1,FALSE_POSITIVE,59,420,160.0,2.649445272396092,0.2223549637682396,0.1384298621309647,0,0,96322.33333333331,136,8,2,1,8,26.0,7,160.0,59,160.0,0,0.01948121523820656
E0000020820260228113448783724525,85481807149,2026-02-28 08:34:49,0,0,0.9618417503609564,0.09267937363727641,1,1,FALSE_POSITIVE,49,191,39.97,0.7994,0.1427959682189408,-0.0358329637537147,0,0,70580.85,129,10,2,1,8,0.0,4,39.97,49,39.97,0,0.006196899224806201
E0000020820260228113958832367525,14649683149,2026-02-28 08:39:59,0,0,0.9938280419502753,0.011353475354988762,1,1,FALSE_POSITIVE,68,526,35.0,0.5384615384615384,0.1230512533823292,-0.1054725028991393,0,0,79142.18333333333,486,16,3,1,8,26.0,9,35.0,68,35.0,0,0.0011079455523899967
E0000020820260228114326110740525,37617940106,2026-02-28 08:43:56,0,0,0.9871483649864344,0.046724888086614236,1,1,FALSE_POSITIVE,60,453,23.0,0.5160421808391294,0.2078745579944024,-0.194950183301707,0,0,34206.15,125,7,1,0,8,0.0,3,23.0,0,0.0,0,0.004128337446713036
E0000020820260228114615869440525,5373919160,2026-02-28 08:46:16,0,0,0.9574944071588367,0.09749949322116891,1,1,FALSE_POSITIVE,28,82,8.5,0.425,0.0870390659412419,-0.1177587362734449,0,0,79801.0,221,12,2,1,8,0.0,5,8.5,28,8.5,0,0.0019230769230769232
E0000020820260228114804785966525,2126708160,2026-02-28 08:48:05,0,0,0.9717105367540895,0.08059533783610168,1,1,FALSE_POSITIVE,39,155,4.0,0.0915541313801785,0.0509278975130397,-0.5053320630731369,0,0,72937.1,69,4,2,1,8,26.0,7,4.0,39,4.0,0,0.00132687146927795
E0000020820260228115115570911542,14779399700,2026-02-28 08:51:16,0,0,0.9519570977517572,0.10266775162606256,1,1,FALSE_POSITIVE,34,54,10.0,1.0,0.0866251559889311,0.0,0,0,69013.36666666667,267,14,2,1,8,0.0,6,10.0,34,10.0,0,0.003745318352059925
E0000020820260228121259607677525,4994489440,2026-02-28 09:13:11,0,0,0.9593031557903755,0.09536005365079975,1,1,FALSE_POSITIVE,33,14,100.0,2.6666666666666665,0.537661619711858,0.3360385123199113,0,0,90575.93333333332,345,16,2,1,9,0.0,5,100.0,33,100.0,0,0.007729468599033816
E0000020820260228121337528224525,34891900172,2026-02-28 09:14:03,0,0,0.9924159487203896,0.021052294885418765,1,1,FALSE_POSITIVE,60,389,300.0,1.2845215157353884,0.1897036844900028,0.0420193661145356,0,0,41747.46666666667,95,6,1,0,9,0.0,1,300.0,0,0.0,0,0.01352127911300409
E0000020820260228122450746202525,85530077153,2026-02-28 09:24:51,0,0,0.9529566693639234,0.10180368298863202,1,1,FALSE_POSITIVE,47,206,200.0,3.1080031080031083,0.1755569919586269,0.1190715297959387,0,0,60594.8,97,6,2,1,9,0.0,4,200.0,47,200.0,0,0.03204126915467122
E0000020820260228123205299173525,5257130777,2026-02-28 09:32:25,0,0,0.9917654338616784,0.025006303431316268,1,1,FALSE_POSITIVE,72,19,750.0,4.285714285714286,2.526769033041186,1.9371895919982425,0,0,67358.21666666666,93,4,2,1,9,20.0,10,750.0,72,750.0,0,0.04608294930875576
E0000020820260228123509626288525,38611961153,2026-02-28 09:35:46,0,0,0.9757088232027544,0.07419340924231388,1,1,FALSE_POSITIVE,59,377,1500.0,37.5,6.544355439371065,6.36983929432117,0,0,26930.016666666663,71,4,2,1,9,0.0,2,1500.0,59,1500.0,0,0.528169014084507
E0000020820260228124114606368525,15154513134,2026-02-28 09:42:06,0,0,0.9946054865375157,0.003966713594786175,1,1,FALSE_POSITIVE,81,488,500.0,7.142857142857143,1.527053834384428,1.313266297570608,0,0,65694.15,46,6,2,1,9,26.0,10,500.0,81,500.0,0,0.15527950310559005
E0000020820260228124314081900525,28567374472,2026-02-28 09:43:15,0,0,0.9899566852301395,0.035373455796110176,1,1,FALSE_POSITIVE,64,28,399.0,9.975,0.7544854626377624,0.6788478222730745,0,0,83004.08333333333,86,7,2,1,9,26.0,11,399.0,64,399.0,0,0.11598837209302326
E0000020820260228124445519272542,8717092523,2026-02-28 09:44:47,0,0,0.9563203071699431,0.09844124695180073,1,1,FALSE_POSITIVE,37,46,7.0,0.35,0.1038727009465557,-0.1929064446150321,0,0,88613.46666666666,471,27,2,1,9,0.0,6,7.0,37,7.0,0,0.000743099787685775
E0000020820260228125125988280525,15945278149,2026-02-28 09:51:42,0,0,0.9975090040776176,-0.05075434076061647,1,1,FALSE_POSITIVE,69,7,2500.0,12.5,2.7512992552494206,2.5311953148294672,0,0,56852.71666666667,52,7,1,0,9,0.0,5,2500.0,0,0.0,0,0.2403846153846154
E0000020820260228125322350934525,72150866153,2026-02-28 09:53:34,0,0,0.966538150316531,0.08737148912065201,1,1,FALSE_POSITIVE,41,86,20000.0,80.0,5.0317903732234965,4.968892993558203,0,0,20325.366666666665,109,6,1,1,9,0.0,3,20000.0,41,20000.0,0,0.7339449541284404
E0000020820260228125450298888542,17568046729,2026-02-28 09:55:00,0,0,0.9503228774969458,0.10419419695076443,1,1,FALSE_POSITIVE,30,58,20.0,1.0,0.3498007684793771,0.0,0,0,87134.61666666667,156,14,2,1,9,0.0,6,20.0,30,20.0,0,0.00641025641025641
E0000020820260228125509271212525,50871609304,2026-02-28 09:55:09,0,0,0.9697748583940216,0.08336795437289563,1,1,FALSE_POSITIVE,54,93,50.0,1.6666666666666667,0.3042048954945376,0.121681958197815,0,0,74114.91666666667,678,21,2,1,9,0.0,4,50.0,54,50.0,0,0.0024582104228121925
E0000020820260228130126705489525,85187470159,2026-02-28 10:02:11,0,0,0.969933520554683,0.08316219334283964,1,1,FALSE_POSITIVE,47,10,1050.0,28.54036422941017,5.470528175712565,5.278851288489265,0,0,18073.0,126,10,4,1,10,0.0,5,1050.0,47,1050.0,0,0.226510827217541
E0000020820260228130409628149542,17002019724,2026-02-28 10:04:34,0,0,0.9642692814190744,0.09001701270350176,1,1,FALSE_POSITIVE,30,34,17.0,1.7,0.4273069917257449,0.1759499377694243,0,0,92342.31666666668,326,35,2,1,10,0.0,4,17.0,30,17.0,0,0.005214723926380368
E0000020820260228131140309819525,2591358109,2026-02-28 10:11:40,0,0,0.9581766544496803,0.09663068920754053,1,1,FALSE_POSITIVE,37,10,65.0,0.9446301409678826,1.0170199910133235,-0.059613017934781,0,0,96440.76666666666,42,9,2,1,10,0.0,7,65.0,37,65.0,0,0.02249119383256863
E0000020820260228131506760540525,16090564427,2026-02-28 10:15:18,0,0,0.9636980976406937,0.0905824022377994,1,1,FALSE_POSITIVE,25,47,23.0,0.9387755102040816,0.068898626652058,-0.0044933886946994,0,0,73446.73333333334,128,7,2,1,10,26.0,7,23.0,25,23.0,0,0.007334183673469388
E0000020820260228131541815935542,974594105,2026-02-28 10:15:42,0,0,0.9663636219398036,0.08760507230044418,1,1,FALSE_POSITIVE,38,57,55.0,2.75,0.9125280213398744,0.5806996499435564,0,0,12792.7,211,7,1,0,10,0.0,4,55.0,0,0.0,0,0.013033175355450236
E0000020820260228131709241801525,1037436423,2026-02-28 10:17:10,0,0,0.9841496501499357,0.05566600733650201,1,1,FALSE_POSITIVE,45,116,15.56,0.5204013377926422,0.1001197665321649,-0.0922697591305427,0,0,21513.25,188,7,2,0,10,0.0,0,15.56,0,0.0,0,0.0027680922223012883
E0000020820260228131739226650525,1466190132,2026-02-28 10:17:49,0,0,0.974312596188935,0.07611984620127216,1,1,FALSE_POSITIVE,36,152,20.0,0.7695267410542517,0.0627796668620215,-0.0188025102251754,0,0,82999.26666666666,133,11,3,1,10,0.0,2,20.0,36,20.0,0,0.00578591534627257
E0000020820260228132225875498525,1635534160,2026-02-28 10:22:52,0,0,0.9562409760896123,0.09849101497983737,1,1,FALSE_POSITIVE,39,10,125.0,4.197447951645399,0.6725759735268355,0.5123414735938022,0,0,92234.78333333334,109,10,2,1,10,0.0,5,125.0,39,125.0,0,0.03850869680408624
E0000020820260228132359257476525,2041300183,2026-02-28 10:24:00,0,0,0.9561457787932156,0.09854250568350092,1,1,FALSE_POSITIVE,38,129,68.0,1.3880383751786078,0.559317671347076,0.1563621901809987,0,0,96293.85,126,10,2,1,10,0.0,4,68.0,38,68.0,0,0.011016177580782601
E0000020820260228132720184424542,10700861777,2026-02-28 10:27:20,0,0,0.9930505973630349,0.01618487611030378,1,1,FALSE_POSITIVE,40,46,10.0,1.0,0.1407744922095537,0.0,0,0,39055.13333333333,1835,54,7,1,10,0.0,6,10.0,40,10.0,0,0.0005449591280653951
E0000020820260228133016739581525,48732494300,2026-02-28 10:30:38,0,0,0.9872911609310295,0.046140252489010936,1,1,FALSE_POSITIVE,54,39,170.0,1.8888888888888888,0.6427272817419561,0.3024598972903323,0,0,83202.5,164,9,4,1,10,26.0,7,170.0,54,170.0,0,0.011517615176151762
E0000020820260228133121609259525,38183579191,2026-02-28 10:31:38,0,0,0.9502118139844828,0.10428964153673242,1,1,FALSE_POSITIVE,59,394,1700.0,84.74576271186442,6.379274500190279,6.303999061088033,0,0,20325.366666666665,231,11,1,1,10,26.0,5,1700.0,59,1700.0,0,0.3668647736444347
E0000020820260228133134560704525,6327464165,2026-02-28 10:32:04,0,0,0.9837529947482825,0.05662860818555149,1,1,FALSE_POSITIVE,28,33,2370.0,23.7,10.013486852375548,9.590976858604428,0,0,9431.083333333334,274,11,3,1,10,0.0,5,2370.0,28,2370.0,0,0.0864963503649635
E0000020820260228133205219607525,42084325000140,2026-02-28 10:32:25,0,0,0.9901153473908008,0.034795413268014885,1,1,FALSE_POSITIVE,4,53,250.0,1.6666666666666667,0.3959068474098845,0.1583627389639538,0,0,37434.53333333333,1255,29,5,1,10,26.0,7,250.0,4,250.0,0,0.0013280212483399733
E0000020820260228133402694883525,11082435171,2026-02-28 10:34:03,0,0,0.9847208339283164,0.05421069163928316,1,1,FALSE_POSITIVE,5,27,209.05,2.986428571428572,0.1138171086920252,0.075705663542818,0,0,1259.4666666666667,311,22,1,0,10,0.0,5,209.05,0,0.0,0,0.009602664216812128
E0000020820260228133526480979542,36537843871,2026-02-28 10:35:27,0,0,0.9722499881003379,0.0796224502103226,1,1,FALSE_POSITIVE,31,30,15.0,1.5,0.1553541571009092,0.0517847190336364,0,0,17167.416666666668,1914,59,5,1,10,0.0,7,15.0,31,15.0,0,0.0007836990595611285
E0000020820260228133738729117525,32800760000170,2026-02-28 10:38:14,0,0,0.9986037729861805,-0.08640309704638216,1,1,FALSE_POSITIVE,7,44,41.0,0.8102766798418972,0.1011212215643302,-0.0236771640735992,0,0,2913.95,3906,95,12,1,10,26.0,7,41.0,7,41.0,0,0.00020744410646233928
E0000020820260228133904374938525,46613110,2026-02-28 10:39:24,0,0,0.989782156853412,0.03638918349461606,1,1,FALSE_POSITIVE,42,201,7455.2,360.1545893719807,1.5883579156151073,1.5839477041045866,0,0,20325.366666666665,11,3,1,1,10,0.0,3,7455.2,42,7455.2,0,32.7413263065437
E0000020820260228134308584203525,69893110106,2026-02-28 10:43:09,0,0,0.9515921747822362,0.10300372900861349,1,1,FALSE_POSITIVE,37,330,40.0,0.4,0.1049814899669148,-0.1574722349503722,0,0,58830.35,252,15,2,1,10,0.0,4,40.0,37,40.0,0,0.0015873015873015873
E0000020820260228134539269802542,2697469788,2026-02-28 10:45:54,0,0,0.9583670490424738,0.09631918420321112,1,1,FALSE_POSITIVE,55,39,160.0,7.808687164470474,0.7701428959301148,0.6715164713200643,0,0,10230.1,607,19,5,1,10,0.0,4,160.0,55,160.0,0,0.01286439401065976
E0000020820260228134638483790525,64654125191,2026-02-28 10:46:39,0,0,0.9818807812524791,0.06182836820860388,1,1,FALSE_POSITIVE,53,60,100.0,2.0,0.6626523768222763,0.3313261884111381,0,0,8382.266666666666,581,22,6,1,10,26.0,9,100.0,53,100.0,0,0.0034423407917383822
E0000020820260228134641203135525,82988641153,2026-02-28 10:46:41,0,0,0.9534485220619734,0.10135368307557407,1,1,FALSE_POSITIVE,49,342,95.0,2.111111111111111,0.2632614850701514,0.1385586763527112,0,0,2777.2166666666667,273,11,3,1,10,50.0,6,95.0,49,95.0,0,0.007733007733007733
E0000020820260228135341798174542,19936018729,2026-02-28 10:53:42,0,0,0.9610484395576498,0.0937352042203452,1,1,FALSE_POSITIVE,25,48,100.0,4.545454545454546,0.8979749090441806,0.7004204290544609,0,0,90716.5,87,7,2,1,10,0.0,4,100.0,25,100.0,0,0.0522466039707419
E0000020820260228135423017472525,690557183,2026-02-28 10:54:24,0,0,0.964713535468926,0.08947357815820589,1,1,FALSE_POSITIVE,42,16,83.0,1.66,0.2091717955141532,0.0831646897827356,0,0,81324.93333333333,158,11,3,1,10,0.0,5,83.0,42,83.0,0,0.01050632911392405
E0000020820260228135637591547525,37973568468,2026-02-28 10:56:38,0,1,0.9963190378726577,-0.024577276387023228,1,1,FALSE_POSITIVE,74,101,1668.37,1.0,0.2306441332724781,0.0,0,0,20325.366666666665,1,1,1,1,10,26.0,9,1668.37,74,1668.37,0,1.0
E0000020820260228135758759121525,937806137,2026-02-28 10:58:18,0,0,0.9629365192695194,0.09138688069306844,1,1,FALSE_POSITIVE,39,149,319.94,4.571224460637234,0.0536194043934961,0.0418896359572243,0,0,98156.81666666668,155,17,2,1,10,0.0,4,319.94,39,319.94,0,0.02949177071378861
E0000020820260228141341239192525,52317206000143,2026-02-28 11:13:52,0,0,0.9995874783822806,-0.14021656231212198,1,1,FALSE_POSITIVE,2,25,732.0,0.918444165621079,1.3689838981102969,-0.1215627778376629,0,0,20104.766666666663,4363,358,14,1,11,0.0,5,732.0,2,732.0,0,0.0002105074869633461
E0000020820260228141437256705525,4116066117,2026-02-28 11:14:37,0,0,0.9713614800006346,0.08102603359739247,1,1,FALSE_POSITIVE,32,178,100.0,2.0,0.5409815714658107,0.2704907857329053,0,0,21095.08333333333,124,9,1,0,11,0.0,2,100.0,0,0.0,0,0.016129032258064516
E0000020820260228141542329379542,10357428706,2026-02-28 11:16:01,0,0,0.9659035016738858,0.08812714689899487,1,1,FALSE_POSITIVE,45,57,100.0,5.0,0.5792192831314069,0.4633754265051255,0,0,3624.766666666667,1198,84,4,1,11,0.0,4,100.0,45,100.0,0,0.004173622704507512
E0000020820260228141920015409525,830674187,2026-02-28 11:19:37,0,0,0.9546702206990655,0.10034775084771352,1,1,FALSE_POSITIVE,94,441,500.0,5.0,0.8868904530991923,0.7095123624793539,0,0,20325.366666666665,68,4,1,1,11,0.0,5,500.0,94,500.0,0,0.07352941176470588
E0000020820260228142435711878525,71480560472,2026-02-28 11:24:37,0,0,0.95838291525854,0.09628095641857354,1,1,FALSE_POSITIVE,56,35,42.0,0.84,0.6442962600227896,-0.122723097147198,0,0,84868.06666666667,51,6,2,1,11,0.0,6,42.0,56,42.0,0,0.01647058823529412
E0000020820260228142656688595525,30857490125,2026-02-28 11:26:57,0,0,0.9775017056182271,0.0707350424102845,1,1,FALSE_POSITIVE,64,27,100.1,0.9929570479119134,0.0132207297587864,-9.37734078795056e-05,0,0,6014.116666666667,141,11,3,1,11,50.0,12,100.1,64,100.1,0,0.007042248566751159
E0000020820260228142702466465525,48888421000127,2026-02-28 11:27:32,0,0,0.998048455423866,-0.06382101504521309,1,1,FALSE_POSITIVE,3,38,2093.19,1.0988450837314294,0.2998744730398323,0.0269747918386147,0,0,1063.6666666666667,2502,76,11,1,11,26.0,7,2093.19,3,2093.19,0,0.00043918668414525563
E0000020820260228143128680924542,17857964700,2026-02-28 11:31:46,0,0,0.9616830882002951,0.09297015487012367,1,1,FALSE_POSITIVE,27,55,5.0,0.5,0.1542550846827237,-0.1542550846827237,0,0,52730.13333333333,613,23,4,1,11,0.0,4,5.0,27,5.0,0,0.0008156606851549756
E0000020820260228143114880385525,38615312168,2026-02-28 11:32:22,0,0,0.9741222015961414,0.07649519205043331,1,1,FALSE_POSITIVE,56,431,108.0,2.16,0.4241641250466051,0.227791844932436,0,0,66359.81666666667,147,11,2,1,11,26.0,5,108.0,56,108.0,0,0.014693877551020407
E0000020820260228143206954255525,86854143187,2026-02-28 11:32:29,0,0,0.9742173988925381,0.07632732408910525,1,1,FALSE_POSITIVE,49,52,150.0,3.75,1.6205854539823144,1.188429332920364,0,0,97629.03333333334,135,11,3,1,11,0.0,4,150.0,49,150.0,0,0.027777777777777776
E0000020820260228143351573254542,70005816467,2026-02-28 11:34:01,0,0,0.9754549637456963,0.07453125639022895,1,1,FALSE_POSITIVE,35,52,30.0,0.75,0.2543617332413134,-0.0847872444137711,0,0,9665.55,257,10,3,0,11,0.0,2,30.0,0,0.0,0,0.0029182879377431907
E0000020820260228143419961197542,22190069726,2026-02-28 11:34:29,0,0,0.9644596760118679,0.08965457608524263,1,1,FALSE_POSITIVE,23,54,30.0,3.0,0.6027837475959436,0.401855831730629,0,0,51119.816666666666,547,20,4,1,11,0.0,4,30.0,23,30.0,0,0.005484460694698354
E0000020820260228143459910168525,3918374190,2026-02-28 11:35:31,0,0,0.9659035016738858,0.08810185509046925,1,1,FALSE_POSITIVE,37,133,50.0,10.0,0.6635701760440006,0.5972131584396005,0,0,30482.75,373,12,3,1,11,60.0,7,50.0,37,50.0,0,0.02680965147453083
E0000020820260228143623054699542,74838067534,2026-02-28 11:36:40,0,0,0.9537182477350976,0.10110168981059436,1,1,FALSE_POSITIVE,51,54,25.0,0.8333333333333334,0.1839624621127616,-0.0367924924225523,0,0,74947.35,238,11,2,1,11,0.0,4,25.0,51,25.0,0,0.0035014005602240898
E0000020820260228143714769138525,88803961100,2026-02-28 11:37:30,0,0,0.9868786393133102,0.047473842748998296,1,1,FALSE_POSITIVE,45,292,200.0,1.205327547761104,0.5670375615924067,0.0965948486172664,0,0,67303.55,168,11,4,1,11,0.0,2,200.0,45,200.0,0,0.007174568736673238
E0000020820260228143737964638525,70128224142,2026-02-28 11:37:51,0,0,0.9633014422390405,0.09099925654160429,1,1,FALSE_POSITIVE,29,23,40.0,1.1428571428571428,0.1006337345550518,0.0125792168193814,0,0,47470.76666666667,432,14,4,1,11,26.0,8,40.0,29,40.0,0,0.0026455026455026454
E0000020820260228144238649928525,97759279191,2026-02-28 11:42:39,0,0,0.9923683500721913,0.021219806313044487,1,1,FALSE_POSITIVE,49,84,100.0,4.975124378109452,0.3702915858833239,0.2958629771207758,0,0,45997.26666666667,855,23,1,0,11,26.0,6,100.0,0,0.0,0,0.005818858921765441
E0000020820260228144252763291525,1834868114,2026-02-28 11:42:53,0,0,0.9899408190140734,0.0355918016097983,1,1,FALSE_POSITIVE,39,27,20.0,0.4,0.2305390808086181,-0.3458086212129272,0,0,56200.333333333336,395,27,1,0,11,0.0,5,20.0,0,0.0,0,0.0010126582278481013
E0000020820260228144321213817525,4283900133,2026-02-28 11:43:21,0,0,0.9697748583940216,0.08340236046625404,1,1,FALSE_POSITIVE,35,153,56.59,1.070361263476452,0.2639950275269283,0.0173539760098988,0,0,15706.566666666668,154,9,1,0,11,26.0,5,56.59,0,0.0,0,0.006950397814782155
E0000020820260228144442118184525,38615312168,2026-02-28 11:44:43,0,0,0.9989210973075031,-0.0963770779411941,1,1,FALSE_POSITIVE,56,431,35.98,0.7195999999999999,0.141309492770156,-0.055062787344013,1,1,12.35,147,11,3,1,11,26.0,9,71.96,56,35.98,3,0.004895238095238095
E0000020820260228144603189759542,68321384234,2026-02-28 11:46:18,0,0,0.963983689529884,0.0902592755164448,1,1,FALSE_POSITIVE,45,41,13.75,0.9166666666666666,0.262836099152642,-0.0238941908320583,0,0,83156.6,326,14,3,1,11,0.0,4,13.75,45,13.75,0,0.0028118609406952966
E0000020820260228144629940629542,9459770770,2026-02-28 11:46:31,0,0,0.9501324829041522,0.10434858326970614,1,1,FALSE_POSITIVE,44,59,19.0,1.4615384615384617,0.5225929228846093,0.165029344068824,0,0,89323.36666666667,144,9,2,1,11,0.0,4,19.0,44,19.0,0,0.01014957264957265
E0000020820260228145308731741525,2817038177,2026-02-28 11:53:10,0,0,0.9681247719231441,0.08546957690093249,1,1,FALSE_POSITIVE,39,32,35.5,2.253968253968254,1.7465449415570673,0.9716693688944248,0,0,67220.03333333334,91,5,3,1,11,0.0,6,35.5,39,35.5,0,0.024768881911739055
E0000020820260228145736535334542,66884306653,2026-02-28 11:58:23,0,0,0.9684738286765989,0.08498448451269869,1,1,FALSE_POSITIVE,56,56,1134.0,2.835,0.9182909718745936,0.5943788124832026,0,0,63101.21666666667,95,8,2,1,11,0.0,5,1134.0,56,1134.0,0,0.029842105263157895
E0000020820260228150224120131525,41816473000149,2026-02-28 12:02:38,0,0,0.9968267567867739,-0.03494484590339064,1,1,FALSE_POSITIVE,4,42,2549.0,5.664444444444444,0.2980929707309808,0.2454676914728634,0,0,27226.38333333333,1845,55,9,1,12,0.0,4,2549.0,4,2549.0,0,0.0030701595904847937
E0000020820260228151435379761525,63518325191,2026-02-28 12:14:48,0,0,0.9572088152696463,0.09773998543358547,1,1,FALSE_POSITIVE,51,371,1550.0,19.375,5.03666086352501,4.776704173794688,0,0,4346.05,38,4,2,1,12,0.0,3,1550.0,51,1550.0,0,0.5098684210526315
E0000020820260228152000859544525,66557364120,2026-02-28 12:20:02,0,0,0.9709806908150476,0.0815853776737378,1,1,FALSE_POSITIVE,51,383,4.0,0.08,0.0108406585932878,-0.1246675738228106,0,0,74891.58333333333,130,7,2,1,12,0.0,2,4.0,51,4.0,0,0.0006153846153846154
E0000020820260228152241594993542,6538151582,2026-02-28 12:22:55,0,0,0.9743760610531994,0.0760162518087441,1,1,FALSE_POSITIVE,30,40,90.0,4.5,1.553056098572815,1.2079325211121894,0,0,63272.48333333333,52,6,3,1,12,0.0,4,90.0,30,90.0,0,0.08653846153846154
E0000020820260228152649033695525,5605790129,2026-02-28 12:26:51,0,0,0.9504180747933425,0.10410067602741901,1,1,FALSE_POSITIVE,29,84,20.96,0.7856071964017991,0.0099369057414523,-0.0027117891622665,0,0,77338.41666666667,174,7,2,1,12,0.0,5,20.96,29,20.96,0,0.004514983887366662
E0000020820260228152900711559542,84809574768,2026-02-28 12:29:01,0,0,0.973709679978422,0.0773877683246092,1,1,FALSE_POSITIVE,61,52,45.0,0.9,0.3135214167351123,-0.034835712970568,0,0,67069.65,188,7,3,1,12,0.0,7,45.0,61,45.0,0,0.0047872340425531915
E0000020820260228153326052162525,1070551120,2026-02-28 12:33:27,0,0,0.9558443206879591,0.09898171889796226,1,1,FALSE_POSITIVE,36,5,63.0,1.26,0.3993652303322028,0.082408698322518,0,0,96292.36666666668,119,14,2,1,12,0.0,7,63.0,36,63.0,0,0.010588235294117647
E0000020820260228153556916814525,1093621796,2026-02-28 12:35:57,0,0,0.9749789772637124,0.0753620235660003,1,1,FALSE_POSITIVE,56,226,40.0,1.0,0.463588393781642,0.0,0,0,14615.633333333331,390,17,2,0,12,0.0,2,40.0,0,0.0,0,0.002564102564102564
E0000020820260228153839091792525,4510327307,2026-02-28 12:38:47,0,0,0.9528614720675266,0.10194113037644309,1,1,FALSE_POSITIVE,36,112,37.0,1.2333333333333334,0.302620635183789,0.0572525526023384,0,0,86384.5,251,20,2,1,12,0.0,4,37.0,36,37.0,0,0.004913678618857902
E0000020820260228154123002331542,16578271783,2026-02-28 12:41:23,0,0,0.9901153473908008,0.03480983701433976,1,1,FALSE_POSITIVE,28,49,10.0,1.0,0.2065390055141781,0.0,0,0,97873.93333333332,136,12,1,0,12,0.0,4,10.0,0,0.0,0,0.007352941176470588
E0000020820260228154121218316525,41816473000149,2026-02-28 12:41:32,0,0,0.9963031716565917,-0.02447079531660523,1,1,FALSE_POSITIVE,4,42,830.0,1.8444444444444448,0.0970644039649721,0.0444391247068547,0,0,38.9,1845,55,10,1,12,0.0,4,830.0,4,830.0,0,0.0009996988858777477
E0000020820260228154858466778525,3262593338,2026-02-28 12:49:12,0,0,0.9953036000444254,-0.00492709237540967,1,1,FALSE_POSITIVE,38,10,5.0,0.4528985507246377,0.0392345071093859,-0.0473952845881382,0,0,31203.13333333333,1270,61,4,0,12,26.0,6,5.0,0,0.0,0,0.00035661303206664386
E0000020820260228155042761573525,46238697172,2026-02-28 12:50:43,0,0,0.9965252986815174,-0.029105028430389535,1,1,FALSE_POSITIVE,58,444,9570.0,170.89285714285714,4.6662869644240885,4.6389816279551495,0,0,74642.0,135,7,2,1,12,0.0,4,9570.0,58,9570.0,0,1.2658730158730158
E0000020820260228155332692330542,60249153220,2026-02-28 12:54:55,0,0,0.9544798261062719,0.10051743227567583,1,1,FALSE_POSITIVE,51,57,12.0,1.2,0.413087689797602,0.0688479482996003,0,0,74011.61666666667,86,5,2,1,12,0.0,4,12.0,51,12.0,0,0.013953488372093023
E0000020820260228155607410938525,81088132120,2026-02-28 12:56:27,0,0,0.9619845463055516,0.09247276772283552,1,1,FALSE_POSITIVE,46,272,60.0,0.6666666666666666,0.059424022591734,-0.029712011295867,0,0,86470.51666666666,99,5,2,1,12,26.0,5,60.0,46,60.0,0,0.006734006734006734
E0000020820260228155208126487542,13118183403,2026-02-28 12:57:34,0,0,0.9581925206657464,0.09658932716048496,1,1,FALSE_POSITIVE,24,52,0.01,0.0018181818181818,0.0001931333825379,-0.1060302270133517,0,0,64511.333333333336,414,16,2,1,12,0.0,4,0.01,24,0.01,0,4.391743522178305e-06
E0000020820260228155755080568525,14424134415,2026-02-28 12:58:25,0,0,0.9832770082662986,0.058009231736093014,1,1,FALSE_POSITIVE,70,35,6034.39,335.24388888888893,4.980971819218387,4.96611406346413,0,0,20325.366666666665,83,5,1,1,12,0.0,8,6034.39,70,6034.39,0,4.039082998661312
E0000020820260228155826199694525,62528076720,2026-02-28 12:59:03,0,0,0.9626191949481968,0.09174760465096371,1,1,FALSE_POSITIVE,76,379,80.0,0.3809523809523809,0.1140533885766824,-0.185336756437109,0,0,36092.55,76,4,3,1,12,26.0,8,80.0,76,80.0,0,0.005012531328320802
E0000020820260228155911044882542,12317211708,2026-02-28 12:59:11,0,0,0.9668872070699859,0.08682575060081499,1,1,FALSE_POSITIVE,39,59,100.0,1.0,0.2517397612153454,0.0,0,0,25791.033333333333,319,12,2,0,12,0.0,4,100.0,0,0.0,0,0.003134796238244514
E0000020820260228160149511913525,95835350104,2026-02-28 13:02:41,0,0,0.987957542005807,0.04368975778343276,1,1,FALSE_POSITIVE,43,182,52000.0,6.479750778816199,2.943102797253573,2.4889027982543435,0,0,20325.366666666665,8,3,1,1,13,0.0,2,52000.0,43,52000.0,0,0.8099688473520249
E0000020820260228160336105675542,10415522706,2026-02-28 13:03:55,0,0,0.978818601551716,0.06807018909032192,1,1,FALSE_POSITIVE,43,67,12.5,0.78125,0.0158385614316463,-0.0044347972008609,0,0,3176.3,36,6,1,0,13,0.0,1,12.5,0,0.0,0,0.021701388888888888
E0000020820260228160416046704542,46200258104,2026-02-28 13:04:16,0,0,0.9551620733971156,0.09969983319145231,1,1,FALSE_POSITIVE,57,59,45.0,2.25,0.0560215159996869,0.0311230644442705,0,0,95079.98333333334,99,9,2,1,13,0.0,6,45.0,57,45.0,0,0.022727272727272728
E0000020820260228160623454105542,11250754909,2026-02-28 13:06:24,0,0,0.9917654338616784,0.025059560961393557,1,1,FALSE_POSITIVE,27,54,424.0,70.66666666666667,6.128407389442735,6.0416846433657145,0,0,99817.28333333334,157,41,2,1,13,0.0,6,424.0,27,424.0,0,0.45010615711252655
E0000020820260228160917304339525,49055267104,2026-02-28 13:09:18,0,0,0.9695685975851619,0.08360827913601804,1,1,FALSE_POSITIVE,55,359,4.5,0.155440414507772,0.0188322190989555,-0.1023217237709916,0,0,96509.05,137,11,2,1,13,26.0,7,4.5,55,4.5,0,0.0011346015657501608
E0000020820260228161251195986525,4074615150,2026-02-28 13:13:04,0,0,0.9659035016738858,0.08812792457277707,1,1,FALSE_POSITIVE,34,157,34.0,1.3076923076923077,0.4607080117217367,0.1084018851109968,0,0,82108.0,339,12,2,1,13,26.0,7,34.0,34,34.0,0,0.0038574994327206717
E0000020820260228161706535336525,52351211120,2026-02-28 13:17:17,0,0,0.9660621638345471,0.08799404945854072,1,1,FALSE_POSITIVE,54,154,30.0,0.970873786407767,0.042425220624723,-0.0012727566187416,0,0,67658.61666666667,68,7,2,1,13,0.0,2,30.0,54,30.0,0,0.014277555682467163
E0000020820260228161705607113542,76597105168,2026-02-28 13:17:25,0,0,0.9904802703603217,0.03270082221303955,1,1,FALSE_POSITIVE,50,97,12.0,0.6,0.0953816889181495,-0.0635877926120997,0,0,30168.516666666663,283,9,3,0,13,0.0,0,12.0,0,0.0,0,0.0021201413427561835
E0000020820260228162339681462542,12508363600,2026-02-28 13:23:52,0,0,0.9883859298395925,0.04189249004445983,1,1,FALSE_POSITIVE,26,45,5.0,0.5,0.0842604133220361,-0.0842604133220361,0,0,57414.8,164,10,1,0,13,0.0,2,5.0,0,0.0,0,0.003048780487804878
E0000020820260228162406638877525,16602735000125,2026-02-28 13:24:17,0,0,0.9768194583273835,0.07221523588388185,1,1,FALSE_POSITIVE,13,54,350.0,2.9166666666666665,0.2749742877799787,0.1806973891125574,0,0,2794.6,735,24,6,1,13,0.0,4,350.0,13,350.0,0,0.003968253968253968
E0000020820260228163706200189525,31841072000195,2026-02-28 13:37:22,0,0,0.9716788043219573,0.08063805105253069,1,1,FALSE_POSITIVE,7,80,462.8,0.6903650223011173,0.0928386184116651,-0.041638962886148,0,0,31744.05,448,45,4,1,13,26.0,6,462.8,7,462.8,0,0.0015409933533507083
E0000020820260228163815227162542,15930490724,2026-02-28 13:38:15,0,0,0.9548288828597268,0.10015406868189664,1,1,FALSE_POSITIVE,34,54,12.0,0.6015037593984962,0.1615169171971373,-0.1070049576431035,0,0,86390.01666666666,211,13,3,1,13,0.0,6,12.0,34,12.0,0,0.0028507287175284185
E0000020820260228163810701527525,78046238104,2026-02-28 13:38:25,0,0,0.96203214495375,0.09238172362672387,1,1,FALSE_POSITIVE,48,191,40.0,1.7391304347826086,0.3991611777592775,0.1696435005476929,0,0,86182.55,149,6,2,1,13,20.0,5,40.0,48,40.0,0,0.011672016340822877
E0000020820260228164736716928525,2061946178,2026-02-28 13:47:45,0,0,0.969457534072699,0.08378780827347865,1,1,FALSE_POSITIVE,37,179,15.0,0.5,0.1354839114781281,-0.1354839114781281,0,0,67794.2,440,25,2,1,13,0.0,2,15.0,37,15.0,0,0.0011363636363636363
E0000020820260228164859762619525,308162110,2026-02-28 13:49:00,0,0,0.9579227949926222,0.09694579501732442,1,1,FALSE_POSITIVE,42,193,129.9,3.936363636363637,0.4515257556843056,0.3368194436166991,0,0,20325.366666666665,326,25,1,1,13,74.0,9,129.9,42,129.9,0,0.01207473508087005
E0000020820260228165934137384525,62658347000183,2026-02-28 13:59:47,0,0,0.985879067701144,0.05046359773014891,1,1,FALSE_POSITIVE,0,6,886.88,0.396814317673378,0.0275219862674278,-0.0418353555462349,0,0,33200.1,714,146,3,1,13,0.0,5,886.88,0,886.88,0,0.0005557623496826023
E0000020820260228170054505563542,6527472307,2026-02-28 14:01:13,0,0,0.959350754438574,0.09529927324007026,1,1,FALSE_POSITIVE,28,58,100.0,10.0,0.4620876701060132,0.4158789030954119,0,0,73191.7,269,10,2,1,14,0.0,4,100.0,28,100.0,0,0.03717472118959108
E0000020820260228170245383602525,56967349000151,2026-02-28 14:03:16,0,0,0.9901946784711314,0.03438498733945661,1,1,FALSE_POSITIVE,1,18,212.0,1.06,0.0728728048986163,0.0041248757489782,0,0,25895.85,681,18,3,0,14,0.0,3,212.0,0,0.0,0,0.0015565345080763584
E0000020820260228170556968804525,1898783128,2026-02-28 14:05:58,0,0,0.9582401193139448,0.09645545708948738,1,1,FALSE_POSITIVE,39,180,37.4,0.8994708994708994,0.2487851514920724,-0.027805399284408,0,0,61544.96666666667,299,11,2,1,14,0.0,2,37.4,39,37.4,0,0.003008263877829095
E0000020820260228170650746798525,63616092191,2026-02-28 14:07:32,0,0,0.9807225474796516,0.06435502823660166,1,1,FALSE_POSITIVE,51,353,19500.0,68.65471957187621,6.207758637088096,6.117338653206449,0,0,20325.366666666665,40,4,1,1,14,0.0,2,19500.0,51,19500.0,0,1.7163679892969055
E0000020820260228170814424901525,1485509599,2026-02-28 14:08:15,0,0,0.9952084027480286,-0.0033110561541218053,1,1,FALSE_POSITIVE,41,22,10.0,0.0320143424254065,0.0186023949904582,-0.5624620149314947,0,0,1500.6666666666667,611,43,5,0,14,20.0,8,10.0,0,0.0,0,5.239663244747394e-05
E0000020820260228170840506516542,14083130733,2026-02-28 14:08:40,0,0,0.9548606152918591,0.10011697811119052,1,1,FALSE_POSITIVE,36,50,9.0,0.36,0.0541644417854812,-0.0962923409519666,0,0,70398.2,276,12,3,1,14,0.0,6,9.0,36,9.0,0,0.0013043478260869566
E0000020820260228171443764893542,5838796324,2026-02-28 14:14:44,0,0,0.9826423596236533,0.059769248332405434,1,1,FALSE_POSITIVE,34,148,50.0,5.0,1.0108965090958155,0.8087172072766525,0,0,9957.95,639,29,1,0,14,0.0,2,50.0,0,0.0,0,0.00782472613458529
E0000020820260228171742776625525,2730791400,2026-02-28 14:17:43,0,0,0.9612388341504434,0.0935541474455246,1,1,FALSE_POSITIVE,48,35,19.93,0.5540728384765082,0.3147818307364534,-0.2533417242856353,0,0,86181.2,73,7,3,1,14,0.0,6,19.93,48,19.93,0,0.007590038883239838
E0000020820260228171740322245525,61730432115,2026-02-28 14:17:57,0,0,0.9839433893410761,0.05625015893126756,1,1,FALSE_POSITIVE,55,303,10.0,0.2,0.060366563613556,-0.2414662544542242,0,0,31922.283333333333,93,4,1,0,14,26.0,3,10.0,0,0.0,0,0.002150537634408602
E0000020820260228172718842731542,1703007220,2026-02-28 14:27:30,0,0,0.9638884922334873,0.09035808972832976,1,1,FALSE_POSITIVE,31,36,116.0,0.8,0.3986456376976861,-0.0996614094244215,0,0,72057.95,290,16,3,1,14,0.0,4,116.0,31,116.0,0,0.002758620689655172
E0000020820260228174535458396525,75823586353,2026-02-28 14:45:49,0,0,0.9664429530201343,0.08747186407515911,1,1,FALSE_POSITIVE,48,145,20.0,0.2352941176470588,0.0945393064521251,-0.3072527459694067,0,0,69160.85,38,6,2,1,14,0.0,2,20.0,48,20.0,0,0.006191950464396285
E0000020820260228174705033407542,79831001168,2026-02-28 14:47:23,0,0,0.96203214495375,0.09237517917868932,1,1,FALSE_POSITIVE,48,36,120.0,6.413682522715125,1.3918318706603066,1.1748220848265205,0,0,100977.91666666669,88,10,2,1,14,0.0,4,120.0,48,120.0,0,0.0728827559399446
E0000020820260228174722353630525,45515123115,2026-02-28 14:47:51,0,0,0.9589858314690529,0.09567288952652275,1,1,FALSE_POSITIVE,62,386,95.0,2.375,0.3023672545631907,0.1750547263260578,0,0,56434.4,79,6,2,1,14,0.0,3,95.0,62,95.0,0,0.030063291139240507
E0000020820260228175305718144542,10406335796,2026-02-28 14:53:32,1,0,0.5559363447411427,0.15983827604818907,1,0,FALSE_NEGATIVE,42,65,2500.0,1.0,0.831890330807703,0.0,0,0,20325.366666666665,2,2,1,1,14,0.0,3,2500.0,42,2500.0,0,0.5
E0000020820260228175422020291525,37230277000110,2026-02-28 14:54:34,0,0,0.9821505069256034,0.0612940938524828,1,1,FALSE_POSITIVE,5,59,70.0,1.4,0.2296645879090983,0.0656184536883138,0,0,88312.13333333333,192,10,3,1,14,0.0,4,70.0,5,70.0,0,0.007291666666666667
E0000020820260228175420653551525,79036759153,2026-02-28 14:54:35,0,0,0.9658400368096213,0.08816131116626885,1,1,FALSE_POSITIVE,50,372,40.0,0.7272727272727273,0.0549839079416399,-0.0206189654781149,0,0,46245.55,160,6,2,1,14,60.0,7,40.0,50,40.0,0,0.004545454545454545
E0000020820260228175503843948525,4595570171,2026-02-28 14:55:23,0,0,0.9943516270804575,0.006576587330370143,1,1,FALSE_POSITIVE,36,111,3.0,0.5,0.0591620674946395,-0.0591620674946395,0,0,97824.3,128,6,1,0,14,0.0,0,3.0,0,0.0,0,0.00390625
E0000020820260228175942189827525,69761299104,2026-02-28 14:59:42,0,0,0.9631427800783791,0.09122655173454214,1,1,FALSE_POSITIVE,41,187,20.0,0.3358522250209907,0.0932875088554337,-0.1844760487616202,0,0,98032.05,55,4,2,1,14,26.0,7,20.0,41,20.0,0,0.006106404091290741
E0000020820260228180047758298542,7114837798,2026-02-28 15:00:59,0,0,0.9953829311247561,-0.0059365149228053915,1,1,FALSE_POSITIVE,79,53,42.0,0.875,0.7238083866537325,-0.1034011980933903,0,0,14477.216666666667,1331,29,5,0,15,0.0,5,42.0,0,0.0,0,0.0006574004507888805
E0000020820260228180307129261525,98468723134,2026-02-28 15:03:08,0,0,0.965554444920431,0.08851658673237317,1,1,FALSE_POSITIVE,43,50,25.0,2.837684449489217,0.5789937155862473,0.3749563302136537,0,0,99121.25,406,25,3,1,15,0.0,5,25.0,43,25.0,0,0.0069893705652443764
E0000020820260228180255320631525,55367755100,2026-02-28 15:03:20,0,0,0.9704888381169975,0.08233333408399662,1,1,FALSE_POSITIVE,54,348,195.0,0.975,0.1842884723282192,-0.0047253454443133,0,0,92148.98333333334,79,11,2,1,15,0.0,2,195.0,54,195.0,0,0.012341772151898734
E0000020820260228180318680265542,14595330707,2026-02-28 15:03:21,0,0,0.9543528963777429,0.10067089762171932,1,1,FALSE_POSITIVE,36,50,10.9,0.5034642032332564,0.1369542708890092,-0.1350695790877843,0,0,64612.16666666666,170,9,3,1,15,0.0,6,10.9,36,10.9,0,0.0029615541366662143
E0000020820260228180335678228525,58507345115,2026-02-28 15:03:52,0,0,0.9735827502498929,0.07761443644236232,1,1,FALSE_POSITIVE,54,417,30.0,1.0,0.0562287298415652,0.0,0,0,85166.1,21,3,2,1,15,26.0,5,30.0,54,30.0,0,0.047619047619047616
E0000020820260228180914099397525,1516537122,2026-02-28 15:09:38,0,1,0.9872435622828312,0.0462658945731389,1,1,FALSE_POSITIVE,44,36,100.0,1.0,0.2306441332724781,0.0,0,0,20325.366666666665,1,1,1,1,15,26.0,7,100.0,44,100.0,0,1.0
E0000020820260228181113614872525,65146182,2026-02-28 15:11:14,0,0,0.9722499881003379,0.07962859914792031,1,1,FALSE_POSITIVE,42,235,3.49,0.1524017467248908,0.0211566097608222,-0.1176646978388422,0,0,21280.68333333333,295,17,6,1,15,26.0,7,3.49,42,3.49,0,0.0005166160905928503
E0000020820260228182228773478525,2168751102,2026-02-28 15:22:29,0,0,0.9937645770860107,0.011749762074807435,1,1,FALSE_POSITIVE,41,23,5.0,0.5,0.1579428703605208,-0.1579428703605208,0,0,10073.133333333331,1060,70,8,1,15,26.0,10,5.0,41,5.0,0,0.0004716981132075472
E0000020820260228183112250937525,83512616100,2026-02-28 15:31:47,0,0,0.9833880717787615,0.05768827161737028,1,1,FALSE_POSITIVE,46,357,4256.0,97.83908045977012,2.91803334670078,2.8882085227859573,0,0,7052.483333333334,516,19,3,1,15,26.0,6,4256.0,46,4256.0,0,0.1896106210460661
E0000020820260228183204207283525,30827043104,2026-02-28 15:32:27,0,0,0.977247846161169,0.07138748615621027,1,1,FALSE_POSITIVE,55,422,432.0,7.844561467223533,0.7834517307303538,0.6835797705189636,0,0,90611.38333333332,107,8,2,1,15,0.0,3,432.0,55,432.0,0,0.07331365857218256
E0000020820260228183316127894525,57905150100,2026-02-28 15:33:32,0,0,0.9696955273136909,0.08352679223643711,1,1,FALSE_POSITIVE,53,397,100.0,1.0206164523372117,0.2533325333321886,0.0051173171733101,0,0,90747.96666666666,85,11,2,1,15,26.0,5,100.0,53,100.0,0,0.012007252380437783
E0000020820260228183908324225525,37362623100,2026-02-28 15:39:27,0,0,0.9577006679676964,0.0971552388420247,1,1,FALSE_POSITIVE,60,478,15.0,0.7142857142857143,0.0741571042299716,-0.0296628416919886,0,0,23036.55,680,15,4,1,15,0.0,4,15.0,60,15.0,0,0.0010504201680672268
E0000020820260228184055243415542,9415730790,2026-02-28 15:41:20,0,0,0.9929871324987704,0.01697534508746551,1,1,FALSE_POSITIVE,53,58,100.0,2.865329512893983,0.6452786985391586,0.4200764327489922,0,0,93248.73333333334,184,10,1,0,15,0.0,2,100.0,0,0.0,0,0.015572443004858603
E0000020820260228184552446300542,44795321884,2026-02-28 15:45:53,0,0,0.9615878909038983,0.09307940724258668,1,1,FALSE_POSITIVE,43,49,3.0,0.2307692307692307,0.058341556039966,-0.1944718534665533,0,0,45583.41666666666,437,18,5,1,15,0.0,6,3.0,43,3.0,0,0.0005280760429501848
E0000020820260228184757826137525,91072204487,2026-02-28 15:47:58,0,0,0.9570184206768528,0.09786746806996066,1,1,FALSE_POSITIVE,50,120,34.97,0.5828333333333333,0.1418955440629953,-0.1015626384871825,0,0,80998.33333333333,62,3,2,1,15,0.0,4,34.97,50,34.97,0,0.009400537634408603
E0000020820260228185252462747542,15562438712,2026-02-28 15:52:53,0,0,0.9539086423278912,0.10090245784365837,1,1,FALSE_POSITIVE,34,48,20.0,2.0,0.4779723975404094,0.2389861987702047,0,0,99617.9,401,30,2,1,15,0.0,6,20.0,34,20.0,0,0.004987531172069825
E0000020820260228185250069835525,5682267125,2026-02-28 15:52:59,0,0,0.9511161883002522,0.10346569085559143,1,1,FALSE_POSITIVE,29,55,6.0,0.146484375,0.0776618440328872,-0.4525096778982895,0,0,67721.35,114,7,2,1,15,0.0,5,6.0,29,6.0,0,0.0012849506578947367
E0000020820260228185256002506525,30603463134,2026-02-28 15:53:03,0,0,0.9866723785044504,0.04822756350259161,1,1,FALSE_POSITIVE,75,380,93.93,0.5724297641538181,0.1543404419849288,-0.1152829278149963,0,0,17303.966666666667,179,7,1,0,15,26.0,7,93.93,0,0.0,0,0.0031979316433174195
E0000020820260228185716624534542,19163564785,2026-02-28 15:57:45,0,0,0.9506402018182684,0.10389919844876883,1,1,FALSE_POSITIVE,28,56,24.89,1.0,0.0836830361704682,0.0,0,0,100608.13333333332,65,6,2,1,15,0.0,4,24.89,28,24.89,0,0.015384615384615384
E0000020820260228185820799175542,40867447400,2026-02-28 15:58:51,0,0,0.9617624192806258,0.09281307697324093,1,1,FALSE_POSITIVE,61,64,40.0,0.6896551724137931,0.0459422072545434,-0.0206739932645445,0,0,100930.96666666666,177,8,2,1,15,0.0,4,40.0,61,40.0,0,0.0038963569062926166
E0000020820260228191054212138542,6300110796,2026-02-28 16:10:54,0,0,0.9943040284322592,0.006964359114202567,1,1,FALSE_POSITIVE,31,56,5.0,0.5,0.5355892427496003,-0.5355892427496003,0,0,3023.266666666667,1720,55,11,1,16,0.0,6,5.0,31,5.0,0,0.00029069767441860465
E0000020820260228193430420114525,81081804149,2026-02-28 16:34:43,0,0,0.9697272597458232,0.08347886657473719,1,1,FALSE_POSITIVE,49,315,71.0,1.109375,0.3212474168800436,0.031672280537469,0,0,70481.11666666667,202,12,2,1,16,0.0,2,71.0,49,71.0,0,0.005491955445544554
E0000020820260228193657707651542,10460162705,2026-02-28 16:36:58,0,0,0.9574150760785061,0.0975576566952428,1,1,FALSE_POSITIVE,42,58,28.6,2.213622291021672,0.2922032082431622,0.1602009197640833,0,0,70622.75,188,10,3,1,16,0.0,6,28.6,42,28.6,0,0.011774586654370596
E0000020820260228194453333737525,24785580178,2026-02-28 16:45:10,0,0,0.9851968204103003,0.05295020221927044,1,1,FALSE_POSITIVE,64,523,258.0,5.16,1.1836823034112165,0.9542865081764846,0,0,70840.31666666667,101,5,2,1,16,26.0,6,258.0,64,258.0,0,0.051089108910891086
E0000020820260228194517127979525,47948779191,2026-02-28 16:45:17,0,0,0.9722499881003379,0.07958273479803368,1,1,FALSE_POSITIVE,57,40,52.63,1.5037142857142858,0.5231168000685793,0.1752336915297179,0,0,63322.61666666667,253,16,2,1,16,26.0,9,52.63,57,52.63,0,0.005943534726143422
E0000020820260228194750260161525,11402040172,2026-02-28 16:47:50,0,0,0.9959065162549383,-0.01525506218869832,1,1,FALSE_POSITIVE,68,490,11.93,0.1084545454545454,0.0290493899293082,-0.2387991341464594,0,0,12818.766666666666,1220,48,4,0,16,0.0,4,11.93,0,0.0,0,8.889716840536512e-05
E0000020820260228194940616120525,52317206000143,2026-02-28 16:50:03,0,0,0.9996826756786774,-0.14222274541993518,1,1,FALSE_POSITIVE,2,25,960.0,1.204516938519448,1.7953887188331763,0.3048420428852164,0,0,336.18333333333334,4363,358,15,1,16,0.0,5,960.0,2,960.0,0,0.00027607539273881453
E0000020820260228195057500651525,49147609168,2026-02-28 16:50:58,0,0,0.9786440731749885,0.06846273326977553,1,1,FALSE_POSITIVE,63,305,10.0,1.0,0.1284322023678434,0.0,0,0,1998.4666666666667,1388,31,5,1,16,0.0,5,10.0,63,10.0,0,0.0007204610951008645
E0000020820260228195236503353542,4465392109,2026-02-28 16:52:47,0,0,0.9577324003998287,0.0971337054374225,1,1,FALSE_POSITIVE,32,54,10.0,0.1,0.0171010711617136,-0.1539096404554229,0,0,19241.08333333333,400,13,1,0,16,0.0,3,10.0,0,0.0,0,0.00025
E0000020820260228195456446215542,92084133734,2026-02-28 16:55:35,0,0,0.9669189395021182,0.08679434181245582,1,1,FALSE_POSITIVE,58,58,100.0,10.0,1.0471837997624995,0.9424654197862496,0,0,92432.58333333331,120,10,2,1,16,0.0,4,100.0,58,100.0,0,0.08333333333333333
E0000020820260228195922599802525,71466550163,2026-02-28 16:59:41,0,0,0.9672362638234407,0.08652915423607849,1,1,FALSE_POSITIVE,40,321,10.0,0.6297229219143576,0.2153588246366669,-0.1266309888863602,0,0,68227.75,232,7,2,1,16,26.0,5,10.0,40,10.0,0,0.0027143229392860243
E0000020820260228201256906556542,10450067343,2026-02-28 17:13:06,0,0,0.9688546178621861,0.08454614141909605,1,1,FALSE_POSITIVE,23,37,15.0,0.5357142857142857,0.510678527270224,-0.4425880569675275,0,0,11125.416666666666,271,11,1,0,17,0.0,2,15.0,0,0.0,0,0.0019768054823405376
E0000020820260228202240326576525,38382591817,2026-02-28 17:22:42,0,0,0.95789106256049,0.09698041803021262,1,1,FALSE_POSITIVE,38,3,4.0,0.1333333333333333,0.0413716129440951,-0.2689154841366187,0,0,60490.86666666667,361,19,3,1,17,0.0,7,4.0,38,4.0,0,0.0003693444136657433
E0000020820260228202353384136525,12216425000111,2026-02-28 17:24:06,0,0,0.9751059069922414,0.07521967936134205,1,1,FALSE_POSITIVE,15,183,10.0,0.2272727272727272,0.0111485274548863,-0.0379049933466136,0,0,454.5833333333333,496,18,5,1,17,0.0,2,10.0,15,10.0,0,0.0004582111436950147
E0000020820260228203119672437525,39331644191,2026-02-28 17:31:20,0,0,0.9705047043330636,0.08231479004426806,1,1,FALSE_POSITIVE,55,400,49.0,1.116427432216906,0.2348743000078813,0.024494034143679,0,0,70705.05,206,8,2,1,17,26.0,7,49.0,55,49.0,0,0.00541955064182964
E0000020820260228203627773959542,44911243880,2026-02-28 17:36:40,0,0,0.9576372031034318,0.0971972458417506,1,1,FALSE_POSITIVE,29,55,175.0,8.75,2.109956776861514,1.8688188595059123,0,0,56429.88333333333,161,12,3,1,17,0.0,5,175.0,29,175.0,0,0.05434782608695652
E0000020820260228203627355603525,24830690100,2026-02-28 17:36:57,0,0,0.9764386691417963,0.07283072046572858,1,1,FALSE_POSITIVE,65,358,10.0,0.1,0.0097049433026287,-0.0873444897236585,0,0,74872.81666666667,59,4,2,1,17,0.0,3,10.0,65,10.0,0,0.001694915254237288
E0000020820260228203849691577542,13967625745,2026-02-28 17:39:07,0,0,0.9576054706712996,0.09722433715102624,1,1,FALSE_POSITIVE,37,51,100.0,1.1111111111111112,0.6324593709360017,0.0632459370936001,0,0,16039.416666666666,218,7,1,0,17,0.0,3,100.0,0,0.0,0,0.0050968399592252805
E0000020820260228203917289712525,24903850110,2026-02-28 17:39:53,0,0,0.9827534231361162,0.05958148729090851,1,1,FALSE_POSITIVE,63,368,1700.0,28.33333333333333,4.306344417001766,4.15435579051935,0,0,36249.63333333333,251,9,3,1,17,0.0,3,1700.0,63,1700.0,0,0.11288180610889774
E0000020820260228203840503575525,59181978000140,2026-02-28 17:40:00,0,0,0.9988576324432387,-0.09359023436252667,1,1,FALSE_POSITIVE,1,13,1860.25,1.8601569921503929,1.2168763102528144,0.5626969504526117,1,1,14.883333333333333,103,12,2,1,17,0.0,7,3720.5,1,1860.25,2,0.018059776622819344
E0000020820260228204125875294542,21899287701,2026-02-28 17:41:37,0,0,0.957526139590969,0.09739108422981485,1,1,FALSE_POSITIVE,22,47,10.0,2.5,0.319351796568851,0.1916110779413106,0,0,76197.55,428,17,2,1,17,0.0,6,10.0,22,10.0,0,0.005841121495327103
E0000020820260228204833287926525,72597046168,2026-02-28 17:48:35,0,0,0.9669982705824488,0.08673201966133659,1,1,FALSE_POSITIVE,43,284,6.0,0.0694364078231686,0.03572858088733,-0.4788225315250341,0,0,76128.68333333333,99,6,2,1,17,26.0,7,6.0,43,6.0,0,0.000701377856799683
E0000020820260228210428168508525,9173228192,2026-02-28 18:04:52,0,0,0.9547971504275945,0.10017322994828526,1,1,FALSE_POSITIVE,21,10,380.0,7.6,5.678238285177262,4.931101668706569,0,0,20325.366666666665,30,6,1,1,18,50.0,9,380.0,21,380.0,0,0.25333333333333335
E0000020820260228210512247788525,45371083049,2026-02-28 18:05:30,0,0,0.9670458692306472,0.08668070316089777,1,1,FALSE_POSITIVE,60,277,300.0,1.5,0.6961232288474593,0.2320410762824864,0,0,21690.63333333333,435,14,5,1,18,26.0,6,300.0,60,300.0,0,0.0034482758620689655
E0000020820260228210648797932525,3601138182,2026-02-28 18:06:56,0,0,0.9517349707268313,0.10283574543130752,1,1,FALSE_POSITIVE,33,59,222.71,3.431587057010786,0.9404151581035944,0.666368443717517,0,0,85228.03333333334,86,7,2,1,18,0.0,6,222.71,33,222.71,0,0.03990217508152076
E0000020820260228210838595587525,15258777120,2026-02-28 18:08:39,0,0,0.9565741666270011,0.09818167520988619,1,1,FALSE_POSITIVE,91,598,31.9,0.319,0.073584956502759,-0.1570888883334761,0,0,20325.366666666665,67,5,1,1,18,0.0,7,31.9,91,31.9,0,0.004761194029850746
E0000020820260228211901888834542,98993933715,2026-02-28 18:19:28,0,0,0.9622701381947419,0.0920139944612115,1,1,FALSE_POSITIVE,60,11,3.0,0.15,0.0367491487328927,-0.2082451761530591,0,0,70964.03333333334,140,7,2,1,18,0.0,6,3.0,60,3.0,0,0.0010714285714285715
E0000020820260228212006308303525,56416610159,2026-02-28 18:20:39,0,0,0.9911783838672314,0.027979735044772636,1,1,FALSE_POSITIVE,60,216,13.0,0.3421052631578947,0.0231988914311273,-0.0446132527521679,0,0,39035.45,238,21,3,0,18,26.0,4,13.0,0,0.0,0,0.0014374170720919948
E0000020820260228212026838400525,28168054172,2026-02-28 18:21:10,0,0,0.9952084027480286,-0.003242830517750983,1,1,FALSE_POSITIVE,74,540,5400.0,75.0,6.58085045203948,6.49310577934562,0,0,21623.9,114,5,3,1,18,26.0,7,5400.0,74,5400.0,0,0.6578947368421053
E0000020820260228212626644498525,3385911176,2026-02-28 18:26:52,0,0,0.9850222920335729,0.05322838716409972,1,1,FALSE_POSITIVE,36,37,2313.0,46.26,2.386328633010768,2.334743491787016,0,0,79043.31666666667,464,17,2,1,18,0.0,4,2313.0,36,2313.0,0,0.09969827586206896
E0000020820260228212703630694542,4474355741,2026-02-28 18:27:20,0,0,0.9538769098957589,0.10092273523032047,1,1,FALSE_POSITIVE,53,58,20.0,1.0,0.2299483549419233,0.0,0,0,70492.63333333333,198,9,2,1,18,0.0,4,20.0,53,20.0,0,0.005050505050505051
E0000020820260228212931984467525,29097630134,2026-02-28 18:29:44,0,0,0.9881320703825345,0.04278141318536666,1,1,FALSE_POSITIVE,86,103,130.0,2.0,0.4090015346648896,0.2045007673324448,0,0,61035.76666666667,264,17,2,1,18,0.0,5,130.0,86,130.0,0,0.007575757575757576
E0000020820260228213528613226542,13299946714,2026-02-28 18:35:42,0,0,0.9742967299728688,0.07615129668778287,1,1,FALSE_POSITIVE,34,58,55.0,5.5,0.999342897512906,0.8176441888741959,0,0,56039.85,732,35,4,1,18,0.0,4,55.0,34,55.0,0,0.007513661202185792
E0000020820260228213544647390525,34268731172,2026-02-28 18:35:45,0,0,0.9695051327208974,0.08373547433675033,1,1,FALSE_POSITIVE,58,417,87.13,0.9172544478366144,0.3164927317091796,-0.0285508191350183,0,0,52043.86666666667,380,15,3,1,18,26.0,7,87.13,58,87.13,0,0.00241382749430688
E0000020820260228213629399967525,1707621144,2026-02-28 18:36:30,0,0,0.9633331746711726,0.09097410161861752,1,1,FALSE_POSITIVE,39,50,6.0,0.3,0.0662694326500833,-0.1546286761835278,0,0,89621.08333333333,96,7,2,1,18,26.0,9,6.0,39,6.0,0,0.003125
E0000020820260228213633310840525,37974122153,2026-02-28 18:36:34,0,0,0.9785647420946578,0.0685936543359506,1,1,FALSE_POSITIVE,59,191,6.9,0.3218283582089552,0.0241864571758028,-0.0509668242516193,0,0,65031.76666666667,235,9,3,1,18,26.0,7,6.9,59,6.9,0,0.0013694823753572561
E0000020820260228214101328530525,14923055707,2026-02-28 18:41:01,0,0,0.9951766703158964,-0.002389858527991562,1,1,FALSE_POSITIVE,32,43,10.0,1.0,0.0720166146357952,0.0,0,0,7460.966666666666,1887,86,12,1,18,0.0,4,10.0,32,10.0,0,0.0005299417064122947
E0000020820260228215322579626525,502776188,2026-02-28 18:53:23,0,0,0.9514811112697733,0.1031647490512132,1,1,FALSE_POSITIVE,42,31,12.9,0.43,0.0461462083606305,-0.0611705552687427,0,0,30689.2,91,7,3,1,18,50.0,10,12.9,42,12.9,0,0.0047252747252747255
E0000020820260228220103740830525,8862270461,2026-02-28 19:01:05,0,0,0.957526139590969,0.0974602574711424,1,1,FALSE_POSITIVE,34,4,46.5,1.6613076098606647,0.252313345699328,0.1004369898687002,0,0,90782.9,110,5,2,1,19,0.0,7,46.5,34,46.5,0,0.01510279645327877
E0000020820260228220327734564525,30875463487,2026-02-28 19:03:28,0,0,0.9780570231805417,0.06962285197528717,1,1,FALSE_POSITIVE,63,35,24.5,0.5,0.2182451247621963,-0.2182451247621963,0,0,2864.983333333333,58,4,2,0,19,0.0,5,24.5,0,0.0,0,0.008620689655172414
E0000020820260228220407956273542,18112642710,2026-02-28 19:04:24,0,0,0.9905278690085202,0.0325518565621864,1,1,FALSE_POSITIVE,27,59,5.0,0.6666666666666666,0.1214694776909822,-0.0607347388454911,0,0,77888.53333333334,167,11,1,0,19,0.0,3,5.0,0,0.0,0,0.003992015968063872
E0000020820260228220806940212525,52317206000143,2026-02-28 19:08:17,0,0,0.9997302743268758,-0.15512403592758672,1,1,FALSE_POSITIVE,2,25,461.0,0.5784190715181933,0.8621606243563481,-0.6283860515916116,0,0,138.23333333333332,4363,358,16,1,19,0.0,5,461.0,2,461.0,0,0.00013257370422145159
E0000020820260228221544144687525,97466700853,2026-02-28 19:16:00,0,0,0.9818490488203468,0.0618637488646151,1,1,FALSE_POSITIVE,70,81,1000.0,2.8573061317789588,0.4044109083349775,0.2628751786359021,0,0,86954.28333333334,174,8,2,1,19,0.0,6,1000.0,70,1000.0,0,0.01642129960792505
E0000020820260228222041294832542,3650303760,2026-02-28 19:20:58,0,0,0.9568280260840593,0.09804824161359016,1,1,FALSE_POSITIVE,51,66,20.0,0.6666666666666666,0.0353785873427411,-0.0176892936713705,0,0,14855.25,976,52,4,1,19,0.0,3,20.0,51,20.0,0,0.0006830601092896175
E0000020820260228222138678789542,10520721780,2026-02-28 19:21:39,0,0,0.9921462230472654,0.022370181010980483,1,1,FALSE_POSITIVE,41,54,5.0,0.5,0.0507171088302614,-0.0507171088302614,0,0,48811.23333333333,1157,38,3,0,19,0.0,4,5.0,0,0.0,0,0.000432152117545376
E0000020820260228222651073281542,16652221748,2026-02-28 19:26:51,0,0,0.9659035016738858,0.08812366473364058,1,1,FALSE_POSITIVE,23,56,5.7,0.38,0.1025870004459249,-0.167378790201246,0,0,77874.35,205,16,3,1,19,0.0,6,5.7,23,5.7,0,0.001853658536585366
E0000020820260228222804605602525,44346018149,2026-02-28 19:28:14,0,0,0.9521157599124185,0.1025386250285214,1,1,FALSE_POSITIVE,77,692,50.0,1.0,0.1334758357538586,0.0,0,0,20325.366666666665,32,4,1,1,19,26.0,8,50.0,77,50.0,0,0.03125
E0000020820260228221944723690525,3458364560,2026-02-28 19:30:19,0,0,0.9707426975740555,0.0820013274031916,1,1,FALSE_POSITIVE,45,21,61.0,3.388888888888889,1.527681896067597,1.0768905169001095,0,0,79680.53333333334,51,5,2,1,19,26.0,8,61.0,45,61.0,0,0.0664488017429194
E0000020820260228223429919471525,7251948478,2026-02-28 19:34:30,0,0,0.9537023815190315,0.10111575793137884,1,1,FALSE_POSITIVE,38,7,7.0,0.4416403785488959,0.0446351548463115,-0.0564315886271224,0,0,92162.2,81,7,2,1,19,0.0,7,7.0,38,7.0,0,0.005452350352455506
E0000020820260228223743296244525,66963176,2026-02-28 19:37:43,0,0,0.9667920097735891,0.0869574996579553,1,1,FALSE_POSITIVE,43,219,20.0,1.0,0.3009670771217203,0.0,0,0,75079.85,396,34,2,1,19,0.0,4,20.0,43,20.0,0,0.0025252525252525255
E0000020820260228223722293821542,18093716785,2026-02-28 19:37:43,0,0,0.9625398638678662,0.09178963933784351,1,1,FALSE_POSITIVE,27,52,70.0,3.5,0.9613668309519172,0.6866905935370837,0,0,78208.48333333334,503,13,2,1,19,0.0,4,70.0,27,70.0,0,0.006958250497017893
E0000020820260228223920789643542,30564786268,2026-02-28 19:39:37,0,0,0.9515921747822362,0.10300641732463733,1,1,FALSE_POSITIVE,55,59,50.0,2.5,0.1518087534524342,0.0910852520714605,0,0,53219.816666666666,343,16,3,1,19,0.0,4,50.0,55,50.0,0,0.007288629737609329
E0000020820260228224101182615525,2361556103,2026-02-28 19:41:16,0,0,0.9753756326653656,0.07462416556965384,1,1,FALSE_POSITIVE,37,55,23.0,0.8217220435869954,0.1724025179442162,-0.0374038506322451,0,0,43483.36666666667,238,13,1,0,19,0.0,2,23.0,0,0.0,0,0.0034526136285167874
E0000020820260228224949310751542,7114837798,2026-02-28 19:50:11,0,0,0.9948276135624415,0.002314220462136085,1,1,FALSE_POSITIVE,79,53,30.0,0.625,0.5170059904669518,-0.3102035942801711,0,0,289.2,1331,29,6,1,19,0.0,7,30.0,79,30.0,0,0.0004695717505634861
E0000020820260228225703186571542,15595974702,2026-02-28 19:57:18,0,0,0.9742332651086042,0.07622845008941209,1,1,FALSE_POSITIVE,31,33,50.0,1.6666666666666667,0.5868457144700232,0.2347382857880093,0,0,33581.9,168,11,2,0,19,0.0,4,50.0,0,0.0,0,0.00992063492063492
E0000020820260228230250235591525,24870420104,2026-02-28 20:02:51,0,0,0.9714249448648992,0.08096167858446013,1,1,FALSE_POSITIVE,61,294,45.56,0.7593333333333334,0.1890373390576575,-0.0599143805090556,0,0,98265.76666666666,95,7,2,1,20,0.0,3,45.56,61,45.56,0,0.007992982456140352
E0000020820260228230406800757542,4292015244,2026-02-28 20:04:07,0,0,0.9864185190473924,0.0489360753179397,1,1,FALSE_POSITIVE,27,59,1000.0,50.0,4.571446111237735,4.4800171890129805,0,0,89688.58333333333,143,12,2,1,20,0.0,6,1000.0,27,1000.0,0,0.34965034965034963
E0000020820260228231137338804525,3972085451,2026-02-28 20:11:51,0,0,0.9665857489647294,0.08726846726455445,1,1,FALSE_POSITIVE,42,6,15.0,0.3,0.1244660557328712,-0.290420796710033,0,0,73865.11666666667,73,6,3,1,20,0.0,5,15.0,42,15.0,0,0.00410958904109589
E0000020820260228231512868337542,4829019778,2026-02-28 20:15:13,0,0,0.9643962111476034,0.08979013470556069,1,1,FALSE_POSITIVE,48,53,48.0,0.6857142857142857,0.1278177782005898,-0.058583148341937,0,0,68421.06666666667,443,14,3,1,20,0.0,6,48.0,48,48.0,0,0.001547887778136085
E0000020820260228232013512471525,17544694852,2026-02-28 20:20:51,0,0,0.9508305964110619,0.10371331205356005,1,1,FALSE_POSITIVE,49,20,47.5,1.3575307230637323,0.0596754771147475,0.0157166361832735,0,0,98499.98333333334,104,8,2,1,20,0.0,5,47.5,49,47.5,0,0.013053180029458966
E0000020820260228232121758873542,1637581157,2026-02-28 20:21:24,0,0,0.951449378837641,0.10321470077582567,1,1,FALSE_POSITIVE,40,50,12.99,0.2598,0.071683652165139,-0.2042349473927479,0,0,82384.55,254,16,2,1,20,0.0,4,12.99,40,12.99,0,0.0010228346456692913
E0000020820260228232204801188542,48437358841,2026-02-28 20:22:05,0,0,0.9983340473130563,-0.07337354142565089,1,1,FALSE_POSITIVE,28,59,50.0,2.5,0.473383958953588,0.2840303753721528,0,0,9184.35,1979,74,10,0,20,0.0,4,50.0,0,0.0,0,0.0012632642748863063
E0000020820260228232343640538542,21046147757,2026-02-28 20:24:02,0,0,0.974312596188935,0.07611649263360853,1,1,FALSE_POSITIVE,20,13,20.0,2.0,0.3655966834368251,0.1827983417184125,0,0,82109.46666666666,403,16,3,1,20,0.0,5,20.0,20,20.0,0,0.004962779156327543
E0000020820260228232638929123525,47744588134,2026-02-28 20:26:54,0,0,0.9773589096736319,0.07110515007447582,1,1,FALSE_POSITIVE,65,417,20.0,0.3333333333333333,0.1031592654011408,-0.2063185308022817,0,0,82210.01666666666,136,10,2,1,20,0.0,3,20.0,65,20.0,0,0.0024509803921568627
E0000020820260228233512153419525,64584038104,2026-02-28 20:35:13,0,0,0.9659669665381503,0.08805653233695543,1,1,FALSE_POSITIVE,51,362,82.32,1.28625,0.0364466166249508,0.0081110546230454,0,0,53832.45,182,8,3,1,20,26.0,7,82.32,51,82.32,0,0.007067307692307691
E0000020820260228234346798918542,21460468724,2026-02-28 20:46:01,0,0,0.9872911609310295,0.04615316871524089,1,1,FALSE_POSITIVE,23,52,350.0,20.58823529411765,4.369352132300416,4.157126457302967,0,0,87828.33333333333,20,3,2,1,20,0.0,4,350.0,23,350.0,0,1.0294117647058822
E0000020820260228234937306240542,13012081674,2026-02-28 20:49:38,0,0,0.9862281244545988,0.04958185617601746,1,1,FALSE_POSITIVE,31,54,20.0,1.0,0.1609117889394272,0.0,0,0,3230.8,1048,80,1,0,20,0.0,4,20.0,0,0.0,0,0.0009541984732824427
E0000020820260228235137806483525,41789563100,2026-02-28 20:52:31,0,0,0.9735827502498929,0.0776394866751704,1,1,FALSE_POSITIVE,56,405,118.0,2.8780487804878048,0.7439366246094116,0.4854501702959719,0,0,60340.48333333333,364,17,2,1,20,26.0,5,118.0,56,118.0,0,0.007906727418922541
E0000020820260301000628075675542,3784845592,2026-02-28 21:06:28,0,0,0.9826106271915211,0.05987532611037649,1,1,FALSE_POSITIVE,38,43,305.0,3.802044377960609,1.3017248868646034,0.959349901866969,0,0,66930.98333333334,347,13,4,1,21,0.0,6,305.0,38,305.0,0,0.010956900224670342
E0000020820260301001819151816525,8606484199,2026-02-28 21:18:19,0,0,0.9941453662715979,0.008740752777859628,1,1,FALSE_POSITIVE,21,36,7.0,0.4265691651432053,0.0633474581688483,-0.0851570830526947,0,0,4333.25,532,13,3,0,21,50.0,8,7.0,0,0.0,0,0.0008018217389909874
E0000020820260301001800524138525,99734060104,2026-02-28 21:18:33,0,0,0.9583670490424738,0.0963194870465966,1,1,FALSE_POSITIVE,39,107,12.0,0.2247191011235955,0.021172750755606,-0.0730459901068408,0,0,71015.2,26,2,2,1,21,0.0,4,12.0,39,12.0,0,0.00864304235090752
E0000020820260301002222755291542,31194747892,2026-02-28 21:22:23,0,0,0.9558125882558268,0.09909062162224985,1,1,FALSE_POSITIVE,42,67,105.0,0.84,0.4017512439870012,-0.0765240464737145,0,0,92693.81666666668,362,13,2,1,21,0.0,5,105.0,42,105.0,0,0.002320441988950276
E0000020820260301002256704162542,13047227756,2026-02-28 21:22:57,0,0,0.9728846367429832,0.07862478898528685,1,1,FALSE_POSITIVE,35,14,13.8,0.6900000000000001,0.1724609526102389,-0.0774824569698175,0,0,15830.75,1832,38,5,1,21,0.0,7,13.8,35,13.8,0,0.00037663755458515284
E0000020820260301002503298334525,5354127548,2026-02-28 21:25:04,0,0,0.9674425246323004,0.086370751246859,1,1,FALSE_POSITIVE,36,50,20.0,1.0,0.3758028108747625,0.0,0,0,89642.78333333334,218,10,2,1,21,26.0,9,20.0,36,20.0,0,0.0045871559633027525
E0000020820260301002803746157525,55386229168,2026-02-28 21:28:28,0,0,0.9776603677788884,0.0703963356748088,1,1,FALSE_POSITIVE,54,410,5.0,0.1,0.0253394189380326,-0.2280547704422936,0,0,88405.1,200,20,2,1,21,0.0,3,5.0,54,5.0,0,0.0005
E0000020820260301003039659945542,88844633191,2026-02-28 21:31:52,0,0,0.9811509353134371,0.06355278904813189,1,1,FALSE_POSITIVE,46,297,95.0,6.333333333333333,2.3436248655891374,1.9735788341803264,0,0,64728.35,216,9,2,1,21,0.0,2,95.0,46,95.0,0,0.029320987654320986
E0000020820260301003238078458525,883939177,2026-02-28 21:32:48,0,0,0.9844193758230599,0.0548739630737734,1,1,FALSE_POSITIVE,37,50,20.0,1.0,0.3738552554999645,0.0,0,0,75318.53333333334,650,56,3,1,21,26.0,7,20.0,37,20.0,0,0.0015384615384615385
E0000020820260301004436171239525,472864580,2026-02-28 21:44:37,0,0,0.9739159407872816,0.07688729489930918,1,1,FALSE_POSITIVE,52,31,10.92,0.546,0.0326480926588918,-0.02714694884091,0,0,80701.13333333333,43,3,2,1,21,26.0,9,10.92,52,10.92,0,0.012697674418604652
E0000020820260301004537528561542,11222578727,2026-02-28 21:46:08,0,0,0.977247846161169,0.0714249205999799,1,1,FALSE_POSITIVE,41,56,300.0,3.0,0.6305012147210443,0.4203341431473628,0,0,593.8333333333334,358,10,6,1,21,0.0,4,300.0,41,300.0,0,0.008379888268156424
E0000020820260301004958301641542,4226708393,2026-02-28 21:50:10,0,0,0.9611119044219144,0.09368334798514238,1,1,FALSE_POSITIVE,34,56,12.5,0.8608815426997245,0.1053396902466885,-0.0170228939438648,0,0,96720.4,170,7,3,1,21,0.0,5,12.5,34,12.5,0,0.005064009074704261
E0000020820260301010230049132525,94623236153,2026-02-28 22:02:53,0,0,0.9731226299839751,0.07830487819558257,1,1,FALSE_POSITIVE,50,260,14.0,0.9333333333333332,0.212882431770962,-0.0152058879836401,0,0,66865.7,342,16,2,1,22,26.0,5,14.0,50,14.0,0,0.0027290448343079924
E0000020820260301010730497528542,7839754732,2026-02-28 22:07:31,0,0,0.9956685230139464,-0.009769156929623324,1,1,FALSE_POSITIVE,46,58,207.58,5.189500000000001,1.575159990200315,1.2716317138345157,0,0,63655.11666666667,283,9,1,0,22,0.0,3,207.58,0,0.0,0,0.018337455830388694
E0000020820260301011841302287542,11745481770,2026-02-28 22:19:02,0,0,0.9796119123550224,0.06674546535621628,1,1,FALSE_POSITIVE,77,51,600.0,6.0,7.32072895150405,6.100607459586708,0,0,20325.366666666665,417,20,1,1,22,0.0,7,600.0,77,600.0,0,0.014388489208633094
E0000020820260301012158833913525,60355115468,2026-02-28 22:22:30,0,0,0.9690291462389135,0.08430460345607699,1,1,FALSE_POSITIVE,57,30,55.0,3.6666666666666665,0.9386952145101252,0.6826874287346366,0,0,95599.6,194,9,2,1,22,0.0,5,55.0,57,55.0,0,0.018900343642611683
E0000020820260301013055909640542,13044560721,2026-02-28 22:30:56,0,0,0.9570818855411173,0.09782548329104795,1,1,FALSE_POSITIVE,27,34,43.0,1.1944444444444444,0.4496712151694151,0.0732022908415327,0,0,95142.28333333334,187,11,2,1,22,0.0,6,43.0,27,43.0,0,0.006387403446226975
E0000020820260301013502032839542,13012081674,2026-02-28 22:35:03,0,0,0.9891157757786345,0.03889733747699203,1,1,FALSE_POSITIVE,31,54,22.0,1.1,0.1770029678333699,0.0160911788939427,0,0,105.41666666666669,1048,80,1,0,22,0.0,4,22.0,0,0.0,0,0.001049618320610687
E0000020820260301013535577617525,11803395176,2026-02-28 22:35:56,0,0,0.9555428625827026,0.09939700960211761,1,1,FALSE_POSITIVE,22,13,18.0,1.0,0.1413778385411582,0.0,0,0,53635.21666666667,56,5,2,1,22,26.0,8,18.0,22,18.0,0,0.017857142857142856
E0000020820260301013644189275542,3067012194,2026-02-28 22:36:44,0,0,0.9663794881558697,0.087567947924092,1,1,FALSE_POSITIVE,34,67,12.0,0.5002084201750729,0.1942618196941841,-0.194099934844439,0,0,96961.93333333332,340,16,2,1,22,0.0,3,12.0,34,12.0,0,0.0014712012358090382
E0000020820260301014210647271542,17631117764,2026-02-28 22:42:19,0,0,0.9955891919336157,-0.009230064082580425,1,1,FALSE_POSITIVE,30,14,6.0,1.5,0.3363540187988095,0.1121180062662698,0,0,5141.1,2058,194,6,1,22,0.0,5,6.0,30,6.0,0,0.0007288629737609329
E0000020820260301014704028227525,29713420187,2026-02-28 22:47:04,0,0,0.9811509353134371,0.06353987682825052,1,1,FALSE_POSITIVE,62,451,98.7,4.9350000000000005,0.3965741162357081,0.3162146195314106,0,0,82558.95,159,8,2,1,22,0.0,5,98.7,62,98.7,0,0.031037735849056603
E0000020820260301014738364972525,72697032134,2026-02-28 22:47:39,0,0,0.9594142193028384,0.09517587588494336,1,1,FALSE_POSITIVE,42,137,46.0,1.069767441860465,0.5721424772053385,0.0373136398177394,0,0,78061.18333333333,193,9,2,1,22,0.0,4,46.0,42,46.0,0,0.005542836486323654
E0000020820260301015317835276525,57820392134,2026-02-28 22:53:31,0,0,0.9878782109254763,0.04427068208230922,1,1,FALSE_POSITIVE,53,237,10.0,0.2503755633450175,0.0427700793764697,-0.1280536176531503,0,0,92455.16666666669,89,5,2,1,22,60.0,7,10.0,53,10.0,0,0.0028132085769103092
E0000020820260301020625537730542,42003106863,2026-02-28 23:06:35,0,0,0.9551144747489171,0.09973115111761821,1,1,FALSE_POSITIVE,37,48,3.0,0.6,0.1647080209881025,-0.1098053473254017,0,0,32429.8,704,49,4,1,23,0.0,4,3.0,37,3.0,0,0.0008522727272727272
E0000020820260301021304779454525,9253651490,2026-02-28 23:13:14,0,0,0.9644438097958018,0.08969534852003425,1,1,FALSE_POSITIVE,24,4,31.0,1.1071428571428572,0.1345501943872883,0.0130209865536085,0,0,20325.366666666665,209,10,1,1,23,60.0,12,31.0,24,31.0,0,0.005297334244702666
E0000020820260301021552978107542,8014129784,2026-02-28 23:16:30,0,0,0.9529566693639234,0.10178301929619354,1,1,FALSE_POSITIVE,48,52,33.0,2.2,0.959763261270912,0.5235072334204974,0,0,33632.75,418,26,4,1,23,0.0,4,33.0,48,33.0,0,0.005263157894736842
E0000020820260301021748933729542,283350156,2026-02-28 23:17:49,0,0,0.9817855839560823,0.06203570737921926,1,1,FALSE_POSITIVE,43,196,8.0,0.1860465116279069,0.0711229424587756,-0.3111628732571434,0,0,75738.2,539,25,3,1,23,0.0,4,8.0,43,8.0,0,0.0003451697803857272
E0000020820260301021912059523525,9732661712,2026-02-28 23:19:27,0,0,0.9897504244212798,0.03653170493015462,1,1,FALSE_POSITIVE,42,45,12.0,0.631578947368421,0.1464669000013607,-0.0854390250007937,0,0,89449.58333333333,450,19,3,1,23,50.0,8,12.0,42,12.0,0,0.0014035087719298245
E0000020820260301022338200294525,6714538154,2026-02-28 23:23:39,0,0,0.9656972408650261,0.08839915592674513,1,1,FALSE_POSITIVE,28,3,50.0,1.0,0.9600736053917902,0.0,0,0,59843.583333333336,358,29,2,1,23,0.0,7,50.0,28,50.0,0,0.002793296089385475
E0000020820260301023512126689542,13012081674,2026-02-28 23:35:13,0,0,0.9904485379281895,0.03296880784863021,1,1,FALSE_POSITIVE,31,54,20.0,1.0,0.1609117889394272,0.0,0,0,60.16666666666666,1048,80,1,0,23,0.0,4,20.0,0,0.0,0,0.0009541984732824427
E0000020820260301023840078153542,8845260623,2026-02-28 23:38:40,0,0,0.9577165341837626,0.09714907343976598,1,1,FALSE_POSITIVE,43,61,10.0,0.6341154090044389,0.1443557808591611,-0.0832932855557359,0,0,86768.21666666666,136,7,2,1,23,0.0,5,10.0,43,10.0,0,0.004662613301503227
E0000020820260301024524320846525,2866559185,2026-02-28 23:45:25,0,0,0.9556697923112317,0.09928265269895703,1,1,FALSE_POSITIVE,38,29,4.0,0.6666666666666666,0.3400564558623842,-0.1700282279311921,0,0,37950.86666666667,348,18,3,1,23,26.0,10,4.0,38,4.0,0,0.0019157088122605363
E0000020820260301024659924329542,3761043767,2026-02-28 23:47:26,0,0,0.9800561664048741,0.06557631393652152,1,1,FALSE_POSITIVE,55,36,380.0,38.0,5.449401152193429,5.305995858714655,0,0,42079.6,85,9,2,1,23,0.0,4,380.0,55,380.0,0,0.4470588235294118
E0000020820260301030424291596525,41981521879,2026-03-01 00:04:24,0,0,0.9883541974074603,0.04205422412457904,1,1,FALSE_POSITIVE,34,39,17.99,0.4160499537465309,0.4402700481778678,-0.6179443422174077,0,0,72635.8,1040,49,2,1,0,0.0,6,17.99,34,17.99,0,0.00040004803244858745
E0000020820260301030916817800525,38018179115,2026-03-01 00:09:17,0,0,0.9806114839671887,0.06450891640014222,1,1,FALSE_POSITIVE,56,215,51.84,1.0363854458216712,0.142919954245442,0.0050176372825367,0,0,2080.45,918,21,4,1,0,26.0,7,51.84,56,51.84,0,0.001128960180633629
E0000020820260301031552473409525,1765808162,2026-03-01 00:15:53,0,0,0.9847684325765148,0.05383892175212318,1,1,FALSE_POSITIVE,39,185,5.0,0.5,0.0259697123571115,-0.0259697123571115,0,0,26283.15,497,16,6,1,0,0.0,4,5.0,39,5.0,0,0.001006036217303823
E0000020820260301031919480928542,70434288233,2026-03-01 00:19:29,0,0,0.9818490488203468,0.06186516633656303,1,1,FALSE_POSITIVE,23,46,20.0,1.0,0.2336368280201325,0.0,0,0,71111.15,394,13,3,1,0,0.0,5,20.0,23,20.0,0,0.0025380710659898475
E0000020820260301034529221708525,53672178187,2026-03-01 00:45:52,0,0,0.9884969933520554,0.04111150258582158,1,1,FALSE_POSITIVE,59,389,20.0,0.8333333333333334,0.0667523343587641,-0.0133504668717528,0,0,85643.75,100,7,2,1,0,0.0,2,20.0,59,20.0,0,0.008333333333333333
E0000020820260301034620644602542,2932525131,2026-03-01 00:46:21,0,0,0.970917225950783,0.08176416162310751,1,1,FALSE_POSITIVE,34,59,20.0,1.0,0.3057060095200419,0.0,0,0,90661.08333333331,323,16,2,1,0,0.0,6,20.0,34,20.0,0,0.0030959752321981426
E0000020820260301040206539254542,1400112265,2026-03-01 01:02:18,0,0,0.9717898678344201,0.08047108453758445,1,1,FALSE_POSITIVE,32,39,10.0,0.5,0.042412129711133,-0.042412129711133,0,0,86420.11666666667,222,9,2,1,1,0.0,4,10.0,32,10.0,0,0.0022522522522522522
E0000020820260301042422468569525,4152992174,2026-03-01 01:24:23,0,0,0.9889729798340394,0.039471613258814764,1,1,FALSE_POSITIVE,35,50,100.0,6.666666666666667,2.941477647338966,2.500256000238121,0,0,21727.316666666666,889,23,5,1,1,26.0,9,100.0,35,100.0,0,0.0074990626171728535
E0000020820260301042423523455542,3163486193,2026-03-01 01:24:33,0,0,0.9603185936186079,0.09438072052789226,1,1,FALSE_POSITIVE,37,53,0.05,0.0039370078740157,0.0005870229882298,-0.1485168160221618,0,0,57753.5,309,10,2,1,1,0.0,4,0.05,37,0.05,0,1.2741125805876208e-05
E0000020820260301043121615911525,12638679445,2026-03-01 01:31:22,0,0,0.9941929649197963,0.008273490606222622,1,1,FALSE_POSITIVE,29,27,10.0,1.0,0.5530717856679918,0.0,0,0,1498.4666666666667,640,51,7,1,1,26.0,10,10.0,29,10.0,0,0.0015625
E0000020820260301044555930586525,5312933198,2026-03-01 01:45:56,0,0,0.9798499055960144,0.06627203997819414,1,1,FALSE_POSITIVE,32,42,10.0,0.3333333333333333,0.1906159013213086,-0.3812318026426173,0,0,51497.61666666667,459,19,3,1,1,26.0,9,10.0,32,10.0,0,0.0007262164124909223
E0000020820260301045143384807525,5934711725,2026-03-01 01:52:06,0,0,0.9828168880003808,0.05942807737843547,1,1,FALSE_POSITIVE,37,93,34.11,1.1681506849315069,0.1228415755387905,0.0176825604190988,0,0,61153.73333333333,187,5,3,1,1,0.0,2,34.11,37,34.11,0,0.006246795106585598
E0000020820260301045408039538542,11471483410,2026-03-01 01:54:18,0,0,0.9906230663049169,0.03183076980984334,1,1,FALSE_POSITIVE,31,55,10.01,1.001,0.1954749777003651,0.0001952796980023,0,0,47810.833333333336,528,24,2,0,1,0.0,4,10.01,0,0.0,0,0.0018958333333333334
E0000020820260301050822520606542,2416661124,2026-03-01 02:08:35,0,0,0.9764862677899948,0.0727352233475057,1,1,FALSE_POSITIVE,36,47,40.0,2.2222222222222223,1.5727018809569786,0.8649860345263383,0,0,91543.3,459,19,2,1,2,0.0,4,40.0,36,40.0,0,0.004841442749939482
E0000020820260301054300478744542,91937140334,2026-03-01 02:43:03,0,0,0.9669665381503165,0.08675966962908294,1,1,FALSE_POSITIVE,43,54,38.24,0.7886162095277377,0.3392675273261242,-0.0909386023821331,0,0,82458.48333333334,103,9,2,1,2,0.0,6,38.24,43,38.24,0,0.007656468053667356
E0000020820260301054608488989525,2465528165,2026-03-01 02:46:27,0,0,0.9699652529868151,0.0830546407523694,1,1,FALSE_POSITIVE,21,211,50.0,1.353546291283162,0.1924688289558051,0.0502728581232563,0,0,45235.083333333336,361,15,2,1,2,0.0,2,50.0,21,50.0,0,0.0037494357099256566
E0000020820260301071450050507542,2477184164,2026-03-01 04:15:21,0,0,0.9690291462389135,0.08431981325270471,1,1,FALSE_POSITIVE,32,76,0.65,0.5,0.1018908830633526,-0.1018908830633526,0,0,51488.91666666666,806,45,3,1,4,0.0,5,0.65,32,0.65,0,0.0006203473945409429
E0000020820260301084520949922525,9044702106,2026-03-01 05:45:21,0,0,0.9741698002443397,0.07642461268599304,1,1,FALSE_POSITIVE,21,4,42.1,0.7654545454545455,0.0517852089389419,-0.0158676768482743,0,0,91407.85,98,7,2,1,5,0.0,7,42.1,21,42.1,0,0.007810760667903525
E0000020820260301093648421447525,23928069187,2026-03-01 06:36:59,0,0,0.961302299014708,0.09344193566313236,1,1,FALSE_POSITIVE,65,121,5.0,0.125,0.02005754728585,-0.1404028310009505,0,0,48536.0,276,9,3,1,6,0.0,5,5.0,65,5.0,0,0.0004528985507246377
E0000020820260301094804980842525,24772240187,2026-03-01 06:48:05,0,0,0.9883859298395925,0.04185288614599009,1,1,FALSE_POSITIVE,65,396,800.0,1.2307692307692308,1.5561059553204142,0.2917698666225776,0,0,92898.68333333332,295,19,2,1,6,0.0,5,800.0,65,800.0,0,0.0041720990873533245
E0000020820260301095940270405525,91990629172,2026-03-01 06:59:41,0,0,0.9839433893410761,0.0561861579372912,1,1,FALSE_POSITIVE,46,9,21.0,0.9130434782608696,0.1002797557132288,-0.0095504529250694,0,0,78812.06666666667,110,6,3,1,6,26.0,10,21.0,46,21.0,0,0.008300395256916997
E0000020820260301102851091995525,8672541499,2026-03-01 07:29:03,0,0,0.9662049597791422,0.08782693521091023,1,1,FALSE_POSITIVE,31,35,200.0,4.878048780487805,0.8618325998154297,0.6851569168532666,0,0,89182.31666666667,181,12,2,1,7,0.0,4,200.0,31,200.0,0,0.026950545748551408
E0000020820260301103622426555542,13555279700,2026-03-01 07:36:23,0,0,0.9927174068256461,0.019170230535036525,1,1,FALSE_POSITIVE,36,55,16.0,0.5333333333333333,0.2055161005590526,-0.179826587989171,0,0,68081.9,379,24,1,0,7,0.0,4,16.0,0,0.0,0,0.001407211961301671
E0000020820260301104513680162525,43140203187,2026-03-01 07:45:28,0,0,0.9856569406762181,0.05116523977887327,1,1,FALSE_POSITIVE,55,389,27.0,0.3,0.0371714752673721,-0.0867334422905349,0,0,60386.583333333336,690,17,3,1,7,0.0,2,27.0,55,27.0,0,0.0004347826086956522
E0000020820260301110739243406542,8256437758,2026-03-01 08:07:39,0,0,0.9589858314690529,0.09569819226509285,1,1,FALSE_POSITIVE,46,50,20.0,0.6666666666666666,0.0790766925208287,-0.0395383462604143,0,0,21405.5,344,12,1,0,8,0.0,4,20.0,0,0.0,0,0.001937984496124031
E0000020820260301110802209876542,76893960115,2026-03-01 08:08:29,0,0,0.9620956098180145,0.09229186867276085,1,1,FALSE_POSITIVE,53,39,50.0,1.0,0.4196834248167674,0.0,0,0,77530.15,55,5,2,1,8,0.0,4,50.0,53,50.0,0,0.01818181818181818
E0000020820260301111100649566525,81608667120,2026-03-01 08:11:27,0,0,0.9713932124327669,0.08097778875316602,1,1,FALSE_POSITIVE,47,146,100.0,2.0,0.1401354521450664,0.0700677260725332,0,0,97521.88333333332,168,9,2,1,8,0.0,2,100.0,47,100.0,0,0.011904761904761904
E0000020820260301111511157174525,46057145453,2026-03-01 08:15:35,0,0,0.9872276960667651,0.04633543962966413,1,1,FALSE_POSITIVE,69,1,50.0,1.1111111111111112,0.9349978596937556,0.0934997859693755,0,0,2314.2166666666667,61,11,1,0,8,0.0,7,50.0,0,0.0,0,0.018214936247723135
E0000020820260301112014978406525,42413532404,2026-03-01 08:20:37,0,0,0.9773430434575658,0.07117215470022448,1,1,FALSE_POSITIVE,60,35,20.0,0.6666666666666666,0.1202060542972329,-0.0601030271486164,0,0,86968.35,285,12,2,1,8,26.0,8,20.0,60,20.0,0,0.0023391812865497076
E0000020820260301112018712254525,62039644172,2026-03-01 08:20:39,0,0,0.9911942500832976,0.027859115723158634,1,1,FALSE_POSITIVE,52,317,15.0,0.5,0.0639603099971349,-0.0639603099971349,0,0,33977.4,324,31,2,0,8,26.0,3,15.0,0,0.0,0,0.0015432098765432098
E0000020820260301113026244641525,47763264187,2026-03-01 08:30:49,0,0,0.9692671394799054,0.0839947429905254,1,1,FALSE_POSITIVE,62,285,500.0,2.0,0.4484774702110197,0.2242387351055098,0,0,57208.833333333336,155,5,2,1,8,26.0,6,500.0,62,500.0,0,0.012903225806451613
E0000020820260301114017025770542,1554037700,2026-03-01 08:40:58,0,0,0.9608263125327241,0.09392376093555105,1,1,FALSE_POSITIVE,56,40,18.0,0.2443991853360488,0.0504108510026425,-0.1558535476831698,0,0,86029.9,146,6,2,1,8,0.0,6,18.0,56,18.0,0,0.0016739670228496496
E0000020820260301114259086306525,56414285153,2026-03-01 08:43:27,0,0,0.9781363542608723,0.06945011201655277,1,1,FALSE_POSITIVE,55,386,5.0,0.1125619090499774,0.0253949242582272,-0.2002135828518634,0,0,98817.08333333331,51,4,2,1,8,0.0,2,5.0,55,5.0,0,0.0022070962558819116
E0000020820260301114556673954542,6595062704,2026-03-01 08:46:11,0,0,0.9839433893410761,0.05623988293494836,1,1,FALSE_POSITIVE,28,54,10.0,0.3333333333333333,0.114321180084706,-0.2286423601694121,0,0,38436.18333333333,617,29,1,0,8,0.0,2,10.0,0,0.0,0,0.0005402485143165856
E0000020820260301115444992424525,56157592168,2026-03-01 08:55:05,0,0,0.9790407285766417,0.0677437982592437,1,1,FALSE_POSITIVE,53,337,10.0,0.025,0.0095346659825235,-0.3718519733184192,0,0,93515.48333333334,46,3,2,1,8,0.0,2,10.0,53,10.0,0,0.0005434782608695652
E0000020820260301120149701990525,19048341000165,2026-03-01 09:02:09,0,0,0.9960651784155997,-0.018204622783298596,1,1,FALSE_POSITIVE,12,132,500.0,0.6818677722016147,0.0974441686471262,-0.0454635513240032,0,0,24039.2,1496,171,6,1,9,26.0,5,500.0,12,500.0,0,0.0004557939653754109
E0000020820260301120416963118525,1674527110,2026-03-01 09:04:17,0,0,0.9538769098957589,0.10093662394920172,1,1,FALSE_POSITIVE,39,10,49.5,1.1796949475691134,0.6391623033688995,0.0973592680283131,0,0,96483.53333333334,62,7,2,1,9,0.0,6,49.5,39,49.5,0,0.01902733786401796
E0000020820260301120512280915525,5097162102,2026-03-01 09:05:14,0,0,0.960334459834674,0.09437361913414949,1,1,FALSE_POSITIVE,26,91,7.2,0.5142857142857143,0.2594806690254689,-0.2450650763018317,0,0,71736.75,194,8,2,1,9,0.0,4,7.2,26,7.2,0,0.002650957290132548
E0000020820260301121805645128525,4030883133,2026-03-01 09:19:33,0,0,0.9724721151252638,0.07909587093216647,1,1,FALSE_POSITIVE,30,152,10.0,0.558659217877095,0.0721853827133149,-0.0570264523435187,0,0,88967.98333333334,43,3,2,1,9,0.0,2,10.0,30,10.0,0,0.012992074834351048
E0000020820260301121933165142525,709288190,2026-03-01 09:19:34,0,0,0.9704095070366668,0.0824249093264039,1,1,FALSE_POSITIVE,38,200,128.16,4.0238618524332805,2.1662744881625904,1.6279174153787384,0,0,71623.1,115,8,2,1,9,0.0,4,128.16,38,128.16,0,0.03499010306463723
E0000020820260301122040478840525,84223340115,2026-03-01 09:20:41,0,0,0.9620162787376838,0.092435107587238,1,1,FALSE_POSITIVE,48,191,20.0,2.0,0.2602293156452642,0.1301146578226321,0,0,68941.71666666666,279,12,2,1,9,0.0,4,20.0,48,20.0,0,0.007168458781362007
E0000020820260301122512945203525,443582106,2026-03-01 09:25:32,0,0,0.9821822393577355,0.06103379459274544,1,1,FALSE_POSITIVE,45,285,170.0,2.953439888811675,0.6609813978320609,0.4371808727778642,0,0,63987.28333333333,230,18,3,1,9,0.0,2,170.0,45,170.0,0,0.012841042994833367
E0000020820260301122438569126525,8112131376,2026-03-01 09:25:40,0,0,0.9554159328541736,0.09948447981062808,1,1,FALSE_POSITIVE,23,11,5.0,0.3846153846153846,0.0396669198493345,-0.0634670717589353,0,0,53934.46666666667,285,17,2,1,9,26.0,9,5.0,23,5.0,0,0.001349527665317139
E0000020820260301123020865952525,99379325134,2026-03-01 09:30:32,0,0,0.95059260317007,0.10394242390373515,1,1,FALSE_POSITIVE,51,225,35.0,0.5833333333333334,0.0239414819434844,-0.0171010585310603,0,0,50422.41666666666,227,8,3,1,9,26.0,5,35.0,51,35.0,0,0.0025697503671071953
E0000020820260301123134413874542,2343558167,2026-03-01 09:31:34,0,0,0.9700445840671458,0.08298495631785252,1,1,FALSE_POSITIVE,37,33,10.0,1.0,0.0654595783426671,0.0,0,0,12042.966666666667,703,25,2,0,9,0.0,4,10.0,0,0.0,0,0.001422475106685633
E0000020820260301123425163778542,6449171480,2026-03-01 09:34:41,0,0,0.972138924587875,0.07984474586599627,1,1,FALSE_POSITIVE,38,53,90.0,5.625,0.7655793977264629,0.6294763936862028,0,0,74512.65,584,28,3,1,9,0.0,6,90.0,38,90.0,0,0.009631849315068493
E0000020820260301123700193240525,4295359106,2026-03-01 09:37:00,0,0,0.9662366922112745,0.08775912055881785,1,1,FALSE_POSITIVE,34,52,50.0,0.505510059650187,0.1256197401336402,-0.1228812297987268,0,0,80757.68333333333,134,10,2,1,9,26.0,9,50.0,34,50.0,0,0.003772463131717814
E0000020820260301123809720112525,58692735000103,2026-03-01 09:38:30,0,0,0.9973027432687578,-0.045040102375371704,1,1,FALSE_POSITIVE,1,13,360.0,0.7547169811320755,0.0709627917952868,-0.0230629073334682,0,0,5672.7,2827,90,12,1,9,0.0,5,360.0,1,360.0,0,0.00026696744999365953
E0000020820260301124327333891525,70203065433,2026-03-01 09:43:27,0,0,0.9620162787376838,0.09240057849024252,1,1,FALSE_POSITIVE,27,35,100.0,2.0,1.1244682762409817,0.5622341381204908,0,0,74233.5,273,24,2,1,9,0.0,6,100.0,27,100.0,0,0.007326007326007326
E0000020820260301124619338862525,60296755168,2026-03-01 09:46:45,0,0,0.9682675678677393,0.08524141690677361,1,1,FALSE_POSITIVE,51,283,38.0,1.1875,0.1297713884942378,0.0204902192359322,0,0,65893.88333333333,87,8,2,1,9,26.0,7,38.0,51,38.0,0,0.013649425287356323
E0000020820260301125106262426525,31333923104,2026-03-01 09:51:23,0,0,0.9838799244768115,0.056399189072700695,1,1,FALSE_POSITIVE,67,394,15.0,0.4398826979472141,0.0834010554521727,-0.1061973439424333,0,0,76220.76666666666,135,10,3,1,9,0.0,4,15.0,67,15.0,0,0.0032583903551645487
E0000020820260301130550979156525,6149892484,2026-03-01 10:06:48,0,0,0.9762165421168706,0.07333759467922618,1,1,FALSE_POSITIVE,39,3,100.0,9.615384615384617,0.2199480841076022,0.1970734833604115,0,0,97218.88333333332,38,3,2,1,10,21.0,8,100.0,39,100.0,0,0.25303643724696356
E0000020820260301130809229491525,22068228149,2026-03-01 10:08:33,0,0,0.9862281244545988,0.04959810953284566,1,1,FALSE_POSITIVE,70,522,60.0,0.4,0.0530229089605074,-0.0795343634407611,0,0,87529.65,77,4,2,1,10,21.0,7,60.0,70,60.0,0,0.005194805194805195
E0000020820260301131040455441542,3028618230,2026-03-01 10:10:41,0,0,0.9707426975740555,0.08196057525064065,1,1,FALSE_POSITIVE,29,9,47.0,1.88,0.4548470149824277,0.21290711339603,0,0,57243.41666666666,137,7,4,1,10,0.0,7,47.0,29,47.0,0,0.013722627737226278
E0000020820260301132402174259525,12579497000123,2026-03-01 10:24:03,0,0,0.9609215098291208,0.09382088563150476,1,1,FALSE_POSITIVE,19,5,21.5,0.5173243503368623,0.0144339726496224,-0.0134672321558802,0,0,43926.3,323,21,3,1,10,26.0,10,21.5,19,21.5,0,0.0016016233756559206
E0000020820260301132606104313525,15172554572,2026-03-01 10:26:26,0,0,0.9877830136290796,0.04453824644841592,1,1,FALSE_POSITIVE,65,519,20.0,0.5,0.0141994628542549,-0.0141994628542549,0,0,10094.633333333331,73,4,1,0,10,26.0,4,20.0,0,0.0,0,0.00684931506849315
E0000020820260301133110439234542,6643917298,2026-03-01 10:31:11,0,0,0.9582083868818125,0.09648791242022431,1,1,FALSE_POSITIVE,22,31,8.5,0.425,0.1270889297001396,-0.1719438460648948,0,0,75788.38333333333,224,9,2,1,10,0.0,5,8.5,22,8.5,0,0.0018973214285714286
E0000020820260301133338632551525,96674466620,2026-03-01 10:33:57,0,0,0.9714408110809652,0.08093747962755599,1,1,FALSE_POSITIVE,50,304,50.0,0.5555555555555556,0.1576296163238105,-0.1261036930590484,0,0,83477.26666666666,88,4,2,1,10,0.0,2,50.0,50,50.0,0,0.006313131313131313
E0000020820260301133653873178525,1248274113,2026-03-01 10:37:14,0,0,0.962761990892792,0.0916021698883141,1,1,FALSE_POSITIVE,41,45,26.0,0.2177554438860971,0.0171104631304335,-0.0614660483224036,0,0,92945.75,290,11,2,1,10,26.0,7,26.0,41,26.0,0,0.0007508808409865419
E0000020820260301133739775295525,3540247440,2026-03-01 10:37:40,0,0,0.9633014422390405,0.09100585002570849,1,1,FALSE_POSITIVE,46,11,53.0,5.3,0.7743722713852367,0.6282642956521731,0,0,89156.68333333333,321,19,2,1,10,0.0,7,53.0,46,53.0,0,0.016510903426791276
E0000020820260301133826701508542,46955739387,2026-03-01 10:38:27,0,0,0.9707744300061878,0.0819113985035903,1,1,FALSE_POSITIVE,53,50,25.0,1.0,0.3614366422933954,0.0,0,0,29777.15,462,25,1,0,10,0.0,4,25.0,0,0.0,0,0.0021645021645021645
E0000020820260301134251536218525,60203390415,2026-03-01 10:42:53,0,0,0.9791200596569725,0.06762045143790141,1,1,FALSE_POSITIVE,57,306,3.82,0.0734615384615384,0.0128089812849466,-0.1615541147405051,0,0,78607.53333333334,480,18,2,1,10,0.0,2,3.82,57,3.82,0,0.0001530448717948718
E0000020820260301134254597411525,29634946100,2026-03-01 10:43:35,0,0,0.9758833515794818,0.0738453966229784,1,1,FALSE_POSITIVE,59,403,35.0,0.5007153075822603,0.0800255654384278,-0.0797969209657466,0,0,88781.25,115,6,2,1,10,0.0,2,35.0,59,35.0,0,0.00435404615288922
E0000020820260301135825643527525,71316434168,2026-03-01 10:58:37,0,0,0.9846891014961842,0.05433933937496599,1,1,FALSE_POSITIVE,45,307,5.0,0.125,0.0163367912704393,-0.1143575388930751,0,0,20161.33333333333,75,5,1,0,10,0.0,0,5.0,0,0.0,0,0.0016666666666666668
E0000020820260301140222809169542,1180787200,2026-03-01 11:02:36,0,0,0.976153077252606,0.07353152420944914,1,1,FALSE_POSITIVE,33,56,29.0,0.9666666666666668,0.3915282073155354,-0.0135009726660529,0,0,70708.65,880,69,2,1,11,0.0,6,29.0,33,29.0,0,0.0010984848484848484
E0000020820260301140304889178525,56144385134,2026-03-01 11:03:24,0,0,0.9686166246211941,0.08488234440100095,1,1,FALSE_POSITIVE,54,167,115.0,1.15,0.2022815287692474,0.0263845472307714,0,0,91917.83333333331,76,7,2,1,11,0.0,2,115.0,54,115.0,0,0.015131578947368421
E0000020820260301141252417252525,56423004153,2026-03-01 11:12:53,0,0,0.9712345502721056,0.08128183611585893,1,1,FALSE_POSITIVE,54,411,32.0,0.7529411764705882,0.245612571149026,-0.0805916249082741,0,0,97376.7,241,10,2,1,11,26.0,5,32.0,54,32.0,0,0.0031242372467659265
E0000020820260301141424293282525,650169204,2026-03-01 11:14:24,0,0,0.9611436368540467,0.09363939873968163,1,1,FALSE_POSITIVE,35,25,16.0,1.0666666666666669,0.129823691199346,0.0081139806999591,0,0,101941.05,407,30,2,1,11,0.0,7,16.0,35,16.0,0,0.002620802620802621
E0000020820260301141607364447525,76392457100,2026-03-01 11:16:22,0,0,0.9584781125549368,0.09614477555104478,1,1,FALSE_POSITIVE,50,10,50.0,0.5555555555555556,0.2139071424891404,-0.1711257139913123,0,0,85972.66666666667,38,2,2,1,11,0.0,5,50.0,50,50.0,0,0.014619883040935672
E0000020820260301141648752865525,28177797115,2026-03-01 11:17:05,0,0,0.9526869436907992,0.1020748588841569,1,1,FALSE_POSITIVE,63,414,200.0,20.0,3.524915206701039,3.348669446365987,0,0,28444.35,74,17,2,1,11,0.0,3,200.0,63,200.0,0,0.2702702702702703
E0000020820260301142427462528542,15363204711,2026-03-01 11:24:28,0,0,0.9534326558459073,0.10137232298823418,1,1,FALSE_POSITIVE,33,53,3.0,0.2127659574468085,0.0416293233741272,-0.1540284964842707,0,0,71700.35,503,16,2,1,11,0.0,6,3.0,33,3.0,0,0.00042299395118649804
E0000020820260301142742422881525,33907978153,2026-03-01 11:27:42,0,0,0.9801989623494692,0.06522897759133289,1,1,FALSE_POSITIVE,61,361,6.6,0.3,0.0204645719574997,-0.0477506679008326,0,0,944.7,49,6,1,0,11,0.0,3,6.6,0,0.0,0,0.006122448979591836
E0000020820260301143006451176525,34432019115,2026-03-01 11:30:49,0,0,0.9769781204880448,0.07182861065483531,1,1,FALSE_POSITIVE,61,465,60.0,0.75,0.424934012339861,-0.1416446707799536,0,0,97754.9,68,5,2,1,11,0.0,3,60.0,61,60.0,0,0.011029411764705883
E0000020820260301143114010211542,16679717,2026-03-01 11:31:14,0,0,0.9821663731416694,0.061089607848689664,1,1,FALSE_POSITIVE,70,67,300.0,1.5,1.118301336510834,0.372767112170278,0,0,11719.733333333334,55,5,1,0,11,0.0,5,300.0,0,0.0,0,0.02727272727272727
E0000020820260301143131127833525,15074989779,2026-03-01 11:31:31,0,0,0.9925270122328526,0.02026396787186252,1,1,FALSE_POSITIVE,30,17,50.0,2.4390243902439024,0.2467502384267274,0.1455826406717692,0,0,65589.78333333334,502,16,1,0,11,0.0,5,50.0,0,0.0,0,0.004858614323195024
E0000020820260301143300680624525,66987814104,2026-03-01 11:33:12,0,0,0.9917337014295461,0.0254545340286364,1,1,FALSE_POSITIVE,51,390,150.0,1.0,0.2196471845446671,0.0,0,0,87781.68333333333,352,59,4,1,11,0.0,4,150.0,51,150.0,0,0.002840909090909091
E0000020820260301143238874574542,85257001268,2026-03-01 11:33:21,0,0,0.9815793231472226,0.06251722351607536,1,1,FALSE_POSITIVE,42,48,100.0,5.0,0.9253626636217006,0.7402901308973605,0,0,28700.283333333333,399,16,1,0,11,0.0,2,100.0,0,0.0,0,0.012531328320802004
E0000020820260301143337354513525,97453307104,2026-03-01 11:33:57,0,0,0.9629206530534533,0.09141566575976556,1,1,FALSE_POSITIVE,43,49,100.0,0.8333333333333334,0.07481081207436,-0.014962162414872,0,0,86020.93333333333,290,12,2,1,11,20.0,7,100.0,43,100.0,0,0.0028735632183908046
E0000020820260301143758142245525,4440230113,2026-03-01 11:38:12,0,0,0.9566534977073318,0.09809771784925453,1,1,FALSE_POSITIVE,32,47,470.0,22.38095238095238,7.168317681786792,6.848031147068659,0,0,28660.766666666663,64,9,2,1,11,26.0,7,470.0,32,470.0,0,0.34970238095238093
E0000020820260301143933256145525,26161715899,2026-03-01 11:39:34,0,0,0.9674107922001682,0.08643122016601534,1,1,FALSE_POSITIVE,55,171,26.0,1.3,0.1138402829869914,0.0262708345354595,0,0,74738.11666666667,73,7,2,1,11,26.0,7,26.0,55,26.0,0,0.01780821917808219
E0000020820260301144015225502525,88932168172,2026-03-01 11:40:15,0,0,0.9534167896298412,0.10138382687746378,1,1,FALSE_POSITIVE,47,111,8.83,0.3396153846153846,0.0387467218846458,-0.0753432859297133,0,0,77368.0,66,6,2,1,11,0.0,4,8.83,47,8.83,0,0.005145687645687646
E0000020820260301144623362994525,87413922134,2026-03-01 11:46:23,0,0,0.9774699731860949,0.07085514629734768,1,1,FALSE_POSITIVE,46,260,15.97,0.3557585208286923,0.0884456288900387,-0.1601657850657433,0,0,29928.25,108,7,1,0,11,26.0,5,15.97,0,0.0,0,0.003294060378043448
E0000020820260301144641096845525,97363227187,2026-03-01 11:47:06,0,0,0.9915433068367525,0.02652142461798518,1,1,FALSE_POSITIVE,44,157,4.0,0.7029876977152899,0.0284180623237158,-0.0120066313317699,0,0,35510.13333333333,456,23,3,0,11,0.0,0,4.0,0,0.0,0,0.001541639687972127
E0000020820260301144716456348525,2347356194,2026-03-01 11:47:19,0,0,0.9682199692195408,0.08530809090489566,1,1,FALSE_POSITIVE,37,67,121.81,2.182974910394265,1.6139610896933887,0.8746208975507807,0,0,96383.83333333331,174,7,2,1,11,26.0,8,121.81,37,121.81,0,0.012545832818357848
E0000020820260301144859687968525,23867280134,2026-03-01 11:49:34,0,0,0.9644438097958018,0.08967974454761418,1,1,FALSE_POSITIVE,67,408,250.0,1.6666666666666667,0.8898756352828818,0.3559502541131527,0,0,54089.083333333336,59,7,2,1,11,26.0,7,250.0,67,250.0,0,0.02824858757062147
E0000020820260301144933585616542,72628103168,2026-03-01 11:50:00,0,0,0.9857838704047471,0.050776981484824235,1,1,FALSE_POSITIVE,44,149,1456.0,40.44444444444444,3.702312899877134,3.610772196308744,0,0,61670.4,38,5,2,1,11,0.0,3,1456.0,44,1456.0,0,1.064327485380117
E0000020820260301150031345874525,55844696000124,2026-03-01 12:00:32,0,0,0.9712186840560395,0.08128570225880027,1,1,FALSE_POSITIVE,1,19,43.4,0.2133097414725253,0.0577012366706941,-0.2128032244587859,0,0,51428.96666666667,125,7,3,1,12,0.0,7,43.4,1,43.4,0,0.0017064779317802023
E0000020820260301150228679383525,58382739172,2026-03-01 12:02:29,0,0,0.9727894394465864,0.07874163487347263,1,1,FALSE_POSITIVE,55,405,308.0,3.53819643882826,0.4323111218051827,0.3101270855936854,0,0,71625.06666666667,89,8,2,1,12,26.0,6,308.0,55,308.0,0,0.03975501616660966
E0000020820260301150956467927525,7443420153,2026-03-01 12:10:11,0,0,0.953511986926238,0.10131041233899984,1,1,FALSE_POSITIVE,90,425,25.0,0.25,0.0295069786877873,-0.088520936063362,0,0,20325.366666666665,108,11,1,1,12,26.0,10,25.0,90,25.0,0,0.0023148148148148147
E0000020820260301151016343487542,2587585708,2026-03-01 12:10:16,0,0,0.9674107922001682,0.08645114109887075,1,1,FALSE_POSITIVE,51,55,32.0,0.64,0.0578346545789412,-0.0325319932006544,0,0,2605.983333333333,508,20,2,0,12,0.0,4,32.0,0,0.0,0,0.0012598425196850393
E0000020820260301151224958197525,3335065107,2026-03-01 12:12:39,0,0,0.9683944975962683,0.0850450569130144,1,1,FALSE_POSITIVE,32,194,20.0,0.2857142857142857,0.0167348763595009,-0.0418371908987522,0,0,82206.71666666666,91,4,2,1,12,0.0,2,20.0,32,20.0,0,0.0031397174254317113
E0000020820260301151322163641542,9253802707,2026-03-01 12:13:39,0,0,0.9727735732305203,0.07874430061954452,1,1,FALSE_POSITIVE,47,56,12.0,0.7058823529411765,0.2704496019016634,-0.1126873341256931,0,0,91804.83333333331,807,27,3,1,12,0.0,4,12.0,47,12.0,0,0.0008746993221080254
E0000020820260301151729193485525,18389830159,2026-03-01 12:17:51,0,0,0.99220968791153,0.021940531741544422,1,1,FALSE_POSITIVE,69,496,50.0,0.5,0.5919831867748426,-0.5919831867748426,0,0,34704.86666666667,44,2,1,0,12,0.0,2,50.0,0,0.0,0,0.011363636363636364
E0000020820260301152808406175525,61774895323,2026-03-01 12:28:09,0,0,0.9787710029035176,0.0681596675610674,1,1,FALSE_POSITIVE,25,47,10.0,0.5,0.388502029381468,-0.388502029381468,0,0,97218.3,481,41,2,1,12,20.0,9,10.0,25,10.0,0,0.0010395010395010396
E0000020820260301152757540216525,7288999149,2026-03-01 12:28:17,0,1,0.9953511986926238,-0.005464107040014321,1,1,FALSE_POSITIVE,74,437,50.0,1.0,0.2306441332724781,0.0,0,0,20325.366666666665,1,1,1,1,12,26.0,7,50.0,74,50.0,0,1.0
E0000020820260301153211291194525,5619999106,2026-03-01 12:32:28,0,0,0.980405223158329,0.0649210542535576,1,1,FALSE_POSITIVE,29,118,43.0,4.3,0.4881598378766196,0.3746342941843825,0,0,74637.03333333334,726,44,2,1,12,26.0,5,43.0,29,43.0,0,0.0059228650137741045
E0000020820260301153504286230525,63501210159,2026-03-01 12:35:20,0,0,0.9877830136290796,0.0445121528126049,1,1,FALSE_POSITIVE,51,338,20.0,1.0,0.1085080825961536,0.0,0,0,18684.466666666667,248,16,3,0,12,26.0,3,20.0,0,0.0,0,0.004032258064516129
E0000020820260301153603908433525,80270590110,2026-03-01 12:36:19,0,0,0.9860694622939375,0.04993165973380537,1,1,FALSE_POSITIVE,47,206,40.0,0.933053417308141,0.557925550759503,-0.0400311582669943,0,0,42736.5,179,8,1,0,12,26.0,3,40.0,0,0.0,0,0.005212588923509167
E0000020820260301154029876311525,5967149473,2026-03-01 12:40:51,0,0,0.9550034112364543,0.09991892294497684,1,1,FALSE_POSITIVE,41,7,18.0,0.8181818181818182,0.0645180832553885,-0.0143373518345307,0,0,66540.55,115,5,2,1,12,0.0,7,18.0,41,18.0,0,0.0071146245059288534
E0000020820260301154252583161542,17594355709,2026-03-01 12:42:53,0,0,0.9604931219953353,0.09426901970882928,1,1,FALSE_POSITIVE,28,35,19.3,1.0157894736842106,0.2365974767478428,0.0036776809857177,0,0,86226.78333333334,197,8,3,1,12,0.0,6,19.3,28,19.3,0,0.005156291744589901
E0000020820260301155336113638525,3810678902,2026-03-01 12:53:36,0,0,0.9945737541053834,0.00400958262119494,1,1,FALSE_POSITIVE,43,140,50.0,0.25,0.4098768601723167,-1.22963058051695,0,0,19869.0,753,47,2,0,12,46.0,6,50.0,0,0.0,0,0.00033200531208499334
E0000020820260301155737814882525,3205173147,2026-03-01 12:57:38,0,0,0.9705681691973281,0.08218470443988335,1,1,FALSE_POSITIVE,33,9,57.88,1.1576,0.5372951215771734,0.0731493703874935,0,0,67652.35,230,8,2,1,12,26.0,10,57.88,33,57.88,0,0.00503304347826087
E0000020820260301160035451997525,57772967187,2026-03-01 13:00:37,0,0,0.991368778460025,0.027267812743379416,1,1,FALSE_POSITIVE,53,37,50.0,1.6666666666666667,0.4006298103669594,0.1602519241467837,0,0,71936.95,92,8,1,0,13,0.0,4,50.0,0,0.0,0,0.018115942028985508
E0000020820260301160242311458542,8745690790,2026-03-01 13:02:42,0,0,0.9594300855189046,0.09515924512740126,1,1,FALSE_POSITIVE,44,56,20.0,1.3333333333333333,0.4100037040485871,0.1025009260121467,0,0,74603.78333333334,322,13,3,1,13,0.0,6,20.0,44,20.0,0,0.004140786749482402
E0000020820260301160840504862525,27710926000127,2026-03-01 13:08:55,0,0,0.961429228743237,0.09328469034395015,1,1,FALSE_POSITIVE,8,103,9.9,0.198,0.0591662399789698,-0.239653153854211,0,0,50472.833333333336,224,13,2,1,13,0.0,2,9.9,8,9.9,0,0.0008839285714285714
E0000020820260301162545774253525,78369894615,2026-03-01 13:26:10,0,0,0.9706316340615927,0.08208709872658171,1,1,FALSE_POSITIVE,53,340,180.0,1.2,0.5341301999850936,0.0890216999975156,0,0,84842.83333333333,39,5,2,1,13,26.0,5,180.0,53,180.0,0,0.03076923076923077
E0000020820260301162841340476525,38977360803,2026-03-01 13:28:42,0,0,0.9560188490646866,0.09864324513887296,1,1,FALSE_POSITIVE,33,52,5.0,0.4166666666666667,0.099692941400832,-0.1395701179611648,0,0,5674.7,553,19,5,1,13,20.0,9,5.0,33,5.0,0,0.0007534659433393611
E0000020820260302122949317174525,21386269700,2026-03-02 09:30:33,1,0,0.9158297237691783,0.12263713000254511,1,0,FALSE_NEGATIVE,73,390,2290.0,0.6432584269662921,1.2882527742151244,-0.7144458616826236,0,0,20325.366666666665,4,4,1,1,9,26.0,7,2290.0,73,2290.0,0,0.16081460674157302
E0000020820260302131632719616542,6996881757,2026-03-02 10:16:53,1,0,0.9478477477906294,0.10632808019549395,1,0,FALSE_NEGATIVE,75,58,400.0,1.0,22.62741699796952,0.0,0,0,20325.366666666665,2,2,1,1,10,0.0,8,400.0,75,400.0,0,0.5
E0000020820260302201547680594525,36310344153,2026-03-02 17:15:48,1,0,0.8089707585637901,0.14241323805045553,1,0,FALSE_NEGATIVE,57,450,1000.0,1.0,0.2306441332724781,0.0,0,0,20325.366666666665,2,1,1,1,17,26.0,7,1000.0,57,1000.0,0,0.5
E0000020820260306122337751573525,44386046000166,2026-03-06 09:24:11,1,0,0.93185460199597,0.11599476809229536,1,0,FALSE_NEGATIVE,4,27,2478.98,1.0,8.853048325382968,0.0,0,0,20325.366666666665,2,2,1,1,9,0.0,5,2478.98,4,2478.98,0,0.5
E0000020820260309135925237359525,21247463168,2026-03-09 10:59:25,1,0,0.9181461913148333,0.12179788504142824,1,0,FALSE_NEGATIVE,70,499,1000.0,1.0,1.414213562373095,0.0,0,0,20325.366666666665,2,2,1,1,10,20.0,9,1000.0,70,1000.0,0,0.5
E0000020820260310203241793243525,50577247115,2026-03-10 17:33:31,1,0,0.8681517444904565,0.13408479627467934,1,0,FALSE_NEGATIVE,55,405,2345.0,1.1754385964912282,4.1890230722612944,0.6252273242181037,0,0,20325.366666666665,3,3,1,1,17,0.0,2,2345.0,55,2345.0,0,0.391812865497076
E0000020820260312133146339921525,34432515104,2026-03-12 10:32:31,1,0,0.7260063147539944,0.1499742335192648,1,0,FALSE_NEGATIVE,60,404,1000.0,0.429202970084553,0.1140051771917748,-0.1516154851473413,0,0,20325.366666666665,7,7,1,1,10,26.0,8,1000.0,60,1000.0,0,0.06131471001207899
