class,score,is_first_tx
0,0.27982152181136377,0
0,0.7545292004873341,0
0,0.5125868261578139,0
0,0.298049081501875,0
0,0.9562348697014288,0
0,0.9407287859369314,0
0,0.7511115330453632,0
0,0.4177149095742156,0
0,0.6939763611335263,0
0,0.1775921267068559,0
0,0.43785699593360866,0
0,0.7757472191895698,0
0,0.570813752946947,0
0,0.9762029081818325,0
0,0.6256863024319236,0
0,0.4498504770494138,0
0,0.9782598376607965,0
0,0.8546541985095173,0
0,0.7863483172734609,0
0,0.5235993101374978,0
0,0.81720225945792,0
0,0.671460894606098,0
0,0.8031202037942438,0
0,0.9260929415673803,0
0,0.14567807471400768,0
0,0.9927374566858119,0
0,0.632933023211658,0
0,0.759592411512476,0
0,0.8928656192148858,0
0,0.5198177244030949,0
0,0.9402541099033244,0
0,0.45062578123763863,0
0,0.5875539943988228,0
0,0.4288223287606209,0
0,0.6026328697330738,0
0,0.5604025252764988,0
0,0.9704435056407336,0
0,0.7912374804196136,0
0,0.7449723896773786,0
0,0.8606192939985127,0
0,0.6118415847850509,0
0,0.9799844939162355,0
0,0.3566241040489866,0
0,0.5707029952057721,0
0,0.6683596778531985,0
0,0.8532301704086961,0
0,0.1272289995411465,0
0,0.5357193715289315,0
0,0.9623265454660528,0
0,0.9600164554358317,0
0,0.5784876821569279,0
0,0.9634341228778026,0
0,0.2330817550355216,0
0,0.4489802376544675,0
0,0.9633550102055347,0
0,0.9478805715099444,0
0,0.5006408126453695,0
0,0.1659467413490293,0
0,0.22646793563392983,0
0,0.745320485435357,0
0,0.3041565798009525,0
0,0.26222686349899527,0
0,0.4298666160345564,0
0,0.8489106185028717,0
0,0.9136564294868752,0
0,0.34994699450958056,0
0,0.25279663296466826,0
0,0.23339820572459297,0
0,0.42652806126485343,0
0,0.3506748310944447,0
0,0.9934178256673154,0
0,0.4420657900982579,0
0,0.12781443331592854,0
0,0.56586129966298,0
0,0.9314567807471401,0
0,0.8276451321972753,0
0,0.9485767630259014,0
0,0.9603961962627173,0
0,0.9615354187433743,0
0,0.9928482144269869,0
0,0.5293745352130504,0
0,0.44165440420246516,0
0,0.6159870888118859,0
0,0.5016692773848515,0
0,0.8082150598882929,0
0,0.6686919510767235,0
0,0.43295201025300234,0
0,0.8341956614610528,0
0,0.34955143114824133,0
0,0.9345738200344931,0
0,0.7976614294077625,0
0,0.9448268223604057,0
0,0.8043701840160757,0
0,0.7285011313112134,0
0,0.8897644024619864,0
0,0.8266483125267006,0
0,0.18227559690511225,0
0,0.6275533614974447,0
0,0.7361434154522871,0
0,0.467271087482793,0
0,0.8243698675653867,0
0,0.6972041581620544,0
0,0.9521210107435009,0
0,0.33140298412999797,0
0,0.38008892264362903,0
0,0.2324172085884717,0
0,0.620718026613503,0
0,0.4528251135266847,0
0,0.9089413142197117,0
0,0.7567918229141944,0
0,0.6393886172687141,0
0,0.4797867122355659,0
0,0.35776332652964354,0
0,0.24892011202354394,0
0,0.5554184269236246,0
0,0.7196405120172149,0
0,0.5409566304330627,0
0,0.9554912105821111,0
0,0.6033448837834844,0
0,0.6187560323412604,0
0,0.9950159016471258,0
0,0.9668201452508662,0
0,0.5960506954003892,0
0,0.9514089966930903,0
0,0.8775335833293777,0
0,0.366513188082467,0
0,0.9680701254726982,0
0,0.16876315248176452,0
0,0.9417256056075062,0
0,0.6853530798563314,0
0,0.8965364472081138,0
0,0.6906694514327305,0
0,0.7320928466321736,0
0,0.8784038227243239,0
0,0.9580702836980427,0
0,0.6630749513457066,0
0,0.9853799781649024,0
0,0.908640686065094,0
0,0.5623012294109271,0
0,0.9085615733928261,0
0,0.9692409930222623,0
0,0.44149617885792947,0
0,0.8707773611177039,0
0,0.7815066217306689,0
0,0.9719466464138226,0
0,0.6190724830303318,0
0,0.8944162275913355,0
0,0.6857802882865778,0
0,0.546526162560719,0
0,0.8225977437065869,0
0,0.715162734766855,0
0,0.9565354978560466,0
0,0.4082213889020743,0
0,0.5507982468631826,0
0,0.6216990237496243,0
0,0.5844053100425626,0
0,0.8116169047958102,0
0,0.9752377335801649,0
0,0.5872691887786585,0
0,0.975601651872597,0
0,0.7605575861141438,0
0,0.9723105647062547,0
0,0.9591462160408855,0
0,0.7254632046961282,0
0,0.6121580354741223,0
0,0.9693359282289837,0
0,0.9635132355500704,0
0,0.8245439154443759,0
0,0.527444186009715,0
0,0.9195424123036028,0
0,0.9704435056407336,0
0,0.9617885792946315,0
0,0.6438822170535277,0
0,0.911536209870097,0
0,0.6415879495577601,0
0,0.5209094792803911,0
0,0.6455752282400595,0
0,0.651318808246705,0
0,0.989762820208541,0
0,0.8163320200629737,0
0,0.9770573250423252,0
0,0.9528330247939115,0
0,0.9940823721143652,0
0,0.6725368269489407,0
0,0.7812534611794117,0
0,0.9114887422667363,0
0,0.965253714339963,0
0,0.8785778706033133,0
0,0.6122213256119365,0
0,0.7612854226990079,0
0,0.8753817186436923,0
0,0.4261166753690606,0
0,0.5232512143795193,0
0,0.9595892470055853,0
0,0.6948782455973798,0
0,0.7121880982895841,0
0,0.945586304014177,0
0,0.5823167354946915,0
0,0.9410294140915492,0
0,0.6288824543915444,0
0,0.893118779766143,0
0,0.9614879511400136,0
0,0.6404012594737425,0
0,0.971234632363412,0
0,0.9772788405246753,0
0,0.6718564579674372,0
0,0.7608582142687615,0
0,0.9927374566858119,0
0,0.8619167418237054,0
0,0.986424265438838,0
0,0.48576763025901487,0
0,0.7805730921979083,0
0,0.9836394993750099,0
0,0.46785652125757504,0
0,0.9865508457144665,0
0,0.8899859179443363,0
0,0.7974557364598661,0
0,0.5618740209806807,0
0,0.9938766791664689,0
0,0.9677220297147197,0
0,0.9121691112482397,0
0,0.9443363237923451,0
0,0.9306972990933687,0
0,0.40065821743326846,0
0,0.5311624816063037,0
0,0.7622664198351292,0
0,0.84273983006598,0
0,0.7877090552364677,0
0,0.9550323570829575,0
0,0.8190060283856269,0
0,0.9163937279473426,0
0,0.8951915317795605,0
0,0.8681033527950507,0
0,0.702393949462825,0
0,0.9595417794022246,0
0,0.7917279789876742,0
0,0.7472983022420532,0
0,0.8763468932453601,0
0,0.9840350627363491,0
0,0.8281989209031503,0
0,0.6915238682932232,0
0,0.8457461116121581,0
0,0.9151753927944178,0
0,0.7913482381607886,0
0,0.8202560086074587,0
0,0.978133257385168,0
0,0.97827566019525,0
0,0.35793737440863277,0
0,0.855619373111185,0
0,0.9718358886726476,0
0,0.9776111137482002,0
0,0.9779275644372716,0
0,0.5011313112134301,0
0,0.8534991534944067,0
0,0.8963623993291245,0
0,0.9868514738690843,0
0,0.3422097751617854,0
0,0.9764718912675432,0
0,0.9387667916646889,0
0,0.9589247005585355,0
0,0.8536573788389424,0
0,0.8528346070473568,0
0,0.30997927247986584,0
0,0.9655859875634879,0
0,0.47236594357684214,0
0,0.725289156817139,0
0,0.9646208129618202,0
0,0.3890761222132561,0
0,0.9314251356782329,0
0,0.7303207227733738,0
0,0.4926187876774102,0
0,0.997943070521036,0
0,0.7232164048037215,0
0,0.9861078147497666,0
0,0.9834338064271135,0
0,0.7865381876869036,0
0,0.6070157117767124,0
0,0.8395278555719055,0
0,0.9142418632616572,0
0,0.9932437777883262,0
0,0.7462856600370247,0
0,0.6229015363680954,0
0,0.9369155551336213,0
0,0.3286973307384377,0
0,0.9930380848404298,0
0,0.9673739339567412,0
0,0.47564120820873085,0
0,0.3996930428316008,0
0,0.6437872818468062,0
0,0.953655796585497,0
0,0.7377098463631905,0
0,0.5603392351386846,0
0,0.6837708264109745,0
0,0.5276815240265186,0
0,0.5165899273745669,0
0,0.9543994557048148,0
0,0.4156421575607981,0
0,0.562633502634452,0
0,0.996550687489122,0
0,0.8335627600829101,0
0,0.7372035252606762,0
0,0.9403648676444993,0
0,0.6489612506131233,0
0,0.8734830145092641,0
0,0.3081122134143447,0
0,0.9776269362826537,0
0,0.8488473283650575,0
0,0.9333871299504755,0
0,0.6898150345722378,0
0,0.8246072055821901,0
0,0.9648739735130774,0
0,0.3471305833768453,0
0,0.34760525941045234,0
0,0.39559500640812645,0
0,0.810667552728596,0
0,0.6890397303840129,0
0,0.8999224695811775,0
0,0.45913830477365863,0
0,0.8859669941931299,0
0,0.5497223145203398,0
0,0.9102704071138115,0
0,0.3496305438205092,0
0,0.7254632046961282,0
0,0.6449423268619168,0
0,0.6551953291878293,0
0,0.9228967896077593,0
0,0.8631350769766302,0
0,0.2807234062752172,0
0,0.8582775588993845,0
0,0.9752060885112578,0
0,0.3970665021123084,0
0,0.49829907754624136,0
0,0.9722947421718011,0
0,0.5801015806711919,0
0,0.8738311102672426,0
0,0.38652869416623153,0
0,0.8500340184490752,0
0,0.6490561858198446,0
0,0.9932754228572332,0
0,0.4996439929747947,0
0,0.5760826569199854,0
0,0.33289030236863343,0
0,0.9648739735130774,0
0,0.39352225439470895,0
0,0.38899700954098826,0
0,0.3501843325263841,0
0,0.41293650416923783,0
0,0.4064176199743675,0
0,0.9612980807265707,0
0,0.7150045094223193,0
0,0.6793246942295217,0
0,0.7139443996139302,0
0,0.9846046739766776,0
0,0.8284520814544074,0
0,0.9805224600876569,0
0,0.48975490894131424,0
0,0.4778088954288698,0
0,0.4757203208809987,0
0,0.9640670242559454,0
0,0.8957453204854353,0
0,0.4229205234094397,0
0,0.4867328048606826,0
0,0.6236293729529596,0
0,0.6367620765494217,0
0,0.8962991091913103,0
0,0.30175155456401004,0
0,0.6578376924415753,0
0,0.9713928577079477,0
0,0.9608708722963244,0
0,0.9638771538425025,0
0,0.6433758959510134,0
0,0.6755905760984795,0
0,0.5968418221230677,0
0,0.3784592015949115,0
0,0.5584088859353491,0
0,0.7566019525007516,0
0,0.9889242258825018,0
0,0.8746538820588282,0
0,0.9284030315976013,0
0,0.3720668976756697,0
0,0.3736649736554801,0
0,0.9799844939162355,0
0,0.9022642046803057,0
0,0.9534659261720543,0
0,0.9387667916646889,0
0,0.7499723105647063,0
0,0.986313507697663,0
0,0.9335295327605576,0
0,0.613597886109397,0
0,0.7302257875666525,0
0,0.9572633344409107,0
0,0.8428505878071549,0
0,0.9877850034018449,0
0,0.9732599167734688,0
0,0.9780066771095394,0
0,0.9616145314156421,0
0,0.40915491843483487,0
0,0.9841141754086169,0
0,0.7743231910887486,0
0,0.882185408458727,0
0,0.8164744228730558,0
0,0.8365532190946345,0
0,0.9401117070932422,0
0,0.9522950586224902,0
0,0.7826141991424186,0
0,0.8505878071549501,0
0,0.3046312558345596,0
0,0.9784655306086929,0
0,0.7765225233777947,0
0,0.9711871647600513,0
0,0.9520577206056866,0
0,0.42947105267321717,0
0,0.25955285517634213,0
0,0.4062119270264711,0
0,0.7204158162054398,0
0,0.521684783468616,0
0,0.45954969066945145,0
0,0.39108558408885935,0
0,0.26102435088052406,0
0,0.9554912105821111,0
0,0.9949684340437651,0
0,0.8177876932327021,0
0,0.8076454486479644,0
0,0.9443521463267986,0
0,0.5342795208936567,0
0,0.9860128795430452,1
0,0.9713612126390405,0
0,0.6000537966171421,0
0,0.9723422097751618,0
0,0.9948418537681366,0
0,0.9526747994493758,0
0,0.9704276831062799,0
0,0.9965981550924827,0
0,0.8928339741459786,0
0,0.9490830841284157,0
0,0.8803658169965665,0
0,0.97827566019525,0
0,0.671128621382573,0
0,0.9300802202496796,0
0,0.9472793152007088,0
0,0.8253350421670543,0
0,0.37945602126548633,0
0,0.995411465008465,0
0,0.9133083337288967,0
0,0.9421053464343918,0
0,0.3733168778975016,0
0,0.9711713422255976,0
0,0.27904621762313886,0
0,0.9550481796174111,0
0,0.773168146073638,0
0,0.5614151674815272,0
0,0.9555861457888325,0
0,0.3932532713089983,0
0,0.9440989857755415,0
0,0.9760288603028433,0
0,0.9418521858831348,0
0,0.959162038575339,0
0,0.09347953355168431,0
0,0.6169997310169143,0
0,0.48867897659847154,0
0,0.6134080156959542,0
0,0.941219284504992,0
0,0.8041961361370864,0
0,0.7462698375025711,0
0,0.39179759813926995,0
0,0.961582886346735,0
0,0.1138589579278809,0
0,0.9353807692916252,0
0,0.13294093447888483,0
0,0.29069160298096547,0
0,0.8141010427050205,0
0,0.462207876457651,0
0,0.5155772851695385,0
0,0.37910792550750777,0
0,0.8869479913292512,0
0,0.26380911694435216,0
0,0.40913909590038133,0
0,0.5713517191183684,0
0,0.9598424075568425,0
0,0.7626303381275613,0
0,0.1365484723342985,0
0,0.42928118225977435,0
0,0.6790873562127182,0
0,0.7787060331323872,0
0,0.948007151785573,0
0,0.884970174522555,0
0,0.3818452239679752,0
0,0.9039572158668375,0
0,0.5595797534849132,0
0,0.5554342494580782,0
0,0.22985395800699357,0
0,0.10044144871125457,0
0,0.7834527934684578,0
0,0.2097276941820541,0
0,0.42777804148668536,0
0,0.9720099365516368,0
0,0.5225075552602015,0
0,0.7905571114381101,0
0,0.6690242243002484,0
0,0.9403806901789529,0
0,0.9780383221784466,0
0,0.9515988671065331,0
0,0.9629119792408348,0
0,0.9629436243097419,0
0,0.9575956076644357,0
0,0.2577490862486353,0
0,0.3243144886947991,0
0,0.9845730289077704,0
0,0.18683248682774006,0
0,0.9517729149855224,0
0,0.9571842217686429,0
0,0.8214426986914763,0
0,0.7032483663233177,0
0,0.953070362810715,0
0,0.5165741048401132,0
0,0.7849559342415469,0
0,0.9344472397588646,0
0,0.9433078590528631,0
0,0.34782677489280234,0
0,0.050236546890080856,0
0,0.17773452951693802,0
0,0.4449771364377146,0
0,0.6442619578804133,0
0,0.9085141057894653,0
0,0.9381813578899068,0
0,0.9659815509248272,0
0,0.9768358095599753,0
0,0.9103969873894401,0
0,0.7283270834322242,0
0,0.9509501431939368,0
0,0.724703723042357,0
0,0.5139633866552744,0
0,0.9427857154158953,0
0,0.29274853245992943,0
0,0.18545592633027957,0
0,0.8267274251989684,0
0,0.5528551763421465,0
0,0.9492413094729514,0
0,0.9274062119270264,0
0,0.7295928861885097,0
0,0.20805050552997578,0
0,0.9999841774655465,0
0,0.6710969763136659,0
0,0.5287416338349077,0
0,0.8459043369566938,0
0,0.8440531004256262,0
0,0.94466859701587,0
0,0.8345595797534849,0
0,0.3732377652252338,0
0,0.9332763722093005,0
0,0.07571082736032658,0
0,0.9694466859701587,0
0,0.33616556700052214,0
0,0.9880698090220091,0
0,0.9240834796917771,0
0,0.8169016313033022,0
0,0.9615354187433743,0
0,0.5315105773642822,0
0,0.23222733817502889,0
0,0.5165899273745669,0
0,0.7225835034255788,0
0,0.26284394234268443,0
0,0.7990063448363158,0
0,0.20320880998718374,0
0,0.8334361798072816,0
0,0.9483236024746444,0
0,0.18091485894210535,0
0,0.8138953497571241,0
0,0.6288824543915444,0
0,0.3261024350880524,0
0,0.10273571620702204,0
0,0.9592095061786997,0
0,0.09779908545750858,0
0,0.7464755304504676,0
0,0.7413806743564184,0
0,0.9926425214790905,0
0,0.8929289093527001,0
0,0.6383759750636857,0
0,0.4747076786759703,0
0,0.4112751380516131,0
0,0.7572032088099871,0
0,0.4045822059777535,0
0,0.8704134428252718,0
0,0.9489406813183335,0
0,0.8902707235645005,0
0,0.7903197734213067,0
0,0.9526589769149222,0
0,0.067182481289853,0
0,0.9607601145551494,0
0,0.7394186800841759,0
0,0.987816648470752,0
0,0.9442413885856237,0
0,0.5699435135520008,0
0,0.19607284694862423,0
0,0.9694466859701587,0
0,0.9474691856141517,0
0,0.7000838594326039,0
0,0.6340564231578614,0
0,0.6155124127782788,0
0,0.5369693517507634,0
0,0.4738216167465705,0
0,0.9376908593218461,0
0,0.3604373348522966,0
0,0.2775588993845034,0
0,0.9434819069318523,0
0,0.9704751507096406,0
0,0.6777899083875255,0
0,0.9454280786696413,0
0,0.4487745447065711,0
0,0.7205265739466148,0
0,0.6478536732013734,0
0,0.1933039034192497,0
0,0.15594689957437383,0
0,0.4147877407003054,0
0,0.8522649958070284,0
0,0.18612047277732946,0
0,0.42727172038417116,0
0,0.8284520814544074,0
0,0.7998924067657157,0
0,0.7394345026186294,0
0,0.3776364298033259,0
0,0.705764149301435,0
0,0.41820540814227625,0
0,0.7874875397541178,0
0,0.9422635717789275,0
0,0.5978861093970033,0
0,0.9643043622727488,0
0,0.31553298207306846,0
0,0.8759196848151137,0
0,0.8566320153162134,0
0,0.8021075615892154,0
0,0.3727630891916267,0
0,0.1676239300011076,0
0,0.3428743216088353,0
0,0.6795936773152323,0
0,0.8135156089302384,0
0,0.4323349314093131,0
0,0.854812423854053,0
0,0.13745035679815193,0
0,0.9620259173114349,0
0,0.12468157149412193,0
0,0.9528172022594579,0
0,0.687568234679831,0
0,0.1465324915745004,0
0,0.3364820176895935,0
0,0.559991139380706,0
0,0.5459881963892976,0
0,0.7169190360912011,0
0,0.9614563060711064,0
0,0.9929431496337083,0
0,0.943529374535213,0
0,0.05238841157576621,0
0,0.11311529880856315,0
0,0.6890555529184664,0
0,0.1313903261024351,0
0,0.17487065078084207,0
0,0.9155393110868499,0
0,0.33676682330975777,0
0,0.7999398743690764,0
0,0.2836031075457667,0
0,0.9444154364646129,0
0,0.16773468774228256,0
0,0.5863514817803516,0
0,0.07091659942089523,0
0,0.4813531431464692,0
0,0.935238366481543,0
0,0.9300169301118654,0
0,0.5488678976598471,0
0,0.35360199996835495,0
0,0.1376718722805019,0
0,0.7592601382889511,0
0,0.11874812107403364,0
0,0.9715194379835762,0
0,0.8425499596525371,0
0,0.09207132798531668,0
0,0.9458711096343412,0
0,0.7419186405278397,0
0,0.9381180677520925,0
0,0.13865286941662316,0
0,0.7230740019936394,0
0,0.8671698232622902,0
0,0.26202117055109886,0
0,0.24577142766728374,0
0,0.8653976994034904,0
0,0.9239885444850556,0
0,0.974937105425547,0
0,0.9666619199063305,0
0,0.3435388680558852,0
0,0.4591224822392051,0
0,0.9515197544342653,0
0,0.9540671824812899,0
0,0.6165250549833072,0
0,0.9368997325991677,0
0,0.06829005870160282,0
0,0.20317716491827661,0
0,0.952374171294758,0
0,0.15229189411559943,0
0,0.9601746807803674,0
0,0.44443917026629326,0
0,0.9287036597522191,0
0,0.6216990237496243,0
0,0.19028179933861805,0
0,0.8735937722504391,0
0,0.9499375009889084,0
0,0.6179807281530355,0
0,0.2782550909004604,0
0,0.6679324694229521,0
0,0.8886251799813294,0
0,0.012515624752772899,0
0,0.27368237844337906,0
0,0.3740921820857265,0
0,0.48198604452461197,0
0,0.13966551162165156,0
0,0.35293745352130507,0
0,0.9225170487808737,0
0,0.1245391686840398,0
0,0.9790984319868357,0
0,0.4349298270596984,0
0,0.31520070884954354,0
0,0.7222195851331467,0
0,0.602553757060806,0
0,0.19526589769149222,0
0,0.9281340485118906,0
0,0.9915349440673407,0
0,0.6976313665923007,0
0,0.017563013243461337,0
0,0.9864400879732915,0
0,0.2983971772598535,0
0,0.3475577918070917,0
0,0.6962389835603867,0
0,0.8756190566604959,0
0,0.2917991803927153,0
0,0.9372320058226927,0
0,0.5755288682141105,0
0,0.4955301340168668,0
0,0.6770620718026613,0
0,0.10441290485910033,0
0,0.28010632743152797,0
0,0.7079793041249347,0
0,0.9174696602901853,0
0,0.18324077150677995,0
0,0.9711713422255976,0
0,0.3091881457571874,0
0,0.18624705305295802,0
0,0.8853657378838943,0
0,0.3595512729228968,0
0,0.9887501780035126,0
0,0.9366782171168178,0
0,0.7633265296435183,0
0,0.9264885049287195,0
0,0.09730858688944795,0
0,0.707710321039224,0
0,0.7545450230217876,0
0,0.13162766411923862,0
0,0.6412082087308745,0
0,0.6915396908276767,0
0,0.6014936472524169,0
0,0.4746127434692489,0
0,0.3182069903957216,0
0,0.9290675780446512,0
0,0.9015680131643486,0
0,0.5508298919320896,0
0,0.8060790177370611,0
0,0.39103811648549863,0
0,0.8959510134333317,0
0,0.7303207227733738,0
0,0.026993243777788327,0
0,0.8248761886679008,0
0,0.6399740510434961,0
0,0.6466353380484486,0
0,0.9347953355168431,0
0,0.25225866679324693,0
0,0.5407984050885271,0
0,0.7370136548472335,0
0,0.05455609879590513,0
0,0.9836236768405563,0
0,0.4332526384076201,0
0,0.7678834195661461,0
0,0.926029651429566,0
0,0.03873356434233636,0
0,0.4726982168003671,0
0,0.8307621714846284,0
0,0.41068970427683105,0
0,0.4829195740573725,0
0,0.5066691982721793,0
0,0.9772788405246753,0
0,0.6697204158162054,0
0,0.13593139349060931,0
0,0.4156738026297052,0
0,0.7764908783088875,0
0,0.9502697742124333,0
0,0.39211404882834133,0
0,0.26064461005363837,0
0,0.6855113052008671,0
0,0.9099381338902865,0
0,0.9628170440341134,0
0,0.338190851410579,0
0,0.6008923909431813,0
0,0.947089444787266,0
0,0.9767566968877075,0
0,0.3145678074714008,0
0,0.5534247875824749,0
0,0.9552696950997611,0
0,0.9906330596034872,0
0,0.1179569943513552,0
0,0.9416464929352384,0
0,0.7229632442524644,0
0,0.826964763215772,0
0,0.38556351956456386,0
0,0.992990617237069,0
0,0.15542475593740607,0
0,0.05053717504469866,0
0,0.49622632553282386,0
0,0.9553013401686682,0
0,0.24988528662521162,0
0,0.9504912896947834,0
0,0.9665036945617949,0
0,0.9891299188303982,0
0,0.7473299473109603,0
0,0.5337415547222354,0
0,0.799844939162355,0
0,0.5787091976392779,0
0,0.4352462777487698,0
0,0.9547000838594326,0
0,0.8277717124729039,0
0,0.21621493330801728,0
0,0.0350627363491084,0
0,0.7618075663359757,0
0,0.6214300406639135,0
0,0.61312321007579,0
0,0.2346007183430642,0
0,0.9247322036043734,0
0,0.7941013591557096,0
0,0.7971076407018877,0
0,0.41646492935238366,0
0,0.32820683217037705,0
0,0.6181389534975712,0
0,0.10273571620702204,0
0,0.9131975759877217,0
0,0.33849147956519676,0
0,0.8499232607079001,0
0,0.9859970570085916,0
1,0.9902216737076945,1
0,0.47100520561383524,0
0,0.9976740874353254,0
0,0.032293792819733866,0
0,0.1056470625464787,0
0,0.9942564199933546,0
0,0.2770684008164428,0
0,0.6673312131137166,0
0,0.06297368712520371,0
0,0.43516716507650194,0
0,0.4460688913150108,0
0,0.7175361149348902,0
0,0.9882280343665448,0
0,0.30717868388158415,0
0,0.6729482128447335,0
0,0.5144380626888815,0
0,0.959051280834164,0
0,0.7958418379456021,0
0,0.6865714150092562,0
0,0.3359282289837186,0
0,0.42929700479422794,0
0,0.821347763484755,0
0,0.9670100156643091,0
0,0.525244853720669,0
0,0.5585038211420705,0
0,0.741871172924479,0
0,0.9841141754086169,0
0,0.9943671777345295,0
0,0.9148114745019857,0
0,0.9545893261182576,0
0,0.0228002721475926,0
0,0.9537507317922185,0
0,0.9813135868103353,0
0,0.35562728437841173,0
0,0.44565750541921806,0
0,0.004873340611699182,0
0,0.35611778294647234,0
0,0.6096422524960048,0
0,0.17438015221278144,0
0,0.8587680574674451,0
0,0.9389250170092245,0
0,0.9410294140915492,0
0,0.3476843720827202,0
0,0.06534706729323903,0
0,0.39347478679134823,0
0,0.7411591588740685,0
0,0.2063733168778975,0
0,0.9495419376275692,0
0,0.5817629467888167,0
0,0.607838483568298,0
0,0.9272321640480372,0
0,0.8643375895951013,0
0,0.9648265059097166,0
0,0.9666777424407842,0
0,0.8576446575212417,0
0,0.9552696950997611,0
0,0.28776443410705527,0
0,0.5386940080062025,0
0,0.9412983971772598,0
0,0.9821838262052816,0
0,0.6523630955206405,0
0,0.5737409218208572,0
0,0.16347842597427256,0
0,0.5365104982516099,0
0,0.31532728912517205,0
0,0.9868831189379915,0
0,0.05580607901773706,0
0,0.841964525877755,0
0,0.578740842708185,0
0,0.9424059745890097,0
0,0.9290675780446512,0
0,0.8998908245122704,0
0,0.4536795303871774,0
0,0.18627869812186515,0
0,0.9838451923229062,0
0,0.8360310754576669,0
0,0.004889163146152751,0
0,0.6829005870160282,0
0,0.19692726380911693,0
0,0.5939937659214253,0
0,0.21966424581889527,0
0,0.024667331213113715,0
0,0.9573582696476322,0
0,0.3765604974604832,0
0,0.5387731206784703,0
0,0.994129839717726,0
0,0.9181658518061423,0
0,0.9636872834290596,0
0,0.7989588772329552,0
0,0.13838388633091248,0
0,0.4664008480878467,0
0,0.9993670986218572,0
0,0.9708548915365263,0
0,0.9535925064476828,0
0,0.14756095631398236,0
0,0.5980126896726318,0
0,0.9335611778294647,0
0,0.47219189569785286,0
0,0.9334978876916504,0
0,0.17525039160772773,0
0,0.5055616208604294,0
0,0.19418996534864955,0
0,0.7032641888577712,0
0,0.996439929747947,0
0,0.45219221214854194,0
0,0.7904463536969352,0
0,0.9472951377351624,0
0,0.6118415847850509,0
0,0.47985000237338016,0
0,0.9892090315026661,0
0,0.1453141564215756,0
0,0.7584690115662727,0
0,0.13450736538978814,0
0,0.053052958022816094,0
0,0.26412556763342354,0
0,0.3430641920222781,0
0,0.5359092419423743,0
0,0.6060505371750446,0
0,0.9883862597110805,0
0,0.8211578930713122,0
0,0.21241752503916078,0
0,0.9559817091501717,0
0,0.26827107166025854,0
0,0.14120029746364773,0
0,0.5019224379361086,0
0,0.33948829923577156,0
0,0.04802139206658122,0
0,0.4333950412177022,0
0,0.8714419075647537,0
0,0.35466210977674406,0
0,0.3863071786838816,0
0,0.9329915665891363,0
0,0.4684894226357178,0
0,0.11539374376987706,0
0,0.04577459217417446,0
0,0.4697077577886426,0
0,0.7690384645812566,0
0,0.6629325485356244,0
0,0.6632964668280565,0
0,0.7315390579262986,0
0,0.9220107276783596,0
0,0.6292938402873373,0
0,0.25635670321672127,0
0,0.9722156294995332,0
0,0.6028069176120631,0
0,0.9406496732646635,0
0,0.9872945048337842,0
0,0.18112055189000173,0
0,0.5976962389835604,0
0,0.709071059002231,0
0,0.26153067198303825,0
0,0.8698280090504897,0
0,0.9451907406528378,0
0,0.9687346719197482,0
0,0.4075251973861173,0
0,0.10784639483552476,0
0,0.7060014873182386,0
0,0.18551921646809386,0
0,0.9871837470926093,0
0,0.6155440578471859,0
0,0.9399218366797993,0
0,0.4315912722899954,0
0,0.731491590322938,0
0,0.39216151643170205,0
0,0.8996060188921061,0
0,0.49350484960681,0
0,0.8597806996724735,0
0,0.9279600006329014,0
0,0.7619499691460578,0
0,0.9879115836774734,0
0,0.8844796759544944,0
0,0.4053891552348855,0
0,0.31103938228825495,0
0,0.08934985205930286,0
0,0.20963275897533268,0
0,0.8322020221199031,0
0,0.4031581778769323,0
0,0.9750162180978149,0
0,0.8426923624626192,0
0,0.962611351086217,0
0,0.3171468805873325,0
0,0.8746538820588282,0
0,0.9939557918387367,0
0,0.8162054397873452,0
0,0.4415594689957437,0
0,0.8336260502207243,0
0,0.7879463932532713,0
0,0.5746269837502571,0
0,0.9392889353016566,0
0,0.5119697473141248,0
0,0.029714719703802156,0
0,0.7012072593788073,0
0,0.9442572111200772,0
0,0.9416148478663312,0
0,0.29415673802629705,0
0,0.9236562712615307,0
0,0.9945570481479723,0
0,0.07634372873846933,0
0,0.9245581557253841,0
0,0.2428126137244664,0
0,0.19093052325121437,0
0,0.9698422493314979,0
0,0.9918672172908657,0
0,0.8241325295485831,0
0,0.06335342795208937,0
0,0.9185139475641209,0
0,0.17396876631698865,0
0,0.13830477365864463,0
0,0.7056059239568994,0
0,0.3325422066106549,0
0,0.6188667900824354,0
0,0.754972231452034,0
0,0.8425657821869907,0
0,0.33982057245929653,0
0,0.9897153526051803,0
0,0.19950633692504866,0
0,0.8938307938165535,0
0,0.5981076248793532,0
0,0.47666967294821283,0
0,0.9033243144886948,0
0,0.9586873625417319,0
0,0.15863673043148052,0
0,0.6518567744181263,0
0,0.6147687536589611,0
0,0.971345390104587,0
0,0.7645290422619895,0
0,0.991012800430373,0
0,0.24722710083701208,0
0,0.9006344836315882,0
0,0.7090394139333238,0
0,0.04982516099428806,0
0,0.9524374614325722,0
0,0.44804670812170694,0
0,0.1010901726238509,0
0,0.9539089571367542,0
0,0.3727314441227196,0
0,0.5433616556700053,0
0,0.30130852359931015,0
0,0.9472793152007088,0
0,0.10968180883213874,0
0,0.20284489169475167,0
0,0.9905381243967659,0
0,0.9492254869384978,0
0,0.2506131232100758,0
0,0.40964541700289553,0
0,0.8728501131311214,0
0,0.03640765177766175,0
0,0.9558393063400895,0
0,0.9633233651366275,0
0,0.19425325548646383,0
0,0.9298270596984225,0
0,0.9439882280343665,0
0,0.08751443806268888,0
0,0.06357494343443933,0
0,0.670543187607791,0
0,0.9562190471669753,0
0,0.07471400768975174,0
0,0.773136501004731,0
0,0.6953687441654404,0
0,0.9717567760003798,0
0,0.541573709276752,0
0,0.025236942453442192,0
0,0.11741902817993387,0
0,0.6620939542095853,0
0,0.9702536352272907,0
0,0.9961076565244221,0
0,0.9875160203161343,0
0,0.7675669688770748,0
0,0.4502143953418459,0
0,0.9730542238255724,0
0,0.976772519422161,0
0,0.4449929589721682,0
0,0.4304836948782456,0
0,0.5385199601272131,0
0,0.22640464549611558,0
0,0.14945966044841064,0
0,0.8608408094808626,0
0,0.5394376671255202,0
0,0.17713327320770242,0
0,0.9329757440546826,0
0,0.9787345136944036,0
0,0.33376054176357967,0
0,0.9656492777013022,0
0,0.18308254616224426,0
0,0.18553503900254742,0
0,0.2580022467998924,0
0,0.15515577285169538,0
0,0.14371608044176515,0
0,0.4612268793215297,0
0,0.7732947263492667,0
0,0.3647252416892138,0
0,0.24069239410768817,0
0,0.8580560434170346,0
0,0.12781443331592854,0
0,0.9780066771095394,0
0,0.9093527001155045,0
0,0.8352874163383491,0
0,0.13360548092593472,0
0,0.1502824322399962,0
0,0.9489565038527872,0
0,0.9991455831395073,0
0,0.662837613328903,0
0,0.21379408553662124,0
0,0.5098653502318001,0
0,0.997468394487429,0
0,0.11877976614294078,0
0,0.848024556573472,0
0,0.3247891647284062,0
0,0.05379661714213383,0
0,0.7457318713311498,0
0,0.9930539073748833,0
0,0.9289093527001155,0
0,0.19966456226958434,0
0,0.7177892754861473,0
0,0.7591335580133226,0
0,0.9402541099033244,0
0,0.35613360548092593,0
0,0.1181152196958909,0
0,0.41379092102973053,0
0,0.8591636208287844,0
0,0.05773642822107245,0
0,0.5037262068638154,0
0,0.3805635986772361,0
0,0.645701808515688,0
0,0.9253334599136089,0
0,0.14792487460641446,0
0,0.8528346070473568,0
0,0.8668375500387652,0
0,0.06120156326640401,0
0,0.32092846632173544,0
0,0.2861188905238841,0
0,0.8232148225502761,0
0,0.005458774386481227,0
0,0.24355627284378412,0
0,0.29262195218430087,0
0,0.1851552981756618,0
0,0.8636255755446908,0
0,0.2490941599025332,0
0,0.9661872438727235,0
0,0.36534232053290294,0
0,0.0501099666144523,0
0,0.5818895270644452,0
0,0.943276213983956,0
0,0.05332194110852676,0
0,0.9253018148447019,0
0,0.6735336466195155,0
0,0.9843515134254205,0
0,0.926615085204348,0
0,0.9942722425278081,0
0,0.7834686160029114,0
0,0.6482017689593519,0
0,0.12703912912770368,0
0,0.9704909732440943,0
0,0.9874843752472271,0
0,0.8489897311751397,0
0,0.5881077831046977,0
0,0.1749022958497492,0
0,0.31257416813025113,0
0,0.3098526922042373,0
0,0.3253429534342811,0
0,0.04066391354567175,0
0,0.9565513203905002,0
0,0.8319330390341925,0
0,0.999082293001693,0
0,0.8069176120631003,0
0,0.7517444344235059,0
0,0.6666508441322131,0
0,0.9550481796174111,0
0,0.1829717884210693,0
0,0.9805224600876569,0
0,0.20724355627284377,0
0,0.9804275248809354,0
0,0.07949241309472951,0
0,0.9942405974589009,0
0,0.9336877581050933,0
0,0.05480925934716223,0
0,0.5251973861173083,0
0,0.954462745842629,0
0,0.9615512412778279,0
0,0.5816838341165488,0
0,0.963861331308049,0
0,0.9797313333649784,0
0,0.38988307147038814,0
0,0.9653802946155915,0
0,0.2948371070078005,0
0,0.28999541146500846,0
0,0.3893925729023275,0
0,0.9760288603028433,0
0,0.9671524184743913,0
0,0.9464248983402161,0
0,0.47809370104903404,0
0,0.165076501954083,0
0,0.9193367193557064,0
0,0.945586304014177,0
0,0.8709672315311466,0
0,0.957326624578725,0
0,0.7328048606825841,0
0,0.0026581857881995538,0
0,0.8089112514042499,0
0,0.373633328586573,0
0,0.5364155630448886,0
0,0.36195629815983926,0
0,0.5605607506210345,0
0,0.28725811300454107,0
0,0.32754228572332716,0
0,0.4676191832407715,0
0,0.9906963497413016,0
0,0.5337257321877819,0
0,0.4087277100045885,0
0,0.26866663502159777,0
0,0.9622474327937849,0
0,0.7425040743026218,0
0,0.9381813578899068,0
0,0.13857375674435532,0
0,0.5322700590180535,0
0,0.7932785873641239,0
0,0.977104792645686,0
0,0.29244790430531165,0
0,0.0026898308571066914,0
0,0.9961234790588757,0
0,0.26569199854432685,0
0,0.05604341703454059,0
0,0.7233113400104428,0
0,0.9564247401148716,0
0,0.7312700748405879,0
0,0.9254125725858768,0
0,0.21911045711302035,0
0,0.7590860904099619,0
0,0.28285944842644895,0
0,0.05390737488330881,0
0,0.5036154491226404,0
0,0.18654768120757584,0
0,0.3868609673897565,0
0,0.0826410974509897,0
0,0.9041787313491875,0
0,0.8904605939779434,0
0,0.9154443758801285,0
0,0.9300327526463189,0
0,0.22575592158351926,0
0,0.8389424217971234,0
0,0.31567538488315056,0
0,0.15586778690210598,0
0,0.16498156674736159,0
0,0.0014398506352747583,0
0,0.9858704767329631,0
0,0.23236974098511098,0
0,0.8267907153367826,0
0,0.15157988006518885,0
0,0.9400009493520672,0
0,0.5535039002547428,0
0,0.29664087593550736,0
0,0.9267416654799766,0
0,0.831695701017389,0
0,0.865081248714419,0
0,0.34923498045916995,0
0,0.48352083036660815,0
0,0.609230866600212,0
0,0.44165440420246516,0
0,0.6044841062641414,0
0,0.06507808420752836,0
0,0.4403094887739118,0
0,0.576794670970396,0
0,0.031819116786126804,0
0,0.16029809654910523,0
0,0.9308713469723581,0
0,0.025885666366038514,0
0,0.8506827423616715,0
0,0.11827344504042657,0
0,0.9447160646192307,0
0,0.9851584626825525,0
0,0.7063970506795778,0
0,0.2868309045742947,0
0,0.155757029160931,0
0,0.9329282764513219,0
0,0.000348095757978513,0
0,0.9882280343665448,0
0,0.9166627110330533,0
0,0.3729529596050695,0
0,0.1535260518029778,0
0,0.08232464676191832,0
0,0.8038955079824687,0
0,0.7865856552902644,0
0,0.45026186294520654,0
0,0.13281435420325627,0
0,0.9050806158130409,0
0,0.36224110378000346,0
0,0.8860619293998513,0
0,0.9715352605180297,0
0,0.03270517871552665,0
0,0.04136010506162877,0
0,0.9699530070726728,0
0,0.6723311340010443,0
0,0.376275691840319,0
0,0.1838736728849227,0
0,0.2249647948608408,0
0,0.3610069460926251,0
0,0.3957057641493014,0
0,0.21324029683074636,0
0,0.874036803215139,0
0,0.4487112545687568,0
0,0.15569373902311673,0
0,0.06851157418395279,0
0,0.8511415958608249,0
0,0.39698738944004053,0
0,0.44981883198050665,0
0,0.41174981408522016,0
0,0.8714735526336609,0
0,0.9434502618629452,0
0,0.89784971756776,0
0,0.488663154064018,0
0,0.43223999620259174,0
0,0.4641856932643471,0
0,0.6980902200914543,0
0,0.7840856948466005,0
0,0.22911029888767584,0
0,0.5110995079191785,0
0,0.873815287732789,0
0,0.9230708374867487,0
0,0.8130567554310849,0
0,0.20974351671650765,0
0,0.3899780066771095,0
0,0.8652869416623155,0
0,0.920381006629642,0
0,0.035173494090283385,0
0,0.44165440420246516,0
0,0.0016455435831711524,0
0,0.5664942010411228,0
0,0.4576509865350232,0
0,0.40937643391718487,0
0,0.0031961519596208922,0
0,0.32368158731665636,0
0,0.15420642078448127,0
0,0.9573899147165393,0
0,0.8260787012863721,0
0,0.20694292811822598,0
0,0.08078986091992216,0
0,0.17150045094223193,0
0,0.12896947833103906,0
0,0.23781269283713866,0
0,0.5610512491890951,0
0,0.9822629388775495,0
0,0.03876520941124349,0
0,0.9865824907833737,0
0,0.49064097087071407,0
0,0.6896884542966092,0
0,0.8765842312621636,0
0,0.795114001360738,0
0,0.69332763722093,0
0,0.963861331308049,0
0,0.6242780968655559,0
0,0.9478805715099444,0
0,0.9914083637917122,0
0,0.6204648660622458,0
0,0.8721855666840714,0
0,0.514422240154428,0
0,0.00968339108558409,0
0,0.024287590386228065,0
0,0.1683201215170646,0
0,0.9736080125314472,0
0,0.8095283302479391,0
0,0.08170756791822914,0
0,0.03492033353902628,0
0,0.8886884701191436,0
0,0.6872517839907596,0
0,0.8723912596319678,0
0,0.6404961946804639,0
0,0.5351181152196959,0
0,0.04821126248002405,0
0,0.9731491590322938,0
0,0.7385642632236832,0
0,0.9911868483093622,0
0,0.7191658359836078,0
0,0.9686872043163874,0
0,0.6966029018528188,0
0,0.0012183351529247955,0
0,0.44668597015870004,0
0,0.0674356418411101,0
0,0.48768215692789674,0
0,0.5767472033670353,0
0,0.13915919051913736,0
0,0.8915048812518789,0
0,0.04536320627838167,0
0,0.9631334947231848,0
0,0.05942943940760431,0
0,0.07158114586794513,0
0,0.9886552427967912,0
0,0.2619578804132846,0
0,0.9603329061249031,0
0,0.6118099397161437,0
0,0.16072530497935159,0
0,0.6767456211135899,0
0,0.891868799544311,0
0,0.03476210819449059,0
0,0.31675131722599326,0
0,0.0726570782107878,0
0,0.8775177607949242,0
0,0.4683311972911821,0
0,0.04832202022119903,0
0,0.959162038575339,0
0,0.193145678074714,0
0,0.6685020806632807,0
0,0.5436464612901695,0
0,0.379725004351197,0
0,0.8293223208493536,0
0,0.19825635670321673,0
0,0.5913197575987722,0
0,0.09889084033480483,0
0,0.9580702836980427,0
0,0.09851109950791918,0
0,0.8325342953434282,0
0,0.23107229315991837,0
0,0.5287258113004542,0
0,0.5862407240391766,0
0,0.4562744260375627,0
0,0.9372320058226927,0
0,0.15075710827360325,0
0,0.8357779149064097,0
0,0.04664483156912074,0
0,0.34907675511463426,0
0,0.5891046027752725,0
0,0.6534706729323904,0
0,0.022642046803056915,0
0,0.17827249568835937,0
0,0.9640512017214917,0
0,0.9431021661049667,0
0,0.058543377478204456,0
0,0.9353965918260787,0
0,0.04355943735067483,0
0,0.953988069809022,0
0,0.07537855413680163,0
0,0.44336323792345056,0
0,0.20339868040062659,0
0,0.27955253872565305,0
0,0.02550592553915286,0
0,0.9315042483505008,0
0,0.5415420642078448,0
0,0.18181674340595877,0
0,0.5908609040996187,0
0,0.9681334156105125,0
0,0.6469992563408807,0
0,0.9422161041755669,0
0,0.5762408822645211,0
0,0.052657394661476876,0
0,0.1333206753057705,0
0,0.9933545355295011,0
0,0.20974351671650765,0
0,0.381449660606636,0
0,0.31001091754877297,0
0,0.9264885049287195,0
0,0.15487096723153115,0
0,0.27278049397952564,0
0,0.3027325517001313,0
0,0.084207528361893,0
0,0.992547586272369,0
0,0.21759149380547776,0
0,0.19648423284441702,0
0,0.45113210234015283,0
0,0.9564563851837787,0
0,0.1561525925222702,0
0,0.8228667267922976,0
0,0.36817455420009176,0
0,0.9550956472207718,0
0,0.5056723786016044,0
0,0.19550323570829575,0
0,0.0999667726776475,0
0,0.9647157481685417,0
0,0.6998623439502539,0
0,0.3409597949399535,0
0,0.6770620718026613,0
0,0.9582917991803928,0
0,0.06969826426797045,0
0,0.9458711096343412,0
0,0.18567744181262955,0
0,0.20675305770478314,0
0,0.926615085204348,0
0,0.7590544453410547,0
0,0.46663818610465024,0
0,0.3440768342273065,0
0,0.579547791965317,0
0,0.12552016582016107,0
0,0.8198129776427588,0
0,0.5725067641334789,0
0,0.43034129206816346,0
0,0.2766886599895571,0
0,0.6839923418933245,0
0,0.2058669957753833,0
0,0.04984098352874163,0
0,0.9926425214790905,0
0,0.7854147877407003,0
0,0.2475277289916299,0
0,0.6157022831917216,0
0,0.328428347652727,0
0,0.8652711191278619,0
0,0.030711539374376987,0
0,0.36915555133621303,0
0,0.7915855761775922,0
0,0.0013290928940997769,0
0,0.19543994557048147,0
0,0.9537507317922185,0
0,0.17665859717409535,0
0,0.5366529010616921,0
0,0.9444470815335201,0
0,0.26217939589563455,0
0,0.38396544358475343,0
0,0.8699071217227575,0
0,0.40860112972896,0
0,0.1824021771807408,0
0,0.9256340880682268,0
0,0.041676555750700145,0
0,0.6554801348079935,0
0,0.05556874100093353,0
0,0.9906330596034872,0
0,0.5096280122149967,0
0,0.012278286735969368,0
0,0.043496147212860554,0
0,0.052309298903498364,0
0,0.4373348522966409,0
0,0.9610765652442208,0
0,0.02371797914589959,0
0,0.5649119475957659,0
0,0.7212385879970253,0
0,0.023876204490435277,0
0,0.991155203240455,0
0,0.5009572633344409,0
0,0.6495625069223588,0
0,0.7218081992373538,0
0,0.8512048859986393,0
0,0.5868103352795051,0
0,0.38152877327890383,0
0,0.22246483441717693,0
0,0.10029904590117245,0
0,0.986313507697663,0
0,0.9440040505688201,0
0,0.2902802170851727,0
0,0.9804908150187497,0
0,0.024588218540845874,0
0,0.5943735067483109,0
0,0.8293223208493536,0
0,0.0074682362620844605,0
0,0.975380136390247,0
0,0.9852850429581811,0
0,0.97468394487429,0
0,0.11245075236151326,0
0,0.7708422335089634,0
0,0.19129444154364647,0
0,0.8404930301735732,0
0,0.9092102973054224,0
0,0.3279694941535735,0
0,0.09705542633819085,0
0,0.6593091881457572,0
0,0.9842091106153383,0
0,0.899099697789592,0
0,0.9005711934937738,0
0,0.9838768373918134,0
0,0.9535766839132293,0
0,0.42011993481115806,0
0,0.6173794718437999,0
0,0.1964367652410563,0
0,0.12308349551431148,0
0,0.08541004098036424,0
0,0.9826743247733422,0
0,0.4214173826363507,0
0,0.9563139823736966,0
0,0.012199174063701523,0
0,0.9328491637790541,0
0,0.00528472650749197,0
0,0.9927691017547191,0
0,0.8812044113226056,0
0,0.9796047530893498,0
0,0.09083717029793832,0
0,0.5179031977342131,0
0,0.7306055283935381,0
0,0.9357763326529643,0
0,0.38556351956456386,0
0,0.29105552127339757,0
0,0.14716539295264316,0
0,0.9328808088479613,0
0,0.2258192117213335,0
0,0.10221357257005427,0
0,0.09189728010632743,0
0,0.1657410484011329,0
0,0.030078637996234236,0
0,0.20137339599056978,0
0,0.355912089998576,0
0,0.7607158114586795,0
0,0.31067546399582285,0
0,0.780620559801269,0
0,0.9293365611303619,0
0,0.27899875001977814,0
0,0.014746602110726096,0
0,0.20145250866283762,0
0,0.7449090995395643,0
0,0.941219284504992,0
0,0.11672283666397684,0
0,0.2604863847091027,0
0,0.5559405705605924,0
0,0.8688944795177291,0
0,0.13403268935618107,0
0,0.6286134713058338,0
0,0.3854211167544817,0
0,0.9374535213050427,0
0,0.429075489311878,0
0,0.3060552839353808,0
0,0.2742203446148004,0
0,0.7664277463964178,0
0,0.15832027974240914,0
0,0.6319362035410833,0
0,0.7820762329709973,0
0,0.7577886425847692,0
0,0.47129001123399944,0
0,0.44738216167465705,0
0,0.9210930206800525,0
0,0.09200803784750242,0
0,0.387905254663692,0
0,0.3176532016898467,0
0,0.08496701001566431,0
0,0.4143130646666983,0
0,0.6575212417525039,0
0,0.9860287020774988,0
0,0.001471495704181896,0
0,0.013591557095615575,0
0,0.9499533235233619,0
0,0.3700416132656129,0
0,0.2664831252670053,0
0,0.4226198952548219,0
0,0.9628486891030206,0
0,0.021961677821553456,0
0,0.9793515925380928,0
0,0.9853483330959953,0
0,0.2958022816094682,0
0,0.8768848594167814,0
0,0.13170677679150647,0
0,0.9308555244379044,0
0,0.5639625955285518,0
0,0.3731744750874195,0
0,0.6852897897185171,0
0,0.012927010648565686,0
0,0.8878182307241974,0
0,0.9657600354424771,0
0,0.24259109824211642,0
0,0.9522475910191295,0
0,0.5164475245644847,0
0,0.4521763896140884,0
0,0.8399234189332447,0
0,0.8208097973133337,0
0,0.8576446575212417,0
0,0.9777376940238287,0
0,0.833895033306435,0
0,0.9247954937421876,0
0,0.06264141390167877,0
0,0.2248698596541194,0
0,0.9300485751807724,0
0,0.5956393095045964,0
0,0.08452397905096438,0
0,0.6054651034002626,0
0,0.9374693438394962,0
0,0.5699593360864543,0
0,0.0946504011012484,0
0,0.952263413553583,0
0,0.17396876631698865,0
0,0.8467271087482793,0
0,0.800873403901837,0
0,0.9897469976740875,0
0,0.008211895381402193,0
0,0.9436243097419345,0
0,0.8320121517064604,0
0,0.7708580560434171,0
0,0.30648249236562713,0
0,0.40708216642141737,0
0,0.7178683881584152,0
0,0.9541304726191041,0
0,0.08591636208287844,0
0,0.16923782851537159,0
0,0.9478014588376766,0
0,0.92360880365817,0
0,0.20270248888466955,0
0,0.9528013797250043,0
0,0.18267116026645147,0
0,0.21759149380547776,0
0,0.04664483156912074,0
0,0.9396844986629959,0
0,0.03599626588186896,0
0,0.6304488853024477,0
0,0.22602490466922992,0
0,0.33113400104428725,0
0,0.17374725083463868,0
0,0.6546257179475008,0
0,0.4162434138700337,0
0,0.2917517127893546,0
0,0.7679150646350532,0
0,0.9117577253524469,0
0,0.9390041296814924,0
0,0.9418838309520419,0
0,0.1876236135504185,0
0,0.391686840398095,0
0,0.9771206151801396,0
0,0.3238081675922849,0
0,0.9402224648344172,0
0,0.22604072720368348,0
0,0.7656207971392858,0
0,0.6496574421290803,0
0,0.13697568076454486,0
0,0.1973070046360026,0
0,0.20020252844100567,0
0,0.6083764497397193,0
0,0.2671476717140552,0
0,0.020569294789639404,0
0,0.94422556605117,0
0,0.19371528931504248,0
0,0.9752535561146184,0
0,0.028923592981123715,0
0,0.22507555260201578,0
0,0.6390563440451892,0
0,0.9540671824812899,0
0,0.4180630053321941,0
0,0.45413838388633093,0
0,0.7268081201246815,0
0,0.26915713358965837,0
0,0.9577221879400643,0
0,0.9281340485118906,0
0,0.6345152766570149,0
0,0.9827534374456101,1
0,0.9865192006455594,0
0,0.8924067657157323,0
0,0.233176690242243,0
0,0.10658059207923926,0
0,0.18339899685131564,0
0,0.8505086944826822,0
0,0.33050109966614455,0
0,0.7350200155060838,0
0,0.6547364756886758,0
0,0.6470941915476021,0
0,0.35983607854306104,0
0,0.9513140614863689,0
0,0.5559880381639531,0
0,0.17219664245818894,0
0,0.9740035758927865,0
0,0.37944019873103274,0
0,0.9722156294995332,0
0,0.8117276625369851,0
0,0.4516067783737599,0
0,0.7435641841110109,0
0,0.7150045094223193,0
0,0.944083163241088,0
0,0.09210297305422382,0
0,0.6801791110900144,0
0,0.12074176041518331,0
0,0.9937342763563868,0
0,0.9554753880476575,0
0,0.9764560687330897,0
0,0.5201025300232591,0
0,0.968149238144966,0
0,0.3774782044587902,0
0,0.7020458537048464,0
0,0.8507935001028465,0
0,0.8352715938038955,0
0,0.9495735826964763,0
0,0.645701808515688,0
0,0.9278967104950872,0
0,0.571035268429297,0
0,0.9476907010965017,0
0,0.7330738437682948,0
0,0.7930412493473205,0
0,0.2877486115726017,0
0,0.1674498821221183,0
0,0.9176437081691745,0
0,0.9719782914827297,0
0,0.10238762044904352,0
0,0.7079951266593884,0
0,0.468995743738232,0
0,0.7812534611794117,0
0,0.06148636888656825,0
0,0.5235201974652299,0
0,0.8331513741871173,0
0,0.096169364408791,0
0,0.37928197338649705,0
0,0.2351070394455784,0
0,0.8906821094602934,0
0,0.7620607268872328,0
0,0.008196072846948625,0
0,0.609230866600212,0
0,0.20267084381576242,0
0,0.1293175740890176,0
0,0.9875160203161343,0
0,0.3555481717061439,0
0,0.42879068369171375,0
0,0.1572285248651129,0
0,0.09832122909447635,0
0,0.9674372240945555,0
0,0.3882691729561241,0
0,0.7651619436401322,0
0,0.9951108368538473,0
0,0.10234015284568282,0
0,0.954905776807329,0
0,0.9784497080742394,0
0,0.9281182259774371,0
0,0.2011518805082198,0
0,0.7210012499802219,0
0,0.9277701302194585,0
0,0.32819100963592346,0
0,0.16101011059951584,0
0,0.0801094919384187,0
0,0.09401749972310565,0
0,0.7457318713311498,0
0,0.7850350469138146,0
0,0.9614879511400136,0
0,0.29558076612711826,0
0,0.6528535940887011,0
0,0.9347162228445752,0
0,0.36402905017325676,0
0,0.27262226863498995,0
0,0.7756997515862091,0
0,0.8153193778579453,0
0,0.06548947010332115,0
0,0.20274995648803026,0
0,0.7123305010996661,0
0,0.9545102134459897,0
0,0.8437999398743691,0
0,0.11680194933624467,0
0,0.9353807692916252,0
0,0.9687504944542017,0
0,0.3616873150741286,0
0,0.08472967199886078,0
0,0.8361101881299347,0
0,0.1913260866125536,0
0,0.07460324994857677,0
0,0.7605575861141438,0
0,0.07200835429819148,0
0,0.7690384645812566,0
0,0.9653486495466844,0
0,0.8254774449771365,0
0,0.22681603139190837,0
0,0.4139175013053591,0
0,0.4762424645179665,0
0,0.40568978338950334,0
0,0.04052151073558963,0
0,0.9890191610892233,0
0,0.017515545640100633,0
0,0.8125504343285708,0
0,0.24692647268239426,0
0,0.8213794085536621,0
0,0.17539279441780983,0
0,0.9468521067704625,0
0,0.751522918941156,0
0,0.2518314583630006,0
0,0.9869780541447128,0
0,0.934763690447936,0
0,0.9458394645654341,0
0,0.6995617157956362,0
0,0.6697045932817519,0
0,0.9711713422255976,0
0,0.8437999398743691,0
0,0.3534912422271799,0
0,0.013449154285533458,0
0,0.2649325168905555,0
0,0.5757029160930998,0
0,0.6851157418395278,0
0,0.7016028227401465,0
0,0.08941314219711713,0
0,0.09637505735668739,0
0,0.10058385152133668,0
0,0.3002009461875603,0
0,0.22505973006756222,0
0,0.6048954921599342,0
0,0.478900650306166,0
0,0.9257606683438553,0
0,0.19904748342589515,0
0,0.848831505830604,0
0,0.8164744228730558,0
0,0.16227591335580133,0
0,0.3213873198208889,0
0,0.2699640828467904,0
0,0.6668090694767488,0
0,0.9308080568345437,0
0,0.9928956820303476,0
0,0.8464264805936615,0
0,0.6922833499469945,0
0,0.42706602743627475,0
0,0.029588139428173604,0
0,0.9281182259774371,0
0,0.6980427524880936,0
0,0.24808151769750478,0
0,0.3487761269600165,0
0,0.4730463125583456,0
0,0.0312653280802519,0
0,0.6193889337194032,0
0,0.9619626271736207,0
0,0.6686919510767235,0
0,0.9498267432477334,0
0,0.8561889843515135,0
0,0.42442366418252875,0
0,0.9527064445182829,0
0,0.1579880065188842,0
0,0.13911172291577664,0
0,0.8988940048416956,0
0,0.9361877185487572,0
0,0.16911124823974305,0
0,0.46815714941219283,0
0,0.3087134697235803,0
0,0.9614721286055601,0
0,0.7578361101881299,0
0,0.26937864907200837,0
0,0.49454913688074553,0
0,0.4629198905080616,0
0,0.5651018180092087,0
0,0.09210297305422382,0
0,0.35774750399518995,0
0,0.8889099856014937,0
0,0.7942121168968845,0
0,0.2874954510213446,0
0,0.7792914669071692,0
0,0.7896868720431639,0
0,0.8565370801094919,0
0,0.15305137576937075,0
0,0.3229537507317922,0
0,0.6024746443885381,0
0,0.7846078384835683,0
0,0.9504596446258762,0
0,0.8599389250170092,0
0,0.22135725700542713,0
0,0.08878024081897438,0
0,0.821569278967105,0
0,0.9311877976614295,0
0,0.051233366560655684,0
0,0.9526431543804686,0
0,0.820430056486448,0
0,0.9616303539500958,0
0,0.39322162624009116,0
0,0.8993370358063955,0
0,0.6569832755810826,0
0,0.9785604658154143,0
0,0.5980601572759925,0
0,0.2847581525608772,0
0,0.9445420167402414,0
0,0.4785525545481875,0
0,0.3654214332051708,0
0,0.8804765747377415,0
0,0.6351323555007041,0
0,0.41230360279109507,0
0,0.8015221278144333,0
0,0.8277400674039967,0
0,0.44687584057214286,0
0,0.991598234205155,0
0,0.9372478283571463,0
0,0.31535893419407923,0
0,0.18835145013528268,0
1,0.9563456274426038,0
0,0.6729956804480942,0
0,0.9543361655670005,0
0,0.16425373016249742,0
0,0.02436670305849591,0
0,0.2147750826727425,0
0,0.03738864891378301,0
0,0.09192892517523457,0
0,0.6013987120456955,0
0,0.42083194886156866,0
0,0.6274109586873625,0
0,0.9466938814259268,0
0,0.920744924922074,0
0,0.5738516795620322,0
0,0.9364250565655606,0
0,0.9320263919874685,0
0,0.4995807028369804,0
0,0.05514153257068717,0
0,0.9465831236847518,0
0,0.37442445530925145,0
0,0.9241784148984984,0
0,0.9387035015268745,0
0,0.009825793895666207,0
0,0.04710368506827423,0
0,0.7880413284599928,0
0,0.9459185772377019,0
0,0.8646856853530799,0
0,0.9494470024208478,0
0,0.5165741048401132,0
0,0.5655923165772694,0
0,0.974573187133115,0
0,0.014271926077119032,0
0,0.3374946598946219,0
0,0.7360010126422051,0
0,0.7716808278350026,0
0,0.3434281103147102,0
0,0.6684229679910128,0
0,0.9267574880144301,0
1,0.9996044366386608,0
0,0.9485292954225408,0
0,0.2050600465182513,0
0,0.33083337288966946,0
0,0.003987278682299331,0
0,0.8692109302068005,0
0,0.9799212037784212,0
0,0.4521605670796348,0
0,0.126770146041993,0
0,0.37847502412936507,0
0,0.9367256847201785,0
0,0.20545560987959052,0
0,0.9350959636714609,0
0,0.9237986740716128,0
0,0.16993402003132863,0
0,0.8837043717662695,0
0,0.9351750763437288,0
0,0.9585607822661034,0
0,0.6314931725763833,0
0,0.6548472334298507,0
0,0.7093400420879417,0
0,0.09604278413316245,0
0,0.3601999968354931,0
0,0.3212923846141675,0
0,0.9489565038527872,0
0,0.9667093875096913,0
0,0.2775588993845034,0
0,0.5621746491352985,0
0,0.8294014335216215,0
0,0.9773895982658503,0
0,0.3246467619183241,0
0,0.919716460182592,0
0,0.4542016740241452,0
0,0.4892011202354393,0
0,0.5755288682141105,0
0,0.0023417350991281785,0
0,0.7381528773278904,0
0,0.38641793642505656,0
0,0.6855113052008671,0
0,0.9230391924178415,0
0,0.21988576130124524,0
0,0.07653359915191216,0
0,0.12643787281846805,0
0,0.7209696049113147,0
0,0.6189142576857961,0
0,0.6606699261087641,0
0,0.32912453916868406,0
0,0.3765921425293904,0
0,0.16053543456590877,0
0,0.33220993338712995,0
0,0.9955064002151864,0
0,0.7184221768642901,0
0,0.9461875603234126,0
0,0.37958260154111484,0
0,0.03548994477935476,0
0,0.4298666160345564,0
0,0.2553598835461464,0
0,0.10933371307416022,0
0,0.5913197575987722,0
0,0.244331577032009,0
0,0.656492777013022,0
0,0.41170234648185944,0
0,0.9644625876172845,0
0,0.818705400231009,0
0,0.7872818468062214,0
0,0.483267669815351,0
0,0.3585860983212291,0
0,0.7324567649246057,0
0,0.9479596841822123,0
0,0.5148336260502208,0
0,0.7499723105647063,0
0,0.28630876093732693,0
0,0.7017452255502287,0
0,0.9704276831062799,0
0,0.7043875888039747,0
0,0.950174839005712,0
0,0.826964763215772,0
0,0.3204221452192212,0
0,0.9467097039603803,0
0,0.8662362937295296,0
0,0.9762029081818325,0
0,0.8844005632822265,0
0,0.9308238793689974,0
0,0.7498931978924384,0
0,0.83804053733327,0
0,0.01563266404012595,0
0,0.2513093147260328,0
0,0.9793199474691856,0
0,0.6165883451211215,0
0,0.9689878324710052,0
0,0.9848578345279347,0
0,0.9541779402224648,0
0,0.7476938656033923,0
0,0.9527222670527365,0
0,0.24414170661856616,0
0,0.9642094270660274,0
0,0.8409202386038196,0
0,0.9342415468109682,0
0,0.9366782171168178,0
0,0.9638771538425025,0
0,0.4668755241214538,0
0,0.08885935349124223,0
0,0.14892169427698929,0
0,0.6345943893292828,0
0,0.9326592933656113,0
0,0.09677062071802661,0
0,0.03566399265834402,0
0,0.1420863593930476,0
0,0.9530228952073543,0
0,0.6205756238034208,0
0,0.3233809591620386,0
0,0.2841568962516416,0
0,0.18928497966804322,0
0,0.9884337273144412,0
0,0.04832202022119903,0
0,0.4286641034160852,0
0,0.6438189269157134,0
0,0.9894147244505624,0
0,0.09862185724909416,0
0,0.14148510308381196,0
0,0.4698976282020854,0
0,0.9746206547364756,0
0,0.9812344741380674,0
0,0.8303191405199285,0
0,0.6260502207243557,0
0,0.7352415309884337,0
0,0.9891457413648518,0
0,0.44950238129143527,0
0,0.9016471258366165,0
0,0.9215676967136596,0
0,0.5332352336197212,0
0,0.9553646303064824,0
0,0.23831901393965285,0
0,0.9616303539500958,0
0,0.3356276008291008,0
0,0.11200772139681334,0
0,0.9866457809211879,0
0,0.6938497808578978,0
0,0.26964763215771903,0
0,0.835034255787092,0
0,0.973433964652458,0
0,0.9148114745019857,0
0,0.31062799639246214,0
0,0.12365310675463996,0
0,0.9151437477255107,0
0,0.8923592981123717,0
0,0.06006234078574706,0
0,0.7651302985712252,0
0,0.33140298412999797,0
0,0.6823626208446069,0
0,0.743263555956393,0
0,0.04161326561288587,0
0,0.8219173747250834,0
0,0.8261103463552791,0
0,0.012389044477144348,0
0,0.005348016645306245,0
0,0.40706634388696383,0
0,0.7340390183699625,0
0,0.6092941567380263,0
0,0.9438300026898309,0
0,0.5265423015458616,0
0,0.6804322716412715,0
0,0.4776823151532412,0
0,0.2827645132197275,0
0,0.38932928276451323,0
0,0.23790762804386006,0
0,0.9782914827297037,0
0,0.9636714608946061,0
0,0.13529849211246658,0
0,0.8797803832217844,0
0,0.7810952358348761,0
0,0.10876410183383174,0
0,0.3123051850445404,0
0,0.9406654957991171,0
0,0.6161136690875144,0
0,0.07634372873846933,0
0,0.34940902833815923,0
0,0.6253223841394915,0
0,0.08933402952484928,0
0,0.01844907517286119,0
0,0.5908292590307115,0
0,0.22784449613139032,0
0,0.3689340358538631,0
0,0.8067593867185646,0
0,0.5559405705605924,0
0,0.9631334947231848,0
0,0.9352541890159966,0
0,0.28249553013401685,0
0,0.9619468046391672,0
0,0.8799386085663201,0
0,0.24273350105219854,0
0,0.37274726665717317,0
0,0.8051929558076613,0
0,0.06004651825129349,0
0,0.48051454882043004,0
0,0.056154174775715576,0
0,0.9362984762899321,0
0,0.7768864416702267,0
0,0.15623170519453805,0
0,0.9565354978560466,0
0,0.12328918846220788,0
0,0.7738485150551415,0
0,0.17276625369851742,0
0,0.7883103115457034,0
0,0.6193098210471353,0
0,0.3373206120156327,0
0,0.9609499849685923,0
0,0.9311719751269758,0
0,0.20254426354013386,0
0,0.3320833531115014,0
0,0.30480530371354886,0
0,0.9920729102387621,1
0,0.8429455230138764,0
0,0.3099950950143194,0
0,0.8606984066707806,0
0,0.10702362304393918,0
0,0.8443220835113369,0
0,0.9386085663201532,0
0,0.1264695178873752,0
0,0.9421528140377525,0
0,0.474755146279331,0
0,0.934431417224411,0
0,0.8274869068527396,0
0,0.7469502064840746,0
0,0.7807154950079904,0
0,0.9738295280137973,0
0,0.8282780335754181,0
0,0.9275960823404693,0
0,0.11403300580687015,0
0,0.971345390104587,0
0,0.38271546336292145,0
0,0.8229458394645655,0
0,0.9526747994493758,0
0,0.7594658312368475,0
0,0.9311086849891616,0
0,0.8559516463347099,0
0,0.925697378206041,0
0,0.9403490451100457,0
0,0.8127403047420135,0
0,0.9443363237923451,0
0,0.2060726887232797,0
0,0.8612205503077482,0
0,0.7891963734751033,0
0,0.3056755431084951,0
0,0.16521890476416512,0
0,0.7276308919162672,0
0,0.9316624736950365,0
0,0.9438458252242844,0
0,0.7985316688027089,0
0,0.980775620638914,0
0,0.23816078859511716,0
0,0.6682805651809307,0
0,0.950285596746887,0
0,0.9363142988243857,0
0,0.3437762060726887,0
0,0.7306213509279916,0
0,0.9631334947231848,0
0,0.8959826585022389,0
0,0.9825002768943529,0
0,0.8459518045600545,0
0,0.9481653771301087,0
0,0.6855271277353207,0
0,0.8044176516194363,0
0,0.7990221673707695,0
0,0.4401512634293761,0
0,0.39768358095599754,0
0,0.7057483267669815,0
0,0.9584974921282892,0
0,0.298049081501875,0
0,0.951677979778801,0
0,0.9321846173320042,0
0,0.7925191057103527,0
0,0.19235455135203558,0
0,0.25039160772772584,0
0,0.8587047673296309,0
0,0.8970585908450815,0
0,0.8459043369566938,0
0,0.4215123178430721,0
0,0.9782914827297037,0
0,0.3826679957595608,0
0,0.9577380104745178,0
0,0.657995917786111,0
0,0.19319314567807472,0
0,0.307953988069809,0
0,0.6786601477824717,0
0,0.5382193319725954,0
0,0.7538013639024699,0
0,0.8564896125061312,0
0,0.6795303871774181,0
0,0.1520070884954352,0
0,0.6569358079777219,0
0,0.3526210028322337,0
0,0.5524121453774465,0
0,0.047799876584231266,0
0,0.1611208683406908,0
0,0.492919415832028,0
0,0.9648423284441702,0
0,0.10207116975997216,0
0,0.9694466859701587,0
0,0.3359440515181722,0
0,0.6106074270976725,0
0,0.9629119792408348,0
0,0.8880713912754545,0
0,0.9942089523899938,0
0,0.8654293444723976,0
0,0.4983307226151485,0
0,0.11311529880856315,0
1,0.9991139380706001,1
0,0.9582759766459391,0
0,0.9336561130361861,0
0,0.9676429170424519,0
0,0.7343712915934875,0
0,0.7207955570323255,0
0,0.8937200360753785,0
0,0.8148447018243382,0
0,0.8330564389803958,0
0,0.9308713469723581,0
0,0.9363142988243857,0
0,0.21099349693833958,0
0,0.9893039667093875,0
0,0.27524880935428236,0
0,0.4606572680812012,0
0,0.2230977357953197,0
0,0.8604927137228842,0
0,0.23825572380183857,0
0,0.9159665195170963,0
0,0.3298840208224553,0
0,0.7940222464834417,0
0,0.8436891821331941,0
0,0.9362351861521179,0
0,0.4708944478726602,0
0,0.6512713406433442,0
0,0.4727456844037278,0
0,0.20710115346276167,0
0,0.8404455625702125,0
0,0.8929289093527001,0
0,0.4277938640211389,0
0,0.6306071106469834,0
0,0.44489802376544674,0
0,0.4621920539231974,0
0,0.4238065853388396,0
0,0.9363617664277464,0
0,0.9301593329219474,0
0,0.9573899147165393,0
0,0.09832122909447635,0
0,0.9422002816411132,0
0,0.7452413727630892,0
0,0.4622236989921046,0
0,0.30997927247986584,0
0,0.03403427160962643,0
0,0.9170266293254854,0
0,0.3831110267242607,0
0,0.47777725035996266,0
0,0.7834844385373649,0
0,0.9687346719197482,0
0,0.6856695305454028,0
0,0.018338317431686207,0
0,0.9346054651034003,0
0,0.8102245217638961,0
0,0.6229015363680954,0
0,0.4434423505957184,0
0,0.22575592158351926,0
0,0.9634341228778026,0
0,0.488441638581668,0
0,0.9374535213050427,0
0,0.9572316893720036,0
0,0.8654926346102119,0
0,0.3713390610908055,0
0,0.935902912928593,0
0,0.787550829891932,0
0,0.21871489375168116,0
0,0.2958181041439218,0
0,0.20727520134175093,0
0,0.6145472381766112,0
0,0.8914732361829718,0
0,0.6456226958434202,0
0,0.3899938292115631,0
0,0.507302099650322,0
0,0.4832834923498046,0
0,0.16400056961124032,0
0,0.37545292004873343,0
0,0.06493568139744624,0
0,0.041233524786000224,0
0,0.6861442065790099,0
0,0.24145187576145946,0
0,0.9606493568139745,0
0,0.7864748975490894,0
0,0.9789876742456607,0
0,0.6229015363680954,0
0,0.5148178035157671,0
0,0.9929431496337083,0
0,0.13393775414945966,0
0,0.9340991440008861,0
0,0.40080062024335056,0
0,0.29939399693042834,0
0,0.6660970554263382,0
0,0.8587205898640844,0
0,0.7438964573345358,0
0,0.9121532887137862,0
0,0.8147497666176168,0
0,0.13727630891916268,0
0,0.26029651429565986,0
0,0.3995664625559722,0
0,0.5952279236088036,0
0,0.16227591335580133,0
0,0.9518836727266974,0
0,0.9415673802629705,0
0,0.03351212797265866,0
0,0.1108684989161564,0
0,0.37944019873103274,0
0,0.463014825714783,0
0,0.24626192623534437,0
0,0.26187876774101676,0
0,0.9379123748041961,0
0,0.42777804148668536,0
0,0.9146690716919036,0
0,0.06721412635876015,0
0,0.6932327020142086,0
0,0.8608408094808626,0
0,0.5523013876362716,0
0,0.24010696033290613,0
0,0.9446053068780558,0
0,0.9640512017214917,0
0,0.946725526494834,0
0,0.9324061328143542,0
0,0.31225771744117975,0
0,0.16088353032388727,0
0,0.1209949209664404,0
0,0.9568203034762108,0
0,0.7199727852407398,0
0,0.11510893814971282,0
0,0.44165440420246516,0
0,0.9320422145219222,0
0,0.4646920143668613,0
0,0.6350057752250755,0
0,0.6495783294568124,0
0,0.6969035300074365,0
0,0.9255075077925983,0
0,0.7911425452128922,0
0,0.5566051170076423,0
0,0.8984984414803563,0
0,0.9381813578899068,0
0,0.9632284299299062,0
0,0.25509090046043575,0
0,0.26217939589563455,0
0,0.9502697742124333,0
0,0.9478014588376766,0
0,0.982278761412003,0
0,0.9359187354630465,0
0,0.8735937722504391,0
0,0.9440515181721808,0
0,0.220518662679388,0
0,0.06260976883277164,0
0,0.9660764861315485,0
0,0.9235296909859021,0
0,0.615211784623661,0
0,0.33344409107450834,0
0,0.8867739434502618,0
0,0.509469786870461,0
0,0.5128241641746175,0
0,0.5876489296055443,0
0,0.9754276039936077,0
0,0.1775921267068559,0
0,0.8580718659514881,0
0,0.10814702299014256,0
0,0.9988766000537966,0
0,0.20157908893846616,0
0,0.09037831679878483,0
0,0.9568835936140251,0
0,0.9997784845176501,0
0,0.4715748168541637,0
0,0.4816063036977263,0
0,0.37944019873103274,0
0,0.5601968323286024,0
0,0.17858894637743072,0
0,0.9427857154158953,0
0,0.9724846125852439,0
0,0.7863957848768216,0
0,0.8588788152086201,0
0,0.8698280090504897,0
0,0.8022816094682046,0
0,0.35811142228762205,0
0,0.9781649024540751,0
0,0.32714672236198794,0
0,0.8158889890982738,0
0,0.4856568725178399,0
0,0.08928656192148858,0
0,0.6110979256657332,0
0,0.9622474327937849,0
0,0.1791743801522128,0
0,0.9815351022926853,0
0,0.47459692093479533,0
0,0.9472634926662553,0
0,0.9533077008275186,0
0,0.05743580006645464,0
0,0.43138557934209903,0
0,0.13805161310738753,0
0,0.28929921994905144,0
0,0.8996218414265597,0
0,0.09588455878862676,0
0,0.9772155503868609,0
0,0.4158478505086945,0
0,0.44837898134523185,0
0,0.8640844290438442,0
0,0.9216942769892882,0
0,0.9491780193351371,0
0,0.8674862739513616,0
0,0.9443363237923451,0
0,0.2919890508061581,0
0,0.8804607522032879,0
0,0.9257132007404946,0
0,0.23428426765399282,0
0,0.2862296482650591,0
0,0.5167481527191026,0
0,0.3963386655274442,0
0,0.7040394930459961,0
0,0.16703849622632552,0
0,0.594737425040743,0
0,0.7305422382557238,0
0,0.9501590164712583,0
0,0.16078859511716587,0
0,0.24855619373111185,0
0,0.7436274742488251,0
0,0.9614879511400136,0
0,0.7310643818926915,0
0,0.7578361101881299,0
0,0.7430578630084967,0
0,0.5346592617205423,0
0,0.9895413047261911,0
0,0.11094761158842423,0
0,0.7357953196943087,0
0,0.33338080093669403,0
0,0.2723691080837328,0
0,0.48603661334472553,0
0,0.7997974715589943,0
0,0.09034667172987769,0
0,0.9893672568472018,0
0,0.9072008354298191,0
0,0.17923767029002705,0
0,0.8424708469802693,0
0,0.9928323918925334,0
0,0.8727077103210392,0
0,0.8790367241024667,0
0,0.44632205186626794,0
0,0.4144238224078733,0
0,0.9996835493109286,0
0,0.4667331213113717,0
0,0.2168636572206136,0
0,0.9606335342795209,0
0,0.9374535213050427,0
0,0.13007705574278888,0
0,0.1393015933292195,0
0,0.27176785177449725,0
0,0.7154633629214727,0
0,0.8298444644863214,0
0,0.9684498662995839,0
0,0.6413347890065031,0
0,0.08555244379044635,0
0,0.9486716982326229,0
0,0.6460024366703059,0
0,0.9670100156643091,0
0,0.8546700210439708,0
0,0.9832439360136707,0
0,0.9487824559737978,0
0,0.29344472397588645,0
0,0.16945934399772156,0
0,0.31083368934035854,0
0,0.721950602047436,0
0,0.5332510561541748,0
0,0.8495118748121074,0
0,0.8785462255344061,0
0,0.9564722077182323,0
0,0.3963386655274442,0
0,0.6049429597632949,0
0,0.6438980395879812,0
0,0.9751586209078971,0
0,0.9402224648344172,0
0,0.9440198731032737,0
0,0.924304995174127,0
0,0.8533251056154175,0
0,0.8925017009224537,0
0,0.46728691001724654,0
0,0.6767456211135899,0
0,0.9896837075362731,0
0,0.9417256056075062,0
0,0.9935444059429439,0
0,0.3106121738580086,0
0,0.955823483805636,0
0,0.7372193477951299,0
0,0.6013354219078813,0
0,0.6566984699609183,0
0,0.8422018638945586,0
0,0.9207923925254348,0
0,0.9376908593218461,0
0,0.5172544738216167,0
0,0.6100852834607048,0
0,0.357415230771665,0
0,0.9923577158589263,0
0,0.3526210028322337,0
0,0.5412097909843199,0
0,0.16322526542301546,0
0,0.6557491178937042,0
0,0.9698897169348586,0
0,0.982278761412003,1
0,0.980918023448996,0
0,0.33551684308792584,0
0,0.9570259964241072,0
0,0.9925950538757298,0
0,0.10658059207923926,0
0,0.8016012404867011,0
0,0.7662220534485213,0
0,0.47666967294821283,0
0,0.5827597664593914,0
0,0.8794955776016202,0
0,0.9543994557048148,0
0,0.8294014335216215,0
0,0.9398585465419851,0
0,0.9554912105821111,0
0,0.9902374962421481,0
0,0.9246214458631984,0
0,0.9713928577079477,0
0,0.31675131722599326,0
0,0.7399091786522365,0
0,0.5194696286451164,0
0,0.46595781712314677,0
0,0.9147007167608108,0
0,0.7257638328507461,0
0,0.20230692552333032,0
0,0.5341054730146675,0
0,0.831584943276214,0
0,0.5246594199458869,0
0,0.9208240375943418,0
0,0.9554912105821111,0
0,0.6481859464248984,0
0,0.7558741159158874,0
0,0.2930491606145472,0
0,0.10004588534991535,0
0,0.9805699276910176,0
0,0.5365104982516099,0
0,0.46369519469628645,0
0,0.36241515165899274,0
0,0.793389345105299,0
0,0.5469217259220582,0
0,0.23111976076327906,0
0,0.6843087925823959,0
0,0.6743722409455547,0
0,0.7924874606414456,0
0,0.9271846964446765,0
0,0.6853056122529707,0
0,0.9620259173114349,0
0,0.9393047578361102,0
0,0.5916836758912043,0
0,0.13213398522175282,0
0,0.5942943940760431,0
0,0.8968370753627316,0
0,0.9246372683976519,0
0,0.3380326260660433,0
0,0.8849227069191943,0
0,0.8484359424692647,0
0,0.946060980047784,0
0,0.12104238856980111,0
0,0.9820256008607459,0
0,0.35027926773310547,0
0,0.12961820224363538,0
0,0.9009984019240201,0
0,0.15681713896932012,0
0,0.9186563503742029,0
0,0.9416464929352384,0
0,0.4305944526194206,0
0,0.3393933640290502,0
0,0.8261419914241863,0
0,0.2610718184838847,0
0,0.9795098178826285,0
0,0.2868309045742947,0
0,0.22700590180535118,0
0,0.15741839527855572,0
0,0.9514406417619974,0
0,0.6550529263777471,0
0,0.32434613376370625,0
0,0.2552174807360643,0
0,0.666397683580956,0
0,0.7492761190487492,0
0,0.7342605338523125,0
0,0.7376307336909226,0
0,0.841379092102973,0
0,0.17400041138589578,0
0,0.33222575592158354,0
0,0.34959889875160205,0
0,0.20509169158715843,0
0,0.7897659847154317,0
0,0.6822043955000712,0
0,0.9605860666761602,0
0,0.5853388395753232,0
0,0.5704340121200614,0
0,0.530086549263461,0
0,0.9874527301783199,0
0,0.5869685606240408,0
0,0.12521953766554328,0
0,0.4643280960744292,0
0,0.29263777471875446,0
0,0.685147386908435,0
0,0.9546842613249791,0
0,0.4323982215471274,0
0,0.19953798199395578,0
0,0.9478014588376766,0
0,0.9140203477793073,0
0,0.42706602743627475,0
0,0.8762203129697315,0
0,0.9886235977278841,0
0,0.4813214980775621,0
0,0.6491669435610196,0
0,0.3103431907722979,0
0,0.6953529216309868,0
0,0.8388633091248556,0
0,0.8022499643992975,0
0,0.8204933466242623,0
0,0.9526115093115616,0
0,0.6924573978259838,0
0,0.32592838720906314,0
0,0.9430072308982452,0
0,0.15157988006518885,0
0,0.10151738105409724,0
0,0.9732599167734688,0
0,0.5876172845366371,0
0,0.9228809670733058,0
0,0.1702504707204,0
0,0.9149696998465214,0
0,0.3798674071612791,0
0,0.9690985902121801,0
0,0.9425483773990918,0
0,0.9013781427509059,0
0,0.3932690938434518,0
0,0.45417002895523806,0
0,0.9417256056075062,0
0,0.5357668391322922,0
0,0.7714434898181991,0
0,0.9943988228034366,0
0,0.9702694577617442,0
0,0.1979557285485989,0
0,0.5693422572427651,0
0,0.8554927928355563,0
0,0.6334235217797187,0
0,0.6897675669688771,0
0,0.6502428759038623,0
0,0.9757124096137719,0
0,0.18211737156057659,0
0,0.8314108953972247,0
0,0.5932659293365611,0
0,0.1239853799781649,0
0,0.15784560370880207,0
0,0.9608075821585101,0
0,0.7090868815366845,0
0,0.4042024651508679,0
0,0.5417319346212877,0
0,0.8177560481637949,0
0,0.8708722963244252,0
0,0.6195155139950317,0
0,0.4803405009414408,0
0,0.04969858071865951,0
0,0.2501068021075616,0
0,0.721950602047436,0
0,0.47130583376845303,0
0,0.26045473964019555,0
0,0.9252543472413411,0
0,0.97020616762393,0
0,0.28252717520292403,0
0,0.4970174522555023,0
0,0.4747076786759703,0
0,0.9425483773990918,0
0,0.712631129254284,0
0,0.3704371766269521,0
0,0.7538646540402841,0
0,0.8931662473695037,0
0,0.8674388063480009,0
0,0.957912058353507,0
0,0.5361624024936315,0
0,0.7508900175630132,0
0,0.23173683960696825,0
0,0.5273808958719007,0
0,0.44617964905618585,0
0,0.6368886568250502,0
0,0.37122830334963053,0
0,0.2751380516131074,0
0,0.9486400531637158,0
0,0.8359361402509454,0
0,0.3253271308998275,0
0,0.9634974130156169,0
0,0.8418063005332194,0
0,0.4903403427160963,0
0,0.8769006819512349,0
0,0.9564247401148716,0
0,0.9592569737820604,0
0,0.8084365753706428,0
0,0.5781079413300423,0
0,0.48227085014477616,0
0,0.4075251973861173,0
0,0.20396829164095504,0
0,0.2923055014952295,0
0,0.3465293270676097,0
0,0.42497745288840366,0
0,0.32874479834179837,0
0,0.5179348428031202,0
0,0.4231420388917897,0
0,0.9699688296071265,0
0,0.17229157766491038,0
0,0.34714640591129886,0
0,0.9474375405452445,0
0,0.4523346149586241,0
0,0.8251768168225186,0
0,0.9614721286055601,0
0,0.25785984398981027,0
0,0.15156405753073526,0
0,0.0996661445230297,0
0,0.9552538725653075,0
0,0.9496368728342905,0
0,0.6993718453821933,0
0,0.36603851204886,0
0,0.540212971313745,0
0,0.6740557902564833,0
0,0.3198208889099856,0
0,0.17314599452540308,0
0,0.4923972721950602,0
0,0.9680543029382447,0
0,0.8466954636793722,0
0,0.8859195265897691,0
0,0.6149586240724039,0
0,0.8542902802170852,0
0,0.22312938086422685,0
0,0.6491194759576588,0
0,0.6651793484280312,0
0,0.9853166880270882,0
0,0.714577300992073,0
0,0.9412667521083528,0
0,0.7040711381149033,0
0,0.7653676365880286,0
0,0.5269062198382937,0
0,0.3970348570434012,0
0,0.8755557665226816,0
0,0.8041961361370864,0
0,0.9810446037246247,0
0,0.43712915934874447,0
0,0.5676650685906869,0
0,0.43629056502270536,0
0,0.8289109349535608,0
0,0.7938798436733596,0
0,0.6554168446701792,0
0,0.9861711048875809,0
0,0.4003892343475578,0
0,0.5208936567459376,0
0,0.7455261783832534,0
0,0.5610037815857344,0
0,0.9590354582997105,0
0,0.940887011281467,0
0,0.5016850999193051,0
0,0.4071771016281388,0
0,0.2940618028195756,0
0,0.8443379060457904,0
0,0.9693201056945302,0
0,0.9693201056945302,0
0,0.4714798816474423,0
0,0.9228967896077593,0
0,0.2912453916868404,0
0,0.6118099397161437,0
0,0.9977848451765003,0
0,0.13988702710400153,0
0,0.898435151342542,0
0,0.37994651983354694,0
0,0.40815809876426007,0
0,0.17504469865983133,0
0,0.4352462777487698,0
0,0.8161263271150773,0
0,0.9360927833420357,0
0,0.48152719102545843,0
0,0.9897469976740875,0
0,0.4697077577886426,0
0,0.6705590101422446,0
0,0.8002721475926013,0
0,0.743121153146311,0
0,0.6548472334298507,0
0,0.9468204617015553,0
0,0.9495735826964763,0
0,0.9345738200344931,0
0,0.26640401259473745,0
0,0.6481859464248984,0
0,0.7443236657647821,0
0,0.18869954589326118,0
0,0.9016471258366165,0
0,0.6469043211341593,0
0,0.4983307226151485,0
0,0.4733944083163241,0
0,0.5535988354614643,0
0,0.2940301577506685,0
0,0.17876299425642,0
0,0.434027942595845,0
0,0.9530228952073543,0
0,0.9156500688280249,0
0,0.27540703469881805,0
0,0.9488615686460657,0
0,0.22458505403395515,0
0,0.2419898419328808,0
0,0.12613724466385026,0
0,0.5290580845239791,0
0,0.8585623645195487,0
0,0.7873293144095821,0
0,0.3078274077941805,0
0,0.9686713817819338,0
0,0.9712979225012263,0
0,0.573566873941868,0
0,0.7869337510482429,0
0,0.5053401053780795,0
0,0.9680701254726982,0
0,0.7363016407968228,0
0,0.6503852787139444,0
0,0.4880460752203288,0
0,0.2782392683660069,0
0,0.171057419977532,0
0,0.1181152196958909,0
0,0.9206816347842598,0
0,0.4391386212243477,0
0,0.487413173842186,0
0,0.9347004003101217,0
0,0.9330073891235898,0
0,0.5629499533235234,0
0,0.6052277653834591,0
0,0.7385009730858689,0
0,0.786047689118843,0
0,0.7330738437682948,0
0,0.42008828974225093,0
0,0.9608234046929637,0
0,0.9783547728675179,0
0,0.9136089618835145,0
0,0.5978228192591889,0
0,0.568392905175551,0
0,0.6426005917627886,0
0,0.5610670717235486,0
0,0.8657774402303761,0
0,0.9035300074365912,0
0,0.3835224126200535,0
0,0.3672093795984241,0
0,0.6631857090868816,0
0,0.21716428537523141,0
0,0.7298776918086739,0
0,0.9804275248809354,0
0,0.6337874400721507,0
0,0.9606810018828816,0
0,0.9857122513884274,0
0,0.9367098621857249,0
0,0.513646935966203,0
0,0.7209063147735004,0
0,0.9356497523773358,0
0,0.5451496020632585,0
0,0.7280581003465135,0
0,0.947643233493141,0
0,0.7493868767899242,0
0,0.7786427429945729,0
0,0.953766554326672,0
0,0.9946203382857867,0
0,0.9923577158589263,0
0,0.7422509137513646,0
0,0.9747630575465578,0
0,0.9618993370358064,0
0,0.5754181104729356,0
0,0.6941504090125157,0
0,0.9587822977484534,0
0,0.5117007642284142,0
0,0.9844148035632347,0
0,0.9040837961424661,0
0,0.598629768516321,0
0,0.8527713169095426,0
0,0.8866157181057261,0
0,0.7321561367699878,0
0,0.882438569009984,0
0,0.8784038227243239,0
0,0.6319678486099903,0
0,0.9648265059097166,0
0,0.9604911314694388,0
0,0.9935602284773976,0
0,0.9968829607126469,0
0,0.7102577490862486,0
0,0.42837929779592093,0
0,0.7956044999287986,0
0,0.7981993955791838,0
0,0.9654910523567665,0
0,0.7966962548060949,0
0,0.49045110045727125,0
0,0.8379614246610022,0
0,0.5773168146073638,0
0,0.739893356117783,0
0,0.9740193984272401,0
0,0.5645480293033338,0
0,0.8823119887343555,0
0,0.815477603202481,0
0,0.44246135345959714,0
0,0.9729434660843974,0
0,0.8809037831679879,0
0,0.6846885334092815,0
0,0.9955222227496401,0
0,0.957912058353507,0
0,0.5549912184933783,0
0,0.9255549753959589,0
0,0.9545418585148969,0
0,0.36428221072451383,0
0,0.931314377937058,0
0,0.8460467397667758,0
0,0.6260502207243557,0
0,0.7359060774354836,0
0,0.5833135551652664,0
0,0.9194316545624278,0
0,0.7526304963529058,0
0,0.5795319694308634,0
0,0.5324599294314963,0
0,0.8244489802376544,0
0,0.9812186516036139,0
0,0.8955079824686318,0
0,0.9840350627363491,0
0,0.45747693865603395,0
0,0.9640512017214917,0
0,0.6557807629626113,0
0,0.9743200265818579,0
0,0.8808879606335343,0
0,0.5505450863119254,0
0,0.9518045600544295,0
0,0.8949383712283033,0
0,0.7793072894416228,0
0,0.938102245217639,0
0,0.8221388902074335,0
0,0.9720890492239047,0
0,0.9400009493520672,0
0,0.946060980047784,0
0,0.4354677932311198,0
0,0.9255075077925983,0
0,0.9968354931092862,0
0,0.7959367731523236,0
0,0.6065726808120124,0
0,0.9764718912675432,0
0,0.6119048749228652,0
0,0.492808658090853,0
0,0.9859179443363237,1
0,0.7234220977516178,0
0,0.5479660131959937,0
0,0.690685273967184,0
0,0.9560766443568931,0
0,0.9831806458758564,0
0,0.7466337557950032,0
0,0.3103906583756586,0
0,0.8633407699245265,0
0,0.7783421148399551,0
0,0.9437350674831094,0
0,0.6695621904716698,0
0,0.7332953592506448,0
0,0.9515988671065331,0
0,0.9599848103669246,0
0,0.34918751285580923,0
0,0.4846284077783579,0
0,0.6421259157291815,0
0,0.6091359313934906,0
0,0.4001360737963007,0
0,0.8294014335216215,0
0,0.9410610591604563,0
0,0.8186421100931948,0
0,0.9912501384471765,0
0,0.9799053812439676,0
0,0.33945665416686444,0
0,0.9478014588376766,0
0,0.8532459929431496,0
0,0.3783484438537365,0
0,0.6626793879843673,0
0,0.6669356497523773,0
0,0.3767187228050189,0
0,0.8265691998544327,0
0,0.9228176769354915,0
0,0.9884337273144412,0
0,0.689182133194095,0
0,0.9747630575465578,0
0,0.47043559437350674,0
0,0.3129697314915903,0
0,0.6533440926567617,0
0,0.6913656429486875,0
0,0.7321086691666271,0
0,0.8096549105235676,0
0,0.9326592933656113,0
0,0.9701112324172085,0
0,0.9862185724909416,0
0,0.4383791395705764,0
0,0.9594626667299568,0
0,0.3608012531447287,0
0,0.7897659847154317,0
0,0.3844242970839069,0
0,0.6528377715542476,0
0,0.8867422983813548,0
0,0.7933102324330311,0
0,0.7955728548598915,0
0,0.8792265945159096,0
0,0.953513393775415,0
0,0.992515941203462,0
0,0.36053227005901806,0
0,0.9873261499026914,0
0,0.8236894985838832,0
0,0.24562902485720162,0
0,0.7388807139127546,0
0,0.3990284963845509,0
0,0.9845730289077704,0
0,0.38409202386038194,0
0,0.6005759402541099,0
0,0.7547032483663233,0
0,0.9633866552744419,0
0,0.44165440420246516,0
0,0.9875476653850414,0
0,0.9551431148241325,0
0,0.8364899289568203,0
0,0.9892881441749339,0
0,0.8749070426100852,0
0,0.8805873324789165,0
0,0.5635037420293982,0
0,0.8175028876125378,0
0,0.9561082894258002,0
0,0.9426591351402668,0
0,0.689989082451227,0
0,0.8342905966677743,0
0,0.960775937089603,0
0,0.3115773484596763,0
0,0.9047166975206089,0
0,0.9985443268302717,0
0,0.14953877312067848,0
0,0.22627806522048702,0
0,0.8842898055410515,0
0,0.9621841426559706,0
0,0.8034524770177687,0
0,0.8144016708596383,0
0,0.43436021581936995,0
0,0.5828388791316593,0
0,0.6423948988148922,0
0,0.9621841426559706,0
0,0.9651587791332416,0
0,0.15240265185677443,0
0,0.8804765747377415,0
0,0.9844464486321419,0
0,0.9782914827297037,0
0,0.9623107229315991,0
0,0.5705289473267828,0
0,0.9975158620907897,0
0,0.9531178304140757,0
0,0.5937089603012611,0
0,0.4169079603170836,0
0,0.22325596113985538,0
0,0.42947105267321717,0
0,0.9297954146295153,0
0,0.9664087593550735,0
0,0.9014572554231737,0
0,0.9760921504406576,0
0,0.9528172022594579,0
0,0.3904526827107166,0
0,0.9622316102593313,0
0,0.953070362810715,0
0,0.9568677710795715,0
0,0.5016850999193051,0
0,0.8817265549595734,0
0,0.37923450578313633,0
0,0.32183035078558886,0
0,0.7987690068195124,0
0,0.3394091865635037,0
0,0.5398015854179522,0
0,0.9238777867438807,0
0,0.18781348396386133,0
0,0.8864100251578297,0
0,0.9395104507840066,0
0,0.07355896267464122,0
0,0.3809433395041218,0
0,0.9947310960269616,0
0,0.5350390025474281,0
0,0.8499549057768073,0
0,0.3910222939510451,0
0,0.9881963892976376,0
0,0.5329504279995569,0
0,0.7678834195661461,0
0,0.9389724846125852,0
0,0.5565892944731887,0
0,0.42877486115726016,0
0,0.6932801696175693,0
0,0.9538456669989399,0
0,0.21192702647110015,0
0,0.9971519437983576,0
0,0.3508805240423411,0
0,0.46646413822566096,0
0,0.3977943386971725,0
0,0.9832439360136707,0
0,0.41206626477429154,0
0,0.1200297463647727,0
0,0.2637141817376307,0
0,0.34993117197512696,0
0,0.9362193636176642,0
0,0.6672995680448094,0
0,0.7358427872976694,0
0,0.7994810208699229,0
0,0.544912264046455,0
0,0.06935016850999193,0
0,0.4789322953750732,0
0,0.9406496732646635,0
0,0.14063068622331926,0
0,0.976883277163336,0
0,0.7647980253477002,0
0,0.15143747725510673,0
0,0.2468157149412193,0
0,0.02732551700131327,0
0,0.40572142845841047,0
0,0.03028433094413063,0
0,0.6403696144048354,0
0,0.9246214458631984,0
0,0.09343206594832361,0
0,0.9412983971772598,0
0,0.43242986661603455,0
0,0.37766807487223303,0
0,0.26284394234268443,0
0,0.3534121295549121,0
0,0.9722156294995332,0
0,0.27135646587870443,0
0,0.25442635401338587,0
0,0.5262100283223367,0
0,0.617268714102625,0
0,0.21350927991645702,0
0,0.12745051502349647,0
0,0.9968196705748327,0
0,0.9752535561146184,0
0,0.9522317684846758,0
0,0.9489406813183335,0
0,0.159902533187766,0
0,0.36099112355817153,0
0,0.8325342953434282,0
0,0.7056375690258065,0
0,0.9199537981993956,0
0,0.9504438220914226,0
0,0.6513504533156121,0
0,0.0941440799987342,0
0,0.630733690922612,0
0,0.39939241467698294,0
0,0.38292115631081786,0
0,0.22483821458521225,0
0,0.6588661571810572,0
0,0.6469043211341593,0
0,0.8732140314235535,0
0,0.27784370500466765,0
0,0.8998117118400025,0
0,0.12056771253619404,0
0,0.9084508156516511,0
0,0.8977864274299457,0
0,0.7924558155725384,0
0,0.7626619831964684,0
0,0.390658375658613,0
0,0.786712235565893,0
0,0.42649641619594625,0
0,0.8960301261055996,0
0,0.9113305169222006,0
0,0.9822629388775495,0
0,0.08088479612664357,0
0,0.9571683992341893,0
0,0.9523425262258508,0
0,0.8536257337700353,0
0,0.7910159649372637,0
0,0.16942769892881443,0
0,0.559769623898356,0
0,0.9522792360880366,0
0,0.935238366481543,0
0,0.6226325532823848,0
0,0.7988639420262338,0
0,0.6656065568582775,0
0,0.9431654562427809,0
0,0.9488299235771586,0
0,0.9493204221452192,0
0,0.994129839717726,0
0,0.26847676460815495,0
0,0.3555956393095046,0
0,0.953513393775415,0
0,0.8917896868720432,0
0,0.9775320010759323,0
0,0.6498314900080695,0
0,0.9174380152212781,0
0,0.5876489296055443,0
0,0.4580307273619088,0
0,0.8352241262005348,0
0,0.29056502270533696,0
0,0.43749307764117656,0
0,0.9835762092371956,0
0,0.9746206547364756,0
0,0.18937991487476463,0
0,0.23575576335817472,0
0,0.7903988860935744,0
0,0.01996803848040379,0
0,0.9778800968339109,0
0,0.011313112134301672,0
0,0.05772060568661888,0
0,0.18850967547981837,0
0,0.9757282321482255,0
0,0.2804544231895065,0
0,0.4767962532238414,0
0,0.7241657568709355,0
0,0.185550861537001,0
0,0.6351956456385184,0
0,0.21816110504580624,0
0,0.9761237955095647,0
1,0.9968354931092862,1
0,0.5043432857075046,0
0,0.9711713422255976,0
0,0.012578914890587174,0
0,0.9818040853783959,1
0,0.39474058954763375,0
0,0.416195946266673,0
0,0.2740779418047183,0
0,0.022673691871964052,0
0,0.03192987452730178,0
0,0.8055252290311862,0
0,0.04292653597253208,0
0,0.06101169285296119,0
0,0.7177734529516938,0
0,0.9116311450768184,0
0,0.9552538725653075,0
0,0.38535782661666745,0
0,0.45488204300564866,0
0,0.9270422936345943,0
0,0.5439629119792408,0
0,0.553757060806,0
0,0.862438885460673,0
0,0.9573582696476322,0
0,0.9366623945823642,0
0,0.9458869321687948,0
0,0.6733754212749798,0
0,0.9581810414392178,0
0,0.2521953766554327,0
0,0.8267748928023291,0
0,0.7844970807423933,0
0,0.9853641556304489,0
0,0.9875160203161343,0
0,0.9693517507634373,0
0,0.0925776490878309,0
0,0.8029303333808009,0
0,0.2536352272907074,0
0,0.08455562411987153,0
0,0.14945966044841064,0
0,0.7657631999493679,0
0,0.2859290201104413,0
0,0.4704197718390532,0
0,0.3050742867992595,0
0,0.279995569690353,0
0,0.04947706523630955,0
0,0.7028369804275248,0
0,0.37148146390088765,0
0,0.4077308903340137,0
0,0.42947105267321717,0
0,0.9887501780035126,1
0,0.8607775193430484,0
0,0.028322336671888104,0
0,0.2772582712298856,0
0,0.9819464881884781,0
0,0.25493267511590006,0
0,0.48649546684387907,0
0,0.3724149934336482,0
0,0.2963718928497967,0
0,0.9555861457888325,0
0,0.1712631129254284,0
0,0.6018259204759419,0
0,0.11855825066059081,0
0,0.20711697599721524,0
0,0.31586525529659343,0
0,0.6261293333966235,0
0,0.6560972136516827,0
0,0.8244489802376544,0
0,0.9815351022926853,0
0,0.35232037467761584,0
0,0.97446242939194,0
0,0.9479280391133051,0
0,0.6329963133494724,0
0,0.015933292194743754,0
0,0.9632917200677205,0
0,0.9941773073210867,0
0,0.2115947532475752,0
0,0.20803468299552222,0
0,0.1391433679846838,0
0,0.4802772108036265,0
0,0.11483995506400216,0
0,0.858293381433838,0
0,0.9750162180978149,0
0,0.33140298412999797,0
0,0.992626698944637,0
0,0.7375990886220155,0
0,0.9910760905681872,0
0,0.9854274457682631,0
0,0.3628423600892391,0
0,0.9780066771095394,0
0,0.8355089318206991,0
0,0.8032626066043259,0
0,0.9077862692046011,0
0,0.7560639863293303,0
0,0.18112055189000173,0
0,0.5587253366244205,0
0,0.924526510656477,0
0,0.9879115836774734,0
0,0.5307036281071502,0
0,0.10767234695653549,0
0,0.9601430357114603,0
0,0.4535687726460024,0
0,0.8972959288618851,0
0,0.9441780984478094,0
0,0.36361766427746395,0
0,0.9064413537760478,0
0,0.9104602775272543,0
0,0.9879115836774734,0
0,0.0865967310643819,0
0,0.9356022847739751,0
0,0.2626540719292416,0
0,0.29641936045315737,0
0,0.6083606272052657,0
0,0.6316830429898261,0
0,0.9997626619831965,0
0,0.3260549674846917,0
0,0.38798436733595987,0
0,0.9734181421180045,0
0,0.08870112814670654,0
0,0.9765351814053576,0
0,0.3382224964794861,0
0,0.9343206594832361,0
0,0.12349488141010427,0
0,0.9412509295738991,0
0,0.27852407398617113,0
0,0.962500593345042,0
0,0.6602901852818784,0
0,0.22165788516004495,0
0,0.7111438110156485,0
0,0.23615132671951394,0
0,0.2441258840841126,0
0,0.9950159016471258,0
0,0.14525086628376133,0
0,0.9416781380041455,0
0,0.7134222559769624,0
0,0.813863704688217,0
0,0.7208746697045932,0
0,0.4490435277922818,0
0,0.27572348538788943,0
0,0.023654689008085317,0
0,0.6219363617664277,0
0,0.9504754671603297,0
0,0.5454344076834228,0
0,0.9540513599468363,0
0,0.88060315501337,0
0,0.972848530877676,0
0,0.4810050473884907,0
0,0.10972927643549944,0
0,0.40394930459961076,0
0,0.017594658312368474,0
0,0.7266340722456923,0
0,0.049587822977484534,0
0,0.5942627490071359,0
0,0.5415420642078448,0
0,0.316466511605829,0
0,0.8613313080489233,0
0,0.9901267385009731,0
0,0.25820793974778883,0
0,0.5959715827281213,0
0,0.9933387129950475,0
0,0.6599262669894463,0
0,0.2489359345579975,0
0,0.010427050204901821,0
0,0.07547348934352305,0
0,0.9464248983402161,0
0,0.8763943608487208,0
0,0.6154649451749181,0
0,0.6188667900824354,0
0,0.6550845714466543,0
0,0.9416464929352384,0
0,0.3425736934542175,0
0,0.5282036676634864,0
0,0.2736032657711112,0
0,0.9613139032610244,0
0,0.913039350643186,0
0,0.3005015743421781,0
0,0.9214727615069381,0
0,0.02139206658122498,0
0,0.27575513045679656,0
0,0.5423490134649768,0
0,0.622110409645417,0
0,0.42511985569848576,0
0,0.1572285248651129,0
0,0.6743405958766475,0
0,0.5015110520403158,0
0,0.4542333190930523,0
0,0.40171832724165757,0
0,0.5618107308428664,0
0,0.9385610987167925,0
0,0.7184221768642901,0
0,0.28752709609025173,0
0,0.11672283666397684,0
0,0.1859464248983402,0
0,0.12501384471764687,0
0,0.848277717124729,0
0,0.6651318808246705,0
0,0.32004240439233556,0
0,0.2920523409439724,0
0,0.4556573471938735,0
0,0.9869938766791665,0
0,0.1461843958165219,0
0,0.9565513203905002,0
0,0.9507919178494011,0
0,0.3315928545434408,0
0,0.35222543947089446,0
0,0.22657869337510483,0
0,0.2836980427524881,0
0,0.8063796458916789,0
0,0.04922390468505245,0
0,0.03738864891378301,0
0,0.6893245360041772,0
0,0.3962120852518156,0
0,0.9244632205186627,0
0,0.8915523488552396,0
0,0.8335152924795494,0
0,0.8730083384756571,0
0,0.9831648233414029,0
0,0.9661081312004557,0
0,0.9343048369487824,0
0,0.8736728849227069,0
0,0.5952437461432573,0
0,0.8539738295280138,0
0,0.2063258492745368,0
0,0.3746459707916014,0
0,0.9869147640068986,0
0,0.9539722472745684,0
0,0.06715083622094586,0
0,0.7953038717741808,0
0,0.40111707093242194,0
0,0.5208303666081233,0
0,0.9879115836774734,0
0,0.92338728817582,0
0,0.26366671413427,0
0,0.6270786854638376,0
0,0.8222971155519692,0
0,0.9545102134459897,0
0,0.017040869606493567,0
0,0.3440451891583994,0
0,0.9415199126596098,0
0,0.6718722805018907,0
0,0.29814401670859636,0
0,0.9416464929352384,0
0,0.022230660907264124,0
0,0.14352621002832233,0
0,0.9522792360880366,0
0,0.25472698216800366,0
0,0.7982468631825446,0
0,0.6637394977927564,0
0,0.6712868467271087,0
0,0.31933039034192495,0
0,0.5311308365373966,0
0,0.4956408917580418,0
0,0.9707124887264442,0
0,0.6473315295644056,0
0,0.9698897169348586,0
0,0.43852154238065855,0
0,0.5289631493172576,0
0,0.49350484960681,0
0,0.8154301355991203,0
0,0.6440562649325169,0
0,0.9294473188715369,0
0,0.9582126865081249,0
0,0.943529374535213,0
0,0.7252575117482318,0
0,0.4823657853514976,0
0,0.9527539121216436,0
0,0.9935444059429439,0
0,0.24730621350927992,0
0,0.3637284220186389,0
0,0.9920729102387621,0
0,0.4472872264679356,0
0,0.9675005142323697,0
0,0.9082609452382082,0
0,0.5060837644973972,0
0,0.9871837470926093,0
0,0.1814370025790731,0
0,0.6849733390294457,0
0,0.5223651524501195,0
0,0.527191025458458,0
0,0.4879511400136074,0
0,0.4135852280818341,0
0,0.9392572902327495,0
0,0.9870255217480736,0
0,0.05419218050347305,0
0,0.9296688343538868,0
0,0.47114760842391734,0
0,0.9272321640480372,0
0,0.0640970870714071,0
0,0.623281277194981,0
0,0.015506083764497398,0
0,0.1544279362668312,0
0,0.4946915396908277,0
0,0.8369646049904274,0
0,0.8258413632695685,0
0,0.9913450736538979,0
0,0.5708928656192149,0
0,0.13988702710400153,0
0,0.32282717045616366,0
0,0.47094191547602093,0
0,0.9566146105283144,0
0,0.4705305295802282,0
0,0.9832755810825778,0
0,0.7339124380943339,0
0,0.9564247401148716,0
0,0.5931868166642933,0
0,0.29189411559943673,0
0,0.16479169633391877,0
0,0.8985933766870777,0
0,0.9548741317384218,0
0,0.9384978085789781,0
0,0.6215091533361814,0
0,0.28205249916931696,0
0,0.3470356481701239,0
0,0.7646081549342574,0
0,0.9530861853451685,0
0,0.03351212797265866,0
0,0.015173810540972454,0
0,0.9599848103669246,0
0,0.944193920982263,0
0,0.05694530149839401,0
0,0.9310137497824401,0
0,0.12594737425040742,0
0,0.3387604626509074,0
0,0.9306023638866474,0
0,0.8847644815746586,0
0,0.13207069508393854,0
0,0.6276799417730732,0
0,0.5901963576525688,0
0,0.7516494992167846,0
0,0.36741507254632044,0
0,0.5621588266008449,0
0,0.6666666666666666,0
0,0.352130504264173,0
0,0.9206974573187133,0
0,0.994572870682426,0
0,0.8419487033433015,0
0,0.6202117055109887,0
0,0.15343111659625638,0
0,0.9090520719608867,0
0,0.030331798547491337,0
0,0.6847676460815494,0
0,0.2670210914384266,0
0,0.8862043322099333,0
0,0.8674862739513616,0
0,0.9718517112071011,0
0,0.37562696792772265,0
0,0.4515118431670385,0
0,0.030236863340769925,0
0,0.12205503077482951,0
0,0.41712947579943355,0
0,0.24744861631936205,0
0,0.9416148478663312,0
0,0.9554595655132039,0
0,0.9617727567601778,0
0,0.19099381338902865,0
0,0.91890951092546,0
0,0.9184664799607601,0
0,0.9599848103669246,0
0,0.530086549263461,0
0,0.9614721286055601,0
0,0.656271261530672,0
0,0.9557918387367288,0
0,0.05321118336735178,0
0,0.12139048432777963,0
0,0.2610401734149776,0
0,0.4474454518124713,0
0,0.022483821458521226,0
0,0.21553456432651383,0
0,0.24200566446733437,0
0,0.9680701254726982,0
0,0.8401924020189554,0
0,0.08903340137023148,0
0,0.8689894147244506,0
0,0.6065568582775589,0
0,0.9275644372715621,0
0,0.9720099365516368,0
0,0.9351908988781823,0
0,0.7272827961582886,0
0,0.9433078590528631,0
0,0.05941361687315074,0
0,0.929115045648012,0
0,0.9431971013116881,0
0,0.3731744750874195,0
0,0.45989778642742996,0
0,0.9945570481479723,0
0,0.18091485894210535,0
0,0.5462888245439155,0
0,0.9288935301656619,0
0,0.8034524770177687,0
0,0.9749687504944542,0
0,0.2749956488030253,0
0,0.9522792360880366,0
0,0.8267274251989684,0
0,0.9029603961962627,0
0,0.9755225392003292,0
0,0.8058100346513505,0
0,0.5030141928134049,0
0,0.46562554389962185,0
0,0.9598265850223889,0
0,0.05419218050347305,0
0,0.02553757060806,0
0,0.32266894511162797,0
0,0.9362826537554786,0
0,0.14305153399471526,0
0,0.0879100014240281,0
0,0.13165930918814575,0
0,0.7874875397541178,0
0,0.19979114254521288,0
0,0.177956044999288,0
0,0.3387288175820003,0
0,0.6049904273666555,0
0,0.7643549943830003,0
0,0.060552839353807696,0
0,0.2742203446148004,0
0,0.5932975744054683,0
0,0.020442714514010855,0
0,0.4610844765114476,0
0,0.9362351861521179,0
0,0.8108890682109461,0
0,0.1324979035141849,0
0,0.7560639863293303,0
0,0.9614879511400136,0
0,0.13681745542000917,0
0,0.21855666840714547,0
0,0.8801917691175772,0
0,0.8257464280628471,0
0,0.17028211578930713,0
0,0.9627853989652062,0
0,0.38499390832423536,0
0,0.5042325279663297,0
0,0.732994731096027,0
0,0.8325184728089745,0
0,0.4697077577886426,0
0,0.07308428664103415,0
0,0.5026344519865192,0
0,0.9572633344409107,0
0,0.44092656761760096,0
0,0.9617727567601778,0
0,0.9525323966392937,0
0,0.15786142624325564,0
0,0.14852613091565006,0
0,0.5996740557902565,0
0,0.2942200281641113,0
0,0.21118336735178242,0
0,0.5839939241467699,0
0,0.9639404439803168,0
0,0.9857438964573345,0
0,0.8547491337162386,0
0,0.008053670036866505,0
0,0.08604294235850699,0
0,0.3877628518536099,0
0,0.9583392667837535,0
0,0.9482603123368301,0
0,0.9414091549184348,0
0,0.826854005474597,0
0,0.40654420024999605,0
0,0.3379060457904147,0
0,0.04617015553551368,0
0,0.3604531573867502,0
0,0.1549975475071597,0
0,0.311292542839512,0
0,0.010094776981376877,0
0,0.9231024825556557,0
0,0.3083179063622411,0
0,0.9818040853783959,0
0,0.2923213240296831,0
0,0.30368190376734544,0
0,0.31433046945459725,0
0,0.5740731950443823,0
0,0.07558424708469803,0
0,0.7036281071502033,0
0,0.9736080125314472,0
0,0.8500973085868895,0
0,0.8774544706571099,0
0,0.9109349535608614,0
0,0.9929273270992548,0
0,0.93659910444455,0
0,0.022009145424914164,0
0,0.7716017151627348,0
0,0.9908229300169301,0
0,0.9595259568677711,0
0,0.5721428458410468,0
0,0.9450325153083021,0
0,0.2746159079761396,0
0,0.8033575418110473,0
0,0.7903988860935744,0
0,0.7982468631825446,0
0,0.5800066454644704,0
0,0.3699783231277986,0
0,0.3371149190677363,0
0,0.9669783705954019,0
0,0.7051628929921995,0
0,0.8219806648628978,0
0,0.35830129270106487,0
0,0.9088147339440832,0
0,0.841125931551716,0
0,0.9954431100773722,0
0,0.04634420341450293,0
0,0.8919004446132182,0
0,0.9373111184949605,0
0,0.48837834844385375,0
0,0.23979050964383475,0
0,0.4645337890223256,0
0,0.011328934668755241,0
0,0.21278144333159285,0
0,0.439312669103337,0
0,0.3955633613392193,0
0,0.8566320153162134,0
0,0.7836268413474471,0
0,0.35752598851284,0
0,0.8211262480024051,0
0,0.1296656698469961,0
0,0.8004936630749514,0
0,0.9472793152007088,0
0,0.909226119839876,0
0,0.955127292289679,0
0,0.10658059207923926,0
0,0.9393047578361102,0
0,0.3036186136295312,0
0,0.3078590528630876,0
0,0.17539279441780983,0
0,0.9218366797993702,0
0,0.9831806458758564,0
0,0.6275691840318982,0
0,0.16836758912042532,0
0,0.6804955617790858,0
0,0.9317732314362115,0
0,0.8058891473236183,0
0,0.5395958924700559,0
0,0.7424091390959003,0
0,0.5417002895523805,0
0,0.9933387129950475,0
0,0.9732440942390153,0
0,0.7422825588202718,0
0,0.8319488615686461,0
0,0.7415863673043148,0
0,0.4243129064413538,0
0,0.9807439755700068,0
0,0.22042372747266656,0
0,0.8209205550545087,0
0,0.995411465008465,0
0,0.14904827455261785,0
0,0.9887976456068733,0
0,0.9305865413521938,0
0,0.5487571399186721,0
0,0.20874669704593282,0
0,0.0483378427556526,0
0,0.18086739133874463,0
0,0.756807645448648,0
0,0.5343111659625639,0
0,0.8730716286134713,0
0,0.2618154776032025,0
0,0.3752155820319299,0
0,0.004762582870524201,0
0,0.38795272226705274,0
0,0.9607601145551494,0
0,0.37035806395468424,0
0,0.9804749924842961,0
0,0.9436875998797487,0
0,0.3743136975680765,0
0,0.15115267163494248,0
0,0.3323206911283049,0
0,0.7747029319156342,0
0,0.5726808120124681,0
0,0.9853008654926346,0
0,0.44424929985285044,0
0,0.8415056723786016,0
0,0.9768990996977895,0
0,0.9920729102387621,0
0,0.9545102134459897,0
1,0.80399044318919,0
0,0.6323950570402367,0
0,0.6064302780019304,0
0,0.8504612268793216,0
0,0.007183430641920223,0
0,0.9840825303397098,0
0,0.7125520165820161,0
0,0.6259711080520878,0
0,0.338554769703011,0
0,0.46850524517017134,0
0,0.3031281150614705,0
0,0.23255961139855383,0
0,0.1678138004145504,0
0,0.06833752630496352,0
0,0.96594990585592,0
0,0.016313033021629404,0
0,0.953655796585497,0
0,0.855619373111185,0
0,0.3552475435515261,0
0,0.6773468774228256,0
0,0.5715890571351719,0
0,0.2694102941409155,0
0,0.9400009493520672,0
0,0.03194569706175535,0
0,0.935459881963893,0
0,0.3529058084523979,0
0,0.9905855920001266,0
0,0.5563519564563851,0
0,0.007594816537713011,0
0,0.3878577870603313,0
0,0.983892659926267,0
0,0.14330469454597236,0
0,0.722789196373475,0
0,0.16513979209189728,0
0,0.07355896267464122,0
0,0.31817534532681446,0
0,0.6097213651682727,0
0,0.08632774797867122,0
0,0.017278207623297098,0
0,0.23979050964383475,0
0,0.24293919400009495,0
0,0.23575576335817472,0
0,0.7406053701681935,0
0,0.8352874163383491,0
0,0.9750795082356292,0
0,0.1618961725289157,0
0,0.033812756127276467,0
0,0.13398522175282038,0
0,0.5485356244363222,0
0,0.26569199854432685,0
0,0.46364772709292573,0
0,0.3328111896963656,0
0,0.7743864812265628,0
0,0.7794496922517049,0
0,0.7960158858245914,0
0,0.2682236040568978,0
0,0.5841837945602126,0
0,0.4681096818088321,0
0,0.20233857059223748,0
0,0.4382209142260407,0
0,0.03143937595924115,0
0,0.147133747883736,0
0,0.970791601398712,0
0,0.7149095742155979,0
0,0.9693201056945302,0
0,0.513646935966203,0
0,0.9410610591604563,0
0,0.5456717457002263,0
0,0.35622854068764737,0
0,0.9540671824812899,0
0,0.6883751839369631,0
0,0.5049445420167402,0
0,0.9334978876916504,0
0,0.3091881457571874,0
0,0.17346244521447446,0
0,0.538820588281831,0
0,0.9365674593756428,0
0,0.2678438632300122,0
0,0.26860334488378346,0
0,0.2965617632632395,0
0,0.18876283603107546,0
0,0.9434502618629452,0
0,0.5072229869780541,0
0,0.6996566510023575,0
0,0.6494992167845446,0
0,0.9634499454122561,0
0,0.03879685448015063,0
0,0.9938450340975618,0
0,0.08996693090299204,0
0,0.8307463489501749,0
0,0.1288903656587712,0
0,0.5720795557032325,0
0,0.9441780984478094,0
0,0.9796680432271642,0
0,0.8435151342542049,0
0,0.8211737156057657,0
0,0.9769307447666967,0
0,0.4368601762630338,0
0,0.9407287859369314,0
0,0.08472967199886078,0
0,0.6877739276277274,0
0,0.8313159601905034,0
0,0.22055030774829512,0
0,0.9474375405452445,0
0,0.7085330928308097,0
0,0.02759450008702394,0
0,0.3920824037594342,0
0,0.9499216784544549,0
0,0.9362351861521179,0
0,0.0708374867486274,0
0,0.6776475055774434,0
0,0.7347352098859196,0
0,0.22032879226594515,0
0,0.13586810335279506,0
0,0.024635686144206578,0
0,0.793642505656556,0
0,0.8472808974541542,0
0,0.8869479913292512,0
0,0.9335295327605576,0
0,0.946978687046091,0
0,0.08414423822407874,0
0,0.9250961218968055,0
0,0.049746048322020224,0
0,0.9538140219300327,0
0,0.10215028243224,0
0,0.9513457065552761,0
0,0.3830477365864464,0
0,0.8853973829528013,0
0,0.6509548899542729,0
0,0.017230740019936394,0
0,0.2219901583835699,0
0,0.8554927928355563,0
0,0.9059666777424408,0
0,0.9595259568677711,0
0,0.10947611588424234,0
0,0.5462888245439155,0
0,0.4702140788911568,0
0,0.3333175107988798,0
0,0.9651271340643345,0
0,0.06365405610670717,0
0,0.9272954541858515,0
0,0.9717725985348333,0
0,0.2188889416306704,0
0,0.3633486811917533,0
0,0.9292099808547333,0
0,0.5093748516637395,0
0,0.5608613787756522,0
0,0.1522602490466923,0
0,0.06648628977389598,0
0,0.32822265470483064,0
0,0.08666002120219617,0
0,0.13938070600148733,0
0,0.9628012214996599,0
0,0.12458663628740052,0
0,0.9385610987167925,0
0,0.584611002990459,0
0,0.4295185202765779,0
0,0.1780984478093701,0
0,0.2531289061881932,0
0,0.964699925634088,0
0,0.8849227069191943,0
0,0.9899685131564374,0
0,0.46836284236008924,0
0,0.062340785747060964,0
0,0.07422350912169111,0
0,0.45898007942912294,0
0,0.06101169285296119,0
0,0.503156595623487,0
0,0.2683501843325264,0
0,0.16930111865318587,0
0,0.40243034129206817,0
0,0.1291435262100283,0
0,0.9403965127134064,0
0,0.45293587126785967,0
0,0.38981978133257383,0
0,0.23385705922374647,0
0,0.9751111533045363,0
0,0.2892675748801443,0
0,0.9642568946693881,0
0,0.5788990680527207,0
0,0.9761712631129255,0
0,0.877375357984842,0
0,0.9584816695938355,0
0,0.41801553772883343,0
0,0.17381054097245296,0
0,0.3073527317605734,0
0,0.9566779006661287,0
0,0.10091612474486163,0
0,0.946725526494834,0
0,0.14904827455261785,0
0,0.24393601367066978,0
0,0.13414344709735607,0
0,0.9345263524311325,0
0,0.08707140709798895,0
0,0.8732140314235535,0
0,0.488552396322843,0
0,0.5441211373237765,0
0,0.44160693659910444,0
0,0.6755114634262116,0
0,0.02900270565339156,0
0,0.42826854005474596,0
0,0.9616303539500958,0
0,0.9508235629183083,0
0,0.5165424597712062,0
0,0.09096375057356687,0
0,0.050505529975791524,0
0,0.8974857992753279,0
0,0.9819464881884781,0
0,0.488552396322843,0
0,0.6025062894574453,0
0,0.8989098273761491,0
0,0.35160836062720524,0
0,0.4907359060774355,0
0,0.9333871299504755,0
0,0.33595987405262573,0
0,0.5007041027831838,0
0,0.9280865809085299,0
0,0.3549310928624547,0
0,0.15004509422319268,0
0,0.9646524580307274,0
0,0.8551921646809386,0
0,0.9987341972437145,0
0,0.554595655132039,0
0,0.8333728896694672,0
0,0.6221736997832312,0
0,0.9546051486527112,0
0,0.872676065252132,0
0,0.6818246546731855,0
0,0.01507887533425104,0
0,0.9705067957785478,0
0,0.7193715289315042,0
0,0.4220186389455863,0
0,0.6578535149760288,0
0,0.6802898688311894,0
0,0.5156247527728992,0
0,0.7340706634388696,0
0,0.6557491178937042,0
0,0.8357146247685955,0
0,0.7748453347257164,0
0,0.85506558440531,0
0,0.5021914210218192,0
0,0.49394788057150996,0
0,0.7147829939399694,0
0,0.12240312653280802,0
0,0.1829717884210693,0
0,0.9038939257290233,0
0,0.4714798816474423,0
0,0.04216705431876078,0
0,0.2845049920096201,0
0,0.9613297257954779,0
0,0.8661730035917153,0
0,0.2918308254616224,0
0,0.32284299299061725,0
0,0.4003259442097435,0
0,0.9398743690764386,0
0,0.6516510814702299,0
0,0.42230344456575053,0
0,0.3833641872755178,0
0,0.9518203825888831,0
0,0.42230344456575053,0
0,0.9744940744608471,0
0,0.8589262828119808,0
0,0.9390515972848531,0
0,0.620718026613503,0
0,0.12294109270422936,0
0,0.08485625227448933,0
0,0.9540513599468363,0
0,0.7173778895903545,0
0,0.8749703327478996,0
0,0.9677062071802661,0
0,0.7952247591019129,0
0,0.9681650606794197,0
0,0.06343254062435721,0
0,0.4408474549453331,0
0,0.7972816885808769,0
0,0.12082087308745115,0
0,0.938798436733596,0
0,0.573566873941868,0
0,0.9459343997721555,0
0,0.5145171753611494,0
0,0.13218145282511354,0
0,0.9447002420847771,0
0,0.9687821395231088,0
0,0.9069318523441084,0
0,0.16445942311039383,0
0,0.9387035015268745,0
0,0.2747899558551289,0
0,0.38554769703011027,0
0,0.26083448046708124,0
0,0.46649578329456814,0
0,0.9436084872074809,0
0,0.9415199126596098,0
0,0.37629151437477254,0
0,0.19483868926124587,0
0,0.17532950427999558,0
0,0.9066786917928514,0
0,0.800430372937137,0
0,0.49378965522697427,0
0,0.978022499643993,0
0,0.9313776680748722,0
0,0.9350643186025538,0
0,0.9915191215328871,0
0,0.43839496210503,0
0,0.1157734845967627,0
0,0.956630433062768,0
0,0.41860097150361547,0
0,0.9415040901251562,0
0,0.8334361798072816,0
0,0.3637284220186389,0
0,0.9072166579642728,0
0,0.26608756190566607,0
0,0.859068685622063,0
0,0.97064919858863,0
0,0.6060347146405911,0
0,0.3884273983006598,0
0,0.054571921330358694,0
0,0.7700194617173779,0
0,0.08382778753500736,0
0,0.31088115694371926,0
0,0.715305137576937,0
0,0.23194253255486463,0
0,0.3714498188319805,0
0,0.15218113637442446,0
0,0.547697030110283,0
0,0.9850477049413775,0
0,0.43223999620259174,0
0,0.9350484960681001,0
0,0.2919732282717046,0
0,0.04770494137750985,0
0,0.5665733137133906,0
0,0.08604294235850699,0
0,0.9422161041755669,0
0,0.9883862597110805,0
0,0.7908419170582744,0
0,0.6687394186800841,0
0,0.9545418585148969,0
0,0.83804053733327,0
0,0.9949051439059509,0
0,0.9761712631129255,0
0,0.7917279789876742,0
0,0.10860587648929605,0
0,0.9296846568883403,0
0,0.149886868878657,0
0,0.884970174522555,0
0,0.10808373285232828,0
0,0.796727899875002,0
0,0.7664277463964178,0
0,0.5021439534184585,0
0,0.6310817866805905,0
0,0.15917469660290184,0
0,0.1665479976582649,0
0,0.7926773310548884,0
0,0.8219015521906299,0
0,0.9778642742994573,0
0,0.30110283065141374,0
0,0.8730399835445641,0
0,0.9361718960143036,0
0,0.12479232923529691,0
0,0.9279600006329014,0
0,0.5052609927058116,0
0,0.28081834148193857,0
0,0.14028259046534075,0
0,0.9300485751807724,0
0,0.4832360247464439,0
0,0.8036581699656651,0
0,0.987816648470752,0
0,0.3739339567411908,0
0,0.7902723058179459,0
0,0.9582285090425784,0
0,0.959272796316514,0
0,0.9665036945617949,0
0,0.2720051897913008,0
0,0.7699561715795636,0
0,0.4471290011233999,0
0,0.7251625765415104,0
0,0.7180740811063117,0
0,0.2045537254157371,0
0,0.5012737140235123,0
0,0.4717805098020601,0
0,0.9928798594958941,0
0,0.9831806458758564,0
0,0.9642568946693881,0
0,0.3850888435309568,0
0,0.5299916140567396,0
0,0.8314108953972247,0
0,0.11313112134301673,0
0,0.926947358427873,0
0,0.9536399740510435,0
0,0.48852075125393585,0
0,0.6928371386528694,0
0,0.2206135978861094,0
0,0.6645306245154349,0
0,0.976883277163336,0
0,0.9474691856141517,0
0,0.677805730921979,0
0,0.7722346165408775,0
0,0.5851806142307875,0
0,0.9683391085584089,0
0,0.9797313333649784,0
0,0.8133573835857028,0
0,0.9634499454122561,0
0,0.46121105678707613,0
0,0.9255391528615053,0
0,0.9440989857755415,0
0,0.5436464612901695,0
0,0.4828721064540118,0
0,0.9927691017547191,0
0,0.26735336466195153,0
0,0.6854480150630528,0
0,0.9582126865081249,0
0,0.7918703817977564,0
0,0.8923592981123717,0
0,0.9465356560813911,0
0,0.7495925697378206,0
0,0.25472698216800366,0
0,0.7582791411528299,0
0,0.9869464090758058,0
0,0.6312716570940333,0
0,0.9656176326323951,0
0,0.20928466321735414,0
0,0.9695416211768801,0
0,0.9049856806063196,0
0,0.9640512017214917,0
0,0.9942880650622616,0
0,0.937437698770589,0
0,0.9568994161484786,0
0,0.45309409661239536,0
0,0.6205756238034208,0
0,0.6072372272590624,0
0,0.3707061597126628,0
0,0.9614721286055601,0
0,0.14290913118463316,0
0,0.7438331671967215,0
0,0.5122703754687425,0
0,0.9249695416211768,0
0,0.9693833958323445,0
0,0.6730273255170013,0
0,0.6686603060078163,0
0,0.9835129190993813,0
0,0.9006344836315882,0
0,0.6998306988813469,0
0,0.2275438679767725,0
0,0.9776585813515609,0
0,0.9722314520339868,0
0,0.5809243524627775,0
0,0.38432936187718547,0
0,0.9522317684846758,0
0,0.5016534548503979,0
0,0.94870334330153,0
0,0.9173272574801031,0
0,0.7120140504105947,0
0,0.5589468521067704,0
0,0.8388633091248556,0
0,0.3903419249695416,0
0,0.9073115931709941,0
0,0.4722710083701207,0
0,0.9764718912675432,0
0,0.7109381180677521,0
0,0.8705083780319932,0
0,0.8917738643375897,0
0,0.5390421037641809,0
0,0.918324077150678,0
0,0.2324172085884717,0
0,0.7052420056644674,0
0,0.5351339377541494,0
0,0.8376291514374773,0
0,0.1793167829622949,0
0,0.9451907406528378,0
0,0.5996898783247101,0
0,0.36603851204886,0
0,0.4977136437714593,0
0,0.8869479913292512,0
0,0.9684023986962231,0
0,0.4226040727203684,0
0,0.557206373316878,0
0,0.2006930270090663,0
0,0.179569943513552,0
0,0.9306340089555545,0
0,0.4752614673818452,0
0,0.9452382082561985,0
0,0.3147893229537507,0
0,0.23369883387921078,0
0,0.3875255138368064,0
0,0.12987136279489248,0
0,0.9752060885112578,0
0,0.2336355437413965,0
0,0.9438932928276451,0
0,0.7048622648375816,0
0,0.1919273429217892,0
0,0.9780699672473537,0
0,0.3493299156658914,0
0,0.9620100947769814,0
0,0.5270328001139223,0
0,0.9520893656745938,0
0,0.4573661809148589,0
0,0.7369661872438728,0
0,0.9436084872074809,0
0,0.9471527349250803,0
0,0.9110615338364899,0
0,0.18523441084792963,0
0,0.9738137054793436,0
0,0.9785604658154143,0
0,0.6128858720589864,0
0,0.3008654926346102,0
0,0.9578329456812392,0
0,0.1774971915001345,0
0,0.9543836331703612,0
0,0.9616303539500958,0
0,0.9827534374456101,0
0,0.994715273492508,0
0,0.8533251056154175,0
0,0.8790525466369203,0
0,0.6921884147402732,0
0,0.9646366354962738,0
0,0.8391322922105663,0
0,0.36956693723200584,0
0,0.693659910444455,0
0,0.9812819417414281,0
0,0.5442951852027658,0
0,0.7139918672172909,0
0,0.962500593345042,0
0,0.4133953576683913,0
0,0.8674229838135472,0
0,0.39888609357446875,0
0,0.9565038527871395,0
0,0.9886868878656984,0
0,0.7685321434787424,0
0,0.6103542665464154,0
0,0.926947358427873,0
0,0.9897311751396338,0
0,0.6308919162671477,0
0,0.5902280027214759,0
0,0.9771997278524074,0
0,0.43176532016898467,0
0,0.5999272163415136,0
0,0.9600639230391924,0
0,0.8404930301735732,0
0,0.7411116912707078,0
0,0.5371433996297527,0
0,0.4709102704071138,0
0,0.549643201848072,0
0,0.8025031249505545,0
0,0.6012088416322526,0
0,0.903355959557602,0
0,0.4828246388506511,0
0,0.9150013449154285,0
0,0.7817597822819259,0
0,0.5618898435151343,0
0,0.9007768864416702,0
0,0.9776111137482002,0
0,0.6967136595939938,0
0,0.9541779402224648,0
0,0.9114887422667363,0
0,0.8979288302400279,0
0,0.8782139523108812,0
0,0.9626429961551242,0
0,0.5413838388633091,0
0,0.8220914226040728,0
0,0.9626746412240312,0
0,0.7909368522649958,0
0,0.7745921741744592,0
0,0.9580702836980427,0
0,0.790050790335596,0
0,0.9648739735130774,0
0,0.42773057388332464,0
0,0.7687378364266388,0
0,0.4380468663470515,0
0,0.9793515925380928,0
0,0.6743722409455547,0
0,0.7116817771870698,0
0,0.7117608898593377,0
0,0.9550956472207718,0
0,0.5649277701302194,0
0,0.9950159016471258,0
0,0.7309852692204237,0
0,0.6066359709498268,0
0,0.991012800430373,0
0,0.926029651429566,0
0,0.8874068448284046,0
0,0.9915507666017943,0
0,0.8793848198604453,0
0,0.9597949399534818,0
0,0.7503678739260454,0
0,0.6538662362937295,0
0,0.4596604484106264,0
0,0.44977136437714593,0
0,0.9136089618835145,0
0,0.9539089571367542,0
0,0.984810366924574,0
0,0.4450562491099824,0
0,0.8738627553361498,0
0,0.4387588803974621,0
0,0.8041644910681793,0
0,0.9785446432809607,0
0,0.9737187702726222,0
0,0.8656666824892011,0
0,0.8315374756728533,0
0,0.7226784386323001,0
0,0.8698280090504897,0
0,0.38936092783342036,0
0,0.9337826933118147,0
0,0.504881251878926,0
0,0.994715273492508,0
0,0.7705099602854385,0
0,0.6905745162260091,0
0,0.989177386433759,0
0,0.7101786364139808,0
0,0.9856964288539738,0
0,0.4519232290628313,0
0,0.8471226721096186,0
0,0.8958244331577032,0
0,0.9198746855271277,0
0,0.2660559168367589,0
0,0.7986582490783374,0
0,0.8564421449027705,0
0,0.3899938292115631,0
0,0.8903973038401292,0
0,0.8501289536557965,0
0,0.437366497365548,0
0,0.35197227891963734,0
0,0.33798515846268257,0
0,0.9886394202623376,0
0,0.7605575861141438,0
0,0.6605749909020426,0
0,0.2692204237274727,0
0,0.6003069571683992,0
0,0.9220581952817202,0
0,0.9694466859701587,0
0,0.9582126865081249,0
0,0.7660321830350786,0
0,0.9353016566193573,0
0,0.8655717472824797,0
0,0.3543773041565798,0
0,0.7108431828610307,0
0,0.7306688185313523,0
0,0.5686460657268081,0
0,0.856426322368317,0
0,0.769244157529153,0
0,0.6862391417857312,0
0,0.9103969873894401,0
0,0.9151121026566036,0
0,0.960886694830778,0
0,0.8824860366133447,0
0,0.9573582696476322,0
0,0.26640401259473745,0
0,0.715305137576937,0
0,0.4453410547301467,0
0,0.9707124887264442,0
0,0.46597363965760036,0
0,0.9923260707900191,0
0,0.5313523520197465,0
0,0.946060980047784,0
0,0.9410294140915492,0
0,0.6226641983512919,0
0,0.8960301261055996,0
0,0.7648296704166073,0
0,0.3911805192955808,0
0,0.4623028116643724,0
0,0.8434201990474834,0
0,0.9784655306086929,0
0,0.6062087625195803,0
0,0.3945032515308302,0
0,0.6187085647378997,0
0,0.9661239537349092,0
0,0.7252575117482318,0
0,0.7582633186183763,0
0,0.949731808041012,0
0,0.9514722868309046,0
0,0.9747630575465578,0
0,0.26358760146200216,0
0,0.9985443268302717,0
0,0.3555481717061439,0
0,0.7595291213746618,0
0,0.9775320010759323,0
0,0.9416464929352384,0
0,0.8051929558076613,0
0,0.7151469122324013,0
0,0.43223999620259174,0
0,0.8838309520418981,0
0,0.5311941266752108,0
0,0.9578645907501464,0
0,0.3255011787788168,0
0,0.9029762187307163,0
0,0.13547253999145584,0
0,0.38760462650907423,0
0,0.34822233825414156,0
0,0.9615037736744672,0
0,0.5088527080267717,0
0,0.9340200313286182,0
0,0.7372035252606762,0
0,0.42614832043796774,0
0,0.029176753532380816,0
0,0.10719767092292844,0
0,0.8128035948798279,0
0,0.10575782028765368,0
0,0.861489533393459,0
0,0.2954541858514897,0
0,0.18112055189000173,0
0,0.34124460056011774,0
0,0.6201642379076281,0
0,0.5747377414914321,0
0,0.3727314441227196,0
0,0.4736633914020348,0
0,0.9579278808879607,0
0,0.840097466812234,0
0,0.24056581383205963,0
0,0.9530861853451685,0
0,0.9442572111200772,0
0,0.9434502618629452,0
0,0.8500656635179823,0
0,0.692852961187323,0
0,0.44443917026629326,0
0,0.36050062499011093,0
0,0.6174585845160678,0
0,0.9819939557918388,0
0,0.10194458948434361,0
0,0.5620164237907628,0
0,0.14817803515767156,0
0,0.985174285217006,0
0,0.7955728548598915,0
0,0.6118099397161437,0
0,0.22964826505909716,0
0,0.605528393538077,0
0,0.4912738722488568,0
0,0.8992895682030347,0
0,0.9002389202702489,0
0,0.0731159317099413,0
0,0.2346956535497856,0
0,0.737614911156469,0
0,0.14082055663676207,0
0,0.973402319583551,0
0,0.6640559484818278,0
0,0.6732804860682584,0
0,0.12072593788072973,0
0,0.4022721159475325,0
0,0.15268745747693865,0
0,0.9987658423126217,0
0,0.21774971915001345,0
0,0.962500593345042,0
0,0.5421907881204411,0
0,0.9527064445182829,0
0,0.9694625085046122,0
0,0.26203699308555245,0
0,0.6900365500545877,0
0,0.9478014588376766,0
0,0.9813768769481496,0
0,0.9530545402762615,0
0,0.2381449660606636,0
0,0.24227464755304504,0
0,0.8565370801094919,0
0,0.4052151073558963,0
0,0.9697631366592301,0
0,0.08828974225091375,0
0,0.5831395072862772,0
0,0.23944241388585624,0
0,0.968703026850841,0
0,0.9904748342589516,0
0,0.5562411987152102,0
0,0.08949225486938497,0
0,0.2815778231357099,0
0,0.5176658597174095,0
0,0.08328982136358602,0
0,0.939605385990728,0
0,0.98700969921362,0
0,0.4556731697283271,0
0,0.6886599895571273,0
0,0.9145741364851822,0
0,0.5472065315422224,0
0,0.03612284615749751,0
0,0.31937785794528567,0
0,0.5512412778278825,0
0,0.8597806996724735,0
0,0.9701270549516622,0
0,0.9763611335263682,0
0,0.03389186879954431,0
0,0.6606857486432177,0
0,0.7479944937580102,0
0,0.1756143099001598,0
0,0.8314583630005854,0
0,0.06373316877897502,0
0,0.33459913608961883,0
0,0.7017452255502287,0
0,0.9428648280881632,0
0,0.9938450340975618,0
0,0.26964763215771903,0
0,0.8727235328554928,0
0,0.928561256942137,0
0,0.9868356513346308,0
0,0.9780066771095394,0
0,0.9044951820382588,0
0,0.9006661287004952,0
0,0.983085710669135,0
0,0.4884891061850287,0
0,0.19950633692504866,0
0,0.4873815287732789,0
0,0.42888561889843513,0
0,0.6357019667410326,0
0,0.6094049144792013,0
0,0.18521858831347604,0
0,0.2806601161374029,0
0,0.8955712726064461,0
0,0.4575876963972089,0
0,0.5786459075014636,0
0,0.8484834100726254,0
0,0.9876267780573093,0
0,0.9545260359804434,0
0,0.16132656128858722,0
0,0.9024540750937485,0
0,0.140345880603155,0
0,0.9571525766997357,0
0,0.9511716586762867,0
0,0.5943260391449502,0
0,0.42739830065979967,0
0,0.23982215471274188,0
0,0.3985063527475831,0
0,0.022531289061881933,0
0,0.8783721776554169,0
0,0.9427382478125346,0
0,0.9341624341387004,0
0,0.10767234695653549,0
0,0.58310786221737,0
0,0.869195107672347,0
0,0.5163051217544026,0
0,0.38565845477128524,0
0,0.9376908593218461,0
0,0.9355548171706144,0
0,0.41752503916077277,0
0,0.8176611129570734,0
0,0.11874812107403364,0
0,0.8207781522444265,0
0,0.683422730652996,0
0,0.4513061502191421,0
0,0.2917517127893546,0
0,0.9111090014398506,0
0,0.05311624816063037,0
0,0.36225692631445705,0
0,0.43746143257226944,0
0,0.7489754908941314,0
0,0.5649594151991266,0
0,0.2365785351497603,0
0,0.9338934510529897,0
0,0.008227717915855762,0
0,0.6582332558029145,0
0,0.7925191057103527,0
0,0.10273571620702204,0
0,0.040189237512064685,0
0,0.6335817471242544,0
0,0.8173288397335485,0
0,0.7518551921646809,0
0,0.8911251404249932,0
0,0.8375500387652094,0
0,0.013702314836790557,0
0,0.40102213572570056,0
0,0.9666935649752377,0
0,0.6106390721665796,0
0,0.17998132940934478,0
0,0.9570892865619215,0
0,0.9638455087735953,0
0,0.6533440926567617,0
0,0.8838467745763516,0
0,0.727013813072578,0
0,0.9681175930760589,0
0,0.7781364218920587,0
0,0.7285485989145741,0
0,0.5124127782788247,0
0,0.16354171611208684,0
0,0.39939241467698294,0
0,0.2504074302621794,0
0,0.9158082941725606,0
0,0.04885998639262037,0
0,0.9933387129950475,0
0,0.30372937137070616,0
0,0.9513773516241831,0
0,0.25529659340833216,0
0,0.07332162465783769,0
0,0.5902596477903831,0
0,0.9627695764307527,0
0,0.9343364820176896,0
0,0.3055806079017737,0
0,0.9580544611635892,0
0,0.3501685099919305,0
0,0.9432129238461416,0
0,0.9811078938624389,0
0,0.43811015648486573,0
0,0.7212860556003861,0
0,0.5194538061106628,0
0,0.1838736728849227,0
0,0.9322479074698186,0
0,0.8631983671144444,0
0,0.31311213430167245,0
0,0.4317494976345311,0
0,0.4672236198794323,0
0,0.30407746712868466,0
0,0.8573914969699846,0
0,0.4653090932105505,0
0,0.31194126675210837,0
0,0.10946029334978877,0
0,0.92764354994383,0
0,0.9307605892311831,0
0,0.2032879226594516,0
0,0.9679593677315232,0
0,0.028512207085330928,0
0,0.9032293792819733,0
0,0.047799876584231266,0
0,0.0896346576794671,0
0,0.6807961899337036,0
0,0.3723991708991946,0
0,0.04446132181452825,0
0,0.47046723944241386,0
0,0.7391813420673724,0
0,0.2471005205613835,0
0,0.04803721460103479,0
0,0.9458394645654341,0
0,0.2558503821142071,0
0,0.9152228603977786,0
0,0.8959193683644247,0
0,0.9581810414392178,0
0,0.39165519532918786,0
0,0.3810699197797503,0
0,0.43242986661603455,0
0,0.9648739735130774,0
0,0.5457666809069477,0
0,0.9640512017214917,0
0,0.13952310881156943,0
0,0.9203335390262812,0
0,0.5313998196231072,0
0,0.6651793484280312,0
0,0.12183351529247954,0
0,0.3991867217290866,0
0,0.982864195186785,0
0,0.9730858688944796,0
0,0.6136928213161185,0
0,0.9386560339235138,0
0,0.5399439882280344,0
0,0.9484818278191801,0
0,0.04933466242622743,0
0,0.1715162734766855,0
0,0.30040663913545673,0
0,0.8822012309931805,0
0,0.7244189174221927,0
0,0.950427999556969,0
0,0.9782914827297037,0
0,0.5793420990174206,0
0,0.9715669055869369,0
0,0.9353965918260787,0
0,0.771775763041724,0
0,0.9039097482634768,0
0,0.7047356845619531,0
0,0.8528187845129033,0
0,0.9707124887264442,0
0,0.34089650480213923,0
0,0.08982452809290992,0
0,0.8306988813468141,0
0,0.20488599863926205,0
0,0.9532602332241579,0
0,0.6120314551984937,0
0,0.43936013670669766,0
0,0.8252717520292401,0
0,0.13218145282511354,0
0,0.712409613771934,0
0,0.9271372288413158,0
0,0.9694308634357052,0
0,0.6038512048859986,0
0,0.9470577997183589,0
0,0.17794022246483443,0
0,0.794196294362431,0
0,0.35839622790778625,0
0,0.7577095299125014,0
0,0.5364472081137956,0
0,0.8255882027183115,0
0,0.9347162228445752,0
0,0.614515593107704,0
0,0.05653391560260122,0
0,0.991598234205155,0
0,0.5095805446116359,0
0,0.422287622031297,0
0,0.4879036724102467,0
0,0.9381813578899068,0
0,0.4316387398933561,0
0,0.9887027104001519,0
0,0.9597000047467603,0
0,0.38051613107387544,0
0,0.6649420104112277,0
0,0.7195930444138542,0
0,0.9422635717789275,0
0,0.03362288571383364,0
0,0.9296846568883403,0
0,0.9278175978228193,0
0,0.7429629278017753,0
0,0.1866584389487508,0
0,0.8875492476384867,0
0,0.4043290454264964,0
0,0.9436243097419345,0
0,0.4601193019097799,0
0,0.9156342462935713,0
0,0.7453363079698107,0
0,0.19131026407810003,0
0,0.9315042483505008,0
0,0.9120267084381576,0
0,0.8735304821126249,0
0,0.94041233524786,0
0,0.17335168747329946,0
0,0.5486780272464044,0
0,0.9561241119602538,0
0,0.9691144127466338,0
0,0.2752962769576431,0
0,0.8326925206879638,0
0,0.9944779354757045,0
0,0.47432793784908467,0
0,0.40304742013575734,0
0,0.056296577585797695,0
0,0.4663850255533931,0
0,0.6214458631983671,0
0,0.3593930475783611,0
0,0.9620733849147957,0
0,0.9491780193351371,0
0,0.5263682536668723,0
0,0.23841394914637426,0
0,0.10612173858008576,0
0,0.5321751238113321,0
0,0.5760035442477176,0
0,0.9931804876505118,0
0,0.01381307257796554,0
0,0.9084191705827439,0
0,0.9282448062530656,0
0,0.6386924257527571,0
0,0.21860413601050616,0
0,0.7197038021550292,0
0,0.912675432350754,0
0,0.38869638138637047,0
0,0.09531494754829829,0
0,0.9581019287669499,0
0,0.3218778183889495,0
0,0.3020363601841743,0
0,0.19371528931504248,0
0,0.80443347415389,0
0,0.7588329298587048,0
0,0.9183715447540387,0
0,0.057815540893340296,0
0,0.6750367873926045,0
0,0.6473789971677664,0
0,0.20251261847122673,0
0,0.3220676888023924,0
0,0.8553187449565671,0
0,0.025743263555956394,0
0,0.9840825303397098,0
0,0.9522950586224902,0
0,0.9483236024746444,0
0,0.7155899431971013,0
0,0.3977943386971725,0
0,0.9918672172908657,0
0,0.09325801806933434,0
0,0.2884922706919194,0
0,0.6154649451749181,0
0,0.4059429439407604,0
0,0.9061565481558836,0
0,0.9313302004715115,0
0,0.08901757883577792,0
0,0.023116722836663977,0
0,0.9434502618629452,0
0,0.17513963386655274,0
0,0.8418537681365801,0
0,0.9687346719197482,0
0,0.6824100884479676,0
0,0.03870191927342922,0
0,0.9872945048337842,0
0,0.9451590955839306,0
0,0.2142687615702283,0
0,0.0002689830857106691,0
0,0.12192845049920097,0
0,0.08248287210645401,0
0,0.23577158589262828,0
0,0.9256340880682268,0
0,0.6285976487713802,0
0,0.8528346070473568,0
0,0.8071074824765431,0
0,0.32996313349472317,0
0,0.8727235328554928,0
0,0.8021866742614832,0
0,0.8510624831885572,0
0,0.7369978323127798,0
0,0.3992025442635401,0
0,0.29990031803294254,0
0,0.6964763215771902,0
0,0.2438727235328555,0
0,0.03264188857771238,0
0,0.032135567475198176,0
0,0.5695004825873008,0
0,0.16267147671714055,0
0,0.4184111010901726,0
0,0.8100030062815462,0
0,0.948339425009098,0
0,0.9215202291102988,0
0,0.5947057799718359,0
0,0.014968117593076058,0
0,0.9508552079872153,0
0,0.20377842122751222,0
0,0.5197227891963735,0
0,0.044398031676713974,0
0,0.41657568709355863,0
0,0.6692457397825984,0
0,0.8333887122039209,0
0,0.8805398648755558,0
0,0.9477698137687695,0
0,0.9215044065758453,0
0,0.762456290248572,0
0,0.9415832027974241,0
0,0.10298887675827914,0
0,0.80443347415389,0
0,0.9649214411164381,0
0,0.43978734513694406,0
0,0.9308555244379044,0
0,0.22627806522048702,0
0,0.9717884210692869,0
0,0.8422018638945586,0
0,0.04659736396576004,0
0,0.23819243366402432,0
0,0.9691935254189016,0
0,0.32434613376370625,0
0,0.13338396544358475,0
0,0.9676429170424519,0
0,0.24344551510260914,0
0,0.2316577269347004,0
0,0.9258556035505767,0
0,0.18662679387984368,0
0,0.03841711365326498,0
0,0.9813768769481496,0
0,0.19526589769149222,0
0,0.42508821062957863,0
0,0.8967104950871031,0
0,0.7186911599500008,0
0,0.2998528504295818,0
0,0.08680242401227829,0
0,0.3465135045331561,0
0,0.009699213620037658,0
0,0.05104349614721286,0
0,0.687235961456306,0
0,0.6693564975237734,0
0,0.26388822961662,0
0,0.9597791174190282,0
0,0.8469169791617221,0
0,0.9812661192069746,0
0,0.053844084745494535,0
0,0.8469169791617221,0
0,0.6576952896314932,0
0,0.06857486432176706,0
0,0.9390041296814924,0
0,0.9615354187433743,0
0,0.48391639372794737,0
0,0.3861014857359852,0
0,0.12243477160171516,0
0,0.3853894716855746,0
0,0.4622553440610117,0
0,0.5270169775794686,0
0,0.9512982389519153,0
0,0.14923814496606067,0
0,0.5971108052087784,0
0,0.7379313618455404,0
0,0.7110805208778342,0
0,0.36205123336656064,0
0,0.1900602838562681,0
0,0.156563978418063,0
0,0.926029651429566,0
0,0.35757345611620067,0
0,0.5688834037436117,0
0,0.5973956108289425,0
0,0.1788579294631414,0
0,0.9850477049413775,1
0,0.8975332668786886,0
0,0.39053179538298444,0
0,0.9800477840540498,0
0,0.5319852533978893,0
0,0.9558393063400895,0
0,0.13162766411923862,0
0,0.7355421591430515,0
0,0.9330073891235898,0
0,0.6983275581082578,0
0,0.15313048844163857,0
0,0.9646366354962738,0
0,0.9834970965649278,0
0,0.6530276419676904,0
0,0.5525545481875287,0
0,0.9883862597110805,0
0,0.673296308602712,0
0,0.9266467302732552,0
0,0.324282843625892,0
0,0.652125757503837,0
0,0.10423885698011108,0
0,0.20517080425942627,0
0,0.02240470878625338,0
0,0.5220645242955017,0
0,0.7568867581209158,0
0,0.835619689561874,0
0,0.5829021692694736,0
0,0.4354361481622126,0
0,0.9860445246119524,0
0,0.17357320295564943,0
0,0.7088653660543346,0
0,0.4507840065821743,0
0,0.7643391718485467,0
0,0.9524691065014794,0
0,0.91084001835414,0
0,0.49201753136817455,0
0,0.1630037499406655,0
0,0.1617854147877407,0
0,0.12795683612601066,0
0,0.3776364298033259,0
0,0.11455514944383792,0
1,0.992626698944637,1
0,0.9326118257622505,0
0,0.4615275074761475,0
0,0.91084001835414,0
0,0.9629594468441955,0
0,0.035458299710447616,0
0,0.3528583408490372,0
0,0.667536906061613,0
0,0.26024904669229915,0
0,0.7019350959636714,0
0,0.92338728817582,0
0,0.9499058559200013,0
0,0.9420578788310312,0
0,0.9432603914495024,0
0,0.5680764544864797,0
0,0.007025205297384535,0
0,0.15254505466685653,0
0,0.9834970965649278,1
0,0.9175962405658138,0
0,0.33043780952833024,0
0,0.5301340168668217,0
0,0.9487982785082515,0
0,0.9913292511194444,0
0,0.13952310881156943,0
1,0.9965348649546685,1
0,0.5471590639388617,0
0,0.5261467381845224,0
0,0.03403427160962643,0
0,0.3714972864353412,0
0,0.5646429645100552,0
0,0.10303634436163985,0
0,0.9315675384883151,0
0,0.926251166911916,0
0,0.45360041771490955,0
0,0.014129523267036913,0
0,0.13510862169902374,0
0,0.20952200123415768,0
0,0.1271340643344251,0
0,0.702172433980475,0
0,0.9859970570085916,0
0,0.7430578630084967,0
0,0.8612047277732947,0
0,0.7313650100473094,0
0,0.31426717931678294,0
0,0.075695004825873,0
0,0.0736222528124555,0
0,0.27789117260802837,0
0,0.9951108368538473,0
0,0.9501273714023513,0
0,0.30059650954889955,0
0,0.9351592538092751,0
0,0.5721586683755003,0
0,0.07001471495704181,0
0,0.9235138684514486,0
0,0.22012309931804877,0
0,0.9572633344409107,0
0,0.9625638834828563,0
0,0.13996613977626937,0
0,0.9481337320612016,0
0,0.3724149934336482,0
0,0.4498504770494138,0
0,0.3628423600892391,0
0,0.9546842613249791,0
0,0.6896884542966092,0
0,0.2867992595053876,0
0,0.6801791110900144,0
0,0.1292068163478426,0
0,0.776728216325691,0
0,0.09159665195170963,0
0,0.351545070489391,0
0,0.9225486938497809,0
0,0.4333633961487951,0
0,0.4571921330358697,0
0,0.6306387557158906,0
0,0.7809211879558867,0
0,0.760288603028433,0
0,0.31550133700416133,0
0,0.21575607980886377,0
0,0.563551209632759,0
0,0.11080520877834212,0
0,0.9856489612506131,0
0,0.1431464692014367,0
0,0.12422271799496844,0
0,0.9130709957120932,0
0,0.19396844986629957,0
0,0.6840714545655923,0
0,0.9860287020774988,0
0,0.6218572490941598,0
0,0.9390357747503996,0
0,0.24983781902185093,0
0,0.3979683865761618,0
0,0.9664087593550735,0
0,0.9668517903197734,0
0,0.3363396148795114,0
0,0.3057230107118558,0
0,0.9785921108843214,0
0,0.5079033559595576,0
0,0.9933861805984082,0
0,0.9620100947769814,0
0,0.2992990617237069,0
0,0.012800430372937138,0
0,0.9212670685590418,0
0,0.17504469865983133,0
0,0.8036581699656651,0
0,0.5761143019888926,0
0,0.9483236024746444,0
0,0.9462350279267733,0
0,0.7732630812803595,0
0,0.3183493932058037,0
0,0.9710605844844227,0
0,0.27230581794591857,0
0,0.6323950570402367,0
0,0.7304947706523631,0
0,0.9763769560608219,0
0,0.5564943592664673,0
0,0.8784038227243239,0
0,0.5531558044967643,0
0,0.9757124096137719,0
0,0.9892723216404804,0
0,0.8601446179649056,0
0,0.7618866790082436,0
0,0.12733975728232147,0
0,0.5322858815525071,0
0,0.2900270565339156,0
0,0.711934937738327,0
0,0.9573899147165393,0
0,0.18034524770177687,0
0,0.8381354725399914,0
0,0.6796727899875002,0
0,0.9186563503742029,0
0,0.14012436512080506,0
0,0.13694403569563773,0
0,0.5931709941298398,0
0,0.07131216278223446,0
0,0.039856964288539735,0
0,0.9630227369820098,0
0,0.2448378981345232,0
0,0.25244853720668975,0
0,0.17790857739592728,0
0,0.24273350105219854,0
0,0.18017119982278762,0
0,0.5331877660163605,0
0,0.5529501115488679,0
0,0.14099460451575133,0
0,0.015822534453568772,0
0,0.10346355279188621,0
0,0.585528709988766,0
0,0.227306529959969,0
0,0.871505197702568,0
0,0.7949874210851094,0
0,0.5638676603218303,0
0,0.5549437508900176,0
0,0.6625053401053781,0
0,0.32489992246958116,0
0,0.1062008512523536,0
0,0.9841774655464313,0
0,0.0781791427350833,0
0,0.7258429455230139,0
0,0.35583297732630814,0
0,0.989177386433759,0
0,0.04666065410357431,0
0,0.9386560339235138,0
0,0.7727567601778453,0
0,0.9335453552950111,0
0,0.15202291102988877,0
0,0.4912264046454961,0
0,0.9543361655670005,0
0,0.9378649072008355,0
0,0.10664388221705352,0
0,0.42377494026993245,0
0,0.13188082467049572,0
0,0.9196215249758707,0
0,0.7085963829686239,0
0,0.14317811427034383,0
0,0.8447809370104903,0
0,0.06447682789829275,0
0,0.990427366655591,0
0,0.5307985633138717,0
0,0.8754766538504137,0
0,0.9834179838926599,0
0,0.9662188889416307,0
0,0.3670036866505277,0
0,0.10958687362541732,0
0,0.9776744038860145,0
0,0.7215550386860967,0
0,0.3996930428316008,0
0,0.575402287938482,0
0,0.6579642727172038,0
0,0.7019034508947644,0
0,0.340390183699625,0
0,0.97064919858863,0
0,0.9397161437319029,0
0,0.2558662046486606,0
0,0.9943988228034366,0
0,0.7021566114460214,0
0,0.9743200265818579,0
0,0.7425990095093432,0
0,0.8093701049034034,0
0,0.5643423363554374,0
0,0.5883451211215013,0
0,0.9069002072752014,0
0,0.9431971013116881,0
0,0.9471210898561732,0
0,0.5007041027831838,0
0,0.08933402952484928,0
0,0.8897644024619864,0
0,0.49250802993623516,0
0,0.044303096469992566,0
0,0.5179506653375737,0
0,0.9513457065552761,0
0,0.9415199126596098,0
0,0.9523583487603045,0
0,0.2596794354519707,0
0,0.8020126263824939,0
0,0.9762820208541004,0
0,0.06995142481922755,0
0,0.3290296039619626,0
0,0.04879669625480609,0
0,0.9331656144681255,0
0,0.2911188114112119,0
0,0.5645322067688803,0
0,0.9958386734387115,0
0,0.21233841236689294,0
0,0.6963972089049224,0
0,0.2529073907058433,0
0,0.9539089571367542,0
0,0.25944209743516716,0
0,0.9478489264410374,0
0,0.9070584326197371,0
0,0.7458109840034177,0
0,0.9886077751934305,0
0,0.9881172766253699,0
0,0.9111564690432113,0
0,0.3303112292527017,0
0,0.49454913688074553,0
0,0.9817407952405817,0
0,0.9780383221784466,0
0,0.23107229315991837,0
0,0.5890571351719118,0
0,0.9813135868103353,0
0,0.9387035015268745,0
0,0.7131532728912517,0
0,0.41891742219268685,0
0,0.06580592079239253,0
0,0.8223287606208762,0
0,0.14966535339630702,0
0,0.6887865698327558,0
0,0.0956155757029161,0
0,0.15779813610544138,0
0,0.20732266894511162,0
0,0.6322842992990617,0
0,0.9406180281957564,0
0,0.718754450087815,0
0,0.7119982278761412,0
0,0.7551779243999304,0
0,0.03868609673897565,0
0,0.5758136738342747,0
0,0.9353174791538108,0
0,0.5329662505340106,0
0,0.35126026486922673,0
0,0.49825160994288065,0
0,0.6922991724814481,0
0,0.9359503805319536,0
0,0.9387193240613282,0
0,0.009999841774655464,0
0,0.3380484486004968,0
0,0.43711333681429093,0
0,0.670210914384266,0
0,0.14113700732583345,0
0,0.8776759861394599,0
0,0.9323270201420863,0
0,0.9715036154491227,0
0,0.991598234205155,0
0,0.9378332621319283,0
0,0.3550893182069904,0
0,0.8897644024619864,0
0,0.9573899147165393,0
0,0.9082767677726619,0
0,0.571367541652822,0
0,0.22868309045742946,0
0,0.23604056897833894,0
0,0.9725162576541511,0
0,0.8838467745763516,0
0,0.3613075742472429,0
0,0.9908229300169301,0
0,0.9668201452508662,0
0,0.04591699498425658,0
0,0.9684656888340374,0
0,0.9882280343665448,0
0,0.9406496732646635,0
0,0.9776269362826537,0
0,0.662252179554121,0
0,0.18843056280755052,0
0,0.29349219157924716,0
0,0.039113305169222005,0
0,0.7178683881584152,0
0,0.5561146184395817,0
0,0.833895033306435,0
0,0.9593993765921426,0
0,0.4732045379028813,0
0,0.33140298412999797,0
0,0.8007784686951156,0
0,0.7828673596936757,0
0,0.8420119934811158,0
0,0.527191025458458,0
0,0.9535766839132293,0
0,0.9717093083970191,0
0,0.2389993829211563,0
0,0.3444882201230993,0
0,0.568060631952026,0
0,0.739118051929558,0
0,0.4456891504881252,0
0,0.18104143921773388,0
0,0.06401797439913925,0
0,0.6563820192718469,0
0,0.7188335627600829,0
0,0.1629562823373048,0
0,0.10256166832803279,0
0,0.44910681793009605,0
0,0.1647758737994652,0
0,0.30529580228160946,0
0,0.949731808041012,0
0,0.9009825793895666,0
0,0.3543298365532191,0
0,0.9541304726191041,0
0,0.6481859464248984,0
0,0.96594990585592,0
0,0.349709656492777,0
0,0.341307890697932,0
0,0.4125409408078986,0
0,0.08647015078875334,0
0,0.9864717330421987,0
0,0.16097846553060868,0
0,0.8454771285264474,0
0,0.9583867343871141,0
0,0.7177101628138796,0
0,0.9938450340975618,0
0,0.5037262068638154,0
0,0.4747076786759703,0
0,0.9435135520007595,0
0,0.5350390025474281,0
0,0.5346909067894495,0
0,0.04523662600275312,0
0,0.045189158399392415,0
0,0.5424281261372447,0
0,0.9809654910523568,0
0,0.9499216784544549,0
0,0.16683280327842914,0
0,0.05866995775383301,0
0,0.8006835334883942,0
0,0.8469644467650829,0
0,0.9006344836315882,0
0,0.6187243872723532,0
0,0.9464090758057626,0
0,0.8389424217971234,0
0,0.2664831252670053,0
0,0.29278017752883656,0
0,0.17096248477081058,0
0,0.27572348538788943,0
0,0.9037040553155804,0
0,0.3330010601098084,0
0,0.470720399993671,0
0,0.9805541051565639,0
0,0.989762820208541,0
0,0.6926947358427873,0
0,0.15490261230043828,0
0,0.9440040505688201,0
0,0.8244489802376544,0
0,0.49415357351940636,0
0,0.3987753358332938,0
0,0.6578376924415753,0
0,0.9635290580845239,0
0,0.7374566858119334,0
0,0.7898450973876996,0
0,0.28042277812059935,0
0,0.27982152181136377,0
0,0.9166943561019604,0
0,0.8028670432429866,0
0,0.3030964699925634,0
0,0.4194712108985617,0
0,0.5475388047657473,0
0,0.4168604927137229,0
0,0.3050742867992595,0
0,0.9150013449154285,0
0,0.1260106643882217,0
0,0.6479960760114555,0
0,0.9649847312542523,0
0,0.4544073669720416,0
0,0.39679751902659766,0
0,0.953070362810715,0
0,0.3567665068590687,0
0,0.43379060457904145,0
0,0.9117577253524469,0
0,0.601746807803674,0
0,0.4479675954494391,0
0,0.9674688691634626,0
0,0.5078875334251041,0
0,0.6831379250328318,0
0,0.9900634483631588,0
0,0.9552538725653075,0
0,0.9426591351402668,0
0,0.9333080172782077,0
0,0.9643518298761096,0
0,0.3356117782946472,0
0,0.13664340754101992,0
0,0.9903166089144159,0
0,0.9407920760747457,0
0,0.9790034967801142,0
0,0.9941773073210867,0
0,0.11466590718501289,0
0,0.8565370801094919,0
0,0.9800477840540498,0
0,0.1465799591778611,0
0,0.9598740526257495,0
0,0.9364725241689213,0
0,0.9812344741380674,0
0,0.9929273270992548,0
0,0.19797155108305248,0
0,0.32822265470483064,0
0,0.15537728833404535,0
0,0.11637474090599832,0
0,0.6731539057926299,0
0,0.9716934858625654,0
0,0.9135614942801538,0
0,0.8530719450641604,0
0,0.7194506416037721,0
0,0.40081644277780415,0
0,0.8287210645401181,0
0,0.9982436986756539,0
0,0.6406069524216389,0
0,0.3302479391148874,0
0,0.8613471305833769,0
0,0.2984288223287606,0
0,0.9415199126596098,0
0,0.2805177133273208,0
0,0.43693928893530165,0
0,0.9519311403300581,0
0,0.9704435056407336,0
0,0.9685131564373981,0
0,0.4797392446322052,0
0,0.8616635812724482,0
0,0.9041787313491875,0
0,0.9651904242021487,0
0,0.41489849844148036,0
0,0.5444534105473015,0
0,0.09727694182054081,0
0,0.1172924479043053,0
0,0.2766886599895571,0
0,0.9778800968339109,0
0,0.07577411749814085,0
0,0.5003243619562981,0
0,0.6361766427746396,0
0,0.061312321007578996,0
0,0.9325643581588899,0
0,0.9137988322969574,0
0,0.951788737519976,0
0,0.20528156200060127,0
0,0.38988307147038814,0
0,0.8693216879479755,0
0,0.16961756934225725,0
0,0.42554706412873217,0
0,0.8366956219047167,0
0,0.963861331308049,0
0,0.10506162877169666,0
0,0.872422904700875,0
0,0.9434502618629452,0
0,0.9568203034762108,0
0,0.1746649578329457,0
0,0.9376275691840319,0
0,0.6629800161389852,0
0,0.976772519422161,0
0,0.8177402256293413,0
0,0.8582142687615703,0
0,0.5222543947089445,0
0,0.1493805477761428,0
0,0.9327384060378792,0
0,0.36050062499011093,0
0,0.2816252907390706,0
0,0.3296466828056518,0
0,0.9602221483837281,0
0,0.27228999541146504,0
0,0.8728026455277607,0
0,0.5644214490277053,0
0,0.5295327605575861,0
0,0.6118574073195044,0
0,0.2584611002990459,0
0,0.865745795161469,0
0,0.5501969905539469,0
0,0.9609183398996851,0
0,0.8041486685337257,0
1,0.9939399693042832,1
0,0.09583709118526605,0
0,0.2944415436464613,0
0,0.6547522982231294,0
0,0.28584990743817346,0
0,0.9613455483299315,0
0,0.46684387905254665,0
0,0.7710637489913135,0
0,0.43323681587316654,0
0,0.9633866552744419,0
0,0.709181816743406,0
0,0.31904558472176076,0
0,0.9478014588376766,0
0,0.9606493568139745,0
0,0.9483868926124587,0
0,0.9839243049951741,0
0,0.9232607079001914,0
0,0.7695131406148636,0
0,0.8423917343080014,0
0,0.2716887391022294,0
0,0.5606240407588488,0
0,0.9707124887264442,0
0,0.9499375009889084,0
0,0.47600512650116295,0
0,0.8935143431274821,0
0,0.664087593550735,0
0,0.6283286656856696,0
0,0.246056233287448,0
0,0.47171721966424585,0
0,0.16612078922801854,0
0,0.9320263919874685,0
0,0.184743912279869,0
0,0.5901647125836617,0
0,0.97446242939194,0
0,0.08900175630132434,0
0,0.8914574136485183,0
0,0.9365358143067356,0
0,0.9540355374123827,0
0,0.4432999477856363,0
0,0.9621366750526099,0
0,0.958465847059382,0
0,0.5306086929004288,0
0,0.1637632315944368,0
0,0.18937991487476463,0
0,0.9680543029382447,0
0,0.193256435815889,0
0,0.9509976107972975,0
0,0.8407145456559232,0
0,0.1104571130203636,0
0,0.9641619594626667,0
0,0.9633866552744419,0
0,0.9714719703802155,0
0,0.9541304726191041,0
0,0.5783927469502065,0
0,0.9549215993417826,0
0,0.5007515703865445,0
0,0.446575212417525,0
0,0.11455514944383792,0
0,0.95765889780225,0
0,0.5054983307226152,0
0,0.9838135472539992,0
0,0.9503805319536083,0
0,0.8472650749197006,0
0,0.7910476100061707,0
0,0.9919937975664942,0
0,0.8149554595655132,0
0,0.4238540529422003,0
0,0.9920887327732156,1
0,0.8815525070805842,0
0,0.6343886963813864,0
0,0.8317906362241104,0
0,0.9947785636303224,0
0,0.8024714798816475,0
0,0.3927785952753912,0
0,0.508915998164586,0
0,0.9484818278191801,0
0,0.7975664942010411,0
0,0.9764877138019968,0
0,0.4926029651429566,0
0,0.749355231721017,0
0,0.9426591351402668,0
0,0.9214727615069381,0
0,0.45709719782914826,0
0,0.14708628028037532,0
0,0.6087561905666049,0
0,0.4117339915507666,0
0,0.3070995712093163,0
0,0.9257132007404946,0
0,0.5211151722282875,0
0,0.3841236689292891,0
0,0.17873134918751285,0
0,0.15528235312732394,0
0,0.9717884210692869,0
0,0.4846284077783579,0
0,0.8761728453663707,0
0,0.495561779085774,0
0,0.9208240375943418,0
0,0.5615417477571557,0
0,0.7574563693612443,0
0,0.6569358079777219,0
0,0.9591462160408855,0
0,0.9001281625290739,0
0,0.9684498662995839,0
0,0.4061486368886568,0
0,0.8108732456764924,0
0,0.9035616525054984,0
0,0.8033417192765937,0
0,0.942247749244474,0
0,0.9772788405246753,0
0,0.16156389930539075,0
0,0.9425167323301846,0
0,0.5959557601936678,0
0,0.6222844575244063,0
0,0.6910650147940697,0
0,0.7159380389550798,0
0,0.9616303539500958,0
0,0.9556336133921932,0
0,0.9367098621857249,0
0,0.9005237258904131,0
0,0.36852264995807027,0
0,0.7781047768231515,0
0,0.7284220186389456,0
0,0.6097213651682727,0
0,0.17471242543630638,0
0,0.9533077008275186,0
0,0.33252638407620133,0
0,0.6838024714798816,0
0,0.9925634088068227,0
0,0.4434739956646256,0
0,0.7439597474723502,0
0,0.9419945886932168,0
0,0.29105552127339757,0
0,0.9503014192813405,0
0,0.9700321197449407,0
0,0.5850382114207053,0
0,0.6971250454897866,0
0,0.991819749687505,0
0,0.8666318570908688,0
0,0.96594990585592,0
0,0.9523267036913973,0
0,0.9722156294995332,0
0,0.9701903450894764,0
0,0.97871869115995,0
0,0.9628328665685669,0
0,0.7109064729988449,0
0,0.5762408822645211,0
0,0.9910444454992801,0
0,0.8666951472286831,0
0,0.954462745842629,0
0,0.9041787313491875,0
0,0.9124855619373111,0
0,0.9915507666017943,0
0,0.7182481289853009,0
0,0.9252701697757947,0
0,0.9100172465625543,0
0,0.5247701776870619,0
0,0.5552443790446354,0
0,0.7575829496368728,0
0,0.7516969668201452,0
0,0.9962342368000506,0
0,0.9933387129950475,0
0,0.7302257875666525,0
0,0.7232955174759893,0
0,0.848831505830604,0
0,0.9701112324172085,0
0,0.9890191610892233,0
0,0.9826743247733422,0
0,0.7389440040505688,0
0,0.9748105251499185,0
0,0.7436274742488251,0
0,0.5198810145409092,0
0,0.8842581604721444,0
0,0.8273919716460183,0
0,0.4238540529422003,0
0,0.9705067957785478,0
0,0.9757915222860398,0
0,0.9877691808673913,0
0,0.903276846885334,0
0,0.9832755810825778,0
0,0.6464296451005522,0
0,0.8352715938038955,0
0,0.6883277163336023,0
0,0.419645258777551,0
0,0.9667410325785984,0
0,0.5699276910175471,0
0,0.7429787503362288,0
0,0.9496368728342905,0
0,0.8824227464755304,0
0,0.6621888894163067,0
0,0.46072055821901553,0
0,0.8325184728089745,0
0,0.975601651872597,0
0,0.9354757044983465,0
0,0.9722472745684404,0
0,0.9686397367130267,0
0,0.8401132893466875,0
0,0.7698770589072957,0
0,0.7111438110156485,0
0,0.9466305912881126,0
0,0.5878546225534406,0
0,0.9772788405246753,0
0,0.9871995696270629,0
0,0.5548013480799354,0
0,0.9695732662457872,0
0,0.49795098178826286,0
0,0.7688802392367209,0
0,0.772440309488774,0
0,0.5912722899954115,0
0,0.9891932089682125,0
0,0.43780952833024794,0
0,0.800287970127055,0
0,0.6310343190772298,0
0,0.8975649119475958,0
0,0.9201120235439313,0
0,0.6930428316007659,0
0,0.9945095805446116,0
0,0.9929431496337083,0
0,0.9650796664609738,0
0,0.9880698090220091,0
0,0.29417256056075064,0
0,0.8855081406939763,0
0,0.9321846173320042,0
0,0.9674688691634626,0
0,0.9875160203161343,1
0,0.561130361861363,0
0,0.39331656144681254,0
0,0.750826727425199,0
0,0.758864574927612,0
0,0.9859021218018702,0
0,0.9755383617347827,0
0,0.9718675337415548,0
0,0.8062055980126897,0
0,0.8492428917263968,0
0,0.9358079777218715,0
0,0.9949051439059509,0
0,0.9820414233951994,0
0,0.27679941773073213,0
0,0.9766617616809861,0
0,0.6148795114001361,0
0,0.8002721475926013,0
0,0.9934336482017689,0
0,0.7531684625243271,0
0,0.9050806158130409,0
0,0.93659910444455,0
0,0.29779592095061785,0
0,0.4380785114159586,0
0,0.975380136390247,0
0,0.3973987753358333,0
0,0.7784845176500372,0
0,0.9451432730494771,0
0,0.7952089365674594,0
0,0.9921203778421227,0
0,0.9739244632205186,0
0,0.6144997705732504,0
0,0.7617917438015221,0
0,0.6466353380484486,0
0,0.9933387129950475,0
0,0.9672789987500198,0
0,0.6973149159032294,0
0,0.9596367146089461,0
0,0.7687220138921852,0
0,0.889669467255265,0
0,0.8968212528282781,0
0,0.8011898545909084,0
0,0.6188826126168889,0
0,0.7696555434249458,0
0,0.9598107624879353,0
0,0.8599389250170092,0
0,0.9979272479865825,0
0,0.628787519184823,0
0,0.9704435056407336,0
0,0.6464612901694593,0
0,0.8133573835857028,0
0,0.4259584500245249,0
0,0.778088954288698,0
0,0.9001123399946204,0
0,0.6166358127244822,0
0,0.5580766127118242,0
0,0.8007784686951156,0
0,0.9827217923767029,0
0,0.9466780588914733,0
0,0.9718517112071011,0
0,0.30265343902786346,0
0,0.9928956820303476,0
0,0.6627426781221816,0
0,0.7206847992911505,0
0,0.9458078194965269,0
0,0.985174285217006,0
0,0.6163826521732251,0
0,0.5233936171896014,0
0,0.43293618771854875,0
0,0.6102276862707868,0
0,0.9002863878736096,0
0,0.9678802550592553,0
0,0.23012294109270423,0
0,0.945586304014177,0
0,0.4431417224411006,0
0,0.34018449075172863,0
0,0.9520735431401401,0
0,0.47869495735826967,0
0,0.9376908593218461,0
0,0.3903102799006345,0
0,0.5166532175123811,0
0,0.8786728058100346,0
0,0.2603914495023813,0
0,0.9626904637584849,0
0,0.9717884210692869,0
0,0.9572791569753644,0
0,0.9708865366054334,0
0,0.9363459438932928,0
0,0.9550007120140505,0
0,0.9454280786696413,0
0,0.9868672964035379,0
0,0.7012389044477144,0
0,0.9731175139633866,0
0,0.925697378206041,0
0,0.9606493568139745,0
0,0.9114887422667363,0
0,0.9597949399534818,0
0,0.6596414613692821,0
0,0.9736080125314472,0
0,0.9531494754829829,0
0,0.8741159158874069,0
0,0.3629372952959605,0
0,0.8825018591477983,0
0,0.7945443901204094,0
0,0.960997452571953,0
0,0.9912343159127229,0
0,0.9209980854733311,0
0,0.9955855128874543,0
0,0.8961092387778674,0
0,0.08623281277194982,0
0,0.9582917991803928,0
0,0.947532475751966,0
0,0.45964462587617283,0
0,0.25667315390579265,0
0,0.4722710083701207,0
0,0.8293856109871679,0
0,0.985617316181706,0
0,0.5520007594816537,0
0,0.9076122213256119,0
0,0.3492033353902628,0
0,0.9518994952611509,0
0,0.4960681001882882,0
0,0.7880255059255391,0
0,0.7965854970649199,0
0,0.947089444787266,0
0,0.5012578914890587,0
0,0.5888356196895619,0
0,0.9831015332035885,0
0,0.7539279441780985,0
0,0.7980569927691018,0
0,0.8755715890571352,0
0,0.9442572111200772,0
0,0.9619626271736207,0
0,0.9626746412240312,0
0,0.5011787788167908,0
0,0.22515466527428363,0
0,0.8955554500719926,0
0,0.15420642078448127,0
0,0.9539406022056613,0
0,0.47829939399693044,0
0,0.9381338902865461,0
0,0.5409408078986092,0
0,0.9462983180645876,0
0,0.9540830050157434,0
0,0.7585481242385406,0
0,0.9069002072752014,0
0,0.8961092387778674,0
0,0.9831648233414029,0
0,0.7926140409170741,0
0,0.2619262353443775,0
0,0.7015553551367858,0
0,0.7380737646556226,0
0,0.9703643929684657,0
0,0.6694197876615876,0
0,0.14012436512080506,0
0,0.1915792471638107,0
0,0.9146690716919036,0
0,0.040189237512064685,0
0,0.9681334156105125,0
0,0.5434249458078195,0
0,0.1181152196958909,0
0,0.9386560339235138,0
0,0.7769655543424946,0
0,0.04604357525988513,0
0,0.2610401734149776,0
0,0.8828341323713232,0
0,0.7028211578930713,0
0,0.9853483330959953,0
0,0.09401749972310565,0
0,0.3036186136295312,0
0,0.2724956883593614,0
0,0.7235803230961535,0
0,0.9448584674293128,0
0,0.9834338064271135,0
0,0.05015743421781301,0
0,0.3309124855619373,0
0,0.396750051423237,0
0,0.6689925792313413,0
0,0.8355880444929669,0
0,0.3665448331513742,0
0,0.9590038132308033,0
0,0.9526115093115616,0
0,0.5735985190107752,0
0,0.943640132276388,0
0,0.606113827312859,0
0,0.2534137118083575,0
0,0.9704435056407336,0
0,0.33094413063084444,0
0,0.1958829765351814,0
0,0.6471258366165092,0
0,0.17843072103289506,0
0,0.5040426575528868,0
0,0.9451907406528378,0
0,0.953988069809022,0
0,0.22993307067926141,0
0,0.985063527475831,0
0,0.3377003528425183,0
0,0.6989604594864005,0
0,0.7950190661540165,0
0,0.9424217971234632,0
0,0.7894337114919068,0
0,0.8261103463552791,0
0,0.9764560687330897,0
0,0.7451147924874606,0
0,0.2643629056502271,0
0,0.4207370136548472,0
0,0.7378838942421797,0
0,0.7518551921646809,0
0,0.677331054888372,0
0,0.9568994161484786,0
0,0.5084254995965254,0
0,0.7863166722045537,0
0,0.29990031803294254,0
0,0.1587474881726555,0
0,0.5185044540434487,0
0,0.5818104143921773,0
0,0.7809528330247939,0
0,0.44489802376544674,0
0,0.9912976060505372,0
0,0.9694466859701587,0
0,0.8543061027515387,0
0,0.24436322210091613,0
0,0.9312352652647902,0
0,0.5502286356228541,0
0,0.6941820540814228,0
0,0.9422635717789275,0
0,0.9555228556510181,0
0,0.09779908545750858,0
0,0.6501321181626873,0
0,0.8416164301197766,0
0,0.1794275407034699,0
0,0.9923260707900191,0
0,0.9305232512143795,0
0,0.10808373285232828,0
0,0.6792297590228003,0
0,0.9781649024540751,0
0,0.507191341909147,0
0,0.9348902707235645,0
0,0.48367905571114383,0
0,0.6071897596557017,0
0,0.8971218809828958,0
0,0.9560608218224396,0
0,0.97468394487429,0
0,0.8323760699988925,0
0,0.4126516985490736,0
0,0.9295738991471654,0
0,0.46837866489454283,0
0,0.06722994889321371,0
0,0.6076644356893087,0
0,0.9925634088068227,0
0,0.4569864400879733,0
0,0.9643518298761096,0
0,0.9834812740304743,0
0,0.10934953560861378,0
0,0.3238081675922849,0
0,0.998750019778168,0
0,0.9465356560813911,0
0,0.029698897169348586,0
0,0.09658075030458378,0
0,0.23816078859511716,0
0,0.5944842644894859,0
0,0.9334978876916504,0
0,0.9477856363032231,0
0,0.8013006123320834,0
0,0.14127941013591558,0
0,0.7193873514659578,0
0,0.9823104064809101,0
0,0.13491875128558092,0
0,0.8403822724323983,0
0,0.5055141532570687,0
0,0.4162908814733944,0
0,0.9240360120884163,0
0,0.09074223509121691,0
0,0.08170756791822914,0
0,0.9147323618297178,0
0,0.4248666951472287,0
0,0.9297954146295153,0
0,0.6950681160108226,0
0,0.8510624831885572,0
0,0.514422240154428,0
0,0.6379804117023464,0
0,0.9640670242559454,0
0,0.9398743690764386,0
0,0.9606493568139745,0
0,0.9485451179569944,0
0,0.8697963639815826,0
0,0.3688707457160488,0
0,0.9518045600544295,0
0,0.2542681286688502,0
0,0.15912722899954115,0
0,0.7066660337652885,0
0,0.869337510482429,0
0,0.3734592807075837,0
0,0.217876299425642,0
0,0.8640844290438442,0
0,0.7068559041787313,0
0,0.13544089492254868,0
0,0.9650954889954273,0
0,0.9987658423126217,0
0,0.22904700874986156,0
0,0.9534342811031471,0
0,0.3522729070742552,0
0,0.7576304172402335,0
0,0.23055014952295058,0
0,0.5735510514074145,0
0,0.4634736792139365,0
0,0.937073780478157,0
0,0.8305723010711856,0
0,0.9803009446053069,0
0,0.9295106090093511,0
0,0.5832344424929985,0
0,0.9465198335469376,0
0,0.9560608218224396,0
0,0.8870429265359725,0
0,0.10719767092292844,0
0,0.5014794069714087,0
0,0.19901583835698802,0
0,0.15157988006518885,0
0,0.11050458062372431,0
0,0.9865033781111059,0
0,0.7846078384835683,0
0,0.9597949399534818,0
0,0.6791190012816253,0
0,0.7136121263904052,0
0,0.4264647711270391,0
0,0.5528077087387858,0
0,0.21683201215170647,0
0,0.9011249821996488,0
0,0.743263555956393,0
0,0.14074144396449423,0
0,0.9606493568139745,0
0,0.9776427588171073,0
0,0.04651825129349219,0
0,0.21562949953323524,0
0,0.9580702836980427,0
0,0.29624531257416814,0
0,0.24670495720004432,0
0,0.7293713707061598,0
0,0.7991962152497587,0
0,0.9338776285185361,0
0,0.5261309156500689,0
0,0.7053369408711887,0
0,0.8824069239410769,0
0,0.23385705922374647,0
0,0.0700780050948561,0
0,0.16400056961124032,0
0,0.28134048511890636,0
0,0.8224395183620512,0
0,0.9716143731902976,0
0,0.9693833958323445,0
0,0.9459185772377019,0
0,0.6129808072657078,0
0,0.6245470799512666,0
0,0.33708327399882915,0
0,0.9386085663201532,0
0,0.3176532016898467,0
0,0.9766459391465325,0
0,0.8192908340057911,0
0,0.796617142133827,0
0,0.8332146643249315,0
0,0.9690827676777266,0
0,0.7272353285549279,0
0,0.9549690669451433,0
0,0.18213319409503015,0
0,0.31771649182766093,0
0,0.5975696587079319,0
0,0.8084365753706428,0
0,0.36793721618328823,0
0,0.9948893213714973,0
0,0.9478805715099444,0
0,0.28630876093732693,0
0,0.2990933687758105,0
0,0.9846679641144919,0
0,0.22561351877343713,0
0,0.9506969826426797,0
0,0.2293792819733865,0
0,0.36834860207908104,0
0,0.13542507238809512,0
0,0.8235945633771617,0
0,0.9984177465546431,0
0,0.3052325121437952,0
0,0.8372652331450452,0
0,0.8638312684925872,0
0,0.9009351117862059,0
0,0.20437967753674782,0
0,0.2633660859796522,0
0,0.7818388949541938,0
0,0.94870334330153,0
0,0.9970570085916363,0
0,0.6118257622505973,0
0,0.924304995174127,0
0,0.7333586493884591,0
0,0.6508915998164586,0
0,0.11798863942026233,0
0,0.46647996076011455,0
0,0.08669166627110331,0
0,0.5093432065948323,0
0,0.11536209870096992,0
0,0.6849891615638993,0
0,0.6288349867881837,0
0,0.25944209743516716,0
0,0.06946092625116691,0
0,0.9644942326861917,0
0,0.44807835319061406,0
0,0.9951266593883008,0
0,0.9915507666017943,0
0,0.32434613376370625,0
0,0.2422430024841379,0
0,0.8587997025363523,0
0,0.9238144966060664,0
0,0.982278761412003,0
0,0.01044287273935539,0
0,0.21388902074334268,0
0,0.1433996297526938,0
0,0.1605829021692695,0
0,0.18320912643787282,0
0,0.8105409724529675,0
0,0.34396607648613153,0
0,0.8415056723786016,0
0,0.938102245217639,0
0,0.6043100583851522,0
0,0.29241625923640446,0
0,0.9311877976614295,0
0,0.6768563788547649,0
0,0.9694466859701587,0
0,0.6950048258730084,0
0,0.7679150646350532,0
0,0.4914479201278461,0
0,0.9293523836648154,0
0,0.7299568044809418,0
0,0.1155203240455056,0
0,0.14145345801490483,0
0,0.3823357225360358,0
0,0.6575528868214111,0
0,0.03433489976424424,0
0,0.9709656492777013,0
0,0.5427129317574089,0
0,0.9334345975538362,0
0,0.9441464533789022,0
0,0.4850081486052436,0
0,0.6442619578804133,0
0,0.6852739671840635,0
0,0.9784497080742394,0
0,0.9965981550924827,0
0,0.9500799037989905,0
0,0.42217686429012197,0
0,0.9375009889084034,0
0,0.3248840999351276,0
0,0.3711650132118163,0
0,0.9991455831395073,0
0,0.4081739212987136,0
0,0.5917311434945649,0
0,0.13419091470071676,0
0,0.28863467350200156,0
0,0.008069492571320074,0
0,0.21167386591984305,0
0,0.30160915175392794,0
0,0.9673581114222877,0
0,0.4840429740035759,0
0,0.9394788057150995,0
0,0.9314093131437794,0
0,0.0355215898482619,0
0,0.5920159491147292,0
0,0.9539406022056613,0
0,0.4173509912817835,0
0,0.203493615607348,0
0,0.41282574642806286,0
0,0.5115900064872392,0
0,0.5048337842755652,0
0,0.9677220297147197,0
0,0.5567475198177244,0
0,0.02541099033243145,0
0,0.957912058353507,0
0,0.8325342953434282,0
0,0.9919146848942264,0
0,0.2692995363997405,0
0,0.2561984778721856,0
0,0.686761285422699,0
0,0.905776807328998,0
0,0.9265201499976267,0
0,0.2807075837407636,0
0,0.9557285485989145,0
0,0.09118526605591684,0
0,0.8200186705906553,0
0,0.5259885128399867,0
0,0.06120156326640401,0
0,0.7332953592506448,0
0,0.8148605243587917,0
0,0.0031961519596208922,0
0,0.9309029920412651,0
0,0.08885935349124223,0
0,0.9072957706365405,0
0,0.5586778690210598,0
0,0.15172228287527095,0
0,0.2228445752440626,0
0,0.32876062087625196,0
0,0.9110457113020364,0
0,0.475894368759988,0
0,0.9516621572443474,0
1,0.9994462112941251,1
0,0.9788927390389393,0
0,0.8083258176294679,0
0,0.9434502618629452,0
0,0.764402461986361,0
0,0.04664483156912074,0
0,0.23714814639008877,0
0,0.6312716570940333,0
0,0.8473916551953292,0
0,0.9436084872074809,0
0,0.06697678834195661,0
0,0.41581620543978737,0
0,0.001946171737788959,0
0,0.08985617316181706,0
0,0.5735826964763215,0
0,0.9853325105615417,0
0,0.13230803310074207,0
0,0.8544959731649816,0
0,0.9180076264616066,0
0,0.36018417430103955,0
0,0.006692932073859591,0
0,0.4209585291371972,0
0,0.9633866552744419,0
0,0.2138257306055284,0
0,0.9502697742124333,0
0,0.8231831774813689,0
0,0.8012214996598155,0
0,0.3965601810097941,0
0,0.9424217971234632,0
0,0.19260771190329268,0
0,0.6919668992579231,0
0,0.656492777013022,0
0,0.46801474660211073,0
0,0.8120441132260565,0
0,0.16219680068353348,0
0,0.10215028243224,0
0,0.9694466859701587,0
0,0.9778800968339109,0
0,0.5635353870983054,0
0,0.6609863767978355,0
0,0.016059872470372303,0
0,0.6616351007104317,0
0,0.9639087989114097,0
0,0.5050552997579152,0
0,0.37603835382351547,0
0,0.4996914605781554,0
0,0.045932817518710145,0
0,0.9007452413727631,0
0,0.5964620812961821,0
0,0.6867929304916062,0
0,0.5478394329203652,0
0,0.10159649372636509,0
0,0.7936266831221025,0
0,0.44303096469992564,0
0,0.014762424645179665,0
0,0.9861078147497666,0
0,0.1320390500150314,0
0,0.3963703105963513,0
0,0.4745494533314346,0
0,0.16506067941962943,0
0,0.9731016914289331,0
0,0.9370579579437034,0
0,0.9593519089887819,0
0,0.6024271767851774,0
0,0.7421243334757361,0
0,0.5411623233809592,0
0,0.17137387066660337,0
0,0.23243303112292527,0
0,0.8136105441369599,0
0,0.9580702836980427,0
0,0.9156342462935713,0
0,0.9965665100235755,0
0,0.8021075615892154,0
0,0.9259030711539374,0
0,0.41712947579943355,0
0,0.6202275280454423,0
0,0.967453046629009,0
0,0.9886710653312447,0
0,0.7804623344567333,0
0,0.5383300897137704,0
0,0.0010601098083891079,0
0,0.0643977152260249,0
0,0.9478805715099444,0
0,0.6598629768516321,0
0,0.1242860081327827,0
0,0.307953988069809,0
0,0.9766934067498932,0
0,0.5307036281071502,0
0,0.9484818278191801,0
0,0.75335833293777,0
0,0.9883071470388127,0
0,0.3869559025964779,0
0,0.745905919210139,0
0,0.5265897691492223,0
0,0.019572475119064573,0
0,0.6770462492682078,0
0,0.9687188493852945,0
0,0.2046486606224585,0
0,0.2121960095568108,0
0,0.9371687156848784,0
0,0.9811553614657996,0
0,0.9373585860983212,0
0,0.11828926757488015,0
0,0.3293618771854876,0
0,0.8307305264157213,0
0,0.9479122165788516,0
0,0.3621461685732821,0
0,0.3363396148795114,0
0,0.9694466859701587,0
0,0.8892580813594722,0
0,0.012832075441844275,0
0,0.984367335959874,0
0,0.10086865714150092,0
0,0.3873672884922707,0
0,0.40918656350374205,0
0,0.5925222702172434,0
0,0.9530861853451685,0
0,0.8501764212591573,0
0,0.5722377810477682,0
0,0.8254299773737758,0
0,0.1415167481527191,0
0,0.9376908593218461,0
0,0.004999920887327732,0
0,0.5942469264726824,0
0,0.5879020901568013,0
0,0.31936203541083213,0
0,0.1278460783848357,0
0,0.008781506621730668,0
0,0.9442572111200772,0
0,0.17873134918751285,0
0,0.8957769655543425,0
0,0.7576304172402335,0
0,0.8409202386038196,0
0,0.5904178731349188,0
0,0.98767424566067,0
0,0.9466622363570196,0
0,0.04471448236578535,0
0,0.021724339804749925,0
0,0.6066517934842803,0
0,0.9565987879938609,0
0,0.3475419692726381,0
0,0.992547586272369,0
0,0.04471448236578535,0
0,0.21241752503916078,0
0,0.3783009762503758,0
0,0.2161991107735637,0
0,0.8746538820588282,0
0,0.04142339519944305,0
0,0.30931472603281596,0
0,0.27206847992911504,0
0,0.0043195519058242746,0
0,0.020664229996360816,0
0,0.3783484438537365,0
0,0.5043116406385975,0
0,0.030094460530687806,0
0,0.7060964225249601,0
0,0.9357921551874179,0
0,0.9979272479865825,0
0,0.9500007911267226,0
0,0.9884970174522555,0
0,0.06857486432176706,0
0,0.23031281150614705,0
0,0.16412714988686888,0
0,0.9866457809211879,0
0,0.4302780019303492,0
0,0.9627537538962991,0
0,0.9332130820714862,0
0,0.8425341371180836,0
0,0.6127434692489043,0
0,0.36828531194126674,0
0,0.9440515181721808,0
0,0.8624230629262195,0
0,0.37095932026391987,0
0,0.731491590322938,0
0,0.9306814765589152,0
0,0.9746997674087435,0
0,0.7498140852201706,0
0,0.9368680875302606,0
0,0.4112751380516131,0
0,0.9661081312004557,0
0,0.6629800161389852,0
0,0.9580861062324963,0
0,0.9265834401354409,0
0,0.5795319694308634,0
0,0.7798294330785905,0
0,0.008480878467112863,0
0,0.021724339804749925,0
0,0.08743532539042104,0
0,0.2362304393917818,0
0,0.2826854005474597,0
0,0.4258793373522571,0
0,0.9183398996851315,0
0,0.5567475198177244,0
0,0.0571035268429297,0
0,0.3382066739450325,0
0,0.2285723327162545,0
0,0.9766775842154396,0
0,0.9156342462935713,0
0,0.9280391133051692,0
0,0.9954431100773722,0
0,0.6830271672916568,0
0,0.09653328270122308,0
0,0.9569943513552001,0
0,0.464850239711397,0
0,0.19257606683438552,0
0,0.5712884289805541,0
0,0.9692093479533551,0
0,0.026091359313934907,0
0,0.4616540877517761,0
0,0.103874938687679,0
0,0.33948829923577156,0
0,0.13643771459312354,0
0,0.9778800968339109,0
0,0.6230439391781776,0
0,0.1239379123748042,0
0,0.25179981329409346,0
0,0.5381085742314203,0
0,0.26668881821490165,0
0,0.16132656128858722,0
0,0.5717631050141612,0
0,0.6923782851537159,0
0,0.956519675321593,0
0,0.8640369614404836,0
0,0.873926045473964,0
0,0.2537459850318824,0
0,0.19847787218556667,0
0,0.23979050964383475,0
0,0.8624230629262195,0
0,0.9350484960681001,0
0,0.6720146833119729,0
0,0.5974589009667568,0
0,0.9425483773990918,0
0,0.3640606952421639,0
0,0.3372098542744577,0
0,0.9709340042087942,0
0,0.4220186389455863,0
0,0.5327763801205677,0
0,0.9812344741380674,0
0,0.18800335437730414,0
0,0.175313681745542,0
0,0.950427999556969,0
0,0.27728991629879274,0
0,0.6099587031850762,0
0,0.03294251673233019,0
0,0.9882755019699055,0
0,0.8954130472619104,0
0,0.9728643534121295,0
0,0.23776522523377794,0
0,0.9252859923102482,0
0,0.9403332225755922,0
0,0.9210613756111454,0
0,0.32284299299061725,0
0,0.18771854875713992,0
0,0.9985759718991788,0
0,0.9709340042087942,0
0,0.6122371481463901,0
0,0.21816110504580624,0
0,0.2944257211120077,0
0,0.44165440420246516,0
0,0.988845113210234,0
0,0.4403094887739118,0
0,0.20066138194015917,0
0,0.03686650527681524,0
0,0.15252923213240296,0
0,0.26061296498473124,0
0,0.055347225518583565,0
0,0.7706207180266135,0
0,0.6493409914400089,0
0,0.2508662837613329,0
0,0.1344282527175203,0
0,0.41420230692552334,0
0,0.42614832043796774,0
0,0.7255739624373032,0
0,0.9404756253856743,0
0,0.14468125504343285,0
0,0.4781886362557555,0
0,0.9586082498694641,0
0,0.8579927532792203,0
0,0.9991139380706001,0
0,0.4363696776949732,0
0,0.11874812107403364,0
0,0.44250882106295786,0
0,0.08539421844591066,0
0,0.7753833008971377,0
0,0.30372937137070616,0
0,0.9103020521827186,0
0,0.18507618550339394,0
0,0.5760035442477176,0
0,0.951567222037626,0
0,0.8903973038401292,0
0,0.8803658169965665,0
0,0.9089096691508046,0
0,0.8826917295612411,0
0,0.9290675780446512,0
0,0.06374899131342858,0
0,0.9955380452840936,0
0,0.12751380516131075,0
0,0.7677093716871568,0
0,0.7099096533282702,0
0,0.4049461242701856,0
0,0.7589120425309727,0
0,0.5877280422778121,0
0,0.6573471938735147,0
0,0.9697314915903229,0
0,0.08922327178367431,0
0,0.9874527301783199,0
0,0.48527713169095427,0
0,0.3658802867043243,0
0,0.5737409218208572,0
0,0.010205534722551859,0
0,0.5515735510514074,0
0,0.47619499691460576,0
0,0.9853008654926346,0
0,0.355579816775051,0
0,0.15953861489533394,0
0,0.8235787408427082,0
0,0.8046549896362399,0
0,0.9943355326656224,0
0,0.38165535355453234,0
0,0.9318365215740257,0
0,0.9043369566937232,0
0,0.5435831711523552,0
0,0.8430246356861442,0
0,0.6466353380484486,0
0,0.30562807550513443,0
0,0.9101596493726365,0
0,0.521906298950966,0
0,0.07178683881584152,0
0,0.976187085647379,0
0,0.9776269362826537,0
0,0.8158415214949131,0
0,0.9984335690890966,0
0,0.9869305865413522,0
0,0.03829053337763643,0
0,0.15958608249869463,0
0,0.9353649467571715,0
0,0.028654609895413047,0
0,0.3505798958877233,0
1,0.9909811553614658,0
0,0.46682805651809306,0
0,0.08099555386781855,0
0,0.1017388965364472,0
0,0.5551177987690068,0
0,0.4398506352747583,0
0,0.940776253540292,0
0,0.802376544674926,0
0,0.6239616461764845,0
0,0.21646809385927437,0
0,0.9497950981788262,0
0,0.8619958544959732,0
0,0.2399170899194633,0
0,0.4043290454264964,0
0,0.622917358902549,0
0,0.4251040331640322,0
0,0.049287194822866726,0
0,0.9365358143067356,0
0,0.6286925839781016,0
0,0.4962896156706381,0
0,0.5864622395215265,0
0,0.769244157529153,0
0,0.9513457065552761,0
0,0.09431812787772345,0
0,0.49875793104539484,0
0,0.9633866552744419,0
0,0.9500799037989905,0
0,0.9280549358396228,0
0,0.9317257638328508,0
0,0.6079808863783801,0
0,0.9754117814591541,0
0,0.13947564120820874,0
0,0.3526210028322337,0
0,0.9707124887264442,0
0,0.30018512365310673,0
0,0.5747377414914321,0
0,0.6129966298001613,0
0,0.8984984414803563,0
0,0.9556177908577396,0
0,0.4110061549659024,0
0,0.2291735890254901,0
0,0.1859622474327938,0
0,0.9708548915365263,0
0,0.9626271736206705,0
0,0.945586304014177,0
0,0.7655575070014715,0
0,0.667093875096913,0
0,0.4798816474422873,0
0,0.961804401829085,0
0,0.222132561193652,0
0,0.4901821173715606,0
0,0.9646049904273667,0
0,0.19449059350326736,0
0,0.5691682093637759,0
0,0.17214917485482825,0
0,0.2650749197006376,0
0,0.36048480245565734,0
0,0.8881505039477223,0
0,0.8597806996724735,0
0,0.9633866552744419,0
0,0.6051802977800984,0
0,0.014382683818294014,0
0,0.9050331482096802,0
0,0.07465071755193747,0
0,0.22260723722725906,0
0,0.9652220692710558,0
0,0.7632315944367969,0
0,0.28042277812059935,0
0,0.5920634167180899,0
0,0.10667552728596066,0
0,0.5206879637980412,0
0,0.5756870935586462,0
0,0.9484027151469122,0
0,0.7735004192971631,0
0,0.5820477524089809,0
0,0.2018638945586304,0
0,0.31391908355880443,0
0,0.9757440546826791,0
0,0.41318966472049495,0
0,0.2408347969177703,0
0,0.4635844369551115,0
0,0.32247907469818515,0
0,0.14037752567206216,0
0,0.237432952010253,0
0,0.9377541494596604,0
0,0.2537459850318824,0
0,0.24026518567744182,0
0,0.7034857043401213,0
0,0.738532618154776,0
0,0.9481653771301087,0
0,0.9926899890824512,0
0,0.9704435056407336,0
0,0.9144159111406465,0
0,0.37947184379993987,0
0,0.8791000142402811,0
0,0.9636872834290596,0
0,0.4221293966867613,0
0,0.3436021581936995,0
0,0.8184997072831126,0
0,0.16688027088178983,0
0,0.9968354931092862,0
0,0.9304283160076581,0
0,0.3187133114982358,0
0,0.7656049746048322,0
0,0.6366196737393396,0
0,0.9886235977278841,0
0,0.6732488409993512,0
0,0.7262701539532602,0
0,0.7805889147323618,0
0,0.27996392462144587,0
0,0.8590370405531558,0
0,0.7286593566557491,0
1,0.9934652932706761,0
0,0.3329535925064477,0
0,0.42700273729846044,0
0,0.9438141801553773,0
0,0.26649894780145883,0
0,0.9381338902865461,0
0,0.8717900033227323,0
0,0.888197971551083,0
0,0.9915507666017943,0
0,0.9516938023132545,0
0,0.9200170883372099,0
0,0.8913941235107039,0
0,0.2002974636477271,0
0,0.9711713422255976,0
0,0.48801443015142165,0
0,0.81272448220756,0
0,0.6162718944320501,0
0,0.9635132355500704,0
0,0.14934890270723564,0
0,0.3567823293935223,0
0,0.9113621619911078,0
0,0.9483236024746444,0
0,0.779259821838262,0
0,0.46049904273666553,0
0,0.8611730827043876,0
0,0.9196531700447778,0
0,0.9843198683565133,0
0,0.6961756934225725,0
0,0.20877834211483995,0
0,0.7722662616097846,0
0,0.6916820936377589,0
0,0.9946203382857867,0
0,0.9344630622933181,0
0,0.31330200471511527,0
0,0.2185250233382383,0
0,0.06509390674198193,0
0,0.9652062467366023,0
0,0.8478979762978434,0
0,0.36121263904052153,0
1,0.9999208873277322,0
0,0.6908751443806269,0
0,0.17659530703628107,0
0,0.7381528773278904,0
0,0.4481574658628819,0
0,0.16317779781965475,0
0,0.9734181421180045,0
0,0.36292147276150694,0
0,0.02901852818784513,0
0,0.5466210977674404,0
0,0.8314900080694926,0
0,0.9335770003639183,0
0,0.8102245217638961,0
0,0.9078179142735083,0
0,0.09091628297020617,0
1,0.9992246958117751,1
0,0.8898118700653471,0
0,0.8790525466369203,0
0,0.3404534738374393,0
0,0.8013639024698976,0
0,0.7545766680906948,0
0,0.8209205550545087,0
0,0.030600781633202005,0
0,0.3139981962310723,0
0,0.6951788737519976,0
0,0.8063796458916789,0
0,0.9938450340975618,0
0,0.43212923846141676,0
0,0.9705067957785478,0
0,0.9800477840540498,0
0,0.6561921488584042,0
0,0.7638803183493932,0
0,0.9540830050157434,0
0,0.24426828689419472,0
0,0.2678438632300122,0
0,0.21064540118036107,0
0,0.3866394519074065,0
0,0.41538899700954096,0
0,0.10621667378680717,0
0,0.7027578677552571,0
0,0.5487887849875793,0
0,0.9650954889954273,0
0,0.4236008923909432,0
0,0.11313112134301673,0
0,0.4186800841758833,0
0,0.8695432034303254,0
0,0.25909400167718866,0
0,0.6049429597632949,0
0,0.9371054255470641,0
0,0.25260676255122544,0
0,0.2733659277543077,0
0,0.9338301609151753,0
0,0.5185044540434487,0
0,0.9367256847201785,0
0,0.9660764861315485,0
0,0.9465198335469376,0
0,0.9355548171706144,0
0,0.06897042768310628,0
0,0.45027768547966013,0
0,0.5101501558519643,0
0,0.9450325153083021,0
0,0.7136279489248588,0
0,0.5073653897881363,0
0,0.7097356054492808,0
0,0.9646366354962738,0
0,0.6904795810192876,0
0,0.9430705210360596,0
0,0.3520672141263588,0
0,0.13044097403522095,0
0,0.9662505340105378,0
0,0.9905223018623123,0
0,0.20390500150314078,0
0,0.9516463347098938,0
0,0.12086834069081186,0
0,0.9425325548646383,0
0,0.922248065695163,0
0,0.9528013797250043,0
0,0.9618518694324457,0
0,0.5115108938149713,0
0,0.9673739339567412,0
0,0.8694799132925112,0
0,0.13694403569563773,0
0,0.8110789386243888,0
0,0.9894780145883768,0
0,0.1661524342969257,0
0,0.9368997325991677,0
0,0.9028812835239949,0
0,0.610259331339694,0
0,0.6370943497729467,0
0,0.8981345231879242,0
0,0.30140345880603153,0
0,0.1884780304109112,0
0,0.6950206484074619,0
0,0.8422018638945586,0
0,0.43034129206816346,0
0,0.8095283302479391,0
0,0.03920824037594342,0
0,0.5447382161674656,0
0,0.1279410135915571,0
0,0.97468394487429,0
0,0.23547095773801047,0
0,0.15325706871726713,0
0,0.08183414819385769,0
0,0.8517428521700606,0
0,0.826854005474597,0
0,0.9604278413316245,0
0,0.9926425214790905,0
0,0.5651018180092087,0
0,0.14129523267036914,0
0,0.8604927137228842,0
0,0.9152386829322321,0
0,0.9502223066090726,0
0,0.7888641002515783,0
0,0.9362668312210249,0
0,0.9708548915365263,0
0,0.5674593756427905,0
0,0.452888403664499,0
0,0.4104840113289347,0
0,0.9843040458220598,0
0,0.7647980253477002,0
0,0.39000965174601665,0
0,0.9782914827297037,0
0,0.9396370310596351,0
0,0.8356038670274204,0
0,0.6229015363680954,0
0,0.7891647284061961,0
0,0.3027641967690385,0
0,0.9527064445182829,0
0,0.6316830429898261,0
0,0.9625797060173098,0
0,0.9529121374661793,0
0,0.6271419756016519,0
0,0.24577142766728374,0
0,0.9962342368000506,0
0,0.7791015964937263,0
0,0.40586383126849257,0
0,0.9047958101928767,0
0,0.1684783468616003,0
0,0.9389724846125852,0
0,0.9464407208746697,0
0,0.3628740051581462,0
0,0.9937184538219332,0
0,0.35151342542048386,0
0,0.18659514881093653,0
0,0.7934526352431133,0
0,0.30546985016059874,0
0,0.9620892074492492,0
0,0.7718706982484455,0
0,0.9779750320406323,0
0,0.18795588677394345,0
0,0.8380247147988165,0
0,0.9834179838926599,0
0,0.31442540466131863,0
0,0.7729782756601953,0
0,0.9965190424202148,0
0,0.8440056328222655,0
0,0.16244996123479058,0
0,0.9736080125314472,0
0,0.06995142481922755,0
0,0.9089096691508046,0
0,0.3761174664957833,0
0,0.9443996139301594,0
0,0.9543361655670005,0
0,0.6809069476748786,0
0,0.5168114428569168,0
0,0.42306292621952185,0
0,0.47625828705242007,0
0,0.36050062499011093,0
0,0.4051992848214427,0
0,0.14186484391069762,0
0,0.34176674419708547,0
0,0.7581209158082942,0
0,0.6926947358427873,0
0,0.41130678312052027,0
0,0.5928861885096754,0
0,0.2674799449375801,0
0,0.9716934858625654,0
0,0.8780240818974383,0
0,0.5772851695384567,0
0,0.07397034857043401,0
0,0.9540197148779291,0
0,0.9400167718865208,0
0,0.8193699466780588,0
0,0.8988623597727884,0
0,0.8032626066043259,0
0,0.122513884273983,0
0,0.9709340042087942,0
0,0.24297083906900208,0
0,0.7499881330991598,0
0,0.516953845666999,0
0,0.7274410215028243,0
0,0.2806601161374029,0
0,0.9280391133051692,0
0,0.9818040853783959,0
0,0.43923355643106915,0
0,0.9229442572111201,0
0,0.7265549595734244,0
0,0.1571177671239379,0
0,0.7493394091865635,0
0,0.44149617885792947,0
0,0.881410104270502,0
0,0.3366085979652221,0
0,0.8725811300454107,0
0,0.8349709656492778,0
0,0.9472793152007088,0
0,0.7597506368570117,0
0,0.7167133431433047,0
0,0.6078859511716587,0
0,0.45757187386275533,0
0,0.2284141073717188,0
0,0.051850445404344865,0
0,0.4259742725589785,0
0,0.3568614420657901,0
0,0.8511099507919179,0
0,0.9362193636176642,0
0,0.4035062736349108,0
0,0.3041724023354061,0
0,0.9210455530766918,0
0,0.46385342004082214,0
0,0.5623803420831949,0
0,0.9436243097419345,0
0,0.7376465562253762,0
0,0.9304599610765653,0
0,0.5940095884558788,0
0,0.8419170582743944,0
0,0.8778342114839955,0
0,0.4064650875777282,0
0,0.6145472381766112,0
0,0.9201436686128384,0
0,0.37766807487223303,0
0,0.5737567443553109,0
0,0.9400167718865208,0
0,0.3359282289837186,0
0,0.6629800161389852,0
0,0.7930254268128669,0
0,0.12983971772598535,0
0,0.36330121358839257,0
0,0.9403648676444993,0
0,0.7888799227860319,0
0,0.67630259014889,0
0,0.9458394645654341,0
0,0.5221119918988624,0
0,0.5853863071786839,0
0,0.1636050062499011,0
0,0.453695352921631,0
0,0.5367953038717742,0
0,0.518567744181263,0
0,0.6039777851616271,0
0,0.8634515276657015,0
0,0.9800477840540498,0
0,0.9620892074492492,0
0,0.5182196484232845,0
0,0.6467777408585307,0
0,0.9555386781854718,0
0,0.34608629610290975,0
0,0.42706602743627475,0
0,0.9834496289615671,0
0,0.41657568709355863,0
0,0.9601430357114603,0
0,0.9709340042087942,0
0,0.9231024825556557,0
0,0.5879653802946155,0
0,0.4920966440404424,0
0,0.960412018797171,0
0,0.9388933719403174,0
0,0.5197860793341877,0
0,0.16132656128858722,0
0,0.3936013670669768,0
0,0.1557095615575703,0
0,0.10488758089270739,0
0,0.35445641682884765,0
0,0.8824069239410769,0
0,0.6073638075346909,0
0,0.6071897596557017,0
0,0.34072245692314995,0
0,0.9659973734592807,0
0,0.30478948117909527,0
0,0.8413474470340659,0
0,0.9296213667505261,0
0,0.9465831236847518,0
0,0.6738659198430405,0
0,0.4877929146690717,0
0,0.9040837961424661,0
0,0.6473315295644056,0
0,0.5678232939352226,0
0,0.6849733390294457,0
0,0.3128115061470546,0
0,0.9623107229315991,0
0,0.5505767313808326,0
0,0.527222670527365,0
0,0.6480277210803627,0
0,0.7877881679087356,0
0,0.8500656635179823,0
0,0.33252638407620133,0
0,0.4138700337019984,0
0,0.6807645448647964,0
0,0.5296909859021218,0
0,0.94489011249822,0
0,0.8823119887343555,0
0,0.6289457445293587,0
0,0.2918308254616224,0
0,0.8577870603313239,0
0,0.9781174348507143,0
0,0.9962342368000506,0
0,0.12936504169237828,0
0,0.656635179823104,0
0,0.8086739133874464,0
0,0.6544042024651509,0
0,0.8884353095678866,0
0,0.4331893482698059,0
0,0.9977532001075933,0
0,0.45382193319725955,0
0,0.3378427556526004,0
0,0.9968196705748327,0
0,0.1900602838562681,0
0,0.9781649024540751,0
0,0.7722979066786918,0
0,0.3446939130709957,0
0,0.8396702583819876,0
0,0.24784417968070124,0
0,0.7888957453204855,0
0,0.5040426575528868,0
0,0.16107340073733012,0
0,0.2362304393917818,0
0,0.6049271372288413,0
0,0.8415847850508694,0
0,0.9881014540909163,0
0,0.8507935001028465,0
0,0.9893039667093875,0
0,0.9662663565449914,0
0,0.1693802313254537,0
0,0.6782804069555861,0
0,0.9596683596778532,0
0,0.2654388379930697,0
0,0.5758927865065426,0
0,0.7000363918292432,0
0,0.2627173620670559,0
0,0.9156026012246642,0
0,0.4755937406053702,0
0,0.9465198335469376,0
0,0.9869147640068986,0
0,0.9795098178826285,0
0,0.1796174111169127,0
0,0.9342731918798753,0
0,0.9465514786158447,0
0,0.963861331308049,0
0,0.9547159063938861,0
0,0.5841837945602126,0
0,0.9489565038527872,0
0,0.39042103764180947,0
0,0.9539089571367542,0
0,0.4974130156168415,0
0,0.9876426005917628,0
0,0.41353776047847346,0
0,0.8847644815746586,0
0,0.3300106010980839,0
0,0.8825018591477983,0
0,0.6879796205756238,0
0,0.9606018892106137,0
0,0.9443996139301594,0
0,0.9655701650290344,0
0,0.994572870682426,0
0,0.7977721871489375,0
0,0.946060980047784,0
0,0.9533551684308793,0
0,0.7537222512302021,0
0,0.4915745004034746,0
0,0.9626746412240312,0
0,0.9098906662869258,0
0,0.7875666524263857,0
0,0.5024445815730764,0
0,0.5862881916425373,0
0,0.7788167908735621,0
0,0.5609879590512808,0
0,0.6689451116279805,0
0,0.9368364424613534,0
0,0.8928339741459786,0
0,0.9896045948640053,0
0,0.7077261435736776,0
0,0.5794053891552349,0
0,0.8424708469802693,0
0,0.6579168051138431,0
0,0.967310643818927,0
0,0.7366655590892549,0
0,0.8901599658233256,0
0,0.9127703675574753,0
0,0.7176468726760653,0
0,0.9704435056407336,0
0,0.8819797155108305,0
0,0.9286561921488584,0
0,0.7270612806759387,0
0,0.9860287020774988,0
0,0.46796727899875,0
0,0.7231056470625464,0
0,0.918213319409503,0
0,0.8706349583076217,0
0,0.9715036154491227,0
0,0.8634040600623408,0
0,0.6805430293824465,0
0,0.9668201452508662,0
0,0.9782914827297037,0
0,0.9622949003971456,0
0,0.9873261499026914,0
0,0.9261404091707409,0
0,0.8284204363855002,0
0,0.8701919273429218,0
0,0.8498125029667252,0
0,0.6824259109824211,0
0,0.9559184190123574,0
0,0.47117925349282447,0
0,0.8922327178367431,0
0,0.9778642742994573,0
0,0.9134349140045253,0
0,0.9406654957991171,0
0,0.7668074872233034,0
0,0.640749355231721,0
0,0.5564627141975602,0
0,0.9227860318665844,0
0,0.9737187702726222,0
0,0.7837375990886221,0
0,0.9474058954763374,0
0,0.9762661983196469,0
0,0.6687868862834448,0
0,0.8735937722504391,0
0,0.9266309077388016,0
0,0.9879115836774734,0
0,0.3952152655812408,0
0,0.9574373823199,0
0,0.8608882770842233,0
0,0.707678675970317,0
0,0.7696713659593993,0
0,0.7940222464834417,0
0,0.998164586003386,0
0,0.6777582633186183,0
0,0.8282147434376038,0
0,0.693659910444455,0
0,0.8842423379376909,0
0,0.9696207338491479,0
0,0.7370452999161405,0
0,0.4850081486052436,0
0,0.9633550102055347,0
0,0.6065726808120124,0
0,0.8470119143684436,0
0,0.693438394962105,0
0,0.6966187243872723,0
0,0.9197322827170457,0
0,0.9376908593218461,0
0,0.9771839053179538,0
0,0.6127434692489043,0
0,0.946171737788959,0
0,0.8200028480562016,0
0,0.992547586272369,0
0,0.7730415657980095,0
0,0.970791601398712,0
0,0.4684577775668107,0
0,0.9686872043163874,0
0,0.8285311941266752,0
0,0.8858245913830477,0
0,0.840540497776934,0
0,0.9818357304473031,0
0,0.9838451923229062,0
0,0.7687220138921852,0
0,0.7972816885808769,0
0,0.7169981487634689,0
0,0.6293096628217908,0
0,0.9925950538757298,0
0,0.37847502412936507,0
0,0.2989509659657284,0
0,0.9739244632205186,0
0,0.99574373823199,0
0,0.5857344029366623,0
0,0.9838451923229062,0
0,0.6549579911710258,0
0,0.9599848103669246,0
0,0.48280881631619754,0
0,0.8388633091248556,0
0,0.8060790177370611,0
0,0.991598234205155,0
0,0.44094239015205455,0
0,0.48700178794639326,0
0,0.5493583962279078,0
0,0.8313476052594104,0
0,0.7170614389012832,0
0,0.8916789291308682,0
0,0.4339330073891236,0
0,0.9605069540038923,0
0,0.36603851204886,0
0,0.900381323080331,0
0,0.909226119839876,0
0,0.9799844939162355,0
0,0.711966582807234,0
0,0.8938307938165535,0
0,0.7816806696096581,0
0,0.6874100093352953,0
0,0.9458078194965269,0
0,0.3843610069460926,0
0,0.8611730827043876,0
0,0.8894321292384614,0
0,0.7968861252195376,0
0,0.6597680416449107,0
0,0.9807914431733675,0
0,0.8173288397335485,0
0,0.7413806743564184,0
0,0.7451939051597285,0
0,0.9648739735130774,0
0,0.3559595576019367,0
0,0.6881853135235202,0
0,0.8975649119475958,0
0,0.23149950159016472,0
0,0.35912406449265044,0
0,0.44235059571842217,0
0,0.8699545893261182,0
0,0.8612047277732947,0
0,0.4337589595101343,0
0,0.7226151484944858,0
0,0.6577585797693074,0
0,0.9125330295406718,0
0,0.6772361196816507,0
0,0.6447049888451132,0
0,0.3039983544564168,0
0,0.8965522697425674,0
0,0.9944304678723438,0
0,0.2635084887897343,0
0,0.9773895982658503,0
0,0.48138478821537634,0
0,0.6953687441654404,0
0,0.9674846916979162,0
0,0.8188478030410912,0
0,0.9871046344203415,0
0,0.9962342368000506,0
0,0.9192892517523457,0
0,0.9304599610765653,0
0,0.9732757393079223,0
0,0.790636224110378,0
0,0.9478805715099444,0
0,0.7536114934890271,0
0,0.8720748089428965,0
0,0.5997057008591636,0
0,0.9307131216278224,0
0,0.9542412303602791,0
0,0.4521763896140884,0
0,0.9752219110457113,0
0,0.47829939399693044,0
0,0.9321846173320042,0
0,0.2430974193446306,0
0,0.8248920112023544,0
0,0.9595892470055853,0
0,0.9931804876505118,0
0,0.9682441733516874,0
0,0.5985190107751459,0
0,0.6805113843135393,0
0,0.7529627695764307,0
0,0.3652632078606351,0
0,0.9526115093115616,0
0,0.9001756301324346,0
0,0.9664245818895271,0
0,0.9405072704545814,0
0,0.9767250518188003,0
0,0.363506906536289,0
0,0.8695590259647791,0
0,0.9853958006993561,0
0,0.38798436733595987,0
0,0.9850951725447382,0
0,0.49152703280011395,0
0,0.9801743643296783,0
0,0.8287052420056644,0
0,0.9875160203161343,0
0,0.7235486780272464,0
0,0.13283017673770986,0
0,0.9503014192813405,0
0,0.4727456844037278,0
0,0.7915855761775922,0
0,0.5254663692030189,0
0,0.981028781190171,0
0,0.6108605876489296,0
0,0.6954636793721618,0
0,0.26380911694435216,0
0,0.542269900792709,0
0,0.9555703232543789,0
0,0.5148336260502208,0
0,0.8031202037942438,0
0,0.8434993117197512,0
0,0.9504912896947834,0
0,0.3221626240091138,0
0,0.8482618945902755,0
0,0.9717725985348333,0
0,0.9554279204442968,0
0,0.8966313824148352,0
0,0.324282843625892,0
0,0.9766459391465325,0
0,0.943276213983956,0
0,0.957769655543425,0
0,0.240075315263999,0
0,0.9617727567601778,0
0,0.44043606904954036,0
0,0.959162038575339,0
0,0.9545260359804434,0
0,0.9365358143067356,0
0,0.6474422873055806,0
0,0.2432081770858056,0
0,0.7922184775557348,0
0,0.2199965190424202,0
0,0.10550465973639657,0
0,0.929035932975744,0
0,0.88485941678138,0
0,0.3932690938434518,0
0,0.9314884258160472,0
0,0.30308064745810986,0
0,0.4337114919067736,0
0,0.7211278302558504,0
0,0.2948371070078005,0
0,0.9859654119396845,0
0,0.8653660543345834,0
0,0.8473916551953292,0
0,0.538709830540656,0
0,0.939273112767203,0
0,0.5746586288191643,0
0,0.4957516494992168,0
0,0.951013433331751,0
1,0.9992246958117751,0
0,0.6661128779607918,0
0,0.8512681761364536,0
0,0.8586256546573631,0
0,0.1271340643344251,0
0,0.9819306656540244,0
0,0.9612980807265707,0
0,0.9678327874558947,0
0,0.3320833531115014,0
0,0.9641936045315739,0
0,0.7144032531130836,0
0,0.9814401670859638,0
0,0.9394788057150995,0
0,0.49666935649752375,0
0,0.7470293191563424,0
0,0.4474454518124713,0
0,0.40429740035758926,0
0,0.3633486811917533,0
0,0.9934652932706761,0
0,0.9687821395231088,0
0,0.2848530877675986,0
0,0.8422493314979194,0
0,0.6345627442603756,0
0,0.7555101976234553,0
0,0.4016392145693897,0
0,0.8595908292590307,0
0,0.5833135551652664,0
0,0.5476020949035616,0
0,0.046059397794338694,0
0,0.43657537064286955,0
0,0.9649214411164381,0
0,0.29936235186152116,0
0,0.09879590512808342,0
0,0.9286403696144049,0
0,0.07131216278223446,0
0,0.843325263840762,0
0,0.9044793595038053,0
0,0.4072878593693138,0
0,0.6661128779607918,0
0,0.7579152228603978,0
0,0.9400009493520672,0
0,0.5345485039793674,0
0,0.9425800224679989,0
0,0.09480862644578408,0
0,0.9572000443030965,0
0,0.8723279694941536,0
0,0.4365279030395089,0
0,0.9754750715969684,0
0,0.8525339788927391,0
0,0.7596557016502904,0
0,0.8994319710131169,0
0,0.7332953592506448,0
0,0.41347447034065915,0
0,0.9594626667299568,0
0,0.049144792012784606,0
0,0.8689894147244506,0
0,0.2922105662885081,0
0,0.6064935681397446,0
0,0.48608408094808625,0
0,0.08590053954842487,0
0,0.28740051581462317,0
0,0.6836917137387066,0
0,0.9381971804243604,0
0,0.8739102229395105,0
0,0.9374535213050427,0
0,0.44146453378902234,0
0,0.16743405958766475,0
0,0.9969937184538219,0
0,0.13294093447888483,0
0,0.982864195186785,0
0,0.8669957753833009,0
0,0.0513283017673771,0
0,0.9354282368949859,0
0,0.13059919937975664,0
0,0.5719055078242433,0
0,0.590813436496258,0
0,0.9723422097751618,0
0,0.49136880745557826,0
0,0.9497792756443727,0
0,0.937437698770589,0
0,0.11241910729260612,0
0,0.40755684245502444,0
0,0.942247749244474,0
0,0.3034603882849955,0
0,0.9977057325042326,0
0,0.09400167718865207,0
0,0.9431971013116881,0
0,0.833895033306435,0
0,0.9528013797250043,0
0,0.8270913434914005,0
0,0.16078859511716587,0
0,0.8878182307241974,0
0,0.46415404819543993,0
0,0.946060980047784,0
0,0.6553377319979115,0
0,0.9167734687742283,0
0,0.4195186785019224,0
0,0.9850793500102847,0
0,0.267116026645148,0
0,0.020379424376196578,0
0,0.9300485751807724,0
0,0.9319631018496543,0
0,0.6596889289726429,0
0,0.6030126105599595,0
0,0.3130330216294046,0
0,0.49303017357320295,0
0,0.34279520893656745,0
0,0.9510450784006582,0
0,0.9483868926124587,0
0,0.8012689672631762,0
0,0.9715036154491227,0
0,0.568139744624294,0
0,0.44095821268650814,0
0,0.9891140962959447,0
0,0.5614784576193415,0
0,0.945697061755352,0
0,0.41839527855571906,0
0,0.773168146073638,0
0,0.7093083970190345,0
0,0.9853008654926346,0
0,0.9326592933656113,0
0,0.39818990205851174,0
0,0.987120456954795,0
0,0.3517507634372874,0
0,0.9530861853451685,0
0,0.33094413063084444,0
0,0.4062119270264711,0
0,0.037610164396132975,0
0,0.711602664514802,0
0,0.7374092182085726,0
0,0.9290042879068369,0
0,0.1253144728722647,0
0,0.9477381686998624,0
0,0.27853989652062466,0
0,0.8420911061533837,0
0,0.8597806996724735,0
0,0.929700479422794,0
0,0.7000996819670575,0
0,0.07279948102086992,0
0,0.7476147529311246,0
0,0.24252780810430213,0
0,0.9138621224347716,0
0,0.13833641872755179,0
0,0.2039366465720479,0
0,0.9440515181721808,0
0,0.9376908593218461,0
0,0.18227559690511225,0
0,0.9362668312210249,0
0,0.941551557728517,0
0,0.3335073812123226,0
0,0.03610702362304394,0
0,0.8554295026977421,0
0,0.5529501115488679,0
0,0.05759402541099033,0
0,0.20314551984936946,0
0,0.9823420515498172,0
0,0.36572206135978863,0
0,0.5156247527728992,0
0,0.5043907533108654,0
0,0.5896900365500546,0
0,0.972627015395326,0
0,0.7140076897517444,0
0,0.07575829496368729,0
0,0.3110552048227085,0
0,0.43432857075046283,0
0,0.7593234284267654,0
0,0.182908498283255,0
0,0.9416306704007849,0
0,0.7238967737852249,0
0,0.3554057688960618,0
0,0.9022009145424914,0
0,0.9748579927532792,0
0,0.5217164285375231,0
0,0.5484406892296008,0
0,0.07634372873846933,0
0,0.9640353791870382,0
0,0.9629594468441955,0
0,0.2206610654894701,0
0,0.952374171294758,0
0,0.06423948988148921,0
0,0.8307305264157213,0
0,0.3229537507317922,0
0,0.9905223018623123,0
0,0.9290675780446512,0
0,0.9478805715099444,0
0,0.22536035822218003,0
0,0.8391481147450198,0
0,0.9790509643834749,0
0,0.12229236879163305,0
0,0.34887106216673786,0
0,0.3251530830208383,0
0,0.7172354867802725,0
0,0.9430072308982452,0
0,0.31535893419407923,0
0,0.19140519928482144,0
0,0.02811664372399171,0
0,0.28928339741459785,0
0,0.9847787218556668,0
0,0.9088780240818974,0
0,0.3816869986234395,0
0,0.21352510245091058,0
0,0.6489454280786696,0
0,0.1435895001661366,0
0,0.0821347763484755,0
0,0.9573899147165393,0
0,0.022895207354314013,0
0,0.4613534595971583,0
0,0.5008465055932659,0
0,0.9600006329013782,0
0,0.28198920903150265,0
0,0.9614404835366529,0
0,0.007484058796538029,0
0,0.31504248350500785,0
0,0.9547000838594326,0
0,0.38781031945697064,0
0,0.9949842565782187,0
0,0.20944288856188983,0
0,0.33312764038543696,0
0,0.13779845255613044,0
0,0.9834338064271135,0
0,0.946140092720052,0
0,0.649372636508916,0
0,0.9722156294995332,0
0,0.9932754228572332,0
0,0.9212828910934954,0
0,0.43504058480087343,0
0,0.5018116801949336,0
0,0.43799939874369076,0
0,0.23558171547918547,0
0,0.05414471290011234,0
0,0.865745795161469,0
0,0.496257970601731,0
0,0.5592791253302954,0
0,0.012800430372937138,0
0,0.27034382367367604,0
0,0.20086707488805558,0
0,0.9301276878530403,0
0,0.8811569437192449,0
0,0.9409977690226421,0
0,0.4499295897216816,0
0,0.6021740162339203,0
0,0.7437382319900001,0
0,0.6775209253018148,0
0,0.9844464486321419,0
0,0.81742377494027,0
0,0.8119491780193351,0
0,0.9853641556304489,1
0,0.9724846125852439,0
0,0.284141073717188,0
0,0.810635907659689,0
0,0.9615037736744672,0
0,0.6726792297590228,0
0,0.962389835603867,0
0,0.02446163826521732,0
0,0.12667521083527158,0
0,0.6390563440451892,0
0,0.8403031597601304,0
0,0.6467619183240771,0
0,0.9693201056945302,0
0,0.5721270233065933,0
0,0.017499723105647062,0
0,0.9891299188303982,0
0,0.9960443663866078,0
0,0.4071771016281388,0
0,0.8528504295818105,0
0,0.3091406781538267,0
0,0.9693517507634373,0
0,0.9788769165044857,0
0,0.9511716586762867,0
0,0.236515245011946,0
0,0.3415610512491891,0
0,0.9689878324710052,0
0,0.9565513203905002,0
0,0.22899954114650084,0
0,0.27942595845002455,0
0,0.1702346481859464,0
0,0.14347874242496164,0
0,0.23681587316656383,0
0,0.23401528456828213,0
0,0.8131516906378063,0
0,0.13273524153098842,0
0,0.5464470498884512,0
0,0.7335010521985411,0
0,0.971930823879369,0
0,0.5590417873134919,0
0,0.7205107514121613,0
0,0.4315912722899954,0
0,0.11328934668755242,0
0,0.3706903371782092,0
0,0.4351196974731412,0
0,0.08077403838546858,0
0,0.7775193430483694,0
0,0.9587506526795462,0
0,0.9443679688612522,0
0,0.6169997310169143,0
0,0.06018892106137561,0
0,0.23194253255486463,0
0,0.9693201056945302,0
0,0.9829116627901457,0
0,0.06102751538741476,0
0,0.7400041138589579,0
0,0.10946029334978877,0
0,0.9439565829654594,0
0,0.278967104950871,0
0,0.3061027515387415,0
0,0.9895413047261911,0
0,0.5089951108368539,0
0,0.24695811775130141,0
0,0.5631081786680591,0
0,0.9715669055869369,0
0,0.23732219426907802,0
0,0.18020284489169475,0
0,0.6624578725020174,0
0,0.623028116643724,0
0,0.8336260502207243,0
0,0.9595734244711318,0
0,0.3225740099049066,0
0,0.9414724450562492,0
0,0.93659910444455,0
0,0.40670242559453174,0
0,0.13007705574278888,0
0,0.040901251562475274,0
0,0.9400325944209743,0
0,0.7596240565813832,0
0,0.6783753421623075,0
0,0.20159491147291972,0
0,0.8881030363443616,0
0,0.932596003227797,0
0,0.09487191658359836,0
0,0.9905539469312195,0
0,0.9752219110457113,0
0,0.8076454486479644,0
0,0.9347795129823895,0
0,0.10835271593803895,0
0,0.6988655242796791,0
0,0.49136880745557826,0
0,0.31325453711175455,0
0,0.6013354219078813,0
0,0.3706745146437556,0
0,0.3236182971788421,0
0,0.2702963560703153,0
0,0.9910760905681872,0
0,0.3348839417097831,0
0,0.9768199870255218,0
0,0.0023417350991281785,0
0,0.36054809259347165,0
0,0.9908229300169301,0
0,0.9609499849685923,0
0,0.10591604563218937,0
0,0.9510767234695654,0
0,0.1717694340279426,0
0,0.9677378522491733,0
0,0.9747630575465578,0
0,0.9877850034018449,0
0,0.8737203525260676,0
0,0.001044287273935539,0
0,0.9955696903530007,0
0,0.2944098985775542,0
0,0.9670100156643091,0
0,0.950981788262844,0
0,0.8009683391085584,0
0,0.00425626176801,0
0,0.5020964858150979,0
0,0.9818040853783959,0
0,0.07735637094349773,0
0,0.48122656287084065,0
0,0.9818040853783959,0
0,0.03495197860793342,0
0,0.7608265691998545,0
0,0.9684973339029446,0
0,0.7568551130520087,0
0,0.9219157924716381,0
0,0.882881599974684,0
0,0.877596873467192,0
0,0.10762487935317479,0
0,0.9404914479201278,0
0,0.49388459043369565,0
0,0.9409028338159207,0
0,0.4031265328080252,0
0,0.9531336529485293,0
0,0.6662078131675132,0
0,0.9143367984683787,0
0,0.752329868198288,0
0,0.44823657853514975,0
0,0.9306814765589152,0
0,0.9970570085916363,0
0,0.9681967057483267,0
0,0.3901362320216452,0
0,0.9868514738690843,0
0,0.4399772155503869,0
0,0.848609990348254,0
0,0.055521273397572825,0
0,0.9378649072008355,0
0,0.7234695653549785,0
0,0.2282558820271831,0
0,0.8316324108795747,0
0,0.00360753785541368,0
0,0.8811094761158842,0
0,0.51500767392921,0
0,0.16678533567506842,0
0,0.4528251135266847,0
0,0.42230344456575053,0
0,0.972848530877676,0
0,0.8711571019445895,0
0,0.9649214411164381,0
0,0.40502523694245346,0
0,0.353158969003655,0
0,0.7399091786522365,0
0,0.9725162576541511,0
0,0.9513457065552761,0
0,0.5950538757298144,0
0,0.3756111453932691,0
0,0.9310453948513473,0
0,0.22331925127766966,0
0,0.7380421195867154,0
0,0.03325896742140156,0
0,0.9431971013116881,0
0,0.441733516874733,0
0,0.17441179728168857,0
0,0.34665590734323826,0
0,0.9498742108510941,0
0,0.9535766839132293,0
0,0.9881172766253699,0
0,0.5439629119792408,0
0,0.6689451116279805,0
0,0.008211895381402193,0
0,0.9893039667093875,0
0,0.07411275138051614,0
0,0.09446053068780558,0
0,0.9478014588376766,0
0,0.17928513789338776,0
0,0.2716570940333223,0
0,0.37562696792772265,0
0,0.9483077799401908,0
0,0.38556351956456386,0
0,0.7241657568709355,0
0,0.9936551636841189,0
0,0.9936551636841189,0
0,0.08632774797867122,0
0,0.6548472334298507,0
0,0.4471606461923071,0
0,0.2183826205281562,0
0,0.3657853514976029,0
0,0.6234236800050632,0
0,0.37208272021012323,0
0,0.9418996534864955,0
0,0.5921741744592649,0
0,0.04147086280280375,0
0,0.9935602284773976,0
0,0.47291973228271705,0
0,0.004145504026835018,0
0,0.4171611208683407,0
0,0.9268840682900586,0
0,0.9407604310058385,0
0,0.5465894526985332,0
0,0.9518362051233367,0
0,0.9410610591604563,0
0,0.24263856584547713,0
0,0.9892406765715732,0
0,0.6520941124349299,0
0,0.9826743247733422,0
0,0.48603661334472553,0
0,0.4163541716112087,0
0,0.982278761412003,0
0,0.6352114681729719,0
0,0.7006692932073859,0
0,0.923498045916995,0
0,0.5887881520862012,0
0,0.8140219300327527,0
0,0.03610702362304394,0
0,0.8401924020189554,0
0,0.2119903166089144,0
0,0.3959905697694657,0
0,0.23942659135140268,0
0,0.7199727852407398,0
0,0.13230803310074207,0
0,0.8929605544216073,0
0,0.19759181025616684,0
0,0.9363934114966536,0
0,0.9370104903403427,0
0,0.3705321118336735,0
0,0.7906836917137388,0
0,0.9477065236309552,0
0,0.9322162624009114,0
0,0.2694577617442762,0
0,0.6688659989557127,0
0,0.06276799417730732,0
0,0.23684751823547096,0
0,0.946171737788959,0
0,0.9864875555766522,0
0,0.13844717646872676,0
0,0.38187686903688234,0
0,0.17659530703628107,0
0,0.9747472350121043,0
0,0.10767234695653549,0
0,0.9067736269995728,0
0,0.27262226863498995,0
0,0.9253018148447019,0
0,0.5590101422445848,0
0,0.8304140757266499,0
0,0.5892628281198082,0
0,0.06697678834195661,0
0,0.47485008148605246,0
0,0.7991962152497587,0
0,0.9367256847201785,0
0,0.9558709514089967,0
0,0.9679435451970697,0
0,0.8109207132798532,0
0,0.971234632363412,0
0,0.2836822202180345,0
0,0.8943054698501606,0
0,0.920412651698549,0
0,0.7644499295897217,0
0,0.9706966661919907,0
0,0.9488615686460657,0
0,0.7163019572475119,0
0,0.6905903387604626,0
0,0.8947959684182212,0
0,0.544469233081755,0
0,0.7925032831758991,0
0,0.9822945839464565,0
0,0.9465831236847518,0
0,0.9496685179031977,0
0,0.4286957484849923,0
0,0.1748548282463885,0
0,0.849527697346561,0
0,0.5271277353206436,0
0,0.9431971013116881,0
0,0.9431971013116881,0
0,0.9365358143067356,0
0,0.4182370532111834,0
0,0.7772187148937517,0
0,0.3383965443584753,0
0,0.5284093606113828,0
0,0.4483156912074176,0
0,0.3250423252796633,0
1,0.9937184538219332,1
0,0.08700811696017469,0
0,0.946725526494834,0
0,0.9137830097625037,0
0,0.24931567538488314,0
0,0.9232132402968307,0
0,0.9600164554358317,0
0,0.9540355374123827,0
0,0.9461559152545055,0
0,0.9663296466828056,0
0,0.9344155946899574,0
0,0.9786395784876821,0
0,0.6387082482872106,0
0,0.34194079207607475,0
0,0.3823040774671287,0
0,0.617854147877407,0
0,0.42983497096564927,0
0,0.19854116232338095,0
0,0.6663343934431417,0
0,0.27312858973750415,0
0,0.9565513203905002,0
0,0.5892470055853547,0
0,0.6881853135235202,0
0,0.748769797946235,0
0,0.26050220724355627,0
0,0.11860571826395153,0
0,0.7416971250454898,0
0,0.17178525656239615,0
0,0.6413347890065031,0
0,0.07879622157877249,0
0,0.8763943608487208,0
0,0.24523346149586242,0
0,0.9079444945491368,0
0,0.051138431353934276,0
0,0.8145124286008133,0
0,0.25573962437303205,0
0,0.06594832360247464,0
0,0.4813214980775621,0
0,0.009904906567934052,0
0,0.9694466859701587,0
0,0.9563614499770573,0
0,0.04903403427160963,0
0,0.9175962405658138,0
0,0.20382588883087294,0
0,0.3856268097023781,0
0,0.9509343206594832,0
0,0.7253208018860461,0
0,0.20857264916694357,0
0,0.3275264631888736,0
0,0.09455546589452699,0
0,0.3679530387177418,0
0,0.17903197734213067,0
0,0.14360532270059018,0
0,0.942026233762124,0
0,0.9840350627363491,0
0,0.2758342431290644,0
0,0.20404740431322288,0
0,0.36209870096992136,0
0,0.638913941235107,0
0,0.20776569990981156,0
0,0.09778326292305502,0
0,0.40828467903988863,0
0,0.38293697884527145,0
0,0.3194411480830999,0
0,0.9522792360880366,0
0,0.951013433331751,0
0,0.4700083859432604,0
0,0.8372019430072309,0
0,0.9137355421591431,0
0,0.16724418917422193,0
0,0.7926298634515276,0
0,0.9239885444850556,0
0,0.10615338364899289,0
0,0.3470356481701239,0
0,0.11672283666397684,0
0,0.21681618961725288,0
0,0.3762282242369583,0
0,0.9333238398126612,0
0,0.9870255217480736,0
0,0.46583123684751826,0
0,0.7729466305912881,0
0,0.7303998354456417,0
0,0.1252511827344504,0
0,0.7549247638486732,0
0,0.8559041787313492,0
0,0.3169886552427968,0
0,0.9843040458220598,0
0,0.9718517112071011,0
0,0.6877581050932738,0
0,0.003765763199949368,0
0,0.9956013354219079,0
0,0.958465847059382,0
0,0.9318365215740257,0
0,0.30009018844638535,0
0,0.7587063495830763,0
0,0.9547791965317004,0
0,0.9526115093115616,0
0,0.42339519944304677,0
0,0.8421069286878372,0
0,0.3561494280153795,0
0,0.6989604594864005,0
0,0.5098178826284394,0
0,0.7646398000031646,0
0,0.9966930902992042,0
0,0.9818515529817566,0
0,0.708960301261056,0
0,0.15021914210218193,0
0,0.9394313381117387,0
0,0.10268824860366134,0
0,0.16915871584310374,0
0,0.41581620543978737,0
0,0.10859005395484249,0
0,0.08012531447287226,0
0,0.11976076327906204,0
0,0.47236594357684214,0
0,0.9929431496337083,0
0,0.9984335690890966,0
0,0.743263555956393,0
0,0.6642932864986314,0
0,0.5880286704324299,0
0,0.9934969383395832,0
0,0.9951108368538473,0
0,0.135282669578013,0
0,0.815366845461306,0
0,0.9322637300042721,0
0,0.3104539485134729,0
0,0.7711270391291277,0
0,0.49219157924716384,0
0,0.13615290897295929,0
0,0.9335770003639183,0
0,0.47018243382224967,0
0,0.6220471195076027,0
0,0.9721206942928118,0
0,0.6229648265059097,0
0,0.7291498552238097,0
0,0.9647473932374487,0
0,0.3086818246546732,0
0,0.8559200012658028,0
0,0.8031202037942438,0
0,0.8870903941393332,0
0,0.24635686144206578,0
0,0.22395215265581242,0
0,0.23183177481368966,0
0,0.0981471812154871,0
0,0.9396370310596351,0
0,0.24819227543867978,0
0,0.5548329931488426,0
0,0.8949225486938498,0
0,0.2931757408901758,0
0,0.530671983038243,0
0,0.9499849685922691,0
0,0.4142655970633376,0
0,0.3520672141263588,0
0,0.7729466305912881,0
0,0.7137387066660338,0
0,0.9075963987911584,0
0,0.9855223809749846,0
0,0.7021566114460214,0
0,0.9788927390389393,0
0,0.2631129254283951,0
0,0.5550545086311925,0
0,0.712631129254284,0
0,0.03843293618771855,0
0,0.046391671017863644,0
0,0.9850160598724703,0
0,0.5998797487381529,0
0,0.9649530861853451,0
0,0.5091216911124824,0
0,0.7746712868467271,0
0,0.743928102403443,0
0,0.960522776538346,0
0,0.9572000443030965,0
0,0.4491384629990032,0
0,0.8511574183952786,0
0,0.3731744750874195,0
0,0.926947358427873,0
0,0.9415199126596098,0
0,0.33567506843246153,0
0,0.959272796316514,0
0,0.12012468157149413,0
0,0.49598898751602033,0
0,0.10040980364234743,0
0,0.21167386591984305,0
0,0.35758927865065426,0
0,0.08680242401227829,0
0,0.3593455799750004,0
0,0.9957753833008971,0
0,0.9257606683438553,0
0,0.4787582474960839,0
0,0.21344598977864274,0
0,0.6317305105931869,0
0,0.050489707441337954,0
0,0.09093210550465973,0
0,0.9780699672473537,0
0,0.5260359804433474,0
0,0.9315200708849544,0
0,0.27991645701808515,0
0,0.6514453885223335,0
0,0.9516938023132545,0
0,0.5093748516637395,0
0,0.15270328001139222,0
0,0.9292099808547333,0
0,0.10748247654309268,0
0,0.9422635717789275,0
0,0.8082783500261072,0
0,0.9366149269790035,0
0,0.05067957785478078,0
0,0.3452002341735099,0
0,0.9465831236847518,0
0,0.8872802645527761,0
0,0.9696207338491479,0
0,0.25539152861505354,0
0,0.10498251609942881,0
0,0.7020142086359393,0
0,0.9736713026692616,0
0,0.2907865381876869,0
0,0.9718358886726476,0
0,0.4521289220107277,0
0,0.04303729371370706,0
0,0.7450673248840999,0
0,0.7503204063226848,0
0,0.47170139712979225,0
0,0.896568092277021,0
0,0.23463236341197133,0
0,0.04923972721950602,0
0,0.9812344741380674,0
0,0.9891932089682125,0
0,0.2983971772598535,0
0,0.583218619958545,0
0,0.12178604768911884,0
0,0.25909400167718866,0
0,0.9901900286387874,0
0,0.9918672172908657,0
0,0.029208398601287953,0
0,0.707235645005617,0
0,0.7766807487223304,0
0,0.510419138937675,0
0,0.23736966187243871,0
0,0.2014050410594769,0
0,0.4168604927137229,0
0,0.8137054793436813,0
0,0.2667679308871695,0
0,0.855619373111185,0
0,0.968481511368491,0
0,0.482571478299394,0
0,0.5737409218208572,0
0,0.799259505387573,0
0,0.9747630575465578,0
0,0.11904874922865144,0
0,0.15612094745336308,0
0,0.9528330247939115,0
0,0.43907533108653346,0
0,0.967453046629009,1
0,0.948007151785573,0
0,0.980190186864132,0
0,0.10988750178003513,0
0,0.678470277369029,0
0,0.9626746412240312,0
0,0.1834306419202228,0
0,0.9722472745684404,0
0,0.8072973528899859,0
0,0.9893039667093875,0
0,0.9489406813183335,0
0,0.8252717520292401,0
0,0.007563171468805873,0
0,0.25059730067562225,0
0,0.08980870555845635,0
0,0.9246214458631984,0
0,0.9636239932912454,0
0,0.9466622363570196,0
0,0.4957991171025775,0
0,0.9567253682694894,0
0,0.9299061723706903,0
0,0.3864970490973244,0
0,0.1159317099412984,0
0,0.9327225835034256,0
0,0.9071533678264584,0
0,0.05422382557238018,0
0,0.9820256008607459,0
0,0.9595417794022246,0
0,0.6753215930127688,0
0,0.6059556019683233,0
0,0.9906330596034872,0
0,0.9272321640480372,0
0,0.22354076676001963,0
0,0.9356497523773358,0
0,0.4095504817961741,0
0,0.6091359313934906,0
0,0.8186895776965555,0
0,0.9580386386291356,0
0,0.39417097830730524,0
0,0.2735716207022041,0
0,0.9555703232543789,0
0,0.9362351861521179,0
0,0.6516669040046835,0
0,0.9261404091707409,0
0,0.32719418996534866,0
0,0.2534453568772646,0
0,0.2864511637474091,0
0,0.9379123748041961,0
0,0.5199284821442699,0
0,0.9357130425151501,0
0,0.5814623186341988,0
0,0.179569943513552,0
0,0.9740193984272401,0
0,0.970791601398712,0
0,0.9436084872074809,0
0,0.9615670638122814,0
0,0.948339425009098,0
0,0.0625306561605038,0
0,0.863910381164855,0
0,0.9381971804243604,0
0,0.9142260407272037,0
0,0.41769908703976205,0
0,0.27789117260802837,0
0,0.8478821537633898,0
0,0.08650179585766048,0
0,0.28755874115915886,0
0,0.8714419075647537,0
0,0.1159317099412984,0
0,0.2782550909004604,0
0,0.8187528678343697,0
0,0.7551146342621161,0
0,0.3130330216294046,0
0,0.4804354361481622,0
0,0.19363617664277463,0
0,0.019319314567807472,0
0,0.2506764133478901,0
0,0.563329694150409,0
0,0.5221278144333159,0
0,0.9450166927738485,0
0,0.9820256008607459,0
0,0.9619626271736207,0
0,0.43977152260249047,0
0,0.8823119887343555,0
0,0.9526115093115616,0
0,0.23801838578503504,0
0,0.6662394582364203,0
0,0.9984335690890966,0
0,0.9658075030458378,0
0,0.6591984304045823,0
0,0.5876489296055443,0
0,0.36869669783705955,0
0,0.5063052799797472,0
0,0.9799844939162355,0
0,0.9723263872407082,0
0,0.8554927928355563,0
0,0.6346260343981899,0
0,0.9987341972437145,0
0,0.9212828910934954,0
0,0.9381813578899068,0
0,0.9717725985348333,0
0,0.6581541431306467,0
0,0.9929431496337083,0
0,0.3192987452730178,0
0,0.13515608930238446,0
0,0.626698944636952,0
0,0.9939399693042832,0
0,0.26319203810066294,0
0,0.9304916061454723,0
0,0.9702219901583836,0
0,0.8357620923719561,0
0,0.1306150219142102,0
0,0.9874369076438664,0
0,0.2286672679229759,0
0,0.9498109207132799,0
0,0.9554120979098432,0
0,0.9764877138019968,0
0,0.5491210582111042,0
0,0.5567475198177244,0
0,0.9436084872074809,0
0,0.5506874891220076,0
0,0.6412082087308745,0
0,0.11748231831774814,0
0,0.3585228081834148,0
0,0.2259932596003228,0
0,0.8145757187386276,0
0,0.9844464486321419,0
0,0.11708675495640891,0
0,0.8609199221531305,0
0,0.43886963813863705,0
0,0.8725178399075963,0
0,0.9921520229110299,0
0,0.7972183984430626,0
0,0.504074302621794,0
0,0.17256056075062104,0
0,0.7883103115457034,0
0,0.9779275644372716,0
0,0.6963972089049224,0
0,0.10998243698675654,0
0,0.3729213145361624,0
0,0.9855856711127988,0
0,0.6861125615101027,0
0,0.2188889416306704,0
0,0.6615876331070711,0
0,0.39159190519137355,0
0,0.4566858119333555,0
0,0.24846125852439044,0
0,0.9901900286387874,0
0,0.9434502618629452,0
0,0.9838135472539992,0
0,0.24547079951266593,0
0,0.972959288618851,0
0,0.19295580766127118,0
0,0.8285153715922217,0
0,0.9689720099365516,0
0,0.6555434249458079,0
0,0.9970886536605433,0
0,0.747045141690796,0
0,0.7560323412604231,0
0,0.9331181468647648,0
0,0.47094191547602093,0
0,0.13458647806205598,0
0,0.34681413268777395,0
0,0.13238714577300992,0
0,0.4653723833483647,0
0,0.6858119333554848,0
0,0.6518093068147656,0
0,0.4232844417018718,0
0,0.8822486985965412,0
0,0.21662631920381006,0
0,0.8912991883039826,0
0,0.9634657679467097,0
0,0.807439755700068,0
0,0.21124665748959667,0
0,0.15805129665669848,0
0,0.9922469581177513,0
0,0.7497507950823563,0
0,0.5230613439660765,0
0,0.8171231467856521,0
0,0.20771823230645084,0
0,0.8929921994905143,0
0,0.6250692235882344,0
0,0.6240249363142988,0
0,0.6371892849796681,0
0,0.9730067562222117,0
0,0.19893672568472018,0
0,0.871172924479043,0
0,0.509612189680543,0
0,0.4988845113210234,0
0,0.9620892074492492,0
0,0.4660527523298682,0
0,0.584721760731634,0
0,0.6796886125219538,0
0,0.8568060631952026,0
0,0.9396370310596351,0
0,0.9813294093447888,0
0,0.8534200408221388,0
0,0.2537459850318824,0
0,0.6394360848720748,0
0,0.9633866552744419,0
0,0.9934652932706761,0
0,0.9368206199268999,0
0,0.4879511400136074,0
0,0.9895413047261911,0
0,0.9695416211768801,0
0,0.9565513203905002,0
0,0.8086739133874464,0
0,0.7835002610718185,0
0,0.6168889732757393,0
0,0.9626429961551242,0
0,0.8321545545165424,0
0,0.9311877976614295,0
0,0.21947437540545245,0
0,0.8780082593629848,0
0,0.3161184158478505,0
0,0.9431971013116881,0
0,0.6066517934842803,0
0,0.5186626793879844,0
0,0.2509770415025079,0
0,0.3235708295754814,0
0,0.26330279584183797,0
0,0.9703169253651049,0
0,0.279995569690353,0
0,0.9775952912137467,0
0,0.8829290675780447,0
0,0.18510783057230107,0
0,0.3736649736554801,0
0,0.7611588424233794,0
0,0.6205123336656065,0
0,0.41915476020949033,0
0,0.9401117070932422,0
0,0.6199901900286388,0
0,0.9837186120472777,0
0,0.960522776538346,0
0,0.959051280834164,0
0,0.09264093922564516,0
0,0.9912501384471765,0
0,0.9352700115504502,0
0,0.9059033876046265,0
0,0.5501653454850398,0
0,0.7173145994525403,0
0,0.947310960269616,0
0,0.9543994557048148,0
0,0.9268840682900586,0
0,0.8561098716792456,0
0,0.09290992231135584,0
0,0.6593250106802108,0
0,0.26602427176785176,0
0,0.12284615749750795,0
0,0.9887343554690591,0
0,0.94489011249822,0
0,0.44369551114697553,0
0,0.8243223999620259,0
0,0.5177449723896774,0
0,0.6061771174506733,0
0,0.9431971013116881,0
0,0.516400056961124,0
0,0.1014382683818294,0
0,0.9093843451844117,0
0,0.9632126073954526,0
0,0.19610449201753136,0
0,0.34747867913482383,0
0,0.9969146057815541,0
0,0.8933402952484929,0
0,0.7847818863625575,0
0,0.5082830967864432,0
0,0.3373997246879005,0
0,0.256182655337732,0
0,0.296102909764086,0
0,0.5947848926441037,0
0,0.1362953117830414,0
0,0.9829433078590528,0
0,0.5430926725842945,0
0,0.8512207085330928,0
0,0.4268286894194712,0
0,0.6020632584927453,0
0,0.4027626145155931,0
0,0.26366671413427,0
0,0.6625844527776459,0
0,0.7972975111153304,0
0,0.5457033907691334,0
0,0.6153383648992896,0
0,0.8653660543345834,0
0,0.1684783468616003,0
0,0.8337051628929922,0
0,0.4149617885792946,0
0,0.7278998750019778,0
0,0.5217322510719767,0
0,0.8878656983275581,0
0,0.9935602284773976,0
0,0.08933402952484928,0
0,0.7971392857707947,0
0,0.9136564294868752,0
0,0.5382984446448632,0
0,0.8838467745763516,0
0,0.7138652869416623,0
0,0.3474153889970095,0
0,0.49325168905555294,0
0,0.9590987484375247,0
0,0.9962817044034114,0
0,0.6193098210471353,0
0,0.98700969921362,0
0,0.36102276862707866,0
0,0.1830667236277907,0
0,0.4865271119127862,0
0,0.4459264885049287,0
0,0.5255613044097404,0
0,0.7196879796205756,0
0,0.940048416955428,0
0,0.9600639230391924,0
0,0.9319631018496543,0
0,0.59609816300375,0
0,0.5987879938608567,0
0,0.9192576066834386,0
0,0.49242891726396737,0
0,0.5735352288729608,0
0,0.8152719102545846,0
0,0.9368839100647142,0
0,0.18104143921773388,0
0,0.7877881679087356,0
0,0.3423521779718675,0
0,0.47600512650116295,0
0,0.7796079175962406,0
0,0.2508662837613329,0
0,0.9492729545418586,0
0,0.46233445673327955,0
0,0.8559200012658028,0
0,0.9461242701855983,0
0,0.5600544295185202,0
0,0.9677378522491733,0
0,0.9938450340975618,0
0,0.9474850081486053,0
0,0.35982025600860745,0
0,0.23887280264552777,0
0,0.696191515957026,0
0,0.9495735826964763,0
0,0.6019999683549311,0
0,0.33463078115852596,0
0,0.6834860207908102,0
0,0.9387826141991424,0
0,0.9640670242559454,0
0,0.41747757155741205,0
0,0.31721017072514673,0
0,0.22488568218857297,0
0,0.5604341703454059,0
0,0.7277891172608029,0
0,0.42442366418252875,0
0,0.9530545402762615,0
0,0.3652632078606351,0
0,0.8714577300992072,0
0,0.7956044999287986,0
0,0.6922833499469945,0
0,0.9670574832676698,0
0,0.884970174522555,0
0,0.9679435451970697,0
0,0.48348918529770096,0
0,0.3482539833230487,0
0,0.6568725178399076,0
0,0.26102435088052406,0
0,0.7047515070964067,0
0,0.9279600006329014,0
0,0.5064318602553757,0
0,0.27662536985174285,0
0,0.8851600449359979,0
0,0.27703675574753567,0
0,0.9362193636176642,0
0,0.6413664340754102,0
0,0.7882944890112499,0
0,0.4576509865350232,0
0,0.44018290849828323,0
0,0.30007436591193176,0
0,0.9426591351402668,0
0,0.9693201056945302,0
0,0.9599373427635639,0
0,0.5371908672331134,0
0,0.17888957453204854,0
0,0.5100235755763358,0
0,0.21036059556019684,0
0,0.8366797993702632,0
0,0.5714466543250898,0
0,0.9727694182054082,0
0,0.9533393458964257,0
0,0.9825793895666208,0
0,0.6322842992990617,0
0,0.9194791221657885,0
0,0.1508520434803247,0
0,0.66801158209522,0
0,0.2980649040363285,0
0,0.3635860192085568,0
0,0.6767930887169507,0
0,0.9473742504074303,0
0,0.6996566510023575,0
0,0.5274916536130757,0
0,0.1593487444818911,0
0,0.8946535656081391,0
0,0.9552696950997611,0
0,0.9900634483631588,0
0,0.660638281039857,0
0,0.9722156294995332,0
0,0.9543994557048148,0
0,0.9762345532507397,0
0,0.8909194474770968,0
0,0.9782914827297037,0
0,0.7477255106722995,0
0,0.9767566968877075,0
0,0.5229347636904479,0
0,0.9694466859701587,0
0,0.6071897596557017,0
0,0.9776427588171073,0
0,0.9760130377683898,0
0,0.7421243334757361,0
0,0.7766016360500625,0
0,0.826854005474597,0
0,0.978386417936425,0
0,0.8264584421132577,0
0,0.8938466163510072,0
0,0.9504912896947834,0
0,0.9778642742994573,0
0,0.9070742551541906,0
0,0.9755383617347827,0
0,0.7396243730320723,0
0,0.9866774259900951,0
0,0.5228872960870873,0
0,0.9410294140915492,0
0,0.9570418189585608,0
0,0.9585607822661034,0
0,0.9320263919874685,0
0,0.8119808230882423,0
0,0.9341940792076074,0
0,0.7748453347257164,0
0,0.971377035173494,0
0,0.5774275723485388,0
0,0.43839496210503,0
0,0.9936551636841189,0
0,0.9096533282701224,0
0,0.8466954636793722,0
0,0.6825524912580497,0
0,0.9901425610354266,0
0,0.951124191072926,0
0,0.7366813816237084,0
0,0.993212132719419,0
0,0.585528709988766,0
0,0.9425800224679989,0
0,0.44668597015870004,0
0,0.9952215945950222,0
0,0.5437097514279837,0
0,0.975601651872597,0
0,0.7675669688770748,0
0,0.7930254268128669,0
0,0.5754339330073891,0
0,0.9056660495878229,0
0,0.926251166911916,0
0,0.8082941725605608,0
0,0.5971108052087784,0
0,0.9583867343871141,0
0,0.9620733849147957,0
0,0.9686555592474803,0
0,0.9166468884985997,0
0,0.6271261530671983,0
0,0.837091185266056,0
0,0.9085932184617332,0
0,0.4813214980775621,0
0,0.8940839543678106,0
0,0.9941773073210867,0
0,0.8391481147450198,0
0,0.4509264093922565,0
0,0.6575845318903182,0
0,0.7495134570655527,0
0,0.9316624736950365,0
0,0.9888609357446876,0
0,0.5026186294520656,0
0,0.9667726776475056,0
0,0.9679435451970697,0
0,0.8214743437603835,0
0,0.8695432034303254,0
0,0.9973734592807075,0
0,0.9597949399534818,0
0,0.9311086849891616,0
0,0.9819623107229316,0
0,0.6939447160646193,0
0,0.5078242432872898,0
0,0.9725953703264189,0
0,0.4616540877517761,0
0,0.4116390563440452,0
0,0.802598060157276,0
0,0.8734830145092641,0
0,0.784069872312147,0
0,0.9911077356370943,0
0,0.8514105789465356,0
0,0.7853989652062467,0
0,0.4484580940174997,0
0,0.2861188905238841,0
0,0.7690068195123495,0
0,0.9513931741586368,0
0,0.9818040853783959,0
0,0.9557918387367288,0
0,0.386291356149428,0
0,0.45102134459897786,0
0,0.2727013813072578,0
0,0.9246530909321055,0
0,0.879210771981456,0
0,0.806965079666461,0
0,0.4184585686935333,0
0,0.6367620765494217,0
0,0.9400325944209743,0
0,0.6325532823847724,0
0,0.9657283903735701,0
0,0.878736095947849,0
0,0.32608661255359883,0
0,0.710463442034145,0
0,0.9803958798120282,0
0,0.8873277321561368,0
0,0.8859353491242227,0
0,0.44004050568820113,0
0,0.7441179728168859,0
0,0.9943671777345295,0
0,0.9661714213382699,0
0,0.6646572047910634,0
0,0.9460135124444233,0
0,0.7133906109080552,0
0,0.6992927327099254,0
0,0.9679593677315232,0
0,0.7106533124475879,0
0,0.3294884574611161,0
0,0.651904242021487,0
0,0.5507507792598219,0
0,0.8261419914241863,0
0,0.6925523330327051,0
0,0.5134412430183066,0
0,0.5525545481875287,0
0,0.37983576209237196,0
0,0.8992895682030347,0
0,0.9740668660306008,0
0,0.9309188145757188,0
0,0.8286419518678502,0
0,0.41646492935238366,0
0,0.4959415199126596,0
0,0.3785066691982722,0
0,0.9369472002025284,0
0,0.2817360484802456,0
0,0.8001139222480657,0
0,0.9133874464011645,0
0,0.9654910523567665,0
0,0.7716017151627348,0
0,0.9831015332035885,0
0,0.9752219110457113,0
0,0.8256514928561257,0
0,0.9742567364440436,0
0,0.7080584167972026,0
0,0.7722820841442383,0
0,0.3215139000965175,0
0,0.9642568946693881,0
0,0.9913292511194444,0
0,0.9893039667093875,0
0,0.9752060885112578,0
0,0.9951108368538473,0
0,0.8548915365263208,0
0,0.741396496890872,0
0,0.4601193019097799,0
0,0.9677378522491733,0
0,0.9889400484169554,0
0,0.9034350722298697,0
0,0.6503536336450373,0
0,0.4922390468505245,0
0,0.9432920365184095,0
0,0.9547159063938861,0
0,0.7842280976566827,0
0,0.9755700068036898,0
0,0.5643423363554374,0
0,0.7994335532665623,0
0,0.9524532839670259,0
0,0.9858704767329631,0
0,0.3984114175408617,0
0,0.6589610923877787,0
0,0.9384661635100711,0
0,0.644894859258556,0
0,0.24401512634293762,0
0,0.9615354187433743,0
0,0.973323206911283,0
0,0.9893830793816554,0
0,0.8995110836853847,0
0,0.952927960000633,0
0,0.9432445689150488,0
0,0.6601794275407035,0
0,0.6413664340754102,0
0,0.9836236768405563,0
0,0.24010696033290613,0
0,0.991376718722805,0
0,0.9705067957785478,0
0,0.9637031059635133,0
0,0.9137038970902359,0
0,0.9312352652647902,0
0,0.9221531304884416,0
0,0.1644752456448474,0
0,0.8925491685258145,0
0,0.10553630480530371,0
0,0.3091881457571874,0
0,0.9936551636841189,0
0,0.929115045648012,0
0,0.6180756633597569,0
0,0.10931789053970666,0
0,0.9804749924842961,0
0,0.9520260755367794,0
0,0.9839401275296277,0
0,0.08455562411987153,0
0,0.5816838341165488,0
0,0.9970570085916363,0
0,0.1121817692758026,0
0,0.8035157671555829,0
0,0.8495118748121074,0
0,0.9965981550924827,0
0,0.3425262258508568,0
0,0.7827249568835936,0
0,0.37852249173272573,0
0,0.7181215487096723,0
0,0.4897074413379535,0
0,0.671571652347273,0
0,0.9431971013116881,0
0,0.4943276213983956,0
0,0.7381686998623439,0
0,0.27159380389550797,0
0,0.9985759718991788,0
0,0.9495419376275692,0
0,0.982278761412003,0
0,0.36627585006566354,0
0,0.9593519089887819,0
0,0.6644831569120742,0
0,0.8930871346972358,0
0,0.5153241246182814,0
0,0.8755557665226816,0
0,0.3647252416892138,0
0,0.991851394756412,0
0,0.7712852644736634,0
0,0.7492286514453885,0
0,0.94489011249822,0
0,0.9929431496337083,0
0,0.5089634657679467,0
0,0.6317146880587332,0
0,0.048844163858166804,0
0,0.3715131089697948,0
0,0.6317146880587332,0
0,0.06401797439913925,0
0,0.15887406844828406,0
0,0.03612284615749751,0
0,0.1483520830366608,0
0,0.5785667948291957,0
0,0.9962817044034114,0
0,0.9447002420847771,0
0,0.9920254426354014,0
0,0.9523425262258508,0
0,0.9615354187433743,0
0,0.28752709609025173,0
0,0.948007151785573,0
0,0.5651018180092087,0
0,0.9412509295738991,0
0,0.582522428442588,0
0,0.031012167528994796,0
0,0.6655432667204633,0
0,0.4622553440610117,0
0,0.3978101612316261,0
0,0.9564247401148716,0
0,0.565972057404155,0
0,0.7794971598550656,0
0,0.8156674736159238,0
0,0.2767361275929178,0
0,0.8096232654546606,0
0,0.9928798594958941,0
0,0.9662821790794449,0
0,0.9481337320612016,0
0,0.27904621762313886,0
0,0.36838024714798817,0
0,0.9676270945079983,0
0,0.9424059745890097,0
0,0.711602664514802,0
0,0.9467888166326482,0
0,0.43410705526811283,0
0,0.9181183842027816,0
0,0.17950665337573773,0
0,0.9699530070726728,0
0,0.8898276925998007,0
0,0.6550687489122008,0
0,0.35254189015996584,0
0,0.982278761412003,0
0,0.9243208177085805,0
0,0.21135741523077167,0
0,0.47535640258856665,0
0,0.017737061122450593,0
0,0.030379266150852045,0
0,0.9661872438727235,0
0,0.863103431907723,0
0,0.39651271340643346,0
0,0.5956234869701429,0
0,0.08297337067451464,0
0,0.8817107324251199,0
0,0.3144570497302258,0
0,0.8922643629056503,0
0,0.42633819085141056,0
0,0.576905428711571,0
0,0.20116770304267337,0
0,0.7917279789876742,0
0,0.3213240296830746,0
0,0.7838167117608899,0
0,0.3774307368554295,0
0,0.49293523836648157,0
0,0.8146231863419883,0
0,0.7012230819132609,0
0,0.5280770873878577,0
0,0.9458869321687948,0
0,0.2669261562317052,0
0,0.31488425816047216,0
0,0.24782835714624768,0
0,0.30600781633202007,0
0,0.3783326213192829,0
0,0.07305264157212703,0
0,0.0656635179823104,0
0,0.4660369297954146,0
0,0.8033417192765937,0
0,0.3134918751285581,0
0,0.9376908593218461,0
0,0.026993243777788327,0
0,0.6021740162339203,0
0,0.5522539200329108,0
0,0.5444534105473015,0
0,0.1328934668755241,0
0,0.033970981471812156,0
0,0.06132814354203256,0
0,0.7291815002927169,0
0,0.1747598930396671,0
0,0.24246451796648788,0
0,0.3812914352621003,0
0,0.9461559152545055,0
0,0.9595259568677711,0
0,0.3336497840224047,0
0,0.5083463869242575,0
0,0.12129554912105821,0
0,0.5100710431796965,0
0,0.9318365215740257,0
0,0.3095204189807123,0
0,0.274236167149254,0
0,0.430578630084967,0
0,0.041565798009525166,0
0,0.5985031882406924,0
0,0.9465040110124839,0
0,0.7520450625781238,0
0,0.3616398474707679,0
0,0.6854638375975064,0
0,0.2958022816094682,0
0,0.18517112071011535,0
0,0.2819100963592348,0
0,0.8356038670274204,0
0,0.8545276182338887,0
0,0.6340880682267686,0
0,0.7863166722045537,0
0,0.972959288618851,0
0,0.933735225708454,0
0,0.9528330247939115,0
0,0.22784449613139032,0
0,0.5722377810477682,0
0,0.6307969810604263,0
0,0.13408015695954179,0
0,0.04675558931029572,0
0,0.8763468932453601,0
0,0.9657916805113843,0
0,0.39300011075774116,0
0,0.978244015126343,0
0,0.5254663692030189,0
0,0.39801585417952245,0
0,0.9383712283033496,0
0,0.959051280834164,0
0,0.48352083036660815,0
0,0.6383759750636857,0
0,0.32061201563266406,0
0,0.7678834195661461,0
0,0.5860192085568267,0
0,0.47910634325406243,0
0,0.05895476337399725,0
0,0.31463109760921504,0
0,0.9884337273144412,0
0,0.9933387129950475,0
0,0.7650037182955965,0
0,0.19784497080742394,0
0,0.9479913292511194,0
0,0.3500261071818484,0
0,0.1600607585323017,0
0,0.6918403189822946,0
0,0.6130440974035221,0
0,0.9287827724244869,0
0,0.5167165076501954,0
0,0.8576763025901489,0
0,0.9258556035505767,0
0,0.0370880207591652,0
0,0.9551114697552254,0
0,0.005791047610006171,0
0,0.003180329425167323,0
0,0.3756111453932691,0
0,0.5747852090947928,0
0,0.9552538725653075,0
0,0.2042530972611193,0
0,0.9804908150187497,0
0,0.6842929700479423,0
0,0.7684846758753817,0
0,0.9158874068448284,0
0,0.4215756079808864,0
0,0.9837186120472777,0
0,0.24819227543867978,0
0,0.23819243366402432,0
0,0.4577933893451053,0
0,0.6578060473726681,0
0,0.14567807471400768,0
0,0.07952405816363665,0
0,0.9648423284441702,0
0,0.923023369883388,0
0,0.014714957041818959,0
0,0.9554279204442968,0
0,0.9633866552744419,0
0,0.000348095757978513,0
0,0.36762076549421685,0
0,0.8813942817360485,0
0,0.09162829702061676,0
0,0.44758785462255346,0
0,0.9781490799196215,0
0,0.0824354045030933,0
0,0.3578266166674578,0
0,0.9802851220708533,0
0,0.3714972864353412,0
0,0.8630559643043623,0
0,0.28390373570038446,0
0,0.006107498299077546,0
0,0.6345627442603756,0
0,0.019256024429993197,0
0,0.8880872138099081,0
0,0.9468521067704625,0
0,0.9359978481353143,0
0,0.5922849322004399,0
0,0.9819464881884781,0
0,0.820873087451148,0
0,0.24388854606730906,0
0,0.20138921852502334,0
0,0.9391307099571209,0
0,0.05859084508156517,0
0,0.16648470752045064,0
0,0.15091533361813894,0
0,0.8998750019778168,0
0,0.6438347494501669,0
0,0.9572949795098179,0
0,0.170139712979225,0
0,0.0883688549231816,0
0,0.2573851679562032,0
0,0.8920112023543931,0
0,0.9779750320406323,0
0,0.021439534184585687,0
0,0.3380484486004968,0
0,0.4785525545481875,0
0,0.045030933054856725,0
0,0.689989082451227,0
0,0.15050394772234615,0
0,0.7957627252733342,0
0,0.5691682093637759,0
0,0.9847470767867597,0
0,0.9846363190455847,0
0,0.5876489296055443,0
0,0.038338000980997135,0
0,0.8944795177291499,0
0,0.6673628581826236,0
0,0.9835762092371956,0
0,0.9415357351940634,0
0,0.9925001186690084,0
0,0.3482381607885951,0
0,0.21805034730463124,0
0,0.25311308365373963,0
0,0.975380136390247,0
0,0.9249853641556305,0
0,0.994715273492508,0
0,0.9628328665685669,0
0,0.004034746285660037,0
0,0.5883292985870476,0
0,0.22801854401037958,0
0,0.8215059888292907,0
0,0.14292495371908673,0
0,0.9464248983402161,0
0,0.07719814559896204,0
0,0.9982120536067467,0
0,0.08817898450973877,0
0,0.9485767630259014,0
0,0.3425262258508568,0
0,0.17477571557412067,0
0,0.9569943513552001,0
0,0.02930333380800937,0
0,0.9416464929352384,0
0,0.4275881710732425,0
0,0.9446369519469628,0
0,0.08404930301735732,0
0,0.454613059919938,0
0,0.8842265154032373,0
0,0.39504121770225153,0
0,0.1011851078305723,0
0,0.9399060141453458,0
0,0.8660622458505404,0
0,0.9414091549184348,0
0,0.9564247401148716,0
0,0.9214727615069381,0
0,0.9491463742662299,0
0,0.4702140788911568,0
0,0.49977057325042323,0
0,0.9596525371433996,0
0,0.0874511479248746,0
0,0.7010648565687252,0
0,0.9553488077720289,0
0,0.44374297875033625,0
0,0.31010585275549435,0
0,0.19770256799734182,0
0,0.6963180962326545,0
0,0.5593265929336562,0
0,0.8994952611509311,0
0,0.9504754671603297,0
0,0.6233762124017025,0
0,0.5247543551526084,0
0,0.7015237100678787,0
0,0.9518836727266974,0
0,0.05942943940760431,0
0,0.5139792091897281,0
0,0.9630069144475563,0
0,0.19741776237717756,0
0,0.03958798120282907,0
0,0.024018607300517397,0
0,0.9342731918798753,0
0,0.040632268476764606,0
0,0.057957943703422415,0
0,0.7844021455356719,0
0,0.34189332447271403,0
0,0.4190281799338618,0
0,0.9870571668169807,0
0,0.929035932975744,0
0,0.9127228999541146,0
0,0.9266941978766159,0
0,0.2513093147260328,0
0,0.011566272685558774,0
0,0.07490387810319457,0
0,0.9284346766665085,0
0,0.6148636888656825,0
0,0.4310849511874812,0
0,0.7996392462144586,0
0,0.2849163779054129,0
0,0.7969335928228983,0
0,0.19246530909321055,0
0,0.6929478963940444,0
0,0.15841521494913055,0
0,0.23619879432287463,0
0,0.9613930159332922,0
0,0.5548013480799354,0
0,0.6535814306735653,0
0,0.1536209870096992,0
0,0.2022119903166089,0
0,0.22934763690447935,0
0,0.4030157750668502,0
0,0.26914131105520483,0
0,0.40184490751728613,0
0,0.4926029651429566,0
0,0.3841236689292891,0
0,0.38347494501669277,0
0,0.6673312131137166,0
0,0.1928925175234569,0
0,0.736222528124555,0
0,0.5936931377668074,0
0,0.9928482144269869,0
0,0.8772329551747599,0
0,0.6593091881457572,0
0,0.9415199126596098,0
0,0.9134665590734323,0
0,0.6673470356481701,0
0,0.26771728295438363,0
0,0.9833388712203921,0
0,0.6932327020142086,0
0,0.4980775620638914,0
0,0.8827550196990553,0
0,0.9986550845714467,0
0,0.6642774639641778,0
0,0.9676429170424519,0
0,0.11692852961187324,0
0,0.01998386101485736,0
0,0.37440863277479786,0
0,0.0640970870714071,0
0,0.9234822233825414,0
0,0.44981883198050665,0
0,0.9736238350659009,0
0,0.6729323903102798,0
0,0.9255075077925983,0
0,0.624863530640338,0
0,0.022673691871964052,0
0,0.11646967611271973,0
0,0.9737187702726222,0
0,0.9314726032815936,0
0,0.5288523915760827,0
0,0.99596525371434,0
0,0.003544247717599405,0
0,0.9793990601414535,0
0,0.7551937469343839,0
0,0.20051897913007705,0
0,0.29882438569009984,0
0,0.7671872280501891,0
0,0.7881520862011677,0
0,0.6208287843546779,0
0,0.560798088637838,0
0,0.9143526210028322,0
0,0.9621841426559706,0
0,0.20795557032325437,0
0,0.7201784781886362,0
0,0.9373427635638677,0
0,0.3008338475657031,0
0,0.716665875539944,0
0,0.9335770003639183,0
0,0.6239141785731238,0
0,0.9005711934937738,0
0,0.28727393553899466,0
0,0.6055125710036233,0
0,0.2262464201515799,0
0,0.2815303555323492,0
0,0.45135361782250283,0
0,0.8790209015680132,0
0,0.11857407319504439,0
0,0.11371655511779877,0
0,0.542380658533884,0
0,0.04067973608012532,0
0,0.751522918941156,0
0,0.09442888561889844,0
0,0.6366513188082467,0
0,0.05229347636904479,0
0,0.4192971630195725,0
0,0.10953940602205661,0
0,0.015933292194743754,0
0,0.6154491226404646,0
0,0.8449708074239332,0
0,0.1637157639910761,0
0,0.9197481052514992,0
0,0.778785145804655,0
0,0.4600718343064192,0
0,0.9427540703469882,0
0,0.6449423268619168,0
0,0.9218999699371846,0
0,0.8469960918339899,0
0,0.9073274157054477,0
0,0.9298587047673297,0
0,0.7102577490862486,0
0,0.08439739877533584,0
0,0.17093083970190345,0
0,0.7012072593788073,0
0,0.4245027768547966,0
0,0.07181848388474867,0
0,0.16078859511716587,0
0,0.9706966661919907,0
0,0.08786253382066739,0
0,0.379725004351197,0
0,0.15697536431385578,0
0,0.005348016645306245,0
0,0.31747915381085745,0
0,0.22700590180535118,0
0,0.7715067799560134,0
0,0.8148605243587917,0
0,0.9447002420847771,0
0,0.23680005063211026,0
0,0.8776601636050062,0
0,0.06545782503441401,0
0,0.35015268745747696,0
0,0.1379725004351197,0
0,0.0708374867486274,0
0,0.9410927042293634,0
0,0.9021534469391307,0
0,0.8015063052799798,0
0,0.04528409360611383,0
0,0.23168937200360754,0
0,0.42777804148668536,0
0,0.0010126422050284014,0
0,0.678248761886679,0
0,0.963086027119824,0
0,0.12514042499327543,0
0,0.04371766269521052,0
0,0.9810129586557175,0
0,0.5001344915428554,0
0,0.3757693707378048,0
0,0.9937184538219332,0
0,0.9322637300042721,0
0,0.5784876821569279,0
0,0.9882280343665448,0
0,0.8815525070805842,0
0,0.20551890001740478,0
0,0.253761807566336,0
0,0.8369962500593345,0
0,0.9562348697014288,0
0,0.28516953845667,0
0,0.9765668264742646,0
0,0.7684688533409282,0
0,0.5007199253176374,0
0,0.9572791569753644,0
0,0.6503852787139444,0
0,0.9893039667093875,0
0,0.11990316608914416,0
0,0.28996376639610133,0
0,0.9436084872074809,0
0,0.24029683074634894,0
0,0.007357478520909479,0
0,0.1711048875808927,0
0,0.4012594737425041,0
0,0.9592095061786997,0
0,0.058685780288286575,0
0,0.9572633344409107,0
0,0.48136896568092274,0
0,0.9886394202623376,0
0,0.7320295564943593,0
0,0.03525260676255122,0
0,0.8012847897976297,0
0,0.3416559864559105,0
0,0.3437762060726887,0
0,0.9450325153083021,0
0,0.9741776237717757,0
0,0.08463473679213937,0
0,0.9732757393079223,0
0,0.8907770446670148,0
0,0.9762820208541004,0
0,0.959272796316514,0
0,0.16290881473394409,0
0,0.8889258081359472,0
0,0.9489723263872407,0
0,0.7435641841110109,0
0,0.3585860983212291,0
0,0.24107213493457383,0
0,0.032562775905444534,0
0,0.9153652632078606,0
0,0.9235613360548093,0
0,0.9520418980712331,0
0,0.6160345564152466,0
0,0.3329535925064477,0
0,0.9442413885856237,0
0,0.7865856552902644,0
0,0.0702204079049382,0
0,0.3346149586240724,0
0,0.6621888894163067,0
0,0.05968259995886141,0
0,0.9709972943466084,0
0,0.1354883625259094,0
0,0.15563044888530245,0
0,0.006154965902438253,0
0,0.08042594262749007,0
0,0.11314694387747029,0
0,0.06007816332020063,0
0,0.14162750589389408,0
0,0.9353649467571715,0
0,0.17260802835398173,0
0,0.9594626667299568,0
0,0.07946076802582237,0
0,0.8375500387652094,0
0,0.9619626271736207,0
0,0.6074903878103195,0
0,0.9929431496337083,0
0,0.6716032974161801,0
0,0.7060014873182386,0
0,0.8534675084254996,0
0,0.26330279584183797,0
0,0.4309741934463062,0
0,0.9635290580845239,0
0,0.3462286989129919,0
0,0.4726032815936457,0
0,0.15760826569199854,0
0,0.9434502618629452,0
0,0.15582031929874526,0
0,0.05287891014382684,0
0,0.2471005205613835,0
0,0.5837091185266056,0
0,0.11889052388411575,0
0,0.31548551446970774,0
0,0.9962025917311434,0
0,0.5599436717773453,0
0,0.4101517381054097,0
0,0.9412983971772598,0
0,0.9237986740716128,0
0,0.005822692678913308,0
0,0.9526273318460151,0
0,0.17938007310010917,0
0,0.18760779101596495,0
0,0.9390832423537602,0
0,0.4815113684910049,0
0,0.4874448189110932,0
0,0.602664514801981,0
0,0.16303539500957262,0
0,0.7796079175962406,0
0,0.9422161041755669,0
0,0.2931757408901758,0
0,0.7209379598424076,0
0,0.8500973085868895,0
0,0.6879321529722631,0
0,0.9626271736206705,0
0,0.34871283682220217,0
0,0.2302336988338792,0
0,0.43556272843784116,0
0,0.13124792329235296,0
0,0.9094951029255867,0
0,0.9481653771301087,0
0,0.37125994841853766,0
0,0.1936994667805889,0
0,0.6732646635338049,0
0,0.1618961725289157,0
0,0.9459976899099698,0
0,0.8881030363443616,0
0,0.35393427319187987,0
0,0.9625638834828563,0
0,0.38811094761158843,0
0,0.05791047610006171,0
0,0.8153826679957595,0
0,0.2518789259663613,0
0,0.32156136769987814,0
0,0.7036281071502033,0
0,0.7015237100678787,0
0,0.9568203034762108,0
0,0.1136532649799845,0
0,0.006629641936045315,0
0,0.004145504026835018,0
0,0.10993496938339584,0
0,0.22200598091802345,0
0,0.24436322210091613,0
0,0.3036660812328919,0
0,0.6285976487713802,0
0,0.9359662030664072,0
0,0.9546209711871647,0
0,0.9232132402968307,0
0,0.9441780984478094,0
0,0.8363791712156453,0
0,0.9054920017088337,0
0,0.32512143795193116,0
0,0.10203952469106502,0
0,0.4650084650559327,0
0,0.3881742377494027,0
0,0.4220819290834006,0
0,0.9442572111200772,0
0,0.18887359377225044,0
0,0.9387351465957817,0
0,0.04039493045996108,0
0,0.190614072562143,0
0,0.712995047546716,0
0,0.09455546589452699,0
0,0.35703548994477935,0
0,0.1687315074128574,0
0,0.8541795224759102,0
0,0.9268998908245123,0
0,0.13154855144697078,0
0,0.3756586129966298,0
0,0.8874701349662188,0
0,0.9853958006993561,0
0,0.9554279204442968,0
0,0.08351133684593598,0
0,0.12460245882185408,0
0,0.9465673011502983,0
0,0.608534675084255,0
0,0.2044429676745621,0
0,0.9803642347431212,0
0,0.9588772329551748,0
0,0.8930871346972358,0
0,0.11857407319504439,0
0,0.019129444154364645,0
0,0.21714846284077782,0
0,0.5853704846442304,0
0,0.35657663644562587,0
0,0.027151469122324013,0
0,0.2063733168778975,0
0,0.9583392667837535,0
0,0.22312938086422685,0
0,0.4044239806332178,0
0,0.9615037736744672,0
0,0.6926472682394266,0
0,0.9425483773990918,0
0,0.3925887248619484,0
0,0.965839148114745,0
0,0.1199348111580513,0
0,0.7981677505102768,0
0,0.9315517159538614,0
0,0.21365168272653914,0
0,0.9549532444106897,0
0,0.9837502571161849,0
0,0.9384978085789781,0
0,0.20985427445768262,0
0,0.7765383459122482,0
0,0.8202876536763659,0
0,0.9380547776142782,0
0,0.04207211911203937,0
0,0.9454280786696413,0
0,0.7614752931124508,0
0,0.8074714007689752,0
0,0.8037531051723865,0
0,0.8881663264821759,0
0,0.030094460530687806,0
0,0.5082830967864432,0
0,0.3350263445198652,0
0,0.9642568946693881,0
0,0.9595417794022246,0
0,0.045189158399392415,0
0,0.34176674419708547,0
0,0.262859764877138,0
0,0.32521637315865254,0
0,0.9573899147165393,0
0,0.21871489375168116,0
0,0.924526510656477,0
0,0.9390041296814924,0
0,0.3854685843578424,0
0,0.6495941519912659,0
0,0.35151342542048386,0
0,0.9050806158130409,0
0,0.975601651872597,0
0,0.3964336007341656,0
0,0.47236594357684214,0
0,0.5757029160930998,0
0,0.6924415752915302,0
0,0.3409597949399535,0
0,0.9353965918260787,0
0,0.9468521067704625,0
0,0.960886694830778,0
0,0.11129570734640275,0
0,0.8687995443110077,0
0,0.0370880207591652,0
0,0.25088210629578644,0
0,0.1011376402272116,0
0,0.3558487998607617,0
0,0.3973987753358333,0
0,0.10773563709434977,0
0,0.9928956820303476,0
0,0.5881236056391512,0
0,0.08884353095678865,0
0,0.6475530450467556,0
0,0.5664942010411228,0
0,0.3031281150614705,0
0,0.32439360136706696,0
0,0.48371070078005096,0
0,0.733580164870809,0
0,0.9887343554690591,0
0,0.33773199791142544,0
0,0.8473441875919685,0
0,0.9608075821585101,0
0,0.5597538013639025,0
0,0.9096216832012152,0
0,0.5817945918577238,0
0,0.28740051581462317,0
0,0.9883862597110805,0
0,0.5139792091897281,0
0,0.8242749323586652,0
0,0.3887438489897312,0
0,0.30611857407319504,0
0,0.5134570655527603,0
0,0.13620037657632,0
0,0.06575845318903181,0
0,0.9809654910523568,0
0,0.14945966044841064,0
0,0.806743564184111,0
0,0.4652932706760969,0
0,0.5968576446575212,0
0,0.06166041676555751,0
0,0.4865112893783326,0
0,0.4490435277922818,0
0,0.3906109080552523,0
0,0.9588297653518141,0
0,0.9257606683438553,0
0,0.4313064666698312,0
0,0.9894463695194696,0
0,0.8559674688691634,0
0,0.8747171721966425,0
0,0.9489565038527872,0
0,0.4148193857692125,0
0,0.9418838309520419,0
0,0.19094634578566794,0
0,0.24213224474296294,0
0,0.5298808563155646,0
0,0.6551003939811079,0
0,0.3148684356260186,0
0,0.4722710083701207,0
0,0.536874416544042,0
0,0.9585607822661034,0
0,0.9746681223398364,0
0,0.984810366924574,0
0,0.693659910444455,0
0,0.9546051486527112,0
0,0.9408711887470135,0
0,0.07200835429819148,0
0,0.29537507317922185,0
0,0.7516494992167846,0
0,0.4688375183936963,0
0,0.9243208177085805,0
0,0.23349314093131437,0
0,0.1665954652616256,0
0,0.9902849638455088,0
0,0.9420578788310312,0
0,0.950285596746887,0
0,0.9762661983196469,0
0,0.3693295992152023,0
0,0.14746602110726095,0
0,0.9755700068036898,0
0,0.778563630322305,0
0,0.4579357921551874,0
0,0.9416781380041455,0
0,0.9571525766997357,0
0,0.6547048306197687,0
0,0.34228888783405326,0
0,0.15157988006518885,0
0,0.9212512460245882,0
0,0.8600022151548234,0
0,0.794196294362431,0
0,0.8421069286878372,0
0,0.3704371766269521,0
0,0.9234822233825414,0
0,0.3688232781126881,0
0,0.9599848103669246,0
0,0.9694466859701587,0
0,0.15354187433743138,0
0,0.9425483773990918,0
0,0.5159570259964241,0
0,0.8808879606335343,0
0,0.8139902849638455,0
0,0.16053543456590877,0
0,0.9837660796506384,0
0,0.947674878562048,0
0,0.49636872834290596,0
0,0.5217164285375231,0
0,0.08669166627110331,0
0,0.31588107783104696,0
0,0.3159601905033148,0
0,0.4604673976677584,0
0,0.9808389107767282,0
0,0.5788832455182671,0
0,0.7079951266593884,0
0,0.8922643629056503,0
0,0.9370579579437034,0
0,0.2753753896299109,0
0,0.78740842708185,0
0,0.9088147339440832,0
0,0.926251166911916,0
0,0.992990617237069,0
0,0.4650401101248398,0
0,0.6268888150503947,0
0,0.9839084824607206,0
0,0.2610401734149776,0
0,0.98723121469597,0
0,0.8996534864954668,0
0,0.9731649815667474,0
0,0.4132213097894021,0
0,0.9731016914289331,0
0,0.200851252353602,0
0,0.9850160598724703,0
0,0.1391433679846838,0
0,0.3628898276925998,0
0,0.5665258461100299,0
0,0.854923181595228,0
0,0.9636398158256989,0
0,0.6988655242796791,0
0,0.8938466163510072,0
0,0.7332795367161912,0
0,0.1430357114602617,0
0,0.9872470372304236,0
0,0.2656603534754197,0
0,0.4592648850492872,0
0,0.4398506352747583,0
0,0.4273191879875318,0
0,0.29016945934399774,0
0,0.9604911314694388,0
0,0.9896045948640053,0
0,0.4607996708912834,0
0,0.992515941203462,0
0,0.9962342368000506,0
0,0.9942089523899938,0
0,0.9540197148779291,0
0,0.15768737836426638,0
0,0.8116169047958102,0
0,0.700780050948561,0
0,0.4695178873751998,0
0,0.9934178256673154,0
0,0.8232306450847297,0
0,0.42114839955064004,0
0,0.4895650385278714,0
0,0.9516463347098938,0
0,0.13664340754101992,0
0,0.5926013828895113,0
0,0.4327146722361988,0
0,0.30546985016059874,0
0,0.7781997120298729,0
0,0.23289188462207877,0
0,0.35855445325232194,0
0,0.9316308286261293,0
0,0.9889242258825018,0
0,0.892343475577918,0
0,0.9343206594832361,0
0,0.17294030157750667,0
0,0.9886235977278841,0
0,0.41904400246831536,0
0,0.9609499849685923,0
0,0.693659910444455,0
0,0.9294947864748976,0
0,0.9772313729213146,0
0,0.9547000838594326,0
0,0.9306023638866474,0
0,0.9418838309520419,0
0,0.8227085014477619,0
0,0.36037404471448237,0
0,0.984367335959874,0
0,0.8330247939114888,0
0,0.7857470609642252,0
0,0.8051771332732077,0
0,0.19928482144269868,0
0,0.5262416733912438,0
0,0.8842106928687837,0
0,0.9781649024540751,0
0,0.4138700337019984,0
0,0.9875318428505878,0
0,0.688739102229395,0
0,0.9493204221452192,0
0,0.5512254552934289,0
0,0.3380009809971361,0
0,0.992405183462287,0
0,0.18142118004461955,0
0,0.7322036043733485,0
0,0.2362146168573282,0
0,0.5216214933308018,0
0,0.6629009034667173,0
0,0.7594816537713011,0
0,0.9674846916979162,0
0,0.46834701982563565,0
0,0.9516621572443474,0
0,0.947643233493141,0
0,0.9784813531431464,0
1,0.9976107972975111,1
0,0.974573187133115,0
1,0.8119491780193351,0
1,0.9993354535529501,0
1,0.9997151943798358,0
1,0.9997784845176501,0
1,0.9998259521210108,0
1,0.999889242258825,0
1,0.9894780145883768,1
1,0.9991139380706001,1
1,0.9921994905143906,1
1,0.9786712235565893,1
1,0.9670100156643091,0
1,0.999303808484043,0
1,0.9993196310184965,0
0,0.10153320358855081,0
1,0.9950633692504866,1
0,0.9554279204442968,0
1,0.9991772282084144,1
1,0.9839243049951741,1
1,0.9819939557918388,0
0,0.7205740415499755,0
1,0.9996519042420214,0
1,0.9710289394155156,0
1,0.9993829211563108,0
1,0.9532602332241579,0
1,0.9996044366386608,0
1,0.9998259521210108,0
1,0.9999367098621857,0
1,0.9999525323966393,0
1,0.9999050647932786,0
1,0.9875001977816806,0
1,0.9973734592807075,0
1,0.9973259916773469,0
1,0.999889242258825,0
1,0.999889242258825,0
1,0.9968354931092862,0
0,0.7780414866853372,0
1,0.998607616968086,1
1,0.9179285137893388,0
1,0.9991455831395073,0
1,0.9997151943798358,0
1,0.9997784845176501,0
1,0.9960443663866078,1
1,0.99148747646398,0
1,0.9578804132845999,0
1,0.9991455831395073,0
1,0.9996044366386608,0
1,0.9997151943798358,0
1,0.9822629388775495,1
0,0.8606984066707806,0
1,0.9993829211563108,0
1,0.9997468394487429,0
1,0.9928482144269869,1
1,0.9931804876505118,1
0,0.7498773753579848,0
1,0.9846204965111311,0
1,0.9990031803294251,0
1,0.9998575971899178,0
1,0.9936551636841189,1
1,0.9960918339899685,1
1,0.9906647046723944,1
1,0.9957120931630828,1
1,0.991851394756412,1
0,0.7793072894416228,0
1,0.9834179838926599,0
1,0.9996835493109286,0
1,0.999889242258825,0
1,0.9962500593345042,0
1,0.9996044366386608,0
1,0.999889242258825,0
1,0.999889242258825,0
1,0.974937105425547,0
1,0.9995886141042072,0
1,0.9996044366386608,0
1,0.999889242258825,0
1,0.9999050647932786,0
1,0.9999050647932786,0
1,0.9999050647932786,0
1,0.9998734197243715,0
1,0.9999208873277322,0
1,0.9999525323966393,0
1,0.9999525323966393,0
1,0.9999525323966393,0
1,0.9999525323966393,0
1,0.9999841774655465,0
1,0.9999050647932786,0
1,0.9999683549310928,0
1,0.992547586272369,0
1,0.9995253239663929,1
1,0.9984019240201896,0
1,0.9955380452840936,0
1,0.9990031803294251,0
1,0.996439929747947,1
1,0.9991139380706001,1
1,0.9962342368000506,1
1,0.8867739434502618,0
1,0.9993829211563108,0
1,0.9994462112941251,0
1,0.9930539073748833,0
1,0.9989873577949716,0
0,0.9642410721349346,0
1,0.9966930902992042,1
1,0.9920570877043084,0
1,0.992990617237069,0
1,0.9983702789512824,0
1,0.999889242258825,0
1,0.9999841774655465,0
1,0.9999841774655465,0
1,0.9999841774655465,0
1,0.997800667710954,1
1,0.9035458299710447,0
1,0.9965981550924827,0
1,0.9956962706286293,0
1,0.9997784845176501,0
1,0.9896995300707268,1
0,0.9766934067498932,0
1,0.9957912058353507,1
1,0.9996360817075679,1
1,0.998750019778168,1
1,0.837122830334963,0
1,0.9992563408806823,0
1,0.9997626619831965,0
1,0.9985443268302717,0
1,0.9971519437983576,1
1,0.9849685922691097,1
0,0.13985538203509437,0
1,0.9997151943798358,1
1,0.9633866552744419,0
1,0.9993196310184965,0
1,0.9996044366386608,1
1,0.996439929747947,1
1,0.9943988228034366,1
1,0.9499058559200013,0
1,0.9986867296403538,0
1,0.999889242258825,0
1,0.999303808484043,1
1,0.9990348253983323,1
1,0.9871679245581557,1
1,0.9621683201215171,0
1,0.9996044366386608,0
1,0.8947010332114999,0
1,0.9980854733311182,0
1,0.9998101295865571,0
1,0.999889242258825,0
1,0.999889242258825,0
1,0.9998259521210108,0
1,0.9285137893387763,0
1,0.9995095014319394,0
1,0.9997784845176501,0
1,0.9999050647932786,0
1,0.8861568646065727,0
1,0.9991297606050538,0
1,0.9997151943798358,0
1,0.8585307194506416,0
1,0.6908751443806269,0
1,0.9965348649546685,1
1,0.9861869274220345,0
1,0.9945570481479723,1
1,0.8587047673296309,0
1,0.9991614056739608,0
1,0.9997151943798358,0
1,0.9997151943798358,0
1,0.9997784845176501,0
1,0.9997784845176501,0
1,0.9978956029176753,0
1,0.9975949747630576,1
0,0.3161500609167576,0
1,0.9277384851505515,0
1,0.9994462112941251,0
1,0.9943038875967153,0
1,0.9994462112941251,0
1,0.9997784845176501,0
1,0.9998734197243715,0
1,0.999889242258825,0
1,0.878878498757931,0
1,0.9995886141042072,1
0,0.4655306086929004,0
1,0.9962342368000506,1
1,0.9884653723833484,0
1,0.9989082451227037,0
0,0.5365896109238778,0
1,0.8178668059049699,0
1,0.9996360817075679,0
1,0.9976740874353254,1
0,0.8613629531178304,0
1,0.9995886141042072,0
1,0.9990031803294251,1
1,0.9895887723295518,1
1,0.9865824907833737,0
1,0.9997151943798358,0
1,0.9844148035632347,1
1,0.9975791522286039,1
1,0.99170899194633,1
1,0.9265992626698945,0
1,0.999303808484043,0
0,0.2294267495767472,0
1,0.9942564199933546,1
1,0.988845113210234,1
0,0.9879115836774734,0
0,0.026455277606366987,0
1,0.9989873577949716,0
1,0.9782914827297037,0
1,0.9997151943798358,0
1,0.9997784845176501,0
1,0.9999050647932786,0
1,0.9962500593345042,1
1,0.9962500593345042,1
1,0.8755874115915887,0
1,0.9921203778421227,1
1,0.9980221831933039,0
0,0.9804275248809354,0
1,0.9980696507966647,1
1,0.9970570085916363,0
1,0.999889242258825,0
1,0.998275343744561,1
1,0.9919146848942264,1
1,0.9442413885856237,0
1,0.9996835493109286,0
1,0.9992563408806823,0
1,0.9915349440673407,0
0,0.9512982389519153,0
1,0.9988766000537966,1
1,0.9747788800810113,1
1,0.534564326513821,0
1,0.9992879859495895,0
1,0.9990348253983323,1
0,0.9520577206056866,0
1,0.7943861647758738,0
1,0.9996360817075679,0
1,0.9306023638866474,0
1,0.9996835493109286,0
1,0.999889242258825,0
0,0.406069524216389,0
1,0.8612996629800161,0
1,0.999193050742868,0
0,0.9937026312874796,0
1,0.9715194379835762,0
1,0.9995886141042072,0
1,0.9827376149111565,0
0,0.9964241072134935,0
1,0.8235945633771617,0
1,0.9992563408806823,1
1,0.9989398901916109,1
1,0.9994303887596715,1
1,0.9975949747630576,1
1,0.9920729102387621,0
1,0.9982436986756539,1
1,0.9933387129950475,1
0,0.9788927390389393,0
1,0.9960443663866078,1
1,0.991962152497587,1
1,0.9904115441211373,0
1,0.9993987436907644,0
1,0.9989082451227037,1
1,0.994572870682426,1
1,0.9994303887596715,1
1,0.9905223018623123,1
1,0.9909653328270123,0
1,0.9997784845176501,0
1,0.9997784845176501,0
1,0.999889242258825,0
0,0.5687093558646223,0
1,0.9233714656413664,0
1,0.9932437777883262,0
1,0.9989715352605181,1
1,0.9997784845176501,1
1,0.9991455831395073,1
1,0.9887976456068733,0
1,0.9994462112941251,0
1,0.9998259521210108,0
1,0.9793041249347321,0
1,0.9997151943798358,0
1,0.999889242258825,0
1,0.9999050647932786,0
1,0.9999367098621857,0
1,0.9998734197243715,0
1,0.9986234395025395,1
1,0.977547823610386,1
1,0.991155203240455,1
1,0.7905571114381101,0
1,0.9989240676571574,0
1,0.9997784845176501,0
1,0.9887818230724197,0
1,0.9997784845176501,0
1,0.9999841774655465,0
1,0.9999050647932786,0
1,0.9966139776269363,1
1,0.9990981155361466,1
1,0.9990348253983323,1
0,0.6676318412683344,0
1,0.9933387129950475,1
1,0.9983069888134681,0
1,0.9949051439059509,1
1,0.9997784845176501,0
0,0.0902359139887027,0
1,0.9976740874353254,1
1,0.9818040853783959,0
1,0.9981962310722932,0
1,0.9998259521210108,0
1,0.9999050647932786,0
1,0.999889242258825,0
1,0.9999050647932786,0
1,0.9999050647932786,0
1,0.999889242258825,0
1,0.9999050647932786,0
0,0.3086343570513125,0
