class,score
0,1.0878665270045556e-06
0,2.3689162443535223e-06
0,2.939138644947941e-06
1,0.993116073166876
0,7.517718440133252e-07
0,1.8002193588667191e-06
0,3.2720056478042963e-06
0,8.81311104641915e-07
0,7.686729985451318e-07
0,1.8635603325955374e-06
0,1.29255420058927e-06
0,2.5975203288402056e-06
0,1.940911438330343e-06
0,1.6933018811672935e-05
0,5.785898189575492e-07
0,2.1442917814166734e-06
0,1.1039406225855072e-06
0,1.7063033704285485e-06
0,1.5531644015267494e-06
0,5.645884854101766e-07
0,5.199517262583872e-06
0,9.089803912847902e-07
0,4.586768830747388e-06
0,2.593745635765194e-06
0,1.215107640458862e-05
0,1.427058349546135e-06
0,5.489014517958352e-05
0,5.129281451442905e-07
0,2.034327449319868e-06
0,1.5753771802360018e-06
0,1.672297726229843e-06
0,4.910436964673957e-07
0,1.1312097818145146e-06
0,1.1105971347685496e-06
0,1.530410537464524e-06
0,1.3666543106375842e-06
0,2.8751783743303066e-06
0,4.655117018542066e-06
0,8.521407809036252e-07
0,1.7250862247588272e-06
0,1.0221134649181543e-06
0,5.10213665536494e-06
0,1.8150380561939675e-05
0,0.00016889306112684166
0,3.598301174580001e-06
0,3.15267397975602e-06
0,1.7779348782621637e-06
0,1.3179476622411124e-06
0,2.1709232799448e-06
0,1.5945277339610595e-06
0,1.0663420950954843e-06
0,1.0063769714352405e-06
0,2.6957640206830482e-06
0,5.625903893003077e-06
0,1.2274065448955433e-06
0,8.28847047006619e-07
0,5.054525002171759e-07
0,1.4622018601145256e-06
0,2.029747735758084e-06
0,1.6443650004704224e-05
0,3.312446994559571e-06
0,1.2233094621420388e-06
0,6.619729573044064e-07
0,1.3025436925924755e-06
0,9.78312322747017e-07
0,1.6125451850745077e-06
0,1.8184402917685432e-06
0,2.915713138450798e-06
0,3.1980834585249807e-06
0,2.9690094325145753e-06
0,1.9288657561500673e-06
0,8.150483972430306e-06
0,1.113818346200949e-06
0,5.011838710074967e-06
0,1.6264964940436125e-06
0,1.5159239492182413e-06
0,2.127110164021508e-06
0,1.5513119448882652e-06
0,6.380865651047474e-06
0,2.139267419048566e-06
0,3.281688168183188e-06
0,1.838231911292041e-06
0,1.5071340525930093e-06
0,3.7799060260862907e-06
0,6.23058172340836e-07
0,4.137219817549174e-06
1,0.9419670299861719
0,2.1036649527699426e-06
0,1.0980965021046267e-06
0,2.720691834318329e-06
0,5.270227996349515e-06
0,2.7686681206073597e-06
0,3.01861818867189e-06
0,2.9025517163170272e-06
0,1.245172544526966e-06
0,5.278237726954092e-06
0,4.643523257168831e-06
0,3.027209508866606e-06
0,4.3548094933909614e-06
0,1.1480667706049927e-06
0,1.5282608003082242e-06
0,8.823921641154022e-07
0,1.0114402623947192e-06
0,1.44783054987148e-06
0,1.567955374170558e-06
0,2.0325650484625377e-06
0,2.381480561736453e-06
0,2.2330010024902932e-06
0,2.8521319407479663e-05
0,1.1651260829266888e-06
0,3.6979281822563576e-06
0,9.65583149307072e-06
0,5.702405982388959e-06
0,2.429372801164757e-06
0,2.3404832631318346e-06
0,3.095421553620606e-06
0,2.9119037209632903e-06
0,2.2915838172591902e-06
0,5.28764481024312e-07
0,5.528680603943082e-06
0,8.289896574777246e-07
0,5.575594140114106e-06
0,2.893686621241103e-06
0,1.651139717205562e-06
0,1.1742019994128444e-06
0,7.886500234896983e-07
0,2.599390959570697e-06
0,5.684876109006994e-07
0,1.3489760139156526e-06
0,6.580680231837827e-07
0,6.989226302628765e-06
0,4.453286569616904e-06
0,1.0133105701857897e-05
0,1.2577398733598898e-05
0,4.252253416190095e-06
0,3.1459481900653722e-06
0,7.870368770568843e-07
0,2.3592444761910794e-06
0,4.127968320151774e-06
0,1.1418732665907537e-05
0,1.4672258993342082e-06
0,4.306933370879401e-06
0,6.919383671641041e-06
0,4.038815691231099e-06
0,1.6504974590555462e-06
0,4.336474450053916e-06
0,4.636151877321206e-06
0,4.007676348671153e-06
0,2.0595796780013948e-05
0,1.8659859576309673e-06
0,1.2191048939702656e-06
0,1.4196298619679113e-06
0,5.621670456351205e-06
0,5.30982141127228e-06
0,1.4689421599441791e-06
0,1.6932160674216393e-06
0,3.1866935440300174e-06
0,3.0024867928295937e-05
0,1.2762480866516499e-06
0,2.779651735283885e-06
0,4.647611423441362e-06
0,1.1794560530343436e-06
0,2.2182656241319222e-06
0,2.304679686249767e-06
0,1.757705264736031e-06
0,4.956004297107702e-06
0,1.861454613492154e-06
0,2.4812828203884716e-06
0,5.962386934431986e-06
0,5.930692463553018e-06
0,6.598818668667704e-06
0,1.9856836532636168e-06
0,5.0891427314593276e-06
0,0.001219997217191226
0,2.1319139373800916e-06
0,8.075285756891026e-06
0,5.626377674510901e-06
0,3.942965539350318e-06
0,2.6707052433550603e-06
0,5.858428399900996e-06
0,1.505536168191612e-06
0,1.3122967294348096e-05
0,0.00010502964683066395
0,2.5137951971706664e-06
0,3.471381329898479e-06
0,3.418114155159356e-06
0,3.887494992093696e-05
0,1.5124228108867703e-05
0,1.5171659531622804e-06
0,1.0253420081299146e-06
0,4.891203358829544e-06
0,1.977354263040949e-06
0,3.931295671794425e-06
0,3.717966569258129e-06
0,1.8563596511554238e-05
0,1.4895049829734494e-06
0,2.054926211030559e-06
0,3.4693425959251476e-06
0,8.520836222681108e-06
0,4.165881918872832e-06
0,2.2437890229409653e-06
0,1.467489166081905e-05
0,2.0727328170858993e-06
0,2.756276813377841e-06
0,3.530384045205111e-06
0,2.0726613732132537e-06
0,4.304185990227867e-06
0,6.857010084899164e-06
0,1.3334091185178301e-05
0,1.5823627543121783e-06
0,7.661932554473115e-06
0,9.693792084268984e-07
0,4.1113071254476445e-06
0,9.85255742738135e-07
0,4.975583664782613e-05
0,5.219485965540084e-05
0,8.249360368065108e-06
0,3.310220333996273e-06
0,1.5970073210995186e-06
0,1.0064820180269735e-05
0,2.1641339155010344e-06
0,3.6807139915485692e-06
0,1.6574778324836277e-06
0,1.6904954503738305e-06
0,4.602122642688225e-06
0,4.475071734041603e-06
0,1.5267017853221222e-05
0,1.1998635252948317e-06
0,8.862973736572555e-06
0,0.007104988700776144
0,3.0987335620997767e-06
0,2.077504685926613e-06
0,2.009689837343191e-06
0,2.118942006257177e-06
0,1.8717353025817583e-06
0,2.430878405233257e-06
0,2.775848467758756e-06
0,8.659518038327255e-06
0,5.066637625678865e-06
0,5.005513292169229e-06
0,3.253190455900683e-06
0,6.942325011628892e-06
0,4.969100602571685e-06
0,2.294610412016268e-06
0,2.5563168295905543e-06
0,3.2580795386683046e-06
0,6.1611537408211916e-06
0,2.9952607893550414e-06
0,4.479243370601256e-06
0,2.173603378025728e-06
0,1.6375668072728359e-06
0,4.659049042964041e-06
0,1.4324191484426112e-06
0,2.1060662923467166e-06
0,1.0030427407297011e-05
0,3.279137919965887e-06
0,2.746989352980759e-06
0,3.4908709040268728e-06
0,4.323130651697677e-06
0,9.803895314205274e-05
0,2.1158730915228673e-06
0,6.925845983717399e-06
0,2.4974262319607657e-06
0,8.12739279850402e-06
0,1.9458605236704502e-06
0,2.511195871677873e-06
0,1.6578036949908662e-06
0,4.701534632676301e-06
0,5.320579646191412e-06
0,4.479360247124157e-06
0,1.2288438572869281e-06
0,3.7169624037411914e-06
0,1.6312149892939899e-06
0,2.2517520778082434e-06
0,1.1571131061663583e-06
0,5.823062276518532e-06
0,1.9371437400009986e-06
0,6.498973548464511e-06
0,8.309120758637197e-06
0,4.014443313446707e-06
0,5.412074759684226e-06
0,1.1621124946448289e-06
0,6.035582205592047e-06
0,2.080682625542658e-06
0,2.093991659305209e-05
0,6.041675664027604e-06
0,1.0488047852553212e-05
0,4.134981228024913e-06
0,6.1476658103744715e-06
0,2.2037574828673754e-06
0,3.0575748137882173e-06
0,2.8774396084101963e-06
0,3.3395972109667793e-06
0,3.5443656941334447e-06
0,1.1932610637743952e-06
0,1.484797533482774e-06
0,1.0883316779824124e-05
0,5.930150306087733e-06
0,0.0001567296204541285
0,4.4075955735588765e-06
0,2.6025958183310507e-06
0,4.305419688738451e-06
0,3.1944617823080313e-06
0,2.082660359205655e-06
0,1.7230761377315313e-06
0,4.633093291425958e-06
0,3.1754971458595174e-06
0,8.378913628629026e-06
0,7.496884375028339e-06
0,2.271684801693696e-05
0,2.8549648349342785e-06
0,2.6023826591608792e-06
0,6.4268298967254795e-06
0,2.779847564418133e-06
0,1.8198138936037115e-06
0,1.555988353078293e-06
0,2.2636185390409784e-06
0,2.3153796710381135e-06
0,8.533376428169862e-06
0,4.88413135173429e-06
0,1.1170085479123126e-06
0,4.625839700024773e-06
0,3.865411295160493e-06
0,1.0125088290965806e-06
0,1.0818059141744232e-06
0,2.0623177465921353e-06
0,1.8090641829839228e-06
0,7.370341018490537e-06
0,7.259130224762024e-07
0,6.866063545401984e-06
0,1.401164201010408e-06
0,4.47207456981319e-06
0,2.044230861366169e-06
0,2.500031557461446e-06
0,6.45232777953618e-07
0,1.1720904361290946e-05
0,3.913845721632607e-06
0,2.956691931009182e-06
0,6.627961251477224e-07
0,2.0382706914807095e-06
0,2.5882660769152344e-06
0,4.562905509653231e-06
0,3.4644060634979867e-06
0,3.2026881772399272e-06
0,9.643008324882663e-07
0,1.061115737692388e-05
0,1.2203198653433708e-06
0,3.671375377276866e-06
0,1.7928169778735922e-06
0,4.067591525396559e-05
0,1.8540354354604995e-06
0,2.808634037885358e-06
0,2.438623897600096e-06
0,3.7947901831245186e-06
0,2.059772288083682e-06
0,1.7603588471007887e-06
0,1.1413828426203627e-06
0,8.961844062441647e-06
0,2.397709384733536e-06
0,1.0947960128703795e-06
0,2.8109645536330545e-06
0,4.467119942873569e-06
0,1.0141988533967597e-05
0,2.269466433087419e-06
0,3.091479597774221e-06
0,4.2504500640471504e-06
0,6.428111424117435e-06
0,5.891961247041265e-06
0,0.6750959206519941
0,6.58036548588793e-06
0,2.2071748124478398e-06
0,7.744732179200204e-06
0,1.537252222564467e-06
0,1.4357085518154374e-06
1,0.9959314008919133
0,2.317358043183249e-06
0,1.1244979652831378e-06
0,4.763372304383059e-06
0,3.155729887911276e-06
1,0.9998241327533994
0,6.157333312248484e-06
0,2.1926490057899465e-06
0,1.2960275643761267e-06
0,2.399720445272848e-06
0,2.1397878699444923e-06
0,5.732758650510141e-06
0,1.9993203779389667e-06
0,6.836257246233077e-05
0,2.0070168120024035e-06
0,1.314834526080462e-06
0,3.575772456737293e-06
0,1.7407841544807477e-05
0,6.346157525610309e-06
0,1.4163713803846642e-06
0,9.611224915328635e-07
0,1.4745781569122235e-05
0,1.4100276788523242e-06
0,2.2976371041041386e-06
0,2.3430388348329806e-06
0,1.8719882938780655e-06
0,1.9656849016193694e-06
0,5.027026667568693e-06
0,1.2208608147871392e-06
0,7.036696414676665e-06
0,9.153165721327481e-07
0,1.3221084519187443e-06
0,3.9473799553805845e-06
0,1.0724531108029366e-05
0,8.372265207594405e-07
0,9.539888868706905e-06
0,6.566932370707547e-06
0,5.774530008161932e-06
0,1.6511391285357085e-06
0,6.080820628194592e-07
0,1.8436158803803553e-06
0,7.407290107126555e-06
0,3.5955197499390064e-06
0,1.6799361840419887e-06
0,5.091869101266707e-06
0,2.3978366910150153e-06
0,9.27924358833886e-07
0,1.563631850821993e-06
0,2.9437942520263957e-06
0,3.112474511008214e-06
0,5.27725980350085e-06
0,7.669716701862738e-06
0,1.8949799725057696e-06
0,2.4005275074342023e-06
0,2.640557885640845e-06
0,3.7528679915435717e-06
0,1.5699301960086262e-06
0,2.294276866391665e-06
0,9.101184671302521e-06
0,0.002479187200293642
0,2.8773408897744244e-06
0,9.498717408101513e-07
0,3.3711136790847134e-06
0,4.91606662362014e-06
0,2.383340492587031e-06
0,3.6768465617657147e-06
0,1.2568631724612122e-06
0,4.388504788887127e-06
0,1.6897984850440527e-06
0,5.266906982533309e-06
0,7.639206218972305e-07
0,4.368068977464226e-06
0,4.259975684633136e-06
0,5.378071319998359e-06
0,5.516686514411711e-06
0,7.342905219179345e-07
0,1.044843067327408e-06
0,1.8768133216781468e-06
0,2.9797732544800885e-06
0,3.7953252703961902e-06
0,3.7451245301349605e-06
0,1.5838435125592916e-05
0,8.994870949630173e-06
0,1.11695826412902e-05
0,6.2458997562009824e-06
0,1.2229797196339479e-05
0,7.302200545303156e-06
0,5.536773215281423e-06
0,2.7394684846003103e-06
0,4.450319215705993e-06
0,8.838093135830698e-06
0,2.37357490975035e-06
0,3.6306815106823213e-06
0,1.2176090932744438e-06
0,6.481539941869779e-06
0,8.51689625108393e-06
0,9.876927172136599e-07
0,8.03943552528909e-06
0,2.2080951096901455e-06
0,2.7841105893787964e-06
0,8.898356281704826e-07
0,3.624743286665252e-06
0,1.1969137947982891e-05
0,2.635255908080082e-06
0,1.9516319916751098e-05
0,3.231179050267493e-05
0,1.460644073936427e-06
0,1.1655591948545597e-05
0,2.4789878628992975e-06
0,2.674449120591534e-06
0,4.612805432286682e-06
0,1.554601265046146e-06
0,4.685768313813049e-06
0,2.2264172935561046e-06
0,3.01220807122062e-06
0,8.009113996455179e-07
0,1.3628611803037394e-06
0,3.3778375269994303e-06
0,5.070306735599112e-06
0,1.4694558240266459e-05
0,3.4300359390442827e-06
0,2.962549650660092e-06
0,5.436701856497811e-07
0,1.2533061175233857e-06
0,7.298661646821545e-07
0,1.6574685674541164e-06
0,5.002182178439855e-06
0,1.2682255563014774e-06
0,2.4956053408884217e-06
0,2.646238952222487e-06
0,5.6324653385388325e-06
0,1.9443898631539937e-06
0,1.6438876413628994e-06
0,1.8890943787305324e-06
0,7.077014479886132e-06
0,1.0341061033091643e-06
0,9.115768193201954e-07
0,1.2206014354298697e-06
0,2.2335136078058436e-06
0,3.1738662196302596e-06
0,2.176053751816953e-06
0,4.427539677162978e-06
0,6.635092394814703e-07
0,3.814394244840533e-06
0,9.474970609974962e-07
0,1.9031561757021058e-06
0,1.5221968841730752e-06
0,1.6716358016767516e-06
0,1.3734180081259728e-06
0,2.9793495534514974e-06
0,1.0452665754092621e-06
0,1.2816175146670094e-06
0,3.114785848182301e-06
0,4.6637128937650443e-07
0,4.132813594442613e-07
0,1.6644643225251012e-05
0,3.2411216531953434e-06
0,1.4183756955356812e-05
0,1.3922083527107345e-06
0,9.571474503927847e-07
0,1.6223450102776162e-06
0,1.0109564138576995e-06
0,3.499921891609682e-07
0,1.758901859088572e-06
0,2.22203158750798e-06
0,1.473023864099808e-06
0,2.1576029342140433e-06
0,3.85211049243942e-06
0,2.473664558181048e-06
0,1.5844152299793917e-06
0,2.3357830707783474e-06
0,1.957480896175357e-06
0,1.380419908782136e-06
0,3.7249293784201493e-06
0,6.971507533264805e-06
0,1.1131636518874745e-06
0,2.6517620214482134e-06
0,9.595320396865062e-07
0,8.482962900531649e-07
0,1.245309688287396e-06
0,1.0241468343831083e-06
0,2.1392865383559657e-06
0,1.1710484538245953e-06
0,1.2867930932919178e-06
0,4.193967907410591e-07
0,1.2593499201657815e-06
0,2.6655368566548217e-06
0,8.752024072929167e-07
0,2.9053428782679037e-06
0,1.6025018054127958e-06
0,1.4587545676475137e-06
0,8.097848005501753e-07
0,9.336884814231036e-07
0,3.0896951275982806e-06
0,9.953206001677134e-07
0,2.5802747872399164e-06
0,2.0383445753945544e-06
0,1.091942980266692e-06
0,1.4869827118956846e-05
0,4.180262421228658e-06
0,1.0148012966376736e-06
0,6.097897304435737e-07
0,3.468503681056137e-07
0,1.1087494420758356e-06
0,5.516055204968987e-07
0,2.42644625605057e-06
0,1.4504466010972384e-06
0,3.5551702215119964e-06
0,7.180164459315974e-07
0,1.254066685831254e-06
0,9.562507825182692e-07
0,9.861175599314373e-07
0,2.535457958176378e-06
0,3.1558330806364983e-06
0,1.8294033045819529e-06
0,4.750939729845708e-07
0,1.5152208388240298e-05
0,1.605897157974204e-06
0,1.8086998238095145e-06
0,9.519564460419792e-07
0,3.963115269922444e-06
0,5.710844543155574e-07
0,1.841648493149238e-06
0,5.000730834404383e-06
0,1.9145772993403355e-06
0,1.8865573679239748e-06
0,1.619401103528398e-06
0,1.0960213887069244e-06
0,2.08500771544486e-06
0,6.907644740679518e-07
0,3.26441821801089e-07
0,9.085537502316954e-07
0,8.684702354247084e-07
0,1.1557585374125996e-06
0,8.412141334796748e-07
0,9.079865061484605e-07
0,6.34236968511936e-06
0,2.256466808869891e-06
0,4.723618298482705e-06
0,4.691302493301505e-06
0,7.947807737609671e-07
0,9.389769026255566e-07
0,1.0323365265604927e-06
0,7.672742942200673e-07
0,2.698347670818113e-06
0,2.313296292101944e-06
0,9.805704085420803e-07
0,1.719043371312486e-06
0,3.348873918723817e-06
0,4.5673801280777926e-07
0,1.8827578309418711e-06
0,6.679588304810724e-07
0,1.678260214044918e-06
0,1.3578518562351251e-06
0,8.637444454623325e-07
0,1.648514602066865e-06
0,2.039193929795408e-06
0,3.7991329195026127e-06
0,8.15478300979176e-07
0,6.064498664067426e-06
0,6.465185379169792e-07
0,9.421941395437424e-07
0,3.7581648566064077e-06
0,1.7971325521566512e-06
0,2.1096215579624076e-06
0,2.8273032599988463e-06
0,1.7659166294870833e-06
0,2.1636087246582266e-06
0,1.0249242942391826e-06
0,4.191395350333e-06
0,3.5559414540033665e-06
0,1.1530168073617766e-06
0,1.6287300552105983e-06
0,1.690480012127238e-06
0,1.442238762914479e-06
0,0.001055074260385117
0,1.1533048639758868e-05
0,6.705170703184892e-07
0,9.707857812655305e-07
0,2.6034627668557616e-06
0,7.313090504914721e-07
0,1.1712207989340865e-06
0,5.995257902573588e-07
0,2.1149302074489608e-06
0,7.708346679797364e-06
0,3.5008908982444313e-06
0,5.69900671330569e-07
0,2.672167462201313e-06
0,3.96823702395651e-07
0,2.779221586705961e-06
0,3.4235806654287014e-06
0,2.6841595940814285e-06
0,4.256671324242505e-05
0,1.9802794711974176e-06
0,1.197405986779955e-06
0,3.3356534832062746e-06
0,1.4523986209991032e-06
0,8.074715921319583e-07
0,4.21283325130429e-06
0,6.290433061579296e-07
0,2.744118186962594e-06
0,9.348377891604673e-07
0,5.918959414464463e-07
0,5.795604240535693e-07
0,3.326080107895009e-06
0,5.752896958888355e-06
0,3.3434981598093006e-06
0,4.74974324212394e-06
0,5.982149478398707e-07
0,1.6191748900950905e-06
0,6.840990924922321e-07
0,1.3333569405534218e-06
0,1.5907202852603576e-05
0,7.263340668689857e-07
0,2.282957146072016e-06
0,6.573554535159186e-07
0,2.92982507951088e-06
0,5.446110210969781e-06
0,2.6275637384212384e-06
0,7.058965691351824e-06
0,5.504911261021971e-06
0,2.501287847471825e-06
0,1.061238825014617e-06
0,8.180042845111526e-07
0,8.401940211279501e-07
0,4.43613979994384e-06
0,8.812146775470197e-07
0,7.783927532470903e-06
0,1.4515914762375286e-06
0,5.624127988413091e-07
0,2.0843850963881554e-06
0,1.3441808712179883e-06
0,1.3800800615788669e-06
0,1.8815101808430754e-06
0,7.089077054873095e-07
0,5.361181385010227e-06
0,4.479283474222403e-06
0,5.167825896001074e-06
0,5.427845463936627e-06
0,2.2971315080713023e-06
0,5.106323116475498e-06
0,3.433512964535803e-06
0,1.1828912851372483e-06
0,4.476873063652491e-06
0,5.518964986469241e-07
0,8.361268550204611e-07
0,3.06901861661401e-06
0,1.5072816477864798e-06
0,4.106395502124667e-06
0,9.22518673794079e-07
0,4.7636738196246925e-06
0,8.485380263031213e-07
0,1.2235615974242936e-06
1,0.0001589816484612567
0,1.567115092772141e-06
0,1.5726566375389708e-06
0,8.051797067499076e-07
0,8.182477976956025e-07
0,4.9201264611081245e-06
0,5.695622165786067e-06
0,2.1700233113660092e-06
0,2.603564185912344e-06
0,1.3888388454405365e-06
0,2.470792704696281e-06
0,1.556454902025162e-06
0,4.139919203872134e-06
0,3.749583793704329e-06
0,7.312145101992983e-06
0,3.6115431820753917e-06
0,1.8262881051398868e-06
0,3.8195190484493595e-06
0,6.010754683795635e-06
0,4.76628736910997e-06
0,1.351932984303684e-06
0,1.5337237637131348e-06
0,5.355903415153755e-06
0,1.4327790478529285e-06
0,1.35530444634814e-06
0,3.9457073121392315e-06
0,1.9002162054974614e-06
0,2.4246986977254753e-06
0,0.0009020093492644975
0,7.839437307397189e-07
0,7.081057085633511e-07
0,5.600144182484408e-06
0,6.191875322778174e-06
0,5.075112406199337e-06
0,5.514865819922576e-06
0,1.4403233576585064e-06
0,7.666676339729832e-07
0,1.3992192047975369e-06
0,1.2895727026287566e-06
0,1.5815290428323474e-06
0,1.2632420275004494e-06
0,6.186078156851143e-07
0,1.6408148666981493e-06
0,1.7166731526001784e-06
0,5.379451596601987e-06
0,1.6573834034198141e-06
0,1.5935440695929393e-06
0,4.277223686563696e-06
0,1.0003722663403266e-05
0,4.923322793868117e-06
0,1.3902253451904217e-06
0,7.045298220286843e-06
0,3.198699149677099e-06
0,4.097316325853688e-06
0,1.5092808306922152e-06
0,9.474422524093296e-07
0,1.6056920368262343e-06
0,1.5375199014188204e-05
0,3.3305889761344683e-06
0,1.6864521859582996e-06
0,1.210257901885137e-06
0,2.953562031815264e-06
0,1.760997740323058e-06
0,1.3142179450283045e-06
0,3.257872424273428e-06
0,5.449246306762488e-06
0,4.822839311491334e-06
0,1.9435089470183984e-05
0,2.7956385101398804e-06
0,1.0065940822271526e-06
0,1.3454883781011961e-06
0,3.238935346448424e-06
0,8.638133023710903e-06
0,3.7815495276315197e-06
0,1.445013869211506e-06
0,6.3161212403829025e-06
0,0.00227099979923367
0,9.597613404793742e-06
0,1.383058480009783e-06
0,1.3180441961005146e-05
0,3.2221837124542456e-06
0,1.4023279490584435e-06
0,9.668886003655794e-07
0,1.4072978950385471e-06
0,2.4484182991093474e-06
0,2.2595076329927593e-06
0,1.9510651078294464e-06
0,1.3958931858216156e-06
0,8.48863966619052e-06
0,5.5591894320105674e-06
0,9.457486981747626e-06
0,2.7187820739646843e-06
0,5.303138574754351e-06
0,9.696631902054424e-07
0,3.7768040746481413e-06
0,5.083834994119845e-06
0,2.653325018084493e-06
0,3.4644177061288493e-06
0,3.1457007475543595e-05
0,1.2128036354984215e-06
0,9.735838484328965e-06
0,3.848845291786997e-06
0,7.551497741288224e-07
0,6.774013120570754e-06
0,8.301749488522476e-06
0,6.170721150610302e-06
0,1.9859988315150865e-06
0,1.4121870833020647e-06
0,6.1025122277499266e-06
0,3.603212022648176e-06
0,1.400837502813611e-06
0,3.2484069251307786e-06
0,8.63839404279086e-07
0,2.6302195412735805e-06
0,1.2955434768520447e-06
0,2.9344463524126404e-06
0,3.0792529597134e-06
0,3.932850033222838e-06
0,2.492709940939949e-06
0,1.289993843421771e-05
0,1.329996516618129e-05
0,1.7164786331783488e-06
0,2.4382061133436974e-06
0,1.7246929950084558e-06
0,4.6437055346064214e-06
0,1.8627195917881131e-06
0,1.057642137400452e-05
0,6.9527258448896655e-06
0,7.727169296075362e-06
0,1.231145830367341e-05
0,4.368824493894725e-06
0,0.00011942812015521218
0,4.554943898886736e-06
0,4.7242765140243835e-06
0,1.7083518076972468e-05
0,5.743951482695318e-06
0,4.7418866227002636e-05
0,8.674591274638225e-07
0,1.5664371492870467e-06
0,3.5719158154608795e-06
0,0.0001386261562886844
0,1.8208118159233675e-06
0,5.479374592080789e-06
0,3.787688111099773e-06
0,7.168166309245361e-07
0,6.05806407096582e-06
0,1.0239784135281734e-05
0,4.280845110713592e-06
0,1.603733801382229e-06
0,7.520230936381464e-06
0,5.313974781599862e-06
0,4.392023353396912e-06
0,9.030847725459641e-07
0,3.117864309653183e-06
0,6.018036964013136e-06
0,3.634624207172686e-06
0,3.2745756278301013e-06
0,3.1908134904764984e-06
0,7.567944471149221e-06
0,8.128304264071418e-06
0,4.9847577147846945e-06
0,6.321385619209609e-06
0,8.492259348874271e-06
0,8.587445098588431e-06
0,1.1309524677681751e-06
0,1.7228027106770456e-06
0,6.678144863985052e-06
0,7.347649337601961e-07
0,6.518115534119481e-06
0,7.624125348325285e-06
0,1.22336361055674e-06
0,7.140609616208344e-06
0,4.75688360456395e-06
0,1.189282900057357e-05
0,7.969343109816193e-06
0,0.00016205391376624694
0,1.7812126661802166e-05
0,1.5833370377690675e-06
0,3.1527646765941935e-06
0,1.8562988259322777e-06
0,7.925760006340069e-06
0,7.211758342908769e-07
0,7.6103851054791145e-06
0,1.5048069228151194e-06
0,1.3836063210106395e-06
0,1.237682223065724e-06
0,5.509182203273158e-06
0,1.3943773753748884e-06
0,1.968875548863124e-06
0,2.0094371300155292e-05
0,1.2616860786903964e-05
0,2.190638703995341e-06
0,5.0644993880002535e-06
0,2.1632097217594026e-06
0,1.6494801496760857e-06
0,1.9029651554907024e-06
0,6.1580099185758815e-06
0,1.6888025889585363e-06
0,1.7636931556678025e-06
0,9.333248270036911e-07
0,3.3281370647016246e-06
0,4.021776582210246e-06
0,3.4382830459453527e-06
0,2.027863279851772e-06
0,4.394384160149388e-06
0,3.919240685302648e-06
0,1.1298133449299432e-06
0,7.828176149333635e-06
0,2.734629255569893e-06
0,4.806816589338842e-06
0,2.00445747057901e-06
0,2.0157971043408256e-06
0,0.0005721649065164023
0,1.1822665109996867e-06
0,4.175537699565793e-06
0,6.618110370374946e-07
0,2.7388606989407373e-06
0,2.4764318842743768e-05
0,2.7597804708190143e-06
0,1.5958495460422155e-06
0,5.1234316477022687e-05
0,5.8996931576131766e-06
0,5.716628820760952e-06
0,2.6906519910709995e-06
0,2.4817650349245533e-05
0,8.077545541400578e-06
0,1.4028048880221271e-06
0,2.5308744348624553e-06
0,3.459676347879363e-05
0,7.592261247042257e-06
0,1.1550783740427774e-05
0,2.983371940952297e-06
0,2.4914467083958875e-06
0,2.753719719195306e-06
0,5.516353570784583e-06
0,6.491430566509644e-06
0,2.4038803016264224e-06
0,2.7734769164098165e-06
0,2.484142706062059e-06
0,3.739369479622036e-06
0,2.219768576422999e-06
0,3.6952958973965138e-06
0,3.1164148966742367e-06
0,2.0020190082798715e-06
0,1.6239667148656708e-06
0,8.94093983539455e-07
0,2.3578081221488907e-06
0,3.940876858853896e-06
0,1.1982841198603265e-05
0,8.023687217608904e-06
0,1.5500599783792875e-06
0,1.663773352234023e-06
0,4.0635136524586944e-05
0,9.618181867682957e-07
0,9.902530843365039e-07
0,2.0895008192617266e-06
0,3.9771562900698254e-06
0,6.22532042228408e-07
0,5.483364671352955e-06
0,4.1320014667178405e-06
0,9.150787605572882e-07
0,4.0286323729389385e-05
0,1.1165521889021547e-05
0,1.4025380840744364e-05
0,1.0296345172182296e-05
0,7.16287000860015e-06
0,1.918702555275698e-06
0,3.2270447497688728e-06
0,1.9607538636809702e-05
0,1.2258465065623461e-05
0,5.37277819874726e-06
0,1.1014619610537787e-05
0,4.372549797030741e-06
0,4.492314255018995e-05
0,5.063544893089963e-06
0,2.967542007191134e-06
0,5.1767126123569316e-06
0,6.5859913624286545e-06
0,2.612400205014858e-06
0,5.362901685514766e-06
0,1.656901880464864e-05
0,2.398173641679256e-06
0,2.1358313341570495e-06
0,2.2718190865772157e-06
0,1.7177933011054184e-06
0,3.5407354475294707e-06
0,4.837740645919964e-06
0,1.4538707745521848e-05
0,3.5746582343729403e-06
0,3.267769362839473e-06
0,6.075265991347799e-06
0,6.725621721039694e-06
0,1.9028114620044933e-05
0,1.191845990173512e-05
0,4.290052276427388e-06
0,5.131330445443578e-06
0,4.806679941181636e-06
0,5.322799866154766e-06
0,3.799564921351804e-06
0,9.708205263417861e-06
0,3.955615852726654e-06
0,5.209784846264672e-06
0,7.955372622933646e-06
0,2.8463546167245428e-06
0,1.7926109030086055e-06
0,6.426233233733172e-06
0,2.429940516183948e-06
0,1.0818093682667537e-05
0,2.4365207588593785e-06
0,3.86158753014722e-05
0,7.091872920340947e-06
0,1.597808762292655e-05
0,9.460907653207868e-07
0,2.2196215378710904e-06
0,2.3974091927667455e-05
0,1.311063879716888e-06
0,3.988395158436592e-06
0,5.579469599905285e-06
0,7.205343609810968e-07
0,3.140316437645453e-06
0,1.152346906147084e-06
0,3.1073765124099475e-06
0,1.4484575936285922e-05
0,2.3318156671258973e-05
0,3.0886675694127754e-06
0,5.935902100390851e-06
0,2.615357447684055e-06
0,9.953434122834155e-07
0,2.16225361637274e-06
0,5.1053934029302055e-06
0,1.9707723177814833e-06
0,9.099727982352893e-07
0,9.987035202455898e-06
0,1.5671543561349834e-06
0,2.052801544587946e-06
0,2.523173799154664e-06
0,1.5553138967409958e-06
0,2.5483026569211053e-06
0,3.0734626603904135e-06
0,5.098795790686181e-06
0,7.598100820891145e-07
0,3.1912979922729605e-05
0,2.653985373822376e-06
0,7.669589350060353e-07
0,5.1982232547586615e-06
0,2.4231635693414448e-05
0,1.862073622598793e-06
0,1.239279903153023e-06
0,7.453092527312675e-06
0,3.772712680020798e-06
0,5.718338424015286e-06
0,6.98132117032956e-06
0,2.126166183435681e-06
0,1.3413350622835545e-05
0,2.0353232802609687e-06
0,1.274828205732085e-06
0,7.396541414987655e-07
0,1.7791100614994083e-06
0,8.333920398901133e-06
0,7.951645275952863e-06
0,1.6644856464470379e-06
0,2.6526532260946525e-06
0,1.4080833545425264e-06
0,3.9828341590999695e-06
0,1.3336308138697888e-06
0,7.206285774233533e-06
0,1.4167589966013434e-05
0,3.4734376742442747e-06
0,6.792418062595561e-06
0,7.1674399322246515e-06
0,4.851895967256707e-06
0,2.7448464814158274e-06
0,1.947756413530332e-06
0,2.5777446899831326e-06
0,4.19792560620124e-06
0,9.120795946091691e-07
0,2.814768660339291e-06
0,1.2179388055839569e-06
0,3.0567688134378355e-06
0,1.980428820385765e-06
0,2.690524582301005e-06
0,2.2953691138586675e-06
0,5.710783195599761e-07
0,2.060674690176917e-05
0,1.7946257183171948e-06
0,2.0689017480283664e-05
0,3.2767484070960906e-06
0,4.698139936902699e-06
1,0.9988919337414031
0,4.157169775804285e-06
0,1.8214984607771008e-06
0,6.2639703034579814e-06
0,1.6136380282739967e-06
0,1.4520282497463467e-06
0,1.9159236035916094e-05
0,3.1868567215291817e-06
0,4.670076841124041e-06
0,2.1334170818387517e-06
0,1.0567347887794098e-06
0,1.0798303886757935e-06
0,1.966910199573363e-06
0,2.6099458432430207e-06
0,2.303649620825459e-06
0,1.7399345677642185e-06
0,6.223640703942131e-06
0,1.085540007056618e-06
0,2.7906937418986065e-06
0,1.7235423032662588e-06
0,4.746666792537661e-06
0,6.115087466991233e-07
0,4.50988725441986e-06
0,5.5005999094715575e-06
0,2.074595893003023e-06
0,1.5902126303776157e-06
0,3.6985726206484412e-06
0,5.4357544318101075e-06
0,1.0327596972251489e-06
0,1.4102444413392678e-06
0,2.1412319302019466e-06
0,2.134399274055405e-06
0,8.204540283180961e-07
0,1.220276575838587e-06
0,6.880890869784695e-07
0,1.48947191666356e-06
0,2.2107254107724683e-05
0,1.7525304990660554e-05
0,1.3996892161802456e-05
0,1.4448457245003305e-06
0,4.72771376210284e-07
0,3.3492239321343196e-06
0,8.912512141355379e-07
0,5.38078410041428e-06
0,2.9350618226428936e-06
0,2.3827586187381167e-06
0,1.7150993032791588e-06
0,3.0931735826464415e-06
0,7.133420748783391e-07
0,3.405422838340517e-06
0,4.830565622865509e-06
0,1.371789516024597e-06
0,1.0870920241230883e-06
0,2.4431329854051202e-05
0,1.4019250412080977e-06
0,5.587131119622584e-07
0,1.7719211436894112e-06
0,4.210881453112197e-06
0,8.467408664829319e-07
0,1.9438453430688546e-06
0,9.288931186567911e-07
0,8.529857321998213e-06
0,7.606490986649166e-07
0,4.650870595827181e-06
0,2.0024094207311053e-05
0,3.4952017617071073e-06
0,1.7244234842981353e-06
0,2.424161798107557e-06
0,1.007804336400953e-06
0,1.1747839918783105e-06
0,2.0560649302097814e-06
0,6.270075739379136e-07
0,5.378693882941469e-06
0,2.779276744244081e-06
0,3.2727212150225328e-06
0,2.412492058891804e-06
0,2.374931010337973e-06
0,1.268536077187397e-06
0,2.065843625265796e-06
0,1.736709955728566e-06
0,5.188274258791988e-06
0,8.778385896423886e-07
0,2.0879625829689648e-06
0,1.4588402700193102e-05
0,1.135025557870154e-06
0,3.712045725342721e-06
0,2.1815644432174e-06
0,1.1657132900574316e-06
0,5.2072846301836355e-06
0,4.702724375913389e-06
0,4.3347999835817575e-07
0,5.945393731010224e-06
0,2.1970248393697397e-05
0,3.3683972982173795e-06
0,4.294299212086945e-06
0,7.68032533567424e-06
0,4.44731677998384e-06
0,3.9254132695783707e-07
0,4.793737604032953e-07
0,1.771510456789109e-05
0,2.780907120244421e-06
0,5.650881186588698e-07
0,1.7441705788958199e-06
0,1.4449210893916495e-06
0,2.2325389578436465e-06
0,1.3820165831985725e-06
0,2.2524563813375923e-06
0,2.1337316544656003e-06
0,2.751257234584794e-06
0,6.483994988706704e-07
0,1.365205549189524e-06
0,5.322260800955489e-07
0,2.3673342781466627e-06
0,4.7051220866219965e-06
0,9.261506307639421e-06
0,1.1405283107236602e-06
0,1.1244622498095754e-06
0,5.55896951402074e-06
0,7.047027098262701e-07
0,9.458464516629879e-07
0,2.0087538957781246e-06
0,9.818142518813575e-07
0,5.7053647844622545e-06
0,1.705952985489891e-06
0,4.307932121369752e-06
0,6.853627278753318e-07
0,8.272690764981284e-07
0,4.7211003769422067e-07
0,4.4110650231508336e-06
0,8.915596388730459e-07
0,1.0194675696273142e-06
0,1.7420370552458183e-06
0,1.3775145060413634e-06
0,3.170849545671855e-06
0,2.031695492683462e-06
0,1.9946147983046863e-06
0,6.605921746054371e-06
0,1.5854977272765169e-06
0,1.7817297594938006e-06
0,5.8051167377068445e-06
0,1.305211278071082e-06
0,1.355564433020752e-06
0,1.3426847337792352e-06
0,2.508179922036052e-05
0,1.7411192690311556e-06
0,5.409622012308572e-07
0,4.965367093157564e-06
0,1.2407790666605819e-06
0,1.411838893721997e-06
0,1.1607606832962417e-06
0,1.1029934416149869e-06
0,1.5645115892306047e-06
0,9.942228937711459e-07
0,1.1649641297516715e-06
0,6.919734404680356e-06
0,2.324084628195059e-06
0,3.0332889106469887e-07
0,6.802155376872285e-07
0,1.6408864000953916e-06
0,1.1870316002667039e-06
0,6.738849644923363e-07
0,1.5275546154006538e-06
0,8.762096159429918e-07
0,6.488744153504731e-07
0,2.3249903545864713e-06
0,1.4273482662570104e-06
0,9.637863272369317e-07
0,8.100897678947737e-07
0,7.557494135296889e-07
0,5.829507641535431e-07
0,2.3420420698676262e-06
0,8.378491113022959e-06
0,9.077981392585253e-07
0,1.760525820433314e-05
0,1.9780944917055155e-06
0,1.4613640950675943e-06
0,1.083411739317012e-06
0,3.789538694506872e-06
0,4.475121791310283e-06
0,1.83470051144967e-06
0,6.226000253923021e-07
0,4.7997211648538195e-06
0,9.968220023908254e-07
0,8.48171294299123e-06
0,6.078591458258084e-07
0,3.899535620543294e-06
0,3.484419305535122e-07
0,7.460981686375231e-07
0,1.7921564873759924e-06
0,4.289850220501522e-06
0,7.148029534046325e-07
0,5.115890760431135e-07
0,1.1752003369212594e-06
0,3.816564161938234e-06
0,7.084290372919417e-07
0,3.5590541735484158e-06
0,7.752352461967842e-06
0,1.956936899541283e-06
0,1.9670202685440503e-06
0,6.250540210471614e-07
0,8.187399833678451e-07
0,2.2633931205107416e-06
0,4.13432767648595e-06
0,2.0918394558900102e-06
0,2.6504927643894093e-06
0,2.9357918323907417e-06
0,5.55098236076854e-06
0,1.3587142515269982e-06
0,7.883015105223324e-07
0,5.128547924201474e-05
0,2.546985858685587e-06
0,4.54549991396711e-06
0,9.069504360871978e-07
0,1.0278177588713268e-05
0,1.776906575871906e-06
0,8.382090890083221e-07
0,1.0387458266433066e-06
0,7.066302721050245e-07
0,3.5451934481706605e-06
0,2.9283507353041224e-06
0,5.818721535574348e-07
0,8.144659992747596e-07
0,3.5271375899523055e-06
0,5.99059135011359e-07
0,5.740587090227758e-06
0,1.3661403774164465e-06
0,3.031167373514801e-07
0,1.3484191210252406e-05
0,3.1265019377251858e-06
0,2.711357289846779e-06
0,8.49510696541925e-07
0,1.1351171879647649e-05
0,1.487618519760173e-06
0,8.216054343302227e-06
0,1.6014105071836568e-06
0,1.109930175950625e-06
0,3.1503303761474505e-07
0,9.432226030393999e-07
0,4.655253894737741e-06
0,7.00691856170827e-07
0,1.6408015768973683e-06
0,1.0967605953313916e-06
0,2.226087767676593e-06
0,2.5104180371888683e-06
0,4.855231946835811e-07
0,1.2895275165592977e-06
0,7.213244608698573e-07
0,4.97389844389525e-07
0,1.332429992924855e-06
0,3.204938329456471e-05
0,3.2743125957211945e-06
0,1.2263617272624055e-06
0,9.873306664304413e-07
0,4.4773589302986044e-07
0,4.24404610327096e-06
0,8.339263931509201e-07
0,2.307818489301004e-06
0,1.846451754766296e-06
0,5.24424523075248e-07
0,7.414892544036046e-07
0,2.586401346653102e-06
0,9.692085146642123e-07
0,3.283175606359165e-06
0,6.820872037794215e-07
0,1.1719649606649201e-06
0,1.1746229187344367e-06
0,6.636956120124112e-07
0,1.0473343500644872e-06
0,1.374958779886961e-06
0,7.632508936443173e-07
0,4.555766446593104e-06
0,1.543704085250512e-06
0,4.3718340775675975e-07
0,1.5469776458601172e-06
0,1.277822999311671e-05
0,3.6500904365830564e-06
0,1.2770646498598577e-05
0,1.3023925227491602e-06
0,1.4942558174545365e-06
0,3.6024467258609404e-06
0,4.456767149116927e-07
0,4.100126193989257e-06
0,2.04434332366369e-06
0,4.906642323382236e-07
0,2.94995448527125e-06
0,2.276579866881841e-06
0,8.830503175060176e-07
0,3.552150697475254e-06
0,5.2998489406207715e-06
0,4.038017030877016e-06
0,1.517730863577009e-06
0,4.0780841586628407e-07
0,1.7515692383494137e-06
0,7.391049586101782e-07
0,1.4199051808419227e-06
0,3.750148935767257e-07
0,3.780720643346152e-06
0,6.030613288987232e-07
0,1.154227333874952e-06
0,7.522758345639202e-07
0,1.7163112531628601e-06
0,6.6038424671479845e-06
0,6.123658252670582e-06
0,1.3005368467636639e-06
0,2.1096616412487346e-06
0,1.0952845802497603e-06
0,1.988232743564632e-06
0,1.1482243776225591e-06
0,2.874240659404032e-06
0,1.7642247119347878e-05
0,3.0948696698415245e-06
0,1.992401792654686e-06
0,1.0576145567242281e-06
0,1.3300044057444975e-06
0,6.762171245626845e-06
0,1.0952589999900783e-06
0,2.8994226613567598e-06
0,9.013180968096785e-06
0,2.100858094338528e-06
0,3.6966061969827487e-06
0,2.5747378394891126e-06
0,3.176525284473986e-06
0,8.800353417441065e-06
0,5.9901830584433826e-05
0,2.9320310601234572e-06
0,1.2689852922707175e-06
0,1.029662361165274e-06
0,5.011084073727212e-07
0,3.047314275997652e-06
0,1.0077409445744764e-06
0,1.926985536957889e-06
0,2.075316279211706e-06
0,1.280771608678286e-06
0,2.642846911660846e-06
0,5.789907720351085e-06
0,1.735606668499564e-06
0,6.483646128485727e-06
0,3.6953795812167678e-06
0,1.867004486906096e-06
0,7.836803837151174e-06
0,4.923020009006558e-06
0,8.201109720134621e-07
0,1.1078154853137062e-06
0,8.756918130105113e-06
1,0.9770472784207777
0,7.820010973236439e-06
0,6.983834886738129e-07
0,2.39771880758361e-06
0,1.3765204883056729e-06
0,9.059433835739621e-07
0,1.5839608484355938e-05
0,8.016237230458227e-07
0,2.6586589555501914e-05
0,3.3142814679171177e-06
0,2.563403308667448e-06
0,3.238683790877319e-06
0,2.638892186652323e-06
0,8.35569419461501e-07
0,2.0964179398033852e-06
0,3.115512096164438e-06
0,1.0216786702866634e-05
0,1.9952566206517605e-06
0,1.0163842085095615e-06
0,1.4205924708340418e-06
0,1.4889927349877628e-06
0,1.423322227053286e-06
0,1.8243492548252655e-06
0,5.461423122002253e-06
0,1.4440704087224095e-06
0,2.4346286875967702e-06
0,6.245761857973458e-06
0,2.8227275185700703e-06
0,4.616867158563049e-06
0,1.5597132227108762e-05
0,1.5881971326876587e-06
0,5.1007513283030735e-06
0,6.120510791597482e-06
0,6.660926389389414e-06
0,1.4848701230603368e-06
0,4.129316131392054e-06
0,4.780192320276599e-06
0,1.4577808892662007e-06
0,0.0013707514675071345
0,1.3579211908031556e-05
0,6.487823602642048e-06
0,1.2573343353461584e-06
0,5.367338023399628e-06
0,1.4631900077110432e-06
0,1.8433915568002283e-06
0,1.1245765164189365e-05
0,1.763598486932951e-06
0,0.0001348205787661773
0,7.286545037680519e-06
0,1.606213886126486e-06
0,7.414400093140379e-06
0,2.537406906904877e-06
0,3.651197311508749e-06
0,3.0134533815774344e-06
0,6.368723167304637e-06
0,2.5859426250712275e-06
0,1.232272932674414e-06
0,5.4126077300019706e-06
0,3.4496638923534987e-06
0,1.4854347720731046e-05
0,1.4436968391637889e-05
0,3.9416102068226025e-06
0,2.3662229224052793e-06
0,2.1929198570917084e-06
0,4.259793195758472e-05
0,4.417303900107009e-06
0,1.4663631471445348e-06
0,2.4713196142880934e-06
0,3.164594562930877e-05
0,2.9440428804442643e-06
0,3.94021144974996e-06
0,1.51648368849462e-06
0,6.796118451123943e-06
0,2.250255211522935e-06
0,5.729502459173459e-06
0,3.389612397544251e-06
0,1.6753000744740449e-06
0,3.1357269980850703e-06
0,8.70793141865138e-06
0,3.0228236630749503e-05
0,2.3587120577482125e-05
0,9.28583023259077e-07
0,2.388617987764818e-06
0,4.225456612145672e-06
0,1.7870027873246328e-06
0,3.757420233604629e-06
0,8.732492229866773e-06
0,1.9675982277574487e-06
0,2.9190782215552807e-06
0,4.472151892576625e-06
0,6.524429730174851e-06
0,1.9206026089762915e-06
0,4.635396639589077e-06
0,2.7330226377226824e-06
0,1.040703562538738e-05
0,1.3970128953667528e-05
0,3.0691185206585218e-06
0,2.847148645119852e-06
0,1.0999675356367116e-05
0,1.309643555652432e-06
0,2.287015345028005e-06
0,2.700672316499838e-06
0,9.750552090075344e-07
0,1.9434152900441037e-05
0,1.9964103123954413e-06
0,2.4102007578583983e-06
0,1.5777483223774668e-06
0,9.549498099764496e-06
0,5.672143305928377e-05
0,2.129190307627811e-06
0,5.312691104951932e-06
0,3.0812679080898356e-06
0,1.6924110062740656e-06
0,2.948189679744953e-06
0,5.865238610739614e-06
0,1.3177382389610028e-06
0,2.5711798490538206e-06
0,1.3775379569639334e-06
0,2.851841909083859e-06
0,1.1866296699752025e-06
0,1.9049246355281476e-06
0,3.8165852031403566e-06
0,6.619688291347514e-06
0,2.347920515778998e-06
0,6.596989589786239e-06
0,6.108210187778632e-06
0,1.5996710885998506e-06
0,2.679725233871343e-06
0,4.989958155253183e-06
0,9.602916923588666e-06
0,7.922940665784642e-06
0,1.1442559006732293e-05
0,2.924575116184469e-06
0,6.840402985372721e-06
0,7.769511988457989e-07
0,7.863437932597135e-07
0,5.035559419540083e-06
0,1.7715224902877491e-06
0,5.529222973475281e-06
0,9.961647622661782e-07
0,3.3069734254111556e-06
0,9.081400130539182e-06
0,8.553773558625158e-06
0,4.240506161881676e-06
0,2.7045532897215236e-06
0,1.6166778158255078e-05
0,8.147217069818106e-06
0,8.439891422247827e-06
0,1.5326157732477462e-06
0,2.2809410659310275e-06
0,6.926772270294414e-06
0,4.075159078480542e-06
0,7.3500748866237245e-06
0,1.0433272256721403e-06
0,5.94497431021663e-06
0,4.540468775491404e-06
0,1.5134744188363973e-06
0,2.4029957629898785e-06
0,1.997818807695884e-06
0,1.6152255075471383e-06
0,3.865556139601497e-06
0,3.262180195291045e-06
0,3.5852795138464933e-06
0,4.3426781613235715e-06
0,1.4118171677375577e-05
0,3.1941491206758153e-06
0,6.933032696791324e-06
0,6.8755906741830274e-06
0,1.2658067513417298e-06
0,2.461769027702397e-06
0,2.1942278307226936e-06
0,3.4868718255827004e-06
0,1.5772794276233378e-06
0,1.7490517047158818e-06
0,5.565032051723244e-06
0,4.534054380898196e-06
0,3.7375750387977203e-06
0,6.156580708768159e-06
0,1.0444963000350789e-06
0,5.868445770293022e-07
0,1.8413985573039163e-06
0,8.668104001225229e-07
0,8.955607080577599e-06
0,4.282970862417311e-06
0,1.6522602900391024e-06
0,2.5082574305797913e-05
0,1.5661654835743777e-05
0,1.601753713562775e-06
0,1.0905907693264574e-06
0,5.368573078225116e-06
0,5.35999885557243e-07
0,9.571050059436088e-07
0,4.187199636065135e-06
0,2.9868516724647612e-06
0,3.885320989326975e-06
0,1.0422136361836527e-06
0,4.980208389876011e-06
0,7.980559612173966e-06
0,8.881145473215924e-06
0,2.7781168076456905e-06
0,4.639427269127998e-06
0,4.836953305704612e-06
0,5.514253049659361e-06
0,3.5024149917397558e-06
1,0.9968075977293301
0,1.6050054094114853e-06
0,2.6440941702335414e-06
0,4.2251410406442365e-06
1,0.999445373466162
0,5.25667560314059e-06
0,1.351578431426441e-06
0,7.704712047751498e-06
0,1.4914209504958082e-06
0,2.8286273690715823e-06
0,7.203630748460811e-06
0,2.7901514676433425e-06
0,1.996358770916992e-06
0,1.935330517453795e-05
0,1.8588737601809154e-06
0,4.007383762683421e-06
0,3.93593514402385e-06
0,2.515310064014692e-06
0,4.389163666759877e-06
0,1.4284251060448379e-06
0,1.1308318812457363e-06
0,4.2754932431726305e-06
0,2.68141010014453e-06
0,5.9793019551631725e-06
0,6.79961679427676e-06
0,1.4591149884124134e-05
0,6.302012238343475e-06
0,1.547663671135957e-06
0,6.511248006851026e-06
0,1.8643990252605412e-06
0,1.6043896063183636e-05
0,1.3099480938296374e-06
0,5.022001595738449e-06
0,3.3565954372360554e-06
0,9.088845560590318e-06
0,3.5130137084543956e-05
0,4.7143890805068005e-06
0,8.43195336063954e-06
0,4.3379314771572866e-06
0,2.611938646427602e-06
0,3.421296513035989e-06
0,9.937373155338016e-06
0,2.7465347497823823e-06
0,8.107618110858897e-06
0,1.3904710448430154e-05
0,3.7512877815322908e-06
0,1.7934333805232243e-06
0,5.050778588282153e-07
0,1.0314585138751364e-06
0,1.8275496473369155e-06
0,6.444206569697546e-07
0,3.540316087794959e-06
0,4.70880906694958e-06
0,4.6708031142345065e-06
0,1.2479773522720494e-06
0,1.7904101443283271e-06
0,1.775200779590867e-06
0,9.28602150453871e-06
0,7.328084950461853e-06
0,1.0472289523717169e-05
0,0.009930285943414911
0,5.081543643071934e-06
0,1.819678503279664e-06
0,2.8342809219946698e-06
0,5.772489202304544e-06
0,1.0370453581927064e-05
0,4.0879769026372355e-06
0,1.4099243823260772e-06
0,8.314765930435752e-07
0,2.215326654454024e-06
0,6.978447173187472e-06
0,3.4065208419273516e-06
0,3.784522450231374e-06
0,9.031673967402988e-06
0,5.31068865282664e-06
0,0.0014141304177004925
0,8.815237252934756e-07
0,1.0173561975370479e-05
0,4.885210703334924e-06
0,3.156233816191679e-06
0,2.93657656530179e-06
0,8.79675374852497e-07
0,4.510383397931317e-06
0,1.3653934140233948e-05
0,4.2526328138094985e-06
0,1.4581040831234962e-05
0,3.925014592221065e-06
0,1.432711479844922e-06
0,1.4077379568163555e-06
0,1.4574928282000099e-05
0,1.3598851059862152e-05
0,1.3000387874324968e-05
0,1.2980865793924526e-06
0,9.585001620402331e-06
0,6.752966634736926e-06
0,1.6536077230974203e-06
0,3.8639756055909005e-06
0,2.1770588860705096e-06
0,4.952398682784874e-06
0,2.2948212736495472e-06
0,2.980892328167952e-06
0,2.9990092739747258e-06
0,1.4224736506125434e-06
0,4.4307080765552e-06
0,6.642767651702341e-06
0,5.178163382658092e-06
0,5.15162453623825e-06
0,8.337769102506341e-07
0,1.6125707204801717e-06
0,1.019797009732834e-05
0,1.7088014474417911e-06
0,1.9890400895355607e-06
0,4.7865342415309345e-06
0,1.024869435238634e-05
0,1.7718672343781819e-06
0,7.312705951780281e-07
0,3.7872355839934828e-06
0,2.9893857090034867e-06
0,8.106140416363258e-06
0,2.3489234981000723e-06
0,1.796721079066912e-06
0,1.2904036497936031e-06
0,4.3128295262052405e-06
0,2.762443964351047e-06
0,5.017034428187274e-06
0,4.309836588812784e-05
0,1.314593560984145e-06
0,2.5557416416975766e-06
0,3.908888576778711e-06
0,2.8494037487192142e-06
1,0.3150653274725771
0,1.7320469919825322e-06
0,9.305105335157875e-07
0,2.008321186527025e-06
0,8.349749194560955e-06
0,4.195376215850458e-06
0,2.9475581819597055e-06
0,3.1827302730090303e-06
0,1.003044571110574e-06
0,1.8339518547214266e-06
0,2.223840617010871e-06
0,1.3052192167440058e-06
0,4.155127135555483e-06
0,5.714395279807811e-07
0,9.997039336301196e-07
0,1.3627086043482525e-06
0,2.2477046471973618e-06
0,6.870554205841373e-07
0,1.565400115592112e-06
0,2.004039073906379e-05
0,5.752237352302926e-06
0,7.9250774742239e-07
0,9.84193688067867e-07
0,2.3005681601445586e-06
0,2.0385569505381765e-06
0,9.790919004259594e-07
0,3.872586528156553e-06
0,1.3202174085777727e-06
0,3.093627394504188e-06
0,5.824871484418254e-06
0,3.392062805288117e-06
0,1.9891600971133656e-06
0,3.619869285102529e-06
0,3.3787098331616045e-06
0,7.307325657878533e-06
0,2.5463577858906326e-06
0,1.3444076462720913e-06
0,1.2496959998356476e-05
0,4.825581226246209e-06
0,2.1894301818228335e-06
0,1.966659333664592e-06
0,9.32139417892892e-06
0,1.4575063039184202e-06
0,3.825428349630092e-06
0,2.2763221837024667e-06
0,3.788540935146572e-06
0,2.558660286229736e-06
0,1.0208146779054528e-06
0,4.0280106694928024e-07
0,8.821331547163747e-07
0,1.240830619899716e-06
0,1.5488639777786522e-06
0,3.488199691356232e-06
0,5.602352856064657e-07
0,2.038458240852648e-06
0,7.977813894988182e-07
0,7.033931326448911e-07
0,1.978214455229853e-06
0,1.3987415858376506e-06
0,2.577688365159447e-06
0,2.4492889297244317e-06
0,6.222507979580505e-06
0,5.910624999813566e-07
0,1.806844535328822e-06
0,1.635581999922323e-05
0,1.406199566839166e-06
0,8.095236496083948e-07
0,3.767667570349351e-06
0,3.675607123688651e-06
0,2.0588263533248527e-06
0,2.3915545585984404e-06
0,1.1593626498107801e-06
0,1.6963145848459247e-06
0,5.1496705242811305e-06
0,1.0914462264018543e-06
0,2.137369766864382e-06
0,2.6124989752785453e-06
0,1.442710628634643e-06
0,4.970484444754779e-06
0,4.586816686184995e-06
0,2.0778682185860427e-05
0,1.159214398325484e-06
0,1.9183167956143963e-05
0,1.1110336248798748e-06
0,2.5109067910742125e-06
0,5.083303985715866e-07
0,9.17694542771592e-07
0,3.3446268353418203e-06
0,1.028179399434177e-06
0,4.6216882949022143e-07
0,1.7951540496866393e-06
0,3.4001178483038072e-06
0,2.116695396161059e-06
0,4.726269826931417e-07
0,7.232209936221318e-07
0,3.0091428866728305e-06
0,1.124900462975426e-06
0,1.207180521577685e-06
0,2.701095817323041e-07
0,9.933091769107844e-07
0,7.647904641234508e-06
0,6.173698149454268e-07
0,1.5200426530829547e-06
0,2.8977907385502767e-06
0,7.980259956805911e-07
0,2.0907882283688465e-06
0,1.6771452028915213e-06
0,1.7748993991683147e-06
0,1.7705521506570044e-06
0,6.6435938304645324e-06
0,6.26913817218838e-07
1,0.4856711593135838
0,2.295322360462558e-06
0,3.561448412446293e-06
0,6.424926746159963e-07
0,8.795884233186438e-07
0,1.0839962213843684e-06
0,1.1554849075764533e-06
0,4.5876141208992825e-06
0,6.277094824548417e-07
0,2.703521343186888e-06
0,8.091729506432118e-07
0,1.5200437321430627e-05
0,2.307049434448362e-06
0,7.95713501882229e-07
0,3.8060235643518617e-06
0,4.259688575638638e-06
0,1.2357800681103387e-06
0,9.659299276046032e-07
0,1.2172332011157445e-06
0,2.3038505521619579e-07
0,1.0075261203422157e-06
0,3.443831039002634e-06
0,1.2321729432436967e-06
0,9.04344309725944e-06
0,5.822853708315742e-07
0,3.0964064744648323e-06
0,8.499463423608418e-07
0,2.1255091214515166e-06
0,6.316857775710253e-07
0,1.7801908073166e-06
0,2.7735745196414907e-06
0,1.3173592497421234e-06
0,7.145181456266355e-07
0,4.3613500552243935e-06
0,7.390442019970542e-06
0,5.736724424227415e-07
0,3.004975605034248e-05
0,4.5687411522707136e-07
0,2.0607686589535557e-06
0,9.539470210420093e-07
0,5.599526241837242e-05
0,1.992459292426325e-06
0,7.572975386549882e-07
0,5.598091720546251e-07
0,3.0977693377933135e-06
0,3.807133168536148e-06
0,1.4161393462975191e-06
0,1.0089618255074355e-06
0,5.822112420675134e-07
0,1.2718567333428731e-06
0,9.89654495400262e-07
0,1.0777607256664316e-06
0,3.1189566834954196e-06
0,8.922574677138454e-07
0,4.170335547651281e-07
0,2.2703021189992502e-06
0,7.184479965667638e-06
0,4.2656507207219363e-07
0,2.6367611981410195e-06
0,2.6634682875419645e-06
0,3.835375174814154e-06
0,1.188973065903626e-06
0,1.5314980401949116e-06
0,7.619545410156334e-07
0,2.0793667836729053e-06
0,4.592231458384728e-06
0,3.6260356757475214e-06
0,1.8073669044730538e-06
0,1.456596865047131e-06
0,9.256660141451988e-07
0,5.165934836502584e-07
0,6.196380145544068e-07
0,5.956841739175022e-07
0,2.502399154863702e-06
0,1.69669341214493e-06
0,1.4734003679752118e-06
0,1.9971066329254324e-06
0,2.074148042198784e-05
0,5.838507453769863e-07
0,6.473120042312621e-07
0,3.203976382230811e-07
0,7.704297159822356e-07
0,6.864554370391981e-07
0,3.4609430969441184e-06
0,3.0727333988918237e-06
0,2.5028701911193874e-06
0,1.310536839928558e-06
0,1.662205672270436e-06
0,4.5282155602928055e-06
0,4.713373298133248e-06
0,1.7250358108147857e-06
0,9.238201113774577e-07
0,8.880606795932392e-07
0,2.3274516519035514e-06
0,1.0154625779987267e-06
0,3.770658675483721e-06
0,7.6488960425841e-07
0,1.956220483627138e-06
0,3.781417194916999e-06
0,9.056883427964194e-07
0,3.9087971339870045e-06
0,4.70772740869782e-06
0,1.762305247087193e-05
0,1.170017658164761e-05
0,1.1025905056328355e-06
0,9.602706144891326e-07
0,2.2279901780944897e-06
0,2.4699461327619793e-06
0,1.2439527314402113e-06
0,1.9328845793009913e-06
0,2.195728791221483e-06
0,2.055387744159215e-06
0,1.7883301180446597e-06
0,1.4329488317334114e-06
0,4.008183987235575e-06
0,2.6168862859660762e-06
0,4.419486936254971e-06
0,4.658269849212141e-06
0,3.6710882594573823e-06
0,9.049710951116805e-07
0,7.318089337379496e-06
0,1.850285539329254e-06
0,1.7278428414561564e-05
0,2.8669958009135884e-06
0,5.826864281582993e-06
0,7.2459249627169465e-06
0,2.0801061060575886e-05
0,2.2249608431724002e-06
0,2.4822654629258228e-05
0,2.2313776350848962e-06
0,8.583395215278972e-07
0,1.3895820535822607e-05
0,1.483444807627726e-06
0,3.4287459913027422e-06
0,1.0767359367365588e-06
0,6.123855887678803e-07
0,1.0866086244610803e-06
0,1.5886427561854469e-06
0,2.4703008025631533e-06
0,5.136873194637755e-06
0,2.0904674689345076e-06
0,1.8817800576585672e-06
0,2.202160117775246e-06
0,1.8393841354412295e-06
0,3.936114893688044e-06
0,2.764918839632415e-06
0,2.0466886325822014e-06
0,2.685230413644256e-06
0,1.630716335265882e-06
0,4.817743510904897e-06
0,1.7482327832664019e-06
0,1.0698073255550017e-06
0,0.20616571745166662
0,2.119671073199124e-06
0,3.53901866399659e-06
0,3.222217372302882e-06
0,5.21149240242906e-06
0,3.830730326033554e-06
0,1.0229276532856763e-06
0,4.992937626348998e-06
0,8.021913341988842e-05
0,7.892343672904376e-07
0,5.825985486762333e-06
0,1.3675901229239522e-06
0,6.555665093761036e-06
0,1.10493691169105e-06
0,8.676856515758742e-06
0,1.5844138981586584e-06
0,4.275411882703079e-06
0,8.723532879126098e-07
0,2.6249071025711177e-06
0,9.616468561364682e-06
0,2.5271337015655534e-06
0,1.0603508844487584e-06
0,5.962053284959856e-06
0,3.3170821625646845e-06
0,3.1881054064236096e-06
0,6.7795249033766775e-06
0,1.3715567483548098e-06
0,4.104729544430807e-06
0,4.723330449796739e-06
0,1.868989017534342e-06
0,2.537842878751121e-06
0,5.596988422040698e-06
0,3.621834137259009e-06
0,6.966439059869634e-06
0,2.7187861017172578e-06
0,1.2249495064951421e-05
0,3.170480235746618e-06
0,7.832512216884553e-06
0,1.8285921137176186e-06
0,4.418716360852632e-06
0,6.960577082454154e-07
0,4.262105435030463e-06
0,2.1094146259710996e-06
0,2.011119352930999e-05
0,6.558520627307075e-06
0,1.8330576161078231e-06
0,1.33617338302483e-05
0,1.693426337969256e-06
0,4.3051782708341835e-06
0,1.808482160626406e-06
0,2.130307202414148e-06
0,1.942161170062542e-06
0,1.4686217899439642e-06
0,1.0360575038972205e-06
0,6.783852541987217e-07
0,3.9460840489429585e-06
0,4.074814983047428e-06
0,4.784928556696756e-06
0,2.600896073149184e-06
0,8.78352282131723e-06
0,8.270849608799159e-06
0,6.307921451048263e-06
0,9.615802439555561e-07
0,2.2816762152228005e-06
0,7.77573903661713e-06
0,3.445462758931161e-05
0,2.4022837923915058e-06
0,6.367715915347014e-07
0,3.846343627560741e-06
0,6.892308803146681e-07
0,9.891261239818295e-06
0,2.5799582376802457e-06
0,1.8043832382429955e-06
0,5.317275773982292e-06
0,4.2133881776988885e-06
0,7.5273209992794704e-06
0,5.111464054595274e-06
0,4.756836051322961e-06
0,1.0293920702660557e-06
0,2.5527851837944158e-06
0,6.2557316969530915e-06
0,7.4115586181013694e-06
0,1.8813912006081103e-06
0,1.1966246288704618e-06
0,5.488652364104015e-06
0,4.533517980961993e-06
0,5.0541193513381915e-06
0,4.294221453473876e-06
0,5.342522761909989e-06
0,2.4591039923769394e-06
0,1.2783148715507187e-05
0,4.130459960409981e-06
0,1.1215122052178875e-05
0,2.1321510880860506e-06
0,1.2665628460721848e-05
0,4.892611126037962e-06
0,4.06573934143647e-06
0,9.96538309582024e-06
0,3.0876859965831213e-06
0,1.3305962518485364e-05
0,1.8237774552295703e-05
0,1.4546548844315184e-06
0,6.027905087729437e-06
0,2.520956783700176e-06
0,8.650894116523696e-06
0,7.125755598011126e-06
0,3.1774528260726765e-06
0,1.0503476670218655e-05
0,7.4523397766528795e-06
0,1.9515051113972422e-06
0,1.5216317971991955e-06
0,8.256344696602552e-06
0,1.3017404263799248e-06
0,2.176507176296259e-05
0,1.953297678812943e-05
0,3.591327737118579e-06
0,6.2088049439806655e-06
0,2.2488658229336294e-06
0,9.103840968900234e-07
0,2.2519408366531224e-06
0,9.585531486772052e-06
0,6.674641326457076e-06
0,2.3863165150568103e-06
0,4.249995156946109e-06
0,3.186927362429243e-06
0,4.113149592922586e-06
0,2.097916687410962e-06
0,6.3580325657712474e-06
0,6.828950835841543e-06
0,4.3108537906529345e-06
0,1.911548618994052e-06
0,2.044848024663972e-05
0,1.6401259240882915e-06
0,4.317988779501643e-06
0,4.017949791224631e-06
0,2.248779114684124e-06
0,2.3540971229599496e-06
0,4.208526685770886e-06
0,3.3692882129886243e-06
0,1.3238707294555262e-06
0,1.7124136341210101e-06
0,3.4791150593202623e-06
0,5.328267635940602e-06
0,3.7562357918537157e-06
0,1.35401080488845e-05
0,6.677130273390454e-07
0,6.843731467263145e-06
0,1.4883915708086326e-06
0,5.178648798454807e-06
0,6.9325872039808605e-06
0,5.9199330702630645e-06
0,9.222965199275188e-05
0,2.0858598776722094e-06
0,2.003662387386356e-06
0,7.0831105877503615e-06
0,2.4493512730612324e-06
0,7.2648370914537465e-06
0,7.436039679387937e-07
0,1.0920235904834988e-06
0,1.7413675244446767e-06
0,1.123353000190792e-06
0,2.8320863581825473e-06
0,9.138822289821447e-06
0,3.7222845914339045e-06
0,3.1136019608142283e-06
0,1.8722871138941786e-06
0,2.6053204375828004e-06
0,7.182422802519265e-06
0,9.768894767175488e-06
0,6.431170481728063e-06
0,2.1191800985903485e-06
0,8.863938812046584e-06
0,8.151336054441905e-06
0,1.1494505337197662e-06
0,4.385689183129856e-06
0,6.074036939094666e-07
0,1.0664800300350778e-06
0,1.617807197920914e-06
0,7.830711068896214e-07
0,1.2707061204930633e-06
0,3.061844831539045e-06
0,7.837612502677926e-07
0,1.1841422631086437e-06
0,1.5548257197358092e-06
0,2.692329706389006e-06
0,3.095193142307444e-06
0,1.2378155171764519e-05
0,2.7810515659665433e-06
0,1.4476936318284465e-06
0,2.170323708458578e-06
0,1.1620432023516367e-06
0,3.76099643267409e-06
0,1.3299929895520574e-06
0,1.451363572291073e-06
0,6.823101238933879e-07
0,1.892153180813725e-06
0,5.595707305536787e-06
0,9.848702240119993e-06
0,2.788452101611947e-06
0,2.8770628928623922e-06
0,2.463228919344249e-06
0,3.3791001682890976e-06
0,3.573402440974403e-06
0,1.9522919483212003e-06
0,3.522657978670037e-06
0,2.6919277855367685e-06
0,1.7256501665645366e-06
0,4.388397762502518e-06
0,3.7263434782650237e-06
0,9.017996402134097e-07
0,1.1240797921546404e-06
0,1.4969385565277148e-06
0,3.897387030287952e-06
0,8.891321605514867e-06
0,1.5454928926379974e-06
0,3.2791279031378095e-06
0,5.361229208498659e-06
0,1.613378794854421e-05
0,1.1675361872237646e-05
0,8.993214434300171e-07
0,1.8040286788821347e-06
0,2.547435078484323e-05
0,1.3785347845869925e-05
0,7.908375435336651e-07
0,1.389393676493428e-05
0,2.3072439158012456e-06
0,9.776225429429459e-07
0,1.4295170348303635e-05
0,6.4174959983133624e-06
0,1.6415166082788832e-06
0,2.272583606893124e-06
0,5.163095609259647e-06
0,1.2284166669473475e-06
0,1.169017088276009e-06
0,6.456765070905238e-07
0,7.349183608204587e-07
0,8.44176114039526e-07
0,3.834842507844965e-06
0,1.6023972418202927e-06
0,9.575582188972333e-06
0,3.8880736634259855e-06
0,3.205424684230463e-06
0,3.1689840319455893e-06
0,1.3280944206156298e-06
0,1.2342053099392588e-06
0,9.660732112317756e-07
0,1.6876554109400081e-06
0,7.96426800248756e-07
0,1.1328730311400242e-06
0,2.1265477923651915e-06
0,1.932140298346599e-05
0,3.5405621054134204e-06
0,2.8248611355019225e-06
0,1.299882632433925e-06
0,1.0561411476585218e-06
0,2.9719602658466584e-06
0,6.29880768896971e-06
0,1.476638887186283e-06
0,3.5631943251446924e-06
0,8.020153979680279e-07
0,6.820489402856495e-07
0,1.6311386185203531e-06
0,1.4454093945697617e-06
0,2.7073516273296306e-06
0,3.0913865085111276e-06
0,4.818828971462137e-07
0,1.7019614239374886e-06
0,7.686573840605466e-07
0,1.0751411047895115e-06
0,4.1149142613427063e-07
0,8.164935589340542e-07
0,2.5849173245188104e-06
0,1.977585766147926e-06
0,5.261334180642655e-07
0,3.741276761628043e-07
0,1.1540367783109762e-06
0,1.1761369322017164e-06
0,5.2680627370043565e-06
0,1.3175534449586465e-06
0,1.1054100718275828e-06
0,5.849702651760161e-06
0,1.1096608442352276e-06
0,6.260014938761962e-06
0,1.5816909274964075e-06
0,2.253651298625505e-06
0,1.204528494385059e-06
0,1.624732796086615e-06
0,1.1936960565010191e-06
0,4.14406855036344e-06
0,2.087110998563648e-06
0,9.74834219028683e-07
0,6.569561896853844e-07
0,7.521404116659242e-07
0,1.3404888076583256e-05
0,1.3006838500157745e-06
0,3.043696138817444e-06
0,1.2045605728485115e-05
0,2.254658458417253e-06
0,1.6941534944615447e-06
0,1.624782906887124e-06
0,0.270516282231598
0,1.542489592905531e-06
0,8.623006414846159e-07
0,1.3584857761510246e-06
0,2.959524289534255e-06
0,1.0078130648121753e-06
0,1.1699873136605617e-06
0,1.0625365192124407e-06
0,1.01825729177098e-05
0,1.3384914144166445e-06
0,7.909477666940242e-07
0,5.717591208944209e-07
0,6.804482111590941e-07
0,2.2834884281686783e-06
0,9.652321632741488e-07
0,2.0217921565536273e-06
0,2.3643632563338274e-06
0,1.9221276988181314e-06
0,5.01354556748964e-06
0,1.0238596955030135e-06
0,4.6030921686719305e-06
0,1.7105655642778586e-06
0,2.4040831718030677e-05
0,2.441970035951658e-06
0,9.016046370367804e-07
0,7.34908978563438e-07
0,1.0893618735215658e-06
0,2.1468109541734017e-06
0,1.1465488067927485e-06
0,1.6005136693768222e-06
0,8.412912151360809e-07
0,8.358116165784642e-06
0,9.88719322425469e-07
0,6.937194710834853e-07
0,6.073602513936982e-07
0,7.332611971552471e-06
0,3.3105134199449063e-06
0,2.578872845807166e-06
0,1.5369010190104764e-06
0,7.290644307571103e-07
0,1.3662283671701929e-06
0,1.9438521883018435e-06
0,1.614270318274403e-06
0,1.2006067855044445e-06
0,9.233184001745463e-07
0,1.6074317314262529e-06
0,1.5932588070267527e-06
0,1.0216257380835595e-06
0,1.1164912222799528e-06
0,2.0650570173484094e-06
0,1.1523047736780768e-06
0,1.399925337902309e-06
0,2.4538178944570624e-06
0,1.4571840339953213e-06
0,9.974452622203984e-07
0,1.9145183227166662e-05
0,8.241213265891122e-07
0,3.761270961972003e-06
0,4.669726694291624e-07
0,2.3788832788787043e-06
0,1.5136981384408358e-06
0,7.834693026972242e-07
0,1.981610253004822e-06
0,3.7285128240437034e-06
0,2.5294694581272985e-06
0,7.862089981358677e-07
0,4.449560901776344e-06
0,7.367304801938465e-07
0,1.9445510398288026e-06
0,1.3254673257941948e-06
0,1.0893012926694613e-06
0,1.0102064293814886e-06
0,2.4607380355905776e-06
0,3.0059120477621743e-06
0,1.2972590151613263e-06
0,1.0153386204350109e-06
0,2.0018053906996694e-06
0,3.6597413746699766e-06
0,1.2558678367130198e-06
0,1.0365696175075344e-05
0,3.111209854559218e-06
0,2.0755945677123873e-06
0,2.355776343356384e-06
0,2.558417579723328e-06
0,2.606162859963821e-06
0,3.1315802486693844e-06
0,1.226669570037054e-06
0,2.8489154494220396e-06
0,2.1925244897836295e-06
0,1.29214450638678e-06
0,8.683840759063173e-07
0,1.1723037529659587e-06
0,1.0758406985533956e-05
0,8.953073594773503e-07
0,1.486862765848334e-06
0,2.517668672035486e-06
0,1.3263617012525137e-06
0,6.28534203434972e-07
0,9.267525851815658e-07
0,1.6960031988507583e-06
0,2.2646117482930943e-06
0,9.005103944875838e-07
0,8.79720105679299e-07
0,7.189581125359867e-05
0,2.376497795407354e-06
0,1.1665356381644043e-06
0,7.905624674976723e-07
0,4.386217440923633e-06
0,1.8374662176453404e-06
0,2.591541991818226e-06
0,1.7487426222022197e-06
0,9.448593720117116e-07
0,6.827328773024797e-07
0,3.6640559973582324e-06
0,3.003751159753753e-06
0,0.0009781931222176223
0,2.684736754513422e-06
0,2.4071344507345635e-06
0,3.312234711495344e-06
0,1.5050826203846183e-05
0,1.93313057681362e-06
0,9.036034725174363e-06
0,7.696932317634329e-07
0,1.1264142221871482e-06
0,1.2014096227666618e-06
0,4.1525828595544115e-06
0,1.6713137320991815e-06
0,1.1195497005880585e-05
0,2.277284803629671e-06
0,1.601044808523809e-06
0,7.742275290489343e-06
0,1.1688135770630901e-06
0,2.2862624996040307e-06
0,8.05507262403098e-07
0,3.328689273253627e-06
0,2.157138011938918e-06
0,3.171359697566896e-06
0,1.2471424206623171e-06
0,1.76570996325712e-06
0,1.313589968517731e-05
0,1.6065016469147994e-06
0,5.667041364350439e-06
0,5.287124058765705e-06
0,4.719679742103093e-06
0,1.3730183679982644e-06
0,4.596691696536486e-06
0,5.47832286932374e-06
0,2.5225516517415776e-06
0,2.5859915199305315e-06
0,2.92251397564186e-06
0,3.831195281842577e-06
0,1.6140686599981168e-06
0,5.5951916119723315e-06
0,2.3007860256119708e-05
0,9.371870141492819e-07
0,6.2234692204841915e-06
0,1.6762200208941743e-06
0,4.709188509359295e-06
0,2.2590037913039414e-06
0,2.030731616899745e-06
0,2.3914132385653886e-06
0,1.0652203198651564e-06
0,2.9573305573348997e-06
0,7.502860242334057e-06
0,9.738420225830747e-06
0,7.711397514494513e-06
0,2.8363192882016865e-06
0,8.372814356817895e-07
0,2.642651782446123e-06
0,6.664250244619668e-06
0,1.7157650634862015e-06
0,5.9798491333427436e-06
0,2.2814852641515024e-06
0,1.489522417548527e-06
0,5.001288131676282e-06
0,1.297778590789213e-05
0,7.064752616447403e-07
0,5.781174046491224e-07
0,2.0449328116935906e-06
0,1.046979569414795e-05
0,2.773219715927245e-06
0,2.9657723488999913e-06
0,7.2380055757637344e-06
0,2.279410859586134e-06
0,2.066668636938749e-06
0,3.2219068551042236e-06
0,1.922515381258362e-06
0,6.702132434591455e-06
0,0.00017994995701829327
0,4.034912100576144e-06
0,4.849078491194826e-06
0,2.8045110115866498e-06
0,4.418641917720197e-06
0,3.2509668248332808e-06
0,1.2183940792547221e-06
0,6.3614241182488306e-06
0,1.0058504261888694e-06
0,2.324930015146023e-06
0,3.0930995255347268e-06
0,4.8441371300782164e-06
0,1.0531002582932005e-06
0,5.435663260496345e-06
0,1.1317729094161362e-05
0,3.668634358896753e-06
0,4.982152078343855e-06
0,2.3176987948579947e-06
0,5.223008612833443e-06
0,2.0349215665118322e-06
0,5.5589559767664225e-06
0,4.839776367752898e-06
0,1.8279107844350302e-06
0,0.00011719435862119706
0,3.2353903832269234e-06
0,7.855347176851766e-06
0,2.9026043390805746e-06
0,6.068298891443441e-06
0,1.4606252430880383e-06
0,1.2359937013535266e-06
0,8.400190639877324e-06
0,2.9826805559976533e-06
0,2.194493338792947e-06
0,2.076406377425672e-06
0,2.3815778335106437e-06
0,2.9782274130270398e-06
0,6.70315018908092e-07
0,9.576262835475942e-07
0,1.1736182619187308e-06
0,2.144270358547996e-06
0,1.4468395385053067e-06
0,1.676332740840881e-06
0,2.211149184248076e-06
0,8.767895616319597e-07
0,7.333218042715473e-06
0,5.467523344184776e-06
0,1.2698573466614222e-06
0,1.2655457823477212e-05
0,1.5547488124126278e-06
0,4.539125538142763e-06
0,4.662374526619636e-06
0,2.873603402477214e-06
0,3.827150416354386e-06
0,1.4817180858492395e-05
0,3.784368594545952e-06
0,8.140026081742305e-07
0,2.2711617706767327e-06
0,1.2524083652638402e-06
0,3.780674003786677e-06
0,2.9404674361413064e-06
0,3.1777056907852925e-06
0,1.1107465201357493e-05
0,1.7545069076395466e-06
0,1.502053465801887e-06
0,1.5930315422573749e-06
0,2.1258468862860744e-06
0,3.1694811354304424e-06
0,7.31409091353726e-06
0,4.658208642264859e-06
0,1.5506018350463266e-06
0,4.577516036382178e-06
0,1.2692932541641474e-05
0,2.9114123852974065e-06
0,5.707240786889666e-06
0,1.8040185294139543e-06
0,1.5610324700687435e-06
0,2.5572321173171924e-06
0,1.9385042348827765e-06
0,2.3662644495514644e-06
0,4.667279036205096e-06
0,1.3346207509206354e-06
0,1.3127016383689017e-06
0,1.5307923288978589e-06
0,6.896311954428476e-06
0,2.525697542805639e-06
0,4.142080362143548e-06
0,9.68720370704512e-06
0,1.4669162733828917e-06
0,9.80413252703162e-07
0,2.110040010731596e-06
0,1.2401624832384768e-06
0,4.656739937909461e-06
0,2.549457897281138e-06
0,1.4013472764252684e-06
0,0.00011730421501674256
0,3.84226203155305e-06
0,3.553840151933478e-06
0,1.0181156178830481e-05
0,1.513932509926405e-06
0,1.1923235425055322e-06
0,0.0004295799355518459
0,3.4693524965004718e-06
0,1.0647632634754927e-05
0,2.9756591211068697e-06
0,1.4912199015935688e-05
0,1.097564440739766e-06
0,1.3577367104656184e-06
0,2.757157615717137e-06
0,2.209172189186927e-06
0,2.7315096743715846e-06
0,3.834361860886354e-06
0,7.084148482471234e-05
0,1.3003619339411533e-06
0,1.2508007081175262e-06
0,3.8113831530447824e-06
0,1.8711157459190892e-06
0,1.3597445599632127e-06
0,6.477449666731806e-07
0,3.149468902524727e-06
0,4.075806772713693e-06
0,4.645386437475705e-06
0,2.0431135240727922e-06
0,0.00030065428224217264
0,7.94732566682648e-06
0,5.974008651071938e-06
0,7.734065485293384e-06
0,1.9563955703221858e-06
0,9.688091265748444e-06
0,1.8758882056267658e-06
0,6.363216160220193e-06
0,4.7976569693143686e-06
0,1.8820438689966573e-06
0,1.396086388833443e-06
0,3.629616119628904e-06
0,1.797946815175699e-06
0,3.422217063895272e-06
0,1.1246806679577076e-06
0,3.2629543373646856e-06
0,3.047296157299061e-06
0,2.5709695946698265e-06
0,7.012108079923225e-06
0,9.168124621316621e-07
0,1.7089800883878505e-06
0,6.738205497528811e-07
0,1.4714018073127975e-06
0,1.1129178345237034e-06
0,7.436447440657472e-06
0,8.839551404808393e-07
0,3.2783495016854008e-06
0,2.980909391273533e-06
0,3.1631646667858865e-06
0,1.2463175835354975e-05
0,8.419130142731597e-07
0,2.4676380404093586e-05
0,1.9313438773983072e-05
0,5.327150000751766e-06
0,2.5495648545213783e-06
0,2.749744401829441e-06
0,8.173634719095499e-07
0,6.697425421051102e-06
0,2.2684122403537088e-06
0,7.426727072500286e-06
0,3.7411101090531524e-07
0,4.573453549656755e-06
0,1.454148011810436e-06
0,1.5858120528634245e-06
0,1.934109345803104e-06
0,2.185822089766845e-06
0,3.5978811192782644e-06
0,1.7980022945105254e-06
0,6.268281673966444e-06
0,1.757418343461239e-06
0,1.1083638256727155e-06
0,8.727976541853436e-07
0,2.170371862705959e-06
0,1.1952044459032663e-06
0,2.1405497623118678e-06
0,3.2084950912995493e-06
0,2.3412906510171207e-06
0,4.385426740074134e-06
0,1.5908984360320618e-06
0,1.4764970019094356e-06
0,9.252997165426605e-06
0,9.251045119226875e-07
0,1.1397240665449312e-05
0,1.2466749688043689e-06
0,2.356153131648735e-06
0,4.368025313146574e-06
0,2.7572498319885947e-06
0,1.1738680190856037e-06
0,2.906154241137334e-05
0,3.649369273658197e-06
0,2.7686851299100844e-06
0,4.406752007481869e-06
0,1.4723181820844407e-06
0,4.211990983417087e-06
0,5.887378705584533e-06
0,4.4321351878596115e-06
0,1.40723710380198e-06
0,1.942308363465355e-06
0,4.8344217239952606e-05
0,1.0995686885590004e-06
0,6.781047884350275e-06
0,2.6271349928207748e-05
0,2.5496468617894925e-06
0,1.8309616247048975e-06
0,1.5477501876181108e-05
0,3.726297039410765e-06
0,1.841364282177549e-06
0,5.499923700288084e-06
0,2.4067349721696404e-06
0,1.5842386980094444e-06
0,4.448588074601034e-06
0,7.206040588483806e-06
0,2.487992501290097e-06
0,1.8151929071296962e-06
0,2.6404295917506444e-06
0,2.676524320652033e-06
0,4.5928843849024094e-07
0,1.0860564150389087e-06
0,6.569359442173306e-07
0,2.5747204807383534e-06
0,7.718950735768552e-07
0,1.6967758467969666e-06
0,1.791506251311804e-06
0,2.441526699800607e-06
0,2.138314643516504e-06
0,5.326873746370255e-06
0,1.9319702067637027e-06
0,1.1242795630377995e-06
0,3.832583615812215e-06
0,8.661725470568218e-06
0,2.3573447476601903e-06
0,7.267132956175944e-07
0,1.564088697699152e-06
0,3.6915658395154926e-06
0,1.500971860325716e-06
0,2.791024556040646e-06
0,3.968697861439726e-06
0,5.2184387594046255e-06
0,8.816095235728447e-07
0,4.7251049445923246e-05
0,4.2850369408281604e-06
0,1.8761309128923103e-06
0,2.760235651160916e-06
0,3.0964736538168357e-06
0,2.5602216742499223e-06
0,1.3447521135002664e-05
0,2.4515508384726314e-06
0,8.117843944663123e-07
0,9.986844492589133e-07
0,7.341005431041461e-06
0,2.8536030242380684e-06
0,3.199311443059169e-06
0,2.9850497045823104e-05
0,1.1096340253908549e-06
0,4.871720128296567e-06
0,3.8853976662375105e-06
0,3.3714480787135754e-06
0,3.4235737479546573e-06
0,1.2340753902966977e-06
0,1.1748215428502402e-06
0,1.4801017051737703e-06
0,1.1063612949258975e-06
0,1.436462331620466e-06
0,6.497412221820801e-07
0,1.1968022160743438e-06
0,1.5535152177524374e-06
0,1.4470872339538305e-06
0,3.911434784298466e-06
0,6.441373205002787e-07
0,1.3753531516709905e-06
0,2.2491187385202343e-06
0,2.3398329451674842e-06
0,3.3452217953066837e-06
0,3.7661899992675544e-07
0,1.6290863752340575e-06
0,1.914816609839518e-06
0,1.3629162149253905e-05
0,9.281011943066207e-06
0,1.985455818808746e-06
0,1.470604803220485e-06
0,6.759814835394749e-07
0,4.303152634389411e-06
0,4.057673615714985e-06
0,3.5285427635167977e-06
0,8.753433396897085e-07
0,6.02252629384242e-07
0,3.4016553120433224e-06
0,6.929765959532386e-07
0,3.0661025554963124e-06
0,6.152248022769506e-06
0,2.843936538289256e-06
0,2.6360545920515696e-06
0,2.773265689426708e-06
0,6.696480756254678e-06
0,1.5618453924913735e-06
0,1.4051945236888447e-06
0,3.7220224684076285e-06
0,1.0552448137280622e-06
0,1.1787297661308603e-06
0,4.527318608407354e-06
0,1.3949268163179032e-06
0,1.2684175196871194e-06
0,1.3909219294004763e-05
0,5.363206034006275e-06
0,1.9731482053690413e-06
0,2.088406494013773e-06
1,0.993290110689021
0,9.241383397082389e-07
0,0.0004894896010777684
0,4.00605349999198e-06
0,2.812136802198139e-06
0,1.1951046925399787e-06
0,2.3857731101626534e-06
0,8.427707858730237e-06
0,1.2890770752607909e-06
0,4.517904205343057e-06
0,9.271640714858619e-07
0,5.658442100597364e-07
0,1.1100418613438972e-06
0,1.3364993273795604e-06
0,6.411124439509529e-07
0,2.1808048780410337e-06
0,1.5065228205899168e-06
0,1.8209989737154275e-06
0,1.04001894260451e-06
0,1.5844585260634687e-06
0,1.506530815549886e-06
0,3.110428808136808e-06
0,3.134617052374869e-06
0,9.853753922000144e-06
0,1.695228389366877e-06
0,1.6960242454728272e-06
0,5.041296159069894e-06
0,2.5796422704996076e-06
1,0.9986888851210927
0,5.753788469518001e-07
0,0.0008662719102130288
0,5.010714119761185e-06
0,3.939765896964767e-06
0,7.478908621020919e-07
0,1.6749499311993456e-06
0,1.941031747064506e-06
1,0.9998218214291797
0,1.9194383879670522e-06
0,6.941852679351051e-07
0,1.5561933360910042e-06
0,1.0276853342569503e-06
0,2.8054935175527506e-06
0,1.947731826674519e-06
0,2.2309636773683214e-06
0,8.303219086502271e-07
0,2.6948915740628684e-06
0,6.3906914468189955e-06
0,7.804561073239808e-06
0,2.4877622022099664e-06
0,4.663178044657742e-06
1,0.9988242634997858
0,3.1102874919654864e-06
0,2.631968265748152e-06
0,2.516348686512539e-06
1,0.9998409900586481
0,7.27178391921815e-06
0,3.1222781187348788e-06
0,2.8891088077759142e-06
0,9.65370780555644e-07
0,1.1768989814983424e-06
0,1.1906081532859995e-06
0,4.0079086859166305e-06
0,5.311441116880358e-06
0,3.593671265766443e-06
0,2.8446642390088494e-06
0,5.6237025882800855e-06
0,7.57386244379337e-07
0,3.4228400206669296e-06
0,1.96734162119815e-06
0,6.265563719040855e-05
0,3.861572793521073e-06
0,2.5636389914938172e-06
0,2.3882339524422895e-06
0,2.042620314317945e-06
0,4.157044357019236e-06
0,1.2278505677997415e-06
0,1.1726380683660241e-06
0,9.199683048727862e-07
0,1.875165265736145e-05
0,1.4226428940764878e-06
0,4.607640967255045e-07
0,2.9666773072016246e-06
0,9.650243901707346e-06
0,1.7066645952998538e-06
0,9.061627031802924e-07
0,3.0574477571716687e-06
0,5.484450396935416e-06
0,1.9984639355410403e-06
0,3.5253103774740723e-06
0,2.9103722976996957e-06
0,4.377856335645171e-06
0,3.0382440205673427e-06
0,6.176325529732407e-07
0,9.091342402321944e-06
0,1.8776591329273935e-06
0,3.6894281709156215e-06
0,6.305424307379883e-06
0,9.799412200076896e-06
0,2.039293808963812e-06
0,2.0464609993583495e-06
0,2.1746940197299723e-06
0,1.987174635776697e-06
0,7.99837832253508e-06
0,1.5311505628512682e-06
0,2.271487341612194e-06
0,1.7356398165808942e-05
0,2.598633525634188e-06
0,1.1303327911828535e-06
0,1.8818905063959367e-06
0,1.287482090437888e-05
0,9.513102392774848e-07
0,2.4753075438993798e-06
0,3.5161792711876885e-05
0,1.3862395156364324e-06
0,8.871821309232376e-07
0,3.012869182577472e-05
0,2.813022246970251e-06
0,3.239678677928935e-06
1,0.9970664042087359
0,5.7216696975168725e-06
0,1.014632934936914e-05
0,2.7804051678661813e-06
0,1.5137348734044743e-06
0,2.059030644375374e-06
0,2.162023036911356e-05
0,1.840591258279377e-06
0,6.589179774013882e-06
0,5.308854803400075e-06
0,1.194948333960145e-06
0,9.572731084559833e-06
0,7.110484476601658e-06
0,3.599648571606815e-06
0,3.185727943054941e-06
0,6.186786115715799e-06
0,1.401511289613676e-06
0,1.465423323934487e-06
0,4.3295531840734365e-06
0,1.0099493150391026e-05
0,1.9526139602849364e-06
0,1.3597726210392979e-05
0,2.43540036965902e-06
0,1.595811982997341e-06
0,3.4047620565296904e-06
0,8.710561472927613e-06
0,2.8420857925024553e-06
0,2.237316339346461e-05
0,1.7045410700132503e-05
0,2.986418843005963e-06
0,2.259083326430527e-06
0,3.894783204505503e-06
0,5.1959768003061884e-06
0,1.081001046542795e-05
0,3.5620056305639747e-06
0,1.9219873305591552e-05
0,3.465485566488374e-05
0,1.6750053718397836e-06
0,9.856261446986632e-07
0,3.6612246819559697e-06
0,1.296937405114181e-05
0,9.962054637765123e-06
0,3.134743104820451e-06
1,0.9956594567097109
0,2.5774197250572094e-06
0,2.5368176598456356e-06
0,9.668425901361772e-07
0,2.600489940987487e-06
0,4.007871444699745e-06
0,1.5033354262637055e-06
0,6.3760669262927925e-06
0,1.3330054311863622e-05
0,4.057381013238424e-06
0,1.0803902794609665e-05
0,3.0255549782589213e-06
0,8.530539769729248e-06
0,1.534061582746387e-06
0,7.378337791137608e-07
0,5.203907765532547e-06
0,2.386839844857314e-06
0,2.4342716846879842e-06
0,4.290284506934667e-06
0,4.261506033817369e-06
0,4.366248067256995e-06
0,6.88369982453509e-06
0,2.315024688894596e-06
0,7.421552208467977e-06
0,3.166109634586157e-06
0,1.6237458288438994e-06
0,9.675144210943459e-07
0,1.8828702937913995e-06
0,6.9176822878116326e-06
0,7.0493010785526275e-06
0,8.077262216013855e-06
0,5.2316220793618755e-06
0,3.2706316631465764e-06
0,3.107185886671357e-06
0,1.513833738215151e-06
0,1.4938000032248295e-06
0,1.2050971187660232e-06
0,4.6495043516389105e-06
0,2.566063195051317e-06
0,3.0807687547880042e-06
0,4.211393252187705e-06
0,8.701153825503015e-06
0,2.42132879850943e-06
0,9.9827638590254e-07
0,2.836283931370799e-06
0,5.859527786323235e-06
0,2.6176993056553457e-05
0,2.9591024135021126e-06
0,1.1363448572600717e-05
0,6.429784119993695e-06
0,7.697983187777833e-05
0,1.5353179792518706e-06
0,1.554502263513088e-05
0,2.3035985196835896e-06
0,2.9043917571567068e-06
0,1.1203812235645314e-06
0,2.9621329132888673e-06
0,1.3354415094078404e-05
0,2.4909062802108795e-06
0,4.1056786635787485e-06
0,4.583355983669139e-06
0,1.7077987508595594e-06
0,1.7229227684557656e-06
0,4.407058375812043e-06
0,4.2353699800910654e-06
0,3.631860979857004e-06
0,2.1931751826437946e-06
0,3.704286615497302e-06
0,1.4105081608608397e-05
0,5.578503113040452e-06
0,2.472708716707819e-06
0,7.909012536764924e-06
0,3.061522317559743e-06
0,4.078108458628428e-06
0,1.1675108702125667e-05
0,1.4971100578304137e-06
0,7.080307731435066e-06
0,4.73375026586165e-06
0,5.2006880568876015e-06
0,1.443933341350531e-06
0,1.6170569954280232e-06
0,2.352097321036965e-06
0,1.6494249032923888e-06
0,9.437534735037989e-07
0,4.201511812075245e-06
0,1.2131474822678013e-06
0,2.677002727269557e-06
0,1.5183076243241911e-06
0,6.711808813436136e-05
0,8.148700316196621e-05
0,5.428278579855479e-06
0,5.953522008741664e-06
0,2.371389595192095e-06
0,3.044564714023492e-06
0,6.177535986703396e-06
0,2.306294766173296e-06
0,1.0458558897562403e-06
0,2.5003504970400678e-06
0,1.0330140200577538e-06
0,9.592903808339119e-07
0,4.178334367172604e-06
0,8.596469013726794e-07
0,1.983483613852377e-06
0,4.630407355772525e-06
0,1.8210310049668754e-06
0,1.551359392137769e-06
0,3.5384362029864e-06
0,2.542191893516928e-06
0,2.562334099253847e-06
0,9.493973219331704e-07
0,1.5759171650446229e-06
0,2.1265638826855827e-06
0,1.4020581406656034e-05
0,3.803122471817337e-06
0,3.1759133882749526e-06
0,2.0965364559437975e-06
0,3.2158587188421383e-06
0,4.176311611832436e-06
0,2.1182290241790697e-06
0,6.26416683114415e-06
0,4.08365815791599e-06
0,2.0819811096524734e-06
0,1.6983036441661544e-06
0,8.988257858546265e-07
0,6.261369317533073e-06
0,1.4094982451896205e-06
0,3.728624887700993e-06
0,1.7600596696697308e-06
0,5.855616791737506e-06
0,7.500346815751581e-07
0,5.182237416987757e-06
0,2.6952513845891733e-06
0,6.7115483823964855e-06
0,2.857770198047524e-06
0,2.107781531973026e-06
0,2.0355029608146195e-06
0,1.2017769239851078e-05
0,2.059240684143913e-06
0,7.20603759612406e-06
0,2.7462935115961144e-06
0,4.319196848391774e-06
0,1.8072598392278105e-06
0,1.9842846241671644e-06
0,2.8104475984032964e-06
0,7.82574181107821e-07
0,4.446057034135827e-06
0,4.6717685257305164e-05
0,2.818729722226294e-06
0,4.003956343535485e-06
0,2.959442631537427e-06
0,6.788984128835128e-07
0,4.0079742921156724e-06
0,1.8911620193317944e-06
0,2.328077775906127e-06
0,1.2178020886162224e-06
0,2.292929477534159e-06
0,2.4105876259816465e-06
0,2.5298018582240123e-06
0,2.8264243486417854e-06
0,3.018989215435511e-06
0,1.0251718780176172e-06
0,9.851638817924223e-07
0,6.354899903609507e-06
0,1.9105689473539552e-06
0,1.3114153743823165e-06
0,1.5912627462430484e-06
0,6.79623823697228e-06
0,1.6164277512105985e-06
0,9.190657195033835e-07
0,1.459835599165981e-05
0,1.9405028986952248e-06
0,1.2642238736365008e-06
0,4.437826974129403e-06
0,3.5298833242780775e-06
0,2.315560234394297e-06
0,1.0946274629981656e-06
0,4.733603186494611e-06
0,1.1509834129717753e-06
0,6.5834504071549705e-06
0,1.2414977705803483e-06
0,7.780978574072194e-07
0,3.220499447955527e-06
0,8.232200443462804e-06
0,1.2175551292738453e-06
0,5.176573714499355e-06
0,7.581953351362168e-07
0,2.7317756141806384e-05
0,6.839460777169687e-07
0,1.3665889185499332e-06
0,4.53334199039724e-06
0,4.675325089941571e-07
0,0.00020470612421553448
0,4.797638608993458e-06
0,9.340315973664346e-07
0,1.0747307978790657e-06
0,7.005625165892098e-06
0,7.430770143124022e-06
0,1.9409339427114717e-06
0,3.929203086447033e-06
0,8.21027103570035e-07
0,3.0322436967652973e-06
0,4.694759265356869e-07
0,1.191790109142242e-06
0,2.1308947021584725e-06
0,3.3405178563627605e-06
0,7.404690543883977e-07
0,2.7179119461215867e-06
0,7.267299468684894e-06
0,4.936992294763877e-07
0,1.5504080547113916e-06
0,5.874436112233973e-07
0,2.8289549643548713e-06
0,1.2839870642919263e-06
0,2.49815149390057e-06
0,5.872037814176562e-07
0,5.220327468819666e-07
0,7.468986792693846e-07
0,1.8427647567026058e-06
0,5.237129283063813e-07
0,5.302280563602585e-07
0,4.157106937716087e-06
0,8.920687388972309e-07
0,5.194639545217583e-07
0,8.721438304061387e-07
0,6.181798311189417e-07
0,1.0450613828791675e-06
0,3.9133855611393055e-07
0,5.601333934425471e-07
0,1.462952622388312e-06
0,6.143820784906494e-07
0,6.045120023805638e-07
0,1.27876009372479e-06
0,2.2228497258878387e-06
0,1.9393937509875057e-06
0,1.581322131308167e-06
0,1.376714134994377e-06
0,3.60631491928313e-07
0,2.0702058947708255e-06
0,1.1671876614927956e-06
0,2.6716549758158422e-06
0,4.016787859218007e-07
0,3.589449405922416e-06
0,8.597876023406224e-07
0,6.468241947473318e-07
0,8.563106975211911e-07
0,2.669444619073092e-05
0,2.3400746131794926e-06
0,9.627687809202502e-07
0,2.027368566357948e-06
0,2.5673942719118084e-06
0,9.62348709218059e-07
0,1.2721561930804157e-06
0,1.3809600697065058e-06
0,1.8192247261294101e-06
0,8.671505475131752e-07
0,5.956270880073063e-07
0,2.6859583204667043e-06
0,4.016930239313422e-06
0,1.6285345155498327e-06
0,1.277415572684971e-06
0,9.371866101962338e-07
0,5.5401123840814275e-06
0,5.857466246981293e-07
0,7.906974309964503e-07
0,2.1988874179478983e-06
0,2.1248010792922308e-06
0,6.717465629720526e-06
0,1.0261877696547184e-06
0,1.0760382792486882e-06
0,1.0955711830923422e-06
0,8.511003797766336e-07
0,4.044734075197937e-06
0,8.853973823897531e-07
0,8.246040343466272e-07
0,8.97865241532739e-07
0,1.0475305515009909e-06
0,3.4934023827230595e-07
0,4.3450495635852693e-07
0,5.987884381202409e-06
0,5.972455022306942e-07
0,1.0325405740562386e-06
0,1.0251268357679584e-06
0,1.5672783282750908e-06
0,1.3702434600307913e-06
0,7.060456421634391e-07
0,1.2422156389008008e-06
0,2.278726785859016e-06
0,1.8579265870403605e-06
0,1.2839014754826104e-06
0,3.0317839898104544e-06
0,8.743063273466293e-07
0,1.7906793863300773e-06
0,1.8024122995986055e-06
0,6.633463549409904e-07
0,1.7826451541316848e-06
0,3.121032782676631e-06
0,3.137749835596265e-06
0,4.484352687141872e-05
0,1.465975167594739e-06
0,8.032232720682084e-06
0,1.2841096328278632e-06
0,2.2629990062944818e-06
0,3.1712611471714295e-06
0,6.223121141813892e-07
0,1.7363448918495375e-06
0,1.290467204010346e-06
0,2.6689528605059915e-06
0,1.6906411379718862e-06
1,0.5736622950293983
0,1.0707541787379844e-06
0,1.1169964521029692e-06
0,2.1230879418012502e-06
0,3.602021609855842e-06
0,1.859342315401355e-06
0,1.1364204587684602e-06
0,1.1081386978928963e-06
0,1.422096139554525e-06
0,3.081031547207777e-06
0,5.286711106676185e-06
0,1.5992190523656941e-06
0,3.5589449125336987e-06
0,1.0669620692271496e-05
0,1.1480314170122193e-05
0,5.8249865701433585e-05
0,8.117743519078576e-07
0,3.6456432334114957e-06
0,2.2964388129981156e-06
0,2.7526350229698022e-06
0,1.208303565032139e-06
0,3.179967594498935e-06
0,4.671399414533493e-06
0,5.131608656352685e-06
0,2.677866529663206e-06
1,0.9674345488363798
0,4.621362677650481e-06
0,2.001100033532687e-06
0,6.228528039590236e-06
0,2.5607627203438204e-06
0,1.3693810131792006e-06
0,1.5710608154354543e-05
0,5.951676236816997e-07
0,7.31546032783561e-07
0,4.017462017691815e-06
0,7.239075038963612e-07
0,2.1333867719338375e-06
0,2.13959016928117e-06
0,1.355937381436323e-06
1,0.9989764596479346
0,8.420222819244297e-07
0,6.609963070183098e-06
0,8.463995274105298e-06
0,4.387261321937072e-06
0,3.0890326666866605e-06
0,9.805330209826928e-06
0,1.6412626018343988e-06
0,3.818408912699505e-06
0,1.9266616626920285e-05
0,2.6264071968254114e-06
0,1.5738686197237603e-06
0,3.3784508268840784e-06
0,7.565498508887655e-07
0,5.9561425725258595e-06
0,1.7521091919456656e-06
0,3.6155864540120265e-06
0,3.6644670167850806e-06
0,8.542935478084753e-06
0,6.603521619641871e-06
0,1.6219327121629937e-06
0,2.7903143247734995e-06
0,2.9230625866168298e-06
0,8.56314579863915e-06
0,2.502974102104783e-06
0,8.935069905489981e-07
0,3.847366948978952e-06
0,2.95607095572349e-06
0,6.529474613241532e-06
0,1.606061264335419e-06
0,4.689675194701905e-06
0,3.43593850379978e-06
0,7.262046936366966e-07
0,1.5492007269814042e-06
0,4.258677781179924e-06
0,3.8579559503453114e-06
0,2.4419871530839905e-06
0,1.5858471288406067e-05
0,1.1326146029123477e-05
0,9.157359268193489e-07
0,4.517345401038967e-06
0,6.937751023364836e-06
0,3.5614222075248658e-06
0,1.9020235329337551e-06
0,1.002659231896385e-06
0,2.355577204203391e-06
0,6.0137748930398734e-06
0,5.188407053062755e-06
0,3.165026032460539e-06
0,6.474273123096394e-06
0,7.836746225300332e-06
0,9.76150231189807e-06
0,1.4361847415584998e-06
0,4.320561323187988e-06
0,3.423284769431901e-06
0,2.1596965349338498e-06
0,3.7468854346632784e-06
0,4.936627771841903e-06
0,1.9798518160614315e-06
0,1.5227078621254087e-06
0,4.367350888530666e-06
0,7.561336096013767e-07
0,5.540857731003441e-06
0,2.7668046348427025e-06
0,6.426772094964731e-06
0,2.9797280920466773e-06
0,1.475003970758443e-06
0,3.7936717690849605e-05
0,2.3627409459657383e-06
0,1.4079401998478991e-05
0,2.880479307339298e-06
0,3.263614371101783e-06
0,1.1488989288596313e-06
0,3.5709037319559585e-06
0,1.5850529857385914e-06
0,1.7063828596362065e-06
0,1.9604799723047378e-06
0,1.9604286194682018e-06
0,0.00019058310207624736
0,2.1852655507816164e-06
0,4.428842593004199e-06
0,3.1464367883385448e-06
0,1.8617918666952021e-06
0,1.3351617759888693e-06
0,2.1877443201885102e-06
0,1.1772643404665255e-05
0,1.0525821237915817e-06
0,3.857735550132708e-06
0,1.0126445123327004e-05
0,4.9589685212576445e-06
0,5.358097446104781e-06
0,1.8956200621671872e-06
0,2.8688824934162033e-06
0,4.0335414632870965e-06
0,5.191411370579636e-06
0,4.238872732644386e-06
0,8.462657700410152e-07
0,4.9301882897250255e-06
0,2.8144903958521193e-06
0,2.1304411970403254e-05
0,1.6188777420912505e-05
0,1.1679697036469055e-06
0,3.076479503507181e-06
0,2.683984176584405e-06
0,2.9062126055483557e-06
0,4.50345119866319e-06
0,1.4666853467350029e-05
0,3.111078120551726e-06
0,1.3390718285510156e-06
0,2.0875105703721663e-06
0,1.0923986140452104e-05
0,2.6837435092040634e-06
0,2.5955371645365476e-06
0,1.4211170337139925e-06
0,1.1738640147508512e-05
0,5.290812029129372e-06
0,3.161921311682919e-06
0,4.662406370668659e-06
0,1.9438069156217846e-06
0,5.495092201282267e-06
0,2.2516397824541217e-06
0,3.865055339269482e-06
0,4.923055688514016e-06
0,1.7802999134588989e-06
0,9.644223401129436e-06
0,2.5949660773816345e-05
0,3.6937451090221765e-06
0,2.885497511930421e-06
0,2.3059373405923485e-06
0,1.369161555039504e-05
0,6.216656875261946e-07
0,1.123781231107158e-06
0,1.6094104173416763e-06
0,2.081826396815437e-05
0,2.127036324474068e-05
0,2.1527046027593355e-06
0,0.00010738468209537653
0,3.26308282019851e-06
0,8.958877382048698e-07
0,2.278624528277526e-06
0,2.6093319763929603e-06
0,2.3028294523226957e-06
0,9.466307416740173e-06
0,6.5994422565248655e-06
0,2.505718359009056e-06
0,2.5072904414016068e-06
0,1.4425845152780606e-05
0,7.027534781115048e-06
0,3.06305307133604e-05
0,1.791074794492001e-06
0,7.409382699657118e-06
0,2.683073262686079e-06
0,6.858439388981269e-06
0,1.6982783748391335e-06
0,3.163383131158719e-06
0,1.1875377261689952e-05
0,2.8045797600689316e-06
0,1.1046071381232175e-05
0,8.628244178138848e-07
0,0.00021234454370112644
0,6.222801279938847e-06
0,6.358067936692558e-06
0,1.0675676964726618e-06
0,3.5652913264742153e-06
0,2.607737816769614e-06
0,1.2739317829588897e-05
0,2.2482763294115976e-06
0,7.907359991917326e-06
0,2.8361001428606233e-06
0,2.3483523035965493e-06
0,1.0153602111476601e-05
0,6.865858837418601e-06
0,2.802594168839902e-06
0,6.31685079768939e-06
0,2.034612098679807e-06
0,3.867380698743161e-06
0,4.594636196895342e-06
0,2.8433368566466498e-06
0,1.258338248547387e-06
0,5.283453298659175e-06
0,5.684131168690873e-06
0,1.802319640818936e-05
0,3.19687014179141e-06
0,6.927125089007345e-07
0,4.433023583368169e-05
0,3.1971919068513796e-06
0,6.280936250595914e-06
0,1.7484731294387841e-06
0,4.141719695952857e-06
0,3.4949642864594872e-06
0,2.5754626966377423e-05
0,6.794553980868111e-06
0,1.1609916806996694e-06
0,4.99692159819249e-06
0,4.368280579134932e-06
0,4.874327741685093e-06
0,1.365823808010667e-06
0,1.3959046285079304e-06
0,9.285974604546552e-05
0,2.8231399422493288e-06
0,7.750421481488715e-06
0,2.1330424528871577e-06
0,2.555361242341799e-06
0,0.0003286683785777202
0,7.09512820186901e-06
0,7.65490862400325e-06
0,9.178685212223532e-06
0,2.850752146273063e-06
0,1.6718581440890215e-06
0,6.133064060804022e-06
0,1.4861331627033512e-06
0,7.480706666612542e-06
0,1.5557405091513486e-06
0,5.113334442403574e-06
0,9.536773074207856e-06
0,2.2491795195070394e-06
0,2.20717868280816e-06
0,4.448038797768216e-06
0,8.476005145045783e-06
0,3.3613613638894484e-06
0,1.4261319497505165e-06
0,3.1269216255733867e-06
0,4.9568704951540475e-06
0,1.9800193279197207e-06
0,3.4440621357414733e-06
0,3.5804242592287117e-06
0,2.003901390812066e-06
0,4.0159626499733295e-06
0,2.1083617064551746e-06
0,2.8185256545481733e-06
0,6.349102739025716e-06
0,4.185913982331467e-06
0,8.388149000030689e-06
0,2.4084933729238317e-06
0,9.498714466351781e-06
0,3.2065729934325294e-06
0,6.054495788551122e-06
0,8.678181946126706e-07
0,8.975691656077228e-06
0,8.764728591619947e-07
0,5.86427304784019e-06
0,2.401840655895955e-06
0,2.8487232875155222e-05
0,4.0070192163377275e-06
0,1.9176291057399863e-06
0,7.05910839493213e-06
0,3.0754971304782356e-06
0,3.222881544448333e-06
0,2.796204406490643e-06
0,2.0073765752780943e-06
0,5.1799965382583276e-06
0,6.262844332124792e-06
0,5.312198626779127e-06
0,1.2957801854344545e-05
0,1.4209661074649956e-05
0,6.532193826221442e-05
0,2.21645356668459e-06
0,2.6138646195352106e-06
0,4.683990455372043e-06
0,1.5467951062802313e-06
0,2.0469096474240567e-06
0,3.344270502407238e-06
0,5.2094549207495215e-06
0,1.0815486981102637e-05
0,2.1892093593665276e-06
0,1.753572461851401e-06
0,1.1046526983922046e-06
0,2.8773718348101754e-06
0,3.5178094908642048e-06
0,3.119364936183387e-06
0,2.616697226055353e-06
0,5.07079196227439e-06
0,4.002208076894975e-06
0,3.935028908877923e-06
0,4.4339113831449954e-06
0,2.093696040369377e-06
0,7.301685692533274e-06
0,7.1901864630602985e-06
0,4.985881096731093e-07
0,1.1471767977045125e-06
0,4.958258132693918e-06
0,2.0946367214134537e-06
0,1.3243145330855127e-06
0,1.155445100576951e-06
0,1.8704598461999406e-06
0,6.1242010691013705e-06
0,2.7904223203615756e-06
0,1.1782899972932771e-05
0,2.8727575327049922e-06
0,5.850754846516387e-06
0,2.0754072829194e-06
0,4.711275626173559e-06
0,6.019333058171159e-06
0,8.431598414447085e-06
0,4.216265324060983e-06
0,2.725780947199849e-06
0,7.627004718043696e-06
0,3.916306348682099e-06
0,6.138085034744159e-05
0,2.7904476859435643e-06
0,1.0102867198594124e-06
0,2.678303507250746e-06
0,2.070149272331906e-05
0,4.051585354535421e-06
0,8.401081027322962e-06
0,2.7034125851376954e-06
0,1.3152775932854305e-06
0,1.923214173814353e-05
0,3.7607278693515945e-06
0,2.883172578842919e-06
0,1.2809061266572653e-05
0,5.265503125909942e-07
0,5.364534985014624e-06
0,6.934449851911658e-07
0,3.418905304145578e-06
0,1.1307289250098413e-06
0,1.749050850644294e-06
0,1.6867012087415852e-06
0,2.461886605810605e-06
0,3.58915746580081e-06
0,1.6345821486792624e-06
0,1.5296744995576853e-06
0,2.9520624498473304e-06
0,2.3841198273541536e-06
0,2.2494134803920037e-06
0,1.732347583922085e-06
0,3.4657554928130875e-06
0,3.1086963744719767e-06
0,1.3395429662331255e-06
0,2.1331147775235097e-06
0,1.5436789541626265e-06
0,1.4248092168640647e-06
0,3.1865906194877056e-06
0,2.9052164563047376e-06
0,2.224447300085191e-06
0,1.571300820992945e-06
0,1.2125900237909407e-06
0,2.4174469897556762e-06
0,1.454614754499948e-06
0,2.5714017487825344e-05
0,3.0038639918073635e-06
0,2.9862987356761435e-06
0,2.6897961175555137e-06
0,3.6319037611547994e-06
0,3.6971689992891515e-06
0,3.7033732765614736e-06
0,3.038668630642242e-06
0,4.271878932496685e-06
0,3.1889125847924603e-06
0,1.1528326346456596e-06
0,4.831948596968993e-07
0,4.051773976048078e-05
0,2.0784400002651096e-06
0,1.2705778450560725e-06
0,1.981904364889058e-06
0,1.728777301731047e-06
0,2.4309719773036473e-06
0,5.604850695177559e-07
0,1.4095123778250572e-06
0,8.918638361550754e-06
0,1.6795522808904117e-06
0,2.5177184167149936e-06
0,7.485337445935313e-07
0,8.565720068000266e-07
0,2.1552599234038762e-06
0,2.3309129422672486e-05
0,1.2665630102363014e-06
0,1.6054198344450365e-06
0,1.1670878827026787e-06
0,4.928535835388842e-07
0,2.386450253818043e-06
0,1.311671988499179e-06
0,1.110428225891706e-06
0,9.120016424496863e-07
0,2.0370915702461974e-06
0,3.665544991403468e-06
0,9.635749441280436e-07
0,4.555310745735326e-07
0,5.657383457814107e-07
0,4.029518257603427e-06
0,1.6991218382124985e-06
0,1.6138014351998855e-06
0,7.335434377540834e-07
0,7.972291903760309e-07
0,3.271964258664186e-06
0,6.879809056002524e-07
0,6.295943923423993e-06
0,2.436596742499777e-06
0,3.640814161343706e-06
0,9.971599514640206e-07
0,1.4538046131570986e-06
0,8.524864944278647e-07
0,1.1699664455503236e-06
0,5.8047926874432525e-06
0,4.0825727443491054e-05
0,8.332951753554491e-07
0,3.5618318650109875e-06
0,4.067256381914777e-07
0,1.5615697875868488e-06
0,3.8721802487169425e-06
0,4.978951371210994e-07
0,2.7615009903603195e-06
0,7.517969022146056e-07
0,9.73469012998255e-07
0,2.0755687541377822e-06
0,1.1382325710780552e-06
0,4.032360251339073e-06
0,1.6565297717737678e-06
0,5.222697964517458e-07
0,8.697066222994482e-07
0,2.3659919019667048e-06
0,1.2858027834950883e-06
0,2.533850567789081e-06
0,9.695374735561543e-07
0,6.607213083375839e-07
0,1.5849483896575821e-06
0,2.1079368133617985e-06
0,1.1994881354520068e-06
0,4.581391724342567e-06
0,4.4065595467928295e-06
0,1.960534903950507e-06
0,1.1517055112423066e-06
0,1.6394476470535321e-06
0,6.172818136077072e-06
0,1.2944458854909608e-06
0,1.9255667419849598e-06
0,1.5397878085124332e-06
0,3.8791582961094294e-06
0,8.457618015809895e-06
0,2.644886278702663e-06
0,2.4320284839807344e-06
0,4.5521406809197475e-06
0,4.967384674015268e-07
0,3.01729040910712e-06
0,6.700602517600983e-07
0,9.681856053501497e-07
0,5.11522546803769e-06
0,4.675530539044535e-07
0,6.090395305846597e-06
0,4.020995893132855e-06
0,1.3279098731737721e-06
0,9.113544395314748e-07
0,3.240523296143061e-06
0,1.6608051258677805e-06
0,2.3579168333838943e-06
0,3.6434283748043885e-07
0,2.7834054575831734e-06
0,5.171702983639616e-07
0,2.4098115198944598e-06
0,1.4955865312927887e-06
0,1.8206067928289868e-06
0,4.396831662439879e-06
0,9.061656513191711e-07
0,4.916396238115669e-06
0,2.8497811460503504e-06
0,8.970647199791967e-07
0,1.5188164036298896e-06
0,1.1783046178667694e-06
0,1.416148085203379e-06
0,1.5622759726280636e-06
0,1.9877000671264882e-06
0,6.535697753848151e-07
0,1.7152433671732585e-06
0,2.9015971810505168e-06
0,1.984942293897523e-05
0,1.1452437820170604e-05
0,3.637267534065381e-07
0,7.346171862881393e-07
0,1.579819818349853e-06
0,2.4237982379383494e-05
0,4.335622500502321e-06
0,2.2769443864926247e-06
0,6.185729568316151e-07
0,1.985991022146539e-06
0,5.577980516184334e-07
0,1.3498469252157171e-06
0,9.85959852636799e-07
0,2.579827393852003e-05
0,2.1895510669367773e-06
0,3.598785109813866e-06
0,3.6661665531139804e-06
0,5.016622208933607e-06
0,1.6820376242419427e-06
0,5.41659764202376e-07
0,8.300049314250959e-06
0,1.7498630611933938e-06
0,6.015176405358305e-07
0,2.9915021588361186e-06
0,5.798916345319738e-06
0,1.019319622407688e-06
0,5.852786548222349e-07
0,6.402674856037485e-07
0,6.018048505697468e-07
0,6.501135496818477e-06
0,8.33396852784964e-06
0,6.537072719075574e-06
0,9.848024705967486e-07
0,1.9818286731042493e-05
0,1.453339172412234e-06
0,1.6427996081526417e-06
0,1.6222705887746325e-06
0,8.210602089291039e-07
0,1.3522571358213577e-06
0,7.054762211503025e-07
0,9.326764283324878e-07
0,1.1661654286346357e-06
0,7.72817101991035e-07
0,1.1963331217859596e-06
0,1.3749469758445933e-06
0,6.466334338451603e-07
0,3.4388728801968175e-06
0,5.642276986764957e-07
0,4.957086851799989e-06
0,3.17708921277097e-06
0,5.518117181946878e-07
1,0.9977221517414426
0,1.2411981829932457e-06
0,1.3618489589847708e-06
0,4.772745447022306e-06
0,7.223253299958805e-07
0,5.080475977731569e-07
0,1.8462613887481257e-06
0,1.0895357598615957e-06
0,0.0002804697572306071
0,4.886749925792999e-06
0,4.254238807836965e-06
0,1.1773993129491159e-06
0,2.5420130916207846e-06
0,6.140990817453922e-07
0,2.757984725278245e-06
0,1.6518774532106112e-06
0,1.4192998722721048e-06
0,3.859513305419603e-06
0,1.2233518014329977e-06
0,8.147404488771247e-07
0,3.348184440898263e-06
0,8.076366213123696e-06
0,9.950218561372868e-07
0,4.869056227452036e-06
0,1.123904739500066e-05
0,5.098959884210227e-06
0,1.4078428640595656e-06
0,1.2475248013882274e-05
0,2.1346742760561718e-06
0,4.474782764402951e-06
0,9.744739604376483e-06
0,1.6171681730880832e-06
0,2.0963856021515423e-06
0,3.4311595957639847e-06
0,5.881917686493371e-06
0,1.3383439331942503e-06
0,2.1707509239556213e-06
0,3.06945343124439e-06
0,6.653891291393834e-06
0,3.612306082278721e-06
0,1.1055311024624235e-06
0,7.646901176782458e-06
0,1.679561635570453e-06
0,3.1574002553039474e-06
0,1.3090348036859885e-06
0,1.5205656015086672e-06
0,1.2328171799121345e-06
0,1.790388798415703e-06
0,2.3386965791191527e-06
0,1.2964504185396071e-06
0,2.4328787951254933e-06
0,8.987212890626772e-06
0,2.1409770908670564e-06
0,1.1197791250248069e-06
0,1.21189268226694e-06
0,2.338242113137337e-06
0,1.4374627016569417e-06
0,3.112680311547855e-06
0,7.877640250293096e-06
0,2.2359173350202216e-06
0,0.0002369182760260739
0,2.5405088915391706e-06
0,3.3135927413093366e-06
0,1.5508319577513845e-06
0,4.610551151601089e-06
0,6.938529083939483e-07
0,1.131721918670872e-05
0,9.647452174655982e-07
0,5.98212289606806e-07
0,8.684587355307226e-07
0,2.843754712283004e-06
0,2.983950593682628e-06
0,4.583796568481766e-06
0,1.7549798235960373e-06
0,1.5709073494153425e-06
0,2.892999805096295e-06
0,5.983524055225437e-07
0,2.7810329164985065e-06
0,2.037622295047912e-06
0,2.1411633334323483e-06
0,2.355079468422296e-06
0,7.79776249812815e-06
0,2.141756308977819e-06
0,2.312562707732898e-05
0,2.5246163728138564e-06
0,1.4479574253193833e-05
0,1.6148013942127556e-06
0,1.2604458537117906e-06
0,2.7878493483878743e-06
0,8.919868549268821e-06
0,3.444669425436665e-06
0,1.0423807280144767e-05
0,1.7704113357531865e-06
0,9.517512110119673e-07
0,7.856474916082676e-06
0,1.0963062923104415e-06
0,6.07897931959977e-06
0,2.0519862008809413e-06
0,1.0050787096604043e-05
0,5.978712412617286e-06
0,5.6850335972319265e-06
0,5.598831141733859e-06
0,2.9638576202583143e-06
0,6.258115565028381e-06
0,1.107055708328254e-06
0,1.8899098143938316e-05
0,1.520203245232109e-06
0,2.393542702426686e-06
0,3.980228047302778e-06
0,7.234313142701217e-06
0,2.679242074940874e-06
0,3.068210270336359e-06
0,1.0042874215537049e-06
0,7.428512694657472e-06
0,8.915779813738384e-06
0,3.3410822720682223e-06
0,1.7490102832988134e-06
0,2.9804014723685882e-06
0,2.6971562557348545e-06
0,1.964849433279199e-06
0,3.784132490438625e-06
0,2.4487997528078277e-06
0,5.014402562407145e-06
0,4.387199926738522e-06
0,6.718107102901333e-06
0,1.6208739859074433e-06
0,2.9341187006462837e-06
0,2.890603018336687e-06
0,9.056133181728574e-06
0,1.4359755256212537e-06
0,6.787014045932104e-06
0,2.2758741932617924e-06
0,1.0461271447194897e-06
0,8.564358933162158e-07
0,3.885275473331754e-06
0,0.00013985130951725704
0,0.9596091915430703
0,0.0001733720117948904
0,5.324502655125582e-06
0,1.5026303396269544e-06
0,1.4930797728211606e-06
0,1.595866361643118e-05
0,1.2139188122786393e-06
0,3.002094211957351e-06
0,3.244777931434139e-06
0,3.980232408010274e-06
0,2.3625128002191237e-06
0,2.9753314730316518e-06
0,3.7329362980571417e-06
0,2.306421690556892e-06
0,6.155805447929251e-06
0,1.4806986430392107e-05
0,4.821879628337685e-06
0,7.619767534716121e-06
0,1.2969284562683323e-06
0,1.0048984331829436e-05
0,1.4561091756685208e-06
0,1.430790762821128e-06
0,6.735871717829476e-06
0,2.1407986584367424e-06
0,6.04074483127008e-06
0,4.2063257591458724e-06
0,1.0250314225511188e-06
0,7.251152449345358e-07
0,1.22789312322576e-06
0,3.469647547564546e-06
0,1.483303945796732e-06
0,1.9234920840703147e-06
0,2.385939910317939e-06
0,1.3605314528330163e-06
0,8.612439850780633e-06
0,4.967445009291191e-06
0,3.820616867844353e-06
0,1.656344659470742e-05
0,2.6263125688049583e-06
0,2.6397613094207453e-06
0,1.0319040822375449e-06
0,4.081379225231035e-06
0,1.6830500156624321e-06
0,1.4437132468437003e-06
0,8.992154098202102e-06
0,9.272462755725179e-07
0,5.660580796197975e-06
0,3.192823031931608e-06
0,1.3072472247856848e-06
0,1.6807406279163964e-06
0,4.234287754005291e-06
0,4.712341420943155e-06
0,3.5925966384324705e-06
0,2.0036316549170953e-06
0,1.2381595916469652e-05
0,1.543575218308787e-05
0,3.7469464186268435e-06
0,1.93853873744086e-06
0,8.27710493635381e-06
0,3.074749149466469e-06
0,8.469744233953212e-06
0,3.7980247430367133e-06
0,8.072529549985107e-07
0,1.6804822794205197e-06
0,3.97869732226427e-06
0,6.322125770146729e-06
0,1.17654017993609e-06
0,3.0789114002742343e-06
0,2.4877982212462273e-06
0,8.47587462159918e-06
0,3.460711615289904e-06
0,7.118992529913235e-06
0,1.6309716376194054e-06
0,2.9523255254413667e-06
0,9.014763537745171e-06
0,1.7420931033038106e-05
0,1.2607938268782621e-06
0,2.332429722119094e-06
0,4.937427341638319e-06
0,1.2636244588975477e-06
0,6.218475369548675e-06
0,2.244560400223018e-06
0,7.755939587781976e-06
0,4.204483927972612e-06
0,5.9439780430792495e-06
0,2.2953184642388916e-06
0,9.8287617145714e-06
0,2.206892730667953e-06
0,5.687758416361717e-06
0,5.906136082317219e-06
0,6.506571946607076e-06
1,0.9985098293624264
0,2.7455771102179575e-06
0,4.7495438405308675e-06
0,1.6913046195089477e-05
0,4.604759161460691e-06
0,1.4524009057357244e-06
0,4.144803047656631e-06
0,1.0276619634214926e-05
0,8.328377615593943e-07
0,9.800720211784202e-06
0,1.193780792037438e-05
0,8.267490670592479e-07
0,4.1868572663991e-06
0,1.8004554748463727e-06
0,7.841829675467003e-06
0,3.3043485796130126e-06
0,1.7296394946364079e-06
0,1.2921075149535228e-06
0,5.6327768404584315e-06
0,6.7145274547497865e-06
0,8.03586796179103e-06
1,0.9997921183795081
0,2.508348545958612e-06
0,9.164193933533195e-07
0,7.979323396409164e-07
0,3.830262830597306e-06
0,4.894403377524187e-06
0,1.5886615053049235e-06
0,4.063018264872083e-06
0,1.1397810283355594e-05
0,3.701432579278803e-06
0,2.2867563060617855e-06
0,2.9581164429965248e-06
0,6.9153439934939205e-06
0,0.0009984149561856077
0,1.3553139074575868e-06
0,3.1220263525462573e-06
0,4.184626319037892e-06
0,6.426723522113972e-06
0,2.3420805692059176e-06
0,4.343814608584506e-06
0,5.479148294788604e-06
0,2.7953305294782135e-06
0,3.0046382910578927e-06
0,3.0378148510795785e-06
0,1.1350672108730297e-05
0,2.8067263604852818e-06
0,5.984872215265215e-06
0,5.840974670845239e-06
0,1.5763229320719752e-06
0,2.9004087074393265e-06
0,1.083343917177167e-06
0,1.1766327004918023e-06
0,4.6824944708901005e-06
0,2.9843321094792752e-06
0,1.5432483146856467e-06
0,7.761623242597572e-07
0,1.932144509350341e-05
0,2.0260834605116055e-06
0,6.145441683899806e-06
0,6.215407942602072e-06
0,1.1046678723608309e-06
0,6.835381568455959e-06
0,1.5520777212906281e-06
0,2.060173755300108e-06
0,2.7884652152483414e-06
0,1.2029054031381034e-06
0,4.222869251741143e-06
0,1.3987055972231615e-06
0,4.025479275214908e-06
0,8.498748576602e-06
0,2.918884121415373e-06
0,7.20989939128922e-06
0,5.714684332559324e-06
0,7.311802444993983e-06
0,1.577916476455755e-06
0,1.49027852234392e-06
0,2.5705684206862298e-05
0,3.1294465806036707e-06
0,7.4703961962298575e-06
0,1.476429696536637e-05
0,1.4676422516212254e-06
0,9.877827492659246e-07
0,1.5027573922554745e-06
0,7.617711465151844e-06
0,8.778784576620025e-07
0,8.02965050420865e-06
0,1.7715259688207958e-06
0,1.3759600442605653e-06
0,8.704027901581727e-06
0,5.4143488322605694e-06
0,4.244169814048601e-06
0,2.4686741729993478e-06
0,1.106199222490174e-06
0,5.127498935938237e-06
0,2.712369857338211e-06
0,1.0908604305782745e-06
0,3.4256643494517526e-06
0,2.4284064734070603e-06
0,9.658167220553725e-07
0,1.2585738230372148e-05
0,5.994417236152332e-06
0,1.8532873674867662e-06
0,1.3419041041282044e-06
0,4.162501877355125e-06
0,2.3074188868554476e-06
0,2.4473052980313027e-06
0,5.420173534505329e-07
0,5.337985064915525e-06
0,2.241332863994941e-06
0,4.972587216879734e-06
0,1.428636523859444e-06
0,2.4430691763531754e-06
0,2.5919988341536888e-06
0,6.349659978835417e-06
0,1.510175088001622e-06
0,1.0004311201085871e-05
0,1.912321346640098e-06
0,1.98114501432864e-06
0,1.6290520246105827e-06
0,1.8391208735351454e-06
0,4.3203508802356257e-07
0,8.678745871967963e-07
0,8.816717356478184e-06
0,1.798185651456745e-06
0,3.4936699101058194e-06
0,6.105912383741972e-06
0,3.281219727417552e-06
0,4.19012093882168e-06
0,9.655255447011523e-07
0,6.571976920416413e-07
0,5.35234301031988e-07
0,9.926112631134835e-07
0,1.816850791660203e-06
0,3.815612779200631e-06
0,4.418731444947198e-07
0,2.3941844291149822e-06
0,1.2669537559403294e-06
0,7.149744562421807e-07
0,6.619769314674061e-07
0,2.1320140515606053e-06
0,2.7071510591370213e-06
0,4.752118322768369e-06
0,6.72476526032207e-07
0,1.3370969984958423e-06
0,8.401691414384216e-07
0,2.711988227345745e-06
0,3.843677055664329e-06
0,1.957151612974016e-06
0,1.3469904708780427e-06
0,7.567233369922756e-06
0,7.939726876324631e-06
0,2.413584944438954e-06
0,2.049810732891389e-06
0,1.6131585586704112e-06
0,1.6334554350210243e-06
0,2.4438729467013474e-06
0,5.164009904357756e-07
0,5.332984183777026e-07
0,3.6567614866067934e-06
0,2.1104867321480637e-05
0,2.965280685407516e-07
0,3.850743897476057e-07
0,4.523823022594449e-07
0,1.1946223253445577e-06
0,1.6083853044126113e-06
0,8.081808642498041e-07
0,4.050435410214653e-07
0,2.931913030528319e-06
0,7.811690518093559e-07
0,8.062832463950833e-07
0,1.0512332827926414e-06
0,1.8529356128541195e-06
0,1.7442534896125282e-06
0,1.8619735681198583e-06
0,1.527074111469689e-06
0,4.0240229567110755e-06
0,1.3662386178083527e-06
0,6.445787915708267e-07
0,2.2485690197008307e-06
0,3.0155552260941142e-06
0,1.9025033221030477e-06
0,1.6385209458251508e-06
0,2.9451420915796372e-06
0,1.6201638822854584e-06
0,6.527073475435614e-07
0,1.5612797664342925e-06
0,7.15491837077198e-06
0,2.5169996507684385e-06
0,3.902861692808022e-07
0,8.086125270786647e-06
0,2.162632238865219e-05
0,3.0294150844320493e-06
0,3.5608034998842894e-07
0,4.8058569741087895e-06
0,9.826866644467985e-07
0,1.1709731358806347e-06
0,9.962542334350365e-07
0,6.533441257171325e-07
0,2.4307691964380246e-06
0,1.3732642681504295e-06
0,9.740789250227164e-07
0,6.66056079357183e-07
0,1.7970291886051941e-06
0,8.294006606185081e-07
0,1.8713510632789439e-06
0,8.643985918894869e-07
0,4.984257895371912e-06
0,4.6167390304006397e-07
0,2.8159218607853686e-06
0,2.6643917129473296e-06
0,8.607265377163347e-07
0,5.7602246310358e-07
0,4.3269309401904987e-07
0,9.490089122721623e-07
0,5.2378658299961886e-06
0,9.068876802501641e-07
0,2.0749264503518925e-06
0,2.3123044271963303e-06
0,8.692698910711913e-07
0,1.526891324583903e-06
0,5.180400908495075e-07
0,4.825249258780821e-07
0,2.298328465921273e-06
0,9.38585530455025e-07
0,2.3839215943924316e-06
0,4.4507967288017643e-07
0,1.0261575545010615e-06
0,1.9110155426554966e-06
0,2.042820685852184e-05
0,5.1061226655873255e-06
0,2.309604045728922e-06
0,1.0008282266957723e-06
0,9.613845627914442e-06
0,1.6934857373995247e-06
0,1.1963708057742182e-06
0,4.77347612665039e-07
0,9.43009405944987e-07
0,1.0636736233602696e-06
0,6.408422826394456e-07
0,1.4264168855232834e-06
0,4.9349768511625475e-06
0,2.241632899592843e-06
0,9.0765960291619e-07
0,9.031548836406053e-07
0,2.953066365536299e-06
0,1.383202623103523e-06
0,1.0584610139164683e-05
0,2.6885373689191893e-06
0,4.5292783305941775e-06
0,1.3102808355400811e-06
0,4.025882332462331e-06
0,8.443728340787983e-07
0,7.978599211369044e-07
0,2.5793349258292702e-06
0,1.0027899943450608e-06
0,7.219804936222939e-07
0,6.098910622905317e-07
0,2.1327046150336834e-06
0,2.4870550078825866e-06
0,2.2863656072251732e-06
0,1.3975854711677817e-06
0,2.033442693125148e-06
0,2.2644566911045203e-06
0,1.8650313371938498e-06
0,1.0299985682067715e-06
0,2.4515497679539242e-06
0,7.173739376302397e-07
0,1.6589227580686856e-06
0,4.231239604092447e-06
0,1.1470595369338491e-06
0,1.040342813756287e-06
0,2.303577698287094e-06
0,3.830955436728459e-06
0,2.499517453949493e-06
0,7.11479144265905e-07
0,1.4790515078314388e-06
0,4.4655110556931284e-07
0,1.200610371214215e-06
0,1.0478469386066982e-05
0,1.1859791839231166e-06
0,2.217144196944098e-06
0,5.666008773930538e-06
0,4.054511535041699e-06
0,9.668899351455715e-07
0,2.626401629991772e-06
0,1.0599286994364477e-06
0,8.529815073378741e-07
0,1.9339724021604243e-06
0,1.792903817887467e-05
0,9.932503518785884e-07
0,3.896821304463923e-06
0,1.2582891189173723e-06
0,7.974759695340297e-07
0,1.5549496346928594e-06
0,2.031400661474215e-06
0,5.718436342321771e-07
0,2.656222268895235e-06
0,8.916228727919132e-07
0,2.963813900624757e-06
0,4.144643868212815e-06
0,9.29282624740915e-06
0,0.00023917146699281737
0,7.637371030398569e-07
0,3.3325468583518903e-06
0,2.5764151606579578e-06
0,8.99851453449096e-07
0,1.1741101334872154e-06
0,8.690590781804442e-07
0,8.285302580399092e-07
0,4.6460904663177245e-07
0,1.6991413369617578e-06
0,0.0005297820344987089
0,3.718480011414456e-06
0,6.836884950628036e-07
0,9.470695779358623e-07
0,1.1160421973497097e-06
0,7.181942515957303e-07
0,1.5145218796063408e-06
0,1.416209341141269e-06
0,3.5139812813719312e-06
0,1.1313453868002555e-06
0,2.6694042824107003e-06
0,8.424942271564382e-07
0,3.0777610062409015e-06
0,1.752175190693426e-06
0,4.1903285559604895e-06
0,3.5814169188226095e-06
0,2.85807026143935e-06
0,4.613197718833904e-06
0,2.2720938605021046e-06
0,6.914149017361851e-06
0,7.188787781157427e-07
0,1.3301466688598268e-06
0,2.1205939251688873e-06
0,1.8125404040401587e-06
0,6.553189265013602e-06
0,2.0469531714208514e-06
0,1.0749109696677044e-06
0,1.1275808517772666e-06
0,4.749196802433607e-06
0,1.9197420390105288e-06
0,5.394823033649564e-07
0,2.2601366360848097e-06
0,2.2175883412482185e-06
0,3.086154416337087e-06
0,3.854215342570809e-06
0,5.421848732611203e-07
0,4.28462039544016e-06
0,1.7884918227307097e-05
0,1.6093484861220946e-05
0,1.5662746355191187e-06
0,2.0086204921113725e-06
0,2.745745733126851e-06
0,2.3571540548225127e-06
0,9.669314358404018e-06
0,7.671873886771942e-07
0,8.330505325710668e-07
0,5.488642564682879e-05
0,2.3809674349111745e-06
0,9.179663975898049e-07
0,3.331004441056184e-06
0,1.1079258533122279e-06
0,4.6431745690953583e-07
0,1.8695001605047507e-06
0,2.7850009267695855e-06
0,1.7143271355105338e-06
0,1.0936595766788009e-06
0,7.867311295775454e-07
0,8.047004280129011e-07
0,1.4506954905080926e-06
0,1.4466747080943012e-06
0,2.048843127291595e-06
0,1.8027600921041817e-05
0,2.0191990793318245e-06
0,6.787948524545958e-06
0,2.955648550611994e-06
0,2.282654622888738e-06
0,0.00010208349590538236
0,1.5391911297625144e-06
0,3.5638186275302206e-06
0,6.549696083194807e-07
0,1.065164246231027e-05
0,4.577627315588211e-06
0,8.043739693029815e-06
0,3.6826649217679235e-06
0,2.5969381488047503e-06
0,2.2438194740423492e-06
0,3.4427579586307296e-06
0,1.146067955031781e-06
0,1.1294383230315303e-06
0,1.1219158766784787e-06
0,1.8298811372521392e-06
0,1.4230105065636445e-06
0,4.0357549012244027e-07
0,8.694317307070415e-07
0,1.3216230887446907e-06
0,5.159438209706891e-06
0,2.4993689880864947e-06
0,1.09791033450333e-05
0,1.350646178641904e-06
0,4.932572201163993e-05
0,1.254758524801436e-06
0,1.0991453339573533e-06
0,1.0944834307977e-06
0,4.281844407970308e-06
0,8.421336484916078e-06
0,2.501326058851766e-06
0,1.3852812098778023e-06
0,9.713740205644008e-07
0,1.8744887747048074e-06
0,2.139101147142861e-06
0,1.3277647627689557e-06
0,1.1110362826935725e-06
0,2.2900305886453515e-06
0,1.1599993997126445e-05
0,1.1513569229329595e-06
0,5.2643768595968575e-06
0,5.004256531252787e-06
0,2.7387335542472185e-06
0,1.0493696464931035e-06
0,4.478203196067426e-06
0,6.672215345261472e-06
0,5.724886613879638e-06
0,3.6776612305718774e-06
0,2.143956381456649e-06
0,1.672119897515028e-06
0,1.5592873883931254e-06
0,4.715029883214752e-06
0,1.218501359674515e-06
0,4.167938963011935e-06
0,1.5831188517650497e-06
0,1.954870097774741e-06
0,4.430360944685644e-06
0,6.642229572705007e-07
0,1.5399195444750214e-06
0,1.5553123976514093e-06
0,3.068598291208642e-06
0,2.482811002239455e-06
0,3.644618063697122e-06
0,7.176934329038949e-07
0,5.566833997699267e-07
0,8.866841631033254e-07
0,2.0390689059424896e-06
0,3.5616191643205604e-06
0,2.4276652227396727e-06
0,6.00354120675378e-07
0,4.170989926478835e-06
0,1.2842617943873118e-06
0,2.8427863848705414e-06
0,7.878148319977885e-07
0,1.2725078615010614e-06
0,1.46697869281508e-06
0,2.8075053028216764e-06
0,4.514479185739136e-06
0,6.082659012374539e-06
0,1.3668862964917014e-06
0,1.6773580061200262e-06
0,1.3883398321439788e-06
0,1.6522958934490815e-06
0,4.07749351321361e-06
0,8.457234005430525e-07
0,2.2269036511702045e-06
0,3.074110042406773e-06
0,5.494260872678225e-07
0,2.3830737536959613e-06
0,8.132838271365502e-06
0,3.2114071335660884e-06
0,1.3954477962520576e-05
0,1.5355465895766726e-06
0,1.4007452062268251e-06
0,3.6618345461269728e-06
0,1.2666989248875521e-05
0,1.0208770500917386e-06
0,1.6026536208114356e-06
0,2.4292398313201434e-06
0,2.144340216274691e-06
0,2.7018210827519464e-06
0,4.5628315815805495e-06
0,2.0287456626174917e-06
0,5.200400566080794e-06
0,3.1280975710685296e-06
0,9.809715385760207e-06
0,6.1576252045079314e-06
0,1.8153778306756679e-06
0,2.0809579063576385e-06
0,8.532093988020138e-06
0,8.007502353562995e-07
0,9.410641098112553e-06
0,1.1386200999290018e-05
0,5.199073773467118e-06
0,3.3386451034146742e-06
0,6.83146131707816e-06
0,3.8417591748820575e-06
0,3.5817662361546806e-06
0,0.0002106703723218237
0,4.352242816970291e-06
0,1.610055730092203e-05
0,4.88282097496211e-06
0,6.616653927957148e-06
0,3.1888069127009845e-06
0,2.2233550804463265e-06
0,5.1738431751629555e-06
0,6.344848605480807e-07
0,2.1977005205508035e-05
0,6.4767586465752435e-06
0,3.4482052227948925e-06
0,3.8502266427406956e-05
0,2.987063334448032e-06
0,4.416406752966932e-06
0,1.98459666307134e-06
0,8.027630715153132e-06
0,3.142642341126352e-06
0,1.7130600221900011e-06
0,3.5030320993643722e-06
0,5.013245044732056e-06
0,1.0620877896500331e-05
0,3.4315523466368146e-06
0,7.151734936844596e-07
0,2.4447885700150993e-06
0,2.6296016317571503e-06
0,1.301113877408472e-06
0,2.6886949064509634e-06
0,2.639420851497913e-06
0,1.6309298322106966e-05
0,2.089480827830388e-06
0,1.5328001540467233e-06
0,2.389461519070084e-06
0,7.580650575485113e-06
0,1.50637420898552e-06
0,1.872839163692482e-06
0,6.9347179464063865e-06
0,1.6620232826131767e-05
0,2.063544910222731e-06
0,1.0231274818117365e-05
0,8.104052046429962e-07
0,1.4532476662081952e-06
0,1.7974400116757984e-06
0,2.3269071240543153e-06
0,4.343657589409381e-06
0,7.024761832561383e-05
0,2.7220114956607097e-06
0,0.0002527501079939856
0,3.4444649859952503e-06
0,3.4688865435135674e-06
0,1.4961292022465605e-06
0,4.416432672065494e-06
0,8.888969190587974e-06
0,4.2899564294416386e-06
0,1.6237386042151166e-06
0,6.649530137150327e-07
0,3.680409296549386e-06
0,1.5659346082705697e-06
0,2.9109230957542926e-06
0,2.9449914457077773e-06
0,4.1127079987165255e-06
1,0.9986733075663902
0,1.3296638292067677e-05
0,4.101002708156341e-06
0,9.679764740001366e-06
0,2.9101283458983514e-06
0,2.0429745894757646e-06
0,1.9826318274874324e-05
0,1.3003688414915587e-05
0,2.1283440085421447e-06
0,6.464206884608975e-06
0,7.742406711216104e-07
0,0.0004998929283880905
0,1.4082859861690336e-06
0,6.829543291136214e-06
0,1.1146855707028754e-05
0,2.322975392483393e-06
0,7.999294260819749e-06
0,4.255644612175541e-06
0,1.2338436793922373e-06
0,6.762902199838145e-06
0,2.7829487234985664e-06
0,8.439350485469708e-06
0,6.170524135973855e-07
0,1.094914858144991e-05
0,6.272522133632869e-06
0,2.9390903683895332e-06
0,2.676030356470919e-06
0,8.634099858341818e-07
0,1.6080246320800877e-06
0,1.4420438093417455e-06
0,2.248224922333404e-06
0,1.5671479980212015e-06
0,2.1416484319775993e-06
0,1.2682729201853628e-06
0,1.6764555089870405e-05
0,6.433522038959952e-06
0,7.596035611848966e-07
0,3.7325566762366873e-06
0,3.584073520574115e-06
0,5.585987982340727e-06
0,6.608507453659457e-07
0,3.195779426983127e-06
0,1.3787076429115807e-05
0,8.163846894364148e-06
0,8.315135802564511e-07
0,2.8547993299613165e-06
0,3.985862073203079e-06
0,2.440113774381872e-05
0,5.751910795983082e-05
0,3.0268586060237078e-06
0,3.5842951393178427e-06
0,1.516348826518208e-06
0,2.0001638357633128e-06
0,3.2762441992815775e-06
0,6.554132652443071e-07
0,2.1808480221698816e-06
0,2.8687532733921968e-06
0,2.4833933760672226e-06
0,7.741413720764149e-07
0,4.387282115319e-06
0,8.402354581491415e-07
0,2.8652121566439968e-06
0,2.1891990794073533e-06
0,2.915105131721702e-06
0,7.453796027139601e-07
0,9.05945184235046e-06
0,2.957533237807282e-06
0,1.548014585898465e-06
0,1.2065600170459897e-05
0,1.82060601059237e-05
0,1.7886241122756887e-05
0,2.6353640023987385e-06
0,4.04178678421414e-06
0,3.126306746042289e-06
0,7.623972579588192e-05
0,1.6647299324873506e-05
0,1.6477310946562168e-06
0,5.398311438211997e-06
0,2.164799608001952e-06
0,1.7934749000291941e-06
0,1.005307381069412e-06
0,1.823625527321894e-05
0,2.9200437793311264e-06
0,1.85981537949333e-06
0,1.4295824275568673e-06
0,7.490577091128102e-06
0,2.591087898790954e-06
0,1.8157169593189418e-06
0,3.0095215629655542e-05
0,3.029269969741633e-06
0,1.3131217886422245e-05
0,4.286841312163559e-06
0,1.057729823630526e-06
0,8.61735706232455e-07
0,1.0183980546404757e-05
0,0.2535106143373719
0,4.982476757652342e-06
0,4.673004488293035e-06
0,1.7386515211172576e-05
0,2.536748032828904e-06
0,1.133433919848423e-06
0,2.84271041935059e-06
0,1.0831575461284795e-06
0,2.30270205036116e-06
0,3.575932976706353e-06
0,7.843049323973717e-06
0,1.2571930659764735e-05
0,5.45316491491951e-06
0,1.8929642970255176e-06
0,1.8180290406481959e-06
0,1.4931096570821762e-05
0,1.6399443392411314e-06
0,4.117922185623292e-06
0,4.9189030953920224e-06
0,2.5376644882942336e-06
0,4.92804021624703e-06
0,3.2367717080437577e-06
0,1.1461926330921663e-06
0,8.958679100234711e-06
0,4.051524209633627e-06
0,5.220319742921576e-06
0,6.785434085344037e-06
0,6.764270197352299e-06
0,4.432042061175075e-06
0,2.6918332849615643e-06
0,9.042769670785623e-07
0,3.1819648761501796e-06
0,3.766969039978455e-06
0,4.363319390563255e-06
0,1.5078119140977103e-06
0,7.574018877746681e-06
0,1.5885603346032784e-05
0,3.5111131684502137e-06
0,4.652966595365876e-06
0,9.894471282135093e-06
0,1.818733800605849e-06
0,1.9975236896673787e-06
0,3.216552568940115e-06
0,2.3642711673868587e-06
0,4.385112665228699e-06
0,6.034975392771328e-06
0,8.993424354539835e-06
0,2.363294597579478e-06
0,2.6994533871355127e-06
0,1.3304275503885312e-05
0,2.4309808889294906e-06
0,2.919562096242725e-06
0,3.825357937924938e-06
0,8.823883456317939e-07
0,1.3167713879368814e-06
0,1.3504220417251701e-05
0,1.5917965050951649e-06
0,3.261965829824082e-06
0,1.8338941836990596e-06
0,4.226176690730642e-06
0,9.481289805037801e-07
0,3.027999421590222e-06
0,8.421242000957237e-06
0,2.82687749041648e-06
0,2.941423711004408e-06
0,1.641082135961586e-05
0,2.0600735691193793e-06
0,3.991954579558588e-05
0,1.0349746848852824e-05
0,3.3018302869551205e-06
0,1.7444316456397984e-06
0,9.760594159072486e-07
0,5.458655860755895e-06
0,5.867642971938036e-06
0,1.120763814814527e-06
0,4.418672671638304e-06
0,6.65656170584813e-06
0,3.2764170033356013e-06
0,2.689736129584224e-06
0,1.7790998361397031e-06
0,1.7284805025454852e-06
0,1.7821089274376985e-05
0,9.702383442506772e-05
0,2.9864859863700826e-06
0,1.4539760217101771e-05
0,0.0006813546807317162
0,3.490096187450834e-06
0,1.2413180843586944e-06
0,1.0690586860429913e-06
0,2.579969651835969e-05
0,2.2074820013982565e-06
0,1.8990089525760671e-06
0,3.3853944440891417e-06
0,2.0344899911737082e-06
0,0.0012884795805845177
0,1.415714117967389e-06
0,4.226952787164798e-06
0,4.395652309271025e-06
0,3.1086354200096057e-06
0,4.826989037283373e-06
0,2.394830987941214e-06
0,2.64940361603276e-06
0,4.0863805874804646e-06
0,3.336585842464727e-06
0,1.1815016404741928e-06
0,2.8542464310033836e-06
0,3.917845876703699e-06
0,2.274110926942305e-06
0,1.3477331271204619e-06
0,8.601357221720977e-06
0,3.205222642809577e-06
0,5.45286364441345e-05
0,8.517460274304307e-06
0,2.4666297813472456e-06
0,1.1745835179951588e-05
0,4.933075580992581e-06
0,2.4773603139578707e-06
0,6.632055514260237e-06
0,3.1168710372143553e-06
0,2.5090661575977687e-06
0,6.339857679347718e-07
0,3.6088787569334357e-06
0,1.5911612491339564e-06
0,3.906409574770934e-06
0,4.000095683858962e-06
0,2.5395150316206003e-06
0,0.011671593226988733
0,2.0233407444397433e-06
0,4.853988708638145e-06
0,4.991915326207283e-06
0,2.14131378867614e-06
0,1.2729928196799009e-06
0,5.021065596703967e-06
0,2.22841641561724e-06
0,4.797389877545685e-06
0,2.223857344703109e-06
0,4.5094552993353144e-06
0,5.904275166565127e-06
0,2.5043692946855566e-06
0,9.718506533891341e-06
0,1.6901888947566965e-06
0,1.7186726698907687e-06
0,5.846978147413642e-06
0,1.6744318590205317e-06
0,1.1450094320710717e-05
0,8.576110230932593e-06
0,2.098236749956106e-05
0,1.0138851752449893e-06
0,6.355295332784318e-06
0,1.4036502868563584e-05
0,6.359773143442787e-06
0,3.373855833420481e-06
0,1.4761428088582206e-06
0,7.822896180094338e-06
0,2.3592259342568408e-06
0,7.121547890603481e-07
0,1.2607728526899207e-06
0,2.9199997153597924e-06
0,2.763359271643128e-06
0,1.0922744231708397e-06
0,4.389491962428099e-06
0,1.6902004956825647e-06
0,2.854862157462221e-06
0,7.277984177230218e-06
0,1.1633464639569321e-06
0,1.9792315707790336e-06
0,8.738192965276126e-06
0,4.934696179830478e-06
0,1.2593582597689148e-06
0,0.01627658145729398
0,7.572612131959388e-07
0,9.861325208266874e-07
0,1.3585629968261684e-06
0,2.116966073027856e-06
0,1.0007484041780413e-06
0,9.793473613500648e-07
0,8.934832358972745e-07
0,8.356899403717016e-07
0,1.2330695579273991e-06
0,1.983153275259049e-06
0,2.833255484123046e-06
0,2.3211564502218283e-06
0,1.792829419455178e-05
0,5.163977366097612e-06
0,5.838988172641725e-07
0,2.3375442029851e-06
0,1.1204537749564666e-06
0,1.8873343161922033e-06
0,1.4705355004831878e-06
0,1.264740148461344e-06
0,1.0623632655913851e-05
0,1.613459687489813e-06
0,2.5068012783538002e-06
0,4.170580677590547e-06
0,2.416442494224375e-06
0,1.8532454353159838e-06
0,1.2515813504733145e-06
0,4.167079790164186e-06
0,3.484567794779506e-06
0,1.108937873445407e-06
0,1.9099010305305156e-06
0,4.6116150311956214e-06
0,2.5062435785345995e-06
0,4.3696285466653855e-06
0,7.001403415378802e-06
0,1.2161962781664699e-06
0,1.6107628466470739e-06
0,2.4123437060708426e-06
0,6.412889839805906e-06
0,1.0730248601693809e-06
0,4.5954599134655355e-05
0,2.11109620104163e-06
0,2.2875162446823564e-06
0,2.960843932900907e-06
0,7.163818417830981e-07
0,6.13729582501742e-06
0,1.7551680412008382e-06
0,1.8521560835188262e-06
0,2.342055148591391e-05
0,1.2801987434434404e-06
0,2.2715551942661838e-06
0,3.2385208042058244e-06
0,3.2257132744480838e-06
0,1.5826016617247397e-06
0,5.830884844377861e-06
0,1.48612118598734e-05
0,1.4855935747639788e-06
0,1.8956904508233738e-06
0,1.1698023814536686e-06
0,4.435236707941198e-06
0,2.938153562066051e-06
0,1.8839638997248917e-06
0,1.0646351486841e-06
0,1.5055770797408906e-06
0,2.5753220197651283e-06
0,1.6534343156112628e-06
0,4.105587770806487e-06
0,1.7816804999235138e-06
0,3.730037293485557e-06
0,5.064092712633841e-07
0,1.397151184320188e-06
0,6.043592023610228e-06
0,2.3162824638149407e-06
0,1.4181729158692846e-06
0,4.8153944151316605e-06
0,1.3750577204895964e-06
0,2.8378165289850243e-06
0,1.5904020643785663e-06
0,2.915727896115684e-07
0,1.3008266160803047e-06
0,8.258424754004897e-06
0,8.393952217518493e-06
0,1.0482166669330482e-06
0,2.069806255886844e-06
0,9.331438462256e-07
0,2.428397408197573e-06
0,1.938130777159897e-06
0,1.8051532047490225e-06
0,1.597593024627863e-06
0,2.0557625632634612e-06
0,4.4963843030864575e-07
0,1.5387788511460435e-06
0,4.998611533141768e-07
0,5.773017212999108e-05
0,1.3480850067514172e-06
0,3.295022214868354e-06
0,7.9362835350494e-06
0,1.5921288942373303e-06
0,5.803248676744814e-07
0,9.420604452530547e-07
0,3.675702769447056e-06
0,5.425048749664941e-07
0,2.323356582803594e-06
0,1.2357104191798324e-06
0,8.729548909455248e-06
0,1.8706205448775695e-06
0,1.1640843454611233e-06
0,2.714143264709916e-06
0,3.1362871827104567e-06
0,3.1231926395519954e-06
0,1.1905979819291918e-06
0,6.00727015208433e-07
0,5.830648163876883e-06
0,1.3838350565554758e-06
0,1.6435940559630468e-06
0,3.3170517525768018e-06
0,1.8286817869871379e-06
0,1.1287785048075693e-06
0,2.9015427597654776e-07
0,1.4958205102798396e-06
0,1.3559102974999345e-06
0,9.013116189454662e-07
0,1.3326872621971051e-06
0,1.6560000909093384e-06
0,1.497796789402205e-06
0,1.4703706550927115e-06
0,3.547073928480653e-06
0,1.1123071434069154e-06
0,3.98719348196495e-07
0,4.15628592540367e-06
0,1.2349042818920227e-06
0,1.2128038328159974e-06
0,7.603418739565327e-07
0,1.3148612679253302e-06
0,4.972293455654761e-06
0,5.909329431066304e-07
0,3.8429094575476856e-06
0,2.988417490011692e-06
0,1.4012764670085469e-06
0,7.514753605457293e-07
0,1.0544360073483278e-06
0,1.1100350318578722e-05
0,3.395956589935328e-06
0,6.292843946684659e-06
0,9.89154420695212e-07
0,2.4295187657932743e-06
0,9.210055514111385e-07
0,7.791925585243025e-07
0,9.16450736071526e-06
0,1.0161611727604824e-06
0,1.0278523881969525e-06
0,2.230409250745274e-06
0,7.185947595674631e-07
0,2.1605615742765887e-06
0,5.964454868194306e-07
0,3.7866740295239786e-06
0,3.5562739086354915e-06
0,3.4273633423263785e-06
0,5.490287261611321e-06
0,2.435912038953327e-06
0,1.6683601377514158e-06
0,2.4885601673005885e-06
0,3.3654904558829684e-07
0,6.358731289668339e-06
0,4.902863071874652e-07
0,9.52595718746014e-07
0,7.769291801225586e-06
0,3.6103891608972047e-06
0,2.149055788533633e-06
0,1.430614912370676e-06
0,2.2017764610178545e-06
0,5.7934347099658165e-06
0,9.524331393525027e-07
0,2.3554647462210006e-06
0,7.237525144854235e-06
0,1.1500138647892756e-06
0,1.1641791717157375e-06
0,9.774870159559088e-07
0,1.1309034758061137e-06
0,8.503914908636003e-07
0,2.2647673260235435e-06
0,2.573119260819559e-06
0,9.55490483340825e-07
0,1.6809481431281083e-06
0,5.798723110339089e-05
0,5.401971502182557e-07
0,1.596646197677289e-06
0,3.4867152635357704e-06
0,1.076037410794365e-06
0,7.027336955833089e-07
0,6.12254580458015e-07
0,0.00022104406773630804
0,3.7067991499265753e-06
0,1.000504808179563e-06
0,3.434280057401162e-05
0,6.782982481537568e-07
0,2.931105297881997e-06
0,2.6658156656567126e-06
0,6.855680588832594e-06
0,1.1118983593573613e-06
0,6.941515917824174e-07
0,2.664090568438013e-06
0,3.5772784248254257e-06
0,1.5093566146336586e-06
0,3.625402506989732e-06
0,3.1588431631612858e-06
0,1.9688016007783716e-06
0,1.3751838232555205e-06
0,1.3534136859138874e-06
0,6.269748586346717e-07
0,9.154704538906136e-07
0,3.912324257246231e-06
0,1.4649288637679731e-05
0,1.082243477315323e-06
0,5.905131963019241e-07
0,3.82195012522889e-07
0,1.5619173288200295e-06
0,1.9180096492275514e-06
0,1.283688048129051e-06
0,1.4968217777084773e-05
0,2.7759330593844815e-06
0,1.6893082156707215e-06
0,1.3321152907415986e-06
0,8.611812514501602e-07
0,2.1769218085211287e-06
0,3.473179546049365e-06
0,8.064261111419002e-07
0,1.1164354987302727e-06
0,8.26546326216098e-07
0,3.826306277721179e-06
0,2.5744577555410913e-06
0,2.372666454703305e-06
0,4.778349890013998e-06
0,9.122689635937135e-07
0,9.112470616975073e-07
0,2.355117033179598e-06
0,9.888641558885433e-06
0,9.569193440670109e-07
0,7.593825173359121e-07
0,8.737786772749569e-07
0,9.931023294166635e-07
0,1.6563129559888741e-06
0,1.161414240505395e-06
0,2.0920552999087973e-06
0,8.240243471108064e-06
0,2.6633458546151184e-06
0,7.680490196147319e-07
0,1.2756101004282312e-06
0,1.4312099099313018e-05
0,4.526147119409815e-07
0,1.3169100715941503e-06
0,1.4367981140466087e-06
0,1.8838714390257698e-06
0,1.4787884622548972e-06
0,2.7379427423618e-06
0,2.1154311652310905e-06
0,1.858164475583338e-06
0,1.6644606644451443e-06
0,1.1687494297183248e-06
0,6.588113133481125e-06
0,1.8138683629954381e-06
0,1.3284547482645648e-06
0,4.802700528055042e-06
0,1.5863837642493588e-06
0,3.1707994910070365e-06
0,2.768528746420209e-06
0,7.6137205805811105e-06
0,9.450048592335277e-07
0,1.077072312796536e-06
0,1.6939440561427614e-06
0,1.7145838292524679e-06
0,3.5236212297689885e-06
0,5.72075879325118e-07
0,1.1043552670876751e-06
0,2.0206978582281416e-06
0,6.909262764720313e-06
0,1.5311560535770787e-06
0,1.2530330436750016e-06
0,2.3826699240437404e-05
0,8.650827579526735e-07
0,1.9435118272043483e-06
0,9.826311918055236e-07
0,1.1324015778497797e-06
0,0.005977427598334012
0,2.954907551118899e-06
0,1.4347528323563237e-06
0,1.2833608978884306e-06
0,6.784134428123462e-06
1,0.9344746182315388
0,1.0271090882274e-06
0,1.6132154037673267e-06
0,1.1021873019686093e-06
0,2.875815962763127e-06
0,2.680095145368886e-06
0,1.3124746312873121e-05
0,2.268302818811326e-06
0,1.0351908524897576e-05
0,9.932245034751847e-06
0,2.9970203175446453e-06
0,4.127864480623178e-06
0,3.1522962877526274e-06
0,4.992305463476786e-06
0,9.66885333981546e-07
0,1.7342636008500795e-06
0,1.0948938906229025e-06
0,3.663717946127821e-06
0,1.416406168475886e-06
0,7.455078602987486e-06
0,9.584436411007817e-06
0,3.727076708859423e-06
0,1.355600954563373e-06
0,8.131734397989574e-06
0,3.3181125451975972e-06
0,2.0125592247235066e-06
0,7.524176568494009e-07
0,5.742049937517654e-06
0,6.188751206804255e-07
0,2.9818124362652935e-06
0,1.1732153891838475e-06
0,6.805455757854818e-06
0,6.88897208409039e-07
0,6.751854381528524e-07
0,1.9381357972596443e-06
0,5.222345863728853e-06
0,4.1469118403723055e-06
0,1.9594829539749116e-06
0,3.880507979570314e-06
0,1.5568697481876938e-06
0,4.518123927351883e-06
0,3.244937104084906e-06
0,1.3187375200299559e-06
0,4.94465985388221e-06
0,9.004814718352814e-06
0,7.044117477104687e-07
0,1.022684078495517e-05
0,1.4028904114422098e-06
0,1.735754672327642e-06
0,4.912274670239935e-06
0,3.393140742834629e-06
0,9.606251434579917e-06
0,4.635666438373756e-06
0,3.6164352467220612e-06
0,2.2755486388290793e-06
0,1.3440453972966896e-06
0,2.3988527861418103e-06
0,3.0142514781898036e-06
0,8.153319397732693e-07
0,2.062959628794083e-06
0,3.260987829586947e-06
0,1.3508806456695699e-06
0,1.1513619232535158e-06
0,1.9363329754622825e-06
0,2.2508907630463157e-06
0,1.802183631815304e-06
0,9.535964514153367e-05
0,1.3744046363596553e-06
0,6.495305430668244e-06
0,8.057957016267363e-06
0,1.152087723217663e-05
0,3.4843267590464437e-06
0,2.3896731642767064e-06
0,1.1499390927053876e-05
0,1.0302465875623065e-05
0,6.017643651062842e-06
0,4.085047843891666e-06
0,1.4284591857060105e-05
0,4.310624345822536e-06
0,7.609697784309256e-07
0,3.1955949360110307e-06
0,1.010614239936461e-06
0,4.62567770810383e-06
0,3.346059935840117e-06
0,3.443862135950985e-06
0,3.723096349683311e-06
0,1.4823665604475472e-06
0,1.2910456074832234e-05
0,1.5294087513853009e-06
0,1.4776469755134863e-05
0,3.5622289065061886e-06
0,8.746539687022184e-06
0,9.805303623109947e-06
0,1.5314927704614574e-05
0,9.284202414420533e-07
0,2.1783496948596385e-06
0,9.137984864551443e-06
0,2.8077873654394024e-06
0,4.390077500758582e-06
0,3.423993483900095e-06
0,1.1338861292957403e-06
0,4.2461870734816425e-06
0,3.862935903023183e-06
0,7.275532297992731e-06
0,1.9263291513028605e-06
0,2.6021982623602055e-06
0,5.41139093290684e-06
0,2.117890685782525e-06
0,6.814495511556404e-07
0,7.056458425790935e-06
0,3.2891068231559733e-06
0,3.098432819848806e-06
0,4.079431793001862e-06
0,3.462162055189534e-06
0,9.285066808490698e-07
0,3.2631699493074743e-06
0,2.1408878911104657e-06
0,1.8512271474605696e-05
0,1.341957103890071e-05
0,5.591954522931031e-05
0,2.524437315144979e-06
0,4.640144020115589e-06
0,9.279962094297417e-06
0,2.0260907275565336e-06
0,8.628140557501999e-07
0,2.1027193007782517e-05
0,1.8382647328532188e-06
0,6.778177208268546e-06
0,1.7842599738565506e-06
0,1.3533889917283137e-06
0,1.939376876282906e-06
0,5.505761460810051e-07
0,2.1660803903922094e-06
0,2.795077023700204e-06
0,1.8034645965566072e-05
0,7.501934485663655e-06
0,6.7527094330440165e-06
0,5.447071631286112e-06
0,9.585636454727693e-06
0,1.368685957414107e-06
0,9.595460483940214e-07
0,2.605376566087407e-06
0,2.138440931241354e-06
0,6.841209381284081e-06
0,2.124260704157391e-06
0,9.937257165950997e-07
0,8.922081106682558e-06
0,6.5094466810780195e-06
0,2.9450252087772194e-06
0,2.235936945858884e-06
0,5.973960572072084e-06
0,2.1158329875035366e-06
0,1.046978733633089e-06
0,2.3090934674410998e-06
0,4.057168558599199e-06
0,2.0820558851364145e-05
0,1.1906380148103527e-06
0,4.444335025859485e-06
0,1.1216020179662895e-05
0,2.820720095163257e-06
0,9.014364684855887e-06
0,8.173224911111342e-07
0,2.7733389814503725e-06
0,4.104971966213e-06
0,5.193316165235552e-06
0,5.992531916174233e-06
0,1.0421019943979274e-06
0,3.868427892309772e-06
0,4.51729507022525e-06
0,2.0785584066301463e-06
0,4.025806144531127e-06
0,3.0370537267173706e-06
0,8.018829834482519e-06
0,6.187285721022114e-06
0,5.913869004903348e-06
0,4.810344667756574e-06
0,2.4847716790194646e-06
0,1.2729639009990134e-06
0,1.881968904784378e-05
0,1.6075109835456673e-06
0,1.592826103390416e-05
0,7.09540381989431e-06
0,1.0334022767143886e-05
0,5.003542032034556e-06
0,9.407546387133485e-07
0,1.5607315226121301e-06
0,1.1062404061124118e-06
0,6.693214095408591e-06
0,3.279627104090934e-06
0,1.4577769957908953e-06
0,2.5679493799115117e-06
0,1.1081319891674454e-05
0,2.4969898606825112e-06
0,9.311919065713895e-06
0,1.1732708112312611e-06
0,4.032504606625456e-06
0,4.647910948179704e-06
0,1.257227472895987e-06
0,1.2872983972433533e-05
0,9.404321185203495e-06
0,2.535709593680271e-06
0,1.685994938651197e-06
0,5.703131313250202e-06
0,5.1720625717193e-06
0,3.2521308274236167e-06
0,3.6643265484796087e-06
0,1.3878988182982796e-05
0,8.1836898815172e-06
0,4.136529420560441e-06
0,5.615039856778671e-06
0,3.109252951810136e-06
0,3.8677258480779355e-06
0,2.5719222313550607e-06
0,9.561666715545317e-07
0,2.4886692137433947e-06
0,2.0003743947495005e-06
0,3.823334766080169e-06
0,1.4674901390132167e-06
0,9.287124745267808e-07
0,2.7438930920362594e-06
0,1.242312763412792e-06
0,1.4327510955278961e-06
0,1.941476424962718e-05
0,1.4092516903510576e-06
0,1.400870383274709e-05
0,3.017190722010914e-06
0,3.2423584563216495e-06
0,3.178288116130102e-06
0,5.44172001185339e-06
0,4.856657126494887e-06
0,9.355993925659818e-06
0,1.0339773984815693e-06
0,5.712523434223175e-06
0,7.474464131084204e-05
0,1.986629454453099e-05
0,1.8232795755165634e-06
0,1.1528206170271238e-05
0,2.220511675517452e-06
0,1.7391742948624435e-05
0,4.3601396685675964e-05
0,2.6676601516714408e-06
0,7.5912659045182195e-06
0,4.798136960129066e-06
0,7.490828768962289e-07
0,4.642459780434243e-06
0,1.763536311848894e-06
0,4.652347636965042e-06
0,1.60948400107294e-05
0,5.844689799716508e-06
0,7.153073072870079e-06
0,3.06646778533039e-06
0,7.586766389679268e-06
0,2.946705078280133e-06
0,2.45564332683988e-06
0,1.856103707026661e-06
0,2.3223788369442134e-05
0,2.5139904725279228e-06
0,2.766294792068412e-06
0,6.915003622425679e-07
0,5.7506758771646856e-06
0,1.5460952751626752e-06
0,3.987591163359333e-06
0,3.0240719741900595e-06
0,1.5003340432250283e-06
0,6.2125653941198535e-06
0,5.694198436586202e-06
0,5.964391282842738e-06
0,5.166357844526986e-05
0,3.1781603546340845e-06
0,2.6051867763306033e-06
0,5.149944756808533e-06
0,1.8459496945609849e-06
0,7.4009782818958824e-06
0,4.797755248149135e-06
0,3.054511501607657e-06
0,1.7559952091717297e-06
0,6.218901695456883e-06
0,1.2618937857611825e-06
0,4.079785403509745e-06
0,4.577311343594924e-06
0,3.6003802675757948e-06
0,3.883515927979551e-06
0,2.0344439781384298e-06
0,5.713629407951535e-07
0,1.040377199107829e-05
0,1.3190585247437613e-06
0,2.4492549209369116e-06
0,1.8325203014009353e-06
0,1.2359793453368278e-06
0,1.3197339791050837e-06
0,1.5580136615767943e-06
0,3.215003234390177e-06
0,1.0672696885096263e-05
0,9.619183325768422e-06
0,1.6727796743897047e-06
0,3.860612900967943e-06
0,4.575311956094861e-06
0,6.336302511421063e-07
0,1.5852946915428331e-06
0,2.1014006469604192e-05
0,3.2818777967073125e-06
0,1.429178567751402e-06
0,3.207400999356175e-06
0,8.966635277663789e-07
0,1.413401696935312e-06
0,3.4100630762043375e-06
0,7.436490013191679e-07
0,1.6681789713502746e-06
0,1.010122558682925e-05
0,1.2874011221539861e-06
0,2.0902781014855678e-06
0,8.907006641199607e-07
0,6.075097793805746e-07
0,1.7237222222893382e-06
0,4.718495766087171e-06
0,2.3490590663106604e-06
0,1.2799729004644923e-05
0,1.0218032796101676e-06
0,3.357820527659672e-05
0,2.088600956175528e-06
0,1.7185842572961963e-06
0,5.014690207243533e-06
0,5.151416659611855e-06
0,1.1942858728010041e-05
0,4.269748489276731e-06
0,1.2068886605130855e-06
0,1.571099892591983e-06
0,3.946069231624434e-06
0,4.259317023002424e-06
0,3.51066896616243e-06
0,1.8772434235076168e-06
0,1.4214634606217957e-06
0,1.080380908992928e-06
0,3.0460218796820995e-06
0,2.0138919732875638e-06
0,1.2867127667852114e-06
0,2.2242926419645265e-06
0,0.00011711867078643042
0,3.363562303042076e-06
0,2.027992237911986e-06
0,3.1515834902644696e-06
0,4.002334573652176e-06
0,8.701314945266107e-06
0,1.0081190347279479e-06
0,2.1146745288422012e-06
0,1.3513437618364426e-06
0,4.645405666396458e-06
0,5.662165599259237e-06
0,2.0681162815630802e-06
0,2.243047548608767e-06
0,2.380465673589816e-06
0,6.030569282227545e-06
0,2.6497999014130713e-06
0,6.604003076596038e-06
0,1.1218592319525375e-06
0,2.427315374179303e-06
0,1.4570088367811885e-06
0,1.6496637243773934e-06
0,1.3585445341567347e-06
0,1.5042867362728233e-06
0,7.780873904230351e-06
0,2.8587069150466402e-05
0,7.331267434233251e-07
0,2.7260827006130405e-06
0,2.9947418891169195e-06
0,1.859514541804548e-05
0,5.219976368844932e-06
0,2.04466123168291e-06
0,5.389275982597943e-06
0,5.745504191769122e-07
0,8.481267517069754e-06
0,3.464075338196845e-06
0,7.419690280953106e-07
0,5.50146548339143e-07
0,2.872861521509441e-06
0,3.082508703881305e-06
0,3.828864618001963e-06
0,2.722457035092194e-06
0,1.1493109249342316e-06
0,2.796743825844114e-06
0,3.823369229753796e-06
0,8.074021776100794e-06
0,5.0294199047367135e-06
0,2.212984257403912e-06
0,9.747864035051652e-06
0,7.720754587387421e-06
0,1.1721921471791856e-06
0,7.532838374819216e-07
0,3.99028587136418e-06
0,6.594872892115122e-06
0,4.1630983362741286e-06
0,3.8649186778552384e-05
0,1.0215498256903842e-06
0,6.726773132921095e-06
0,9.491161946946975e-06
0,8.466046728791531e-06
0,1.7507219320477243e-05
0,1.6518929055731427e-06
0,3.8126606645432725e-06
0,5.555735308140235e-06
0,5.792430254223726e-07
0,2.1662953057712812e-06
0,2.0167432741968163e-06
0,1.9062651122255997e-06
0,1.1746310074378232e-06
0,1.8006029467027765e-06
0,6.307664612829379e-06
0,1.471875364843582e-06
0,1.3274208736488105e-06
0,1.454457277588087e-06
0,1.272490728800182e-06
0,5.061296676976019e-07
0,1.9229477378931476e-06
0,9.033546616877243e-07
0,1.2390692269682185e-06
0,3.612207002243094e-06
0,1.5868097189099307e-06
0,7.497403097513528e-07
0,1.1108418785058882e-06
0,1.7579985922417495e-06
0,8.23701129341405e-07
0,9.074840121273503e-07
0,1.3696766910909633e-06
0,8.504984781768095e-07
0,1.0570684238774661e-06
0,2.2301197171739123e-06
0,6.624596945004664e-07
0,0.0001417957305215144
0,2.672538758009684e-06
0,9.295134324372187e-07
0,2.4190339466727383e-06
0,6.93763226388999e-07
0,4.450014501540349e-07
0,5.359603413440017e-06
0,1.3943354443515851e-06
0,2.021049583065986e-06
0,1.946163148316509e-06
0,6.615907595238713e-06
0,2.2598808131714423e-06
0,1.7581571041241062e-06
0,7.677816847857374e-07
0,1.0775005418122862e-06
0,1.7241380230875405e-06
0,9.179758250494289e-07
0,7.511141619219826e-07
0,1.0302990018736514e-06
0,3.2625253415240517e-06
0,3.491934104457794e-07
0,9.530064530515626e-07
0,2.535379194742989e-06
0,1.6243809069958194e-06
0,8.294370306445277e-07
0,3.3391058304376832e-06
0,7.640990890376068e-07
0,1.7962643811652237e-06
0,1.0832230025795421e-06
0,5.365649317614952e-06
0,1.4723138469539835e-06
0,1.4557024539182256e-06
0,5.796031647090667e-07
0,8.43947499900489e-06
0,6.195868934927256e-07
0,1.1551735337720673e-06
0,6.461752136602425e-07
0,3.824359483217894e-07
0,2.3336903845225554e-06
0,5.754956178185081e-07
0,5.926513687064964e-07
0,1.2668356815952023e-06
0,7.86076537990733e-07
0,1.876407508025219e-06
0,4.867446180265446e-07
0,8.285092674045922e-07
0,6.032088903397948e-07
0,2.626434729449423e-06
0,1.2248401533994619e-05
0,3.935104436903821e-06
0,2.2246413781498497e-06
0,4.929976341680883e-07
0,2.1407539755674205e-06
0,9.739449498714442e-07
0,2.182933348631229e-06
0,4.559250368851419e-06
0,9.197872325101271e-07
0,4.993636245211823e-07
0,3.0107097307838313e-06
0,1.0158092986563941e-06
0,7.325392752258187e-07
0,8.51958550916984e-07
0,1.4418046374535022e-06
0,1.5626562275217632e-06
0,1.1484766878269889e-06
0,9.112912687430327e-07
0,2.130817890849023e-06
0,8.308099820252771e-07
0,4.680222647356456e-07
0,5.087448728785633e-07
0,1.3175398620060324e-06
0,5.930533476046828e-06
0,4.125231015635999e-06
0,6.0060997630933295e-06
0,1.7037639269483253e-06
0,2.647495881112696e-07
0,3.2024080597750617e-07
0,1.1023415809636784e-06
0,2.4653946228528698e-06
0,1.923666772776245e-06
0,8.307091365986577e-07
0,9.469321018238241e-07
0,2.182063718941059e-06
0,6.395244514515486e-07
0,1.0652363959016742e-06
0,5.740761263328847e-07
0,1.4199101191234484e-06
0,8.716231875498548e-07
0,2.76140653664945e-06
0,1.5556165735245758e-06
0,4.0643136520504544e-07
0,3.8154804157326646e-07
0,1.3609196077653572e-06
0,7.314626181399615e-07
0,1.1422888206629332e-06
0,1.3152707407810909e-06
0,1.4407029860767768e-06
0,1.9645811099622283e-06
0,4.55548987384437e-06
0,5.414811481552527e-06
0,1.1313163338402958e-06
0,8.637091982666433e-07
0,3.7774180499431565e-06
0,2.9976066802273735e-07
0,4.0780401084331345e-06
0,2.103236088328702e-06
0,6.773763404064621e-07
0,6.733465086786908e-07
0,1.2097478875804486e-06
0,1.4084900007282384e-06
0,3.384068945132706e-07
0,2.109442443028118e-06
0,6.417984308625857e-06
0,1.0743463554421357e-06
0,1.0618001257773597e-06
0,7.868282743512638e-07
0,1.6114251600337972e-06
0,1.9326892566744997e-06
0,1.14955449091989e-06
0,1.99296255986913e-06
0,3.5873225861888273e-06
0,7.942813620033998e-07
0,1.9402342979828922e-06
0,1.971163755148313e-06
0,1.164879041758045e-06
0,4.839215232725678e-06
0,1.681120771583818e-06
0,1.7574764157371118e-06
0,1.01657113840433e-06
0,2.8153121375045333e-06
0,5.4459675643218e-06
0,2.246423913160146e-06
0,8.465498512257811e-07
0,7.066768008885181e-07
0,3.7773629017496403e-06
0,4.793873965307144e-06
0,3.3663028687977463e-06
0,2.3432975232304926e-06
0,5.2574366010668215e-06
0,8.599026670501605e-07
0,1.6787655656623453e-06
0,2.6208213937465104e-06
0,5.000989177814586e-07
0,7.250493328078853e-07
0,8.60413722173225e-07
0,1.8081533986480277e-06
0,7.149166012385258e-06
0,8.156514513307589e-07
0,9.444184049978003e-07
0,2.147295674820817e-06
0,8.967807020339697e-07
0,3.15613477462473e-06
0,4.850943834884087e-07
0,1.4191999540172335e-06
0,1.00718663505542e-06
0,2.638747615940167e-06
0,5.504828797690356e-06
0,1.438049486156433e-06
0,1.1417987806351015e-06
0,5.700794724095553e-06
0,6.318522913219634e-06
0,2.9031881301915187e-06
0,3.7740166725097136e-06
0,1.7295300233488224e-06
0,1.4983021077758176e-06
0,1.6386361259900366e-06
0,7.554771195213586e-07
0,2.0184492485241867e-06
0,1.9847477429526787e-06
0,4.08142796381012e-06
0,1.3999413015916923e-06
0,2.392548887092603e-06
0,1.0322519537852207e-06
0,1.1001044011592466e-05
0,9.07531262552894e-07
0,1.7201297642228955e-06
0,1.4985038128202294e-06
0,1.5983204884681145e-06
0,3.0177095568112025e-06
0,5.124125087565423e-06
0,2.528616432643535e-06
0,1.8540867178756736e-05
0,4.410848624669647e-06
0,2.9689862821689537e-06
0,2.69447379112212e-06
0,6.503946322367219e-06
0,6.2848962799464826e-06
0,1.394043954397393e-06
0,1.6277181871080745e-06
0,1.5200152303188552e-06
0,4.261351232487839e-06
0,4.302049855821675e-06
0,2.911571605659077e-06
0,4.6103199595289964e-06
0,1.6845540224313514e-05
0,1.3408534938395176e-06
0,3.480155947518909e-06
0,3.1720842773337514e-06
0,2.94724865958464e-06
0,3.908784988518629e-06
0,3.751297050374219e-06
0,2.5713235302295026e-06
0,6.6287341270412916e-06
0,1.1365304746641175e-06
0,2.5768806856481877e-06
0,7.344027889893163e-06
0,5.14938993428195e-06
0,2.2157739592236126e-06
0,1.767426476622805e-06
0,1.4155334696026172e-06
0,1.6120998350013605e-06
0,4.291386320864671e-06
0,2.737774246484575e-06
0,2.210347559334596e-06
0,1.9171889607646757e-06
0,2.410014972192515e-06
0,1.447424639662558e-06
0,5.688552102374147e-06
0,3.0576255464066075e-06
0,3.287670427750928e-06
0,2.489344041105784e-06
0,2.7172059653454623e-06
0,2.3444827552485288e-06
0,1.195658313909901e-05
0,1.1300263164233112e-05
0,5.8630989083461e-06
0,1.9554188004337693e-06
0,9.177391464621405e-06
0,3.705034181069559e-06
0,1.8454286500485624e-06
0,1.1131684167987065e-06
0,2.498028092672547e-06
0,4.003216699418832e-06
0,5.76699084500778e-06
0,5.086239097669796e-06
0,1.4475811870190195e-06
0,2.3635980122305117e-06
0,5.329233457051865e-06
0,2.416161004213732e-06
0,1.870297074696868e-06
0,4.765665371438799e-06
0,3.4092232496552667e-06
0,3.905779640230064e-06
0,6.8599403506221756e-06
0,3.22866371747538e-06
0,1.3450243037494863e-05
0,3.3222793962196765e-06
0,6.518182263607342e-06
0,2.214936769134518e-06
0,1.2942047380078787e-06
0,5.322801574114689e-06
0,0.0010569076150363668
0,1.7790996721655226e-06
0,3.975051992531194e-06
0,3.6592364090607266e-06
0,8.1252421750916e-06
0,3.4942553380282864e-06
0,2.2909389657477354e-06
0,6.281995008010439e-06
0,1.3550270267978713e-06
0,1.0267204761569133e-06
0,1.1336354709919626e-05
0,3.7585314879686377e-06
0,1.2222221266805326e-05
0,2.2367807972164208e-06
0,4.798981097007758e-06
0,4.872327564283496e-06
0,1.1521925022268897e-06
0,2.480924645346559e-06
0,1.00397641097982e-06
0,1.6224086985455994e-05
0,7.771761963105226e-07
0,1.5033587531296025e-05
0,5.766329209169335e-06
0,3.2135222127093138e-06
0,4.066227874062417e-06
0,7.340755761516499e-06
0,3.7988373175959937e-06
0,2.3671556855968847e-06
0,1.906929319044548e-06
0,1.2087564666638625e-05
0,3.490033569348919e-06
0,1.6098290463881778e-06
0,8.099783286650178e-06
0,2.0816605415418332e-06
0,5.676075413524181e-06
0,1.6972437379180723e-06
0,1.0371359807897569e-06
0,1.259788586991499e-06
0,3.6789578075642406e-06
0,1.6205558052551372e-05
0,1.0894527763058742e-05
0,4.314812638369815e-06
0,1.1919897009799895e-06
0,1.94752765865789e-06
0,2.499758460827585e-06
0,1.4034795688443199e-06
0,1.2281731988119236e-06
0,8.536593031152122e-06
0,2.4627819125391746e-06
0,1.3868062025278718e-06
0,0.019759916198242872
0,5.166695335312429e-06
0,5.790251916366567e-06
0,1.734783729958837e-06
0,1.932256134031065e-06
0,2.563819827368835e-06
0,2.850022148341804e-06
0,9.270775281386718e-06
0,3.3548851255400055e-06
0,2.2346310714230467e-06
0,2.3341765516280036e-06
0,7.00439613797221e-07
0,4.4983667599176046e-06
0,1.2436285167045393e-06
0,2.8688303801077977e-06
0,2.836749139022258e-06
0,5.0843348510268485e-06
0,3.623226300306249e-06
0,1.3154138437831267e-06
0,2.8855115127028844e-06
0,1.7615858259327475e-06
0,5.036078770474997e-06
0,3.812861149380252e-06
0,1.1588842362914693e-05
0,5.373801273432696e-06
0,5.440280095923359e-06
0,5.195322456254446e-05
0,2.9128177180472814e-06
0,3.6121725400575155e-06
0,2.579445628538449e-06
0,1.1452605473511406e-05
0,4.043930427130361e-06
0,2.377120498040655e-06
0,1.2690835012505589e-05
0,1.964918064839593e-06
0,1.7686381679849053e-06
0,1.1540311510846553e-05
0,1.7364692127142287e-06
0,2.6822395209649307e-06
0,1.1358164033628606e-05
0,2.245844227486903e-05
0,1.5446476289447106e-05
0,4.83823049143062e-06
0,8.546635718131768e-06
0,6.245798228816704e-06
0,7.1487915783419055e-06
0,3.250481264616842e-06
0,2.9832475935549343e-06
0,3.241755469261866e-06
0,1.117670794168032e-06
0,1.2666444821248798e-06
0,5.181271939632662e-06
0,1.3859034021945764e-06
0,2.512260696595596e-06
0,1.780047220243845e-06
0,8.395568830748265e-06
0,9.082320532447491e-07
0,1.8580943355212943e-06
0,2.6193648908120045e-06
0,5.785417826874391e-06
0,1.7081422566676267e-06
0,2.265051922710421e-06
0,4.1411848558239336e-06
0,9.272672705709796e-06
0,3.092305906929067e-06
0,4.124391061632988e-06
0,2.6511032969824507e-06
0,3.0308158688093237e-06
0,1.5340121028034572e-06
0,3.4291228298689076e-06
0,9.867731291266696e-07
0,1.5436116459641424e-06
0,2.5214976060566414e-06
0,1.3785697788232877e-06
0,1.4531961505877787e-06
0,1.688588490964173e-06
0,1.2270979494318845e-06
0,3.1136598898111734e-06
0,8.318302393992215e-06
0,7.888111061743955e-06
0,3.4234292828373414e-06
0,1.8907482979581757e-06
0,2.4410086902931687e-06
0,4.78072804356214e-06
0,2.175053681308923e-06
0,3.252506290458755e-06
0,1.5258796110127084e-06
0,1.6367368943751483e-06
0,3.548961935010837e-06
0,6.73467229215824e-07
0,3.30208502054366e-06
0,3.729522036829824e-06
0,1.3677318413192154e-06
0,9.580537414797766e-07
0,5.180665751578131e-05
0,1.930394093344416e-06
0,4.008000863036586e-06
0,1.2759358765194701e-06
0,9.689759442993486e-07
0,1.412227399577909e-06
0,9.358689748184234e-07
0,1.4099527310665088e-06
0,3.6465667027844356e-06
0,8.297090296302541e-07
0,1.6576249577602182e-06
0,5.638345426426669e-07
0,2.030675365638532e-06
0,7.387213790213099e-07
0,3.0470860047187727e-06
0,4.3563063743385914e-07
0,1.4748901847717167e-06
0,1.7687799041084152e-06
0,8.456501975781413e-07
0,5.332448398044398e-06
0,1.0557248184138111e-05
0,1.2331346409707855e-06
0,9.518090650872445e-06
0,4.653624407181559e-06
0,8.47183603711107e-06
0,1.2849568401754033e-06
0,5.015176224675014e-07
0,1.3181079338687642e-06
0,2.2884715476958427e-06
0,2.2052712142046773e-06
0,4.2336930199213245e-06
0,1.5331689907404145e-06
0,3.6421710161936177e-06
0,1.9602412588826865e-06
0,8.546138179591305e-07
0,2.3664464133977858e-06
0,6.722009960766864e-07
0,5.405469215623242e-07
0,2.0658055111243635e-06
0,1.9925205045901023e-06
0,2.990453323031726e-06
0,6.031457549375155e-06
0,5.48284116159322e-07
0,2.6839451911002167e-06
0,1.3183236449645922e-06
0,6.110935344137886e-07
0,9.044172114310044e-07
0,4.668052725150743e-06
0,1.3906394082973461e-06
0,4.900590660272242e-07
0,1.682679191749124e-06
0,1.3190707021701476e-06
0,2.9315299933824443e-06
0,2.2351803366461557e-06
0,8.915098614473792e-06
0,4.3489154178313735e-05
0,1.670535280701302e-06
0,1.7662916400832687e-06
0,1.0201473021569733e-06
0,8.259650256832282e-06
0,5.316401990853233e-06
0,9.761068858820276e-07
0,5.818288792841433e-07
0,3.0387078453579114e-06
0,1.1265014054297837e-06
0,2.9777558563415144e-06
0,1.1962899717944082e-05
0,1.74802166891045e-06
0,3.131399921486843e-06
0,6.801418669529514e-06
0,1.3115488621293e-06
0,2.0564521144676578e-06
0,2.1370784867377415e-06
0,1.4768972072178549e-06
0,2.1713301873823488e-06
0,1.0280898864731557e-06
0,1.2592038064010396e-06
0,1.9188971583054583e-06
0,1.0171280722174577e-06
0,1.1177181320914171e-06
0,8.772822220354688e-07
0,2.389302381556917e-06
0,2.2389609805894697e-06
0,3.7586828254869588e-06
0,1.2008450057517543e-06
0,1.1658448551401949e-06
0,1.8158996146321664e-06
0,8.526680381761488e-07
0,2.863760554130984e-06
0,2.446087077372448e-06
0,1.1330502769230536e-05
0,7.770391100420825e-07
0,2.255757183515105e-06
0,4.150675682200356e-07
0,3.925352226403908e-05
0,2.355742062483937e-06
0,2.4788011471318474e-06
0,4.631101381449305e-07
0,1.3440437102730814e-06
0,1.8778453740009649e-06
0,2.4334546891147348e-06
0,4.427976606277663e-05
0,3.293307062102627e-06
0,1.5346472152443762e-06
0,4.678386915847121e-06
0,5.435099088681403e-06
0,7.951940768059338e-07
0,3.547026240400158e-06
0,2.5533749857711123e-06
0,1.5242940239166063e-06
0,3.983163682917936e-07
0,4.452149713557588e-06
0,3.5456480048566807e-06
0,1.5058119119160282e-06
0,1.995964939469528e-06
0,1.2863244467719338e-06
0,1.2842600994225288e-06
0,5.429058913603787e-07
0,1.3697005377829442e-06
0,2.1066760959061083e-06
0,1.1292410435633898e-06
0,1.8070028224140971e-06
0,1.3520588879382848e-06
0,1.1050148975495428e-06
0,7.434138196628705e-07
0,1.6713578068947722e-06
0,2.283017538410944e-06
0,1.4077931265927428e-06
0,1.9908916849853934e-06
0,2.3166783454122944e-06
0,2.0367234567550078e-06
0,1.5978481216603303e-06
0,2.329217908124227e-06
0,3.1627614311203473e-06
0,1.3322409033065626e-06
0,1.186828993897527e-06
0,1.318371860459967e-06
0,7.016968865767325e-07
0,7.178695214572323e-07
0,2.01231890826488e-06
0,1.3015095524177063e-06
0,5.694624156115312e-07
0,8.317645686739805e-07
0,1.808954998593034e-06
0,9.315257059838925e-07
0,2.5382931682249835e-06
0,6.061063770763111e-07
0,0.23532349828963903
0,3.947124590253103e-06
0,1.5107343152234412e-06
0,3.2205867825071697e-06
0,1.463536966302666e-06
0,3.1380127523201267e-06
0,2.553397615107432e-06
0,1.1747860025423157e-05
0,8.305898721624072e-07
0,2.5211987103610413e-06
0,6.655669349174432e-06
0,8.068212200762572e-07
0,8.158237783152811e-07
0,1.4100449176040813e-06
0,1.1951321020028768e-05
0,1.0185516732150526e-05
0,1.8034907687668991e-06
0,8.527763763182584e-07
0,1.098399694311816e-05
0,1.2338722190287992e-05
0,1.1679601843726046e-06
0,1.9735404015134224e-06
0,5.505911643621406e-06
0,9.511665140609034e-07
0,1.2332574785037225e-06
0,2.7551434158284627e-06
0,1.1293958058028177e-06
0,2.6591592265292135e-06
0,2.0443392549316333e-06
0,7.548610451998257e-07
0,4.086265489878437e-06
0,3.2740451057116114e-06
0,1.6795523582496119e-06
0,2.313299506729354e-06
0,2.357214669100565e-06
0,4.16563338697514e-06
0,1.4522784064598596e-06
0,2.0328278946009042e-06
0,1.308678867722903e-06
0,9.181009850960572e-07
0,1.2602629413508393e-06
0,2.360762310211798e-06
0,4.429716558849417e-06
0,6.210175527511522e-06
0,1.78311181702378e-06
0,7.048941037151819e-07
0,6.093170792180476e-07
0,1.4715502950440307e-06
0,1.994847766044264e-06
0,1.4057288926149562e-06
0,3.6867651452613026e-06
0,5.326927778459786e-06
0,7.560983749226507e-07
0,4.2489878551882785e-06
0,1.188858323432189e-06
0,2.2223615388814853e-06
0,3.5939713074874505e-06
0,9.924298801241714e-07
0,8.36645484745174e-07
0,5.717293188915787e-06
0,8.481451995123186e-06
0,3.1953791226549308e-06
0,2.793752286904558e-06
0,4.592374613526415e-06
0,2.1462183948802272e-06
0,2.6408820165365466e-06
0,1.266754776953755e-05
0,2.8908833160824076e-06
0,1.196408225079562e-06
0,2.737403440605632e-06
0,1.1912369357681727e-05
0,6.773105009076702e-06
0,9.194905179529526e-07
0,1.0489496353533874e-06
0,2.8548984242305926e-06
0,8.514780584865412e-06
0,3.2157435505682005e-06
0,3.5289803434652294e-06
0,1.196428294413328e-06
0,2.415227133831925e-06
0,4.8065268694770325e-06
0,2.790888566428311e-06
0,1.9459505948606225e-06
0,3.290808214688015e-06
0,3.072824326871856e-06
0,1.4646647502982496e-06
0,2.371188906636481e-06
0,4.429807799559941e-06
0,1.5501350811630537e-06
0,2.8097100863882307e-06
0,9.887745015495417e-07
0,2.6541778437729143e-06
0,1.1167724178439701e-06
0,3.6420545595690586e-06
0,3.405850664084806e-06
0,2.3822474867048122e-06
0,2.2929228139761235e-06
0,1.1447921751589534e-05
0,4.7205716029748336e-06
0,1.326407313662146e-06
0,1.2529987053336208e-05
0,5.439922501482397e-06
0,4.809417389431146e-06
0,1.4191231679485725e-06
0,1.046060221574708e-06
0,6.38566827965438e-06
0,6.615215072374244e-06
0,4.292978685769137e-06
0,3.6552274343236436e-06
0,3.189824581480962e-06
0,3.1423825149455938e-06
0,1.3647699260115086e-06
0,1.8116233590601411e-06
0,0.0005318637946155587
0,3.4943926531925067e-06
0,1.038964181099454e-06
0,2.0595584603007554e-06
0,2.9731663557331055e-06
0,6.468315298697402e-06
0,7.119299015877176e-07
0,1.7778846329160345e-06
0,8.525245888487549e-06
0,1.9745102070637796e-06
0,1.895684141316429e-05
0,1.1385568614449459e-05
0,6.178059749188139e-06
0,1.3114803488433165e-06
0,4.6875405534835555e-06
0,2.2708521896822933e-06
0,3.58184972535979e-06
0,6.816808083204862e-07
0,1.2314171922030734e-05
0,5.088769416528593e-06
0,2.4470970713573394e-06
0,1.370036582361283e-06
0,8.036918137028616e-06
0,6.712056579874174e-06
0,3.179767647134536e-06
0,7.339005092119738e-07
0,4.9203585477325455e-06
0,3.4345001453616156e-06
0,4.334379010234625e-06
0,4.551641703493204e-06
0,1.1821818650537763e-06
0,2.0746581635978157e-06
0,3.196171641688074e-06
0,5.408102087372129e-06
0,1.4648906185561707e-06
0,6.39818172444148e-06
0,1.4881123792542519e-06
0,1.6646994741905129e-06
0,7.582390864457647e-06
0,6.804360704100728e-06
0,4.912797306234067e-06
0,5.440784872028509e-06
0,4.7143979656038145e-06
0,9.69974526261711e-06
0,3.1588007978692692e-06
0,4.612091035676604e-06
0,5.984408578928033e-06
0,4.226998842268266e-06
0,6.282468342652088e-06
0,1.8750433544900265e-06
0,6.366177930911321e-07
0,1.1261479716711234e-06
0,1.6422238990791444e-05
0,1.3431348542015988e-06
0,4.6056474990406195e-06
0,1.010454038463674e-06
0,1.932627074393165e-06
0,3.486833071753835e-06
0,0.00020214985422068122
0,1.6543037430457263e-06
0,1.7514159689824835e-05
0,1.5241617662688541e-06
0,1.6998758702170481e-06
0,3.2760561616012972e-06
0,1.7766828757694018e-06
0,1.0765849386552095e-05
0,4.573350607469366e-06
0,1.4660964717727001e-06
0,4.519744417305862e-06
0,4.781207168348625e-06
0,4.20310888698427e-06
0,1.9212597103456855e-06
0,9.780804248735384e-06
0,2.175739909183197e-06
0,5.461574164746234e-06
0,6.293512890656167e-06
0,3.0750270570502947e-06
0,1.6303786386040443e-06
0,1.8367582641126825e-05
0,3.6482728002378476e-06
0,2.415371163750768e-06
0,4.42225423077009e-06
0,1.039706220796415e-06
0,1.6731082183762153e-06
0,4.60057672036488e-06
0,5.116194363713898e-06
0,8.314168953356055e-06
0,8.453316819245338e-06
0,1.7353725954019613e-06
0,2.44740032318902e-06
0,2.451829262131065e-06
0,3.002951026468283e-06
0,1.197642159321109e-06
0,1.4925509713415453e-06
0,4.5752207296189405e-06
0,6.230904158678693e-05
0,1.5393820268855945e-05
0,1.788293903049049e-06
0,4.4512509856384185e-06
0,2.1650537363098786e-05
0,4.015850192799141e-06
0,1.5775137560814954e-06
0,1.8441814546307966e-06
0,1.0244783485931197e-05
0,6.351490741311875e-06
0,3.9146450888304885e-06
0,4.078538840524664e-06
0,3.437449789150276e-06
0,8.926251303218016e-06
0,3.893069646186958e-06
0,5.808764744969966e-06
0,1.7941066384573991e-06
0,1.0790401992864386e-05
0,2.537765380718706e-06
0,2.4272293791427833e-06
0,1.7212716066948663e-06
0,2.0150532677816504e-06
0,9.088940034429226e-06
0,2.6832632680482605e-06
0,3.566513269129719e-06
0,2.294138960221224e-05
0,2.565252983263924e-06
0,2.0547443204602754e-06
0,6.676375242998372e-07
0,2.297635510116104e-06
0,3.018906867578394e-06
0,2.378199314829198e-06
0,7.942901480329656e-06
0,2.0135558570715564e-06
0,6.423310290046066e-06
0,8.071232542965704e-06
0,1.395068672974084e-06
0,4.909046602966586e-06
0,3.0288167277160197e-06
0,1.0154210599364334e-06
0,1.967113466660144e-06
0,6.097324420711797e-06
0,5.429243754734039e-06
0,9.83502559761544e-06
0,6.021604475978343e-06
0,2.1059101083918004e-06
0,6.117127625893861e-06
0,6.92730008538291e-07
0,3.7301929923101334e-06
0,2.8772664154772863e-06
0,2.108006169990577e-06
0,3.9146856630426e-06
0,2.571185333244125e-05
0,2.6631788735959843e-06
0,1.3997691291931928e-06
0,5.788014070128148e-06
0,1.189586771085745e-06
0,1.243821972345463e-05
0,2.6570793107504365e-06
0,2.1829334011200477e-06
0,2.3338448379169245e-05
0,1.1452326427950757e-05
0,4.546869160563733e-06
0,4.196674789474308e-06
0,1.2644534185730666e-06
0,7.245218118271438e-06
0,1.1967443715854277e-05
0,5.814453535439285e-06
0,5.4081851394312e-06
0,1.290991903156331e-05
0,2.4917893875881265e-06
0,5.752678079630813e-06
0,5.109993933138062e-06
0,9.314797164065603e-07
0,3.6426267877598524e-06
0,1.490708319331421e-06
0,3.221708681119693e-06
0,4.936471449966801e-06
0,1.311564992269537e-06
0,1.1141763694491381e-05
0,6.336957080423007e-06
0,1.5996091325431972e-05
0,1.4201545985325584e-06
0,1.375556663192801e-06
0,1.8314134357355603e-06
0,2.51550818544016e-06
0,0.2703770387800987
0,1.9067518338921965e-06
0,5.451122168734006e-06
0,2.0830035695085894e-06
0,5.887494448134534e-06
0,7.1914558473170446e-06
0,2.1849304410520106e-06
0,3.965978192511563e-06
0,7.513147007525877e-06
0,1.7981805620339927e-06
0,1.3962689221705818e-06
0,4.5624798276674905e-06
0,1.4815028809694953e-06
0,9.136176337591768e-06
0,4.1454504240439975e-06
0,2.2159226519558326e-06
0,1.0738610425622358e-06
0,1.8616948454246605e-06
0,2.533247178229932e-06
0,2.494499185846661e-06
0,8.317738528059417e-07
0,8.799868969546632e-06
0,2.019021184859499e-06
0,2.013401083781465e-06
0,1.3686851628456005e-06
0,7.583720858421441e-07
0,1.963747463069053e-06
0,6.980055319406521e-06
0,4.311949486600288e-06
0,6.21135557986064e-06
0,2.5804681144587597e-06
0,1.595531035531896e-06
0,6.828927057889939e-06
0,2.693263176668515e-06
0,3.6163445294146485e-06
0,2.6743230310077755e-06
0,4.099449542802134e-06
0,9.742284396399508e-06
0,2.2773001467654337e-05
0,1.7382300188201144e-06
0,2.8710779464085237e-06
0,2.841342560631259e-06
0,1.143928199896355e-06
0,1.8431775404378343e-06
0,6.923529089931493e-06
0,2.2264074449925895e-06
0,1.7398790640913558e-06
0,2.85242657819637e-06
0,2.109850028272051e-06
0,9.020037909965038e-06
0,4.264576776725772e-06
0,5.815838612831887e-06
0,8.985396553047341e-07
0,2.9053419998285083e-06
0,2.1810578257418534e-06
0,1.625435088241147e-06
0,2.983476150645771e-06
0,2.7225716081225016e-06
0,1.3510905574252512e-06
0,2.3469544112581164e-06
0,2.3788848004049844e-06
0,6.505898269195522e-07
0,2.6568579252610654e-06
0,2.8196116171553123e-05
0,1.0312907731944932e-06
0,8.557090031876671e-07
0,8.705880813040242e-07
0,2.422443981102782e-06
0,2.578616830693007e-06
0,1.5866593081983136e-05
0,1.1385217195707699e-06
0,0.021317547048064402
0,2.1647303653492903e-06
0,3.295636331512261e-06
0,1.1371175613923351e-05
0,9.03405881463647e-06
0,1.8597481885644639e-06
0,3.712573351160695e-06
0,8.345139906229853e-07
0,1.2126692407714917e-06
0,1.847065422007696e-05
0,2.987845376467319e-06
1,0.9984686428270663
0,5.016199088854634e-06
0,5.601076216662323e-06
0,1.268914353949427e-06
0,1.5448291689547723e-06
0,6.535189546258029e-06
0,2.6559559691682304e-06
0,6.645989543985412e-06
0,3.018987859693174e-06
0,6.559173333394224e-06
0,1.6118372612252501e-06
0,5.47115986796657e-07
0,1.124861414984071e-06
0,1.2533453476681461e-05
0,5.914625835118854e-07
0,2.042987045977791e-06
0,8.270314925932325e-07
0,2.86889806430325e-06
0,1.5772748606452394e-06
0,2.5127274585073575e-06
0,8.583380198592348e-07
0,1.1407091101910434e-05
0,1.064977037622767e-06
0,8.481187958736588e-07
0,5.40794668571919e-06
0,2.8611759492220807e-05
0,1.5429717281861442e-06
0,2.4859635899203677e-06
0,4.7587199699361355e-06
0,2.8017291616847825e-06
0,1.8058298968023862e-06
0,4.7827724996953264e-06
0,1.7872685866987363e-06
0,6.645242375837494e-06
0,1.9595867197409027e-06
0,1.0333675550546771e-06
0,1.359487161421672e-06
0,1.3907016916280357e-06
0,1.489231813347028e-06
0,1.1487701497834393e-06
0,1.5688295513680748e-06
0,8.232242211549167e-07
0,1.5492877582087275e-06
0,2.1846566374864304e-06
0,9.116002070176669e-06
0,5.080645723956589e-06
0,2.439098720094016e-06
0,1.8690510171116736e-06
0,8.11655404381031e-06
0,1.1248595355642377e-05
0,2.1874663003648937e-06
0,9.77412435895054e-07
0,1.1817709860547654e-05
0,7.031551103095377e-06
0,2.076466346678702e-06
0,1.4732922232683206e-05
0,4.862185778677659e-06
0,3.2375017649864876e-06
0,5.063750761476169e-06
0,3.120977621427856e-06
0,1.1085207114246313e-06
0,1.2821328326897452e-05
0,1.997021832999302e-06
0,2.048542319023035e-06
0,1.5046797583216288e-06
0,2.659771872974223e-06
0,5.062861211724742e-05
0,4.288489528190267e-06
0,1.666747888153228e-06
0,2.2836601302537324e-06
0,1.6153888268194452e-06
0,4.90078328544083e-07
0,1.3408087676894358e-06
0,2.229260822253089e-06
0,8.608394148095554e-07
0,1.762426437343552e-06
0,1.1767376346539925e-06
0,2.1275525785664494e-06
0,9.360246846739247e-07
0,7.084397830542596e-07
0,2.171323149927827e-06
0,7.668954851745624e-07
0,2.2363528802225156e-06
0,6.783471552895068e-07
0,3.4502119965325147e-06
0,5.934723774819328e-07
0,1.0539771765493525e-06
0,1.8640602569796642e-06
0,1.414509917604804e-06
0,8.21232638604094e-06
0,1.9023604370802205e-06
0,1.256658085665221e-06
0,4.290367092943712e-06
0,4.45021749453719e-06
0,6.225046394792903e-06
0,2.2832795290445747e-06
0,5.442484615133216e-06
0,8.571506666187599e-07
0,3.0846169509741573e-06
0,6.350159318040375e-07
0,2.461845253366679e-06
0,9.55264908118437e-07
0,8.614966238389481e-07
0,5.879327185466702e-06
0,1.4307039763708972e-06
0,4.2244700645128935e-06
0,1.976017963077697e-06
0,1.037908849695936e-06
0,2.5103043724117555e-06
0,1.0009437923340762e-06
0,5.92888315904469e-06
0,2.47311974195346e-06
0,7.544433035355408e-07
0,1.8552330878371514e-06
0,1.997234040576051e-06
0,1.8361778896354007e-06
0,2.9895490704008836e-06
0,2.4661004568794412e-06
0,7.13750028759252e-06
0,4.696492145237856e-06
0,3.6688187402168427e-06
0,1.4735236687130343e-06
0,7.212250634572393e-07
0,2.6506847818333077e-06
0,8.400625377871099e-07
0,1.4417203603500013e-06
0,5.406582768781388e-07
0,1.7235489008725164e-06
0,9.687642924573758e-07
0,1.3454825685615036e-06
0,1.900597443564603e-06
0,1.3706497472303102e-05
0,9.773411687304837e-07
0,1.5604379954853782e-06
0,1.5414693740780137e-06
0,2.7252460715141415e-06
0,2.1154833833333446e-05
0,8.843248276688913e-07
0,2.511749919501872e-06
0,2.505706049888995e-06
0,2.564998591748311e-06
0,1.5355419481029874e-06
0,8.19741095479551e-07
0,2.0868179323917014e-06
0,8.850027143784359e-07
0,2.6892172665090035e-06
0,2.8766605448850266e-06
0,9.083317169755203e-07
0,4.903612400242995e-06
0,1.9366484800966396e-06
0,1.4496423026949317e-06
0,1.6141201004576534e-06
0,8.859778725436739e-07
0,2.2235541077709167e-06
0,6.7855105344139255e-06
0,9.331174870815422e-07
0,1.805813981584965e-06
0,1.7481769775773117e-05
0,4.290390763961365e-06
0,1.5509861409568372e-06
0,3.65310400926485e-06
0,1.7854343972407749e-06
0,8.859585721861746e-07
0,4.3163640410536724e-06
0,1.383252960281542e-06
0,1.7109212446871182e-06
0,1.1758021127962369e-06
0,2.6576062606928607e-06
0,1.7424828459462573e-06
0,5.114822112851743e-06
0,6.343859233500154e-07
0,2.6906381548780253e-06
0,1.249923389973405e-06
0,7.81555794269165e-06
0,5.840930696341472e-07
0,2.4125391945725602e-06
0,6.967998173923572e-07
0,5.014656598724263e-06
0,3.014799488394262e-06
0,1.1431160894874155e-06
0,2.8184399839470975e-06
0,6.389624431443699e-07
0,6.8040460952217e-07
0,2.6644159672303323e-06
0,5.380472933271524e-06
0,8.573418973613632e-07
0,1.579476212440346e-06
0,7.407710127121736e-07
0,3.657778776047403e-06
0,1.8849013832437672e-06
0,7.138630625766512e-07
0,1.0335195773772974e-06
0,2.9664222978170306e-06
0,2.1604910279238978e-05
0,2.561919266403217e-06
0,2.6304370139897954e-06
0,1.2614560574353636e-06
0,3.16593265862591e-06
0,6.643275812663383e-07
0,2.4887693023021714e-06
0,2.284211812717773e-06
0,7.939728622155911e-07
0,5.1409841544264255e-06
0,1.9017268033951816e-05
0,1.8060698846151327e-06
0,8.585887871150486e-07
0,3.33698889319881e-06
0,1.3925567105458328e-06
0,1.7253787571977635e-06
0,1.5660458897898216e-06
0,1.4297001800987052e-05
0,1.2744537762461508e-06
0,7.039578635648294e-07
0,5.566153928317526e-07
0,9.008805027623684e-06
0,2.328729026737756e-06
0,3.0313315064909363e-06
0,3.3272763264033624e-06
0,5.488393909005387e-06
0,4.798969701268848e-07
0,2.026485578470357e-06
0,2.439132402518462e-06
0,2.521574445419435e-06
0,3.4660718435970847e-06
0,6.916784528857925e-06
0,2.998027399550582e-06
0,3.329273952579277e-06
0,1.1792212212842386e-05
0,1.089671456747263e-06
0,2.241217426921077e-06
0,2.0112184439895005e-06
0,5.111488644787952e-06
0,8.335949414883583e-06
0,7.258886803285366e-06
0,7.362331059831136e-07
0,1.4165990739684124e-06
0,4.8659098185795875e-06
0,2.327534117559113e-06
0,3.624962958128796e-05
0,2.8354514090986484e-06
0,4.645832965521694e-06
0,3.0139293815899494e-06
0,1.5530796656323374e-06
0,8.839751310335244e-06
0,8.986303174267268e-06
0,2.117380508357617e-06
0,8.943366800016637e-07
0,3.88840653011847e-06
0,3.5528552309681717e-06
0,1.5883006491271437e-06
0,2.3504626729467134e-06
0,6.600424285149678e-06
0,1.501204096953356e-06
0,2.0286548278777886e-06
0,1.110683556473241e-05
0,1.0048413524790214e-05
0,2.316744921187441e-06
0,3.375140200288742e-06
0,2.5004594620254857e-06
0,1.247971039572007e-06
0,3.307623772276559e-06
0,1.182277585113406e-05
0,5.672971114781093e-06
0,5.064890266628072e-06
0,1.6469536713664344e-05
0,1.9473761230786297e-06
0,9.974304452969303e-06
0,2.1703053437795153e-06
0,5.154338027933806e-06
0,1.0669885385274239e-05
0,1.3705141761178305e-05
0,4.763162214996378e-07
0,1.4637275275402439e-05
0,3.0932132896754644e-06
0,1.3398305898584712e-06
0,4.663328163445774e-06
0,6.54028062904654e-06
0,1.3437213192936986e-06
0,1.5586090363630708e-05
0,3.003835125225182e-06
0,2.9615019023272074e-06
0,1.8288656410228962e-05
0,3.26089592542925e-06
0,2.1296131123239266e-06
0,1.0028882048398911e-06
0,1.5194917480084758e-05
0,1.1387190480950876e-06
0,1.7542235736019013e-06
0,1.1221551362808933e-05
0,2.9615202011164952e-06
0,1.796071195269536e-05
0,1.9242092607659354e-05
0,2.146270185509257e-06
0,3.6027888274743946e-06
0,2.2214023615509064e-06
0,3.7228771252455255e-06
0,8.979658208844202e-07
0,2.358116189759871e-06
0,7.721107667377077e-06
0,2.403899471009346e-06
0,1.479558212891668e-05
0,5.12754736607845e-06
0,6.410502218205026e-06
0,1.7657220054354486e-06
0,9.744516253841504e-06
0,1.83446049986783e-05
0,1.8377246993577375e-06
0,2.1534183547295964e-06
0,1.9596464349579082e-06
0,4.716961135524758e-06
0,3.1799776349892964e-06
0,1.092891625164583e-06
0,2.542362023711296e-06
0,4.257607095398948e-06
0,1.6581955711544965e-06
0,1.3831119483657477e-05
0,2.4651700027621166e-06
0,3.401046815170705e-05
0,1.3986379137917079e-05
0,5.787173540985129e-06
0,5.228930595102837e-06
0,2.346678702455902e-06
0,3.4386621944746104e-06
0,1.2122045807397575e-05
0,8.872200318685597e-05
0,6.879714480509779e-06
0,4.5784825388305074e-05
0,6.001109843937392e-06
0,3.664828948021231e-06
0,1.889205827750402e-06
0,1.9813989532416866e-06
0,5.073221395019459e-06
0,3.75261172825087e-06
0,5.964931939571224e-07
0,3.6561559799055285e-06
0,1.4775997989312542e-06
0,2.3485055531733556e-06
0,9.75553691315586e-07
0,5.897619644500134e-06
0,7.343811756915627e-06
0,7.181740329270057e-06
0,4.448112979108947e-06
0,2.1705887307144757e-06
0,1.7307507336583654e-06
0,1.741473587604483e-06
0,2.65691132543591e-06
0,2.279731043500326e-06
0,1.654353018997129e-05
0,4.17655025693795e-06
0,7.10057256031745e-06
0,1.6455348444117018e-06
0,1.1246951237233562e-06
0,6.323672552461234e-06
0,5.375389503183977e-06
0,3.8625810117785875e-06
0,4.324363501391585e-06
0,2.1131223054155383e-06
0,1.2016371419791921e-06
0,1.3676879856876097e-05
0,7.780277411782253e-06
0,1.3362154709626481e-05
0,1.6098488457540146e-05
0,4.225599706276416e-06
0,1.4980297231334215e-06
0,1.0433333925747286e-06
0,3.7806767111673407e-06
0,3.513315611719316e-06
0,2.999068618976508e-06
0,6.135190154280756e-06
0,1.1330870642931954e-05
0,5.2277723867590336e-06
0,1.739876638348589e-06
0,2.6089202644207946e-05
0,1.4821213366911044e-06
0,9.946109678460517e-06
0,6.9514893654592584e-06
0,4.14790667098996e-06
0,1.1104932228633309e-05
0,6.331832110020119e-06
0,6.407283161247267e-06
0,4.274503980873219e-06
0,2.448593542244798e-06
0,3.1093322017311333e-06
0,3.2955777673238522e-06
0,2.5880136341270805e-06
0,2.5197685000309803e-06
0,6.35583882310962e-06
0,1.6760370145943483e-06
0,2.830045050820959e-06
0,2.312087160609304e-06
0,8.870677297528261e-06
0,5.160532319644911e-06
0,6.238593315153275e-05
0,2.4836992731141193e-06
0,2.7677707366326524e-06
0,4.141918552505343e-06
0,2.123143747262517e-05
0,1.0394507878204e-05
0,9.081555627804468e-06
0,1.161534147407508e-06
0,5.422757819812951e-07
0,3.6864860434391147e-06
0,1.5147299265411865e-06
0,1.6232507521799977e-06
0,1.204710586923374e-06
0,9.203423870614338e-06
0,7.896172712046816e-06
0,2.730707426987035e-06
0,5.3641989705946795e-06
0,3.2223508792240187e-06
0,6.562888236791908e-07
0,2.0512377081570284e-06
0,0.0008152209957942135
0,5.953420753022623e-06
0,3.212641830478061e-06
0,3.07655119359322e-06
0,1.2219230778564323e-06
0,1.952898785998287e-06
0,1.2478741997333093e-06
0,2.861721673785232e-06
0,2.2375021386716705e-06
0,2.9233260627105005e-06
0,0.0003201013305278923
0,2.3720473933585344e-06
0,5.503719877842795e-06
0,6.995509402641447e-06
0,1.7214062305397215e-05
0,1.88939740873977e-06
0,1.4793631185477908e-06
0,3.927826445648176e-06
0,3.1257796337758914e-06
0,1.7809316872586369e-06
0,1.5764783325680504e-06
0,7.769128795288214e-06
0,4.561203687279795e-06
0,2.173136218108142e-06
0,1.4047334918821657e-06
0,4.417014890725779e-06
0,1.3429507902591435e-06
0,2.9228920609504874e-06
0,1.9851367944880143e-06
0,9.658996888273999e-07
0,3.685235853738104e-06
0,1.0411657150266177e-05
0,3.321342942767307e-06
0,1.0204912370736156e-05
0,3.1298295855095036e-06
0,1.9163024408171917e-06
0,3.2779179441655364e-06
0,2.7451633592905066e-06
0,1.057625068175918e-05
0,1.8052941173684153e-06
0,4.034814795543941e-06
0,1.4658868265213933e-06
0,1.634999030792691e-06
0,1.1587240138145855e-05
0,8.169506016438615e-07
0,2.184115550751958e-06
0,1.244633833174535e-06
0,7.067674334967008e-06
0,1.4287183213886366e-06
0,1.5323129117635115e-06
0,2.40314817616902e-06
0,3.5005560904047388e-06
0,1.2194438337370255e-05
0,2.1068770387126893e-05
0,0.003566892572891268
0,8.848277047645393e-06
0,2.791881007250424e-06
0,1.5486286233730236e-06
0,2.0359949225362816e-06
0,2.6228845091485598e-06
0,8.922369827902634e-07
0,1.198633485473614e-06
0,4.520101109048583e-06
0,2.9644250283132646e-06
0,1.743672875805935e-05
0,1.1722460030389465e-06
0,5.217749722200902e-06
0,3.627659698186207e-06
0,2.9571087206374384e-06
0,4.489909897836991e-06
0,1.2217154794249772e-06
0,2.4362903449790638e-06
0,4.301877014418146e-06
0,4.329946573647294e-06
0,5.446449153124795e-06
0,6.478258069568909e-06
0,2.661584535058151e-06
0,2.5627845953732624e-06
0,5.2191109842065276e-06
0,7.3968551858458825e-06
0,9.370462417841229e-07
0,4.499020690315623e-06
0,3.5475696401615975e-06
0,1.097602381791645e-06
0,1.922659844146056e-06
0,2.3492787948950784e-06
0,1.6643072411235076e-06
0,1.1353927160996297e-06
0,1.944432840884424e-06
0,1.5151868060695987e-06
0,2.2344389914097457e-06
0,3.1240737539206798e-06
0,4.834953424755061e-06
0,1.4781776064345111e-06
0,5.807463262002187e-07
0,5.022538680555563e-06
0,2.094397848299333e-06
0,3.0976785292106198e-06
0,3.321459368010173e-06
0,8.288465334202358e-07
0,1.301292254276042e-06
0,2.8814138431768037e-06
0,1.1802193959179301e-06
0,1.708112794358228e-06
0,3.048654345878789e-06
0,1.745687659403496e-06
0,1.396577182376062e-06
0,5.698052967556536e-07
0,3.983787574885372e-06
0,4.139455131536501e-07
0,1.9686306401584026e-06
0,1.8784027435980357e-06
0,6.781739900579111e-06
0,5.534541113389511e-06
0,1.4764877951243043e-06
0,6.125137824156927e-07
0,6.773689369356026e-06
0,1.1714968677625722e-06
0,2.1489276832914374e-06
0,9.805250959110075e-07
0,1.1309975976622376e-06
0,1.3248885082570214e-06
0,8.193220096069719e-07
0,1.3362218235742202e-06
0,2.122257333623539e-06
0,3.391810585159089e-06
0,1.970322757060287e-06
0,1.5791793345588715e-06
0,4.46518097292203e-06
0,6.350732254351523e-07
0,1.3712896127274346e-06
0,7.5622991538397936e-06
0,2.284776924765061e-06
0,1.1065711857022239e-06
0,1.0086226627540874e-06
0,1.0915225056638003e-06
0,1.889461947303479e-06
0,5.180105688053106e-06
0,1.7254230747748332e-06
0,1.0498326744595986e-06
0,6.10691972633036e-06
0,2.464740523340093e-06
0,9.245375852940847e-07
0,1.6396036137203353e-06
0,3.3107566286104096e-06
0,2.5192125931972094e-06
0,1.9347864387130165e-06
0,5.921113822922629e-07
0,1.8964224932739183e-05
0,4.322551046356456e-07
0,3.0310299734860958e-06
0,2.1522665889818205e-06
0,1.2266897095087e-06
0,1.3437073726976822e-06
0,1.0770388745057877e-06
0,3.4454157243667076e-06
0,8.912067078225121e-07
0,7.818611146809902e-06
0,7.3859001720726094e-06
0,6.720970754533048e-07
0,8.076345788427772e-07
0,7.151871212745874e-07
0,1.0819590904932049e-06
0,6.95696943112287e-06
0,6.298025339033262e-07
0,9.934344868558936e-07
0,1.272802360243024e-06
0,2.019858243689806e-06
0,2.0445826964689223e-06
0,4.3611277337575526e-07
0,2.343141525151854e-06
0,2.6483874763350937e-06
0,1.0306036777210546e-06
0,1.8883373281569178e-06
0,2.7363860097041988e-06
0,1.0677796211954355e-06
0,2.0133978728326575e-06
0,1.2353693711124104e-06
0,8.668148664202048e-07
0,2.631795543211923e-06
0,7.45559035169012e-07
0,1.174515939009698e-06
0,5.329798549632254e-07
0,2.6000361560631323e-06
0,9.795272955626701e-07
0,4.964980423833311e-07
0,9.87050974818458e-07
0,1.986049054754223e-06
0,1.713928915081735e-06
0,3.0140811672583027e-06
0,5.470131952336125e-06
0,1.026690338208332e-06
0,3.004020259957027e-06
0,2.7707179220288385e-06
0,1.8703227453726377e-06
0,9.504855259326493e-07
0,9.782899766531669e-07
0,3.5014645849051925e-06
0,6.284624742396959e-07
0,7.573506145432317e-07
0,8.02329820487146e-06
0,3.4560026965397576e-07
0,9.402321296584742e-07
0,2.778619143239345e-06
0,3.296902907222269e-06
0,3.895178867014375e-07
0,7.521018075326305e-07
0,1.4434785012615755e-06
0,1.737426623459031e-06
0,1.8891223333607476e-06
0,3.2134593721203906e-07
0,1.6100953784395813e-06
0,8.389939582544984e-07
0,1.2795390778196382e-06
0,1.4753178962173647e-06
0,6.4845866317094e-07
0,2.4978549887026295e-06
0,8.749812275647526e-07
0,3.526510542609941e-07
0,6.230462845044868e-07
0,8.814697697550274e-07
0,2.1816411214962838e-06
0,2.322221906465144e-06
0,2.0620939449672856e-06
0,3.4559565142518776e-06
0,4.6247929097663297e-07
0,3.1458947065917185e-06
0,2.6761177078191965e-06
0,2.112197473491624e-06
0,6.983634007577252e-06
0,6.248893301571602e-06
0,7.791021833634697e-07
0,7.432781411684343e-07
0,2.2466361717892202e-06
0,7.1636060850585895e-06
0,1.785115740098153e-06
0,2.0031291621500426e-06
0,6.512628959410799e-07
0,4.697433822220139e-06
0,1.8214477542107726e-06
0,6.217237630308433e-06
0,1.261091641820188e-06
0,1.2125449716410909e-06
0,1.4261061111291344e-06
0,3.3740736444679558e-06
0,5.98834780277891e-07
0,2.1077914079628984e-06
0,8.811774802175149e-07
0,1.3576697629018524e-06
0,7.432525206654859e-07
0,1.739741680243701e-06
0,9.522569021846479e-07
0,2.3511315390700754e-06
0,6.544355414790124e-06
0,0.0001285180604327947
0,1.2740140464683388e-06
0,2.024743448046566e-06
0,3.887559209002561e-06
0,1.041151318282598e-06
0,2.3974881756506004e-06
0,3.975303664192183e-07
0,6.117509092442487e-05
0,1.5240200484835915e-06
0,2.6337521009242785e-06
0,2.7023776449273892e-06
0,2.1280849633291792e-06
0,4.383561119206569e-07
0,9.67459647723351e-07
0,7.145590642654715e-07
0,7.4543087454983465e-06
0,2.369162256472827e-06
0,2.2289258938724407e-06
0,1.342311886259267e-06
0,1.0089795325386709e-06
0,8.537261437527149e-07
0,1.1386039407283822e-06
0,1.373698186612946e-06
0,1.853778004136862e-06
0,1.4548697075997338e-06
0,1.7818631648977105e-06
0,1.4189607600715275e-06
0,7.999352493585801e-07
0,4.3609815270344166e-07
0,2.8732895144287587e-06
0,4.223562066442494e-06
0,2.6245920843108877e-06
0,9.672165189069063e-07
0,2.61142875626387e-06
0,6.113815325302276e-07
0,7.020261470079253e-06
0,1.5022245352099781e-06
0,1.1078218254615068e-06
0,2.6258528787065768e-06
0,7.900158810342132e-07
0,1.739388880684352e-06
0,8.8383072001207e-06
0,7.629906211659008e-07
0,2.2827142866796386e-06
0,1.8422033368569646e-06
0,1.3968494075896722e-06
0,3.5919340607169085e-06
0,3.878986714524009e-06
0,8.206449109316575e-07
0,9.834692796807693e-07
0,0.00010114136118112167
0,9.56087189092125e-07
0,9.428257647971449e-07
0,6.207173150997154e-06
0,1.0824883550722115e-06
0,8.309362477970529e-07
0,6.251763446576604e-06
0,1.1425849712574812e-06
0,1.731166186284454e-06
0,4.016933079246759e-06
0,1.9590567425074282e-06
0,1.0053340926061278e-06
0,1.5240731491940113e-06
0,1.2894121238476413e-06
0,1.8755994790949109e-06
0,0.00011202814003051854
0,5.016188556320195e-06
0,1.6847270370437356e-05
0,1.3188382622926048e-06
0,7.0689672776151824e-06
0,7.556192289128283e-07
0,0.5299077626259402
0,1.4596258216202733e-06
0,1.8562107960948555e-06
0,3.68042543831306e-06
0,2.0812558623933363e-06
0,6.055986428748063e-06
0,5.3251735049162515e-06
0,1.0940915738504688e-06
0,2.383639633852942e-06
0,1.3752326312238705e-06
0,7.342140933754856e-07
0,1.2794709587190699e-06
0,3.7718958397595413e-06
0,2.0038075592401916e-06
0,6.2641677034484696e-06
0,6.83555249671816e-07
0,3.4631731746827065e-06
0,5.4488138382232066e-06
0,9.96793893208678e-07
0,5.445475852381679e-06
0,6.801698477142592e-06
0,1.010815756323495e-05
0,4.020927881647757e-06
0,1.2789179034636014e-06
0,5.624029370031897e-06
0,3.2538711654031735e-06
0,3.688909959397784e-06
0,9.149546272386747e-07
0,7.661407923916594e-07
0,8.180176068571381e-07
0,1.6967015151546243e-06
0,1.071908574947788e-06
0,1.0013075710522783e-06
0,1.5900583216742983e-06
0,1.1290719186413398e-06
0,2.0145580338201658e-06
0,1.6528769440774022e-06
0,9.79675860363779e-07
0,1.445464507910771e-06
0,1.9750788243186896e-06
0,2.670063642695683e-06
0,3.0973861593887768e-06
0,9.165693469400965e-07
0,1.0547802818587956e-05
0,2.8590506092195532e-06
0,7.794409582041565e-06
0,1.2025324651139662e-06
0,1.4200149185424978e-06
0,8.584342061387102e-06
0,1.5354088751001024e-06
0,5.658971031349423e-06
0,1.4205118572822246e-05
0,4.159628460178808e-06
0,6.363324037853824e-06
0,3.314651412992076e-06
0,2.0651260003946943e-06
0,1.6160499821642508e-06
0,4.923007443201761e-06
0,1.7126938101509359e-06
0,2.658033858803133e-06
0,2.4176112976388582e-06
0,4.720018135937756e-06
0,9.672095593804297e-07
0,2.6318250372489364e-05
0,2.421709520646001e-06
0,6.560964631508797e-07
0,7.36965840175079e-06
0,2.3643813189090696e-06
0,5.01579026016438e-06
0,3.85055764841184e-06
0,1.0361867518220037e-05
0,2.7153833192095656e-05
0,1.317443795595491e-06
0,2.9170445053505154e-05
0,5.392991339119564e-06
0,2.766123173505305e-06
0,2.2651983617721627e-06
0,5.234345630301269e-06
0,6.579853390913189e-07
0,5.0303202888503845e-05
0,8.693170718545158e-05
0,5.221355831279828e-06
0,6.28387868464914e-06
0,1.9641548143777356e-06
0,2.2643661909242343e-06
0,2.9876724219867138e-06
0,6.119908311083621e-07
0,2.8729225869883884e-06
0,3.6487340438865956e-06
0,3.580137916895728e-06
0,4.058902954250426e-06
0,7.291822567687322e-07
0,8.995882369754749e-07
0,3.050756595293368e-06
0,6.160151674257071e-06
0,2.8691118362275007e-06
0,9.278434754188807e-06
0,1.4193084984307802e-05
0,5.3205800197623694e-06
0,3.3075168364323995e-06
0,4.148685288864942e-06
0,1.5118917472573827e-05
0,1.0404510860660248e-05
0,1.958253329809652e-06
0,5.0934147651672495e-06
0,1.134482032983326e-06
0,5.602313767258885e-06
0,1.8143699142507021e-06
0,1.1777228692964784e-05
0,2.3821461010390815e-06
0,6.942084094444468e-07
0,4.7346583728669694e-07
0,1.3404736639099196e-06
0,1.206158952801226e-06
0,1.0821424341954382e-06
0,5.704207722214648e-06
0,6.189620003522891e-06
0,3.022019710335754e-06
0,5.846452839000565e-06
0,8.818001941576069e-07
0,7.193067869776877e-07
0,2.2949748928918554e-06
0,3.425869954795179e-06
0,5.6877944709280996e-06
0,5.222026355755806e-06
0,9.856573575207926e-07
0,2.146195842068616e-06
0,5.071801014789307e-06
0,1.552508330159182e-05
0,1.3376377182231455e-06
0,2.2543087636304092e-06
0,4.863056149908408e-06
0,2.404873219372057e-06
0,3.823591890618847e-06
0,4.819241559192944e-06
0,1.4526517627659863e-06
0,1.539109626992307e-06
0,4.7531687187989646e-06
0,3.117431460358818e-06
0,1.1413360215155022e-05
0,1.8790070066437892e-06
0,4.670361397432592e-06
0,1.69072039237895e-05
0,4.691557829891196e-06
0,2.3849214275486418e-05
0,4.985139439855614e-06
0,1.0802149112397332e-06
0,5.1809525665129125e-06
0,1.3259599640139839e-05
0,6.844185250059324e-06
0,1.3468104726394874e-05
0,3.99060284576568e-06
0,0.0015054396030486337
0,2.5778921449370584e-06
0,1.5049639393486143e-06
0,4.111678601100404e-06
0,2.7494396057350444e-05
0,2.7009186671408483e-05
0,7.729721904399279e-07
0,1.444722607464428e-06
0,9.702663917591037e-06
0,1.1083248779753182e-05
0,3.7911025165004887e-06
0,2.193186577898484e-06
0,1.0124085516729601e-05
0,1.1545021381546367e-06
0,1.4028740337901478e-06
0,2.0590404918576104e-06
0,1.8083525278324188e-06
0,9.789400257386761e-06
0,4.0911936696570796e-06
0,1.2084659229991549e-05
0,5.883942570460574e-05
0,9.601544728880579e-07
0,2.3260180330174814e-06
0,3.3855662428561953e-06
0,0.0010922173341295974
0,5.703971837692803e-06
0,9.186317811376362e-06
0,5.0700485335065845e-06
0,4.214357376541487e-05
0,1.773200897209873e-06
0,2.7205795179889584e-06
0,1.2697290179537526e-05
0,3.2269961172760328e-06
0,2.463531011490548e-06
0,2.5483424772078964e-05
0,2.701777348410631e-06
0,1.905850481895615e-06
0,2.4991282147178384e-06
0,1.0212751018651377e-06
0,6.9082012506678925e-06
0,1.0805955039121733e-05
0,6.930578156709775e-06
0,2.5628457374975167e-06
0,5.310814780367497e-06
0,2.4209395006313874e-06
0,5.319550492238843e-06
0,2.924061642225017e-06
0,1.1755905706014207e-05
0,6.2670644361448425e-06
0,3.2204823044411865e-06
0,2.2892061712405485e-06
0,7.361019213217732e-05
0,2.730850895246146e-06
0,2.5410591925611317e-06
0,2.01070565526226e-06
0,1.023415988540934e-06
0,5.054766458820007e-06
0,3.607779348081075e-06
0,0.001418135010142076
0,1.130844715412722e-05
0,1.2248740299870585e-05
0,2.2451163449716502e-05
0,2.526845112710506e-06
0,1.2392546503928757e-05
0,4.509518433334048e-06
0,3.356189894290397e-06
0,2.764521384961224e-06
0,3.1054872882040572e-06
0,3.061828702802553e-06
0,7.301209822804185e-06
0,1.1522208216242388e-05
0,3.567747010810504e-06
0,5.959203834287286e-06
0,2.65481715487319e-06
0,2.969699856069691e-06
0,1.1324667512484039e-05
0,2.631389448980089e-06
0,2.285878244967253e-06
0,6.119204990046977e-06
0,2.6848683336742574e-06
0,1.4728789107828889e-05
0,1.2190831659650913e-06
0,9.027541644992447e-06
0,1.7109037885461432e-05
0,3.758158681478877e-06
0,2.020417741395547e-06
0,7.406547279089593e-06
0,4.701565144222027e-06
0,3.152338512116269e-06
0,1.6197676309287592e-06
0,8.72768220133685e-07
0,8.357925877481117e-06
0,6.390157215520747e-06
0,2.2275099331367637e-05
0,1.8245237119025405e-06
0,3.123726730813032e-06
0,1.204856089097821e-05
0,2.0678824636507976e-06
0,4.449271465930122e-06
0,3.449838453985573e-06
0,2.0125947830508125e-06
0,8.317224036043427e-06
0,3.958547131165832e-06
0,4.371829119930836e-06
0,2.472525014200646e-06
0,3.4223485534924206e-06
0,2.444717233028609e-06
0,8.722557333609563e-06
0,2.8981947939265377e-06
0,7.916340516461819e-07
0,2.65226102421451e-05
0,5.281186355685281e-06
0,2.1727114821332212e-06
0,3.581112545574539e-06
0,2.7081786288727283e-06
0,6.272830424252371e-06
0,2.5753694390843998e-06
0,1.0397402535505464e-06
0,1.1495227911483031e-06
0,3.834396095178477e-06
0,1.99619287258119e-05
0,1.4343903049672123e-05
0,6.581564542680715e-06
0,4.929971013886852e-06
0,5.954209219586089e-06
0,2.1003902965075267e-06
0,8.449858552178746e-06
0,4.0903982708582296e-06
0,5.936589420231408e-06
0,8.639986186453923e-07
0,1.056496092944587e-05
0,1.3278563709024206e-05
0,1.1778884066791458e-06
0,2.702855758496379e-06
0,2.1850453429172026e-06
0,7.770215893189586e-07
0,3.770741016721534e-06
0,8.62588454138478e-07
0,2.5410401474916124e-06
0,8.642564170119619e-07
0,1.0754376230291068e-05
0,4.572919739599604e-06
0,1.0623855534409594e-06
0,4.184271931675104e-06
0,2.8623238565963817e-06
0,5.316916748953795e-06
0,3.897296736929142e-06
0,5.59147934371471e-06
0,1.9135948957565334e-06
0,1.2218710287375397e-05
0,2.1291466509247348e-06
0,2.9558613678234965e-06
0,6.009244740410907e-07
0,3.973292279947165e-06
0,1.0799513971908696e-06
0,1.4522698342028183e-06
0,3.837465531658076e-06
0,9.618790432054658e-06
0,5.965077876736275e-06
0,1.0613456507128569e-05
0,1.5500579278300463e-06
0,3.0019616507620648e-06
0,3.615517323902598e-06
0,2.385996473118446e-06
0,3.177302598576802e-06
0,3.1246588661197006e-06
0,4.633431563826128e-06
0,5.5483391096407315e-06
0,1.3687237665991815e-06
0,1.2681074022400844e-06
0,2.5660227709358595e-06
0,4.551030643675217e-06
0,9.122072294472988e-07
0,2.201981568941994e-06
0,3.636938076920527e-06
0,2.401536535626464e-06
0,9.131421096162685e-07
0,1.3840360850636076e-05
0,7.423824906069596e-07
0,2.56838582622931e-06
0,8.556101095298659e-06
0,6.731215503145475e-06
0,1.2089182341811493e-06
0,1.8396085112275279e-06
0,6.953375448753917e-06
0,4.082384769732291e-06
0,2.776666839715936e-06
0,8.866407739566556e-06
0,2.5041049115485292e-06
0,1.0331860640907867e-05
0,1.4672478017766976e-06
0,1.4443686674671537e-06
0,2.941052847258638e-06
0,1.7039771356789838e-06
0,1.6391550196840891e-06
0,8.890958525659546e-07
0,2.1346686890521886e-06
0,3.126590920423338e-06
0,4.2192939698233635e-06
0,1.8174673127334833e-06
0,9.423465775233679e-07
0,6.013971889648394e-06
0,8.157203127339097e-06
0,9.836176763938934e-07
0,1.5894638635465949e-06
0,6.314126507507241e-06
0,7.440129936869155e-06
0,8.200186836390936e-07
0,2.4175860398691856e-06
0,9.385362725486595e-06
0,9.35998842565142e-07
0,1.0685884227200652e-06
0,5.028760625673701e-06
0,8.901353618852243e-07
0,1.869962961806066e-06
0,1.9067220594797294e-06
0,3.6170529560740515e-06
0,2.2502401828425195e-06
0,1.4038277487340437e-06
0,9.598817666830669e-07
0,3.254271377200784e-06
0,3.009541341228992e-06
0,3.4080751772245667e-06
0,7.757631161433788e-06
0,6.681914298458388e-06
0,1.6437212645785515e-06
0,4.593158040974382e-06
0,9.470470227101384e-07
0,6.325739741004082e-07
0,2.3504635446583823e-06
0,5.931214845195846e-07
0,4.764943610339615e-06
0,2.112693522186608e-06
0,2.4099276220306156e-06
0,5.639798456890107e-06
0,2.511294484317226e-06
0,1.5217438100587873e-06
0,8.529064599450609e-07
0,9.457605045019286e-06
0,2.0256225118807764e-06
0,2.194799935979456e-06
0,1.3129741040038867e-06
0,3.052368657379283e-06
0,1.3644009262217346e-06
0,5.125713211810466e-06
0,2.7617427584818276e-06
0,1.8003944989704045e-06
0,1.135115647364417e-06
0,4.5540643572440416e-06
0,8.748595310088312e-06
0,3.147010182878027e-06
0,2.0879197366434456e-06
0,1.2667005037379598e-06
0,7.086091626399579e-06
0,2.4215142384230745e-06
0,1.2610661057820234e-06
0,1.2984281131452322e-06
0,1.9756060596568023e-06
0,2.141158929790261e-06
0,1.2794830411122746e-06
0,2.4169895742259032e-06
0,1.256901009012293e-06
0,1.7590536564767686e-06
0,1.6858806502703318e-06
0,3.7940528178612064e-06
0,3.3455037363844507e-07
0,3.8409756287926737e-07
0,1.1208992974703485e-06
0,6.534976054479373e-07
0,2.340239578435449e-05
0,7.29945372675917e-07
0,1.3092671178024775e-06
0,4.753795959845646e-06
0,7.460303252857983e-07
0,8.467234432466487e-06
0,1.1582972226692273e-06
0,7.152216906834268e-07
0,1.7259819482277034e-06
0,1.34758440702797e-06
0,8.259343560834318e-07
0,2.470186096674874e-06
0,1.1293886744302046e-06
0,4.465728075857119e-05
0,6.669425704320789e-07
0,5.776340430223826e-06
0,3.5000843933899466e-06
0,3.8106289185799623e-06
0,9.151156987733826e-07
0,2.022160379116725e-06
0,2.9537859109056484e-06
0,1.3363926416470825e-06
0,5.833164529718515e-07
0,1.955656254661808e-06
0,8.160524744052503e-07
0,1.1938944141690265e-06
0,5.819741146683639e-07
0,9.022664619080038e-07
0,1.0372511805130965e-06
0,2.8075657281387264e-06
0,7.561832735900786e-07
0,8.813823422779279e-07
0,5.386532212676738e-07
0,2.194671726972013e-06
0,1.377113025323498e-06
0,1.3438926042815495e-06
0,1.2234375001154234e-06
0,8.368153693688113e-07
0,1.255416337650944e-06
0,1.7781370871314198e-06
0,2.6211445750443657e-06
0,6.568776306883991e-07
0,2.6105267118560867e-06
0,1.330878321098293e-06
0,4.493935708480238e-05
0,1.208504693214926e-06
0,6.998711152580661e-07
0,5.608332893301639e-07
0,7.355383956020599e-07
0,1.4515781404942917e-06
0,3.7421520098504816e-07
0,7.826193090855316e-07
0,1.023112012572897e-06
0,2.6186597206291735e-06
0,1.14860158290305e-06
0,8.866519047852218e-07
0,1.04874810122863e-06
0,2.6315429726314535e-06
0,7.514272024001823e-07
0,9.002389125774553e-07
0,5.165440476042284e-07
0,9.477623186159383e-07
0,1.80978688475805e-06
0,5.150427332951681e-07
0,4.414572590098339e-06
0,8.254967457393056e-07
0,8.53721077681686e-07
0,1.2237732895274966e-06
0,4.198153799601554e-07
0,4.789901312263896e-06
0,9.128058088873156e-07
0,8.017419310948482e-07
0,7.761858788398557e-07
0,1.2114937876237513e-05
0,4.179374602359132e-06
0,1.5138168737775726e-06
0,7.943696020042643e-07
0,1.6955457900935717e-06
0,1.007916201648542e-06
0,1.7981637519979049e-06
0,5.889262897602733e-07
0,5.520029923123681e-07
0,1.1164748112894682e-06
0,1.6752264170070993e-06
0,0.00015190161381214764
0,6.629522931432595e-07
0,9.20929100228929e-07
0,1.1562721937698967e-06
0,4.682637096782362e-06
0,8.768945913591793e-07
0,5.5438591606938145e-06
0,4.954284951712678e-07
0,1.375475282158384e-06
0,2.0590919240946566e-06
0,4.604766576950984e-07
0,8.73551873840048e-07
0,5.009620138454482e-07
0,1.573341767120767e-06
0,1.4216047573714342e-06
0,4.6546045846902534e-07
0,8.275415520851293e-07
0,4.389794740511373e-06
0,2.436367038227109e-06
0,2.024805264945832e-06
0,5.988840259038625e-07
0,9.414856775721762e-07
0,1.0645574443196947e-06
0,1.5933480393563162e-06
0,9.708842225838543e-07
0,1.2462619197122627e-06
0,1.060345478662829e-06
0,2.1607163902689383e-06
0,1.2624245452761471e-06
0,1.2196506662606449e-06
0,6.915338068097813e-07
0,1.7606104244071004e-06
0,1.7225662111167076e-06
0,3.995521138627683e-06
0,1.4047363285485052e-06
0,0.05975629625564094
0,1.5915003520875154e-06
0,1.8313550351915036e-06
0,3.0020941894868674e-06
0,4.11686198679012e-06
0,9.36601086029181e-07
0,1.0322605834113917e-06
0,7.662998297663278e-07
0,8.886996156454375e-07
0,2.83862076161335e-06
0,5.827887056104297e-07
0,1.1239074531573673e-06
0,2.2870363967227446e-06
0,1.943332121728765e-06
0,7.064237996818007e-07
0,7.172891452746364e-07
0,5.388241182278583e-07
0,1.696720165689606e-06
0,1.532991981946879e-06
0,7.468985490788505e-07
0,0.00012889915628926327
0,1.849552125466504e-06
0,7.409416205919487e-07
0,1.377983192960645e-06
0,1.5876774155337743e-06
0,1.0351047642659395e-06
0,4.177015089481813e-06
0,7.566347112454859e-07
0,1.5177315202327455e-06
0,3.861133147123347e-06
0,1.2795208434584937e-06
0,5.302165414349542e-07
0,2.7618422272603008e-06
0,1.2225722808638368e-06
0,1.006134376245009e-06
0,2.898719283713574e-07
0,3.958778426839279e-06
0,9.836880238240346e-07
0,9.939079827791981e-06
0,1.3277036067527262e-06
0,4.291301588248102e-06
0,6.459218799493653e-07
0,1.4396652493370696e-06
0,1.2532564935936576e-06
0,2.956347091452575e-06
0,3.849624285078263e-05
0,1.4771192759121924e-06
0,6.991259283187682e-07
0,4.765798573184841e-05
0,1.7431220798763388e-06
0,1.159396599370302e-06
0,5.797026284409307e-06
0,1.0340369069588993e-06
0,1.385190885265218e-06
0,2.671969228649765e-06
0,3.1150604159070526e-06
0,1.0694169551778493e-06
0,2.332692113064277e-06
0,1.2462376599087987e-06
0,1.2477640795251435e-06
0,1.932499296601547e-06
0,5.876468798034073e-07
0,2.201744089342894e-06
0,3.072931999154059e-06
0,1.8202478469126971e-06
0,8.953143557292613e-07
0,3.8746606314010205e-06
0,1.6357825825081785e-06
0,6.529630663609227e-06
0,3.641174337303724e-06
0,1.329823224780493e-06
0,3.842509736144061e-06
0,1.0014833709033713e-06
0,1.4947034977899664e-06
0,2.9196938521808105e-06
0,1.6251459323448024e-06
0,4.667297887178659e-06
0,4.570749921606155e-06
0,2.687832330318993e-06
0,3.3183112205742677e-06
0,5.0399475302437465e-06
0,2.1814447043646807e-06
0,1.2928208647821936e-06
0,1.2629554627316753e-06
0,2.024056294570966e-06
0,8.372253567896774e-06
0,8.997762154594373e-07
0,0.0004941608974533237
0,1.5295550870086268e-06
0,4.158852111409335e-06
0,1.1602262071738475e-05
0,4.2989279909299716e-07
0,2.878015057322064e-06
0,1.1163528240131927e-06
0,1.5649499698247006e-06
0,2.6181776205625102e-06
0,6.900936457227178e-07
0,9.14222658386861e-07
0,7.143828455279698e-07
0,1.4015493317140773e-06
0,3.099267739280772e-06
0,2.233410227164384e-06
0,1.0562077796618932e-06
0,2.27944236537065e-06
0,1.5027978283912854e-06
0,1.6443005048493722e-06
0,2.457531159990884e-06
0,1.4755880714685944e-06
0,3.6582516307706978e-06
0,3.97813306920246e-06
0,3.4716051938049964e-06
0,1.1350771623073301e-06
0,8.170610275566095e-07
0,5.728293591745589e-06
0,1.5981133602314278e-06
0,2.8122330190315083e-06
0,1.5628894985116614e-06
0,8.184865435914137e-07
0,1.0219020894767673e-06
0,9.471943712430896e-07
0,4.765058350450904e-06
0,7.603564723293798e-07
0,6.032154181014409e-06
0,9.599610986309727e-07
0,1.6184393859261398e-06
0,4.401559463257173e-06
0,1.0424825463770006e-06
0,1.6596699992530999e-06
0,2.9625407252672946e-06
0,1.0738972383031266e-06
0,2.422884570228569e-06
0,1.948603076552994e-06
0,6.940042404938092e-07
0,1.5079520736136278e-06
0,9.552547226016827e-07
0,1.3504507594502497e-06
0,1.3090801976802555e-06
0,2.1086937347344103e-06
0,4.204343338792924e-06
0,2.4863774667594208e-06
0,9.189154296501984e-07
0,7.95923709468458e-07
0,5.704784543347789e-06
0,1.6117237478560477e-06
0,1.21825906662117e-06
0,3.4238302220382914e-07
0,3.3743383636385637e-06
0,1.1995793892429343e-06
0,2.377107492306208e-06
0,5.539820500531576e-06
0,1.0130634731744425e-06
0,9.090200357940787e-07
0,6.479160775571645e-06
0,3.927031489449424e-06
0,3.217399464375622e-06
0,1.64054154671514e-06
0,1.7438312504966995e-06
0,7.078043718789e-06
0,9.967713667069439e-07
0,1.0579003779477196e-06
0,3.0918800939374894e-06
0,1.0193299999774377e-05
0,1.0278512874743045e-06
0,3.0444306763755882e-05
0,2.9084627221715943e-06
0,2.805153002502894e-06
0,7.377393636965103e-07
0,6.0693228698108624e-06
0,1.0255585739162577e-06
0,4.574549729689344e-06
0,2.9361395736048137e-06
0,6.192013797575388e-07
0,6.019899079176017e-06
0,4.254147229069707e-06
0,1.6785615057314012e-06
0,4.236576340711113e-06
0,1.7403597979523882e-06
0,2.0750041289475548e-06
0,9.402746627414611e-07
0,2.2551084027966705e-06
0,2.425475854284787e-06
0,2.0505826510295095e-06
0,1.2637776058964363e-05
0,3.463516898364427e-06
0,1.90847538076881e-06
0,2.936452050105382e-06
0,8.6182226079509e-07
0,3.48548166484341e-06
0,1.0616112136841295e-06
0,3.2840363946908412e-06
0,8.053996269102033e-07
0,2.7955297931342434e-06
0,6.844861669407909e-07
0,1.5356390052883242e-05
0,8.546409309060061e-07
0,1.1603100412116725e-06
0,1.6436623108736763e-06
0,1.6187676634420902e-06
0,3.9310446864085145e-06
0,1.0164917523384602e-05
0,3.043859090333416e-06
0,5.683649266451055e-06
0,6.44118181776721e-06
0,1.1229924553187195e-05
0,8.107988251293946e-07
0,1.973096716431925e-06
0,2.791309793794698e-06
0,1.8349339162866501e-06
0,1.8000678479421004e-06
0,1.95320700309787e-06
0,2.05396656075135e-06
0,7.779619254752575e-07
0,1.8811273748493003e-06
0,3.7827430417118744e-06
0,1.4386634988148254e-06
0,7.642995232092117e-06
0,1.9242458181092043e-06
0,1.3512161039187516e-06
0,2.0394184263774693e-06
0,3.363254031769125e-06
0,2.834217659363124e-05
0,1.024590665578491e-05
0,2.552703060092967e-06
0,4.511977488185076e-06
0,2.621544712514395e-06
0,2.8652469634538643e-06
0,0.23601118727902712
0,9.518503702460751e-06
0,0.00018081541749628423
0,7.218494322672452e-06
0,7.2205338321728215e-06
0,4.988611770268054e-07
0,2.9972936628652265e-06
0,5.380013753024768e-06
0,1.3833770072433308e-06
0,8.684005859995432e-06
0,7.014871741527336e-06
0,3.573927390667713e-06
0,3.1100881585190653e-06
0,2.020282408356537e-06
0,2.785534919236735e-06
0,5.8326438402165275e-06
0,5.441563161986444e-06
0,5.038325044342294e-06
0,9.562253151241963e-07
0,2.668597796791107e-06
0,1.9885825508732727e-06
0,1.551936368127064e-06
0,1.5974054871176466e-06
0,8.265337781473656e-07
0,3.142334069463074e-06
0,4.224832547948415e-06
0,1.7186581110870244e-05
0,4.19682582122212e-06
0,1.1642930807657113e-06
0,2.9281206463689833e-06
0,1.385533745295975e-06
0,2.7516380311429707e-06
0,1.0784530763694014e-06
0,1.041863553842569e-06
0,1.2466078556718177e-06
0,1.368296967497321e-05
0,8.774902419326808e-06
0,6.194464044727224e-06
0,2.9172977210622587e-06
0,3.452035199984448e-06
0,8.12037421607847e-06
0,1.4688169254984678e-06
0,6.844723788954142e-06
0,2.7735155229031162e-06
0,9.288471484823502e-07
0,1.0039461677874597e-05
0,2.849727846374172e-06
0,1.0402587563037546e-05
0,1.1606016267588326e-05
0,2.898623213091403e-06
0,1.507600529877268e-05
0,6.9716731881631625e-06
0,1.4950261813407924e-06
0,1.914878874895524e-06
0,2.345985579479791e-06
0,2.7846714953618942e-06
0,1.1988807721738133e-06
0,5.6625703428309656e-06
0,3.1279495046005774e-06
0,4.155315210670207e-06
0,6.566000832474843e-06
0,9.180797223745018e-07
0,9.087286983405703e-06
0,1.6563862241808603e-06
0,4.341114854703588e-06
0,1.0381307090686867e-06
0,2.2518016481824084e-06
0,1.9999530027423256e-06
0,4.260482967419626e-06
0,4.52420542032888e-06
0,9.600519017898842e-06
0,3.912656881395886e-06
0,6.860229148391711e-07
0,1.977136136320689e-05
0,3.0199080283409214e-06
0,1.2320939585131623e-06
0,1.178049558983458e-06
0,3.3376011548390672e-06
0,6.877503919277945e-06
0,0.0004839632598250525
0,2.491917039105198e-06
0,2.308934547974443e-06
0,2.2167409155670637e-06
0,3.2385472791049064e-06
0,1.9978761876320167e-06
0,2.0695480241037535e-06
0,1.6614308031819386e-06
0,2.587650782903525e-06
0,1.2219945189273528e-05
0,3.6165181139799646e-06
0,3.0232723621476995e-06
0,1.0310111890407566e-05
0,4.996332728357583e-06
0,2.7312254289676124e-06
0,4.481048353281341e-06
0,2.634060759724632e-06
0,1.965391518814241e-06
0,9.58847104156743e-07
0,1.1093127692282391e-06
0,1.693571386414354e-06
0,4.758294764068903e-06
0,2.0419637230799132e-06
0,2.6688252544758237e-05
0,2.0587911090824264e-06
0,3.7725216361825157e-06
0,2.9434702165364486e-06
0,1.0448853247588908e-06
0,2.9900105075671697e-06
0,1.1456808625342408e-05
0,1.0909682881759668e-06
0,2.5612799797713263e-06
0,1.3164878906649375e-06
0,2.105287186796598e-06
0,7.574462534035467e-07
0,3.765198647408517e-06
0,1.0842063020957517e-06
0,4.951232784892555e-06
0,4.4520811837652495e-06
0,1.1687017050602277e-05
0,2.544813286575542e-06
0,4.866963864807061e-06
0,3.2022726138888322e-06
0,1.3459377240510845e-06
0,7.1080221416902956e-06
0,2.609332141560027e-06
0,2.7974021491177856e-06
0,1.040681904991365e-06
0,2.649399383048454e-06
0,1.1897685428025843e-06
0,6.74343039557575e-07
0,8.680913424776816e-07
0,6.39338679478607e-06
0,2.125469632397219e-06
0,2.4166493473985394e-06
0,1.0028240708360016e-05
0,5.0009882187100596e-06
0,1.2194072663504192e-05
0,3.0265036518272026e-06
0,6.6300707958925155e-06
0,6.361447077437228e-07
0,4.31490618111313e-06
0,2.5951041736162835e-06
0,7.5725004388194765e-06
0,9.793916549624163e-07
0,2.9708114199284527e-06
0,8.89047680449817e-06
0,1.0303340774130272e-06
0,1.254212102500534e-05
0,1.2756861729020756e-06
0,1.4736270637185365e-05
0,2.7471001235647046e-06
0,5.572990583026913e-06
0,4.180765146686214e-06
0,7.467767749547841e-07
0,9.230258435231365e-07
0,1.3177297235028776e-06
0,2.2010417592809402e-06
0,1.0121359774566558e-05
0,8.127684963252388e-07
0,1.7414157118227323e-06
0,3.134710009337349e-06
0,3.39410709336642e-06
0,6.131097636282134e-07
0,4.588632430473096e-06
0,1.6969495252265182e-06
0,3.5016077606918864e-06
0,6.770273527562469e-06
0,9.932021102875496e-07
0,3.4818073127138037e-06
0,3.1058983481001817e-06
0,2.3928126146572006e-06
0,1.0879468121801482e-06
0,6.776951202521585e-07
0,2.3072486081473336e-06
0,3.283270560796985e-06
0,2.465896758862239e-06
0,3.994059522225942e-06
0,5.064618459034189e-06
0,1.3020095159943107e-06
0,1.2104671997706458e-06
0,3.2283899059074903e-06
0,3.702377574251389e-06
0,4.464257016081541e-06
0,2.7344330479737577e-06
0,1.1486023966424538e-05
0,3.0168255000812607e-05
0,1.1914190615648212e-06
0,4.27410615824896e-06
0,3.246667546468629e-06
0,1.7354735846459973e-06
0,1.33407677376975e-05
0,1.5062890258404802e-05
0,1.5673807770755628e-06
0,9.037096200932547e-07
0,7.793617183103416e-06
0,7.755888113088063e-07
0,1.119022076274814e-06
0,4.247700201600731e-06
0,6.462865152526638e-07
0,4.359990814260244e-06
0,5.739051835309045e-06
0,2.3443207804960345e-06
0,8.381222101120901e-06
0,1.3403756703871018e-06
0,1.304498488411346e-06
0,0.027854988994751567
0,4.479232070609352e-06
0,1.7121306536628187e-06
0,6.688930811106285e-07
0,0.0013992284901792316
0,3.709394620223167e-06
0,1.2235076449406358e-06
0,7.508522988240212e-06
0,8.796693752415497e-06
0,2.686106410794878e-06
0,9.93282899705492e-06
0,3.3259851290875787e-06
0,2.9000453668422335e-06
0,2.4796714471541317e-06
0,9.141841720939475e-07
0,2.6251818019611637e-06
0,4.76002333080186e-06
0,4.868986956071664e-06
0,1.027682535359905e-06
0,2.0692836731956203e-06
0,2.234411843068459e-06
0,5.3283001590517475e-06
0,2.5208759372575206e-06
0,6.542957873773997e-07
0,5.923854467645625e-06
0,7.439625236092515e-07
0,6.876607380784828e-07
0,1.0170283858364191e-06
0,5.68915346100653e-05
0,2.209153222714212e-06
0,2.321096068537498e-06
0,2.561043826284164e-05
0,6.0274838972546814e-06
0,9.310372911901446e-06
0,1.3314793872089856e-06
0,0.000505646128935509
0,3.599560258045443e-06
0,4.7877827849796245e-06
0,0.06785472696426924
0,1.2933678430909272e-06
0,6.3407022386967125e-06
0,2.3893368150216014e-06
0,8.819909562763005e-07
0,7.214407550966309e-06
0,3.0813317862706376e-06
0,1.6517483040927534e-06
0,3.571673704032132e-06
0,7.027399708149446e-06
0,5.8896084104586464e-06
0,8.902155875232332e-07
0,6.653377705210638e-06
0,2.0309869690092786e-06
0,2.0694096747830123e-06
0,1.9326812540654952e-06
0,3.6226969561629675e-06
0,8.491048217633778e-06
0,7.681276437155483e-06
0,2.0371529665327033e-06
0,2.448379620979989e-06
0,3.889164548510695e-06
0,1.751162376375562e-06
0,1.570139689594776e-06
0,7.906517234117302e-07
0,6.4528477186196e-06
0,6.266584863848104e-07
0,6.1270140600607515e-06
0,3.305387852908532e-06
0,1.5962252804406764e-06
0,1.9080818196214433e-06
0,1.2480422085632119e-06
0,3.3302596458150818e-06
0,9.38094017533241e-06
0,1.303307897920301e-06
0,8.074037819236527e-05
0,1.329365739437275e-06
0,0.0004614459323770995
0,1.8742047825095587e-06
0,4.67685266529033e-06
0,8.207279235914682e-05
0,2.120679374731836e-06
0,1.1139045979827718e-06
0,2.4410713022570738e-06
0,1.3863743626727527e-06
0,2.9215632769072298e-06
0,3.8139562412265993e-06
0,3.2774557599480396e-06
0,7.184234665977576e-05
0,1.2358780069657539e-06
0,2.372195742780486e-06
0,1.2426449935222697e-06
0,5.303948279794618e-06
0,3.99009343427703e-06
0,2.3405167003733754e-06
0,1.9529534278341863e-05
0,2.8591758260384166e-06
0,2.7892271383744613e-06
0,3.4260098253597953e-06
0,2.680795950249147e-06
0,1.7401523513724045e-06
0,6.245988215844752e-06
0,2.88939258947675e-06
0,7.517739256429813e-06
0,4.908210577935426e-06
0,1.551425196391337e-06
0,3.506417065835247e-06
0,1.983114608066425e-06
0,4.360115458337477e-06
0,1.993101082208718e-06
0,2.954689269739521e-06
0,1.6295962005501782e-06
0,1.439193282456213e-06
0,1.0042865432953833e-05
0,1.9301842238691903e-06
0,1.8870212704235336e-06
0,1.2953675549798388e-06
0,1.0846393612793414e-06
0,2.8269482568656115e-06
0,8.186742861497941e-07
0,7.152688531815541e-05
0,1.5099880486855307e-05
0,1.8016028641430732e-06
0,1.9309121177300097e-06
0,5.725320022700254e-06
0,6.620274670558701e-06
0,1.7224221562731274e-06
0,2.5675006854876778e-06
0,3.6640279921241e-06
0,1.1844683324557816e-05
0,1.029877044678016e-05
0,2.7340272547042062e-06
0,4.1313791691265155e-06
0,1.5692881795628726e-06
0,4.252360711902575e-06
0,1.6940733725801807e-06
0,1.972595670311667e-06
0,2.406627387778894e-06
0,1.5083605207982982e-06
0,1.180243184296758e-06
0,7.981588747084449e-06
0,1.8860460677068077e-06
0,2.488390461132856e-06
0,7.64742813177565e-07
0,1.5017837543129703e-05
0,1.2060432919603472e-05
0,3.1612466839009156e-05
0,5.691329793146449e-06
0,6.504332416200036e-07
0,7.079555682143664e-07
0,8.439336804736395e-07
0,1.437704007617902e-06
0,5.959135868585885e-06
0,1.9508816891580998e-06
0,9.252922389972264e-06
0,1.3411704324481923e-06
0,5.4869541304748976e-05
0,1.4288803208729741e-06
0,7.22878795022451e-07
0,7.836038040556937e-07
0,1.3057513256129613e-06
0,1.062831991479725e-06
0,1.0606570828445387e-06
0,7.174501676559849e-06
0,1.6327921716103674e-05
0,1.0094849297408848e-06
0,4.4629765163279165e-07
0,5.262461657176488e-06
0,4.559391746219896e-06
0,2.169905003752585e-06
0,3.1926450599480486e-06
0,2.2179372632415346e-06
0,1.24615008088855e-06
0,1.440230653443955e-06
0,3.2656417165598543e-06
0,9.244811304914183e-07
0,7.699733216484436e-07
0,3.1859850999247363e-06
0,2.5070158313884944e-06
0,1.4649485317402125e-06
0,6.83251684642766e-06
0,3.428257413527593e-06
0,1.0293258151994208e-06
0,3.71117610946977e-06
0,1.4289134463313937e-06
0,5.202003232377188e-06
0,3.7182854671607863e-06
0,1.7968740858587603e-06
0,1.0828851516604988e-06
0,2.166429042806091e-06
0,1.1295514570736331e-06
0,2.656223976299457e-06
0,1.3306600926785315e-06
0,1.5670171568720947e-06
0,2.320777032455652e-06
0,1.4834109214383999e-06
0,2.2396992432231354e-06
0,1.0145996584240743e-06
0,2.531881691697746e-06
0,3.9623239376053547e-07
0,2.671579423290571e-06
0,1.058708570193251e-06
0,8.085922366993292e-07
0,1.35667760792109e-06
0,1.7680673848602887e-06
0,9.253734238074891e-07
0,1.0374713536915892e-06
0,2.370005166958387e-06
0,2.1039289771610513e-06
0,4.978601845891314e-06
0,1.6057182870872909e-06
0,9.482122115820632e-07
0,8.199368856209518e-07
0,1.702949935344405e-05
0,1.2729630290703403e-06
0,1.4297770295850893e-06
0,9.872699231435802e-07
0,1.5493772951633044e-06
0,7.373926090632346e-07
0,9.889568054236381e-07
0,1.3749792104125723e-06
0,1.971104974772062e-06
0,6.294170062802085e-07
0,7.440830034481585e-07
0,1.67723086323338e-06
0,9.807291238522584e-07
0,1.11626338596109e-06
0,8.56713951539222e-07
0,5.294406788087481e-07
0,1.6617088141231282e-06
0,2.796625186588355e-06
0,9.850388004452005e-07
0,1.0450807948786853e-06
0,1.2411546847373583e-06
0,1.8214999917565168e-06
0,2.706026983781152e-06
0,5.112705170819183e-07
0,1.542395271755285e-06
0,1.798372249161457e-06
0,1.264355693448195e-06
0,1.3237414446239392e-06
0,1.143355450038911e-06
0,1.0573980346279128e-06
0,1.3226113832299478e-06
0,3.283981214718829e-06
0,1.1990626190681687e-06
0,4.3750417880248155e-06
0,7.723937975071144e-07
0,1.1121578589592332e-06
0,2.0409475470140523e-06
0,6.659910804404842e-07
0,2.7464220410708123e-06
0,5.656379958947102e-06
0,9.803329998835675e-07
0,1.1171841948480423e-06
0,8.668506973941627e-06
0,1.9301125540670943e-06
0,7.720588241887688e-07
0,1.0502538643043837e-06
0,1.823387658730078e-06
0,2.001255558679129e-06
0,8.465787701989229e-07
0,1.1735672885926296e-06
0,3.0628741147676247e-06
0,1.0911232959295769e-06
0,1.4425757132132402e-06
0,6.23784309305992e-07
0,4.450493458950823e-06
0,1.928977735140529e-06
0,6.679732868484997e-07
0,1.060586164494333e-06
0,8.520588012968383e-07
0,6.09540701468778e-07
0,4.603747501531762e-06
0,1.1512348358999773e-06
0,1.1999741050025135e-06
0,1.533319362913699e-06
0,9.324933967196636e-07
0,5.504100104142812e-07
0,8.802361009060952e-07
0,1.1408253156670297e-06
0,8.195329279573781e-07
0,1.5514872681734087e-06
0,4.576833694309569e-06
0,7.921404015926038e-06
0,4.823459023270608e-06
0,9.512335950494958e-06
0,5.766641133713942e-07
0,3.130275833406491e-06
0,9.414034671168864e-07
0,1.6502806269288918e-06
0,1.7015884627900687e-06
0,1.0423757473601353e-06
0,3.376866240003229e-06
0,7.0658501845565524e-06
0,1.6764509247617715e-06
0,1.1479195349145114e-06
0,2.1644554813759797e-06
0,2.181508046575756e-06
0,1.249632041787072e-06
0,5.6612339255087155e-06
0,4.785284845952538e-07
0,1.0957854155072576e-06
0,4.365536657768661e-06
0,5.7433743540470915e-06
0,5.591250558443328e-07
0,7.062832246545052e-07
0,6.3064214802732735e-06
0,1.129462547896869e-06
0,7.034750489333949e-07
0,1.4685739759309616e-06
0,2.056646229420482e-06
0,1.9490522842035173e-06
0,5.180484204639654e-06
0,1.0249548411495506e-06
0,2.017511836691512e-06
0,2.9339025466933886e-07
0,5.68272899710364e-07
0,4.081884846953998e-06
0,2.84787786730361e-06
0,9.321555215336629e-07
0,2.326263428008574e-06
0,3.0179530488518954e-06
0,9.61508056040064e-07
0,1.776447840536932e-06
0,0.0003218205696276765
0,2.8370901807588016e-06
0,8.54733425971238e-07
0,8.367905622602456e-07
0,3.490781349471103e-06
0,1.263039021517107e-06
0,1.6669240003904918e-06
0,1.0231940053120325e-06
0,5.715747156738573e-07
0,1.1939859250735193e-06
0,1.7520578125646834e-06
0,1.1038275123184774e-06
0,2.7376241908426887e-06
0,1.6390139144448072e-06
0,5.079270480304909e-06
0,4.820960602701404e-07
0,0.00913975737582454
0,2.5049302987673288e-06
0,9.84368254423607e-07
0,1.12187618705002e-06
0,5.656253501636202e-06
0,1.0057219638372494e-06
0,9.64189904994001e-07
0,1.2098722986248242e-06
0,4.531897652414116e-06
0,1.0330024540192076e-06
0,9.756349764875169e-07
0,7.679676420325421e-07
0,6.426167206841912e-07
0,7.020814278247121e-07
0,7.373064439000933e-06
0,1.4857058697786594e-06
0,9.268616225389101e-07
0,1.7531436107427757e-06
0,1.081393967294539e-06
0,3.081358500536655e-06
0,8.138112982058528e-07
0,3.505160890869932e-05
0,1.229187236702701e-05
0,2.9218131760425868e-06
0,7.419097130376234e-07
0,7.441120453424051e-06
0,3.265709426814336e-06
0,1.3140569832166322e-06
0,2.0509815043631685e-06
0,1.6991995764131548e-06
0,1.2295154763427265e-06
0,1.2301684673062329e-06
0,6.337954264052711e-07
0,9.529234935232732e-07
0,8.014259637724011e-07
0,2.392167082308638e-06
0,1.6768724776462656e-06
0,1.9125065485125383e-06
0,1.8713614142238206e-06
0,7.957194042268111e-07
0,2.236816975831886e-06
0,1.3089278774125308e-06
0,8.545943829656904e-07
0,1.4807186367141675e-06
0,2.3408487269875596e-06
0,1.4479891118954681e-06
0,3.2561084165699054e-06
0,4.0751063716120775e-06
0,1.4371821783176712e-06
0,2.2835249279411e-06
0,1.1773002362808763e-06
0,4.3870189778497445e-06
0,1.4829401754775125e-06
0,3.182279361101458e-06
0,3.0671401994055717e-06
0,1.142724744346589e-06
0,1.033209084569488e-06
0,1.40736424527898e-06
0,1.7755259470193352e-06
0,2.2334066683795276e-06
0,1.8256578707471496e-06
0,3.897736605782245e-06
0,2.856325549146292e-06
0,1.099986578296614e-06
0,1.1078871392091962e-06
0,2.6540944059660693e-05
0,2.502164716682586e-06
0,2.73755811205969e-06
0,9.501149313081951e-07
0,6.482366843555721e-07
0,5.956676452755446e-07
0,1.018090574524518e-06
0,7.781578032628164e-07
0,1.3218860030570351e-06
0,6.758862880612268e-07
0,2.08099973634447e-06
0,2.057882203136357e-06
0,1.6938157121776321e-06
0,7.013662889090501e-07
0,3.867459830033728e-06
0,1.9880780025704696e-06
0,1.3792671553014252e-06
0,2.791457397318653e-06
0,2.983242976265627e-06
0,1.5587787226152186e-06
0,9.724169126439082e-07
0,9.966505119735257e-06
0,3.719056375041761e-06
0,1.1590363542639077e-06
0,2.2028688680542997e-06
0,1.3442934018698574e-06
0,6.3847448936215055e-06
0,3.124431416492117e-06
0,1.4897611516741422e-06
0,5.227766290407123e-06
0,4.6421460635416335e-07
0,1.8910828924578086e-06
0,2.3699960844314256e-06
0,5.656385766615739e-06
0,1.443856047738282e-06
0,1.864031316762121e-06
0,6.683884700919225e-07
0,9.193926529191469e-06
0,4.529214673418665e-06
0,1.0836392649518783e-06
0,1.5208043102416336e-06
0,8.015702632399621e-07
0,1.7852212131773522e-06
0,2.305428762964408e-06
0,2.9319247786469923e-06
0,9.979920871917835e-07
0,2.570202373033865e-05
0,2.8922788149135833e-06
0,1.0784315816843647e-06
0,1.0832711531253805e-06
0,8.408016380395278e-06
0,1.8511560799546967e-06
0,8.83673479976695e-06
0,1.0717593708228523e-06
0,5.870245062648076e-06
0,1.0638704079611988e-06
0,2.9497291772801068e-06
0,2.11442433482998e-06
0,5.263143208023724e-06
0,3.3546097743076505e-06
0,6.194531915099818e-06
0,1.4347777198368897e-06
0,3.75184723214674e-06
0,8.012868744859383e-07
0,9.436693640810137e-07
0,3.673027275166617e-06
0,7.4607987954531065e-06
0,9.810161094512412e-07
0,9.07350330834898e-07
0,2.7707900960145743e-06
0,2.892583281605656e-06
0,8.159624662287279e-06
0,1.937012931740134e-06
0,2.3278638404210252e-06
0,2.075750759930926e-06
0,3.5285003247392972e-06
0,7.733121352448178e-06
0,9.646384870148597e-07
0,1.4035830902128476e-06
0,7.83960463968734e-07
0,9.658492342533424e-06
0,5.774766198302374e-07
0,3.589745608958853e-06
0,1.3031962464329952e-06
0,3.7113131712798766e-06
0,1.0123038549616444e-05
0,2.854516647497433e-06
0,2.7005097791722215e-06
0,2.3768547108452155e-06
0,5.663138530168016e-06
0,1.651029173958599e-06
0,5.94797587470649e-06
0,5.1785068558850135e-06
0,1.326954508007035e-06
0,7.482405959031048e-06
0,6.170963724408985e-06
0,3.477257768477542e-06
0,3.934856523529241e-06
0,2.7929584641237505e-06
0,8.93599601721974e-07
0,1.773989443727621e-06
0,2.459776449136683e-06
0,7.21503936260459e-06
0,2.9164135108771156e-06
0,3.253601526114525e-06
0,6.949962087188387e-06
0,3.870538688579962e-06
0,1.9249351486651593e-06
0,2.251436928059856e-05
0,2.8717363346528043e-06
0,9.019079068879326e-06
0,7.658267014762925e-07
0,2.3101272551821515e-06
0,4.129963203890655e-06
0,8.297644895679253e-06
0,1.5978542306704287e-06
0,4.167890999797139e-06
0,1.97854138389318e-06
0,7.185762468609655e-06
0,8.780797437313051e-07
0,3.2407160255059024e-06
0,3.6920479980590588e-06
0,1.9300790739299818e-06
0,3.889472632330867e-06
0,1.7051477071553377e-06
0,7.063635235379338e-07
0,4.03356601887713e-06
0,6.438863141500741e-06
0,4.96099986898539e-06
0,2.7570811950065674e-06
0,7.288623394270921e-06
0,2.166889361215112e-06
0,1.5099382707554089e-05
0,8.890083462966086e-06
0,7.036120704625921e-07
0,2.484216774958185e-06
0,5.171783307587766e-06
0,1.3051092345352483e-05
0,1.3889866398186478e-05
0,9.212612045293461e-07
0,2.892838556406725e-06
0,5.2659944888769175e-05
0,1.5381484664222129e-06
0,1.2205364135360374e-05
0,1.0047844534451725e-06
0,1.6333307782025956e-06
0,5.163572732977772e-06
0,1.3894240211188523e-06
0,2.654615819484494e-06
0,3.1431368893407786e-06
0,1.2284676709542777e-05
0,1.7267595393104215e-06
0,3.936708000892673e-06
0,4.404664007737363e-06
0,1.3396217650669168e-06
0,1.5510091249051337e-05
0,2.7809119261259743e-06
0,3.408988248902181e-06
0,8.080592829766531e-06
0,2.675458082790362e-06
0,2.2334622158140307e-05
0,3.008084104604548e-06
0,1.7618760698922e-06
0,9.591144654534307e-06
0,8.90102482302119e-06
0,5.276010973923499e-06
0,1.990791649823587e-06
0,1.8502425145714067e-06
0,7.082609450418523e-06
0,6.170584688903592e-06
0,3.7618837598804242e-06
0,4.252941418477594e-06
0,8.615363020208659e-06
0,2.4596043018989636e-06
0,3.2454775778846433e-06
0,3.234113048477308e-06
0,9.28758460095774e-06
0,4.588914399717404e-06
0,2.304827406379603e-05
0,1.2891456466765742e-06
0,9.44895421611522e-06
0,1.8449317773919504e-06
0,9.74002014325258e-07
0,8.632799466682679e-06
0,2.595682316618945e-06
0,3.1933276035608475e-05
0,5.332983469129497e-06
0,2.034026384130896e-06
0,2.923677479211239e-06
0,1.494564458216256e-06
0,1.4076684423555776e-06
0,1.124981730954683e-06
0,2.0049191174602445e-06
0,1.1435233842523426e-06
0,5.26396004678782e-06
0,4.647827903543206e-06
0,1.332533196308258e-06
0,3.84759506592956e-06
0,4.562820868037818e-06
0,2.5852993936670883e-06
0,6.965671274808798e-06
0,2.3897969954943896e-06
0,3.3165848226652825e-06
0,2.4609722947209622e-05
0,8.403184783689425e-07
0,3.044223572683262e-06
0,2.612312775524764e-06
1,0.33838805050013887
0,3.444542719099308e-06
1,0.994283463622224
0,5.944577117062551e-06
0,1.0855856596323006e-05
0,6.327639748711379e-07
0,8.717670014214733e-06
0,3.58321298144757e-05
0,1.1333785418287262e-06
0,3.941831741762272e-06
0,9.602567373334876e-06
0,2.186649813288297e-06
0,3.4590972832149507e-06
0,1.0340271916947201e-05
0,1.4251887088261214e-06
0,1.0573993875663366e-06
0,1.4648714473662927e-05
0,8.957850388895024e-06
0,1.7046497181998416e-06
0,1.8029873868420906e-06
0,8.951583476458541e-07
0,2.9927121333690874e-06
0,1.5201953736347645e-05
0,4.2491757495633285e-06
0,2.8621455197518245e-06
0,3.6360428705532297e-06
0,5.363710291926378e-07
0,2.361757314257826e-06
0,1.7007714035810735e-05
0,1.6633389220619238e-06
0,7.902481266641555e-07
0,2.0723778817589487e-06
0,3.882044769816809e-06
0,7.881058139936689e-06
0,1.5600000455330765e-06
0,3.974899099528619e-06
0,1.6853751328210356e-06
0,9.543672784690748e-07
0,5.7214475013267415e-06
0,4.2657197831826796e-06
0,4.122707002586431e-06
0,1.7092154509897423e-06
0,1.6063580086661344e-06
0,3.2810198077827643e-06
0,1.3528414220694066e-06
0,1.4578392892233547e-06
0,4.826895141685074e-07
0,1.6013201264540082e-05
0,3.203203122984941e-06
0,1.687485651221201e-06
0,2.5736191855080227e-06
0,7.108110306475829e-07
0,2.5708931261228775e-06
0,1.3402014844318119e-06
0,2.5023047462069753e-06
0,1.655986567496209e-05
0,4.715619857301365e-06
0,2.867965954159672e-06
0,6.5749458949821315e-06
0,1.966729306018237e-06
0,3.3824256173921776e-06
0,2.7681542676792995e-06
0,1.2610741491270825e-05
0,1.8591901072557467e-06
0,1.0434349801122309e-06
0,1.1158713464976895e-06
0,4.884743293166952e-06
0,6.544372942109735e-07
0,3.0583957227482547e-06
0,1.0891707972267785e-05
0,6.86880350536467e-07
0,3.210598246205529e-06
0,2.2086917245151885e-06
0,1.4604519797028152e-06
0,2.683482623377071e-06
0,2.202595437011619e-06
0,6.689936139070515e-06
0,8.15322447592004e-06
0,1.1963249527247635e-06
0,6.948243445268079e-06
0,3.9327563184177026e-05
0,1.6362151941947214e-06
0,0.0029947630349360984
0,1.7767442986849645e-06
0,1.311403835409526e-06
0,7.409912860437795e-06
0,5.429174811355872e-06
0,2.1741164297815885e-06
0,3.086760292185592e-06
0,2.1562884547581303e-06
0,0.002589398363021866
0,6.567290456390678e-06
0,5.384189474367921e-06
0,2.251702069914017e-06
0,2.9066739059046093e-06
0,6.313077212199724e-07
0,1.1056048236075186e-06
0,1.0573314875628515e-06
0,3.2292023342026235e-06
0,1.8446943756627316e-06
0,2.674101346987755e-06
0,7.115165607751715e-06
0,5.691074436804172e-06
0,9.126311528737352e-06
0,8.018780034182754e-06
0,1.6388744271638551e-06
0,5.359302174057609e-06
0,7.5741774362952445e-06
0,1.5573685515839499e-06
0,7.087646183116182e-06
0,4.244512277821909e-06
0,0.0007917465688518552
0,1.631780238595684e-05
0,8.079125523395507e-06
0,2.466745561143949e-06
0,1.913036372245796e-06
0,4.306404960066311e-06
0,2.3340306043350588e-05
0,8.442139778160566e-07
0,2.411535809828596e-05
0,7.43066392445243e-06
0,1.968830553415704e-06
0,8.67217429536087e-06
0,4.715670485878923e-06
0,2.6501290057231865e-06
0,3.6195465317383948e-06
0,8.191304973513123e-06
0,7.983412866093286e-07
0,1.1417524273699638e-05
0,4.7615319220874236e-06
0,2.403700852491108e-06
0,2.454167364893245e-06
0,2.1113447204348223e-06
0,8.273375608536243e-06
0,4.967425506171724e-06
0,1.6656058951328053e-06
0,7.061383825383433e-06
0,1.999544418189472e-06
0,2.1606029395658408e-06
0,1.3457256497584611e-05
0,1.568993423674422e-06
0,4.445593020999535e-06
0,4.165575010482669e-06
0,2.226963605856147e-06
0,9.109287934961473e-06
0,1.2059836882022977e-05
0,2.7109188571435516e-06
0,1.6056359765418908e-06
0,3.2856588930164053e-06
0,1.4721138939207686e-06
0,2.776294374137286e-06
0,4.971535135394305e-06
0,2.393234784328368e-06
0,5.824949649053053e-06
0,2.7532825018214186e-06
0,1.4976792382923485e-06
0,4.979256920581471e-06
0,2.2467267326036994e-06
0,1.873963923336592e-06
0,4.663690582348397e-06
0,8.04437388230706e-06
0,2.3172199261342756e-06
0,9.403521985820356e-06
0,2.7307162867713837e-05
0,2.235618233009303e-06
0,1.822463477666445e-06
0,1.967061663982653e-06
0,1.765388800000459e-06
0,1.3304882335270675e-05
0,4.835269053743569e-06
0,4.415268475083876e-06
0,6.211618224470132e-06
0,2.9182286780114937e-06
0,1.5119177274123218e-06
0,2.860145953843983e-06
0,8.448635220545055e-05
1,0.9991114872904064
0,7.216996616150172e-06
0,2.125540979751084e-06
0,4.075691343107724e-06
0,3.471969663621873e-06
0,1.187618398058026e-06
0,1.0005813375928697e-06
0,8.336304329390978e-07
0,6.056097171052261e-06
0,3.0346748305637465e-06
0,2.230225258575093e-06
0,6.999987610288372e-06
0,6.814820003871719e-06
0,1.2567453978180983e-06
0,3.114126390593877e-06
0,1.9974151850083234e-06
0,5.8050596010884125e-06
0,3.889996984379792e-06
0,1.0679874027015895e-05
0,2.79104640377668e-06
0,1.3878623102764582e-06
0,1.6341211929131254e-06
0,2.176481143619179e-06
0,5.6253337522377585e-06
0,1.1140377319598876e-06
0,2.2067852541514726e-06
0,5.555029498860893e-06
0,1.6495124923570465e-06
0,2.7147611073472025e-06
0,1.7322113651622716e-06
0,5.779760731295817e-06
0,2.2308099298972656e-06
0,3.167398332761792e-06
0,1.2165553754541926e-06
0,1.3010384689240788e-06
0,4.0995450245137654e-06
0,8.330223931939702e-07
0,2.459271334516806e-06
0,0.0003069420049773805
0,1.335629575780215e-06
0,1.033682356342163e-05
0,5.85130154186089e-06
0,1.8691853823135316e-05
0,8.304091566389134e-06
0,3.9224821646721946e-06
0,1.1708425404477024e-05
0,3.7048210713122417e-06
0,4.455869392097968e-06
0,6.260258376952917e-05
0,3.142075982242981e-06
0,4.9678293095512105e-06
0,7.538677164924582e-06
0,5.298606696507559e-06
0,1.297233118743447e-05
0,3.632296787481935e-06
0,7.940561674919708e-06
0,1.1336245976125032e-05
0,1.8769239472471211e-06
0,7.812743253212612e-06
0,1.1138874908094427e-06
0,2.671833626863621e-06
0,4.650331030376639e-06
0,5.647601320934044e-07
0,7.479946196027872e-07
0,1.8611369414453779e-06
0,9.966454402331213e-07
0,2.2750890065816234e-06
0,0.001691923129536233
0,1.3145862437915566e-06
0,5.952031439547562e-06
0,3.4127208163549492e-06
0,3.723542976648832e-06
0,2.011778065118657e-06
0,5.588663365590333e-06
0,9.321385058099246e-06
0,3.809456495370697e-06
0,7.273947667487772e-06
0,1.8487181861409845e-06
0,1.2066209066407743e-06
0,4.025914466767842e-06
0,1.925407723392238e-06
0,5.974405309620822e-06
0,1.596131647336539e-06
0,3.552673718428942e-06
0,3.911372812254264e-06
0,1.5935433894406554e-06
0,9.828384270895075e-07
0,9.079315715382365e-07
0,2.6552245897111563e-06
0,2.4155825274711117e-06
0,1.8562127943295855e-06
0,4.8495422296237725e-06
0,1.2584781524366953e-06
0,2.4117207074315383e-06
0,2.6182179284967484e-06
0,2.2344543327493394e-06
0,1.3930348423451323e-06
0,1.8963883718516734e-05
0,2.82798078574336e-06
0,9.973403070937136e-07
0,2.022015016357516e-06
0,8.16730372798976e-06
0,2.4359537866752537e-06
0,6.003053178154118e-06
0,9.518640855685709e-07
0,1.6069695434930208e-06
0,1.9119961298265143e-06
0,1.4756322612073102e-06
0,7.824148209081325e-07
0,3.2871306117397838e-06
0,6.676885147157841e-07
0,6.545326434237753e-07
0,3.9843888921423035e-06
0,5.111916817905613e-06
0,1.978380192699232e-06
0,1.7417693613048697e-06
0,1.7169239542198024e-06
0,2.781290780448132e-06
0,2.2037181736999215e-06
0,5.629347550453064e-06
0,1.7965204182391373e-06
0,1.4938270688727145e-06
0,6.594159465192577e-06
0,1.0648066103144047e-06
0,9.280690920601621e-07
0,3.481930142544143e-06
0,3.01313128850605e-06
0,3.095922960701264e-06
0,1.9863233325842214e-06
0,1.7691669087908918e-06
0,5.541780794225109e-06
0,3.461944373861103e-06
0,5.462301206988898e-06
0,1.909049425461806e-06
0,1.3449467205686802e-06
0,6.971855747884398e-07
0,8.931919142994841e-07
0,3.4609405266901095e-06
0,4.793149699589217e-06
0,4.068828505575235e-06
0,6.369245388442958e-06
0,4.621581383445443e-06
0,8.391223924421665e-06
0,1.2455609815952386e-06
0,4.188137722513427e-06
0,2.3534449244660317e-06
0,1.5053829574664904e-06
0,1.9480208322834973e-06
0,3.508524560098505e-06
0,1.9886305826651577e-06
0,1.24635658396717e-06
0,2.2921742319788695e-06
0,2.3585783884590653e-06
0,7.761917322874328e-07
0,5.134875677349277e-06
0,6.8969137086592035e-06
0,2.456298131090577e-06
0,6.994814822151689e-06
0,1.3221648900093313e-06
0,1.8047803466559418e-06
0,3.271202712816833e-06
0,8.72323691787939e-06
0,1.0375353246835018e-06
0,3.093233516970158e-06
0,2.3203833207886617e-06
0,8.620900902844927e-07
0,6.571028724767052e-06
0,1.720669075488931e-06
0,3.1473121339068595e-06
0,2.151641640751167e-06
0,1.2763585850067815e-06
0,3.4148571477593513e-06
0,1.3439342171291078e-06
0,7.321232061411336e-06
0,5.403546685628029e-06
0,1.1686017402644681e-06
0,3.4268300572136374e-06
0,8.560350772802376e-07
0,1.1453300625835401e-06
0,3.327081902065418e-06
0,4.243225622331486e-06
0,3.160436464844685e-06
0,1.2389035956806023e-06
0,3.2950823526623967e-06
0,2.338358313208359e-06
0,1.9916211161209576e-06
0,2.1359329909406023e-06
0,2.3408478890319603e-06
0,1.6875590469180919e-06
0,3.244227409498462e-06
0,1.194651432243743e-06
0,5.726984596651126e-07
0,1.2303101326726746e-06
0,1.229413902634991e-06
0,2.498415025776867e-06
0,1.2539645334840173e-06
0,9.827169348181681e-07
0,1.881237019262381e-06
0,5.184172355072246e-07
0,1.4469092266876617e-06
0,6.665775986329216e-07
0,4.876971486943854e-06
0,1.9138313746094354e-06
0,1.964205725495554e-06
0,6.399902568102967e-07
0,1.1113370284183868e-06
0,3.3223483150921584e-06
0,1.0795296637527596e-06
0,3.7250850155982976e-06
0,7.873724862427458e-07
0,2.127876012983638e-06
0,1.6106598457429853e-06
0,1.7463040727793943e-06
0,1.3304877365763934e-06
0,1.3067305385337383e-06
0,2.6599218116008722e-06
0,4.329323881480891e-06
0,6.114718580715343e-07
0,1.829671950653798e-06
0,2.4309280285072646e-06
0,2.111210072343471e-06
0,5.892380924380841e-06
0,1.7288725386168473e-06
0,1.4023308720523257e-06
0,3.0297095920664663e-06
0,2.4585584243756375e-06
0,2.2878479824945183e-06
0,1.2422726582349886e-06
0,5.36108869269465e-07
0,1.205703688676545e-06
0,2.9765065945912817e-06
0,1.708544397965177e-06
0,1.6069364710863426e-06
0,1.535429128566463e-06
0,9.3557669272157e-06
0,9.205115246529848e-07
0,1.3237254718876527e-06
0,1.964299082300258e-06
0,2.3063093706173245e-06
0,1.6775964364987409e-06
0,3.0478297492538923e-06
0,1.9407414447085286e-06
0,6.989595378104004e-06
0,7.816382778448994e-07
0,1.7589344528939044e-06
0,1.5346970494480913e-06
0,8.211090534093712e-07
0,4.133150304184893e-06
0,3.1872222117008435e-06
0,3.1977623293784225e-07
0,1.1744260182079293e-05
0,1.7687527325305996e-06
0,1.0287285468848093e-06
0,5.164725136160338e-06
0,1.1294674290222129e-06
0,1.409069198263165e-06
0,2.102711604933602e-06
0,9.83823919021556e-07
0,1.1201963104099725e-06
0,1.4478323499557529e-06
0,8.305836011876362e-06
0,5.538316424090058e-06
0,1.1228086299843013e-06
0,8.236524711708011e-07
0,3.02716920443912e-06
0,2.482859529347324e-06
0,1.4005654372575692e-06
0,1.7522690203995804e-06
0,1.1424604462893386e-06
0,7.758480671985468e-07
0,5.301051384926033e-07
0,6.378763095957247e-07
0,1.1342618467218283e-06
0,1.2372038497729928e-06
0,3.966993502244071e-06
0,2.938984342159865e-06
0,4.10886972799659e-06
0,9.468372442955858e-07
0,2.3422222761790112e-06
0,1.5800151758584535e-06
0,7.661632421933435e-07
0,1.0482165163358813e-06
0,1.292869112748302e-06
0,5.868032835633245e-07
0,4.080883406279547e-07
0,6.125181112094156e-07
0,1.7179749017780184e-06
0,4.4997073784453735e-07
0,4.362050872301306e-06
0,3.2468136957593725e-06
0,9.942593794035499e-07
0,3.4645057814882714e-07
0,9.447691499140795e-07
0,1.232140817016716e-06
0,1.023006404935898e-06
0,1.070861419280778e-06
0,4.496944540505631e-07
0,2.10196229449495e-06
0,9.116115494294515e-06
0,1.023952591217482e-06
0,2.4416361866033287e-06
0,1.3762644081166613e-06
0,1.6004594077984054e-06
0,1.4986503154492805e-06
0,2.840780095008772e-06
0,5.362052938273598e-06
0,4.437911547563614e-07
0,2.4571912404869075e-06
0,2.4609967859155176e-06
0,1.3957704671896396e-06
0,1.1278317595566977e-06
0,7.13102651094825e-07
0,1.3539853374342434e-06
0,1.4181604125538594e-06
0,1.682055612002806e-06
0,9.794503112330496e-07
0,2.5462735646742436e-06
0,2.4142111521430074e-06
0,6.22900391498057e-07
0,1.7343899232571095e-06
0,1.2295954035682776e-06
0,3.1030112809437687e-07
0,9.94466394068481e-07
0,9.730031009609899e-07
0,8.879540469451096e-07
0,9.119386804884002e-07
0,2.0957517245524947e-06
0,1.5795052345729767e-06
0,3.0234328627499025e-06
0,7.701017638667424e-07
0,1.2041787295150285e-05
0,9.964916051138536e-07
0,1.7894346977935656e-06
0,4.1470294466772695e-06
0,2.190524396013652e-06
0,2.125172846573715e-06
0,5.148140423993146e-07
0,6.529481253933633e-07
0,1.573587600029193e-06
0,6.860217230824392e-07
0,4.425056537235709e-06
0,5.240283742704566e-06
0,1.0192283878913178e-06
0,1.3437129455360717e-06
0,2.1449071500508985e-06
0,1.8810100495245825e-06
0,1.7257538547685297e-06
0,2.1674489122306633e-06
0,2.049286868728201e-06
0,5.881800883490654e-07
0,7.238697601257581e-07
0,2.1763324183112227e-06
0,4.358336769570899e-06
0,2.4028546655933827e-06
0,1.759374932028213e-06
0,1.6311547032621032e-06
0,7.004014311097633e-07
0,6.396660731999276e-07
0,4.03501106335803e-06
0,8.936440720386944e-07
0,6.376776853820883e-06
0,9.747851240628393e-07
0,1.0136210839904547e-06
0,6.898157696758067e-07
0,4.398338127486151e-07
0,2.3025162593794786e-06
0,8.869689785606492e-07
0,1.0781386259554027e-06
0,1.5616759959026503e-06
0,7.804251235379372e-07
0,2.421900269817388e-06
0,9.464385327993176e-07
0,1.0142075793824047e-06
0,1.764525316375153e-06
0,2.3779851608568775e-06
0,1.0622601191270992e-06
0,3.591283447071186e-06
0,1.1229113973134374e-06
0,1.1414263650472318e-06
0,2.1781525055490685e-06
0,1.1294570258053843e-06
0,3.2983960219729117e-06
0,5.783324576414309e-07
0,2.5479698423044695e-06
0,1.4856751325326772e-06
0,1.262121504284747e-06
0,0.00047973624149744707
0,5.327732602531818e-07
0,1.4708343911642406e-06
0,1.5151203799777073e-06
0,3.0731609022501097e-06
0,2.669625110824042e-06
0,2.3480219648545553e-06
0,5.108778822752407e-06
0,6.984818153223347e-06
0,1.082905826243693e-06
0,1.8169220803962068e-06
0,9.458629961309766e-07
0,1.8778821036451e-06
0,1.0337604603005026e-06
0,3.873244171011372e-06
0,4.242396690788452e-06
0,3.5819855531092666e-06
0,2.3189692630133875e-06
0,2.2607498738925023e-06
0,4.266744030790468e-06
0,2.225709734252185e-06
0,1.5488307729925256e-05
0,2.909122626742234e-06
0,2.2003419383374603e-06
0,9.444890578519793e-07
0,1.0370455837579798e-06
0,4.3984145154695514e-07
0,9.955271799958938e-07
0,3.0646655708009504e-06
0,1.044580870210456e-05
0,5.088354060887327e-06
0,1.0961885481477896e-06
0,8.542480193786964e-07
0,1.2713622306941454e-06
0,7.60622152166838e-07
0,2.465331715013052e-06
0,5.275746975928913e-06
0,5.275822967180052e-07
0,6.115368632330011e-07
0,2.0489105404728084e-06
0,1.6839237838704476e-06
0,6.073473880158479e-06
0,4.709284919666147e-06
0,2.406781919824311e-06
0,5.152699585803149e-06
0,1.8491458529671641e-06
0,1.0601855398076194e-06
0,1.6807224835208132e-06
0,4.142467237513153e-06
0,1.8356830611477906e-06
0,2.1668885732689964e-06
0,2.714899789408917e-06
0,7.318022596393709e-07
0,3.0430784232157256e-06
0,8.395045812512267e-07
0,2.3093908001076184e-06
0,3.858385826312551e-06
0,1.007261893371632e-06
0,1.1950339323731752e-06
0,1.4086156747352304e-06
0,2.0063606123738674e-06
0,5.400734695459464e-06
0,2.1134889407356353e-06
0,4.213443438535391e-06
0,8.78923149853408e-06
0,3.6989152836444395e-06
0,4.98059532263715e-07
0,7.345696900124599e-07
0,2.165343965349611e-06
0,8.77889366349386e-07
0,6.911359403896232e-06
0,1.5069709768584178e-06
0,9.544718107860165e-07
0,1.3443815368314384e-06
0,5.584191949146607e-06
0,1.4345144342577088e-06
0,2.086654401711694e-06
0,3.906459876220455e-06
0,9.526293918333754e-07
0,2.9109309009534476e-06
0,4.633953417186007e-06
0,7.865474831930017e-07
0,9.63266408151642e-07
0,2.750658069265692e-06
0,1.4126564734724045e-06
0,9.048367764108794e-06
0,2.687502799339175e-06
0,1.4845647653705154e-06
0,5.824238840104561e-06
0,1.7585303434117065e-05
0,2.013681441245474e-06
0,1.0601895331268881e-06
0,3.628375509853835e-06
0,2.7041218371672193e-05
0,3.888398548411643e-06
0,0.00197481194181853
0,1.6428552780928085e-06
0,2.310645380184991e-06
0,2.054260884820645e-06
0,3.3731235177969094e-06
0,3.193101262252209e-06
0,4.0611495311315715e-06
0,1.1333403335884824e-06
0,4.063279254763978e-06
0,7.758418846462328e-06
0,3.502431090503936e-06
0,4.171246727460718e-06
0,5.9106595695384675e-06
0,1.1205936502459093e-05
0,2.9332949333069542e-05
0,9.711877021521855e-07
0,7.745779254564004e-06
0,3.1383521104914824e-06
0,2.4777150083927466e-06
0,3.686849863729754e-06
0,1.313151496994796e-06
0,2.248191601122266e-06
0,1.2998282475031487e-06
0,2.25536167209755e-06
0,2.7897388269061844e-06
0,1.6260838493489782e-06
0,2.7964878699831467e-06
0,6.563064457549027e-06
0,4.459534798322833e-06
0,6.696125943511289e-07
0,1.625712479568637e-06
0,2.3893550396739413e-06
0,5.340813887431542e-06
0,1.7387572872370898e-06
0,3.9493720240942095e-06
0,6.561400374386071e-06
0,4.2658985588808365e-06
0,6.0970544007206635e-06
0,4.512026818168193e-06
0,2.5803043715021334e-06
0,1.9531696143908277e-06
0,4.866724170502363e-06
0,6.026465226015576e-06
0,3.605123655124468e-06
0,2.6287644075792302e-06
0,3.872930545903508e-06
0,9.218034557005498e-06
0,4.061013939016313e-06
0,7.796092507579447e-06
0,1.0459277070579788e-06
0,1.0959881440354902e-06
0,9.309399129654714e-07
0,7.860368049315364e-06
0,7.085269160201817e-06
0,9.514918608330091e-07
0,4.050027654940719e-06
0,2.8255174311208874e-06
0,1.0902234200491419e-06
0,6.5238701444017135e-06
0,1.9935166589304413e-06
0,1.8695995150690638e-06
0,3.6660705571037376e-06
0,6.465110319935229e-06
0,4.6938153722445055e-07
0,2.9817051640215657e-06
0,4.277920228755595e-06
0,2.5092843794579827e-06
0,2.417003811616243e-06
0,1.4603576085373168e-06
0,5.384982478103617e-06
0,4.913527994308421e-06
0,4.139115359315498e-06
0,3.815832838089152e-06
0,9.454530369142013e-07
0,7.355022566383639e-06
0,3.0089181173849655e-06
0,1.6106934538448639e-06
0,2.072006113190542e-06
0,6.9316787088046655e-06
0,7.547957625045623e-07
0,2.6819232623917244e-06
0,2.3018206294789814e-06
0,7.219421273237716e-07
0,4.6947193629232785e-06
0,3.1964059267838664e-06
0,7.839606936530277e-06
0,3.4101146993833377e-06
0,1.5239841285465594e-06
0,4.077256144508534e-06
0,6.459656667781208e-06
0,2.12893685592002e-06
0,7.046907531041495e-06
0,2.68838794744443e-06
0,2.9049600927634416e-06
0,2.6112453567101468e-06
0,2.9540604485226235e-06
0,3.7704853380241897e-06
0,4.12301050919271e-06
0,1.70427812792097e-06
0,3.6761481480712736e-06
0,9.52959717089905e-07
0,1.3394669812472845e-06
0,3.995643000336995e-06
0,2.535435079839541e-06
0,2.191975398155208e-06
0,3.826636873953741e-06
0,2.6341043947920728e-06
0,1.4945536797935935e-06
0,3.541906493173179e-06
0,1.0210747310325176e-06
0,2.0072115311403894e-06
0,5.538742076767459e-06
0,2.340234831465042e-06
0,0.0010106471594157629
0,8.16457137097053e-06
0,2.2310065038855817e-06
0,2.1494167065915843e-06
0,7.846121225120672e-07
0,1.4037827821233604e-06
1,0.9561190263257036
0,1.9206070608386122e-06
1,0.9994052968471108
0,7.24857246942075e-06
0,2.869299592348795e-06
0,6.241717325724309e-07
0,9.090823222578334e-07
0,1.9208625023447397e-06
0,9.833589730567233e-06
0,1.7837567246042243e-06
0,6.65051727526427e-06
0,9.801201246578122e-07
0,4.5056638695540045e-06
0,1.3174109772094486e-06
0,7.0020927135600145e-06
0,3.7650099472409924e-06
0,9.046756297856828e-06
0,3.926482953615256e-06
0,3.881235534369061e-06
0,2.1698866964685513e-06
0,2.625133413674822e-06
0,6.278369288635546e-06
0,1.647322289889934e-06
0,1.3085561087157385e-06
0,4.216365982278784e-06
0,2.097968688423138e-06
0,2.080848145689418e-06
0,1.90944775478349e-06
0,3.0812103048427918e-06
0,2.6079866674790097e-06
0,1.9695597286446494e-06
0,2.436000043693627e-06
0,1.410300509087948e-06
0,7.467260315213473e-06
0,1.775650065809855e-06
0,1.6006736260577498e-05
0,6.432934581754261e-06
0,5.914286619978215e-06
0,3.477908769444264e-06
0,4.417154117747245e-06
0,8.532136757579572e-06
0,2.637737752235236e-06
0,1.6524925718218184e-06
0,6.330889700779948e-06
0,1.8936083963641858e-06
0,6.321018654768269e-06
0,6.9890740477499055e-06
0,6.700720133764289e-07
0,0.00045237303765141394
0,5.249623332244446e-06
0,2.1813326369597442e-06
0,1.4396751020027006e-06
0,8.96775130142365e-07
0,1.152705972577916e-06
0,1.8984406043537923e-06
0,2.4841445893556127e-06
0,3.166215588195007e-06
0,1.0861985156776038e-06
0,1.7863708788736404e-06
0,3.0907028768536633e-06
0,2.7950840824773295e-06
0,2.949031191654402e-06
0,1.3946340079058574e-06
0,1.5583392138279588e-06
0,3.2788312917172687e-06
0,1.0606784767101642e-06
0,1.2651109014065747e-05
0,2.7858959622672396e-06
0,5.837296027167806e-06
0,3.8004984692436407e-06
0,8.691332372230914e-06
0,1.6454617111440715e-06
0,3.7673306921940726e-05
0,4.259203327732702e-06
0,2.1589857515997655e-06
0,1.3161974020227912e-06
0,2.134003907160541e-06
0,2.577572456856677e-06
0,1.2003474256631084e-06
0,8.222274765607773e-06
0,2.297431819065376e-06
0,3.1643970278173208e-06
0,4.167239377337533e-06
0,1.5058317317468608e-06
0,4.7377242531215265e-06
0,2.0552805566732436e-06
0,1.164657082371061e-05
0,2.6344580016007284e-06
0,1.904886706669508e-06
0,1.3010398398511767e-05
0,1.3440450225388544e-06
0,1.54815967963436e-06
0,5.096992051056716e-06
0,8.951210519766727e-06
0,3.924234593016967e-06
0,8.109874996399345e-07
0,3.0014894279267445e-06
0,3.173079920304592e-06
0,7.232560505662411e-06
0,9.950675538594053e-07
0,6.6398806960214604e-06
0,1.7589387491217797e-05
0,6.705118854269313e-07
0,5.995584969444627e-06
0,1.678525149106066e-06
0,1.2298137554557193e-05
0,7.1950622315737994e-06
0,1.961897044807272e-06
0,3.881898839619785e-06
0,6.972814354364866e-06
0,6.820311292711689e-07
0,7.0912408022390864e-06
0,8.23979098458307e-07
0,3.3894307148038194e-06
0,2.273896168367104e-06
0,2.0437379950908497e-06
0,2.9821623628293258e-06
0,1.3010080239821882e-06
0,1.8621162806286017e-06
0,5.574616339809702e-06
0,3.518519423865746e-06
0,5.8195670815123665e-06
0,2.5528514171081526e-05
0,9.733197710736498e-06
0,1.2931649898271515e-06
0,3.763642473041763e-06
0,1.4000512966442934e-06
0,2.107479702838295e-06
0,4.358595280944328e-06
0,2.4431604899669604e-06
0,1.1159034588096547e-06
0,1.6500884498566493e-06
0,3.815919898265043e-06
0,2.3988882860165117e-06
0,2.6054742867969534e-06
0,1.8190952396194969e-06
0,3.133326427589351e-06
0,8.648446663710732e-06
0,2.5632894909071463e-06
0,4.2299208563462215e-06
0,8.20102285440267e-07
0,1.1725987413794325e-05
0,1.2402330597586662e-05
0,2.3575111828382653e-06
0,1.7398950612073643e-06
0,6.617164182637282e-07
0,4.255484231404172e-06
0,3.535918633059481e-06
0,3.6700310750347798e-06
0,3.932688863577722e-06
0,3.1208156679552605e-06
0,8.262458785368079e-06
0,3.7332267924447244e-06
0,1.2302952300265854e-06
0,1.7702672019722538e-06
0,6.183174616274984e-06
0,3.954075674457182e-06
0,3.3003368062338555e-06
0,7.630407327388798e-06
0,1.0475315054577956e-06
0,8.96601327047397e-06
0,5.09692070472202e-06
0,2.3243122984088114e-06
0,6.2433713916297e-06
0,3.897873381131866e-06
0,4.839692305023305e-06
0,6.513075429210942e-06
0,1.225899191546056e-05
0,8.100850449183033e-07
0,3.4275037986324196e-06
0,1.8679541062611848e-06
0,8.006811415706368e-05
0,3.225433732641695e-06
0,1.1008409195492523e-05
0,3.732622753181526e-06
0,2.953620713966479e-06
0,6.006796750610785e-06
0,1.3315903267300254e-06
0,1.6160684226436002e-05
0,4.33102868690044e-06
0,5.149485311911753e-06
0,5.049720664290051e-06
0,1.8945139719061995e-06
0,2.951974856761396e-06
0,1.239159143616127e-06
0,2.569829876965286e-06
0,6.591414060674327e-06
0,2.2929386853517467e-06
0,3.592207162251602e-06
0,6.44504291228312e-06
0,3.7624856944380392e-06
0,1.7624566962773068e-06
0,1.8249103716636548e-05
0,4.4886708333228545e-06
0,4.331551761513981e-06
0,2.352780506115346e-06
0,9.510243770743819e-07
0,3.30507716404037e-06
0,2.2444783231424965e-06
0,2.6805977731198307e-06
0,9.784301510003504e-06
0,3.7658214049649316e-06
0,8.220175187706191e-07
0,2.420570934171021e-06
0,9.932376144320155e-07
0,2.187268064570803e-06
0,2.618841832680751e-06
0,3.538527920615012e-06
0,1.9806587323746267e-06
0,6.467215658857654e-07
0,2.247653216234292e-06
0,3.3055054262265143e-06
0,2.2767900813900446e-06
0,5.950265628914822e-06
0,4.0957476723363176e-06
0,7.141959742616243e-06
0,9.871131652181021e-07
0,2.7486008318587283e-06
0,1.4061721833134377e-05
0,5.192127160196557e-06
0,1.891621785221291e-06
0,3.376973736690001e-06
0,6.215183582841507e-06
0,1.9131444766772616e-06
0,1.4476020654817033e-06
0,2.040257762179539e-06
0,2.4215370653163785e-05
0,3.630524280453066e-06
0,6.273012185141257e-06
0,1.3840595678261167e-06
0,3.2273637823924536e-06
0,3.0606142218264693e-06
0,7.600213183350659e-07
0,1.2581079945784793e-05
0,1.701582633787133e-06
0,1.109058927221953e-06
0,3.7178253342773033e-06
0,0.000762763945982194
0,3.2188475247855295e-06
0,2.1528117468142163e-06
0,3.145781876560277e-06
0,1.6500352229213412e-06
0,2.3892377994823005e-06
0,3.4308670460374238e-06
0,1.0251506084098726e-06
0,9.980075645413817e-07
0,3.850152200334284e-06
0,6.425470298406568e-07
0,4.293861551991465e-06
0,1.1130992183789258e-06
0,3.3004113763805054e-06
0,3.921623638440465e-06
0,2.2998299036243113e-06
0,2.5193002126644805e-06
0,3.5861508135099946e-06
0,2.7307836053701774e-06
0,5.083538809069768e-06
0,2.7067645747952967e-06
0,3.5183720214284247e-06
0,1.1735580248349706e-06
0,6.862315940534956e-06
0,2.7229369768496516e-06
0,4.853148220826553e-06
0,1.759517461608044e-06
0,5.820069186455194e-06
0,7.856449031384466e-07
0,1.810917995908633e-06
0,2.2286386553050956e-06
0,1.1834247640149027e-06
0,2.7810144429662145e-06
0,1.142361317957943e-06
0,8.766800447778728e-06
0,5.061266053293947e-06
0,2.9167103499361558e-06
0,1.1792838915387091e-06
0,1.591081824062805e-06
0,1.7782932115164534e-06
0,3.890798931045882e-06
0,2.2893202919643253e-06
0,2.7564513561161713e-06
0,1.4801599296787837e-06
0,1.5594823915007771e-06
0,1.378275340014517e-06
0,4.659847507575699e-06
0,6.805462095714687e-06
0,7.356997614923802e-07
0,1.2503921422547818e-06
0,3.1404501728856584e-06
0,3.377833136651775e-06
0,2.118144860962389e-06
0,1.0144465830907184e-06
0,3.1436944228618306e-06
0,3.81556069857075e-06
0,1.1419676018998644e-06
0,1.3588622744330157e-06
0,7.470220544752441e-07
0,6.903701201566794e-06
0,4.5100395614806025e-07
0,4.065149363245314e-06
0,2.134373935624987e-06
0,4.171137568686107e-06
0,1.3741997477322343e-06
0,6.442004088573932e-07
0,2.426493966026994e-06
0,1.503405451929541e-05
0,1.015576988143325e-06
0,1.2580270842755162e-06
0,3.962905231519355e-07
0,5.623049755125906e-07
0,1.1177095689070369e-06
0,2.10969341286876e-06
0,2.367529701638193e-06
0,1.8675849990326703e-05
0,8.799570990754487e-06
0,5.254549333975561e-06
0,8.832267529399017e-06
0,1.00207640033581e-06
0,6.338764602231729e-07
0,1.989707924109151e-06
0,6.638752006091582e-07
0,1.3375205436508226e-06
0,4.800782950747046e-06
0,2.2093220072079157e-06
0,9.231543787259207e-07
0,7.465260618661474e-07
0,6.641658448915641e-07
0,2.163846414563555e-06
0,4.866607421245311e-07
0,1.7700276612307837e-06
0,9.558280289959172e-07
0,2.207483676266406e-06
0,9.10791333272558e-07
0,1.1525307510962022e-06
0,1.6402963674926613e-06
0,2.8207052798882997e-06
0,5.581638304385111e-07
0,1.3678840832644638e-06
0,1.0822473077999442e-06
0,3.5590292114543505e-06
0,2.852804224557118e-06
0,2.3970684028070327e-05
0,5.8953696272821996e-06
0,1.303879574702841e-06
0,1.5375461932277645e-06
0,2.139926502145443e-06
0,7.496014487127981e-07
0,1.2938002287178678e-06
0,2.6455240852258473e-06
0,7.77728362620198e-07
0,3.4494146610277773e-06
0,1.082897216321832e-06
0,1.8292195766109357e-06
0,1.7136173730226914e-06
0,1.448413485513107e-06
0,5.810689492832747e-07
0,0.0002084501620333566
0,2.2925874950430593e-06
0,9.192007612894555e-07
0,7.360874553073354e-07
0,4.424212947179766e-07
0,1.778849039546761e-06
0,1.1723593507847067e-06
0,1.0047475898650974e-06
0,2.1878828020918513e-06
0,2.3047396130630563e-06
0,1.3275333102941783e-06
0,4.4119547585682587e-07
0,1.7211579459550815e-06
0,2.8102704486985696e-06
0,1.522150351965535e-06
0,1.4192828892984273e-06
0,2.5951060379285477e-06
0,5.321454139716619e-06
0,1.117599016790547e-06
0,1.0652859364249041e-06
0,1.6335588662881816e-06
0,9.136194623610196e-07
0,1.6952286720919737e-06
0,3.7359200546234258e-06
0,3.1348387096599315e-07
0,2.117452697571627e-06
0,4.7603737456879376e-07
0,3.748081529351765e-06
0,2.7236529900926732e-06
0,7.171234138419105e-07
0,6.551883838120638e-07
0,1.409961086125207e-06
0,2.6328959835108474e-06
0,1.4863033298198273e-06
0,7.416034920663075e-07
0,1.4435882916643856e-06
0,1.728119750005581e-06
0,1.867498431889731e-06
0,4.2262474945624815e-06
0,5.019485306639229e-07
0,6.331011474790898e-07
0,1.913861542324225e-06
0,7.192121429813983e-07
0,2.6901096017706952e-06
0,1.1139030324096103e-06
0,2.220073748181973e-06
0,1.5625842751415791e-06
0,1.447952872561631e-06
0,4.190431291557624e-07
0,4.99625352926799e-07
0,2.52725521393287e-06
0,6.597049572357223e-07
0,6.482627594995864e-06
0,2.9758767928399685e-06
0,6.806143012414229e-07
0,9.944734411841787e-07
0,1.4012158460836802e-06
0,2.062115172957602e-05
0,2.0405577808048305e-06
0,9.542235396652161e-07
0,5.19336087716984e-07
0,2.2252153391086846e-06
0,1.2894954126265731e-06
0,6.744710995907258e-06
0,3.2314137696230062e-06
0,4.439986691264468e-06
0,9.82611021063696e-07
0,9.93706404037035e-07
0,1.0237381703836147e-06
0,5.642424357149223e-06
0,8.462211064326303e-07
0,5.113951098872513e-07
0,1.9549540261650764e-06
0,3.240471516322027e-06
0,2.04377949665713e-06
0,1.2082152147214657e-06
0,4.4809949077241e-07
0,1.4572942583635388e-06
0,6.83891517699595e-05
0,1.7576330538880876e-06
0,3.229523478955319e-06
0,1.6157656436338583e-06
0,3.302694245992622e-06
0,2.7202133313065353e-06
0,2.163066972779334e-06
0,1.0739106962708194e-06
0,2.1680061125006667e-06
0,3.70451014053454e-07
0,2.6595271439355386e-06
0,2.98957578244272e-06
0,7.762453138978367e-07
0,1.4722744072711048e-06
0,1.4004411614527227e-06
0,9.853920222614744e-07
0,1.112644075481663e-05
0,1.9219705804580115e-06
0,1.0769622852237132e-06
0,6.221679963677137e-07
0,7.788971399767351e-07
0,1.1502520140800239e-06
0,7.713842673493739e-06
0,1.1350936392740247e-06
0,2.06384342562765e-06
0,1.9726722832721493e-06
0,9.650487057111496e-07
0,1.804398583659216e-06
0,1.1489707144110742e-06
0,2.9174753891234034e-06
0,1.4579015536681907e-06
0,5.813640901511802e-07
0,1.922936736750386e-05
0,2.735053729617601e-06
0,9.755165714831301e-06
0,1.6849945599118818e-06
0,2.0027257918273614e-06
0,5.966196779697024e-07
0,6.407471010381065e-07
0,1.658462173183211e-06
0,2.2808450763735723e-06
0,1.0396683415860509e-06
0,1.0487737995045387e-06
0,1.5571931121858362e-06
0,1.2531342337360637e-06
0,7.775732903772966e-07
0,2.5563461087497702e-06
0,3.3616565401724494e-06
0,3.200490550419514e-06
0,1.3191285583639705e-06
0,1.2627822494136067e-06
0,1.2826249799288323e-06
0,1.815100279446327e-06
0,1.4191477762110387e-06
0,2.539464483072197e-06
0,8.864367905320678e-07
0,9.338614667464235e-07
0,2.9148792675329964e-06
0,1.6235748881271506e-06
0,3.013636210030172e-06
0,1.2841358029128156e-05
0,2.3821615360202217e-06
0,3.250101688008575e-06
0,7.542032913800603e-05
0,8.757703655000118e-07
0,1.8492492126691408e-06
0,8.007062389229718e-07
0,1.6478902193014316e-06
0,6.759811254117604e-07
0,5.690470829220463e-06
0,2.0179930987468947e-06
0,3.4115051672742062e-06
0,4.265332581049738e-06
0,8.645523392587517e-07
0,4.195606431398951e-06
0,1.6794129028013634e-06
0,2.970466443688728e-06
0,4.425999419882002e-06
0,5.373632097004528e-06
0,1.4027815473928099e-06
0,1.6986965943965368e-06
0,8.789996652994392e-06
0,1.0556931415309845e-06
0,4.539165597438973e-06
0,1.6809921008110095e-06
0,2.620818050476022e-06
0,1.9850632462525426e-06
0,9.203100372228698e-07
0,1.604224204255663e-06
0,1.064619697947022e-06
0,1.0969812640631152e-06
0,5.214946147903637e-06
0,1.2385528294970988e-06
0,5.090380573420419e-06
0,1.8893443181096847e-06
0,2.475426987794292e-06
0,4.907895002810364e-07
0,1.6728166579630727e-06
0,1.0131680392631928e-05
0,1.5489324332588839e-06
0,2.8935306608471898e-05
0,1.6813849977648136e-06
0,3.7669342269273424e-06
0,2.4360192054873113e-06
0,1.2630273080309152e-06
0,1.2794425888024969e-05
0,1.7345948347800834e-06
0,7.934741244751254e-06
0,5.92590831903306e-06
0,2.2437444156189965e-06
0,3.0663627398415666e-06
0,1.095835639201896e-06
0,2.883123181020593e-06
0,1.1646122773467596e-06
0,1.2516814262049561e-06
0,5.534150198807191e-06
0,2.354045376132565e-06
0,4.6192582313683185e-06
0,6.675786474900107e-06
0,1.7421177244570333e-06
0,3.661892156200702e-06
0,8.163477217328314e-07
0,4.870369648781422e-06
0,2.468549777204154e-06
0,0.0014486409750081443
0,3.6610301385792706e-06
0,1.9795966215847958e-06
0,2.3115459078118874e-06
0,3.824218198164127e-06
0,9.935783236912e-05
0,1.9450669386337466e-06
0,1.4308642590907814e-06
0,1.1011811268195277e-05
0,1.9156074602436707e-05
0,1.3458364583462501e-06
0,2.493194724200674e-06
0,1.5736790156334466e-05
0,2.9195362985294264e-06
0,2.5534789103912857e-06
0,2.879735715734479e-06
0,3.218265426784644e-06
0,4.6358157433565125e-06
0,3.7467887115672365e-06
0,5.2883831793579e-06
0,3.8193025366448435e-06
0,8.50301977233449e-06
0,6.103294026053962e-06
0,5.557505279732006e-06
0,4.828357733937357e-06
0,2.905957041052338e-06
0,9.165881757774506e-07
0,5.2645179226677505e-06
0,1.2051915154879398e-06
0,9.61593879249669e-06
0,1.0027673128950482e-06
0,9.852069476241688e-06
0,2.9532796856850697e-06
0,9.17815521868769e-06
0,2.1821620589052794e-06
0,2.352871220015526e-06
0,1.0812331318885777e-06
0,9.8764319171422e-07
0,1.5778714312924402e-06
0,2.2438964880580893e-06
0,5.8878052202093405e-06
0,5.62234064007282e-06
0,6.480504425371049e-06
0,8.985384095866494e-06
0,1.0770861013866851e-05
0,1.8121506068684086e-06
0,4.56121839335525e-06
0,7.218122906498958e-07
0,5.022363422247841e-06
0,2.146639480610465e-06
0,1.6960189095524876e-06
0,4.268104439466824e-06
0,1.1744770732388678e-06
0,3.2279236552378307e-06
0,4.024047156636618e-06
0,5.481730318463779e-06
0,3.0295347404977456e-06
0,4.652786996551465e-06
0,9.683693651047988e-06
0,4.823060216265362e-06
0,1.8933217830533552e-05
0,3.4464194428304474e-06
0,0.0022562407794043944
0,6.186445321263934e-06
0,3.6878148719000686e-06
0,5.593114093035622e-06
0,4.0010971035968904e-06
0,6.725375021715798e-06
0,1.8708456354495329e-06
0,5.021849801280142e-06
0,2.1033695447676e-06
0,2.6418077069838e-06
0,2.120921246818567e-06
0,2.6549451253309534e-06
0,1.5886359519868344e-05
0,1.2595218629807521e-05
0,1.1073917870941519e-06
0,5.619631769850071e-06
0,7.730763291441265e-07
0,2.0729692501593467e-06
0,3.676894878088506e-06
0,4.624756916364639e-06
0,2.0725758962640986e-06
0,7.5374385001459585e-06
0,3.828951493357059e-06
0,3.5617949769652253e-06
0,2.0236666647878123e-05
0,2.036077647940003e-06
0,1.8308803378160337e-06
0,2.248380353864369e-06
0,9.366052576301107e-06
0,2.472278014238112e-06
0,5.140306765349158e-06
0,5.517566504571735e-06
0,3.0958466116719905e-06
0,1.9517201766191415e-06
0,3.2891630906624547e-06
0,2.4663849835520995e-06
0,1.9844942431284112e-06
0,8.574883060491026e-06
0,5.583734945292102e-07
0,1.2261702289432856e-05
0,5.666815921381914e-06
0,1.478447015324364e-06
0,1.5775585189247853e-06
0,2.229109626125745e-06
0,2.030369677584267e-06
0,4.894725784776692e-06
0,4.651154596345901e-06
0,6.71531487828639e-06
0,5.4825859940564866e-06
0,2.46210326743163e-06
0,1.87994973224396e-06
0,9.70632510580081e-06
0,8.880768541135708e-07
0,1.515581500909226e-05
0,1.1429903274249677e-06
0,5.6315081380260216e-06
0,5.862579643236314e-06
0,3.7010810964835305e-06
0,4.338427496738569e-06
0,3.262981929289081e-06
0,3.1043841036838553e-06
0,4.031595976769808e-06
0,3.47981819488797e-06
0,4.8158067338497065e-06
0,3.823438817689186e-06
0,1.1276256172393898e-06
0,4.304991204589874e-06
0,2.4884176733431163e-06
0,1.6448264977921636e-06
0,9.011048843549537e-07
0,5.522503018799384e-06
0,3.026692783584464e-06
0,2.543819840090272e-06
0,4.098778568473266e-06
0,9.301539280256645e-07
0,3.2633737992348237e-06
0,1.4100670931210819e-06
0,2.4084042828772646e-06
0,1.784947973962699e-06
0,2.528706056743666e-06
0,1.252258896788074e-06
0,7.463700663280237e-06
0,1.764544210109244e-06
0,2.356986106671563e-06
0,1.009943396056296e-05
0,5.364377406007812e-06
0,1.9290019623345706e-06
0,1.9411196203082005e-06
0,8.498267457853295e-06
0,3.322676854319852e-06
0,2.4266368339730108e-06
0,3.431202002414659e-06
0,2.0053555970926735e-06
0,6.12331177580154e-06
0,1.8251190348997388e-06
0,3.6896165225187173e-06
0,1.5667130779508481e-06
0,9.215143256991201e-07
0,3.229597945582075e-06
0,2.1808339349836056e-06
0,1.998025779988946e-06
0,5.200839680297714e-07
0,1.422368730345859e-05
0,4.136243245944946e-06
0,1.3537234337736744e-06
0,5.21568540751847e-06
0,1.937493814115394e-06
0,7.379205504763819e-06
0,1.7124662712160174e-06
0,1.0574670678215967e-05
0,1.2663988184950901e-06
0,4.1659521606325105e-06
0,7.819653040718673e-07
0,5.118759976437314e-06
0,1.4813819860317665e-06
0,1.3013996506423916e-06
0,1.8480907828136825e-05
0,6.100604649334524e-06
0,3.032139032038124e-06
0,3.1222360759024573e-06
0,1.781523003970662e-06
0,3.096992319659849e-06
0,1.6535326842975285e-06
0,1.778204995253836e-06
0,2.824845042178127e-06
0,5.664986106361378e-07
0,5.031461782769718e-06
0,1.1421945823159146e-06
0,8.929280467366144e-06
0,1.008322997077393e-06
0,1.6060595314514178e-06
0,1.4189886556280856e-06
0,7.603714453444694e-06
0,1.0522195858803547e-06
0,3.4045435419960837e-06
0,3.653344513629399e-06
0,8.020110792419655e-06
0,2.0463082516746594e-06
0,9.95390819257557e-06
0,7.869163363962803e-06
0,5.794595982597879e-06
0,1.549491875829484e-06
0,5.087167771746931e-06
0,1.616599758864193e-06
0,2.358608222495697e-06
0,7.632914937256517e-07
0,2.3059995146642947e-06
0,2.3062310716110553e-06
0,1.0297191357966977e-06
0,2.724549663113598e-06
0,1.0651731664026232e-06
0,1.0068087838914186e-06
0,3.396296248006486e-06
0,5.121103750625785e-06
0,2.151929413435163e-06
0,1.4382070774311828e-06
0,5.696990866704463e-07
0,1.475522946732041e-06
0,8.05153361965085e-07
0,9.966940010286067e-07
0,8.236141419250953e-07
0,1.6960377851457226e-06
0,1.3359260963179414e-06
0,4.414131397712608e-06
0,3.1226242140615047e-06
0,1.1174426056668063e-06
0,3.5911710763340776e-06
0,7.758896337925951e-07
0,3.2722895179106807e-06
0,1.1415942609815032e-06
0,4.9745311727146014e-06
0,1.9133946898266545e-06
0,2.8127162160857025e-06
0,9.053925829060516e-07
0,1.4055019458589792e-06
0,9.632678253281116e-07
0,8.375879719389872e-07
0,4.77733323099621e-06
0,7.961558549176832e-06
0,1.5665861289903067e-06
0,7.670188020076393e-07
0,3.714438177688173e-05
0,2.5073162246824253e-06
0,1.7211775892939152e-06
0,1.1329478637336162e-06
0,1.8911045831370622e-06
0,1.0172273679409586e-06
0,3.1092866451316473e-06
0,1.1262847880066102e-06
0,1.533141577663267e-06
0,1.5887523548834073e-05
0,5.9286072579690004e-06
0,2.5004324396740437e-06
0,2.2276617002415914e-06
0,2.6903131096844017e-06
0,8.183589063754856e-07
0,1.99439632744129e-06
0,9.226021888618509e-07
0,1.2958931615890977e-06
0,2.379228389534222e-06
0,1.5746116447086672e-06
0,3.95630184501907e-06
0,6.7961368862625194e-06
0,2.9913516377546823e-06
0,5.487978053758541e-06
0,1.4970624836036147e-06
0,1.729881825226954e-06
0,2.4340886137690096e-06
0,2.2623347724102963e-06
0,1.1142344574087917e-06
0,1.029069710556919e-06
0,2.0890980651413974e-06
0,6.980357101507026e-06
0,9.30666409716384e-07
0,2.554428985006488e-06
0,4.4621285986306735e-07
0,7.926304550909994e-07
0,1.689767362044126e-06
0,1.150581449473119e-06
0,1.6866475427780389e-06
0,4.328998035759344e-06
0,9.842431713569522e-07
0,2.3314807916590703e-06
0,1.3811107840901899e-06
0,2.7711603540010383e-06
0,1.9256706271799626e-06
0,2.016181281472458e-06
0,2.6831081294266293e-06
0,1.291190854799339e-06
0,8.454348836516411e-07
0,1.5456886766898256e-06
0,1.4961764311711323e-06
0,6.708551637728604e-07
0,2.126838421408013e-06
0,1.6476928432172437e-06
0,2.8136297204488795e-06
0,5.886371878530379e-06
0,1.4343386137720957e-06
0,3.565087732795168e-06
0,9.95475129698833e-07
0,6.980392008579076e-07
0,2.4137380248265192e-06
0,1.4620810493702668e-06
0,4.0994769532000675e-06
0,5.810327911609947e-07
0,1.4322335904725666e-06
0,1.232805722283985e-06
0,2.22938908291477e-06
0,3.819536763367296e-06
0,8.669207101666868e-07
0,8.280092623644286e-07
0,1.8407530803203835e-06
0,1.0516115380922315e-06
0,2.724071490253337e-06
0,9.234459573862703e-06
0,9.372539994277364e-07
0,5.896134013141339e-07
0,1.2964360569324273e-06
0,1.0365344406830204e-06
0,2.2058204405476226e-06
0,0.00017368892898140303
0,1.150339354270395e-06
0,3.8080363444205863e-07
0,7.631573422534666e-07
0,2.301772387257497e-06
0,1.650176251269153e-06
0,2.9177708519654084e-06
0,7.270979282230323e-07
0,6.101364174898012e-07
0,3.635231108418331e-06
0,2.326836897124791e-06
0,3.0045024128628594e-06
0,1.866979291139457e-06
0,1.910568746244985e-06
0,6.151324444361855e-06
0,1.3417582632862515e-06
0,2.3595171671408775e-05
0,3.6978450236253826e-06
0,1.5644763994249935e-06
0,6.875266203094791e-07
0,5.6428234143269505e-06
0,5.5127855177207215e-06
0,3.904914954013168e-07
0,9.28205118858871e-07
0,7.438789120169072e-06
0,8.331470133727626e-07
0,9.430296407732493e-07
0,2.0205112656828653e-06
0,3.5694679828387947e-06
0,2.6470818181635404e-06
0,1.488604585935594e-06
0,2.431472270290128e-06
0,6.14770423247871e-06
0,1.0343428307457168e-05
0,2.7509494080319723e-07
0,1.4495872646564525e-06
0,1.0615271483551056e-06
0,2.484185472750125e-06
0,1.4927544495401806e-06
0,1.0608751541709937e-06
0,2.3383159864250304e-06
0,2.741886119930071e-06
0,4.807099088263617e-06
0,1.3631459643847687e-06
0,9.077957676005914e-07
0,1.988074189216902e-06
0,1.7369806124076074e-05
0,1.987650918180765e-06
0,2.474608280927918e-06
0,2.498255579611898e-06
0,3.045061907173247e-06
0,3.2076382304425777e-06
0,1.4361617877601755e-06
0,4.6464907885913395e-06
0,8.857101461539064e-06
0,1.4135449480525096e-06
0,1.5335021897606367e-06
0,1.189269239879469e-06
0,1.0599504851251539e-06
0,8.115483086985076e-07
0,6.090386164608129e-07
0,5.348488449388027e-06
0,3.890862909137547e-06
0,9.487630912967241e-07
1,0.9382413943197987
0,1.134501918027367e-05
0,1.0401295140199336e-06
0,1.8169416439211512e-06
1,0.9997991913822655
0,3.58485589531564e-06
0,1.5800620623519445e-06
0,1.2152368618915966e-06
0,1.5609352841006528e-06
1,0.9998257423128922
0,2.7763549121677813e-06
0,1.8140731084629708e-06
0,2.1541252846182384e-06
0,3.185994385304873e-06
0,5.01320549678085e-06
0,2.36649972444394e-06
0,2.235216255791793e-06
0,9.91479261448986e-07
0,2.3288685484880296e-06
0,1.4201162167122964e-06
0,2.267364029414625e-06
0,6.431404985570318e-07
0,4.634384231031089e-06
0,3.060867021207167e-06
0,1.703036428949013e-06
0,9.059142738191929e-07
0,3.455297809856431e-06
0,8.939382959343998e-07
0,1.2908851387645674e-06
0,2.956444168822062e-06
0,1.7419283294102938e-06
0,1.2671988368801e-06
0,2.0202786360363805e-05
0,1.4836904940503535e-06
0,4.333588238062439e-06
0,1.6724144755310437e-06
0,4.253051713709533e-06
1,0.5074263354437273
0,1.3040058697997811e-06
0,2.4556464311112563e-06
0,0.00019107887089781978
0,1.6038036983882093e-06
1,0.8575199123181236
0,7.893009813685111e-07
0,2.4125781453303e-06
0,1.1663243202148665e-06
0,6.302287685889234e-06
0,1.675166424676756e-06
0,1.84456627230774e-06
0,1.3946598582528324e-06
0,1.8990560584829841e-06
0,2.5167023982020373e-06
0,5.3635690913829e-07
0,9.847743344434738e-07
0,7.40800709924083e-07
0,1.0781202789285046e-06
0,2.723290626124357e-06
0,9.29408082174292e-07
0,7.062703727565587e-07
0,4.618569561942581e-07
0,8.513832982417094e-07
0,6.469406635032048e-07
0,2.052487152531892e-06
0,1.5249056754708332e-06
0,2.648832354701555e-06
0,5.899997359502789e-07
0,2.1038630095099742e-06
0,2.495654754026238e-06
0,5.248364617495871e-07
0,9.15627315313909e-07
0,1.4436180283113676e-05
0,5.927792101302845e-05
0,9.238440749382424e-07
0,1.073605690610075e-06
0,4.045900558177944e-06
0,2.153760711295237e-06
0,1.3226512094692747e-06
0,8.733347738309605e-07
0,2.970343456888163e-06
0,1.5974800812329284e-06
0,1.0217762565934372e-06
0,1.957374471342197e-06
0,5.921263267359545e-07
0,2.064737164525213e-06
0,2.302605315327764e-06
0,9.001733424390791e-07
0,3.2239042630804877e-06
0,1.4219402229599178e-06
0,1.7414687000894504e-06
0,0.0006251378453305212
0,1.6996734165423505e-06
0,9.695837767637798e-07
0,3.6378130682898302e-06
0,5.770260715600889e-07
0,1.370515981905198e-06
0,8.51378764583997e-07
0,3.970975393648425e-06
0,4.363420617918963e-06
0,4.433403639758387e-06
0,1.7899312698601103e-06
0,9.234193089445422e-07
0,1.4434261121618668e-06
0,1.0008844374990123e-06
0,3.1944819135057075e-06
0,1.7630345137624102e-06
0,1.1018336287089316e-06
0,1.4893974648852675e-05
0,2.1763129387218296e-06
0,2.0871152198944783e-05
0,8.070022076299567e-07
0,8.855652755826331e-05
0,4.283124480634918e-06
0,2.862846361689061e-06
0,3.6054960488763882e-06
0,5.493048599852602e-07
0,2.8505306504993713e-06
0,2.1611510712740607e-06
0,1.3177471232839446e-06
0,1.4376456473691061e-06
0,2.434043241969914e-06
0,2.0636478144049292e-06
0,1.4005696790921858e-06
0,1.1310320506828264e-06
0,1.8665587402652885e-06
0,1.3061523173291746e-06
0,1.3172488444869715e-06
0,8.608124272108273e-06
0,1.0372695385938324e-06
0,1.124547945647312e-06
0,7.617521454589432e-05
0,1.8856831123156883e-06
0,1.48725678863662e-06
0,3.1789768485710415e-06
0,4.1580404561447495e-06
0,1.1167435576779817e-06
0,6.124018929054445e-06
0,3.6083258528481476e-06
0,1.618885148636765e-06
0,6.644932616974179e-07
0,2.3063742578861444e-06
0,6.294577724959676e-06
0,4.983752606371127e-06
0,2.017747732408844e-06
0,1.7427691351077663e-06
0,3.997732246033898e-06
0,2.844133458299641e-06
0,1.1844873201052386e-06
0,1.3380137702288138e-06
0,2.0232955230470244e-06
0,2.4336136001737905e-06
0,1.6019304333370588e-06
0,2.5452354505184026e-06
0,2.2821614871435006e-06
0,8.16513080647795e-06
0,2.0584317142938477e-06
0,3.26013126594898e-06
0,1.7051553285734832e-06
0,1.4309646006246422e-06
0,9.991432614093916e-07
0,1.1101755317085332e-06
0,1.338868063856161e-06
0,2.3031503185064167e-06
0,1.676211057652524e-05
0,1.4795419881499401e-06
0,5.602230667005678e-06
0,9.475393875197592e-07
0,1.527408948415717e-06
0,6.394081263220224e-06
0,2.6731564164963536e-06
0,1.9118686585109886e-06
0,1.0988780741044464e-06
0,2.144495978331599e-06
0,1.8712631699075144e-06
0,2.16284105953815e-06
0,1.1131104310826942e-06
0,7.325444312240811e-07
0,1.430250764137122e-06
0,4.110325858811079e-06
0,7.893338791042667e-06
0,1.354359795109535e-06
0,1.7251376167028975e-06
0,1.1044871836712943e-06
0,1.0636672581091253e-06
0,4.460063121337811e-06
0,4.284219299689362e-06
0,3.39823271003731e-06
0,1.9028641186111848e-06
0,1.5245486443570795e-06
0,1.2699586307097227e-06
0,6.3984712815927665e-06
0,2.4179009850861333e-06
0,3.280638110469168e-06
0,5.372008457826118e-06
0,7.640881097259271e-07
0,2.542805998608529e-06
0,3.077274418485584e-06
0,1.8499522616624111e-06
0,8.275131494361538e-06
0,2.085230802069747e-05
0,2.6004473059770077e-06
0,2.11746610297017e-06
0,3.8219833858199586e-06
0,4.832015549690196e-06
0,1.1351997141949147e-06
0,3.921029129196513e-06
0,1.894096024049637e-06
0,0.00023078293677168462
0,5.343290328949651e-06
0,2.1515494178071933e-06
0,8.018751174361994e-07
0,7.255657070341235e-07
0,5.996911461977994e-07
0,8.334703629773104e-06
0,7.808613903759585e-06
0,2.567934529102759e-06
0,2.975971695619878e-06
0,1.758398125786771e-06
0,1.829816887822372e-06
0,1.38613640342885e-06
0,1.4372971085538275e-06
0,5.828952006239583e-06
0,1.0638426571737933e-05
0,3.172832972993034e-06
0,2.306527690537031e-06
0,1.1121511051918046e-06
0,1.760878055310757e-06
0,1.0842561655193598e-05
0,2.7267674706073894e-06
0,3.5083572993121134e-06
0,3.33767584184199e-06
0,4.560953609831764e-06
0,2.6242775630881774e-06
0,0.00015929468472576706
0,1.4370745157716335e-05
0,3.3281394365143924e-06
0,3.180396685716525e-06
0,2.8324261026043756e-06
0,4.702332392880798e-06
0,6.003368759735238e-06
0,5.598441896359485e-06
0,1.457622766406309e-06
0,9.968934694459856e-07
0,1.3095785761207197e-06
0,7.63281462928051e-06
0,3.2005005210226973e-06
0,6.400495976470306e-06
0,3.497566476029931e-06
0,2.449135201715072e-06
0,7.93124213438263e-06
0,2.5936688801666012e-06
0,9.09773946600827e-06
0,3.8007013632477028e-06
0,1.3092412043721292e-06
0,1.001330894917878e-06
0,1.9022219926863257e-06
0,4.297737982422603e-06
0,2.430255442947115e-06
0,1.419464631632159e-06
0,4.811396176380249e-06
0,2.8595500154234086e-06
0,2.506301668968891e-06
0,1.500050740244976e-06
0,2.1997014774704993e-06
0,1.8333648923743214e-06
0,1.50187365366041e-06
0,0.0014495109465539947
0,1.3313101289367862e-05
0,2.761614244424941e-06
0,1.111649281145848e-05
0,9.277201606335118e-07
0,6.293918285483093e-06
0,2.886046970776112e-06
0,1.2464982364991694e-06
0,2.7418628872055818e-06
0,1.8693971294749823e-06
0,1.5402189680073504e-06
0,2.4668112167435927e-06
0,2.6323811028714875e-06
0,2.4897848299703328e-06
0,3.377225976545055e-06
0,2.1211495378642454e-06
0,4.246237797044541e-05
0,6.5941732309546485e-06
0,1.909534950057887e-06
0,2.9110785352196506e-06
0,5.6643339110794364e-06
0,9.75030407898595e-06
0,1.079190728334148e-06
0,4.846887867991005e-06
0,1.0158578555866281e-06
0,2.4756848329898197e-06
0,2.039465950377663e-06
0,8.57811739976962e-06
0,2.637347369745683e-06
0,5.628322606539492e-06
0,9.616170991994258e-07
0,6.651149459490622e-06
0,7.779438763783213e-07
0,2.635128939541619e-06
0,4.668367926782566e-05
0,9.955571850799862e-07
0,2.131461676092763e-06
0,1.8023169995733494e-06
0,3.5271019136161107e-06
0,2.170863892334112e-06
0,1.510068224424552e-06
0,2.56498726420424e-06
0,7.501109727244173e-07
0,2.303080533991623e-06
0,8.21408410527246e-06
0,1.008069618294429e-06
0,6.524634955570665e-06
0,2.1656386850401496e-05
0,8.73932977241523e-06
0,3.0388350359675214e-06
0,7.007104198808162e-06
0,2.0008337278556736e-06
0,6.181666429194007e-06
0,1.7904829181116969e-06
0,1.0400947607463725e-06
1,0.998901689357881
0,1.608147539364317e-05
0,2.2249379173782814e-06
0,2.0074129297661775e-06
0,7.197620113997462e-06
0,2.58345416985738e-06
0,1.1024575881978929e-05
0,6.217035746619808e-06
0,1.0317324345744945e-05
0,1.765893520013668e-06
0,7.969717218796488e-06
0,1.4753152773239804e-05
0,1.3160708527367164e-06
0,2.084165447686912e-06
0,4.6324158739168515e-06
0,1.9674622679540334e-06
0,2.9896090342575887e-06
0,1.5624265108414286e-06
0,4.593591055744491e-06
0,5.885324457274842e-06
0,1.4144053205876926e-06
0,2.032304797482676e-06
0,3.703545494579384e-06
0,4.579567796007767e-06
0,1.38844104737121e-06
0,0.0005494267871985881
0,1.0098858199294264e-06
0,1.2997636452007622e-06
0,4.660690010299778e-06
0,3.0621250753063933e-06
0,2.7894210211394926e-05
0,7.0284049799952255e-06
0,7.420047865953086e-06
0,4.41984327696387e-06
0,1.1234385700221988e-05
0,4.754026584263918e-06
0,6.365869177935679e-06
0,8.108862085562282e-06
0,2.225425060356741e-06
0,4.8277255136115375e-06
0,9.35592301087992e-06
0,4.7905633140268976e-06
0,2.0117568347803336e-06
0,2.907433035580559e-06
0,1.159637197791765e-06
0,3.7398713891791977e-06
0,3.337949768924271e-06
0,1.0074344641157483e-05
0,3.5396231888410463e-06
0,1.8319771338339433e-06
0,4.181590522629605e-06
0,2.5331292623510143e-06
0,7.657576536536065e-06
0,4.21681204820998e-06
0,3.5301921779471925e-06
0,5.0145706925650635e-06
0,7.792728502995202e-06
0,2.2672397679180656e-06
0,1.5197695600091727e-06
0,2.939287829522925e-06
0,1.6050849277526573e-06
0,2.7175675414117033e-05
0,9.899172878959054e-06
0,5.780208754695289e-06
0,4.205384738620648e-06
0,4.0038475907716535e-06
0,4.247882960379554e-06
0,0.0018975454157009928
0,2.1713256346446762e-06
0,3.3724468435935637e-06
0,1.459155315094423e-05
0,4.34805343889208e-06
0,9.975804346978022e-06
0,1.3310750512202253e-06
0,2.0871878810119056e-06
0,3.954265156340975e-06
0,1.2305034300253215e-05
0,3.4974053278182848e-06
0,1.9613467571698245e-06
0,5.1156309488089036e-06
0,6.18568732270744e-06
0,3.200262906567771e-06
0,7.519957817606847e-06
0,6.490851635063767e-06
0,6.878405532027374e-06
0,2.013806277202976e-06
0,1.6490797556258717e-06
0,5.97525365279163e-06
0,2.2703642997493147e-06
0,8.364990489446526e-06
0,3.55161769096567e-06
0,1.793599667030237e-06
0,4.1072465000907316e-06
0,1.8791445271533631e-06
0,6.951697290692228e-06
0,1.628660519128839e-06
0,2.1509308755947438e-05
0,2.819542987708616e-06
0,2.5539480652205695e-06
0,6.972303820594284e-06
0,4.313008959453529e-06
0,5.9931910677609544e-06
0,1.6791671191841536e-06
0,2.019120707053536e-06
0,2.7682288427607006e-06
0,8.7041556185394e-06
0,9.313647048973392e-06
0,1.6256036989901123e-06
0,6.4063722388605e-06
0,1.7871924598761506e-06
0,3.0302083336311923e-06
0,3.7181498633019835e-06
0,3.766023904783103e-06
0,2.169422788942631e-06
1,0.9974342021114614
0,2.280686096781794e-06
0,8.444091812670565e-06
0,6.943434607090649e-06
0,1.0355549776043357e-06
0,3.058392284600811e-06
0,2.3159496889782683e-05
0,1.6184031710036497e-06
0,3.138750885213943e-06
0,2.0185395352219673e-06
0,3.8726057153846975e-06
0,3.6615243568142763e-06
0,3.0155993146049105e-06
0,1.4377072057943513e-06
0,9.714315334978385e-06
0,3.5800261534083786e-06
0,2.5246802280788562e-06
0,3.874821397093509e-06
0,1.615939211973709e-06
0,4.416325995760559e-06
0,1.9758578120434874e-06
0,1.7481754719366678e-06
0,1.995280305625506e-05
0,3.48998526495943e-06
0,2.4913055391528535e-06
0,5.5489797091042025e-06
0,4.1377644813064716e-06
0,5.39187083140019e-07
0,1.923927090114545e-06
0,9.524367315002718e-06
0,1.5071613746424794e-06
0,1.2719508127582242e-06
0,3.686856729701167e-06
0,3.6388259558683833e-06
0,6.625007502804304e-07
0,2.8250597947755234e-06
0,2.6928327907842115e-06
0,8.949022434474869e-07
0,2.737779520553252e-06
0,6.130474676525013e-06
0,1.0446518711944164e-05
0,1.0765637243159838e-06
0,1.270164032674415e-06
0,1.6934780272459718e-06
0,4.558268111460925e-06
0,1.1637834252999023e-06
0,1.1056686567655764e-05
0,6.9936094276510175e-06
0,1.742823396450565e-05
0,5.954619393928911e-06
0,6.9184663829009035e-06
0,1.8441257310438476e-06
0,5.452610399794918e-06
0,3.536049294761923e-05
0,2.6278677711987647e-06
0,1.6762890805005003e-06
0,1.4546345621761274e-06
0,1.6961575843702017e-06
0,2.798131963068122e-06
0,1.624008637016032e-06
0,8.929598749211478e-06
0,5.808105014075242e-06
0,9.30217626859825e-07
0,1.3766867952690384e-06
0,1.6791337694468153e-06
0,5.814625530199416e-06
0,5.996128201258587e-07
0,1.95004827795733e-06
0,2.425354002460379e-06
0,5.783536830137552e-06
0,6.088118027180429e-06
0,9.819353048991018e-07
0,1.2056871347688142e-06
0,1.6115254573058658e-06
0,1.671045379660648e-06
0,0.00010362626537291109
0,3.441877225733599e-06
0,1.5528395489703712e-06
0,1.397397046036836e-06
0,7.69659541642909e-06
0,2.1944583091816807e-06
0,8.720557408887003e-06
0,2.8490943499793074e-06
0,7.585087779454878e-07
0,2.5454605153213563e-06
0,1.0690592807513809e-05
0,3.924846085290733e-06
0,1.4006905521096982e-06
0,0.0015736276203442239
0,1.2939941184060264e-06
0,6.0556409983069045e-06
0,1.9240724581583936e-06
0,2.282986280592353e-06
0,1.381272923803512e-06
0,1.9543956455290556e-06
0,8.621331540379663e-07
0,2.915539029767085e-06
0,0.00011370729807859715
0,7.5547283179452235e-06
0,1.0685437179372387e-06
0,1.354753078731775e-05
0,6.248602563348731e-05
0,3.537144591661941e-06
0,2.6713088016819104e-06
0,3.69102071585836e-06
0,4.294937508053699e-06
0,7.649093448267926e-07
0,2.0892769909070904e-06
0,1.6202193251141e-06
0,2.729016469455551e-06
0,3.5006253706349e-06
0,4.329659952909661e-06
0,1.2095990192208973e-06
0,2.6705855853381813e-06
0,1.0182399714403486e-06
0,2.267566891924847e-06
0,1.834184498893597e-06
0,6.701516662267871e-06
0,1.0182609891383e-06
0,6.664935391507161e-06
0,5.5500538157964095e-06
0,8.600178958639704e-07
0,2.2017061922934982e-06
0,1.845484192179507e-06
0,1.3106563563210814e-05
0,2.055471459205715e-06
0,4.398436374610639e-06
0,2.855541974514203e-06
0,2.8915609139401e-06
0,8.576895310004139e-07
0,5.075633732303876e-06
0,1.1576145915256324e-05
0,3.681957077234339e-06
0,1.1491982088429513e-05
0,2.167299424297907e-06
0,1.1440936429784167e-06
0,9.858790666041147e-07
0,1.1678386170291605e-06
0,1.0782336493787865e-06
0,1.6258403533299891e-06
0,5.177715723245235e-07
0,2.376368114861396e-06
0,1.7218183915954236e-06
0,5.016085525314029e-06
0,2.2060387062615843e-06
0,5.571596955933868e-06
0,1.2355141348279911e-06
0,1.2693835257922176e-06
0,3.5583432980876197e-06
0,1.5320771514592718e-06
0,1.3685046626992912e-06
0,1.9954500086964704e-06
0,2.4536454648518236e-06
0,4.794175680388915e-06
0,1.158925645398329e-06
0,1.154615719580935e-05
0,8.900395077608542e-06
0,2.2503142443766254e-06
0,4.875279869539878e-06
0,6.102869106671493e-06
0,2.4809261027410076e-06
0,2.8095919882146986e-06
0,8.746085243616517e-07
0,2.331806706512213e-06
0,5.830127837708996e-06
0,2.8649109023842987e-06
0,2.345273642730804e-06
0,3.7703934531165884e-06
0,1.6285144653678652e-06
0,2.4739982530799225e-06
0,8.212045896978325e-06
0,3.833317235609565e-06
0,2.5871738285230334e-06
0,4.4043362517656464e-06
0,1.8358342967926047e-06
0,7.884807999733013e-06
0,1.5298027537787075e-06
0,6.4359778642529165e-06
0,1.9998656996425332e-06
0,1.1382062961074884e-06
0,3.0089785996647255e-06
0,1.342455986805859e-05
0,2.3250644966183615e-06
0,1.6486195337573084e-06
0,5.384028822793631e-07
0,1.1433253438630182e-06
0,1.247826953318534e-06
0,8.973422433129493e-07
0,1.763021964490205e-06
0,7.660630969819376e-06
0,2.3736147505716697e-06
0,1.935036597171266e-06
0,1.08519136207626e-05
0,4.972747360090926e-06
0,1.008956218250959e-06
0,2.458603078044404e-06
0,6.272257145629527e-07
0,1.0541235248637546e-06
0,2.457479966814672e-06
0,1.959182378680149e-06
0,6.953413804008957e-07
0,3.7401419249037744e-06
0,1.9646133475800272e-05
0,1.0270021113396445e-06
0,7.546462417268136e-06
0,4.026509246509654e-06
0,7.22007060743799e-06
0,1.0611688344959563e-06
0,1.1672762752294102e-06
0,8.02646711695626e-07
0,1.6591482710562686e-06
0,6.786211062975303e-07
0,8.975606677160108e-07
0,2.7108781489469986e-06
0,5.233286667783853e-07
0,2.2080573225131703e-06
0,1.4519375960416129e-06
0,9.404433407347657e-07
0,8.554319981987035e-06
0,6.447950118447749e-07
0,1.5778450073995067e-06
0,5.899945684706306e-07
0,2.5000193811258027e-06
0,6.003219946431997e-07
0,1.8572459537097688e-06
0,1.1032365667260976e-06
0,1.287760480177516e-06
0,3.0575728248950316e-06
0,4.041171817953678e-06
0,6.802716767661335e-05
0,9.606315521533313e-05
0,8.366671789960389e-06
0,4.754774679714501e-06
0,1.5181201676473857e-06
0,7.394747849996419e-07
0,1.0199284861055295e-06
0,3.4169453163485154e-06
0,2.5924089001555212e-06
0,2.019938691906618e-06
0,2.3244399280932136e-05
0,2.8420342919270806e-06
0,7.263727150426237e-07
0,3.0935001987503854e-06
0,6.356828959557916e-06
0,3.1251295879218986e-06
0,1.7148678673243479e-06
0,2.3675083088473043e-06
0,2.7358502728789893e-06
0,9.987019040314046e-07
0,8.133637415168617e-07
0,1.517475577315924e-06
0,9.006139544640127e-06
0,1.347239671645773e-06
0,2.986994966460582e-06
0,1.2522248107665331e-06
0,1.299829907483464e-06
0,2.225342503973581e-06
0,7.166254427237589e-07
0,4.317912231213851e-06
0,1.531339842207552e-06
0,3.500719899063511e-06
0,4.975198473710976e-07
0,1.9268907526629782e-06
0,1.1414130007750306e-06
0,1.4776359297503099e-06
0,2.0718458220669175e-06
0,3.0848576534226876e-06
0,1.0505319692911508e-06
0,1.090480435424558e-06
0,9.998168983435102e-07
0,8.54835423356394e-06
0,2.0053435677148194e-06
0,1.617581186595803e-06
0,3.6954788451278696e-06
0,4.865846963354312e-07
0,0.0018202914370614243
0,2.212503925668265e-06
0,1.1695035319685714e-06
0,1.6517540213922652e-06
0,1.1159383877864449e-06
0,5.179379527529317e-06
0,9.792229792833505e-05
0,1.4481300129343362e-06
0,8.84513805472984e-07
0,1.2606360116503573e-06
0,5.611201139528057e-06
0,9.138344174589121e-07
0,3.010740475862813e-06
0,1.8494053046146761e-06
0,1.053587068253688e-06
0,1.1526049345050873e-06
0,1.679715984364708e-05
0,2.104732580828258e-06
0,1.2769420929539349e-06
0,7.097498976165296e-07
0,4.516148035199349e-05
0,1.2353783689866415e-06
0,9.645882168017074e-07
0,2.0395669618806197e-06
0,1.8766452274801273e-06
0,1.7042729865487918e-06
0,5.322376588968492e-07
0,2.8269876120140025e-06
0,1.5306066369280177e-05
0,2.563127883089914e-06
0,3.173347394292901e-05
0,4.859936723375499e-07
0,3.972809931505401e-06
0,3.7827200374840837e-07
0,3.065421330422012e-06
0,1.8434430593674042e-06
0,2.157122569236135e-06
0,5.720108919510525e-07
0,1.561751217130053e-06
0,5.919580215187563e-07
0,2.5148566371098203e-06
0,2.641023303518035e-06
0,2.4121064774630994e-06
0,1.922050130522473e-06
0,1.0285841571334551e-06
0,8.306135382069777e-07
0,8.201106587274764e-07
0,1.1785089990634853e-06
0,0.00011867327006361998
0,2.153135770743262e-06
0,2.9247395327607092e-06
0,1.6639896389022463e-06
0,2.704214329012376e-06
0,1.4546582392088015e-06
0,2.0552760087174003e-06
0,1.14092657966773e-06
0,1.4111522183272351e-06
0,1.919059049421112e-06
0,6.77659634714203e-07
0,1.7926199162155238e-06
0,5.661802096913509e-07
0,2.0572195909725337e-06
0,9.941505367093948e-07
0,1.1790812726290828e-06
0,1.304043253424279e-06
0,8.597030812311457e-07
0,2.9485211905774285e-06
0,2.0262558626042794e-06
0,3.945626620876094e-06
0,3.6016188474070517e-06
0,5.190699998209706e-06
0,3.882723411994608e-06
0,2.764669119312064e-05
0,1.2030024631341972e-06
0,1.2476981037226092e-06
0,1.4711699552011548e-06
0,1.5660469264298284e-06
0,1.5069129009490305e-06
0,2.113354348283562e-05
0,3.0645732066143118e-06
0,1.440377214177783e-06
0,1.9966351306663945e-06
1,0.9847492716785793
0,1.562714424442784e-06
0,0.0001994591023373338
0,0.00024480317040247
0,1.253785520001946e-06
0,6.34317974630938e-07
0,1.1132191085403344e-06
0,7.52701205089926e-07
0,1.1918304064498073e-06
0,1.3157913385239713e-06
0,4.356532739697696e-06
0,3.850594660695537e-05
0,2.0256631937172655e-06
0,2.416038734390993e-06
0,9.86587739220942e-06
0,2.7752859643087946e-06
0,3.6963757113558817e-06
0,1.1088377104931444e-05
0,2.6065908311595285e-06
0,5.200601415705486e-07
0,7.14531711250292e-07
0,4.082736425809221e-06
0,3.1946696615941217e-06
0,1.885192058547067e-06
0,2.3283495201852455e-06
0,1.5412634244300059e-06
0,1.2589399609090856e-06
0,2.2018844244135688e-06
0,2.065574421890261e-06
0,1.6468175519973536e-06
0,1.0132759993976904e-05
0,1.1380999361008771e-06
0,1.4138341651563435e-06
0,2.235827260718496e-06
0,1.4148884359023229e-06
0,7.204955098982454e-07
0,1.990588073875172e-06
0,3.608584646304176e-06
0,4.035566091243165e-06
0,6.00998893157463e-07
0,9.960581054999056e-07
0,0.00022270869793303467
0,8.029851827753111e-07
0,8.131753975959369e-05
0,4.489289245778646e-06
0,2.821414989624063e-06
0,1.4090341404072572e-06
0,2.0208826355716996e-06
0,1.2242901434636457e-06
0,7.010596180888073e-07
0,2.957529138678853e-06
0,8.727338268509906e-07
0,1.4743498380157897e-06
0,6.148988508248393e-06
0,4.833302130264814e-06
0,2.328596033347019e-06
0,1.4499638285745958e-06
0,2.027607003542409e-06
0,3.1289071481778345e-06
0,1.4493373684965318e-06
0,2.0490603289437786e-06
0,2.4994135101094975e-06
0,1.5946245940935103e-06
0,8.509823942810828e-07
0,0.0001163775126729022
0,3.5431130745883044e-06
0,4.220569007845988e-06
0,2.188416472499205e-06
0,1.307838074200732e-06
0,2.1734387151273423e-06
0,1.3442235240758555e-05
0,2.940802673144119e-06
0,1.2936927684823404e-06
0,3.5817756565236844e-06
0,4.574509458326262e-06
0,0.000925023985417435
0,1.4884135596855467e-06
0,1.1162006489645006e-06
0,1.4589727093692334e-06
0,7.983749328765625e-06
0,3.745540266106154e-06
0,4.807809516114049e-06
0,2.2498009922949e-06
0,1.0052102576993561e-06
0,6.747812036392933e-07
0,2.275966192083192e-06
0,5.548192682240049e-07
0,2.7327078565306532e-06
0,9.185359452785837e-07
0,2.561154074021404e-06
0,2.1358981860941254e-06
0,6.949540510503254e-06
0,4.451619234215659e-06
0,1.666921312945959e-06
0,1.4652661621139459e-06
0,1.0800945901140006e-06
0,2.4958422263241633e-06
0,1.26518175770504e-06
0,7.38898278269475e-07
0,4.264123067411034e-06
0,2.891703173056655e-06
0,1.5925302405498428e-06
0,4.135658606597216e-06
0,2.7414304289228237e-06
0,2.886933086764728e-06
0,3.2704178073930605e-05
0,1.798830467784297e-06
0,1.337702193829004e-06
0,1.0149617498661205e-05
0,3.496841769239024e-06
0,6.191134613704627e-05
0,1.2202607057937366e-06
0,1.1052541723426498e-06
0,1.7265641325534395e-06
0,2.547667259010894e-06
0,1.142848431741804e-06
0,2.1274313542792725e-06
0,3.029953630921771e-06
0,2.704194240388778e-06
0,8.040916269388778e-06
0,1.0601941832589524e-06
0,2.044443667071102e-06
0,1.0410821762783776e-06
0,4.2342109091150005e-06
0,1.8396315360193464e-06
0,2.173817511143818e-06
0,4.892123341470523e-06
0,2.2911528224691977e-06
0,2.0748863049080796e-06
0,1.3790140583338523e-06
0,1.1937408661829747e-06
0,8.848173368952236e-06
0,2.7767791554062545e-06
0,3.54963280514356e-06
0,2.167266003867377e-06
0,1.6648729807780815e-06
0,5.739160772009458e-06
0,9.63501503069628e-07
0,0.011372612981553542
0,1.3315726977662676e-06
0,2.8779906911244453e-06
0,1.8360327309549725e-06
0,2.5774102908491496e-06
0,2.368140877450491e-06
0,1.912751417370824e-06
0,1.9020458722814948e-06
0,5.545845121757484e-06
0,1.3180537319782124e-06
0,2.0198955134221723e-06
0,1.8423244522795627e-06
0,8.910713772472281e-07
0,1.1082894495390706e-05
0,6.2115699339618415e-06
0,2.372160198998387e-06
0,6.9750146089005576e-06
0,2.238764371485156e-05
0,4.091826158214333e-06
0,1.3082805823171335e-06
0,8.066298057068719e-07
0,1.7701112927996892e-06
0,1.5419794188116476e-06
0,4.5743925421845245e-06
0,1.3465354189483295e-06
0,1.4080479689607031e-06
0,1.2902657040543239e-06
0,1.3538528503790548e-06
0,2.716377799088396e-06
0,2.935943876470913e-06
0,1.4479953709055378e-06
0,9.11618626400662e-07
0,4.163967574310874e-06
0,9.233907807029149e-07
0,5.034076798954213e-06
0,2.16190768201862e-06
0,3.322375444153172e-06
0,7.449458736255216e-07
0,2.6505023656022454e-06
0,2.4135382002877853e-06
0,1.2714562889007006e-06
0,1.1863443113762987e-06
0,3.3378392888941536e-06
0,1.15060286621851e-06
0,1.1342290942195801e-06
0,3.739432885135076e-06
0,2.5133806976093044e-06
0,2.5791420079153652e-06
0,1.5638134579854637e-06
0,5.230245712431567e-06
0,3.6866427315797183e-06
0,1.3819135606469035e-06
0,2.5488469254276414e-06
0,1.9019877586903456e-06
0,1.7157528177078629e-06
0,1.3292397627587725e-06
0,3.7429077315414573e-06
0,1.7535830029905917e-06
0,2.6451063159138406e-06
0,2.3568369903081613e-06
1,0.999144820446065
0,3.6017303925383867e-06
0,3.0605044805356606e-06
0,3.1944580284932737e-06
0,5.038992969619232e-06
0,8.501068222315549e-06
0,2.6298469320865877e-06
0,8.860179429663103e-07
0,1.3455418535029827e-06
0,2.1317810885176062e-06
0,1.4129228530733715e-06
0,1.907648057906967e-06
0,2.4489502790440804e-06
0,1.9656363469834686e-06
0,3.3936907332379527e-06
0,2.041465999504481e-06
0,4.003858205821035e-06
0,1.789876669111032e-06
0,4.211021291421689e-06
0,2.0175902867216696e-06
0,5.271924568569959e-06
0,4.454026960384932e-06
0,1.2596822025868183e-06
0,1.8604470919408586e-06
0,1.3679355417370645e-06
0,7.053217900127827e-06
0,2.188650244443308e-05
0,4.675210638647539e-06
0,3.7201826446374983e-06
0,5.225100423323727e-06
0,6.5827878442420204e-06
0,3.565575159908005e-06
0,2.209543754327148e-06
0,1.4396518043627086e-06
0,6.728026390789965e-07
0,1.3209637859623895e-06
0,7.439696960779981e-06
0,2.5017038658256793e-06
0,3.086926927827438e-06
0,4.128330882967966e-06
0,1.9402092995008947e-06
0,1.891967561825823e-06
0,3.1238059756375857e-06
0,2.543845465890726e-06
0,1.6421038535727239e-06
0,1.665478545865786e-06
0,0.001976406671328475
0,1.7035595903376757e-06
0,5.489689976628383e-06
0,1.7994842021685405e-06
0,2.6907860077141156e-06
0,4.390952609032398e-06
0,0.0002436566049009068
0,8.713905541856417e-06
0,7.071476537452045e-06
0,7.081781839608209e-06
0,2.054044173482353e-06
0,1.1036386237127e-06
0,4.601814729533917e-06
0,8.134474751053388e-06
0,3.004202832901839e-06
0,4.208586554811363e-06
0,7.839104843426457e-06
0,1.1442427646322488e-06
0,5.699146508599882e-06
0,6.975749665380386e-06
0,1.0770582974093321e-06
0,1.0519605284221067e-05
0,1.7675331130477847e-06
0,1.2584942612254412e-05
0,1.3538546566654673e-06
0,7.963435569707421e-06
0,1.0734811984227519e-05
0,2.2135519032346307e-06
0,1.952637841718065e-06
0,1.9468944726269914e-06
0,4.9897135877021845e-06
0,2.926805662697655e-06
0,5.777108197358161e-06
0,4.416057800987452e-06
0,2.2405517953972287e-06
0,1.9058807394453127e-06
0,3.6552072235428107e-06
0,8.753748547924241e-06
0,2.469534211011851e-06
0,1.5045334917943523e-05
0,2.988203716193072e-06
0,7.384923175064944e-06
0,9.923852183193816e-07
0,2.1975853191483885e-06
0,1.7941617314317787e-05
0,1.0011987102077401e-06
0,1.0852799336657202e-05
0,1.2277387721702375e-06
0,1.6615079024589794e-06
0,3.0008696912636833e-06
0,1.3198525831206573e-05
0,4.0102334493937185e-06
0,8.583030357693976e-06
0,1.7781223385436536e-06
0,2.5873361320336767e-05
0,1.922717837069081e-05
0,2.0088948216956557e-05
0,4.867710567019533e-06
0,2.36973098066959e-06
0,1.6114426521277608e-06
0,4.804889798133952e-06
0,4.315297619715235e-06
0,6.302243760294899e-06
0,1.160898230071187e-06
0,3.932317917233325e-06
0,2.2497038996640875e-06
0,9.223215501390388e-06
0,2.3271363068346704e-06
0,6.386904433363236e-06
0,3.7726415554171364e-06
0,2.994647594420315e-06
0,2.8314509654867795e-06
0,2.7246984607389095e-06
0,3.5272645669284426e-06
0,7.238784664974752e-07
0,1.1652515704146408e-06
0,5.0445481112987285e-06
0,3.0832990194848096e-06
0,1.298974854533443e-06
0,5.312334784533803e-06
0,7.381497744546972e-06
0,2.643474051853915e-06
0,2.003628861701067e-06
0,1.936974823310153e-06
0,6.119972005101906e-06
0,3.18331505312231e-06
0,8.994404998822078e-07
0,3.555170118647731e-06
0,1.62845147892925e-06
0,5.524600468433488e-06
0,1.2099350777256406e-06
0,7.420954500361195e-07
0,3.1105527569887463e-06
0,5.336859229777395e-06
0,2.9913526679725914e-06
0,1.0958291504707792e-05
0,1.8114998245839116e-06
0,4.632122598016484e-05
0,2.695415602000622e-06
0,1.03472101233291e-06
0,1.6869115368191495e-06
0,1.4952354327815585e-06
0,0.0029111790353399066
0,2.898664415552751e-06
0,1.8289565631319451e-06
0,0.0007609682531307408
0,0.004977153053820283
0,2.814029578448391e-06
0,1.0127293207351292e-06
0,1.5374955201347678e-06
0,2.5865788335235355e-06
0,2.3313692026476415e-06
0,3.9277168409562e-06
0,1.146961642975769e-05
0,1.7205903596148208e-05
0,1.895787801034207e-06
0,8.143448357678008e-07
0,1.1939653603758175e-05
0,7.896097957714689e-07
0,0.0009778444805976115
0,4.530331466178567e-06
0,1.2661311319666871e-06
0,2.5362071196824558e-06
0,2.876875525329875e-06
0,1.5028942022766596e-06
0,2.1159092074378444e-06
0,4.934921429912662e-06
0,4.462328972363619e-06
0,2.2415506860238934e-06
0,2.4155848840357194e-06
0,7.993284232201841e-06
0,2.7333786364574016e-05
0,4.069453666124867e-06
0,3.947609877143395e-06
0,3.56622805248276e-06
0,2.340064365328085e-06
0,3.779435478457715e-06
0,1.7384493554536024e-06
0,1.5044350087239814e-06
0,1.1344296237450155e-05
0,7.872265590835122e-07
0,4.901335150453642e-06
0,8.632360843264213e-06
0,3.6684693864217727e-06
0,6.023341751532512e-06
0,1.6897853364805125e-06
0,3.908339621774555e-06
0,2.2168265639609665e-06
0,2.6479624282449822e-06
0,3.4290256435256962e-06
0,3.470447231925091e-06
0,7.922929222679858e-07
0,1.825166290122755e-06
0,2.094748025718041e-05
0,6.570780936040511e-07
0,1.1709993547264011e-06
0,8.691325806515686e-06
0,9.804403227700812e-07
0,1.2527855112126735e-05
0,2.48014040429105e-05
0,1.8748673630898364e-06
0,8.338468284644565e-06
0,8.971262003383256e-06
0,1.0019047030889684e-05
0,1.4152010464809328e-05
0,7.96881455413143e-06
0,2.1215596869780124e-06
0,3.2924423279731015e-06
0,3.208391776891956e-06
0,3.33425649943931e-05
0,4.172589206985182e-06
0,9.910204366933758e-07
0,4.924209139539108e-05
0,3.0338283493315824e-06
0,1.2566153900070742e-05
0,2.743408419688549e-06
0,1.1687048062456137e-06
0,2.146418816102342e-06
0,7.44369808540196e-07
0,9.494475418585388e-07
0,0.0005063492973515955
0,4.5500654531258153e-07
0,1.9347678144258748e-05
0,3.5091509432038413e-06
0,1.7994122316939527e-05
0,1.978454278781584e-06
0,3.767766952571795e-06
0,1.0545776026849681e-06
0,3.2307399758839023e-06
0,9.297937601907768e-06
0,2.558505896476584e-06
0,1.153436728001564e-06
0,5.997031320412793e-06
0,2.6839274085859115e-06
0,6.966281509420405e-06
0,2.5329921268587997e-06
0,4.2945632117369364e-06
0,8.008213335365131e-06
0,4.69803840200295e-06
0,4.0026511696260124e-06
0,1.833992436557099e-05
0,1.2376681279343702e-06
0,2.5545306952925355e-06
0,1.293065418988771e-06
0,2.526334035138042e-06
0,1.7724267358853793e-06
0,2.307567237035611e-06
0,2.2313909468102348e-06
0,1.9032960756914686e-05
0,6.4836625038217595e-06
0,0.0009578182211695064
0,5.239698376647106e-06
0,4.452310454404172e-06
0,1.9393364317322654e-06
0,1.0477030184368444e-05
0,4.667799963411313e-06
0,2.60501800597343e-06
0,1.818815597134935e-06
0,2.23108420160038e-06
0,1.1195215271659938e-06
0,2.675892218860117e-06
0,2.1240690368770594e-05
0,5.852319920738605e-07
0,4.8364574566777196e-06
0,8.033537018611295e-07
0,5.721985101272979e-06
0,1.1990342930351708e-06
0,2.6170597854013433e-06
0,2.726600476591553e-06
0,1.5409601754949785e-06
0,1.0838806607990041e-05
0,1.2772106647173022e-05
0,1.393178375445708e-06
0,1.4534280599609696e-06
0,1.30346627969298e-06
0,2.255390560997688e-06
0,1.1392822939342274e-06
0,5.0343390805706416e-06
0,1.199096777172963e-05
0,7.163581611561939e-06
0,4.123421333207159e-06
0,1.647996802221068e-06
0,1.9708403090821565e-06
0,1.822098634161925e-06
0,3.6407203040757223e-06
0,1.987934916464855e-05
0,2.0131807050354253e-06
0,2.2945500367202406e-06
0,2.024949536068829e-06
0,3.47709122758975e-06
0,1.4328100011145695e-06
0,1.7023999089165537e-06
0,4.6157030903069695e-06
0,4.790798515540413e-06
0,6.287613670490867e-06
0,1.1793655753274437e-06
0,3.95407924176446e-06
0,1.44035214902313e-06
0,3.639279822469133e-06
0,1.8185583687090227e-06
0,1.6125614470578022e-06
0,2.248939682603186e-06
0,7.136391041350202e-06
0,2.253160819901803e-06
0,4.001746323130865e-06
0,0.000112904242934925
0,1.3129146034851704e-06
0,1.2716221379691378e-06
0,1.3571393685269089e-06
0,4.15785154863426e-06
0,2.8901296406218255e-06
0,6.383479122451533e-06
0,4.411823525480138e-06
0,5.739601162077019e-06
0,8.571716313211925e-07
0,1.7054575404353903e-06
0,2.26956610675543e-06
0,1.4866270293630495e-06
0,3.1882965222457453e-06
0,2.0288387593975384e-06
0,2.215989930039722e-06
0,7.391149987971858e-07
0,2.092119430713156e-06
0,2.9834144482190863e-06
0,1.2104538882738406e-05
0,1.5020087120126015e-06
0,3.090700945371884e-06
0,2.2288046754775697e-06
0,2.6248470237864077e-06
0,1.3971524438789501e-06
0,1.5682307376782888e-06
0,2.23469855317323e-06
0,8.255450430924369e-06
0,1.4450405010473517e-05
0,1.2424777167681916e-05
0,1.8274072336267709e-06
0,2.4454836064065637e-06
0,8.62393954011602e-06
0,4.151458101567844e-06
0,3.074709405948509e-06
0,7.596486497379435e-06
0,2.1771087637529102e-06
0,3.5771488279196993e-06
0,5.404377219797928e-05
0,4.042198295796014e-06
0,2.5935586342821714e-06
0,2.0461306833924937e-06
0,1.173447756283141e-06
0,8.573559572965108e-07
0,7.517682588544837e-06
0,3.86759833949066e-06
0,5.9111658828477995e-06
0,7.29780427259798e-07
0,0.0016236551911296018
0,1.787461135595746e-06
0,3.9189735239570505e-06
0,1.6824557796430642e-06
0,2.1947982919532886e-06
0,4.164757246297035e-06
0,3.0909590026256646e-06
0,2.035390119915416e-06
0,1.0974939007456767e-06
0,2.319229746385505e-06
0,3.0476224020827234e-06
0,9.233898897225827e-07
0,3.5079241513918323e-06
0,4.472661776367059e-06
0,6.81185491076674e-07
0,1.546972696892303e-06
0,5.606342579107252e-07
0,3.6455111232788685e-06
0,1.6335988573460215e-06
0,1.5232139007051025e-06
0,2.359512195139154e-06
0,1.8147550346811982e-06
0,2.2905946079869333e-06
0,4.382860472016785e-06
0,1.0266852353298314e-06
0,2.7968339649503612e-06
0,1.0925320179381243e-06
0,6.424423895072635e-06
0,4.457270562412148e-06
0,2.3050947784650347e-06
0,2.6264761484908302e-06
0,3.5339939981057775e-06
0,3.77883970876767e-06
0,2.4404706977432935e-06
0,8.55546813610849e-06
0,1.9448819826044502e-05
0,1.4176220874127852e-06
0,9.294961306020713e-07
0,2.9064305241921715e-06
0,3.905870482097528e-06
0,3.868745548909913e-06
0,1.1812387693422154e-06
0,4.783452509443457e-06
0,1.524368186022003e-06
0,2.6117038172768715e-06
0,2.6308583630479572e-06
0,1.6291623368140658e-06
0,1.0931177900996406e-06
0,1.2293197843247467e-06
0,1.922580880804396e-06
0,3.3192498623937206e-06
0,4.00013690206157e-06
0,1.485622040447841e-06
0,1.1289838052208676e-06
0,3.712923422590341e-06
0,5.3846954703297755e-06
0,4.932198409740324e-06
0,2.1859130778189547e-06
0,1.4814071538526398e-06
0,1.793166059414208e-06
0,1.7442859033510483e-06
0,1.7513461575845166e-06
0,1.7706112157237506e-06
0,2.1106987978979067e-06
0,2.652498502523736e-06
0,1.5861936611517374e-06
0,1.6943646146248837e-06
0,6.787903827222582e-07
0,2.6342216155618787e-06
0,1.9468060026854814e-06
0,3.862766132685151e-07
0,1.517305621642754e-06
0,2.5149400369714043e-06
0,9.335287870193882e-07
0,2.4040405813359624e-06
0,3.364158067450983e-06
0,8.402358174899915e-07
0,1.9101411828883214e-06
0,5.5119475807863175e-06
0,1.5098011708642037e-06
0,2.683324170601409e-06
0,2.5875587656699364e-06
0,1.5553601334024858e-06
0,1.9378481733713986e-06
0,1.2887928872981676e-06
0,1.1660493523532272e-06
0,1.3990826139855707e-06
0,9.32849022317429e-07
0,1.8492724732587487e-06
0,9.463458480809063e-07
0,1.0392554096170854e-06
0,4.5783840493757024e-06
0,4.822394974683025e-06
0,1.2206176750012378e-06
0,9.213295831499416e-07
0,3.1349934879962546e-06
0,1.7619573733295378e-06
0,1.8969357730834919e-06
0,8.126074966768316e-06
0,2.3203311491636182e-06
0,6.651768175999571e-07
0,1.4781171446812553e-06
0,9.8108101337526e-07
0,6.640035004823516e-07
0,2.109435567029677e-06
0,2.2363172038415322e-06
0,1.5215723569193476e-06
0,5.708823124904598e-07
0,8.514737623159437e-07
0,4.307149085706888e-06
0,5.793461546192718e-07
0,2.532480953237623e-06
0,2.925392501923977e-06
0,1.8595450779079303e-06
0,2.0219702776821825e-06
0,4.088376842349146e-06
0,9.70719497903123e-07
0,2.531961112388038e-06
0,1.2231155994619613e-06
0,5.326888622972939e-07
0,9.522497065771136e-07
0,1.1264221761924176e-06
0,5.825553734174833e-07
0,2.7331241009030658e-06
0,3.311092295310822e-06
0,1.2488979338785674e-06
0,7.466173706459135e-07
0,8.479033541925319e-07
0,2.6190895077735717e-06
0,3.193454789038089e-07
0,2.055524763026575e-06
0,1.2917836158237722e-06
0,6.132490647335806e-06
0,1.959274264253268e-06
0,1.3511713359830825e-06
0,6.863246009362685e-07
0,3.520323313254732e-06
0,7.267044711588865e-07
0,3.37736962914729e-06
0,3.2448726988365555e-06
0,9.38728953179833e-07
0,1.3166427951813626e-06
0,4.6196640841022387e-07
0,3.3137453948298312e-06
0,2.6590365114676285e-06
0,6.595424691766221e-06
0,1.1316399899672407e-05
0,1.7496445551364493e-06
0,1.0308048871757246e-05
0,7.189724291538304e-07
0,6.753848832248084e-07
0,1.39373442276775e-06
0,6.253355800840517e-07
0,9.21657907050871e-07
0,8.98743121090535e-06
0,2.134828043642879e-06
0,1.3078936050260975e-06
0,1.6625060730513874e-06
0,4.713581019922688e-06
0,2.9916013063366034e-06
0,6.537634181921261e-07
0,5.875254929371919e-07
0,2.9167806008790983e-06
0,1.2801049243148355e-06
0,2.0836927933467466e-06
0,2.855709507931648e-06
0,1.1790264058649712e-06
0,3.1253460678435477e-06
0,6.654957030501667e-07
0,9.214893986369567e-07
0,1.3663237587985307e-06
0,2.0733834013126764e-06
0,9.597639642815216e-07
0,1.4879461365865003e-06
0,5.288043006348246e-07
0,2.9371008231791084e-06
0,1.6788052378006492e-06
0,2.036896539159522e-06
0,2.5503750430608766e-06
0,6.014688643719367e-07
0,2.7285309194489828e-06
0,7.088459006347249e-07
0,1.1507891872802058e-06
0,1.2565264438952101e-06
0,6.234957780407484e-07
0,2.3203068734390916e-06
0,4.14647376941596e-07
0,3.353550585544944e-06
0,1.473281508580135e-06
0,5.87854484707972e-07
0,1.7294484633030553e-06
0,1.247985326501261e-06
0,1.067701362997886e-06
0,1.2342636382428545e-06
0,2.3495704969056354e-06
0,2.3901847629677203e-06
0,2.1736759275508967e-06
0,3.557112099768038e-06
0,1.7427697259402394e-06
0,1.4697979047257396e-06
0,1.7923296951042816e-06
0,1.1454794223007714e-06
0,1.0313450506052403e-05
0,8.894605625238486e-07
0,2.7317523974994206e-06
0,1.0160644771259237e-05
0,7.003749631287835e-07
0,1.252554409586731e-06
0,2.454506654597293e-06
0,6.747893324179941e-06
0,9.362890374921592e-07
0,1.1713896378509023e-06
0,1.8436249803511436e-06
0,1.5623571024651129e-06
0,2.4345780484754476e-06
0,6.623235252050949e-07
0,1.1806438594404253e-06
0,1.2077836710796652e-06
0,1.4235177488995096e-06
0,1.6390121883171006e-06
0,1.088295516429901e-06
0,2.0870805768214718e-06
0,7.558627568702295e-07
0,1.6822379128205348e-06
0,6.39475956621017e-07
0,2.423212624169573e-06
0,3.743961073325181e-06
0,1.2090826604765543e-06
0,3.808094645600012e-06
0,3.098372610938698e-06
0,1.177068110803956e-06
0,7.261339793261078e-07
1,0.9979379568156961
0,2.0881774663396572e-06
0,3.788472503734973e-06
0,5.812743033649068e-06
0,1.655535634163351e-06
0,7.529073614403304e-07
0,1.3419199676058091e-06
0,2.13165536733104e-06
0,8.659842279847346e-07
0,9.874442882937667e-07
0,2.0476664002095585e-05
0,1.647035111436475e-06
0,1.3402234996860816e-06
0,1.0957999792542913e-06
0,1.5296467832431032e-06
0,1.9918937593876902e-06
0,9.566326471741388e-07
0,9.722103746869667e-07
0,1.6477929118081706e-06
0,1.3210111779703842e-06
0,9.68037776388643e-07
0,9.927351277573841e-07
0,8.379808541925993e-07
0,2.7198489962144425e-06
0,7.535914740339499e-07
0,7.577723307200288e-07
0,7.216914325857735e-07
0,1.3118604152487092e-05
0,1.7269517892345187e-06
0,8.719642825977091e-07
0,1.014001099342109e-06
0,3.211795735667565e-06
0,1.3735961121251935e-06
0,3.281244770224633e-05
0,3.6708351016874933e-06
0,7.471933847266711e-07
0,2.1244199083544373e-06
0,1.965002163442848e-06
0,1.5150465441008083e-06
0,6.550710426206342e-07
0,2.3083838190785056e-06
0,1.3998844003206542e-06
0,6.98031160157559e-06
0,1.054604735818211e-06
0,2.874863922316914e-06
0,0.0003828804665083043
0,6.622379520703067e-07
0,1.6958558121457995e-06
0,9.318590907828407e-06
0,1.3694221843828409e-06
0,1.4258264824299686e-06
0,1.5620886435521497e-06
1,0.3955799472422847
0,6.39101442735089e-06
0,6.974165502862368e-07
0,1.3399160713978281e-06
0,1.70124967009634e-06
0,1.1991768265404963e-06
0,5.207750983448176e-06
0,1.398846926804848e-06
0,7.037258357822701e-07
0,4.5321778601822215e-06
0,5.972366069723641e-07
0,3.9208721826455955e-07
0,1.4432697084072982e-06
0,7.356794698865902e-07
0,1.229224043099176e-06
0,9.180731526147631e-07
0,9.154728032683697e-07
0,2.385022872949628e-06
0,3.5142423659939076e-06
0,3.6357181180322734e-07
0,1.0252158709021897e-06
0,6.969440841428374e-07
0,1.945977857449582e-06
0,2.58492437538567e-06
0,0.0006194865709836596
0,6.543949840393439e-07
0,5.84396085920214e-06
0,1.4259418206419807e-06
0,1.576641708548053e-06
0,4.573381458129832e-06
0,6.851380751564724e-07
0,3.4584340849987507e-06
0,3.22860976546364e-06
0,1.8057151015741e-06
0,4.925160985542959e-07
0,1.3095236304455053e-06
0,1.337879150519059e-06
0,2.296402527341261e-06
0,1.1973753429894392e-06
0,6.868885296452423e-06
0,1.8300910666028918e-06
0,3.52923324911401e-06
0,6.776942291635574e-07
0,1.1255626447483795e-06
0,1.4565746859955086e-06
0,3.983683059483716e-06
0,7.6194683255993e-07
0,1.380547399147881e-06
0,1.660406451501953e-06
0,3.0183179022376214e-06
0,2.3964322141372873e-06
1,0.8679818404736137
0,2.092335226374156e-06
0,4.50104148037288e-06
0,1.3644233829596755e-06
0,2.0987815151913563e-06
0,1.219834318132461e-06
0,3.6322425926448026e-06
0,3.4795613862645055e-06
0,2.0539874607979143e-06
0,8.928278543218301e-06
0,1.0316469215737317e-06
0,4.011947038627206e-06
0,2.1786572375354173e-06
0,4.075064110832594e-06
0,2.0310893175105267e-06
0,2.0626364944711197e-06
0,4.933360578637993e-06
0,3.923919356441136e-06
0,2.8871546208323647e-06
0,8.614593489088342e-07
0,1.043009522823806e-06
0,2.6936310356163668e-06
0,1.5131138849041517e-06
0,6.357516017629801e-07
0,3.8131246472751766e-05
0,1.1648275251249497e-06
0,1.5215869158967983e-06
0,1.58596050806869e-06
0,5.167100223548869e-06
0,1.3383687767155605e-06
0,1.4538116768621262e-06
0,1.1816549795974193e-05
0,2.667060145112968e-06
0,1.3850155783754955e-06
0,9.778962266095726e-07
0,2.1546280889918014e-06
0,2.1575852877259292e-06
0,1.730890600677476e-06
0,1.2740250086142106e-06
0,6.634904769612716e-07
0,5.152230717801514e-06
0,1.5831923513790092e-06
0,1.7851588768412924e-06
0,1.5356445039090353e-06
0,2.4978402114172915e-06
0,1.5397595564000773e-06
0,1.7010523130594067e-06
0,4.918249864032895e-06
0,2.0367727361672584e-06
0,3.190276482522899e-06
0,1.8243341082928277e-06
0,1.6669097084756689e-06
0,2.5507749122587616e-06
0,2.2266078814640852e-06
0,9.220353861328162e-07
0,3.5267843714573986e-06
0,4.0940840992534885e-06
0,1.2462759579765719e-05
0,1.1074625932850225e-05
0,1.448177977169115e-06
0,6.5829864749728895e-06
0,1.3542743831753333e-06
0,5.760454737865458e-06
0,2.2006248460149055e-06
0,2.0154077238671084e-06
0,1.9422827930220844e-06
0,3.0809548175401437e-06
0,1.2201188281095007e-05
0,2.8801383061051663e-06
0,9.397569160872694e-07
0,1.9120635442466803e-06
0,1.4961334660617762e-06
0,1.0532491512997188e-06
0,1.3015372102283421e-06
0,3.5704398918945986e-06
0,1.6448577848249373e-06
0,1.7330079225682523e-06
0,3.840234464048257e-06
0,1.229786950139641e-06
0,1.2683120589659141e-06
0,5.0212469056429e-06
0,3.483779780008801e-06
0,1.6220469042429947e-06
0,1.6139334217861503e-06
0,3.876638235264132e-06
0,6.453061816375332e-06
0,4.225790490534702e-06
0,4.828829409369301e-06
0,3.609938728375272e-06
0,2.305747606910303e-06
0,3.428106159662171e-06
0,3.6931432140658095e-06
0,6.619957422110915e-06
0,1.0477954084813036e-06
0,1.40405346728409e-06
0,2.078828977099101e-06
0,3.4930782631615907e-06
0,4.824931200070765e-06
0,5.4727395581921095e-06
0,2.091068717911659e-06
0,9.018757570456934e-06
0,7.445948168494592e-07
0,2.035416236732403e-06
0,9.466043392171258e-07
0,2.0414309023128907e-06
0,1.7848103422053721e-06
0,6.830470810883724e-07
0,9.53399618872323e-07
0,1.2723931960896275e-06
0,4.355076754421015e-06
0,4.533055866152663e-06
0,2.7860667867540214e-06
0,4.1106499483317875e-06
0,1.2728672178872978e-05
0,2.1057923290735337e-06
0,1.7106501912906903e-06
0,3.6900133188019116e-06
0,1.8597608720734974e-06
0,2.2537776597733795e-06
0,4.085513342200954e-06
0,4.0207408239139205e-06
0,9.961489845153923e-07
0,3.923014492408848e-06
0,7.750789354017768e-07
0,2.163907266197438e-06
0,1.7796177410632548e-05
0,1.330630508176718e-06
0,5.264307193849575e-06
0,6.8849376621162455e-06
0,4.67421062928665e-06
0,3.7940470748137982e-06
0,4.856669676899036e-06
0,4.133438130725768e-06
0,9.287888528915972e-07
0,2.343599047309896e-06
0,4.816393049242913e-06
0,2.26947701085618e-06
0,2.5608664668133236e-06
0,1.5081480212243056e-05
0,0.0015393676641828685
0,2.6556209344263534e-05
0,2.994225918621304e-06
0,4.087434501682703e-06
0,2.772743088229055e-06
0,3.181149517734207e-06
0,7.014470095696276e-07
0,9.093144182477752e-07
0,2.4286233703635824e-05
0,1.047858840628031e-05
0,2.2850863054657357e-06
0,6.17587774511662e-06
0,3.055924749537795e-06
0,1.5735119672195318e-05
0,5.541846564804562e-06
0,2.926320228721275e-06
0,5.777349127281034e-06
0,2.109279732168342e-06
0,6.6628702356702215e-06
0,2.086008329871951e-06
0,7.98289903882795e-07
0,7.870065219386587e-06
0,3.0901336682228425e-06
0,4.8589357345123656e-06
0,7.645396621689077e-07
0,9.798431389136264e-06
0,2.1121659384045325e-06
0,3.67927682662513e-06
0,2.1490500261107602e-06
0,1.1861025542385928e-06
0,2.5376509272573467e-06
0,9.685315811433572e-07
0,3.3125113057613173e-06
0,1.7068433064907614e-06
0,5.394510909395293e-06
0,2.006037016396718e-06
0,8.27309004487562e-06
0,1.5753023288015112e-06
0,3.3982121032357724e-06
0,4.395559647716566e-06
0,3.325176712557277e-06
0,3.970994288796419e-06
0,9.463255491323236e-07
0,6.222748382948449e-06
0,1.37358318103317e-06
0,1.3368124483080788e-05
0,1.8890296314836942e-06
0,1.467874337989878e-06
0,8.026570149878528e-06
0,1.1287080792737239e-05
0,4.231677930160514e-06
0,9.214297581064542e-06
0,1.2893022933781171e-05
0,3.489444852054198e-06
0,2.0276565949755625e-06
0,3.4069740475786964e-06
0,1.2571771479522044e-06
0,4.390818952925972e-06
0,1.231407210243804e-05
0,2.0930270798146786e-06
0,7.161398478980903e-07
0,1.448034070067247e-06
0,1.1483113298486586e-06
0,2.582603070695371e-06
0,1.0747332760400827e-05
0,3.7065158091884636e-06
0,1.1001684691098914e-05
0,3.2318129327579365e-06
0,3.890818048835452e-06
0,9.506982206213861e-07
0,3.064096819905896e-06
0,1.382915926787159e-06
0,7.630678857229416e-06
0,5.081210080055752e-06
0,2.9874716523414414e-06
0,2.4429100570651545e-06
0,4.909092192052919e-06
0,5.35463314957538e-06
0,5.634378289466115e-06
0,4.195947805039556e-06
0,8.474569436070781e-06
0,2.595011163582751e-06
0,1.6388511402969387e-06
0,2.1003512512669045e-05
0,1.5833837208524406e-05
0,7.38283822073825e-06
0,4.87919472525913e-06
0,4.299969256641084e-06
0,0.00011876045068262896
0,2.9742369365140098e-05
0,1.6763909000087037e-06
0,1.6005565139662815e-06
0,2.2879353851174865e-06
0,1.2547824780456979e-06
0,5.763119546982449e-07
0,7.921008215783638e-06
0,0.00037236584773967467
0,5.161929286534019e-06
0,4.906063907500459e-06
0,3.7923916784678586e-06
0,1.6127648537713583e-06
0,1.3548672201172777e-06
0,2.8751769943500734e-06
0,1.862314655819365e-05
0,5.018147620457861e-06
0,4.688028129915432e-05
0,4.673439456560047e-06
0,2.555456004599213e-06
0,2.0917140968437966e-06
0,1.3449982278342784e-06
0,2.8841280839561744e-06
0,4.651922116708534e-06
0,8.080846586236981e-07
0,2.729015402642032e-06
0,2.8499156418902514e-06
0,1.7698263356896003e-06
0,3.910012553303696e-06
0,8.142453194343248e-06
0,2.7156672590140565e-06
0,1.0526400060888645e-06
0,3.3586054199995097e-06
0,4.074992488620311e-06
0,7.838776900703358e-06
0,1.0368070661399192e-06
0,9.203006916035066e-06
0,9.462179048564424e-06
0,1.1990464000620238e-06
0,3.254200794056888e-06
0,4.70046182778791e-07
0,6.41589780907122e-06
0,9.014567204219914e-06
0,2.8754667292955816e-06
0,1.1093497964572806e-06
0,3.763349783877977e-06
0,1.8007166628595384e-06
1,0.8878581466045454
0,3.93217400686991e-06
0,6.7358280039424995e-06
0,4.595318874821723e-06
0,1.597601098903094e-06
0,9.84374269944184e-06
0,4.056234224328886e-06
0,9.960361875320052e-06
0,2.7862158998845576e-06
0,4.642627256184021e-06
0,1.0682888384224557e-06
0,2.2140958594442184e-06
0,2.743052841822354e-06
0,5.5911981714243095e-06
0,1.3908608490137224e-06
0,3.245728255686447e-06
0,7.553592994543818e-06
0,1.0647734837002598e-05
0,7.646461978340791e-06
0,1.0976053608153837e-05
0,3.7994204370389033e-06
0,2.9100303659207905e-06
0,7.379219350971649e-06
0,3.1111822078367596e-06
0,7.864661307675619e-06
0,5.465772977190176e-06
0,1.8380499734404266e-06
0,2.2789778552787684e-05
0,1.98148214852162e-06
0,6.68830009670595e-06
0,2.7646326283442032e-06
0,7.914580399602823e-06
0,1.908624714791974e-06
0,4.2866700547267365e-06
0,3.813299041499285e-06
0,4.357674102776338e-06
0,1.651671427052572e-06
0,3.215210871271267e-06
0,5.054124077388054e-06
0,6.013329130521819e-06
0,6.945460529455709e-06
0,6.0871021126058375e-06
0,2.5809739980294757e-06
0,2.693098847999185e-06
0,2.1560297316417106e-06
0,1.8226092902987762e-06
0,6.6545671055103875e-06
0,6.421976197968535e-06
0,2.790493643883643e-06
0,1.6205148779139586e-06
0,3.2987914670235604e-05
0,3.758741287094576e-06
0,2.8228295774564913e-05
0,2.0902974716591665e-06
0,1.0052101990632604e-05
0,3.099821892674802e-05
0,2.6292708668251426e-06
0,1.658549004195691e-05
0,4.66471090362319e-06
0,2.5347827031209673e-05
0,2.6416220633797523e-05
0,1.43205859301626e-06
0,9.853014552183638e-07
0,1.0611648810351824e-06
0,1.4824727903825726e-05
0,1.8327194857357317e-05
0,3.344760888609364e-06
0,4.036975505457953e-06
0,4.766157566535784e-06
0,5.940119892102357e-06
0,2.5927378222983826e-06
0,2.2071212013867873e-05
0,4.008438101024305e-06
0,2.268931969551605e-06
0,1.3109548296727442e-06
0,6.403203718710841e-06
0,1.7077124094295325e-06
0,6.4895816742359265e-06
0,4.738065332700028e-06
0,0.0001821996250632701
0,1.7329097462424405e-05
0,1.9118126168990663e-06
0,6.085316934635837e-06
0,0.0001866673550947265
0,5.788180138742761e-06
0,3.6752333492683677e-06
0,3.1221787676814957e-06
0,1.0417597729757511e-06
0,8.48345966417128e-07
0,9.183338598868168e-07
0,1.1391185580551283e-06
0,9.419048460732454e-06
0,1.7637039775922229e-06
0,1.3298829649178794e-06
0,2.880799276517744e-06
0,2.7560926123847885e-06
0,2.3728229242274056e-06
0,1.2148248176613152e-05
0,1.1396984388481844e-06
0,1.8332450151063755e-06
0,2.7304957895448957e-06
0,1.0531694814583948e-06
0,1.7392132550355416e-06
0,3.956446569512273e-06
0,1.405594081030206e-06
0,9.893874009592678e-07
0,5.200965193231428e-05
0,1.0956394323489295e-06
0,4.721280623195422e-06
0,1.148118118423533e-06
0,2.677463202585096e-06
0,4.496404894539336e-06
0,3.1932142373656244e-06
0,9.363685968156744e-07
0,6.197644778536763e-06
0,1.7193575783735098e-06
0,0.0002865864446607692
0,3.1275207595405546e-06
0,2.4685164923210736e-06
0,3.261275625652276e-06
0,2.387184203550977e-06
0,8.091782638281715e-07
0,4.543643874586324e-06
0,7.1983309305817705e-06
0,3.7918666903729644e-06
0,6.75889828922011e-06
0,3.7927309690132155e-06
0,1.663143743111566e-06
0,1.431645262264375e-06
0,1.3923259183473739e-05
0,2.4798938629204764e-06
0,1.132753156847692e-06
0,2.1846589021753466e-06
0,3.405113773448867e-06
0,7.963968947941147e-06
0,2.4955774299861e-06
0,1.7156187000810636e-06
0,2.9438532772186668e-06
0,6.19356201225283e-06
0,1.3631993505484863e-06
0,4.422623903156611e-06
0,7.462745431294005e-06
0,2.951392678081197e-06
0,1.6214665690601116e-06
0,1.4245591395532108e-06
0,2.480164556332724e-06
0,4.529430445225438e-06
0,1.5945777305584216e-06
0,4.002795937370617e-06
0,1.3989943353867193e-05
0,7.824489405380693e-06
0,6.285792095641214e-06
0,6.423003000835833e-06
0,9.831169226815506e-06
0,2.822599300389569e-06
0,1.771544173170877e-06
0,4.2416255614474435e-06
0,1.3641784667802412e-05
0,3.1722507277675798e-06
0,1.8828119841423941e-06
0,7.243659709509411e-06
0,1.8788179292748956e-05
0,1.5773518369393503e-06
0,3.6910061746360697e-06
0,1.2336932508033491e-06
0,0.0004775883664307503
0,1.0177625810391461e-05
0,1.1106774968875642e-05
0,1.5041336766346495e-06
0,1.3543572248302417e-05
0,8.660240542348925e-06
0,7.574944693182276e-07
0,9.312483130386781e-06
0,2.35474434553614e-06
0,1.936506973999153e-06
0,8.170107452076398e-06
0,4.06580742916653e-06
0,3.218275365143993e-06
0,7.530655155927212e-06
0,9.49257675173299e-06
0,0.007534295049010189
0,1.2673964882290361e-06
0,1.122694804450345e-06
0,3.366843191392001e-06
0,8.716649204629434e-07
0,1.0608290328495454e-06
0,2.547956165429563e-06
0,2.6267203109569473e-06
0,6.570680770623614e-07
0,1.151138750432192e-06
0,5.095570951091297e-06
0,1.2023402751287763e-06
0,2.3299467618448985e-06
0,1.0886579539220213e-06
0,2.1473334904555715e-06
0,2.0445190044011425e-06
0,2.075347839427251e-06
0,2.4112701009635026e-06
0,9.157818645371136e-06
0,1.0369394261015479e-06
0,1.6298403724122968e-06
0,5.096023225261654e-06
0,7.767518160218495e-07
0,1.306267924095746e-06
0,6.978658670089719e-06
0,1.6118427826255698e-06
0,1.7346875093713733e-06
0,3.30737313392185e-06
0,1.0060283455747089e-06
0,3.563371871008899e-06
0,5.820916223867725e-07
0,1.1413711395532517e-06
0,1.7701157292513634e-06
0,1.6096581874146816e-06
0,1.6874777435610913e-06
0,6.607361791071838e-07
0,1.0285933150007888e-06
0,4.287966601460595e-06
0,3.885594016972314e-06
0,1.599474632227449e-06
0,1.248299239361199e-06
0,2.4684613772108017e-06
0,1.8851692970104252e-06
0,5.103293122055741e-06
0,2.266079273995769e-06
0,3.870372286033444e-06
0,2.874456684090431e-06
0,1.5772809763055093e-05
0,9.472896353102217e-07
0,4.123071606150818e-06
0,4.323229788783015e-06
0,8.811222130601093e-06
0,3.2762920655771617e-06
0,1.3814506151541627e-06
0,2.520709727111966e-06
0,2.8731204675128406e-06
0,1.1219628826938039e-06
0,2.3945889057653063e-06
0,5.516279389651395e-07
0,1.7928892601602563e-06
0,9.3130618979415e-07
0,2.6802949971841563e-06
0,1.4770718280836054e-06
0,1.225381837393553e-06
0,1.3958058050629441e-06
0,7.319106752586573e-06
0,3.4338079750908425e-06
0,1.6142991965310395e-06
0,1.8752526190180986e-06
0,1.490324135719681e-06
0,1.0202104826547102e-06
0,1.961304268472997e-06
0,1.3427910572555123e-06
0,1.9694586877334027e-06
0,2.433642189772842e-06
0,1.8589405446275322e-06
0,2.7488175758681064e-06
0,1.687978419463857e-06
0,6.560497848604686e-06
0,1.0169554116524643e-06
0,1.40664867016571e-06
0,1.3973586056376344e-05
0,1.1400379942313824e-06
0,1.4004546685250421e-06
0,1.0800689718755157e-06
0,1.5064803622756667e-06
0,1.2506581778143281e-06
0,1.3314250935966652e-06
0,3.220451959787889e-06
0,3.867426151529006e-06
0,1.134789810515908e-06
0,1.881163933938184e-06
0,1.8316542457196836e-06
0,1.2488255380518559e-06
0,2.5700294673328325e-06
0,3.1648710687579717e-06
0,3.6513923167219566e-06
0,9.018874079340865e-06
0,1.3039762170633356e-06
0,1.1019530375570485e-06
0,1.3588908075085853e-06
0,2.770021616665939e-06
0,1.497178883550717e-06
0,1.60976033323544e-06
0,2.874491420853914e-06
0,2.4469723033978334e-05
0,1.1537361545665618e-06
0,1.0131311988176413e-06
0,1.3855265571978508e-06
0,1.3589026332266367e-06
0,4.230487139218761e-06
0,1.0286169425188308e-06
0,1.6346760230512922e-06
0,1.9618942755298355e-06
0,2.9225310013350147e-06
0,9.726873271244796e-07
0,1.2741627526780594e-06
0,4.0152271184131775e-07
0,1.3994670342900353e-06
0,1.1625782543531187e-06
0,1.7215235952673163e-06
0,2.5642476237427026e-06
0,1.8361753773080212e-06
0,5.734842592738136e-06
0,2.859701509982045e-06
0,5.403879829570324e-07
0,9.830015069616995e-07
0,2.136622538909211e-06
0,7.900100569833503e-07
0,0.0002729926203161249
0,6.748254292254717e-07
0,1.0180698613979404e-06
0,6.260328643465207e-07
0,2.1192055271174227e-06
0,5.515681599698237e-07
0,8.827479070561909e-07
0,1.5111945399050393e-06
0,5.671503341850047e-06
0,8.029863742637492e-07
0,2.6214630936467733e-06
0,3.776207202873343e-06
0,2.1047430442259543e-06
0,2.4873488357892904e-06
0,5.85341627335003e-07
0,4.279144110363412e-07
0,5.425778221792043e-06
0,2.056181004251535e-06
0,2.828401563776718e-06
0,4.024892104655688e-06
0,5.011814211792547e-07
0,6.528822481445874e-07
0,6.234218363869061e-06
0,1.8169099303348653e-06
0,7.768801942070373e-07
0,9.768715040517943e-07
0,1.6763917341700751e-06
0,9.326551576539149e-07
0,2.1952681379744554e-06
0,9.83254056615139e-07
0,2.247182871773937e-06
0,1.5691998711577753e-06
0,2.0115825789985824e-06
0,2.2522652030362146e-06
0,0.001199300411458797
0,4.0487913123037997e-07
0,2.018446878058056e-06
0,2.275767401962534e-06
0,5.69780093971004e-07
0,1.1288441085384398e-06
0,1.1018935084083547e-06
0,8.015953084237184e-07
0,2.1784723474633763e-06
0,1.2027957196488492e-06
0,4.587789736970269e-06
0,5.635071725085721e-07
0,2.241829763978761e-06
0,1.432595089995998e-06
0,7.191026834029817e-07
0,8.646098211852021e-07
0,2.0659350520512875e-06
0,9.860812087374616e-07
0,9.976939559729209e-07
0,2.0128604600502472e-06
0,8.017259512192785e-07
0,1.6655783869507127e-06
0,5.5344164242648945e-06
0,4.6012399859838274e-07
0,1.101796647938462e-06
0,4.248347587494265e-06
0,1.3330617561530332e-06
0,1.5837478606399867e-06
0,3.1544406921447326e-06
0,1.0509206682192828e-06
0,1.081960682022434e-06
0,1.9443695690607297e-06
0,8.675770184840464e-07
0,2.629769235854042e-06
0,1.3656640106212622e-06
0,2.236337213571912e-06
0,6.368059920562572e-07
0,4.011718995670297e-06
0,5.662550482602315e-07
0,7.262610737511092e-07
0,6.498652338584963e-07
0,3.347980153244187e-06
0,2.3767600134482646e-06
0,1.1065778415174881e-06
0,1.7494553459193738e-06
0,2.044561710293422e-06
0,4.472100606021587e-06
0,7.77192017354959e-07
0,1.8226959439958947e-06
0,1.02718898409102e-06
0,2.18312758927087e-06
0,2.039973292234153e-06
0,1.976141453647336e-06
0,8.72372427799164e-07
0,1.7540435083309675e-06
0,1.1703705560681755e-06
0,2.353972799248968e-06
0,0.0002693725272395181
0,1.241608274650913e-06
0,3.079920383275091e-06
0,1.968696198455167e-06
0,4.468358175637493e-06
0,3.134841943944886e-06
0,1.147596882854082e-06
0,3.4834053378977314e-06
0,6.77359259366634e-07
0,4.5769450748332864e-06
0,8.946689561632695e-07
0,2.5958112088124844e-06
0,3.416423533165581e-06
0,6.209228066523313e-07
0,4.376524366364035e-06
0,5.873884545833648e-06
0,3.86868119301528e-06
0,7.68004161244383e-07
0,6.147446151581004e-06
0,1.1739531163988798e-06
0,2.1188818247622474e-06
0,5.126700434198439e-06
0,3.0610536123712267e-06
0,6.23716787549814e-07
0,6.772951014953603e-07
0,1.218999451493836e-06
0,3.181322916494131e-06
0,9.634948702890813e-07
0,2.2879129412722364e-06
0,2.3395284961793806e-06
0,0.00015107876619600114
0,8.455585478588616e-07
0,1.04356637704262e-06
0,8.9955239860644e-07
0,1.9148980245788235e-06
0,7.693058638599053e-07
0,7.780861839734854e-07
0,4.494098991248623e-07
0,1.822776267828857e-06
0,5.583694089147853e-07
0,2.1881549184433762e-06
0,2.1409048496985365e-06
0,1.832018283163322e-06
0,6.548437780397927e-07
0,6.575564801804124e-07
0,7.938285642376781e-07
0,3.259877145461399e-06
0,1.051188569511717e-06
0,1.2815184002039217e-06
0,1.3018293335864485e-06
0,9.790597346608675e-07
0,2.1038321712932106e-06
0,1.1638032811806619e-06
0,8.766306688909624e-07
0,8.563223400936066e-07
0,1.8021604422717417e-06
0,3.8168475242496296e-06
0,5.830921257394716e-07
0,8.946312854898762e-07
0,7.0140626357979326e-06
0,6.1039879641850135e-06
0,4.505330916567879e-06
0,8.493016219179934e-07
0,2.6247082530181843e-06
0,5.852005994979245e-07
0,5.164036305540653e-07
0,6.45492826869027e-07
0,5.749322957807634e-06
0,3.993049514253867e-07
0,2.0351499500318573e-06
0,5.630728053131841e-07
0,2.5331800906017713e-06
0,2.3786775211997038e-05
0,7.546180285963553e-07
0,3.1215675538269894e-06
0,9.415721466036204e-07
0,7.969349551754172e-07
0,1.0629855846280197e-06
0,3.342150713645862e-06
0,2.1870200886885446e-06
0,8.763678100256387e-07
0,1.3179308875534787e-06
0,1.2014157027859075e-06
0,2.3018612397632707e-06
0,9.038081304333119e-07
0,1.5354776392256263e-06
0,2.7052569147710515e-06
0,3.0928817972737907e-06
0,1.2412671430727942e-05
0,2.6233780862250737e-06
0,7.889126262328933e-07
0,5.9566178373037105e-06
0,8.221438818365273e-07
0,3.6379022802372744e-06
0,7.076574446792545e-07
0,4.156878310352557e-06
0,1.8870694483145665e-06
0,2.398983260634388e-06
0,7.737982531907387e-06
0,9.07814576037636e-07
0,1.8364962695507733e-06
0,1.2847620436207375e-06
0,8.923972231208318e-07
0,1.597951908827111e-06
0,2.8213320616397773e-06
0,3.0501321846893913e-06
0,1.968774301722413e-06
0,3.2026382337506187e-06
0,2.001310513542147e-06
0,1.4917940525292982e-05
0,6.75672028837735e-07
0,4.2601961786541354e-05
0,5.393682600804265e-06
0,5.592534605146533e-06
0,1.3882684897358932e-05
0,2.2944504483821178e-06
0,7.884683534450676e-06
0,9.225179824361618e-05
0,1.132829209386625e-06
0,1.9136852012840385e-06
0,1.0346771858216956e-06
0,1.445499401141376e-05
0,7.266933824804778e-07
0,1.061304815212884e-06
0,2.541517909094246e-05
0,1.5946126047371824e-06
0,3.0556501253988073e-06
0,3.738595559013109e-06
0,7.059794925781432e-07
0,2.5904460988020317e-06
0,4.250754607591503e-06
0,2.7936560489930892e-06
0,1.653809334694662e-06
0,2.358125782432615e-06
0,1.0301133483423633e-06
0,6.617524361286355e-07
0,1.2600189097250031e-06
0,1.6390797156724051e-06
0,5.928441475936038e-06
0,1.5552032312251165e-06
0,5.446065635428311e-06
0,2.4532534645523926e-06
0,4.79786517276585e-06
0,1.2099760309969901e-06
0,1.1639290600769982e-06
0,1.7192361141632708e-06
0,3.270309082660063e-06
0,3.713864261071067e-06
0,8.460088233322861e-07
0,1.2120467145458178e-05
0,1.0420686944206383e-06
0,8.795669524506174e-07
0,8.855862569951745e-07
0,1.2407577877696047e-06
0,6.972095806027575e-07
0,2.515037992125901e-06
0,1.2419680452448132e-06
0,3.0540663936460817e-06
0,1.2789431891643892e-06
0,8.430412504486663e-07
0,7.82732900069868e-06
0,7.703326633625793e-07
0,8.727044208028725e-07
0,7.888859233043942e-07
0,6.180338168335167e-06
0,1.4394723225480103e-06
0,6.276612573201932e-07
0,4.677420676626147e-06
0,1.841858495998594e-06
0,7.65774197366699e-07
0,2.1454084485712987e-06
0,9.035776073567057e-07
0,6.296416669480311e-07
0,8.695792847729378e-07
0,3.7521415460432853e-06
0,2.4706035715336494e-06
0,1.1335768841823957e-06
0,1.5712865236368515e-06
0,1.462668237653251e-06
0,1.1245350950739135e-06
0,1.2921328669914903e-06
0,1.3500329722101908e-06
0,1.0987139068876514e-06
0,1.6174398443770185e-06
0,7.779525555147665e-07
0,4.361258768786179e-07
0,5.170067486344834e-06
0,2.1359904459368302e-06
0,1.0807086014447453e-06
0,2.7842917494137428e-06
0,2.084204677094988e-06
0,1.0361849958928509e-06
0,1.6690866901851214e-06
0,6.11064592638494e-07
0,1.1807700871450618e-06
0,7.853474784715037e-07
0,9.192786227673258e-07
0,1.7338620887371814e-06
0,1.3743872336141197e-06
0,7.415565688520367e-06
0,1.5276542660990543e-06
0,7.656921510345723e-07
0,3.4535448353977474e-05
0,1.3950851189951693e-06
0,8.431575402307337e-07
0,2.161733488897351e-06
0,1.4944906584687032e-06
0,2.6698493668477936e-06
0,4.5072669836938015e-06
0,9.9288847764475e-07
0,3.6080979449471643e-07
0,1.8107533341715782e-06
0,2.7850539901868864e-06
0,2.0043670765978975e-06
0,3.2809040558510096e-06
0,4.2959892677647716e-05
0,1.9899120466613346e-06
0,4.655991794417867e-07
0,6.798341429061441e-07
0,1.728904279988276e-06
0,8.784239159060688e-06
0,3.2272535267557035e-06
0,3.211571519163163e-06
0,1.7289867161598425e-06
0,5.719337930407995e-07
0,6.339779886287139e-06
0,1.9603779642390895e-06
0,1.284551239019873e-06
0,4.388056379778372e-06
0,1.7718862378481193e-06
0,5.346136951007848e-07
0,4.769942257737674e-06
0,1.2593626011987064e-06
0,3.0958877286771866e-06
0,5.719272684201452e-07
0,1.578099072547512e-06
0,9.433064237373932e-07
0,2.472920671562385e-06
0,7.802994516638109e-06
0,2.272300453107333e-06
0,8.739847495822337e-07
0,4.2400532767042696e-06
0,1.970720766633448e-06
0,3.262244092622954e-06
0,1.6663835016681601e-06
0,5.806159783186772e-07
0,3.3163723664695235e-06
0,1.8700244829993184e-06
0,8.922997887343961e-07
0,1.6887611213126843e-06
0,4.674185467544954e-06
0,1.476125028363791e-06
0,1.3828385394323805e-06
0,4.390307871793171e-06
0,1.0639844690036077e-06
0,1.980249426578777e-06
0,3.426828009765692e-06
0,1.5529337116736924e-05
0,2.677802486210005e-06
0,2.207107443498772e-06
0,2.7622063920887118e-06
0,9.058681797321087e-07
0,2.6521803472941493e-06
0,1.988124365324589e-06
0,5.256782776620874e-06
0,6.583884789413897e-07
0,2.683642013574581e-06
0,1.8800374245299383e-06
0,9.913034410348796e-07
0,1.9568375985198227e-06
0,2.105623068781566e-06
0,3.417858615183292e-06
0,3.5034483858244763e-06
0,8.559589361640845e-07
0,1.5619399516903096e-06
0,8.659712997079394e-07
0,2.416497698989295e-06
0,5.380707070641976e-06
0,1.8710496107237174e-06
0,3.053952722932367e-06
0,1.2851793692530007e-06
0,1.92937438829379e-06
0,1.0149013685780065e-06
0,5.966321756487313e-06
0,8.013603761464638e-06
0,2.270132367366542e-06
0,1.496551885363493e-06
0,2.8717370035647326e-06
0,5.43475394462778e-07
0,2.517496404527479e-06
0,4.477951111286522e-06
0,1.171505673660509e-06
0,1.2183104135166389e-06
0,2.7046540743244333e-06
0,6.285406014100706e-06
0,2.0064669488005166e-06
0,2.5696531517778538e-06
0,1.583083992568759e-06
0,2.8681883572218484e-06
0,1.100812911706452e-06
0,6.400962761021959e-06
0,1.43736435372336e-06
0,5.174881805186707e-06
0,5.583140439308111e-06
0,2.3382497777599245e-06
0,2.32493663785394e-05
0,5.228074684520844e-06
0,2.4726965891368584e-06
0,9.053558448711472e-07
0,1.8640924749927903e-06
0,1.1690611621640326e-05
0,9.357367481697876e-07
0,7.941776878701592e-07
0,2.8727068624910578e-06
0,1.9943332013575434e-06
0,5.277168107753525e-06
0,1.499058009656659e-06
0,1.979834627634604e-06
0,8.849015920100567e-07
0,6.911192461212339e-06
0,3.1106343536425557e-06
0,2.904819263194976e-06
0,1.4434792360119714e-06
0,3.3726280756943044e-06
0,2.2605250764815794e-05
0,8.126744445453753e-07
0,9.056889646898413e-07
0,1.7227512637472844e-06
0,2.122492283868028e-06
0,2.7486352099272503e-06
0,3.646971526873249e-06
0,1.2881281873136992e-06
0,2.2946369221500954e-06
0,5.831670208375391e-06
0,3.639688950487038e-06
0,2.432538831857524e-06
0,8.681176209833507e-07
0,3.0100762948875363e-06
0,2.4388047934084734e-06
0,4.2300394430172195e-06
0,0.00018565365270117756
0,3.3438082347645617e-06
0,1.346863747469486e-06
0,3.0686501030671925e-06
0,2.121356437779053e-06
0,1.1934196302711549e-06
0,5.5860264003485486e-06
0,2.8540101029510987e-06
0,2.3383511089200934e-06
0,1.981376448838598e-06
0,3.0305731168162943e-06
0,8.444455427560355e-07
0,4.424681090126356e-06
0,1.7350509665473742e-06
0,7.358639433545684e-07
0,1.5031664491910912e-05
0,1.111245808445061e-06
0,1.9345992310146185e-06
0,2.1777637801926556e-06
0,9.092786737633239e-06
0,3.0138118313914526e-06
0,1.4364081494543749e-06
0,8.812296954540152e-06
0,2.3017832728282187e-05
0,1.909258020354139e-06
0,3.641364026410262e-06
0,2.6087105125943137e-05
0,2.576935258560392e-06
0,3.035851254738048e-06
0,5.648814015635153e-06
0,1.7490620112947847e-06
0,6.485704700326727e-06
0,9.240878041611547e-06
0,1.1560427364932839e-06
0,2.366016755127663e-06
0,4.318045559081754e-05
0,3.7761084993864352e-06
0,3.7561005053532694e-05
0,4.5973583261217476e-05
0,2.4171264740239425e-06
0,7.440773087070711e-06
0,6.383483360383363e-06
0,1.0269192351154265e-06
0,1.6460659561381402e-06
0,2.986935434009724e-06
0,1.9536545563497737e-06
0,4.726513928122197e-06
0,8.056869376526873e-06
0,4.711554051534191e-06
0,1.2958245412502499e-06
0,1.4634881333955084e-06
0,1.6597747899504666e-06
0,4.703427458210421e-06
0,2.6464302231110103e-06
0,4.6204756695376895e-06
0,9.373789914070274e-06
0,9.276256732768241e-06
0,2.390755760780556e-06
0,3.1323068927262745e-06
0,5.748099037906599e-06
0,2.572768335249119e-06
0,1.8929534793165723e-06
0,9.331273547728131e-07
0,7.165481811114527e-06
0,3.498404352285389e-06
0,1.5288673271607004e-06
0,1.5003583705932456e-06
0,5.504672012330826e-06
0,6.4483163324917205e-06
0,3.652009792175967e-05
0,2.649259990374346e-06
0,6.933637415662598e-07
0,1.029314132371353e-05
0,6.11885544087707e-06
0,8.283553006447699e-06
0,4.007449466010332e-06
0,2.7437004016784117e-06
0,1.649461952361625e-06
0,7.165354491261247e-05
0,7.693476095880661e-06
0,7.949484662046207e-06
0,2.7027017838266523e-06
0,2.8023826571634246e-06
0,6.511309082534601e-06
0,1.5587086826995367e-06
0,2.9701405303375346e-06
0,5.928786971880624e-06
0,0.0029869442380638643
0,1.4982296551335475e-06
0,4.896678411810607e-06
0,8.207985795925972e-06
0,1.1368881216437078e-06
0,2.96169806923918e-06
0,5.1028718119863565e-06
0,2.621294860663414e-06
0,4.422286959276354e-06
0,6.993563208243196e-06
0,2.3025268905935227e-06
0,2.709703348433764e-06
0,1.3945013954968748e-05
0,1.5257424763101167e-06
0,4.607936063814214e-06
0,3.6683607473121925e-06
0,5.601397835529171e-06
0,8.550473436721562e-07
0,4.885158441565707e-06
0,9.562411431248424e-06
0,1.1375119138153002e-06
0,1.4256638265575842e-06
0,3.3939488224288203e-06
0,2.3324739019056804e-06
0,9.237666084927714e-06
0,2.4959095244753256e-06
0,9.202503776038675e-07
0,6.046341755644311e-06
0,4.111353877927473e-06
0,1.1193351740447425e-05
0,2.141003590388097e-05
0,6.498780579246018e-06
0,6.5056839439475666e-06
0,6.3986666576151084e-06
0,6.794135713061987e-06
0,7.254575226505508e-07
0,8.293545809521235e-06
0,3.0748006932493433e-06
0,5.3041373551094416e-06
0,2.6176333974048018e-06
0,2.846687266622903e-06
0,8.361385819805837e-06
0,6.222689556696155e-06
0,4.544119666857437e-06
0,4.919281577718326e-06
0,6.850613509754631e-07
0,7.901070286782568e-06
0,4.146163142406812e-06
0,1.1006409461177145e-06
0,7.288906475361689e-06
0,1.7557648875268515e-06
0,1.907619023306705e-06
0,1.674188733515605e-05
0,2.094887464151981e-06
0,7.146447497432321e-06
0,2.1567628342887572e-06
0,2.7372162494136576e-06
0,7.491090625202171e-06
0,7.274227378448601e-06
0,1.352512489110379e-06
0,4.763023740518431e-06
0,5.858800928619333e-06
0,2.5853788835797115e-06
0,6.297521204501572e-06
0,6.059825450822186e-06
0,3.701493987333409e-06
0,5.241351060412406e-06
0,1.7542875584106122e-06
0,8.600598649861582e-06
0,3.903654557833885e-07
0,3.507041867434527e-05
0,9.50893008079859e-07
0,1.0130476726418888e-06
0,1.8528390616162313e-05
0,2.2389033761176602e-05
0,3.8527444606802254e-05
0,3.4027122046329156e-06
0,3.851961726372977e-06
0,1.0319724268313239e-05
0,1.2067626369242127e-06
0,1.1423718520638957e-06
0,7.222165836855367e-06
0,7.114824677568441e-06
0,8.635772754534015e-06
0,5.612395662709637e-06
0,6.117907330271068e-06
0,1.6471896575120606e-06
0,2.325197315143835e-05
0,1.2339961491804734e-06
0,1.143574930508787e-05
0,1.3331006380454372e-06
0,0.0002326919610083758
1,0.9992782736258284
0,0.00011320958451332334
0,8.891586727816419e-06
0,3.0474023354235444e-06
0,1.001139645495825e-06
0,2.50311784449923e-05
0,2.5721695821928644e-06
0,2.718146938856713e-06
0,1.910792007838259e-06
0,1.911978300917588e-06
0,1.0408652820451247e-06
0,3.5744978071049127e-06
0,9.343149446220468e-06
0,7.5560592839834935e-06
0,4.17460654420077e-06
0,7.3563654954403134e-06
0,1.37733375673972e-05
0,7.161806728672561e-06
0,7.626744442277919e-07
0,1.704047463509814e-05
0,3.377127658370342e-06
0,7.007592954986774e-06
0,2.0145887899200464e-06
0,3.01732952290298e-06
0,7.785518490332526e-06
0,1.6566433764388316e-06
0,1.5842655540487756e-05
0,1.8307316972946406e-06
0,1.857647700290773e-06
0,1.631632541967116e-05
0,4.247126241992021e-06
0,4.696618189274202e-06
0,1.2335483643092024e-06
0,2.660595009201092e-06
0,2.2846301285242335e-06
0,7.226397606993499e-06
0,4.358243539447391e-06
0,4.81484288467853e-06
0,8.541697867894639e-07
0,1.0270136165682966e-06
0,3.325526492263018e-06
0,8.302931869079387e-07
0,7.838202918413145e-06
0,5.210490617096151e-06
0,2.274162503072482e-06
0,2.8177573544933946e-06
0,4.634205259634419e-06
0,2.6261590439161743e-06
0,3.354524776886014e-05
0,6.080971807220785e-06
0,1.1748215204192706e-06
0,7.293111650190276e-07
0,4.000859225468515e-06
0,5.301502934626869e-06
0,9.155690979263724e-06
0,2.0226455020427214e-06
0,2.6247020040412654e-06
0,1.3713687553997739e-06
0,1.5678724057776391e-06
0,7.074884518442896e-06
0,3.530669267588474e-06
0,1.2888897758117883e-05
0,9.19292881719905e-06
0,3.4272895556670153e-06
0,5.427227471943932e-06
0,2.5670168892075636e-06
0,2.4663013162850424e-06
0,6.91471015509421e-06
0,4.035660679285686e-05
0,2.2575076961044675e-06
0,5.455782311135828e-07
0,4.049850607587638e-06
0,3.4681168365041705e-06
0,1.8959374172982882e-06
0,9.128390042660184e-07
0,4.658099984880744e-06
0,2.0851177804116862e-06
0,3.324598627296246e-06
0,1.4623584100740018e-05
0,1.9071895042354247e-06
0,5.674680598637392e-06
0,6.375346201542805e-06
0,3.181217427100924e-05
0,5.4021883618125944e-06
0,1.7622249445854833e-06
0,1.836550325988403e-05
0,1.0438164515318729e-06
0,1.705280683045042e-06
0,2.3702636061459102e-06
0,6.743359976115013e-06
0,1.3904075552156485e-06
0,8.726528773330557e-06
0,2.8924043514666557e-06
0,1.911810784738225e-06
0,1.7431460605941725e-06
0,3.6502159015965642e-06
0,6.980871031327934e-06
0,3.485010153512417e-06
0,1.5096569257488664e-05
0,2.8525423759605763e-06
0,1.5056633266377767e-05
0,1.647722517011178e-06
0,4.523032351085203e-06
0,2.0933551935307328e-06
0,8.619293839350726e-06
0,2.9879167100720144e-06
0,2.206009109061298e-06
0,3.3096352867431375e-06
0,7.114031029157642e-06
0,4.702704238549384e-06
0,2.335564375210631e-06
0,5.975525133203833e-06
0,5.4360613359886945e-06
0,1.807250808109091e-05
0,5.286048139876176e-06
0,3.7288564216637987e-06
0,5.5275621945944936e-06
0,8.638458124049236e-06
0,2.3538274933251216e-06
0,3.797455658197252e-06
0,2.9429976227987564e-06
0,6.973617723275393e-06
0,2.2488284485968727e-05
0,2.2272374796809524e-06
0,2.233508384897747e-06
0,5.9183555722938105e-06
0,1.499117491366768e-06
0,8.943116838186425e-06
0,2.460489071135319e-06
0,5.051678698130497e-06
0,2.3752624514657815e-06
0,0.00012080775312001279
0,3.4138091440439275e-06
0,6.276052286961676e-06
0,1.9660699401796675e-06
0,3.3609153399487342e-06
0,9.435017912119879e-06
0,1.4693087431272073e-06
0,1.9823871112727715e-06
0,1.0407548087342762e-06
0,1.29345285720015e-05
0,8.25154619496545e-06
0,2.096803264551637e-06
0,5.302557498567492e-06
0,1.2484625650575237e-06
0,9.978392222865369e-06
0,6.27226906499771e-06
0,2.281850752964829e-06
0,1.2410782706543308e-05
0,1.0050184460623904e-06
0,1.510489261092675e-06
0,7.845229189695524e-06
0,1.4946485354249408e-06
0,7.843814401879738e-06
0,4.107268299974102e-06
0,1.8489215034821377e-06
0,6.341683406573987e-06
0,1.9503815432345587e-06
0,5.41213836872337e-06
0,2.163823044479089e-06
0,2.1280981614905485e-06
0,2.201642203159061e-06
0,1.198078105324753e-06
0,1.2288640983655824e-06
0,0.0002928856333705561
0,7.98882681899233e-06
0,2.8402179059438005e-06
0,2.2745888638414236e-06
0,0.0038036607303381193
0,6.978353746660232e-06
0,6.836481318354269e-06
0,6.781059318251127e-06
0,5.718654971238249e-07
0,1.1251034759908333e-06
0,1.3616377229919326e-05
0,1.3567158088959119e-06
0,1.5337857618991993e-05
0,5.2442649402238185e-06
0,4.136749635224677e-06
0,1.1768006678454215e-05
0,5.446911245655519e-06
0,3.933914973301966e-06
0,9.360422523137588e-06
0,2.249226255956425e-06
0,1.4541586424807218e-06
0,2.0082538181968033e-06
0,7.51302992219437e-06
0,0.00029576061527887147
0,3.58151292816796e-06
0,3.42675873578546e-05
0,1.5655150869458484e-06
0,2.0315836525831565e-06
0,1.018484258940428e-06
0,1.1479373384379046e-06
0,6.8423395874287726e-06
0,9.90101378258745e-07
0,1.2951145042510288e-05
0,6.684348266068327e-06
0,2.5350397035355662e-06
0,7.956447577056938e-07
0,6.5313976144920955e-06
0,2.852847408435878e-06
0,4.432921427443205e-06
0,5.703914699776936e-06
0,4.639120918269227e-06
0,2.0860520954627284e-06
0,5.848291805840337e-06
0,2.6909446407732137e-06
0,1.0063218305735326e-05
0,6.757216679305971e-06
0,4.310384586265593e-06
0,0.0012208190723258226
0,3.4595956150886553e-06
0,3.4141245101974872e-06
0,1.1533582271442984e-05
0,1.758334720588778e-06
0,4.928477419170572e-06
0,1.0091087136331003e-06
0,2.968448185533183e-06
0,6.623445358102289e-07
0,4.4992293817385515e-06
0,1.6861559550447355e-06
0,3.9578775692020395e-06
0,7.21134062133644e-06
0,3.935646370872037e-06
0,3.354853526690343e-06
0,4.0527034792048005e-06
0,3.950201979462814e-06
0,1.7244551855721705e-06
0,1.3697510235672327e-06
0,4.871167219261233e-06
0,1.0397195573795793e-06
0,6.211199870643732e-06
0,6.004421320533659e-07
0,1.854862282093959e-06
0,7.595476069305717e-07
0,6.4302517200549016e-06
0,2.657295249250417e-06
0,2.719467196442292e-06
0,4.323895702183486e-06
0,2.5724487186657845e-06
0,1.1829108926207566e-06
0,0.000115202305269217
0,1.6530002332990966e-06
0,3.5414694472245426e-06
0,1.8343442247964467e-06
0,1.4930628136504485e-05
0,4.253206471842808e-06
0,3.1664876621880426e-06
0,5.54588382468483e-06
0,3.093402484486962e-06
0,4.5372962333434345e-06
0,1.6764004515501352e-06
0,2.0838675568988706e-05
0,1.1081573827440768e-06
0,2.4029441319197362e-05
0,2.162419473284749e-06
0,3.23505908510102e-06
0,0.006521053594943491
0,1.934773509146259e-06
0,1.6157640563465482e-06
0,5.40069780425712e-06
0,6.6497591851399475e-06
0,3.131449939983825e-06
0,2.311899763219056e-06
0,1.3676483120200706e-06
0,2.2729468763212968e-05
0,9.466935546072561e-06
0,3.911642542078081e-06
0,3.4013846091571413e-06
0,1.6940122135781574e-05
0,5.357683158735808e-07
0,1.3667541646015173e-05
0,2.8092654331044906e-06
0,3.7071245488253584e-06
0,1.7654596292293956e-06
0,1.4976581948443456e-06
0,9.427278440304489e-06
0,0.00011023143365049685
0,1.2345668036689667e-06
0,2.250873573748067e-06
0,5.721847827478907e-07
0,7.150269524143064e-06
0,6.510120664601306e-06
0,2.1748394806960286e-06
0,2.7742575217830187e-06
0,4.658361656538406e-06
0,5.051504941966307e-06
0,1.036941408943344e-05
0,8.734622362517448e-06
0,2.6114544967207776e-06
0,3.2000409093066767e-06
0,6.919553306730336e-06
0,2.2290200203379206e-05
0,1.3189179095659944e-06
0,1.2076366776351826e-06
0,3.4737929407146535e-06
0,3.170596926010866e-06
0,2.457886230989366e-06
0,5.0304418337492995e-06
0,5.506213074167263e-06
0,2.4959536882079623e-06
0,4.796296915804781e-06
0,1.402612865464331e-05
0,2.210951042408169e-06
0,1.225111413766258e-06
0,1.3396804112013773e-06
0,2.1603819237286163e-06
0,2.1756139571662947e-06
0,4.016442385299988e-06
0,1.8636775984610581e-06
0,6.072673507220932e-07
0,5.478967787590963e-06
0,5.726675098148553e-06
0,5.377467411503931e-06
0,5.31566916286257e-06
0,8.361521573128424e-07
0,5.260768011295729e-06
0,1.537043082411975e-05
0,9.107595197885601e-06
0,6.105444140818384e-06
0,1.2307892023731652e-06
0,7.266402954700595e-06
0,4.948871563103666e-07
0,4.005000600470253e-06
0,2.392641256203145e-06
0,2.5238363826671692e-06
0,3.703193897438316e-06
0,2.988616064614193e-06
0,3.064456406642331e-06
0,1.1301703039507822e-06
0,3.114883209941881e-06
0,4.813067423130299e-06
0,2.195810437810844e-06
0,1.0993658549282495e-05
0,1.9470509071086784e-06
0,1.449525853501705e-06
0,1.3353441495038117e-06
0,2.065999308878743e-06
0,4.329542206477459e-06
0,1.2958539817451675e-05
0,4.051382600730988e-06
0,1.245932359601496e-06
0,5.58443540242914e-06
0,2.6723826807340166e-06
0,1.2873480744838507e-05
0,7.338722196045359e-06
0,2.250935471065605e-06
0,1.2995586087124043e-06
0,0.00016432733582685369
0,1.8116492212035063e-06
0,1.0912297631395473e-06
0,3.194034359778937e-06
0,1.0911131286153298e-05
0,2.999560152227052e-06
0,9.063956552749996e-06
0,6.581252733813762e-06
0,4.957364565789673e-06
0,1.2222530888638019e-05
0,1.059281540892644e-06
0,2.6141929765652567e-05
0,8.826604363771918e-06
0,3.243470933479035e-06
0,2.616098395281587e-06
0,1.7935065441346437e-05
0,1.5351333231928006e-06
0,7.044041050232033e-06
0,9.437955436174105e-07
0,5.559828553857289e-06
0,1.5172777360999422e-06
0,1.945871406408858e-06
0,4.825735972583727e-06
0,7.834937983367194e-07
0,1.118898748977578e-06
0,7.377634169756353e-06
0,2.557837162097303e-05
0,7.391649529746644e-07
0,1.0915559926308723e-06
0,1.306881171708214e-06
0,6.200402602478496e-06
0,2.1502495275086085e-06
0,1.9113164464591545e-06
0,3.982891464921601e-06
0,2.3269692672879924e-06
0,1.452187641075477e-06
0,1.0799075738622659e-06
0,8.214602956426903e-07
0,1.6314309822779417e-06
0,2.4577057317211803e-06
0,4.95345762677583e-06
0,6.051388205960937e-06
0,5.749235961617841e-06
0,4.440960791301198e-06
0,7.136020597653266e-06
0,7.927119466382625e-07
0,4.4017651106909856e-06
0,3.1243419425678723e-06
0,2.8274335512553487e-06
0,2.898713200327822e-06
0,2.160257694638598e-06
0,2.7518839852769117e-06
0,2.598346807721831e-06
0,1.6809398243754945e-06
0,1.5100427215551636e-06
0,5.812938406871464e-06
0,1.1297160700066026e-06
0,6.004143489391762e-06
0,7.978550216552396e-07
0,1.1567581713477725e-06
0,1.2483960951089177e-06
0,1.643266759355134e-06
0,1.339920913992421e-06
0,3.543295762797537e-06
0,1.0322295084067007e-06
0,2.0967703171746546e-06
0,2.2834844246585487e-06
0,1.0193118093418406e-06
0,1.9791119564442488e-05
0,3.2882717825101026e-06
0,6.477126330202084e-06
0,2.399228477772229e-06
0,3.8965397956424266e-06
0,7.724530354326127e-06
0,5.37482484285693e-06
0,1.299681941627368e-05
0,4.183931080628694e-07
0,1.119790433042972e-06
0,5.53705246635042e-06
0,8.362265301597804e-06
0,1.383691165908855e-06
0,2.7773719912760574e-06
0,2.217528089085378e-06
0,2.736488507055484e-06
0,5.352638420205799e-07
0,5.524812055398424e-06
0,1.535055944924259e-05
0,8.40069702260765e-07
0,1.3712111377139822e-06
0,2.776364721624703e-06
0,1.1913040786492096e-06
0,3.630938543838774e-06
0,2.7331446128087587e-06
0,3.4513536541583222e-06
0,9.09930265507361e-07
0,2.460047273428077e-06
0,2.8314147964759376e-06
0,2.528251684950562e-05
0,3.8408288520457785e-06
0,1.178564444938131e-06
0,1.256314857163381e-06
0,4.458937198005677e-06
0,1.546487360402251e-06
0,2.169890318920268e-06
0,1.938161210542325e-06
0,1.0791979220955416e-06
0,1.0383066197655317e-06
0,2.5016712646476804e-06
0,1.1751495942621475e-06
0,1.6688491611967011e-06
0,3.7191812642668934e-06
0,9.745736880458349e-07
0,5.9241507970452046e-06
0,1.889091174947621e-06
0,4.415927160831341e-06
0,1.5823942008422053e-06
0,2.909486379026526e-06
0,1.066852460183094e-06
0,2.9757374777797858e-06
0,8.507321963841534e-07
0,4.89635909752722e-06
0,1.199567459022157e-06
0,1.4263696327550326e-06
0,7.113983767856122e-07
0,1.4077613369713435e-06
0,6.794756259835097e-06
0,2.1133339122501233e-06
0,9.673836404294855e-07
0,5.404984075116795e-07
0,9.577952199264773e-07
0,4.4704943740234313e-07
0,2.0484807153709233e-06
0,5.784707609423884e-06
0,1.1789876314721063e-06
0,9.876339582806062e-07
0,4.2476298812323836e-06
0,7.235464890318798e-07
0,2.2786519782227247e-06
0,7.703611764105911e-07
0,2.186301713723757e-06
0,2.4602871824249436e-06
0,8.898682337917297e-06
0,1.145825034086992e-06
0,2.42617592001175e-06
0,1.352206368190901e-06
0,3.0045388389506673e-06
0,3.3236245336053713e-06
0,8.611983873320474e-07
0,1.323369993306319e-05
0,1.2324536875860887e-06
0,1.3989894625836256e-06
0,1.4729496205729057e-06
0,1.6286314228376536e-06
0,1.3334383845931428e-06
0,2.3260779020558904e-06
0,2.4030368090538896e-06
0,1.8479578407364152e-06
0,2.805944741913357e-06
0,4.332183496880107e-06
0,3.7107615188632385e-06
0,3.3843448863920436e-06
0,8.991178376796895e-07
0,6.190640992396121e-07
0,2.308653749320668e-06
0,3.6388345023284614e-06
0,2.1476813822728892e-06
0,8.829583186408917e-07
0,1.3744110951607696e-06
0,1.9067610846438771e-06
0,1.3100055467994513e-05
0,3.7227130570459616e-07
0,3.881645136263016e-06
0,1.209225451202636e-06
0,2.5416863740150235e-06
0,1.108525355082383e-06
0,3.054192714008107e-06
0,5.286151524105782e-07
0,4.648186990798443e-07
0,8.396505660258587e-07
0,6.264167379535302e-06
0,4.0559684816791145e-07
0,1.2027011118048681e-06
0,1.9219655722507192e-06
0,1.0463357438954083e-06
0,1.130203429605196e-06
0,2.238201086048061e-06
0,1.3517108087984649e-06
0,1.7105028711271916e-06
0,1.8352820964266868e-06
0,1.4154088293871584e-06
0,1.5261633135300337e-06
0,2.829049221737296e-06
0,6.233923929742943e-07
0,1.5908485803147826e-06
0,3.245647267889597e-06
0,6.934045912544084e-06
0,7.258700441840171e-07
0,6.612299686068429e-07
0,3.442270174671176e-06
0,8.594477077925274e-07
0,4.258144604249477e-06
0,1.361902932827512e-06
0,3.643631852086893e-06
0,3.906085404639915e-06
0,2.1601866276129977e-06
0,5.522133491396065e-06
0,5.789018326425855e-07
0,1.123861452021279e-06
0,5.87156660811216e-07
0,7.016049772841967e-07
0,1.5729477350774369e-06
0,9.016882878798568e-07
0,1.70862525540166e-06
0,7.592995313507609e-07
0,9.258467769914876e-07
0,6.089366939566366e-07
0,5.626533413379801e-06
0,1.142068272980025e-06
0,1.6626979773806028e-06
0,0.0003336540413561097
0,8.039887434440851e-07
0,4.016874831003859e-07
0,1.209998525193567e-05
0,1.332968629770808e-06
0,7.582749428671176e-07
0,5.419303749474919e-07
0,1.3618368631931686e-06
0,3.6907588131828846e-05
0,4.67771422359796e-06
0,2.3549207540524574e-06
0,3.1405312660065543e-06
0,7.02322995574715e-07
0,2.1889202924197123e-06
0,1.9488345180435726e-06
0,1.2682480985231402e-06
0,8.111996636893683e-07
0,9.939425944107829e-07
0,1.5945040830939705e-06
0,1.6644039856814321e-06
0,2.158746489509621e-06
0,4.016337398560815e-07
0,1.2566240153154776e-06
0,7.311893207931474e-07
0,8.809332748325583e-07
0,1.9285861802943083e-06
0,3.449328463740041e-06
0,1.5214186172207845e-06
0,2.840049682845475e-06
0,0.0002502068964081965
0,4.294402196026462e-06
0,8.222439138841063e-07
0,4.6132915609335486e-07
0,1.3723330844976955e-06
0,1.1914930009351178e-06
0,7.876228842237845e-07
0,4.743677898523094e-07
0,1.3518886729898121e-06
1,0.19252978608169108
0,1.1984069250324382e-06
0,5.102299847612275e-07
0,1.8958062805096475e-06
0,1.2352480936698897e-06
0,1.2783396949852593e-06
0,4.592374294151254e-06
0,4.6758633787179383e-05
0,8.648232871313339e-06
0,8.815683265432441e-07
0,7.675821180527769e-06
1,0.9988725500358907
0,7.184255408937804e-07
0,3.998089943168559e-06
0,3.0724791953672386e-06
0,2.616406809313911e-06
0,1.0976339707093582e-06
0,2.070184859142791e-06
0,1.211023567354916e-06
0,3.742219343041804e-06
0,1.4945940945256953e-06
0,1.1499411082094783e-06
0,4.6543049252528176e-07
0,2.249588867803414e-06
0,1.0141870708341026e-06
0,2.9541771959914504e-06
0,1.2195865016766309e-06
0,4.986490372526169e-07
0,1.1442340522390238e-05
0,3.5529960777147478e-06
0,1.2323254077836833e-06
0,1.362092198742937e-06
0,1.164143781319728e-06
0,2.206894071545623e-06
0,7.755037054210961e-07
0,3.9749936507408683e-07
0,1.1312660990217552e-06
0,1.6954526288839433e-06
0,2.5329405472555013e-06
0,4.478327923782078e-06
0,5.018542211488628e-06
0,5.071633413077966e-07
0,1.3928365940089845e-06
0,8.878009419862045e-07
0,7.393459640911786e-07
0,7.042830802560163e-06
0,2.385669685458731e-06
0,3.0482469245612113e-06
0,7.02753509191299e-06
0,3.40201237558722e-06
0,2.4207514500189837e-06
0,5.554889686875932e-07
0,4.0727906945748767e-07
0,1.4352721568068237e-06
0,2.6082513438187843e-06
0,4.7411300393434636e-07
0,1.3548011903449696e-06
0,4.155435647091605e-07
0,2.8944705280172416e-06
0,2.9545336160472088e-06
0,1.6036739878775164e-06
0,9.78214909129268e-07
0,6.868798204546384e-06
0,3.339604574749179e-05
0,1.6739102587043942e-06
0,7.265038356786975e-07
0,7.454167118467393e-07
0,9.615723149545843e-07
0,3.460693272357647e-05
0,2.824618686957556e-06
0,8.020208863254037e-05
0,1.1731882720437957e-05
0,1.786580741320283e-06
0,2.2826375128864916e-06
0,0.08851264025326346
0,1.0490842827082074e-06
0,5.64384788023176e-07
0,6.803567462834889e-06
0,1.5482264289226567e-06
0,7.795545451627478e-07
0,2.5014499546632493e-06
0,7.628208049054493e-07
0,7.311976397939593e-07
0,7.367092864168962e-07
0,5.427799006915144e-07
0,6.274103457793182e-07
0,5.200568405912777e-06
0,2.1494459940092724e-06
0,1.661361987497555e-06
0,1.0566314547603628e-06
0,6.227948730885117e-06
0,3.6987805226614895e-06
0,9.642837547805897e-07
0,5.615962617558081e-07
0,2.96255919139454e-06
0,4.865550688175626e-07
0,1.1623043630667095e-06
0,2.239680395309181e-06
0,2.02369621878733e-06
0,4.7838262892110076e-06
0,5.875194473510832e-07
0,9.344752895832501e-07
0,1.0466034677944795e-06
0,2.6966084098222806e-06
0,1.2926579796808507e-06
0,7.547191854852317e-07
0,7.036801445007166e-07
0,3.1065100270308624e-06
0,1.2896743552506957e-06
0,1.6751491699597089e-06
0,2.317486728984591e-06
0,1.8476098834627994e-06
0,2.3241754830326567e-06
0,7.487951295893874e-07
0,6.109494350445234e-07
0,9.07081553768501e-07
0,1.78488542826921e-06
0,1.1234916719149414e-06
0,1.1748479807921735e-06
0,1.4637899584859762e-05
0,1.4412835067480872e-06
0,3.334727112347586e-06
0,2.6252811258443e-06
0,7.18223277615497e-07
0,1.0256231416109165e-05
0,2.643726412232324e-06
0,5.549148465490131e-06
0,2.959337298002141e-06
0,1.8459058108962512e-06
0,1.510462195900986e-06
0,3.7713484355027965e-05
0,1.7382132538009847e-06
0,1.6922548620277876e-06
0,4.905241464488045e-07
0,2.565682308086672e-06
0,9.128555413686995e-07
0,1.6065236240566376e-06
0,1.835321199554976e-06
0,2.0360377612741275e-06
0,3.7212298054511497e-06
0,1.7322356807250561e-06
0,2.3308807952004706e-06
0,5.046442236674115e-07
0,4.576960799207448e-07
0,5.152981577729469e-06
0,3.559166691572739e-06
0,2.6287703200214177e-06
0,3.2635253720876098e-06
0,1.190000142983007e-06
0,2.904129207441324e-06
0,4.197517750045749e-06
0,8.545116657610872e-06
0,1.2894500328353525e-06
0,3.226871879669929e-06
0,3.6421763838091846e-06
0,1.5265844337776397e-06
0,1.7315776718461729e-06
0,6.230058171230866e-07
0,5.895392921111001e-06
0,1.7872865519210597e-06
0,3.3686257372205423e-06
0,8.693250214056549e-07
0,6.583333843735949e-06
0,4.480728195158962e-07
0,9.609591272775084e-07
0,1.227630746626344e-06
0,1.078185977370581e-06
0,5.10661253242277e-06
0,4.503754420024575e-06
0,1.5499748366056023e-06
0,7.247345526624398e-07
0,2.3685784662625418e-06
0,2.1270972877095743e-06
0,1.1895030947641385e-06
0,5.523936300033106e-07
0,1.7742190992149162e-06
0,1.4052982413003039e-06
0,1.8989725859648967e-06
0,1.1907572938040008e-06
0,1.3979021474394543e-06
0,6.2010410474965e-07
0,1.177587286733292e-06
0,1.2167770816476885e-06
0,9.827698548254682e-05
0,8.578487121291553e-07
0,6.661993782903838e-06
0,1.240820319015039e-06
0,1.2730020128561555e-06
0,2.113351652948281e-06
0,9.160627716720147e-07
0,2.4073757570265584e-06
0,4.3165040272415945e-06
0,1.5717304234649388e-06
0,4.2596204634480085e-06
0,1.680007784813992e-06
0,2.190371672393255e-06
0,6.606575806100348e-07
0,5.902672184533634e-06
0,2.790104805932565e-06
0,4.777971048921335e-07
0,2.2784197590000583e-06
0,2.783926829657763e-06
0,2.942551588177542e-06
0,4.289421550451938e-06
0,1.3676307030616184e-06
0,3.610969633934339e-06
0,3.455931829881417e-06
0,2.584557204230854e-06
0,1.519807004706886e-06
0,9.865112669493952e-07
0,6.131029510764963e-06
0,1.4237262775533109e-06
0,1.0505617824627387e-05
0,1.4659005386349622e-06
0,8.337708323766283e-07
0,3.7393712104835293e-06
0,8.618336495411004e-07
0,2.666087172647767e-06
0,7.190559601244885e-06
0,8.020851048272932e-06
0,5.087141766027259e-06
0,2.6395533685990597e-06
0,3.5400028818335352e-06
0,7.922499674856107e-07
0,3.1007445687433185e-06
0,7.0158223160770485e-06
0,1.2789462874982077e-06
0,2.5988266497634956e-06
0,1.4804361639480391e-06
0,9.039097205008246e-07
0,1.7256689537967632e-06
0,2.5973174718903435e-06
0,6.026759120230019e-06
0,3.608036936478442e-06
0,2.0173633281743765e-06
0,1.0068287266735153e-06
0,5.116673171889383e-07
0,1.3173536348646705e-06
0,3.831463915244779e-06
0,2.7319491960433027e-06
0,3.1115535316216905e-06
0,1.9941727279267986e-06
0,1.0061331906238888e-06
0,1.2074869449147087e-06
0,2.620083822357596e-06
0,3.869209473272196e-06
0,1.7862157654651285e-06
0,1.332920316096517e-06
0,1.3449048167992082e-05
0,1.6836657040539282e-06
0,2.0883551579491555e-06
0,2.3086281408968696e-06
0,2.008370217529845e-06
0,1.320107067007664e-06
0,1.911079805857064e-06
0,1.3781993181511105e-06
0,2.156922242806964e-06
0,1.0396537907061998e-05
0,1.934165889281481e-06
0,1.8790345282690636e-06
0,1.6296438139433165e-06
0,3.72832363006708e-06
0,8.878934829535775e-07
0,8.561556698235787e-06
0,1.382856833556318e-06
0,3.6696766159490163e-06
0,1.918523649447784e-06
0,2.7538279550637992e-05
0,2.5822142520245848e-06
0,3.3371369696031857e-06
0,3.715322549972459e-06
0,1.031637610292147e-06
0,4.726404501041997e-06
1,0.9978903019832956
0,2.170222608229882e-06
0,8.239245056565401e-07
0,1.8443172463271154e-06
0,4.7999007280174985e-06
0,1.0146171193349267e-05
0,6.655736694804608e-06
0,2.8449199920425517e-06
0,1.0336459793353384e-06
0,8.658130434125497e-07
0,4.179572546874705e-06
0,1.678341496208385e-06
0,1.3154646108586846e-06
0,1.4975311938145878e-06
0,9.101581709309584e-07
0,2.5869891414343816e-06
0,1.4698040550805506e-06
0,1.1187673923115367e-06
0,2.0770772725388838e-06
0,1.2386757365022962e-06
0,1.8442355680132295e-06
0,1.7868655313232595e-06
0,2.029889028048731e-06
0,3.1240316452587923e-06
0,3.785146486923483e-06
0,4.81272428045725e-06
0,9.500494229530574e-07
0,2.014540835846909e-05
0,6.252554861768322e-06
0,1.5527573461991729e-06
0,9.479066375181585e-07
0,3.7525649097801613e-06
0,3.4713589711247254e-06
0,1.8044209406305309e-06
0,7.593931650894815e-07
0,2.3675038574848176e-06
0,5.7161297911923046e-05
0,6.996514971551503e-06
0,6.610507402229203e-06
0,1.0938640097762261e-05
0,6.882728019403413e-06
0,4.42461745275826e-06
0,3.3497537773143543e-06
0,1.3537157171362963e-06
0,1.0810732250048938e-05
0,2.326024998395125e-06
0,1.2407095202527007e-06
0,1.6353178989697983e-05
0,1.6165080752854108e-06
0,1.0889543702996472e-05
0,1.7044603426624418e-05
0,6.752200202321966e-06
0,7.046555927243444e-06
0,5.121503979004615e-06
0,1.993524642079504e-05
0,0.13053562791719506
0,2.5786202211925854e-06
0,5.556316656049578e-06
0,4.27192696731059e-06
0,1.6596730783322403e-06
0,3.459452086828234e-06
0,1.3962157875456758e-06
0,2.554721675445951e-06
0,3.98947492235354e-06
0,2.4878725042366514e-06
0,5.833077869888579e-06
0,2.6639338049736663e-06
0,1.1309052209777303e-06
0,2.770407595827906e-06
0,2.0815421754993425e-06
0,1.2379001665421744e-06
0,2.4837115132630492e-06
0,5.524760853621633e-06
0,2.406443708615199e-06
0,6.467742330541555e-05
0,3.1880428311791172e-06
0,8.739547650642153e-06
0,8.22790470093262e-06
0,3.3075416291779343e-06
0,7.041409393391531e-07
0,5.002713381632717e-06
0,7.109342035904466e-06
0,3.783048052370699e-06
0,1.9156791010111224e-06
0,5.744794474329528e-06
0,2.5430270539817606e-06
0,5.2190991618193675e-06
0,0.011011377763919215
0,3.0168380827263028e-05
0,3.8246402388932405e-06
0,9.442802776586677e-06
0,2.35000871538164e-06
0,1.9321544883762194e-06
0,1.3325184258298391e-05
0,4.034855258317061e-06
0,2.5517131359686457e-06
0,2.72477024802537e-06
0,4.093180691600233e-06
0,1.1786117401664833e-06
0,4.754012734417368e-06
0,1.0032286764227046e-06
0,1.3673899855145041e-06
0,8.703404619120555e-06
0,5.369879917158753e-06
0,1.2485026045631561e-06
0,4.9307600296344845e-06
0,5.775509828111477e-06
0,1.1599910811762119e-05
0,4.0198979537668815e-06
0,1.3926236216844944e-06
0,7.726439729491518e-06
0,1.4315619663687527e-06
0,1.372606340984609e-06
0,2.1846656449114082e-05
0,2.911864624321749e-06
0,1.9654992110668617e-06
0,5.222904445550089e-06
0,7.235149693032009e-07
0,1.3134769253816481e-06
0,8.977590899671062e-07
0,6.672348151111274e-07
0,4.820465669795552e-06
0,8.967276518207005e-07
0,1.5472599359748843e-06
0,5.987093733103443e-06
0,4.137409474378907e-06
0,5.625554274188465e-06
0,1.1991941488237943e-05
0,9.321025158284581e-07
0,3.198035909060523e-06
0,2.1505602047924936e-06
0,5.279420262122389e-06
0,4.932802683974364e-06
0,2.912495131822353e-06
0,9.79556036990817e-07
0,2.600168488224302e-06
0,4.926448812541108e-06
0,2.458137119684234e-06
0,1.0050003912043028e-05
0,1.794159001515298e-06
0,1.366892189370828e-05
0,8.903240642607838e-07
0,4.524322823727659e-06
0,1.0420150475808937e-06
0,2.6533974344492664e-06
0,4.268497368179291e-06
0,5.043798862143557e-06
0,4.3903557003948336e-06
0,4.3551593151326514e-06
0,8.140707876711624e-06
0,2.1557710410377354e-06
0,8.551823298542755e-06
0,1.0397225317734043e-06
0,1.6197331005029317e-06
0,2.3882865951079343e-06
0,2.7980178444971474e-06
0,3.96913046584574e-06
0,4.56011180785763e-06
0,1.5253016543703428e-06
0,2.2290151419174217e-06
0,1.7034602238374603e-06
0,7.142704461092753e-06
0,1.1329134779042514e-06
0,1.3079059357580414e-06
0,8.05736502606997e-06
0,5.410334792667247e-07
0,1.951229763091065e-06
0,6.822609198819897e-06
0,2.1805551181796446e-06
0,4.665252567050585e-06
0,0.9821762531467859
0,3.210193610873633e-06
0,1.1639872154947026e-05
0,2.5061903545940706e-06
0,5.894474745191951e-06
0,6.0008547614902255e-06
0,2.2680494597213295e-06
0,1.720834919376299e-05
0,2.1855453990124435e-06
0,1.6140225789567585e-06
0,1.4854981512172745e-06
0,7.535119846962099e-06
0,2.567693324786522e-06
0,1.097970738670289e-05
0,1.1069107410164975e-06
0,1.834990138405546e-06
0,2.685379358289095e-06
0,5.116434495648117e-06
0,6.977594706628924e-06
0,6.279454116053787e-06
0,3.1382740096669454e-06
0,8.548943331017513e-07
0,4.39124929682726e-06
0,6.103752173905465e-06
0,2.5290335410993835e-06
0,1.7500099339214665e-05
0,1.377617528290287e-06
0,4.3263845298871695e-06
0,2.227172238385314e-06
0,1.546431809192699e-06
0,1.806295783000715e-06
0,1.5836371053956692e-06
0,6.068119691047705e-06
0,4.597993595578422e-06
0,1.092548246545285e-05
0,2.117499452810649e-06
0,2.9637790168297056e-06
0,3.5362069263829013e-06
0,2.97437529763794e-06
0,9.813192880432113e-07
0,6.108750041506694e-06
0,3.6435021819289754e-06
0,6.072894622773565e-06
0,6.966384696256152e-06
0,1.1299619359805188e-06
0,3.9216870507572164e-06
0,9.185087689603708e-07
0,5.844455489812306e-06
0,5.588549286929128e-06
0,1.4271531298355846e-06
0,2.0597077831467844e-06
0,3.882674153561563e-06
0,1.210751153146291e-05
0,2.439174385777694e-06
0,5.3140188295548835e-06
0,2.875122108530879e-06
0,4.670986249866266e-06
0,7.067385860662198e-06
0,1.1772788894111197e-05
0,3.2314859494924227e-06
0,3.0322856290700035e-06
0,1.6053618096672152e-06
0,3.916607322892733e-06
0,2.0005094068488682e-06
0,3.490672483503388e-06
0,4.332172348685345e-06
0,1.9628619788740476e-06
0,1.0104142704031806e-05
0,3.1336767095839884e-06
0,1.2775802892879762e-06
0,0.0010263490089565514
0,5.813585013788465e-06
0,1.638296585151353e-06
0,1.1457826036999688e-06
0,9.726315423701304e-07
0,4.904785091065823e-06
0,2.178317254523646e-06
0,7.901748167529192e-06
0,1.1410456369063692e-05
0,2.9494115792289465e-06
0,5.0222814706808874e-05
0,2.1398123911690415e-06
0,4.8549208544895735e-06
0,1.0604124184731827e-05
0,1.6118910807747906e-06
0,0.00032107835647368497
0,2.0201553252231166e-05
0,1.5047022317135508e-06
0,5.149746517275414e-05
0,4.699020351008618e-06
0,2.6438022037095663e-06
0,4.4746068230860105e-06
0,2.9717025953857478e-06
0,3.637188480692475e-06
0,9.345490250612311e-07
0,2.0578567416795567e-06
0,1.0482380142109525e-05
0,1.8995135292440194e-06
0,2.264002664911416e-06
0,4.166052236552979e-06
0,0.00013625368099306955
0,6.012067605240889e-06
0,6.947682768921272e-07
0,1.3568550712544058e-06
0,1.0600593402034185e-06
0,4.48533931824762e-06
0,1.5065925568018656e-06
0,3.0341621070731036e-06
0,3.509012801083418e-05
0,8.499783949797923e-06
0,1.3988774595179087e-06
1,0.9990355137944125
0,4.06808391306806e-06
0,1.9819648359635977e-06
0,4.922924894393527e-06
0,5.5821940629074505e-06
0,4.311639562234194e-06
0,8.638066714666441e-07
0,1.5318919093106742e-06
1,0.999802043237648
0,7.341778933996411e-06
0,3.7878690805697426e-06
0,3.819626632476459e-06
0,3.338558370874757e-06
0,1.3626229289412809e-06
0,1.0874233341707973e-06
0,1.5453116965192857e-06
0,1.0407045227485503e-06
0,1.3864746019578449e-05
0,2.0437466619783144e-06
0,2.052212986478784e-06
0,2.02622942498468e-06
1,0.9995858710163447
0,3.164297423049691e-06
0,4.44886699803623e-06
0,1.1579699410366439e-05
0,2.1882829592103666e-06
0,3.0584784882406246e-06
0,1.4500446941337906e-05
0,1.378131792565962e-06
0,2.965615551313576e-06
0,8.716811485561497e-06
0,4.286519477618597e-06
0,3.5919975552439745e-06
0,3.039068117357563e-06
0,9.20238035612692e-06
0,3.667054871117062e-06
0,3.097932811794481e-06
1,0.9998389677866821
0,3.471105439244093e-06
0,2.2575508843406613e-06
0,2.0702989046042684e-06
0,3.287981669181746e-05
0,5.949395702076342e-06
0,1.2101659065586109e-06
0,3.7967328444429933e-06
0,2.4458826111402393e-06
0,3.5105415378331627e-06
0,2.4062427980342654e-06
0,3.049655554085195e-06
0,1.9806738837510817e-06
0,1.348157585182789e-06
0,2.2197772959211583e-06
0,5.814287687883231e-06
0,3.852161064929681e-06
0,4.855214395815672e-06
0,1.5616968604689397e-06
0,1.1156467815786151e-06
0,2.956259604375846e-06
0,5.2135822574064715e-06
0,2.689633938021551e-06
0,1.7232542534854067e-06
0,4.87566592197973e-06
0,1.81431350182513e-06
0,3.1414599126451394e-06
0,1.0369021434945863e-05
0,8.056628868475893e-06
0,4.497833796705621e-06
0,6.105815599954148e-06
0,0.0003784189554898309
0,3.070553691815435e-06
0,6.824217922946878e-06
0,3.0883965010745163e-06
0,7.620635827961362e-06
0,1.46038315494335e-06
0,6.69879023715539e-06
0,2.1610084007405903e-06
0,4.240946387132e-06
0,3.0994646990288276e-06
0,1.2852344458899416e-06
0,2.057315667955908e-06
0,5.397143889877432e-06
0,1.070689105695315e-06
0,4.277928269793666e-06
0,9.271557326589642e-07
0,3.3592011160659637e-06
0,3.3665370781034485e-06
0,3.8093064927081843e-06
0,3.128561250507937e-06
0,1.6527834686417234e-06
0,1.3391465343715775e-05
0,1.650165617933118e-06
0,8.065750973511507e-06
0,1.8166831866804858e-06
0,0.0005963882913793187
0,4.8827902672420604e-06
0,3.2140326311704272e-06
0,1.9653516727682312e-06
0,2.826791720369687e-06
0,5.4814568619836035e-06
0,9.803708651768118e-07
0,4.027970565623113e-06
0,1.003445142828249e-05
0,2.843040952533699e-06
0,2.4973169647556643e-06
0,3.3187988704013e-06
0,3.3712230754258733e-06
0,2.065829721054806e-06
0,2.5549717346575752e-06
0,2.7633154497010387e-06
0,7.678053317999379e-07
0,4.456763501949822e-06
0,4.172609038656501e-06
0,0.0002399211130741602
0,2.657452509610593e-06
0,3.1923492153564237e-06
0,2.5515085133871782e-06
0,3.804990638748755e-06
0,7.250671001814518e-06
0,2.8637277202217837e-06
0,1.4757072151698046e-06
0,3.131757016407978e-06
0,1.0703981774536226e-06
0,2.4354502553321694e-06
0,1.1903715805469994e-06
0,8.266465146831447e-06
0,1.105099589595844e-05
0,3.139991065445707e-06
0,2.7918468280295637e-06
0,1.2978327648205523e-05
0,3.937129197471693e-06
0,2.4761293928631276e-06
0,5.653965764753884e-06
0,1.6181185716295884e-05
0,1.2174841354464198e-06
0,1.7070799842409313e-06
0,1.4578652130791728e-06
0,3.3626705610214768e-06
0,3.0502719830348397e-06
0,8.807411643755941e-07
0,1.799512149419406e-06
0,1.3587126249609414e-06
0,8.410390989115763e-07
0,3.661029173993267e-06
0,3.7070570948681267e-06
0,3.0758894534845095e-05
0,4.341262862549206e-06
0,1.0563941101573185e-05
0,1.5727128482751817e-06
0,4.6532316691919175e-06
0,2.7748312164946552e-06
0,3.547277671588498e-06
0,4.1403285518661936e-06
0,0.003980746647560983
0,2.1737241683422755e-06
0,6.061486773042055e-06
0,1.5612241548702227e-06
0,1.966519604149232e-06
0,4.884847061644675e-06
0,1.2118211933460713e-05
0,2.2918429674470482e-06
0,1.664844087579765e-05
0,1.1021069300299377e-05
0,2.006813056179899e-06
0,2.335082723781008e-06
0,2.4697327432301835e-06
0,1.1070831700369225e-06
0,4.576075484897157e-06
0,9.367099591906398e-06
0,5.4494525658856025e-06
0,2.0016825454417817e-05
0,2.0772406499945863e-06
0,7.570625361133633e-05
0,3.140555523932651e-06
0,0.0005239183039957606
0,2.4222739347303844e-06
0,4.376425102482681e-06
0,3.8981399897649335e-06
0,1.5011229254964275e-05
0,1.3013894927799106e-06
0,1.671394275490594e-06
0,1.5646096247787079e-06
0,2.7679384338464076e-06
0,5.873637475716252e-06
0,4.883803992353222e-06
0,1.5388998231298222e-05
0,2.4431831062646924e-06
0,2.844567425952226e-05
0,9.754576504428628e-07
0,3.493748958131968e-06
0,2.503017605174607e-06
0,2.377571655987315e-06
0,9.168844749065569e-07
0,4.626226961507785e-06
0,7.476158290081003e-07
0,1.9523125507301186e-05
0,6.626630024875578e-06
0,4.4396604923411276e-06
0,6.604670963807398e-06
0,2.5408974526579305e-06
0,3.748468735279252e-06
0,3.0477608274936116e-06
0,4.140400858868451e-06
0,1.0154241353312177e-06
0,1.3120220836597646e-06
0,1.0376280661203954e-05
0,2.107005131781642e-06
0,2.6229948291239094e-06
0,4.801373926910072e-06
0,9.169326649185897e-06
0,4.540166210237181e-06
0,1.463576686909649e-06
0,3.9259994085435586e-06
0,2.5512490141297493e-06
0,1.2728747758658192e-05
0,7.466175383979283e-06
0,4.437710853987883e-06
0,9.213871183481901e-06
0,7.42709397002561e-07
0,3.2366836751317158e-06
0,4.250661886410787e-06
0,2.3853690037043638e-06
0,0.00012526208168016646
0,1.5422082017723924e-05
0,3.047296729023054e-06
0,4.226131711158459e-06
0,4.485192461346658e-06
0,2.306631136366522e-06
0,2.063048193699447e-06
0,2.111790577328271e-06
0,1.5580390469088165e-06
0,1.1007138274821726e-06
0,2.2899605771282308e-06
0,6.4441843842517545e-06
0,1.2579308307290793e-06
0,5.936712445357039e-07
0,7.164949538096861e-06
0,1.1733362911292084e-06
0,5.801666067838388e-06
0,0.002204520241752454
0,6.180125449401438e-06
0,3.93647138152461e-06
0,1.8380702606654358e-06
0,2.8488312565804323e-06
0,1.233303344938363e-06
0,0.00026141966408211437
0,1.9768182009543425e-06
0,1.0460220866486455e-05
0,5.06729221560984e-06
0,1.2076571626057661e-06
0,1.2727022818680068e-06
0,1.350715043000559e-06
0,1.586794192551956e-06
0,2.157799931992577e-06
0,3.9684583503037825e-06
0,2.504713501364224e-06
0,1.2628745952379471e-05
0,7.066335716981183e-06
0,1.2041569288304566e-05
0,3.5453783184664973e-06
0,8.094434418758821e-07
0,2.387106909257006e-06
0,8.950173127867396e-07
0,7.579567601057936e-06
0,1.4664992793795293e-06
0,3.833619582492937e-06
0,8.604790605846163e-07
0,2.1990107360550766e-06
0,1.2830774289560608e-06
0,2.8322744993209763e-06
0,2.961729222827062e-06
0,1.8600568768438416e-06
0,8.991629261817177e-07
0,4.118106271369066e-05
0,2.177026070352867e-06
0,2.4448378908594495e-06
0,3.895140436311343e-06
0,5.877999668436424e-07
0,8.999000898206498e-06
0,4.444801472347247e-06
0,7.296592807755078e-07
0,1.2451178254753158e-06
0,1.4153610862302077e-05
0,1.3371086565672935e-06
0,1.0562883942344676e-06
0,5.54822463077958e-07
0,6.84745445797734e-07
0,1.945931554065303e-06
0,7.0106048140355095e-06
0,4.17550076372548e-06
0,1.3004458716743993e-06
0,4.310861954683152e-06
0,8.381173799291365e-07
0,1.9774368126228437e-06
0,8.681527824469615e-07
0,2.694427160990146e-06
0,8.523944201152543e-07
0,1.7384290882832508e-06
0,1.0614796181132361e-06
0,4.260176966340536e-06
0,1.690394214766437e-06
0,5.9867440904286015e-06
0,3.7424013793034876e-06
0,1.4117948019152033e-06
0,5.183207900093272e-06
0,6.6270519187242885e-06
0,1.2582749087341642e-06
0,2.7351802787441023e-06
0,5.059570981614116e-06
0,1.2905395890403568e-06
0,1.2328045724544854e-06
0,4.0772912347051025e-06
0,1.1844841288630984e-05
0,5.95489776124647e-06
0,4.302592188839695e-06
0,7.687701150559608e-07
0,9.266059227553938e-07
0,9.241965459164564e-07
0,3.6247920955368688e-06
0,2.848896014912673e-06
0,3.28015416828862e-06
0,7.087493274548393e-07
0,6.114158076252644e-07
0,2.1192146086644944e-06
0,2.1894117435763603e-06
0,2.3893974168686195e-06
0,1.6209377450447537e-06
0,2.0588781522780575e-06
0,1.5913785390206042e-06
0,7.945273841947711e-07
0,4.186942657355812e-06
0,2.767257386296551e-06
0,3.996486110794273e-06
0,3.479550983637767e-06
0,3.5307102171924082e-06
0,4.781500690961439e-06
0,3.1536223802375466e-06
0,1.5227155029476865e-06
0,2.9945545058006987e-06
0,1.2682044159232874e-05
0,2.967649700719504e-06
0,8.743448701400346e-07
0,2.197029703453749e-06
0,5.5726862612130526e-06
0,2.320701708007604e-06
0,7.5794870136694e-06
0,1.1075361925723691e-05
0,1.7143694218205435e-06
0,3.7876306850082643e-06
0,1.8109098546924796e-06
0,2.605441253555448e-06
0,2.0401042501530763e-06
0,8.408890004442329e-07
0,2.985495159916502e-06
0,1.7733070945818364e-06
0,3.115551070155993e-06
0,1.666111498196894e-06
0,1.9658476112960417e-06
0,2.56328560723501e-06
0,2.7863356650610435e-06
0,1.7931235623609906e-06
0,1.2708229529446135e-06
0,1.946464973350159e-06
0,1.6236450668690008e-06
0,1.0145027591530518e-06
0,3.699132975567669e-06
0,6.120149155068779e-06
0,2.1428408459694253e-06
0,4.2479926595915885e-06
0,1.5142140663600142e-06
0,4.224627771491114e-06
0,9.764586942166714e-07
0,1.6565949060162405e-06
0,1.1661192664303907e-06
0,1.0006489661251633e-05
0,7.31561780805921e-06
0,2.8545148389712188e-06
0,2.487864200552706e-06
0,1.8977606022534338e-06
0,5.653219243635114e-07
0,3.993648212377071e-06
0,3.2543076425338466e-06
0,1.202988272458385e-05
0,1.9097661483209767e-06
0,3.6567005641888477e-06
0,2.3037145987738504e-06
0,3.1883166720429987e-06
0,1.597457040800221e-06
0,9.157815748886183e-07
0,1.8225935848428208e-06
0,1.5964679453118625e-06
0,2.0344687414483178e-06
0,1.4946893776442674e-06
0,3.5220520659918152e-06
0,2.23479355044795e-06
0,5.868191652402544e-07
0,7.264571803357642e-07
0,1.5353287106917984e-06
0,1.052669704813362e-06
0,4.288701012003199e-07
0,2.0170368961636433e-06
0,1.5086553644972974e-06
0,9.344113356273214e-07
0,8.557259012311209e-07
0,5.019854234584871e-07
0,1.4666914087705586e-06
0,1.7961647722088976e-06
0,1.2784870182159522e-06
0,1.826829833730031e-06
0,2.6034487700927014e-06
0,1.6722767909534408e-06
0,1.3918378664241305e-06
0,5.496853599350197e-07
0,3.3803704074621418e-06
0,1.2316360995720648e-06
0,1.7542729065591727e-06
0,1.6636941776716112e-06
0,2.1307843582295334e-06
0,1.2211778803137049e-06
0,2.2582332317331877e-06
0,1.1578263174159425e-06
0,1.4238501068629882e-06
0,3.5314325310399547e-06
0,2.0647881625135478e-06
