transaction_id,customer_id,event_datetime,source_dataset,is_fraud,receiver_document_same_as_customer_flag,pix_key_random_flag,pix_key_email_flag,pix_key_document_flag,pix_key_other_flag,pix_key_missing_flag_derived,vl_pix,log_vl_pix,qt_total_pix_trimestre,vl_mediana_pix_trimestre,vl_desvio_padrao_pix_trimestre,qt_intervalo_transacao_minuto,qt_intervalo_mediana_trimestre,qt_intervalo_desvio_padrao_trimestre,qt_pix_dia_maximo_trimestre,qt_aparelhos_distintos_trimestre,nr_idade,qt_tempo_relacionamento_mes,latencia_rede_ms_final,vl_latencia_rede_media_trimestre,tempo_interacao_ms_final,vl_tempo_interacao_medio_trimestre,tempo_processamento_host_ms,ratio_valor_mediana,diff_valor_mediana,ratio_valor_desvio_padrao,zscore_valor_aprox,ratio_intervalo_vs_mediana,diff_intervalo_vs_mediana,zscore_intervalo_aprox,ratio_latencia_cliente,diff_latencia_cliente,ratio_tempo_interacao_cliente,diff_tempo_interacao_cliente,tempo_interacao_baixo_flag,tempo_interacao_alto_flag,latencia_host_ratio,processamento_host_alto_flag,minutes_since_prev_tx,tx_count_prev_30m,burst_30m_flag,pix_freq_high_flag,receiver_tx_count_prev,first_receiver_flag,key_tx_count_prev,first_key_flag,distinct_receivers_so_far,distinct_keys_so_far,hour,day_of_week,is_weekend,is_night,is_business_hours,period_of_day,app_version_major,app_version_minor,topaz_risk_score,topaz_score_filled,topaz_transacao_rejeitada,topaz_transacao_habilitada,device_missing_flag,ip_missing_flag,app_version_missing_flag,auth_method_missing_flag,topaz_missing_flag,host_time_missing_flag,latencia_missing_flag,tempo_interacao_missing_flag,receiver_missing_flag,pix_key_missing_flag,pix_key_type_missing_flag,session_missing_flag,topaz_sync_missing_flag,rule_pix_30m_score,rule_ratio_pix_limite_score,rule_age_score,is_elderly_flag,rule_relationship_score,is_new_customer_flag,rule_mule_account_score,rule_random_key_score,rule_night_score,rule_velocity_score,rule_topaz_score,autorizacao_previa_flag,rule_pre_authorization_discount,rule_score_raw,rule_score_normalized
E0000020820251207120149715313525,521501199,2025-12-07 12:01:50,normal,0,0,1,0,0,0,0,57.9,4.075841090657541,1,57.9,245.14801780883462,0.0,141.85829999999999,1099.7618689083945,3,1,40,93.0968,2342.0,2342.0,0.0,0.0,919.0,1.0,0.0,0.6257463299861998,0.0,1.0,0.0,0.0,1.0,0.0,0.0,0.0,0,0,2.5484221980413495,1,6.225,0,0,0,0,1,0.0,1,1,1,12,6,1,0,1,0.0,7.0,29.0,0.0,0.0,0.0,0.0,0,0,0,0,0,0,0,1,0,0,0,0,1,0,0.0,0,0,0,0,2,2,0,0,0,0,0.0,4,0.25
E0000020820251207133420635515525,79007333100,2025-12-07 13:34:21,normal,0,0,1,0,0,0,0,30.55,3.4515735889872223,2,17.38,9.312596308226832,78.3333,78.3333,1099.7618689083945,5,1,50,299.4839,2695.0,1656.5,0.0,0.0,2679.0,1.7577675489067897,13.170000000000002,3.280502986370391,1.4142135623730951,1.0,0.0,0.0,1.6269242378508904,1038.5,0.0,0.0,0,0,1.0059723777528928,1,6.225,0,0,0,0,1,0.0,1,1,1,13,6,1,0,1,0.0,7.0,29.0,0.0,0.0,0.0,0.0,0,0,0,1,0,0,0,1,0,0,0,0,1,0,0.0,0,0,0,0,2,2,0,0,0,0,0.0,4,0.25
E0000020820251207163541001286525,5773299100,2025-12-07 16:35:41,normal,0,0,1,0,0,0,0,7.98,2.194999882314108,1,7.98,245.14801780883462,0.0,141.85829999999999,1099.7618689083945,1,1,28,3.6452,4299.0,4299.0,0.0,0.0,2456.0,1.0,0.0,0.6257463299861998,0.0,1.0,0.0,0.0,1.0,0.0,0.0,0.0,0,0,1.7504071661237786,1,6.225,0,0,0,0,1,0.0,1,1,1,16,6,1,0,1,0.0,7.0,29.0,0.0,0.0,0.0,0.0,0,0,0,0,0,0,0,1,0,0,0,0,1,0,0.0,0,0,3,1,2,2,0,0,0,0,0.0,7,0.4375
E0000020820251207163755906841525,44457847100,2025-12-07 16:37:56,normal,0,0,1,0,0,0,0,9.97,2.395164274287139,2,9.97,14.792673862422577,97.3167,97.3167,1099.7618689083945,3,1,57,238.0968,688.0,718.0,0.0,0.0,673.0,1.0,0.0,0.6739822761405238,0.0,1.0,0.0,0.0,0.958217270194986,-30.0,0.0,0.0,0,0,1.0222882615156017,1,6.225,0,0,0,0,1,0.0,1,1,1,16,6,1,0,1,0.0,7.0,29.0,0.0,0.0,0.0,0.0,0,0,0,0,0,0,0,1,0,0,0,0,1,0,0.0,0,0,0,0,2,2,0,0,0,0,0.0,4,0.25
E0000020820251207181024281609525,3619781117,2025-12-07 18:10:52,normal,0,0,0,0,1,0,0,55.0,4.02535169073515,3,39.99,9.602355613771724,344.9333,9.5667,237.1399970434764,4,1,36,85.2903,5102.0,2766.333333333333,0.0,0.0,5085.0,1.3753438359589896,15.009999999999998,5.727761209043211,1.5631581045043381,36.05562001526126,335.36659999999995,1.414213562373095,1.8443185926015184,2335.666666666667,0.0,0.0,0,0,1.0033431661750245,1,6.225,0,0,0,0,1,0.0,1,1,1,18,6,1,0,1,0.0,7.0,29.0,0.0,0.0,0.0,0.0,0,0,0,1,0,0,0,1,0,0,0,0,1,0,0.0,0,0,1,0,2,0,0,0,0,0,0.0,3,0.1875
E0000020820251207200811526160525,1293226106,2025-12-07 20:08:12,normal,0,0,1,0,0,0,0,57.05,4.061304708143901,1,57.05,245.14801780883462,0.0,141.85829999999999,1099.7618689083945,2,1,38,171.6452,672.0,672.0,0.0,0.0,658.0,1.0,0.0,0.6257463299861998,0.0,1.0,0.0,0.0,1.0,0.0,0.0,0.0,0,0,1.0212765957446808,1,6.225,0,0,0,0,1,0.0,1,1,1,20,6,1,0,0,0.0,7.0,29.0,0.0,0.0,0.0,0.0,0,0,0,0,0,0,0,1,0,0,0,0,1,0,0.0,0,0,0,0,2,2,0,0,0,0,0.0,4,0.25
E0000020820251207205749607331525,64078728120,2025-12-07 20:58:43,normal,0,0,1,0,0,0,0,1581.19,7.366565242253835,1,1581.19,245.14801780883462,0.0,141.85829999999999,1099.7618689083945,1,1,55,3.871,385.0,385.0,0.0,0.0,366.0,1.0,0.0,0.6257463299861998,0.0,1.0,0.0,0.0,1.0,0.0,0.0,0.0,0,0,1.0519125683060109,0,6.225,0,0,0,0,1,0.0,1,1,1,20,6,1,0,0,0.0,7.0,29.0,75.0,75.0,0.0,0.0,0,0,0,1,0,0,0,1,0,0,0,0,1,0,0.0,0,0,3,1,2,2,0,0,5,0,0.0,12,0.75
E0000020820251208150009891713525,39319965811,2025-12-08 15:00:26,normal,0,0,1,0,0,0,0,30.0,3.4339872044851463,1,30.0,245.14801780883462,0.0,141.85829999999999,1099.7618689083945,2,1,35,46.3871,496.0,496.0,0.0,0.0,478.0,1.0,0.0,0.6257463299861998,0.0,1.0,0.0,0.0,1.0,0.0,0.0,0.0,0,0,1.0376569037656904,0,6.225,0,0,0,0,1,0.0,1,1,1,15,0,0,0,1,0.0,7.0,29.0,0.0,0.0,0.0,0.0,0,0,0,0,0,0,0,1,0,0,0,0,1,0,0.0,0,0,2,0,2,2,0,0,0,0,0.0,6,0.375
E0000020820251208170205493903525,28500660104,2025-12-08 17:02:22,normal,0,0,0,0,1,0,0,99.0,4.605170185988092,4,122.2,435.1423388099576,26.15,0.85,14.64076647458504,4,1,63,379.8065,489.0,438.5,0.0,0.0,474.0,0.8101472995090017,-23.200000000000003,0.22751176148647967,-0.05331588754026595,30.764705882352942,25.299999999999997,1.7280516046696297,1.1151653363740022,50.5,0.0,0.0,0,0,1.0316455696202531,0,6.225,0,0,0,0,1,0.0,1,1,1,17,0,0,0,1,0.0,7.0,29.0,0.0,0.0,0.0,0.0,0,0,0,1,0,0,0,1,0,0,0,0,1,0,0.0,1,1,0,0,2,0,0,0,0,0,0.0,3,0.1875
E0000020820251208221836917343525,76816419472,2025-12-08 22:18:59,normal,0,0,0,0,1,0,0,316.0,5.75890177387728,2,292.98,16.27759810291431,360.0167,360.0167,1099.7618689083945,2,1,52,20.4516,421.0,430.0,0.0,0.0,403.0,1.0785719161717522,23.019999999999982,19.413183566893935,1.4142135623730951,1.0,0.0,0.0,0.9790697674418605,-9.0,0.0,0.0,0,0,1.0446650124069479,0,6.225,0,0,0,0,1,0.0,1,1,1,22,0,0,1,0,0.0,7.0,29.0,0.0,0.0,0.0,0.0,0,0,0,0,0,0,0,1,0,0,0,0,1,0,0.0,0,0,3,1,2,0,3,0,0,0,0.0,8,0.5
E0000020820251208222717141553525,15149110,2025-12-08 22:28:23,normal,0,0,0,0,1,0,0,400.0,5.993961427306569,2,19.9,268.7712875290067,27.75,27.75,1099.7618689083945,4,1,44,158.871,570.0,607.0,0.0,0.0,552.0,20.100502512562816,380.1,1.488254209285025,1.4142135623730951,1.0,0.0,0.0,0.9390444810543658,-37.0,0.0,0.0,0,0,1.0326086956521738,1,6.225,0,0,0,0,1,0.0,1,1,1,22,0,0,1,0,0.0,7.0,29.0,20.0,20.0,0.0,0.0,0,0,0,1,0,0,0,1,0,0,0,0,1,0,0.0,0,0,0,0,2,0,3,0,3,0,0.0,8,0.5
E0000020820251209150106498946525,39849309172,2025-12-09 15:01:40,normal,0,0,0,0,0,1,0,24.9,3.254242968705492,3,195.0,99.68201108190652,1470.35,1431.95,27.15290039756333,1,1,59,357.5806,477.0,904.6666666666666,0.0,0.0,464.0,0.1276923076923077,-170.1,0.24979431825006235,-1.7064262463588595,1.0268165787911587,38.399999999999864,1.4142135623730951,0.5272660280029478,-427.66666666666663,0.0,0.0,0,0,1.0280172413793103,0,6.225,0,0,0,0,1,0.0,1,1,1,15,1,0,0,1,0.0,7.0,29.0,0.0,0.0,0.0,0.0,0,0,0,1,0,0,0,1,0,0,0,0,1,0,0.0,0,0,0,0,2,0,0,0,0,0,0.0,2,0.125
E0000020820251210004443997274525,4404655169,2025-12-10 00:44:57,normal,0,0,1,0,0,0,0,95.8,4.572646994282532,5,62.8,22.673729291847867,10.1667,10.1667,36.9451503671208,5,1,20,6.3871,336.0,533.4,0.0,0.0,322.0,1.5254777070063694,33.0,4.225154087662324,1.4554288610945378,1.0,0.0,0.0,0.6299212598425197,-197.39999999999998,0.0,0.0,0,0,1.0434782608695652,0,6.225,0,0,0,0,1,0.0,1,1,1,0,2,0,1,0,0.0,7.0,29.0,20.0,20.0,0.0,0.0,0,0,0,1,0,0,0,1,0,0,0,0,1,0,0.0,0,0,3,1,2,2,3,0,3,0,0.0,13,0.8125
E0000020820251210031820562301525,37590839191,2025-12-10 03:18:54,normal,0,0,0,0,0,1,0,50.0,3.9318256327243257,3,50.0,48.23536358316375,204.0167,204.0167,951.5535954427372,1,1,61,214.4516,560.0,478.3333333333333,0.0,0.0,546.0,1.0,0.0,1.0365838730290442,0.0,1.0,0.0,0.0,1.1707317073170733,81.66666666666669,0.0,0.0,0,0,1.0256410256410255,1,6.225,0,0,0,0,1,0.0,1,1,1,3,2,0,1,0,0.0,7.0,29.0,0.0,0.0,0.0,0.0,0,0,0,1,0,0,0,1,0,0,0,0,1,0,0.0,1,1,0,0,2,0,3,0,0,0,0.0,6,0.375
E0000020820251210134759421656525,38091607172,2025-12-10 13:48:00,normal,0,0,1,0,0,0,0,10.0,2.3978952727983707,1,10.0,245.14801780883462,0.0,141.85829999999999,1099.7618689083945,1,1,55,130.0968,515.0,515.0,0.0,0.0,499.0,1.0,0.0,0.6257463299861998,0.0,1.0,0.0,0.0,1.0,0.0,0.0,0.0,0,0,1.032064128256513,0,6.225,0,0,0,0,1,0.0,1,1,1,13,2,0,0,1,0.0,7.0,29.0,26.0,26.0,0.0,0.0,0,0,0,1,0,0,0,1,0,0,0,0,1,0,0.0,0,0,0,0,2,2,0,0,3,0,0.0,7,0.4375
E0000020820251210140836778513525,1617086177,2025-12-10 14:09:02,normal,0,0,0,0,0,1,0,500.0,6.2166061010848646,9,500.0,309.46837583902567,17.4833,59.0667,512.0151349979657,8,1,38,9.5806,445.0,419.3333333333333,0.0,0.0,429.0,1.0,0.0,1.615673971999265,0.0,0.2959924966182299,-41.5834,-0.08121517736026537,1.06120826709062,25.666666666666686,0.0,0.0,0,0,1.0372960372960374,0,6.225,0,0,1,0,1,0.0,1,1,1,14,2,0,0,1,0.0,7.0,29.0,75.0,75.0,0.0,0.0,0,0,0,1,0,0,0,1,0,0,0,0,1,0,0.0,0,0,3,1,2,0,0,0,5,0,0.0,10,0.625
E0000020820251210140912455493525,20022058000143,2025-12-10 14:09:36,fraud,1,0,0,0,1,0,0,2150.0,7.67368812926773,1,2150.0,245.14801780883462,0.0,141.85829999999999,1099.7618689083945,1,1,11,72.2581,741.0,741.0,0.0,0.0,725.0,1.0,0.0,0.6257463299861998,0.0,1.0,0.0,0.0,1.0,0.0,0.0,0.0,0,0,1.0220689655172415,1,6.225,0,0,0,0,1,0.0,1,1,1,14,2,0,0,1,0.0,7.0,29.0,26.0,26.0,0.0,0.0,0,0,0,1,0,0,0,1,0,0,0,0,1,0,0.0,0,0,1,0,2,0,0,0,3,0,0.0,6,0.375
E0000020820251210163211871455525,1406968145,2025-12-10 16:32:25,normal,0,0,0,0,0,1,0,50.0,3.9318256327243257,5,193.5,1336.1460623749188,164.4167,120.7167,1255.7926290959297,5,1,40,16.0323,428.0,434.4,0.0,0.0,412.0,0.25839793281653745,-143.5,0.037421058526436866,-0.10739843797087381,1.362004594227642,43.69999999999999,0.03479873904934487,0.9852670349907919,-6.399999999999977,0.0,0.0,0,0,1.0388349514563107,0,6.225,0,0,0,0,1,0.0,1,1,1,16,2,0,0,1,0.0,7.0,29.0,26.0,26.0,0.0,0.0,0,0,0,1,0,0,0,1,0,0,0,0,1,0,0.0,0,0,3,1,2,0,0,0,3,0,0.0,8,0.5
E0000020820251210164014868417525,27949702168,2025-12-10 16:41:03,fraud,1,0,0,1,0,0,0,340.8,5.83422577068149,1,340.8,245.14801780883462,0.0,141.85829999999999,1099.7618689083945,1,1,61,396.4839,620.0,620.0,0.0,0.0,607.0,1.0,0.0,0.6257463299861998,0.0,1.0,0.0,0.0,1.0,0.0,0.0,0.0,0,0,1.0214168039538716,1,6.225,0,0,0,0,1,0.0,1,1,1,16,2,0,0,1,0.0,7.0,29.0,0.0,0.0,0.0,0.0,0,0,0,1,0,0,0,1,0,0,0,0,1,0,0.0,1,1,0,0,2,1,0,0,0,0,0.0,4,0.25
E0000020820251210165908292269525,4659635104,2025-12-10 16:59:52,fraud,1,0,0,0,1,0,0,1800.0,7.496097345175956,1,1800.0,245.14801780883462,0.0,141.85829999999999,1099.7618689083945,1,1,77,479.2903,786.0,786.0,0.0,0.0,775.0,1.0,0.0,0.6257463299861998,0.0,1.0,0.0,0.0,1.0,0.0,0.0,0.0,0,0,1.0141935483870967,1,6.225,0,0,0,0,1,0.0,1,1,1,16,2,0,0,1,0.0,7.0,29.0,26.0,26.0,0.0,0.0,0,0,0,0,0,0,0,1,0,0,0,0,1,0,0.0,3,1,0,0,2,0,0,0,3,0,0.0,8,0.5
E0000020820251210171408510998525,10174583168,2025-12-10 17:15:27,fraud,1,1,1,0,0,0,0,20000.0,9.90353755128617,1,20000.0,245.14801780883462,0.0,141.85829999999999,1099.7618689083945,2,1,75,397.2581,654.0,654.0,0.0,0.0,638.0,1.0,0.0,0.6257463299861998,0.0,1.0,0.0,0.0,1.0,0.0,0.0,0.0,0,0,1.025078369905956,1,6.225,0,0,0,0,1,0.0,1,1,1,17,2,0,0,1,0.0,7.0,29.0,0.0,0.0,0.0,0.0,0,0,0,1,0,0,0,1,0,0,0,0,1,0,0.0,2,1,0,0,2,2,0,0,0,0,0.0,6,0.375
E0000020820251210172752826129525,10174583168,2025-12-10 17:28:41,fraud,1,1,1,0,0,0,0,63000.0,11.050905878263567,2,20000.0,30405.591591021544,13.2333,13.2333,1099.7618689083945,2,1,75,397.2581,1352.0,1003.0,0.0,0.0,1336.0,3.15,43000.0,2.0719873123140693,1.414213562373095,1.0,0.0,0.0,1.3479561316051845,349.0,0.0,0.0,0,0,1.0119760479041917,1,13.233333333333333,1,1,0,1,0,1.0,0,1,1,17,2,0,0,1,0.0,7.0,29.0,0.0,0.0,0.0,0.0,0,0,0,1,0,0,0,1,0,0,0,0,1,1,0.0,2,1,0,0,1,2,0,2,0,0,0.0,8,0.5
E0000020820251210182152419919525,69628866168,2025-12-10 18:22:20,normal,0,0,0,0,0,1,0,100.0,4.61512051684126,4,100.0,98.82644720249064,167.5333,167.5333,1349.2556010530263,2,1,48,300.8387,577.0,608.75,0.0,0.0,563.0,1.0,0.0,1.011874886032327,0.0,1.0,0.0,0.0,0.9478439425051335,-31.75,0.0,0.0,0,0,1.024866785079929,1,6.225,0,0,0,0,1,0.0,1,1,1,18,2,0,0,1,0.0,7.0,29.0,0.0,0.0,0.0,0.0,0,0,0,1,0,0,0,1,0,0,0,0,1,0,0.0,0,0,0,0,2,0,0,0,0,0,0.0,2,0.125
E0000020820251210191634090507525,1845864530,2025-12-10 19:16:34,normal,0,0,1,0,0,0,0,9.99,2.39698576841553,4,9.99,74.12103631898302,362.5667,1237.7333,1359.3287857513435,2,1,40,48.4839,706.0,788.25,0.0,0.0,689.0,1.0,0.0,0.13477955107113737,0.0,0.2929279676001284,-875.1666,-0.6438226050780408,0.8956549318109737,-82.25,0.0,0.0,0,0,1.0246734397677795,1,6.225,0,0,1,0,1,0.0,1,1,1,19,2,0,0,0,0.0,7.0,29.0,26.0,26.0,0.0,0.0,0,0,0,1,0,0,0,1,0,0,0,0,1,0,0.0,0,0,2,0,2,2,0,0,3,0,0.0,9,0.5625
E0000020820251210203003759530525,24789020100,2025-12-10 20:30:44,normal,0,0,0,0,0,1,0,45.0,3.828641396489095,2,45.0,3.5284628381208734,3293.55,3293.55,1099.7618689083945,1,1,64,354.6129,506.0,589.5,0.0,0.0,490.0,1.0,0.0,12.753428919196244,0.0,1.0,0.0,0.0,0.8583545377438507,-83.5,0.0,0.0,0,0,1.0326530612244897,0,6.225,0,0,0,0,1,0.0,1,1,1,20,2,0,0,0,0.0,7.0,29.0,0.0,0.0,0.0,0.0,0,0,0,1,0,0,0,1,0,0,0,0,1,0,0.0,1,1,0,0,2,0,0,0,0,0,0.0,3,0.1875
E0000020820251211145649463253525,93571496868,2025-12-11 14:57:41,fraud,1,0,0,1,0,0,0,29980.0,10.308319126670684,1,29980.0,245.14801780883462,0.0,141.85829999999999,1099.7618689083945,2,1,69,470.9677,541.0,541.0,0.0,0.0,527.0,1.0,0.0,0.6257463299861998,0.0,1.0,0.0,0.0,1.0,0.0,0.0,0.0,0,0,1.0265654648956357,0,6.225,0,0,0,0,1,0.0,1,1,1,14,3,0,0,1,0.0,7.0,29.0,60.0,60.0,0.0,0.0,0,0,0,1,0,0,0,1,0,0,0,0,1,0,0.0,2,1,0,0,2,1,0,0,5,0,0.0,10,0.625
E0000020820251211153520709202525,93571496868,2025-12-11 15:35:57,fraud,1,0,0,1,0,0,0,30000.0,10.308985993422082,2,29980.0,14.142135623730953,38.2667,38.2667,1099.7618689083945,2,1,69,470.9677,502.0,521.5,0.0,0.0,488.0,1.0006671114076051,20.0,2121.3203435596424,1.414213562373095,1.0,0.0,0.0,0.962607861936721,-19.5,0.0,0.0,0,0,1.028688524590164,0,38.266666666666666,0,0,0,1,0,1.0,0,1,1,15,3,0,0,1,0.0,7.0,29.0,26.0,26.0,0.0,0.0,0,0,0,1,0,0,0,1,0,0,0,0,1,0,0.0,2,1,0,0,0,1,0,0,3,0,0.0,6,0.375
E0000020820251211154519778455525,9687629134,2025-12-11 15:45:20,fraud,1,0,1,0,0,0,0,1154.6,7.05237496859208,1,1154.6,245.14801780883462,0.0,141.85829999999999,1099.7618689083945,1,1,77,412.871,365.0,365.0,0.0,0.0,349.0,1.0,0.0,0.6257463299861998,0.0,1.0,0.0,0.0,1.0,0.0,0.0,0.0,0,0,1.0458452722063036,0,6.225,0,0,0,0,1,0.0,1,1,1,15,3,0,0,1,0.0,7.0,29.0,26.0,26.0,0.0,0.0,0,0,0,1,0,0,0,1,0,0,0,0,1,0,0.0,3,1,0,0,2,2,0,0,3,0,0.0,10,0.625
E0000020820251211213330691943525,26050145172,2025-12-11 21:35:01,normal,0,0,0,0,0,1,0,500.0,6.2166061010848646,8,220.0,314.8886140934827,1505.4667,349.6167,1006.2253595468624,4,1,71,132.6129,655.0,948.125,0.0,0.0,642.0,2.272727272727273,280.0,1.587863065291914,0.8892033165634717,4.306049167559788,1155.85,1.148698936111607,0.6908371786420567,-293.125,0.0,0.0,0,0,1.0202492211838006,1,6.225,0,0,0,0,1,0.0,1,1,1,21,3,0,0,0,0.0,7.0,29.0,26.0,26.0,0.0,0.0,0,0,0,1,0,0,0,1,0,0,0,0,1,0,0.0,2,1,0,0,2,0,0,0,3,0,0.0,7,0.4375
E0000020820251211214540111667525,82441529153,2025-12-11 21:46:48,normal,0,0,1,0,0,0,0,4703.58,8.456291781297454,2,40.0,3297.6490426059595,4473.6667,4473.6667,1099.7618689083945,1,1,49,13.5806,356.0,355.5,0.0,0.0,328.0,117.5895,4663.58,1.4263434159394375,1.414213562373095,1.0,0.0,0.0,1.0014064697609002,0.5,0.0,0.0,0,0,1.0853658536585367,0,6.225,0,0,0,0,1,0.0,1,1,1,21,3,0,0,0,0.0,7.0,29.0,26.0,26.0,0.0,0.0,0,0,0,0,0,0,0,1,0,0,0,0,1,0,0.0,0,0,3,1,2,2,0,0,3,0,0.0,10,0.625
E0000020820251212101640463342525,70337667187,2025-12-12 10:16:41,fraud,1,0,1,0,0,0,0,900.0,6.803505257608338,1,900.0,245.14801780883462,0.0,141.85829999999999,1099.7618689083945,18,1,47,205.0323,491.0,491.0,0.0,0.0,475.0,1.0,0.0,0.6257463299861998,0.0,1.0,0.0,0.0,1.0,0.0,0.0,0.0,0,0,1.0336842105263158,0,6.225,0,0,0,0,1,0.0,1,1,1,10,4,0,0,1,0.0,7.0,29.0,50.0,50.0,0.0,0.0,0,0,0,1,0,0,0,1,0,0,0,0,1,0,0.0,0,0,0,0,2,2,0,0,4,0,0.0,8,0.5
E0000020820251212101829171775525,70337667187,2025-12-12 10:18:29,fraud,1,0,1,0,0,0,0,999.0,6.907755278982137,2,900.0,70.0035713374682,1.8,1.8,1099.7618689083945,18,1,47,205.0323,428.0,459.5,0.0,0.0,412.0,1.11,99.0,14.270700493037596,1.4142135623730951,1.0,0.0,0.0,0.9314472252448314,-31.5,0.0,0.0,0,0,1.0388349514563107,0,1.8,1,1,0,0,1,0.0,1,2,2,10,4,0,0,1,0.0,7.0,29.0,50.0,50.0,0.0,0.0,0,0,0,1,0,0,0,1,0,0,0,0,1,1,0.0,0,0,0,0,2,2,0,2,4,0,0.0,11,0.6875
E0000020820251212102024343523525,70337667187,2025-12-12 10:20:24,fraud,1,0,1,0,0,0,0,950.0,6.85751406254539,3,950.0,49.50084174368486,1.9167,1.8,0.0825193613644701,18,1,47,205.0323,380.0,433.0,0.0,0.0,366.0,1.0,0.0,19.191592840362105,0.0,1.0648333333333333,0.11670000000000003,1.4142135623730951,0.8775981524249422,-53.0,0.0,0.0,0,0,1.0382513661202186,0,1.9166666666666667,2,1,1,0,1,0.0,1,3,3,10,4,0,0,1,0.0,7.0,29.0,50.0,50.0,0.0,0.0,0,0,0,1,0,0,0,1,0,0,0,0,1,2,0.0,0,0,0,0,2,2,0,3,4,0,0.0,13,0.8125
E0000020820251212102228777566525,70337667187,2025-12-12 10:22:29,fraud,1,0,1,0,0,0,0,960.0,6.8679744089702925,4,950.0,40.74616546375867,2.0833,1.9167,0.1423805581297295,18,1,47,205.0323,394.0,423.25,0.0,0.0,375.0,1.0105263157894737,10.0,23.56049922915725,0.24542186697038804,1.0869202274743046,0.16659999999999986,1.1701035744515267,0.9308919078558772,-29.25,0.0,0.0,0,0,1.0506666666666666,0,2.0833333333333335,3,1,1,0,1,0.0,1,4,4,10,4,0,0,1,0.0,7.0,29.0,50.0,50.0,0.0,0.0,0,0,0,1,0,0,0,1,0,0,0,0,1,2,0.0,0,0,0,0,2,2,0,4,4,0,0.0,14,0.875
E0000020820251212102352722897525,70337667187,2025-12-12 10:23:53,fraud,1,0,1,0,0,0,0,901.0,6.804614520062624,5,950.0,42.0773097999385,1.4,1.8,0.2909053568889144,18,1,47,205.0323,639.0,466.4,0.0,0.0,624.0,0.9484210526315789,-49.0,21.412965902143224,-1.1645231178746038,0.7777777777777777,-0.40000000000000013,-1.3750176493062822,1.3700686106346485,172.60000000000002,0.0,0.0,0,0,1.0240384615384615,1,1.4,4,1,1,1,0,0.0,1,4,5,10,4,0,0,1,0.0,7.0,29.0,50.0,50.0,0.0,0.0,0,0,0,1,0,0,0,1,0,0,0,0,1,2,0.0,0,0,0,0,0,2,0,4,4,0,0.0,12,0.75
E0000020820251212102421934319525,70337667187,2025-12-12 10:24:22,fraud,1,0,1,0,0,0,0,970.0,6.878326468291325,6,950.0,39.33276835752432,0.4833,1.8,0.6404757786208625,18,1,47,205.0323,427.0,459.8333333333333,0.0,0.0,412.0,1.0210526315789474,20.0,24.661371179952553,0.5084818799990217,0.2685,-1.3167,-2.0558154483769115,0.9285973178687931,-32.833333333333314,0.0,0.0,0,0,1.0364077669902914,0,0.48333333333333334,5,1,1,0,1,0.0,1,5,6,10,4,0,0,1,0.0,7.0,29.0,50.0,50.0,0.0,0.0,0,0,0,1,0,0,0,1,0,0,0,0,1,2,0.0,0,0,0,0,2,2,0,4,4,0,0.0,14,0.875
E0000020820251212102527706695525,70337667187,2025-12-12 10:25:28,fraud,1,0,1,0,0,0,0,902.0,6.805722553416985,7,950.0,39.67666940707215,1.1,1.4,0.5999550297036159,18,1,47,205.0323,387.0,449.4285714285714,0.0,0.0,371.0,0.9494736842105264,-48.0,22.733763026974827,-1.2097789637414542,0.7857142857142858,-0.2999999999999998,-0.5000374780559852,0.861093452002543,-62.42857142857139,0.0,0.0,0,0,1.0431266846361187,0,1.1,6,1,1,2,0,1.0,0,5,6,10,4,0,0,1,0.0,7.0,29.0,50.0,50.0,0.0,0.0,0,0,0,1,0,0,0,1,0,0,0,0,1,2,0.0,0,0,0,0,0,2,0,4,4,0,0.0,12,0.75
E0000020820251212102643627149525,70337667187,2025-12-12 10:26:44,fraud,1,0,1,0,0,0,0,980.0,6.8885724595653635,8,950.0,39.32556420447138,1.2667,1.4,0.552729136282174,18,1,47,205.0323,390.0,442.0,0.0,0.0,378.0,1.0315789473684212,30.0,24.92017647616032,0.7628625451885813,0.9047857142857143,-0.13329999999999997,-0.24116695004829442,0.8823529411764706,-52.0,0.0,0.0,0,0,1.0317460317460319,0,1.2666666666666666,7,1,1,1,0,0.0,1,5,7,10,4,0,0,1,0.0,7.0,29.0,77.0,77.0,0.0,0.0,0,0,0,1,0,0,0,1,0,0,0,0,1,2,0.0,0,0,0,0,0,2,0,4,5,0,0.0,13,0.8125
E0000020820251212102710099482525,70337667187,2025-12-12 10:27:10,fraud,1,0,1,0,0,0,0,904.0,6.807934943699926,9,950.0,39.271490931717885,0.4333,1.2667,0.622470548786963,18,1,47,205.0323,403.0,437.6666666666667,0.0,0.0,389.0,0.9515789473684211,-46.0,23.019243185134034,-1.171333170924962,0.3420699455277493,-0.8333999999999999,-1.338858523707001,0.9207920792079207,-34.666666666666686,0.0,0.0,0,0,1.0359897172236503,0,0.43333333333333335,8,1,1,3,0,2.0,0,5,7,10,4,0,0,1,0.0,7.0,29.0,50.0,50.0,0.0,0.0,0,0,0,1,0,0,0,1,0,0,0,0,1,2,0.0,0,0,0,0,0,2,0,4,4,0,0.0,12,0.75
E0000020820251212102835625173525,70337667187,2025-12-12 10:28:39,fraud,1,0,1,0,0,0,0,905.0,6.80903930604298,10,905.0,38.705296795141614,1.4833,1.4,0.5851128155701637,18,1,47,205.0323,3338.0,727.7,0.0,0.0,3314.0,1.0,0.0,23.381812695816812,0.0,1.0595,0.08330000000000015,0.14236570757526204,4.587055105125739,2610.3,0.0,0.0,0,0,1.007242003621002,1,1.4833333333333334,9,1,1,4,0,3.0,0,5,7,10,4,0,0,1,0.0,7.0,29.0,50.0,50.0,0.0,0.0,0,0,0,1,0,0,0,1,0,0,0,0,1,2,0.0,0,0,0,0,0,2,0,4,4,0,0.0,12,0.75
E0000020820251212102902258433525,70337667187,2025-12-12 10:29:02,fraud,1,0,1,0,0,0,0,990.0,6.898714534329988,11,950.0,40.033622232954514,0.3833,1.2667,0.627590562654772,18,1,47,205.0323,421.0,699.8181818181819,0.0,0.0,404.0,1.0421052631578946,40.0,24.729213715391978,0.9991601501168476,0.30259730007105073,-0.8834,-1.407605615137245,0.6015848272278513,-278.81818181818187,0.0,0.0,0,0,1.0420792079207921,0,0.38333333333333336,10,1,1,0,1,0.0,1,6,8,10,4,0,0,1,0.0,7.0,29.0,50.0,50.0,0.0,0.0,0,0,0,1,0,0,0,1,0,0,0,0,1,2,0.0,0,0,0,0,2,2,0,4,4,0,0.0,14,0.875
E0000020820251212102956072593525,70337667187,2025-12-12 10:29:56,fraud,1,0,1,0,0,0,0,906.0,6.810142450115136,12,906.0,39.55309052017263,0.9,1.2667,0.6038912042292506,18,1,47,205.0323,437.0,677.9166666666666,0.0,0.0,422.0,1.0,0.0,22.90592184036611,0.0,0.7105076182205732,-0.3666999999999999,-0.607228582618654,0.6446220036877689,-240.91666666666663,0.0,0.0,0,0,1.0355450236966826,0,0.9,11,1,1,5,0,4.0,0,6,8,10,4,0,0,1,0.0,7.0,29.0,50.0,50.0,0.0,0.0,0,0,0,1,0,0,0,1,0,0,0,0,1,2,0.0,0,0,0,0,0,2,0,4,4,0,0.0,12,0.75
E0000020820251212103053430393525,70337667187,2025-12-12 10:30:53,fraud,1,0,1,0,0,0,0,991.0,6.899723107284872,13,950.0,40.53077336720323,0.95,1.1,0.5804571523220453,18,1,47,205.0323,397.0,656.3076923076923,0.0,0.0,384.0,1.043157894736842,41.0,24.450557383193168,1.0115770461260545,0.8636363636363635,-0.15000000000000013,-0.25841700700894826,0.6048992030004688,-259.30769230769226,0.0,0.0,0,0,1.0338541666666667,0,0.95,12,1,1,0,1,0.0,1,7,9,10,4,0,0,1,0.0,7.0,29.0,50.0,50.0,0.0,0.0,0,0,0,1,0,0,0,1,0,0,0,0,1,2,0.0,0,0,0,0,2,2,0,4,4,0,0.0,14,0.875
E0000020820251212103118592690525,70337667187,2025-12-12 10:31:19,fraud,1,0,1,0,0,0,0,907.0,6.811244378601294,14,907.0,40.10679425053747,0.4333,1.1,0.5934012798893838,18,1,47,205.0323,384.0,636.8571428571429,0.0,0.0,371.0,1.0,0.0,22.61462220924938,0.0,0.3939090909090909,-0.6667000000000001,-1.123523023280772,0.6029609690444145,-252.8571428571429,0.0,0.0,0,0,1.0350404312668464,0,0.43333333333333335,13,1,1,6,0,5.0,0,7,9,10,4,0,0,1,0.0,7.0,29.0,50.0,50.0,0.0,0.0,0,0,0,1,0,0,0,1,0,0,0,0,1,2,0.0,0,0,0,0,0,2,0,4,4,0,0.0,12,0.75
E0000020820251212103203092214525,70337667187,2025-12-12 10:32:03,fraud,1,0,1,0,0,0,0,908.0,6.812345094177479,15,908.0,39.54057590446988,0.7333,0.95,0.5796835907024368,18,1,47,205.0323,434.0,623.3333333333334,0.0,0.0,420.0,1.0,0.0,22.963752530912295,0.0,0.7718947368421053,-0.2167,-0.37382462342501677,0.6962566844919785,-189.33333333333337,0.0,0.0,0,0,1.0333333333333334,0,0.7333333333333333,14,1,1,7,0,6.0,0,7,9,10,4,0,0,1,0.0,7.0,29.0,50.0,50.0,0.0,0.0,0,0,0,1,0,0,0,1,0,0,0,0,1,2,0.0,0,0,0,0,0,2,0,4,4,0,0.0,12,0.75
E0000020820251212103246910739525,70337667187,2025-12-12 10:32:47,fraud,1,0,1,0,0,0,0,909.0,6.813444599510896,16,908.0,38.89108723945201,0.7333,0.95,0.5664615460407326,18,1,47,205.0323,392.0,608.875,0.0,0.0,376.0,1.001101321585903,1.0,23.3729644636391,0.025712832193222332,0.7718947368421053,-0.2167,-0.38255023931389287,0.6438103058920139,-216.875,0.0,0.0,0,0,1.0425531914893618,0,0.7333333333333333,15,1,1,8,0,7.0,0,7,9,10,4,0,0,1,0.0,7.0,29.0,50.0,50.0,0.0,0.0,0,0,0,1,0,0,0,1,0,0,0,0,1,2,0.0,0,0,0,0,0,2,0,4,4,0,0.0,12,0.75
E0000020820251212103324867748525,70337667187,2025-12-12 10:33:25,fraud,1,0,1,0,0,0,0,910.0,6.814542897259958,17,909.0,38.19560723126033,0.6333,0.9,0.5582005651719938,18,1,47,205.0323,391.0,596.0588235294117,0.0,0.0,379.0,1.001100110011001,1.0,23.82472922842371,0.026181021130135942,0.7036666666666667,-0.26670000000000005,-0.4777852561253211,0.6559755255107077,-205.0588235294117,0.0,0.0,0,0,1.0316622691292876,0,0.6333333333333333,16,1,1,9,0,8.0,0,7,9,10,4,0,0,1,0.0,7.0,29.0,50.0,50.0,0.0,0.0,0,0,0,1,0,0,0,1,0,0,0,0,1,2,0.0,0,0,0,0,0,2,0,4,4,0,0.0,12,0.75
E0000020820251212103422898670525,70337667187,2025-12-12 10:34:23,fraud,1,0,1,0,0,0,0,911.0,6.815639990074331,18,909.0,37.47822897441692,0.9667,0.95,0.5408159124660354,18,1,47,205.0323,445.0,587.6666666666666,0.0,0.0,428.0,1.0022002200220022,2.0,24.307445280348205,0.053364314556198035,1.0175789473684211,0.016700000000000048,0.030879268925077807,0.7572319909245605,-142.66666666666663,0.0,0.0,0,0,1.0397196261682242,0,0.9666666666666667,17,1,1,10,0,9.0,0,7,9,10,4,0,0,1,0.0,7.0,29.0,50.0,50.0,0.0,0.0,0,0,0,1,0,0,0,1,0,0,0,0,1,2,0.0,0,0,0,0,0,2,0,4,4,0,0.0,12,0.75
E0000020820251212105037805123525,93571496868,2025-12-12 10:52:48,fraud,1,1,1,0,0,0,0,9999.99,9.210439367076006,3,29980.0,11541.241986893498,1156.85,38.2667,790.9578367520263,2,1,69,470.9677,448.0,497.0,0.0,0.0,437.0,0.33355537024683124,-19980.010000000002,0.8664570079508098,-1.7311836995264258,30.23124544316599,1118.5833,1.414213562373095,0.9014084507042254,-49.0,0.0,0.0,0,0,1.0251716247139588,0,1156.85,0,0,0,0,1,0.0,1,2,2,10,4,0,0,1,0.0,7.0,29.0,0.0,0.0,0.0,0.0,0,0,0,1,0,0,0,1,0,0,0,0,1,0,0.0,2,1,0,0,2,2,0,0,0,0,0.0,6,0.375
E0000020820251212105336158792525,93571496868,2025-12-12 10:54:08,fraud,1,1,1,0,0,0,0,2000.0,7.601402334583733,4,9999.99,14230.489097943602,1.3333,38.2667,656.7358067307,2,1,69,470.9677,394.0,471.25,0.0,0.0,381.0,0.2000002000002,-7999.99,0.1405433071368582,-0.5621725258308972,0.03484230414433437,-36.9334,-0.056237835095147855,0.8360742705570292,-77.25,0.0,0.0,0,0,1.0341207349081365,0,1.3333333333333333,1,1,1,1,0,1.0,0,2,2,10,4,0,0,1,0.0,7.0,29.0,0.0,0.0,0.0,0.0,0,0,0,1,0,0,0,1,0,0,0,0,1,1,0.0,2,1,0,0,1,2,0,2,0,0,0.0,8,0.5
E0000020820251212141726838651525,31006710159,2025-12-12 14:18:45,fraud,1,0,0,0,1,0,0,1490.0,7.307202314764738,1,1490.0,245.14801780883462,0.0,141.85829999999999,1099.7618689083945,3,1,63,382.1935,439.0,439.0,0.0,0.0,426.0,1.0,0.0,0.6257463299861998,0.0,1.0,0.0,0.0,1.0,0.0,0.0,0.0,0,0,1.0305164319248827,0,6.225,0,0,0,0,1,0.0,1,1,1,14,4,0,0,1,0.0,7.0,29.0,26.0,26.0,0.0,0.0,0,0,0,1,0,0,0,1,0,0,0,0,1,0,0.0,1,1,0,0,2,0,0,0,3,0,0.0,6,0.375
E0000020820251212145413325841525,31006710159,2025-12-12 14:55:07,fraud,1,0,0,0,1,0,0,2000.0,7.601402334583733,2,1490.0,360.6244584051393,36.3667,36.3667,1099.7618689083945,3,1,63,382.1935,369.0,404.0,0.0,0.0,356.0,1.342281879194631,510.0,5.545935538718019,1.4142135623730947,1.0,0.0,0.0,0.9133663366336634,-35.0,0.0,0.0,0,0,1.0365168539325842,0,36.36666666666667,0,0,0,1,0,1.0,0,1,1,14,4,0,0,1,0.0,7.0,29.0,26.0,26.0,0.0,0.0,0,0,0,1,0,0,0,1,0,0,0,0,1,0,0.0,1,1,0,0,0,0,0,0,3,0,0.0,4,0.25
E0000020820251212145549419952525,31006710159,2025-12-12 14:56:27,fraud,1,0,0,0,1,0,0,800.0,6.68586094706836,3,1490.0,602.2457969965419,1.3333,1.3333,24.772354708020792,3,1,63,382.1935,336.0,381.3333333333333,0.0,0.0,322.0,0.5369127516778524,-690.0,1.3283612836979144,-1.1457116071894513,1.0,0.0,0.0,0.8811188811188811,-45.333333333333314,0.0,0.0,0,0,1.0434782608695652,0,1.3333333333333333,1,1,0,2,0,2.0,0,1,1,14,4,0,0,1,0.0,7.0,29.0,26.0,26.0,0.0,0.0,0,0,0,1,0,0,0,1,0,0,0,0,1,1,0.0,1,1,0,0,0,0,0,2,3,0,0.0,7,0.4375
E0000020820251212150819881477525,376634103,2025-12-12 15:08:46,normal,0,0,0,1,0,0,0,900.0,6.803505257608338,6,7.0,360.65059381160967,2337.0667,1083.2333,940.57647830924,2,1,42,137.3871,349.0,356.5,0.0,0.0,335.0,128.57142857142858,893.0,2.4954901376652834,2.476080769927887,2.157491557912778,1253.8333999999998,1.3330477945332673,0.9789621318373072,-7.5,0.0,0.0,0,0,1.0417910447761194,0,6.225,0,0,0,0,1,0.0,1,1,1,15,4,0,0,1,0.0,7.0,29.0,26.0,26.0,0.0,0.0,0,0,0,1,0,0,0,1,0,0,0,0,1,0,0.0,0,0,0,0,2,1,0,0,3,0,0.0,6,0.375
E0000020820251212151040652139525,61156850100,2025-12-12 15:11:04,normal,0,0,0,0,1,0,0,119.9,4.794963757620747,11,151.27,570.046301770144,3.1667,192.05,1051.1956805501345,3,1,52,390.3226,582.0,1169.8181818181818,0.0,0.0,568.0,0.7926224631453692,-31.370000000000005,0.21033379153180873,-0.05503061751753829,0.016488935173131995,-188.88330000000002,-0.17968424290056967,0.49751321106621077,-587.8181818181818,0.0,0.0,0,0,1.0246478873239437,1,6.225,0,0,1,0,1,0.0,1,1,1,15,4,0,0,1,0.0,7.0,29.0,26.0,26.0,0.0,0.0,0,0,0,1,0,0,0,1,0,0,0,0,1,0,0.0,0,0,0,0,2,0,0,0,3,0,0.0,5,0.3125
E0000020820251212171412396130525,88842843172,2025-12-12 17:14:25,normal,0,0,0,0,1,0,0,3384.0,8.127109185346375,3,50.0,1929.8119942971991,2560.35,376.7333,1544.050176082191,2,1,49,299.7097,645.0,614.6666666666666,0.0,0.0,630.0,67.68,3334.0,1.7535386918518912,1.72762943222051,6.796187116987004,2183.6167,1.4142135623730951,1.049349240780911,30.33333333333337,0.0,0.0,0,0,1.0238095238095237,1,6.225,0,0,0,0,1,0.0,1,1,1,17,4,0,0,1,0.0,7.0,29.0,0.0,0.0,0.0,0.0,0,0,0,1,0,0,0,1,0,0,0,0,1,0,0.0,0,0,0,0,2,0,0,0,0,0,0.0,2,0.125
E0000020820251212181440062114525,12143081120,2025-12-12 18:16:02,fraud,1,0,0,0,1,0,0,2444.44,7.801980344818481,1,2444.44,245.14801780883462,0.0,141.85829999999999,1099.7618689083945,1,1,74,396.4839,458.0,458.0,0.0,0.0,443.0,1.0,0.0,0.6257463299861998,0.0,1.0,0.0,0.0,1.0,0.0,0.0,0.0,0,0,1.0338600451467268,0,6.225,0,0,0,0,1,0.0,1,1,1,18,4,0,0,1,0.0,7.0,29.0,26.0,26.0,0.0,0.0,0,0,0,1,0,0,0,1,0,0,0,0,1,0,0.0,2,1,0,0,2,0,0,0,3,0,0.0,7,0.4375
E0000020820251212193132092294525,4578397165,2025-12-12 19:31:32,normal,0,0,1,0,0,0,0,10.0,2.3978952727983707,2,10.0,7.071067811865476,3.85,3.85,1099.7618689083945,6,1,34,48.4516,381.0,375.5,0.0,0.0,368.0,1.0,0.0,1.414213562373095,0.0,1.0,0.0,0.0,1.014647137150466,5.5,0.0,0.0,0,0,1.0353260869565217,0,6.225,0,0,0,0,1,0.0,1,1,1,19,4,0,0,0,0.0,7.0,29.0,26.0,26.0,0.0,0.0,0,0,0,1,0,0,0,1,0,0,0,0,1,0,0.0,0,0,2,0,2,2,0,0,3,0,0.0,9,0.5625
E0000020820251212230012843703525,8494539175,2025-12-12 23:00:26,normal,0,0,0,0,0,1,0,224.0,5.41610040220442,5,31.0,92.14499443811368,3319.15,1501.4,1405.9433629096595,2,1,22,24.5161,402.0,518.8,0.0,0.0,390.0,7.225806451612903,193.0,2.430951364921321,2.094525059954531,2.2107033435460237,1817.75,1.2929041439038407,0.7748650732459522,-116.79999999999995,0.0,0.0,0,0,1.0307692307692307,0,6.225,0,0,0,0,1,0.0,1,1,1,23,4,0,1,0,0.0,7.0,29.0,0.0,0.0,0.0,0.0,0,0,0,0,0,0,0,1,0,0,0,0,1,0,0.0,0,0,3,1,2,0,3,0,0,0,0.0,8,0.5
E0000020820251213112041068970542,84737638668,2025-12-13 11:20:41,normal,0,0,0,0,1,0,0,17.0,2.8903717578961645,4,30.0,27.32847766829808,963.15,124.55,506.8584806527657,3,0,52,2.871,544.0,614.0,0.0,0.0,527.5,0.5666666666666667,-13.0,0.6220617264649377,-0.47569426141436416,7.733038940184665,838.6,1.6545052159727025,0.9903709889194305,-5.666666666666657,0.0,0.0,0,0,1.0292595226805754,0,6.225,0,0,0,0,1,0.0,1,1,1,11,5,1,0,1,0.0,7.0,30.0,26.0,-1.0,0.0,0.0,1,1,1,1,1,1,1,1,0,0,0,1,1,0,0.0,0,0,3,1,2,0,0,0,0,0,0.0,5,0.3125
E0000020820251213141559395573525,52895173591,2025-12-13 14:16:00,normal,0,0,0,1,0,0,0,23.0,3.1780538303479458,5,25.0,165.29761038805128,3891.2,1561.3833,1648.380050803302,2,1,56,410.0323,676.0,665.4,0.0,0.0,662.0,0.92,-2.0,0.1391429673181929,-0.012099388462451555,2.4921491090624577,2329.8167,1.4133977773296968,1.0159302675082658,10.600000000000023,0.0,0.0,0,0,1.0211480362537764,1,6.225,0,0,0,0,1,0.0,1,1,1,14,5,1,0,1,0.0,7.0,29.0,26.0,26.0,0.0,0.0,0,0,0,1,0,0,0,1,0,0,0,0,1,0,0.0,0,0,0,0,2,1,0,0,3,0,0.0,6,0.375
E0000020820251213150853156194525,7241023102,2025-12-13 15:08:53,fraud,1,0,1,0,0,0,0,1000.0,6.90875477931522,1,1000.0,245.14801780883462,0.0,141.85829999999999,1099.7618689083945,2,1,26,26.7419,455.0,455.0,0.0,0.0,443.0,1.0,0.0,0.6257463299861998,0.0,1.0,0.0,0.0,1.0,0.0,0.0,0.0,0,0,1.0270880361173815,0,6.225,0,0,0,0,1,0.0,1,1,1,15,5,1,0,1,0.0,7.0,29.0,0.0,0.0,0.0,0.0,0,0,0,1,0,0,0,1,0,0,0,0,1,0,0.0,0,0,3,1,2,2,0,0,0,0,0.0,7,0.4375
E0000020820251213151424399347525,7241023102,2025-12-13 15:14:24,fraud,1,0,1,0,0,0,0,1300.0,7.170888478512505,2,1000.0,212.1320343559643,5.5167,5.5167,1099.7618689083945,2,1,26,26.7419,405.0,430.0,0.0,0.0,392.0,1.3,300.0,6.128258770283411,1.4142135623730947,1.0,0.0,0.0,0.9418604651162791,-25.0,0.0,0.0,0,0,1.0331632653061225,0,5.516666666666667,1,1,0,0,1,0.0,1,2,2,15,5,1,0,1,0.0,7.0,29.0,0.0,0.0,0.0,0.0,0,0,0,1,0,0,0,1,0,0,0,0,1,1,0.0,0,0,3,1,2,2,0,2,0,0,0.0,10,0.625
E0000020820251214090551520382525,71425950191,2025-12-14 09:06:03,fraud,1,0,1,0,0,0,0,3488.33,8.157465019689152,1,3488.33,245.14801780883462,0.0,141.85829999999999,1099.7618689083945,1,1,42,310.4839,704.0,704.0,0.0,0.0,686.0,1.0,0.0,0.6257463299861998,0.0,1.0,0.0,0.0,1.0,0.0,0.0,0.0,0,0,1.0262390670553936,1,6.225,0,0,0,0,1,0.0,1,1,1,9,6,1,0,1,0.0,7.0,29.0,77.0,77.0,0.0,0.0,0,0,0,1,0,0,0,1,0,0,0,0,1,0,0.0,0,0,0,0,2,2,0,0,5,0,0.0,9,0.5625
E0000020820251214122307150158525,85218626104,2025-12-14 12:23:24,normal,0,0,0,0,1,0,0,12.0,2.5649493574615367,11,16.0,554.0548422149365,2272.1333,395.25,879.2290394761474,3,1,47,85.2581,579.0,1030.4545454545455,0.0,0.0,565.0,0.75,-4.0,0.02165850577539903,-0.007219501925133011,5.7485978494623655,1876.8833,2.1346921174467397,0.5618879576532863,-451.4545454545455,0.0,0.0,0,0,1.024778761061947,1,6.225,0,0,0,0,1,0.0,1,1,1,12,6,1,0,1,0.0,7.0,29.0,0.0,0.0,0.0,0.0,0,0,0,0,0,0,0,1,0,0,0,0,1,0,0.0,0,0,1,0,2,0,0,0,0,0,0.0,3,0.1875
E0000020820251214190445695488525,1067492186,2025-12-14 19:05:02,normal,0,0,1,0,0,0,0,20.0,3.044522437723423,4,113.87,100.5356627852359,1092.3833,1092.3833,821.5937245315533,2,1,38,229.8387,541.0,784.75,0.0,0.0,527.0,0.1756388864494599,-93.87,0.19893438254566406,-0.9336985244780743,1.0,0.0,0.0,0.6893915259636827,-243.75,0.0,0.0,0,0,1.0265654648956357,0,6.225,0,0,0,0,1,0.0,1,1,1,19,6,1,0,0,0.0,7.0,29.0,0.0,0.0,0.0,0.0,0,0,0,0,0,0,0,1,0,0,0,0,1,0,0.0,0,0,0,0,2,2,0,0,0,0,0.0,4,0.25
E0000020820251214202824994679525,27538672168,2025-12-14 20:29:11,normal,0,0,0,0,1,0,0,150.0,5.017279836814924,5,420.0,1444.389021704333,4907.9167,1569.6833,1975.760120815578,2,1,64,39.4194,398.0,460.6,0.0,0.0,384.0,0.35714285714285715,-270.0,0.10385013853331895,-0.1869302493599741,3.1266923079324345,3338.2334,1.6895944830701433,0.8640903169778549,-62.60000000000002,0.0,0.0,0,0,1.0364583333333333,0,6.225,0,0,0,0,1,0.0,1,1,1,20,6,1,0,0,0.0,7.0,29.0,0.0,0.0,0.0,0.0,0,0,0,1,0,0,0,1,0,0,0,0,1,0,0.0,1,1,2,0,2,0,0,0,0,0,0.0,5,0.3125
E0000020820251215102746667132525,70795096100,2025-12-15 10:27:48,normal,0,0,1,0,0,0,0,161.49,5.090616461414685,4,161.49,322.5729659446577,1220.4167,1220.4167,3613.5368803520782,5,1,45,228.0323,758.0,777.75,0.0,0.0,741.0,1.0,0.0,0.5006309178051396,0.0,1.0,0.0,0.0,0.9746062359369978,-19.75,0.0,0.0,0,0,1.0229419703103915,1,6.225,0,0,0,0,1,0.0,1,1,1,10,0,0,0,1,0.0,7.0,29.0,0.0,0.0,0.0,0.0,0,0,0,1,0,0,0,1,0,0,0,0,1,0,0.0,0,0,0,0,2,2,0,0,0,0,0.0,4,0.25
E0000020820251215124922447416525,4933589194,2025-12-15 12:49:23,fraud,1,0,1,0,0,0,0,2300.0,7.741099090035366,1,2300.0,245.14801780883462,0.0,141.85829999999999,1099.7618689083945,1,1,30,72.9032,732.0,732.0,0.0,0.0,714.0,1.0,0.0,0.6257463299861998,0.0,1.0,0.0,0.0,1.0,0.0,0.0,0.0,0,0,1.0252100840336134,1,6.225,0,0,0,0,1,0.0,1,1,1,12,0,0,0,1,0.0,7.0,29.0,0.0,0.0,0.0,0.0,0,0,0,0,0,0,0,1,0,0,0,0,1,0,0.0,0,0,1,0,2,2,0,0,0,0,0.0,5,0.3125
E0000020820251215155608399463525,55339808149,2025-12-15 15:56:31,fraud,1,0,0,0,1,0,0,1500.0,7.313886831633462,1,1500.0,245.14801780883462,0.0,141.85829999999999,1099.7618689083945,1,1,52,259.129,571.0,571.0,0.0,0.0,556.0,1.0,0.0,0.6257463299861998,0.0,1.0,0.0,0.0,1.0,0.0,0.0,0.0,0,0,1.026978417266187,1,6.225,0,0,0,0,1,0.0,1,1,1,15,0,0,0,1,0.0,7.0,29.0,0.0,0.0,0.0,0.0,0,0,0,1,0,0,0,1,0,0,0,0,1,0,0.0,0,0,0,0,2,0,0,0,0,0,0.0,2,0.125
E0000020820251215164037899800525,18266851115,2025-12-15 16:41:29,normal,0,0,0,0,0,1,0,39.5,3.7013019741124933,11,44.0,169.40581880636375,258.0667,999.3333,1017.2199204767636,2,1,64,393.6452,1746.0,856.9090909090909,0.0,0.0,1733.0,0.8977272727272727,-4.5,0.23316790579165264,-0.026563432305378148,0.2582388678531978,-741.2665999999999,-0.7287181317217752,2.037555697008275,889.0909090909091,0.0,0.0,0,0,1.0075014425851125,1,6.225,0,0,1,0,1,0.0,1,1,1,16,0,0,0,1,0.0,7.0,29.0,26.0,26.0,0.0,0.0,0,0,0,1,0,0,0,1,0,0,0,0,1,0,0.0,1,1,0,0,2,0,0,0,3,0,0.0,6,0.375
E0000020820251215182104070955525,11863652850,2025-12-15 18:21:05,normal,0,0,1,0,0,0,0,10.0,2.3978952727983707,45,15.0,53.874076898042176,12.5,16.55,709.2499997057871,13,1,52,15.871,2728.0,679.7777777777778,0.0,0.0,2715.0,0.6666666666666666,-5.0,0.1856180295938102,-0.0928090147969051,0.755287009063444,-4.050000000000001,-0.005710257316432897,4.013076168682575,2048.222222222222,0.0,0.0,0,0,1.0047882136279926,1,6.225,0,0,0,0,1,0.0,1,1,1,18,0,0,0,1,0.0,7.0,29.0,0.0,0.0,0.0,0.0,0,0,0,1,0,0,0,1,0,0,0,0,1,0,0.0,0,0,3,1,2,2,0,0,0,0,0.0,7,0.4375
E0000020820251215200539840226525,76915409491,2025-12-15 20:05:43,normal,0,0,0,0,1,0,0,12.0,2.5649493574615367,10,17.0,69.97289450605538,5526.4167,68.4833,1931.9990926138544,5,1,53,14.3548,450.0,440.3,0.0,0.0,438.0,0.7058823529411765,-5.0,0.17149497794408852,-0.07145624081003688,80.69728970420526,5457.9334,2.8250186145873455,1.0220304337951396,9.699999999999989,0.0,0.0,0,0,1.0273972602739727,0,6.225,0,0,0,0,1,0.0,1,1,1,20,0,0,0,0,0.0,7.0,29.0,0.0,0.0,0.0,0.0,0,0,0,0,0,0,0,1,0,0,0,0,1,0,0.0,0,0,3,1,2,0,0,0,0,0,0.0,5,0.3125
E0000020820251215200920672860525,7725377123,2025-12-15 20:09:30,normal,0,0,0,0,1,0,0,10.0,2.3978952727983707,49,18.0,33.72054265486805,15.4,64.25,377.3532944772334,11,1,21,30.3226,709.0,708.0408163265306,0.0,0.0,695.0,0.5555555555555556,-8.0,0.296555132648684,-0.23724410611894717,0.2396887159533074,-48.85,-0.12945428253826266,1.0013547011010548,0.959183673469397,0.0,0.0,0,0,1.0201438848920863,1,6.225,0,0,1,0,1,0.0,1,1,1,20,0,0,0,0,0.0,7.0,29.0,20.0,20.0,0.0,0.0,0,0,0,1,0,0,0,1,0,0,0,0,1,0,0.0,0,0,0,0,2,0,0,0,3,0,0.0,5,0.3125
E0000020820251216124814505179525,9045496666,2025-12-16 12:48:42,normal,0,0,0,0,0,1,0,90.0,4.51085950651685,13,20.0,32.780444471416025,15.45,117.5,711.7086110803066,14,1,38,101.871,478.0,657.6153846153846,0.0,0.0,456.0,4.5,70.0,2.7455393436925,2.135419489538611,0.13148936170212766,-102.05,-0.1433873335396318,0.7268686396069716,-179.61538461538464,0.0,0.0,0,0,1.0482456140350878,0,6.225,0,0,1,0,1,0.0,1,1,1,12,1,0,0,1,0.0,7.0,29.0,0.0,0.0,0.0,0.0,0,0,0,1,0,0,0,1,0,0,0,0,1,0,0.0,0,0,0,0,2,0,0,0,0,0,0.0,2,0.125
E0000020820251216152102124334525,76042197134,2025-12-16 15:21:48,fraud,1,0,0,1,0,0,0,3800.0,8.24301946898925,1,3800.0,245.14801780883462,0.0,141.85829999999999,1099.7618689083945,2,1,50,247.7097,560.0,560.0,0.0,0.0,546.0,1.0,0.0,0.6257463299861998,0.0,1.0,0.0,0.0,1.0,0.0,0.0,0.0,0,0,1.0256410256410255,1,6.225,0,0,0,0,1,0.0,1,1,1,15,1,0,0,1,0.0,7.0,29.0,0.0,0.0,0.0,0.0,0,0,0,1,0,0,0,1,0,0,0,0,1,0,0.0,0,0,0,0,2,1,0,0,0,0,0.0,3,0.1875
E0000020820251216152232080999525,44072694487,2025-12-16 15:22:54,normal,0,0,0,0,0,1,0,320.0,5.771441123130016,61,160.0,302.20118911444706,193.9,66.6167,337.57432950321095,16,2,60,6.8387,392.0,458.75,0.0,0.0,372.0,2.0,160.0,1.0588972231966047,0.5294486115983024,2.910681555826092,127.28330000000001,0.3770526632973415,0.8544959128065395,-66.75,0.0,0.0,0,0,1.053763440860215,0,6.225,0,0,0,0,1,0.0,1,1,1,15,1,0,0,1,0.0,7.0,29.0,0.0,0.0,0.0,0.0,0,0,0,1,0,0,0,1,0,0,0,0,1,0,0.0,1,1,3,1,2,0,0,0,0,0,0.0,6,0.375
E0000020820251216153258193899525,76042197134,2025-12-16 15:33:26,fraud,1,0,0,0,1,0,0,3800.0,8.24301946898925,2,3800.0,0.0,11.6333,11.6333,1099.7618689083945,2,1,50,247.7097,682.0,621.0,0.0,0.0,614.0,1.0,0.0,0.6257463299861998,0.0,1.0,0.0,0.0,1.0982286634460547,61.0,0.0,0.0,0,0,1.1107491856677525,1,11.633333333333333,1,1,0,0,1,0.0,1,2,2,15,1,0,0,1,0.0,7.0,29.0,0.0,0.0,0.0,0.0,0,0,0,1,0,0,0,1,0,0,0,0,1,1,0.0,0,0,0,0,2,0,0,2,0,0,0.0,5,0.3125
E0000020820251216230215700678525,632964111,2025-12-16 23:02:28,normal,0,0,0,0,1,0,0,150.0,5.017279836814924,6,31.21,75.32972339433265,1291.2167,1291.2167,3253.1695553617656,3,1,41,241.4839,578.0,614.1666666666666,0.0,0.0,566.0,4.806151874399231,118.78999999999999,1.99124586207209,1.5769339730369571,1.0,0.0,0.0,0.9411126187245591,-36.16666666666663,0.0,0.0,0,0,1.0212014134275618,1,6.225,0,0,0,0,1,0.0,1,1,1,23,1,0,1,0,0.0,7.0,29.0,0.0,0.0,0.0,0.0,0,0,0,1,0,0,0,1,0,0,0,0,1,0,0.0,0,0,0,0,2,0,3,0,0,0,0.0,5,0.3125
E0000020820251217011918496801525,76569020153,2025-12-17 01:19:19,normal,0,0,1,0,0,0,0,50.0,3.9318256327243257,200,50.0,78.5970737992134,9.8667,14.6667,120.650550694033,33,1,51,9.7419,538.0,988.0050505050503,0.0,0.0,518.0,1.0,0.0,0.6361559989845372,0.0,0.6727280165272351,-4.800000000000001,-0.03978431903035975,0.5445316293929713,-450.00505050505035,0.0,0.0,0,0,1.0386100386100385,0,6.225,0,0,0,0,1,0.0,1,1,1,1,2,0,1,0,0.0,7.0,29.0,0.0,0.0,0.0,0.0,0,0,0,1,0,0,0,1,0,0,0,0,1,0,0.0,0,0,3,1,2,2,3,0,0,0,0.0,10,0.625
E0000020820251217014318925489525,99560828215,2025-12-17 01:43:20,normal,0,0,1,0,0,0,0,10.0,2.3978952727983707,4,18.5,88.27375992709649,413.0167,2726.5333,1936.0488840661767,2,1,22,13.0645,390.0,392.5,0.0,0.0,371.0,0.5405405405405406,-8.5,0.11328394766756052,-0.09629135551742644,0.15148052657196595,-2313.5166,-1.194968070817018,0.9936305732484076,-2.5,0.0,0.0,0,0,1.0512129380053907,0,6.225,0,0,1,0,1,0.0,1,1,1,1,2,0,1,0,0.0,7.0,29.0,0.0,0.0,0.0,0.0,0,0,0,1,0,0,0,1,0,0,0,0,1,0,0.0,0,0,3,1,2,2,3,0,0,0,0.0,10,0.625
E0000020820251217020622419206525,70007827148,2025-12-17 02:06:48,normal,0,0,0,0,0,1,0,50.0,3.9318256327243257,6,50.0,123.51430427282502,197.2667,130.35,162.4398254776919,8,1,33,75.6452,503.0,488.6666666666667,0.0,0.0,488.0,1.0,0.0,0.40481141268915155,0.0,1.513361718450326,66.91669999999999,0.41194762308575467,1.029331514324693,14.333333333333314,0.0,0.0,0,0,1.0307377049180328,0,6.225,0,0,0,0,1,0.0,1,1,1,2,2,0,1,0,0.0,7.0,29.0,26.0,26.0,0.0,0.0,0,0,0,1,0,0,0,1,0,0,0,0,1,0,0.0,0,0,1,0,2,0,3,0,3,0,0.0,9,0.5625
E0000020820251217132809069582525,89210638115,2025-12-17 13:28:35,normal,0,0,0,1,0,0,0,120.0,4.795790545596741,2,42.0,55.15432893255071,14056.05,14056.05,1099.7618689083945,2,1,46,9.7419,438.0,419.0,0.0,0.0,422.0,2.857142857142857,78.0,2.1757131728816845,1.414213562373095,1.0,0.0,0.0,1.045346062052506,19.0,0.0,0.0,0,0,1.037914691943128,0,6.225,0,0,0,0,1,0.0,1,1,1,13,2,0,0,1,0.0,7.0,29.0,0.0,0.0,0.0,0.0,0,0,0,1,0,0,0,1,0,0,0,0,1,0,0.0,0,0,3,1,2,1,0,0,0,0,0.0,6,0.375
E0000020820251217164457326699525,1723891193,2025-12-17 16:45:10,normal,0,0,0,0,1,0,0,7.0,2.0794415416798357,25,36.1,154.5778878990567,19.7167,106.7833,1108.0085505532722,12,1,38,149.129,652.0,737.44,0.0,0.0,641.0,0.19390581717451522,-29.1,0.045284614087696545,-0.1882546099931385,0.18464216782961382,-87.0666,-0.07857935749369824,0.8841397266218268,-85.44000000000005,0.0,0.0,0,0,1.0171606864274572,1,6.225,0,0,1,0,1,0.0,1,1,1,16,2,0,0,1,0.0,7.0,29.0,0.0,0.0,0.0,0.0,0,0,0,1,0,0,0,1,0,0,0,0,1,0,0.0,0,0,0,0,2,0,0,0,0,0,0.0,2,0.125
E0000020820251217170248545688525,72549432134,2025-12-17 17:04:06,fraud,1,0,1,0,0,0,0,6900.0,8.839421607620602,1,6900.0,245.14801780883462,0.0,141.85829999999999,1099.7618689083945,1,1,42,247.5161,683.0,683.0,0.0,0.0,667.0,1.0,0.0,0.6257463299861998,0.0,1.0,0.0,0.0,1.0,0.0,0.0,0.0,0,0,1.0239880059970015,1,6.225,0,0,0,0,1,0.0,1,1,1,17,2,0,0,1,0.0,7.0,29.0,79.0,79.0,0.0,0.0,0,0,0,1,0,0,0,1,0,0,0,0,1,0,0.0,0,0,0,0,2,2,0,0,5,0,0.0,9,0.5625
E0000020820251217190303618790525,47908670300,2025-12-17 19:03:32,fraud,1,1,0,0,1,0,0,843.49,6.738732894851517,1,843.49,245.14801780883462,0.0,141.85829999999999,1099.7618689083945,1,1,56,51.8065,971.0,971.0,0.0,0.0,697.0,1.0,0.0,0.6257463299861998,0.0,1.0,0.0,0.0,1.0,0.0,0.0,0.0,0,0,1.3931133428981348,1,6.225,0,0,0,0,1,0.0,1,1,1,19,2,0,0,0,0.0,7.0,29.0,0.0,0.0,0.0,0.0,0,0,0,1,0,0,0,1,0,0,0,0,1,0,0.0,0,0,2,0,2,0,0,0,0,0,0.0,4,0.25
E0000020820251217204845154192525,4501267143,2025-12-17 20:48:45,normal,0,0,1,0,0,0,0,5.48,1.8687205103641833,30,10.0,54.57772401045063,18.8333,218.8,656.5321103973852,7,1,21,9.3226,369.0,542.8333333333334,0.0,0.0,357.0,0.548,-4.52,0.1004072650400497,-0.08281767116442054,0.0860754113345521,-199.9667,-0.30458022819167874,0.6797666564322996,-173.83333333333337,0.0,0.0,0,0,1.0336134453781514,0,6.225,0,0,1,0,1,0.0,1,1,1,20,2,0,0,0,0.0,7.0,29.0,0.0,0.0,0.0,0.0,0,0,0,1,0,0,0,1,0,0,0,0,1,0,0.0,0,0,3,1,2,2,0,0,0,0,0.0,7,0.4375
E0000020820251217212901828980525,53843797153,2025-12-17 21:29:23,normal,0,0,0,0,1,0,0,152.0,5.030437921392435,32,30.0,121.31784227571592,266.4167,165.95,762.8991128649052,6,1,53,387.0323,1206.0,1335.40625,0.0,0.0,1194.0,5.066666666666666,122.0,1.2529072158615675,1.0056228969415213,1.605403434769509,100.4667,0.13169067614028113,0.9030959679872698,-129.40625,0.0,0.0,0,0,1.0100502512562815,1,6.225,0,0,0,0,1,0.0,1,1,1,21,2,0,0,0,0.0,7.0,29.0,0.0,0.0,0.0,0.0,0,0,0,1,0,0,0,1,0,0,0,0,1,0,0.0,0,0,0,0,2,0,0,0,0,0,0.0,2,0.125
E0000020820251217221024927224525,56131607168,2025-12-17 22:10:25,normal,0,0,1,0,0,0,0,7.3,2.1162555148025524,30,15.6,216.818237615655,128.7667,496.7,489.174539514218,7,1,54,363.0323,655.0,685.8333333333334,0.0,0.0,642.0,0.46794871794871795,-8.3,0.03366875443817793,-0.03828091258039408,0.25924441312663576,-367.93330000000003,-0.7521513698676583,0.9550425273390036,-30.83333333333337,0.0,0.0,0,0,1.0202492211838006,1,6.225,0,0,1,0,1,0.0,1,1,1,22,2,0,1,0,0.0,7.0,29.0,0.0,0.0,0.0,0.0,0,0,0,0,0,0,0,1,0,0,0,0,1,0,0.0,0,0,0,0,2,2,3,0,0,0,0.0,7,0.4375
E0000020820251217223309558536525,429163134,2025-12-17 22:40:06,fraud,1,0,0,0,0,1,0,200.0,5.303304908059076,1,200.0,245.14801780883462,0.0,141.85829999999999,1099.7618689083945,2,1,86,347.4839,530.0,530.0,0.0,0.0,514.0,1.0,0.0,0.6257463299861998,0.0,1.0,0.0,0.0,1.0,0.0,0.0,0.0,0,0,1.0311284046692606,0,6.225,0,0,0,0,1,0.0,1,1,1,22,2,0,1,0,0.0,7.0,29.0,26.0,26.0,0.0,0.0,0,0,0,0,0,0,0,1,0,0,0,0,1,0,0.0,3,1,0,0,2,0,3,0,3,0,0.0,11,0.6875
E0000020820251217230033021523525,429163134,2025-12-17 23:02:08,fraud,1,0,0,0,0,1,0,683.0,6.52795791762255,2,200.0,341.5325753131024,22.0333,22.0333,1099.7618689083945,2,1,86,347.4839,409.0,469.5,0.0,0.0,393.0,3.415,483.0,1.9998092403743768,1.4142135623730951,1.0,0.0,0.0,0.8711395101171459,-60.5,0.0,0.0,0,0,1.0407124681933841,0,22.033333333333335,1,1,0,1,0,1.0,0,1,1,23,2,0,1,0,0.0,7.0,29.0,26.0,26.0,0.0,0.0,0,0,0,0,0,0,0,1,0,0,0,0,1,1,0.0,3,1,0,0,0,0,3,2,3,0,0.0,12,0.75
E0000020820251217235623663254525,41684486149,2025-12-17 23:56:48,normal,0,0,1,0,0,0,0,31.9,3.493472657771326,1,31.9,245.14801780883462,0.0,141.85829999999999,1099.7618689083945,1,1,83,321.0645,447.0,447.0,0.0,0.0,428.0,1.0,0.0,0.6257463299861998,0.0,1.0,0.0,0.0,1.0,0.0,0.0,0.0,0,0,1.044392523364486,0,6.225,0,0,0,0,1,0.0,1,1,1,23,2,0,1,0,0.0,7.0,29.0,26.0,26.0,0.0,0.0,0,0,0,1,0,0,0,1,0,0,0,0,1,0,0.0,3,1,0,0,2,2,3,0,3,0,0.0,13,0.8125
E0000020820251218095736600115525,82857890125,2025-12-18 09:57:37,normal,0,0,1,0,0,0,0,39.85,3.709906821306012,9,20.0,44.21613817374829,3039.9667,1956.6,1665.369548143341,3,1,52,261.871,402.0,641.5555555555555,0.0,0.0,388.0,1.9925000000000002,19.85,0.9012546469664209,0.44893111022041293,1.5536986098333845,1083.3667,0.6505263058327238,0.6266020090058885,-239.55555555555554,0.0,0.0,0,0,1.0360824742268042,0,6.225,0,0,0,0,1,0.0,1,1,1,9,3,0,0,1,0.0,7.0,29.0,26.0,26.0,0.0,0.0,0,0,0,1,0,0,0,1,0,0,0,0,1,0,0.0,0,0,0,0,2,2,0,0,3,0,0.0,7,0.4375
E0000020820251218135130886783525,33997195153,2025-12-18 13:53:58,fraud,1,0,0,0,1,0,0,4500.0,8.412054873292933,1,4500.0,245.14801780883462,0.0,141.85829999999999,1099.7618689083945,1,1,71,396.0323,489.0,489.0,0.0,0.0,476.0,1.0,0.0,0.6257463299861998,0.0,1.0,0.0,0.0,1.0,0.0,0.0,0.0,0,0,1.0273109243697478,0,6.225,0,0,0,0,1,0.0,1,1,1,13,3,0,0,1,0.0,7.0,29.0,26.0,26.0,0.0,0.0,0,0,0,1,0,0,0,1,0,0,0,0,1,0,0.0,2,1,0,0,2,0,0,0,3,0,0.0,7,0.4375
E0000020820251218144253824774525,139042300,2025-12-18 14:42:54,normal,0,0,1,0,0,0,0,18.0,2.9444389791664403,50,16.99,94.6258883179396,81.75,214.7167,277.0033805798934,9,1,43,196.2581,618.0,646.08,0.0,0.0,602.0,1.0594467333725721,1.0100000000000016,0.19022278490554978,0.01067361181970031,0.380734241910387,-132.9667,-0.4800183294573537,0.9565378900445765,-28.08000000000004,0.0,0.0,0,0,1.026578073089701,1,6.225,0,0,1,0,1,0.0,1,1,1,14,3,0,0,1,0.0,7.0,29.0,26.0,26.0,0.0,0.0,0,0,0,1,0,0,0,1,0,0,0,0,1,0,0.0,0,0,0,0,2,2,0,0,3,0,0.0,7,0.4375
E0000020820251218152228433385525,47261749168,2025-12-18 15:22:28,normal,0,0,1,0,0,0,0,50.0,3.9318256327243257,6,30.0,13.151095771835896,2415.4667,884.4333,964.0350666944994,3,2,56,39.9355,491.0,481.6,0.0,0.0,477.0,1.6666666666666667,20.0,3.8019645562219178,1.520785822488767,2.731089727173321,1531.0333999999998,1.5881511501958476,1.0195182724252492,9.399999999999977,0.0,0.0,0,0,1.029350104821803,0,6.225,0,0,0,0,1,0.0,1,1,1,15,3,0,0,1,0.0,7.0,29.0,0.0,0.0,0.0,0.0,0,0,0,1,0,0,0,1,0,0,0,0,1,0,0.0,0,0,2,0,2,2,0,0,0,0,0.0,6,0.375
E0000020820251218155010046852525,48440558104,2025-12-18 15:51:17,fraud,1,0,0,0,1,0,0,1500.0,7.313886831633462,1,1500.0,245.14801780883462,0.0,141.85829999999999,1099.7618689083945,1,1,65,330.6129,376.0,376.0,0.0,0.0,361.0,1.0,0.0,0.6257463299861998,0.0,1.0,0.0,0.0,1.0,0.0,0.0,0.0,0,0,1.0415512465373962,0,6.225,0,0,0,0,1,0.0,1,1,1,15,3,0,0,1,0.0,7.0,29.0,20.0,20.0,0.0,0.0,0,0,0,1,0,0,0,1,0,0,0,0,1,0,0.0,1,1,0,0,2,0,0,0,3,0,0.0,6,0.375
E0000020820251218162759411942525,33910693172,2025-12-18 16:28:13,normal,0,0,0,0,1,0,0,100.0,4.61512051684126,5,100.0,123.7655104623255,2.0667,45.4167,4159.604253957908,2,1,61,490.2903,439.0,557.6,0.0,0.0,425.0,1.0,0.0,0.8079795382934265,0.0,0.045505287702541135,-43.35,-0.010421664502999776,0.7873027259684361,-118.60000000000002,0.0,0.0,0,0,1.0329411764705883,0,6.225,0,0,1,0,1,0.0,1,1,1,16,3,0,0,1,0.0,7.0,29.0,26.0,26.0,0.0,0.0,0,0,0,0,0,0,0,1,0,0,0,0,1,0,0.0,1,1,0,0,2,0,0,0,3,0,0.0,6,0.375
E0000020820251218200000769712525,72531991115,2025-12-18 20:00:17,normal,0,0,0,1,0,0,0,15.0,2.772588722239781,24,82.0,1006.8948879643274,216.4833,211.6333,854.6331453110205,7,1,40,199.2581,538.0,685.5833333333334,0.0,0.0,521.0,0.18292682926829268,-67.0,0.014897284889712764,-0.06654120584071702,1.0229169984118758,4.850000000000023,0.005674949569426069,0.7847331955755439,-147.58333333333337,0.0,0.0,0,0,1.0326295585412668,0,6.225,0,0,0,0,1,0.0,1,1,1,20,3,0,0,0,0.0,7.0,29.0,20.0,20.0,0.0,0.0,0,0,0,0,0,0,0,1,0,0,0,0,1,0,0.0,0,0,0,0,2,1,0,0,3,0,0.0,6,0.375
E0000020820251219095544053854525,78170702100,2025-12-19 09:56:51,normal,0,0,0,0,1,0,0,2301.77,7.741868025098243,9,50.0,1574.829453972715,3973.5667,1317.5333,1606.070215890623,3,1,48,317.7742,484.0,523.0,0.0,0.0,467.0,46.0354,2251.77,1.4615995365044014,1.4298500668244507,3.0159136774759316,2656.0334,1.6537467501239569,0.9254302103250478,-39.0,0.0,0.0,0,0,1.0364025695931478,0,6.225,0,0,0,0,1,0.0,1,1,1,9,4,0,0,1,0.0,7.0,29.0,26.0,26.0,0.0,0.0,0,0,0,1,0,0,0,1,0,0,0,0,1,0,0.0,0,0,0,0,2,0,0,0,3,0,0.0,5,0.3125
E0000020820251219103416317202525,429163134,2025-12-19 10:35:55,fraud,1,0,0,0,0,1,0,3086.0,8.034955024502159,3,683.0,1545.784266966125,2133.7833,22.0333,1493.2327451706915,2,1,86,347.4839,379.0,439.3333333333333,0.0,0.0,368.0,4.5183016105417275,2403.0,1.9963975995543162,1.5545506907741482,96.84356405985486,2111.75,1.4142135623730954,0.862670713201821,-60.333333333333314,0.0,0.0,0,0,1.0298913043478262,0,2133.7833333333333,0,0,0,2,0,2.0,0,1,1,10,4,0,0,1,0.0,7.0,29.0,26.0,26.0,0.0,0.0,0,0,0,0,0,0,0,1,0,0,0,0,1,0,0.0,3,1,0,0,0,0,0,0,3,0,0.0,6,0.375
E0000020820251219104945307906525,429163134,2025-12-19 10:50:42,fraud,1,0,0,0,0,1,0,50.0,3.9318256327243257,4,200.0,1413.5410323015035,14.7833,22.0333,1221.3177053903703,2,1,86,347.4839,437.0,438.75,0.0,0.0,377.0,0.25,-150.0,0.03537216031047281,-0.10611648093141841,0.6709526035591582,-7.25,-0.005936211329780632,0.996011396011396,-1.75,0.0,0.0,0,0,1.1591511936339522,0,14.783333333333333,1,1,0,3,0,3.0,0,1,1,10,4,0,0,1,0.0,7.0,29.0,26.0,26.0,0.0,0.0,0,0,0,0,0,0,0,1,0,0,0,0,1,1,0.0,3,1,0,0,0,0,0,2,3,0,0.0,9,0.5625
E0000020820251219115039102151525,62013939191,2025-12-19 11:51:04,normal,0,0,0,0,1,0,0,3023.0,8.014335737299424,1,3023.0,245.14801780883462,0.0,141.85829999999999,1099.7618689083945,1,1,50,135.5484,447.0,447.0,0.0,0.0,430.0,1.0,0.0,0.6257463299861998,0.0,1.0,0.0,0.0,1.0,0.0,0.0,0.0,0,0,1.0395348837209302,0,6.225,0,0,0,0,1,0.0,1,1,1,11,4,0,0,1,0.0,7.0,29.0,26.0,26.0,0.0,0.0,0,0,0,0,0,0,0,1,0,0,0,0,1,0,0.0,0,0,0,0,2,0,0,0,3,0,0.0,5,0.3125
E0000020820251219122526525257525,55318991149,2025-12-19 12:25:52,normal,0,0,0,0,1,0,0,200.0,5.303304908059076,25,49.8,105.5284374280222,859.3667,346.1,778.7381112813148,7,3,55,367.4516,1840.0,804.72,0.0,0.0,1826.0,4.016064257028113,150.2,1.8952237413390494,1.423313029745626,2.4830011557353364,513.2667,0.6591005275900582,2.286509593398946,1035.28,0.0,0.0,0,0,1.0076670317634173,1,6.225,0,0,0,0,1,0.0,1,1,1,12,4,0,0,1,0.0,7.0,29.0,26.0,26.0,0.0,0.0,0,0,0,1,0,0,0,1,0,0,0,0,1,0,0.0,0,0,0,0,2,0,0,0,3,0,0.0,5,0.3125
E0000020820251219125609955186525,19910789353,2025-12-19 12:56:56,normal,0,0,0,0,1,0,0,120.0,4.795790545596741,8,120.0,316.2244907837288,34.1333,1554.2333,1881.734190957223,6,1,63,422.5484,675.0,729.625,0.0,0.0,661.0,1.0,0.0,0.37947724954064355,0.0,0.021961503462832765,-1520.1000000000001,-0.8078186639244396,0.9251327736851123,-54.625,0.0,0.0,0,0,1.021180030257186,1,6.225,0,0,1,0,1,0.0,1,1,1,12,4,0,0,1,0.0,7.0,29.0,0.0,0.0,0.0,0.0,0,0,0,1,0,0,0,1,0,0,0,0,1,0,0.0,1,1,0,0,2,0,0,0,0,0,0.0,3,0.1875
E0000020820251219171013946870525,52473740100,2025-12-19 17:10:28,normal,0,0,0,0,1,0,0,50.0,3.9318256327243257,8,27.0,70.92997128707803,34.55,47.8167,374.9472224275901,7,1,55,370.9032,544.0,647.875,0.0,0.0,532.0,1.8518518518518519,23.0,0.7049206293575501,0.32426348950447303,0.7225509079463869,-13.2667,-0.035382846455308974,0.8396681458614702,-103.875,0.0,0.0,0,0,1.0225563909774436,1,6.225,0,0,0,0,1,0.0,1,1,1,17,4,0,0,1,0.0,7.0,29.0,0.0,0.0,0.0,0.0,0,0,0,1,0,0,0,1,0,0,0,0,1,0,0.0,0,0,0,0,2,0,0,0,0,0,0.0,2,0.125
E0000020820251219191458018707525,4101655650,2025-12-19 19:15:09,normal,0,0,0,1,0,0,0,273.0,5.6131281063880705,15,31.46,76.04474367107828,42.2167,123.35,1907.4397647259127,5,1,47,312.9032,726.0,869.5333333333333,0.0,0.0,712.0,8.677685950413222,241.54,3.5899917183076617,3.17628791076935,0.342251317389542,-81.13329999999999,-0.04253518328619847,0.8349306141225179,-143.5333333333333,0.0,0.0,0,0,1.0196629213483146,1,6.225,0,0,1,0,1,0.0,1,1,1,19,4,0,0,0,0.0,7.0,29.0,0.0,0.0,0.0,0.0,0,0,0,1,0,0,0,1,0,0,0,0,1,0,0.0,0,0,0,0,2,1,0,0,0,0,0.0,3,0.1875
E0000020820251219225214634216525,22609512104,2025-12-19 22:54:34,fraud,1,0,0,1,0,0,0,1492.6,7.308944592227513,1,1492.6,245.14801780883462,0.0,141.85829999999999,1099.7618689083945,1,1,66,399.4839,1880.0,1880.0,0.0,0.0,418.0,1.0,0.0,0.6257463299861998,0.0,1.0,0.0,0.0,1.0,0.0,0.0,0.0,0,0,4.497607655502392,0,6.225,0,0,0,0,1,0.0,1,1,1,22,4,0,1,0,0.0,7.0,29.0,20.0,20.0,0.0,0.0,0,0,0,1,0,0,0,1,0,0,0,0,1,0,0.0,2,1,0,0,2,1,3,0,3,0,0.0,11,0.6875
E0000020820251220132458765601525,3929563819,2025-12-20 13:25:28,normal,0,0,0,0,0,1,0,30.0,3.4339872044851463,10,50.0,301.11828609737773,1190.2,1190.2,847.1873150970835,2,1,63,42.5484,471.0,500.2,0.0,0.0,453.0,0.6,-20.0,0.09962862232251943,-0.06641908154834629,1.0,0.0,0.0,0.9416233506597361,-29.19999999999999,0.0,0.0,0,0,1.0397350993377483,0,6.225,0,0,0,0,1,0.0,1,1,1,13,5,1,0,1,0.0,7.0,29.0,26.0,26.0,0.0,0.0,0,0,0,1,0,0,0,1,0,0,0,0,1,0,0.0,1,1,2,0,2,0,0,0,3,0,0.0,8,0.5
E0000020820251220143104966215525,72226978100,2025-12-20 14:31:05,normal,0,0,1,0,0,0,0,20.0,3.044522437723423,9,16.0,24.787688028087203,1104.5833,802.15,2423.2407309010014,3,1,44,164.8065,473.0,712.2222222222222,0.0,0.0,461.0,1.25,4.0,0.8068521750531061,0.16137043501062123,1.3770283612790626,302.43330000000003,0.12480530561548885,0.6641185647425898,-239.22222222222217,0.0,0.0,0,0,1.0260303687635575,0,6.225,0,0,0,0,1,0.0,1,1,1,14,5,1,0,1,0.0,7.0,29.0,26.0,26.0,0.0,0.0,0,0,0,1,0,0,0,1,0,0,0,0,1,0,0.0,0,0,0,0,2,2,0,0,3,0,0.0,7,0.4375
E0000020820251220154139141259525,70403627168,2025-12-20 15:41:40,normal,0,0,1,0,0,0,0,11.0,2.4849066497880004,8,20.0,57.8207257545745,1168.6333,60.9,2014.6239597328013,3,1,46,272.8065,1539.0,767.25,0.0,0.0,1526.0,0.55,-9.0,0.19024320183545487,-0.1556535287744631,19.18938095238095,1107.7332999999999,0.5498461857601049,2.005865102639296,771.75,0.0,0.0,0,0,1.008519003931848,1,6.225,0,0,0,0,1,0.0,1,1,1,15,5,1,0,1,0.0,7.0,29.0,26.0,26.0,0.0,0.0,0,0,0,1,0,0,0,1,0,0,0,0,1,0,0.0,0,0,0,0,2,2,0,0,3,0,0.0,7,0.4375
E0000020820251220181751771759525,4036852493,2025-12-20 18:17:52,normal,0,0,1,0,0,0,0,32.9,3.5234150143864045,20,50.0,58.89470877850796,186.85,22.1333,180.27527274013744,17,1,47,6.7097,328.0,544.8,0.0,0.0,316.0,0.6579999999999999,-17.1,0.5586240374110818,-0.2903486638215653,8.442030786190944,164.7167,0.9136954696911498,0.6020558002936858,-216.79999999999995,0.0,0.0,0,0,1.0379746835443038,0,6.225,0,0,0,0,1,0.0,1,1,1,18,5,1,0,1,0.0,7.0,29.0,0.0,0.0,0.0,0.0,0,0,0,0,0,0,0,1,0,0,0,0,1,0,0.0,0,0,3,1,2,2,0,0,0,0,0.0,7,0.4375
E0000020820251220185633905585525,60648708187,2025-12-20 18:56:35,normal,0,0,1,0,0,0,0,124.96,4.835964396232824,25,100.0,448.9200357524712,6018.5333,132.1667,1565.6661508795034,5,1,50,211.7097,360.0,375.16,0.0,0.0,336.0,1.2496,24.959999999999994,0.2783569233895841,0.05560010249523062,45.537440974163694,5886.3666,3.7596562949856005,0.959590574688133,-15.160000000000025,0.0,0.0,0,0,1.0714285714285714,0,6.225,0,0,0,0,1,0.0,1,1,1,18,5,1,0,1,0.0,7.0,29.0,0.0,0.0,0.0,0.0,0,0,0,1,0,0,0,1,0,0,0,0,1,0,0.0,0,0,0,0,2,2,0,0,0,0,0.0,4,0.25
E0000020820251220195000892191525,56017146491,2025-12-20 19:50:01,normal,0,0,1,0,0,0,0,10.0,2.3978952727983707,152,5.0,180.3768652247045,12.7667,44.3833,235.50876764762103,26,2,59,6.871,30135.0,1546.34,0.0,0.0,16282.0,2.0,5.0,0.055439482150565704,0.027719741075282852,0.28764647964437073,-31.6166,-0.13424808051013284,19.487952196800187,28588.66,0.0,0.0,0,0,1.8508168529664661,1,6.225,0,0,1,0,1,0.0,1,1,1,19,5,1,0,0,0.0,7.0,29.0,26.0,-1.0,0.0,0.0,0,0,0,0,1,0,0,1,0,0,0,0,1,0,0.0,0,0,3,1,2,2,0,0,0,0,0.0,7,0.4375
E0000020820251220201907927463525,6816140133,2025-12-20 20:19:23,normal,0,0,0,1,0,0,0,9.0,2.302585092994046,84,9.0,28.696747208424757,10.2167,70.1667,409.0659885279363,16,2,29,49.4516,620.0,849.8690476190476,0.0,0.0,607.0,1.0,0.0,0.3136243956373491,0.0,0.1456061066004244,-59.95,-0.14655337202620022,0.729524156382636,-229.8690476190476,0.0,0.0,0,0,1.0214168039538716,1,6.225,0,0,1,0,1,0.0,1,1,1,20,5,1,0,0,0.0,7.0,29.0,26.0,26.0,0.0,0.0,0,0,0,1,0,0,0,1,0,0,0,0,1,0,0.0,0,0,2,0,2,1,0,0,3,0,0.0,8,0.5
E0000020820251220233421038772525,12159220191,2025-12-20 23:34:21,normal,0,0,1,0,0,0,0,9.93,2.391511302188447,50,20.0,191.1322607356444,49.0,215.85,406.5912081616539,6,1,74,144.9032,530.0,1223.54,0.0,0.0,502.0,0.4965,-10.07,0.051953552800456916,-0.05268602987921462,0.22700949733611306,-166.85,-0.4103630296247409,0.4331693283423509,-693.54,0.0,0.0,0,0,1.0557768924302788,0,6.225,0,0,1,0,1,0.0,1,1,1,23,5,1,1,0,0.0,7.0,29.0,0.0,0.0,0.0,0.0,0,0,0,1,0,0,0,1,0,0,0,0,1,0,0.0,2,1,0,0,2,2,3,0,0,0,0.0,9,0.5625
E0000020820251221015938796316525,81581483104,2025-12-21 01:59:39,normal,0,0,1,0,0,0,0,89.9,4.509760001183433,49,40.0,81.83596727839878,759.1667,181.2833,516.3882574021023,7,1,49,347.7742,637.0,1000.7551020408164,0.0,0.0,624.0,2.2475,49.900000000000006,1.0985389797394107,0.609756341368149,4.187736542748284,577.8833999999999,1.119087027476716,0.6365193629300324,-363.7551020408164,0.0,0.0,0,0,1.0208333333333333,1,6.225,0,0,0,0,1,0.0,1,1,1,1,6,1,1,0,0.0,7.0,29.0,26.0,26.0,0.0,0.0,0,0,0,1,0,0,0,1,0,0,0,0,1,0,0.0,0,0,0,0,2,2,3,0,3,0,0.0,10,0.625
E0000020820251221155818242909525,1985593483,2025-12-21 15:58:18,normal,0,0,1,0,0,0,0,10.95,2.4807312783775197,38,23.0,56.87814319202916,219.3667,221.3833,522.4498738280276,5,1,53,34.6129,578.0,625.9473684210526,0.0,0.0,557.0,0.4760869565217391,-12.05,0.19251683310109394,-0.21185642364092988,0.9908909118257792,-2.0165999999999826,-0.0038598918308166293,0.9234003195156816,-47.9473684210526,0.0,0.0,0,0,1.03770197486535,1,6.225,0,0,0,0,1,0.0,1,1,1,15,6,1,0,1,0.0,7.0,29.0,26.0,26.0,0.0,0.0,0,0,0,1,0,0,0,1,0,0,0,0,1,0,0.0,0,0,2,0,2,2,0,0,3,0,0.0,9,0.5625
E0000020820251221215041639157525,5709465577,2025-12-21 21:50:56,normal,0,0,0,0,0,1,0,200.0,5.303304908059076,38,153.25,216.98555464649928,2869.1833,100.7,753.6818519964372,8,1,39,40.6129,392.0,584.6842105263158,0.0,0.0,377.0,1.3050570962479608,46.75,0.9217203436690926,0.2154521303326504,28.4923862959285,2768.4833000000003,3.673278443240381,0.6704473850031506,-192.68421052631584,0.0,0.0,0,0,1.039787798408488,0,6.225,0,0,0,0,1,0.0,1,1,1,21,6,1,0,0,0.0,7.0,29.0,0.0,0.0,0.0,0.0,0,0,0,1,0,0,0,1,0,0,0,0,1,0,0.0,0,0,2,0,2,0,0,0,0,0,0.0,4,0.25
E0000020820251222015535339826525,10814797440,2025-12-22 01:56:43,normal,0,0,0,1,0,0,0,23.0,3.1780538303479458,16,20.0,18.70939914187519,834.1667,834.1667,1551.057493360959,6,1,33,12.0,391.0,524.1875,0.0,0.0,375.0,1.15,3.0,1.2293286291873282,0.16034721250269499,1.0,0.0,0.0,0.7459162990342196,-133.1875,0.0,0.0,0,0,1.0426666666666666,0,6.225,0,0,0,0,1,0.0,1,1,1,1,0,0,1,0,0.0,7.0,29.0,26.0,26.0,0.0,0.0,0,0,0,1,0,0,0,1,0,0,0,0,1,0,0.0,0,0,3,1,2,1,3,0,3,0,0.0,12,0.75
E0000020820251222131410092713525,6831873170,2025-12-22 13:14:25,normal,0,0,0,0,0,1,0,8.0,2.1972245773362196,18,10.0,10.4699035365833,234.6,631.7333,2013.8724427891484,5,1,25,57.5484,711.0,625.9444444444445,0.0,0.0,701.0,0.8,-2.0,0.7640949099527886,-0.19102372748819715,0.37135924289569666,-397.13329999999996,-0.1971988352201608,1.1358835537410135,85.05555555555554,0.0,0.0,0,0,1.014265335235378,1,6.225,0,0,1,0,1,0.0,1,1,1,13,0,0,0,1,0.0,7.0,29.0,0.0,0.0,0.0,0.0,0,0,0,1,0,0,0,1,0,0,0,0,1,0,0.0,0,0,2,0,2,0,0,0,0,0,0.0,4,0.25
E0000020820251222145847557774525,7366216445,2025-12-22 14:58:58,normal,0,0,0,0,1,0,0,5.0,1.791759469228055,55,26.2,183.63176290338052,8.1833,206.1833,582.7456972319897,9,1,32,14.7419,543.0,701.1636363636363,0.0,0.0,529.0,0.19083969465648856,-21.2,0.02722840493902351,-0.11544843694145968,0.03968944138540803,-198.0,-0.3397708484858648,0.7744269266673582,-158.16363636363633,0.0,0.0,0,0,1.0264650283553876,1,6.225,0,0,1,0,1,0.0,1,1,1,14,0,0,0,1,0.0,7.0,29.0,0.0,0.0,0.0,0.0,0,0,0,0,0,0,0,1,0,0,0,0,1,0,0.0,0,0,3,1,2,0,0,0,0,0,0.0,5,0.3125
E0000020820251222160500885269525,8169802172,2025-12-22 16:07:09,fraud,1,0,0,0,1,0,0,3948.05,8.281230322639768,1,3948.05,245.14801780883462,0.0,141.85829999999999,1099.7618689083945,2,1,77,444.4516,388.0,388.0,0.0,0.0,375.0,1.0,0.0,0.6257463299861998,0.0,1.0,0.0,0.0,1.0,0.0,0.0,0.0,0,0,1.0346666666666666,0,6.225,0,0,0,0,1,0.0,1,1,1,16,0,0,0,1,0.0,7.0,30.0,35.0,35.0,0.0,0.0,0,0,0,1,0,0,0,1,0,0,0,0,1,0,0.0,3,1,0,0,2,0,0,0,3,0,0.0,8,0.5
E0000020820251222161558896860525,8169802172,2025-12-22 16:18:04,fraud,1,0,0,0,1,0,0,2992.13,8.004074941590362,2,2992.13,675.9375142718445,10.9167,10.9167,1099.7618689083945,2,1,77,444.4516,456.0,422.0,0.0,0.0,442.0,1.0,0.0,4.426636984667555,0.0,1.0,0.0,0.0,1.080568720379147,34.0,0.0,0.0,0,0,1.0316742081447965,0,10.916666666666666,1,1,0,1,0,1.0,0,1,1,16,0,0,0,1,0.0,7.0,30.0,35.0,35.0,0.0,0.0,0,0,0,1,0,0,0,1,0,0,0,0,1,1,0.0,3,1,0,0,0,0,0,2,3,0,0.0,9,0.5625
E0000020820251222170031711916525,6865224191,2025-12-22 17:01:51,fraud,1,0,0,0,1,0,0,997.22,6.905973692899707,1,997.22,245.14801780883462,0.0,141.85829999999999,1099.7618689083945,5,1,79,438.7419,388.0,388.0,0.0,0.0,377.0,1.0,0.0,0.6257463299861998,0.0,1.0,0.0,0.0,1.0,0.0,0.0,0.0,0,0,1.0291777188328912,0,6.225,0,0,0,0,1,0.0,1,1,1,17,0,0,0,1,0.0,7.0,29.0,26.0,26.0,0.0,0.0,0,0,0,1,0,0,0,1,0,0,0,0,1,0,0.0,3,1,0,0,2,0,0,0,3,0,0.0,8,0.5
E0000020820251222170330157420525,6865224191,2025-12-22 17:04:17,fraud,1,0,0,0,1,0,0,997.23,6.9059837106812685,2,997.22,0.007071067811859,2.4333,2.4333,1099.7618689083945,5,1,79,438.7419,498.0,443.0,0.0,0.0,481.0,1.0000100278774995,0.009999999999990905,141029.6190806613,1.414213562373104,1.0,0.0,0.0,1.1241534988713318,55.0,0.0,0.0,0,0,1.0353430353430353,0,2.433333333333333,1,1,0,1,0,1.0,0,1,1,17,0,0,0,1,0.0,7.0,29.0,26.0,26.0,0.0,0.0,0,0,0,1,0,0,0,1,0,0,0,0,1,1,0.0,3,1,0,0,0,0,0,2,3,0,0.0,9,0.5625
E0000020820251222170548049913525,6865224191,2025-12-22 17:06:54,fraud,1,0,0,0,1,0,0,997.24,6.905993728362477,3,997.23,0.0099999999999909,2.6167,2.4333,0.1296833836696126,5,1,79,438.7419,353.0,413.0,0.0,0.0,334.0,1.0000100277769421,0.009999999999990905,99724.00000009075,1.0000000000000004,1.075370895491719,0.18339999999999979,1.4142135623730958,0.8547215496368039,-60.0,0.0,0.0,0,0,1.0568862275449102,0,2.6166666666666667,2,1,1,2,0,2.0,0,1,1,17,0,0,0,1,0.0,7.0,29.0,26.0,26.0,0.0,0.0,0,0,0,1,0,0,0,1,0,0,0,0,1,2,0.0,3,1,0,0,0,0,0,3,3,0,0.0,11,0.6875
E0000020820251222170744703388525,6865224191,2025-12-22 17:08:16,fraud,1,0,0,0,1,0,0,997.25,6.90600374594333,4,997.23,0.0129099444873463,1.3667,2.4333,0.6750026074023714,5,1,79,438.7419,417.0,414.0,0.0,0.0,396.0,1.0000200555538843,0.01999999999998181,77246.65284017727,1.5491933384829686,0.5616652282907985,-1.0666,-1.5801420443464984,1.0072463768115942,3.0,0.0,0.0,0,0,1.053030303030303,0,1.3666666666666667,3,1,1,3,0,3.0,0,1,1,17,0,0,0,1,0.0,7.0,29.0,26.0,26.0,0.0,0.0,0,0,0,1,0,0,0,1,0,0,0,0,1,2,0.0,3,1,0,0,0,0,0,4,3,0,0.0,12,0.75
E0000020820251222170913096380525,6865224191,2025-12-22 17:10:12,fraud,1,0,0,0,1,0,0,997.26,6.906013763423834,5,997.24,0.0158113883008275,1.9333,1.9333,0.560642655054596,5,1,79,438.7419,534.0,438.0,0.0,0.0,519.0,1.0000200553527736,0.01999999999998181,63072.26038764778,1.2649110640673529,1.0,0.0,0.0,1.2191780821917808,96.0,0.0,0.0,0,0,1.0289017341040463,0,1.9333333333333333,4,1,1,4,0,4.0,0,1,1,17,0,0,0,1,0.0,7.0,29.0,26.0,26.0,0.0,0.0,0,0,0,1,0,0,0,1,0,0,0,0,1,2,0.0,3,1,0,0,0,0,0,4,3,0,0.0,12,0.75
E0000020820251222174628682679525,53908481104,2025-12-22 17:47:02,normal,0,0,0,0,0,1,0,100.0,4.61512051684126,15,60.0,168.04247705636246,1112.75,431.0833,2051.1852523400294,5,2,55,378.2903,701.0,653.5714285714286,0.0,0.0,691.0,1.6666666666666667,40.0,0.5950876335062557,0.23803505340250228,2.5812876536854943,681.6667,0.3323281986462911,1.072568306010929,47.428571428571445,0.0,0.0,0,0,1.0144717800289436,1,6.225,0,0,0,0,1,0.0,1,1,1,17,0,0,0,1,0.0,7.0,29.0,0.0,0.0,0.0,0.0,0,0,0,1,0,0,0,1,0,0,0,0,1,0,0.0,0,0,0,0,2,0,0,0,0,0,0.0,2,0.125
E0000020820251222212656281396525,29720540168,2025-12-22 21:27:20,normal,0,0,0,0,1,0,0,13.0,2.6390573296152584,21,21.36,184.3528942363893,3135.1333,90.4333,1453.1648015033838,7,1,59,418.3871,553.0,819.3333333333334,0.0,0.0,537.0,0.6086142322097379,-8.36,0.07051692925054137,-0.04534780988727122,34.66790772867959,3044.7,2.0952200306875586,0.6749389747762408,-266.33333333333337,0.0,0.0,0,0,1.0297951582867784,1,6.225,0,0,0,0,1,0.0,1,1,1,21,0,0,0,0,0.0,7.0,29.0,26.0,26.0,0.0,0.0,0,0,0,1,0,0,0,1,0,0,0,0,1,0,0.0,0,0,0,0,2,0,0,0,3,0,0.0,5,0.3125
E0000020820251223084140704104525,3244476473,2025-12-23 08:42:46,normal,0,0,0,1,0,0,0,455.0,6.1224928095143865,41,36.98,136.29390508311397,531.0667,119.3667,469.14894143619273,7,1,47,13.2903,472.0,495.7560975609756,0.0,0.0,461.0,12.303948080043268,418.02,3.3383737865793375,3.0670483742107573,4.449035618811611,411.7,0.8775464754107174,0.9520810784217258,-23.756097560975604,0.0,0.0,0,0,1.0238611713665944,0,6.225,0,0,0,0,1,0.0,1,1,1,8,1,0,0,1,0.0,7.0,29.0,0.0,0.0,0.0,0.0,0,0,0,1,0,0,0,1,0,0,0,0,1,0,0.0,0,0,3,1,2,1,0,0,0,0,0.0,6,0.375
E0000020820251223143651788342525,2136755102,2025-12-23 14:37:06,normal,0,0,0,1,0,0,0,80.0,4.394449154672439,157,40.0,337.40100392565654,34.6333,20.85,332.46980796991664,33,1,38,97.2581,1197.0,1323.5128205128206,0.0,0.0,1185.0,2.0,40.0,0.237106585544207,0.1185532927721035,1.6610695443645083,13.783299999999997,0.0414572982857053,0.9044113373500978,-126.51282051282055,0.0,0.0,0,0,1.010126582278481,1,6.225,0,0,0,0,1,0.0,1,1,1,14,1,0,0,1,0.0,7.0,30.0,0.0,0.0,0.0,0.0,0,0,0,1,0,0,0,1,0,0,0,0,1,0,0.0,0,0,0,0,2,1,0,0,0,0,0.0,3,0.1875
E0000020820251223163436323809525,629835390,2025-12-23 16:34:51,normal,0,0,0,0,1,0,0,70.0,4.2626798770413155,52,20.0,300.5444137946962,1077.85,196.1167,745.5373357836154,9,1,43,128.2581,684.0,1433.78,0.0,0.0,668.0,3.5,50.0,0.23291066739912006,0.1663647624279429,5.495962353027559,881.7332999999999,1.1826816145609025,0.4770606369177977,-749.78,0.0,0.0,0,0,1.0239520958083832,1,6.225,0,0,0,0,1,0.0,1,1,1,16,1,0,0,1,0.0,7.0,29.0,0.0,0.0,0.0,0.0,0,0,0,1,0,0,0,1,0,0,0,0,1,0,0.0,0,0,0,0,2,0,0,0,0,0,0.0,2,0.125
E0000020820251223171728507117525,14987031191,2025-12-23 17:19:07,fraud,1,0,0,0,0,1,0,3500.0,8.160803920954665,1,3500.0,245.14801780883462,0.0,141.85829999999999,1099.7618689083945,1,1,70,406.5484,578.0,578.0,0.0,0.0,564.0,1.0,0.0,0.6257463299861998,0.0,1.0,0.0,0.0,1.0,0.0,0.0,0.0,0,0,1.024822695035461,1,6.225,0,0,0,0,1,0.0,1,1,1,17,1,0,0,1,0.0,7.0,30.0,20.0,20.0,0.0,0.0,0,0,0,1,0,0,0,1,0,0,0,0,1,0,0.0,2,1,0,0,2,0,0,0,3,0,0.0,7,0.4375
E0000020820251223181718988952542,5612891156,2025-12-23 18:17:19,normal,0,0,1,0,0,0,0,99.9,4.6141299273595635,6,99.9,93.172177535285,8.8333,1943.2333,3360.55284716762,3,0,29,127.3548,544.0,614.0,0.0,0.0,527.5,1.0,0.0,1.0722084923062696,0.0,0.004545671381815039,-1934.4,-0.5756195745085139,0.9903709889194305,-5.666666666666657,0.0,0.0,0,0,1.0292595226805754,0,6.225,0,0,1,0,1,0.0,1,1,1,18,1,0,0,1,0.0,7.0,30.0,26.0,-1.0,0.0,0.0,1,1,1,1,1,1,1,1,0,0,0,1,1,0,0.0,0,0,0,0,2,2,0,0,0,0,0.0,4,0.25
E0000020820251223224305308357525,61039128149,2025-12-23 22:43:06,fraud,1,0,1,0,0,0,0,1000.0,6.90875477931522,1,1000.0,245.14801780883462,0.0,141.85829999999999,1099.7618689083945,1,1,50,372.2903,2578.0,2578.0,0.0,0.0,2562.0,1.0,0.0,0.6257463299861998,0.0,1.0,0.0,0.0,1.0,0.0,0.0,0.0,0,0,1.0062451209992194,1,6.225,0,0,0,0,1,0.0,1,1,1,22,1,0,1,0,0.0,7.0,29.0,26.0,26.0,0.0,0.0,0,0,0,1,0,0,0,1,0,0,0,0,1,0,0.0,0,0,0,0,2,2,3,0,3,0,0.0,10,0.625
E0000020820251223230816922781525,56396155168,2025-12-23 23:08:17,normal,0,0,1,0,0,0,0,15.0,2.772588722239781,144,38.0,133.64162962469868,1421.9667,48.15,261.81273849115485,26,2,53,386.0323,1135.0,1096.6879432624114,0.0,0.0,1121.0,0.39473684210526316,-23.0,0.1122404750834302,-0.17210206179459298,29.532018691588785,1373.8166999999999,5.247325656946265,1.0349343283775132,38.31205673758859,0.0,0.0,0,0,1.0124888492417485,1,6.225,0,0,0,0,1,0.0,1,1,1,23,1,0,1,0,0.0,7.0,29.0,26.0,26.0,0.0,0.0,0,0,0,1,0,0,0,1,0,0,0,0,1,0,0.0,0,0,0,0,2,2,3,0,3,0,0.0,10,0.625
E0000020820251224131647193323525,69943630159,2025-12-24 13:17:50,fraud,1,0,0,0,1,0,0,189.9,5.251749730731702,1,189.9,245.14801780883462,0.0,141.85829999999999,1099.7618689083945,1,1,50,9.1935,346.0,346.0,0.0,0.0,331.0,1.0,0.0,0.6257463299861998,0.0,1.0,0.0,0.0,1.0,0.0,0.0,0.0,0,0,1.0453172205438066,0,6.225,0,0,0,0,1,0.0,1,1,1,13,2,0,0,1,0.0,7.0,30.0,60.0,60.0,0.0,0.0,0,0,0,1,0,0,0,1,0,0,0,0,1,0,0.0,0,0,3,1,2,0,0,0,5,0,0.0,10,0.625
E0000020820251224151348479491525,91994497149,2025-12-24 15:13:49,normal,0,0,0,1,0,0,0,14.97,2.770711962226921,6,28.0,18.802820710379244,4.0667,6.95,3224.587298418848,4,1,45,310.8387,332.0,881.0,0.0,0.0,318.0,0.5346428571428572,-13.03,0.7961571420896701,-0.6929811330279493,0.585136690647482,-2.8833,-0.0008941609369403037,0.376844494892168,-549.0,0.0,0.0,0,0,1.0440251572327044,0,6.225,0,0,0,0,1,0.0,1,1,1,15,2,0,0,1,0.0,7.0,30.0,0.0,0.0,0.0,0.0,0,0,0,0,0,0,0,1,0,0,0,0,1,0,0.0,0,0,0,0,2,1,0,0,0,0,0.0,3,0.1875
E0000020820251224185508220277525,72131381115,2025-12-24 18:55:24,normal,0,0,0,0,0,1,0,30.0,3.4339872044851463,15,60.0,103.31879790241464,379.9167,940.6833,2322.7493631989023,4,1,42,268.7097,638.0,875.0,0.0,0.0,625.0,0.5,-30.0,0.2903634247500171,-0.2903634247500171,0.4038731207410613,-560.7666,-0.24142363738621778,0.7291428571428571,-237.0,0.0,0.0,0,0,1.0208,1,6.225,0,0,1,0,1,0.0,1,1,1,18,2,0,0,1,0.0,7.0,29.0,0.0,0.0,0.0,0.0,0,0,0,1,0,0,0,1,0,0,0,0,1,0,0.0,0,0,0,0,2,0,0,0,0,0,0.0,2,0.125
E0000020820251224205615652226525,33056218187,2025-12-24 20:57:41,normal,0,0,0,0,0,1,0,175.0,5.170483995038151,26,30.0,104.32609379323011,21.0167,538.3,1509.7653105417382,6,1,64,9.0968,373.0,440.7307692307692,0.0,0.0,363.0,5.833333333333333,145.0,1.6774326885739876,1.3898727991041613,0.039042727103845445,-517.2832999999999,-0.3426249738208562,0.8463216685574657,-67.73076923076923,0.0,0.0,0,0,1.0275482093663912,0,6.225,0,0,1,0,1,0.0,1,1,1,20,2,0,0,0,0.0,7.0,30.0,26.0,26.0,0.0,0.0,0,0,0,1,0,0,0,1,0,0,0,0,1,0,0.0,1,1,3,1,2,0,0,0,3,0,0.0,9,0.5625
E0000020820251224205715207431525,85833046530,2025-12-24 20:57:16,normal,0,0,1,0,0,0,0,2.0,1.0986122886681098,30,11.0,15.353212734290103,2.0333,62.3333,1834.2996033108332,7,1,29,44.0,627.0,832.8333333333334,0.0,0.0,613.0,0.18181818181818182,-9.0,0.13026589513302117,-0.5861965280985953,0.03261980354000189,-60.300000000000004,-0.03287358286027051,0.752851711026616,-205.83333333333337,0.0,0.0,0,0,1.0228384991843393,1,6.225,0,0,1,0,1,0.0,1,1,1,20,2,0,0,0,0.0,7.0,29.0,22.0,22.0,0.0,0.0,0,0,0,1,0,0,0,1,0,0,0,0,1,0,0.0,0,0,2,0,2,2,0,0,3,0,0.0,9,0.5625
E0000020820251224212623154656525,52501302400,2025-12-24 21:27:32,normal,0,0,0,0,1,0,0,100.0,4.61512051684126,6,100.0,570.1666198577395,238.0833,1036.4,5419.372666845255,2,2,60,4.6774,368.0,361.5,0.0,0.0,350.0,1.0,0.0,0.17538732804973867,0.0,0.22972143959861055,-798.3167000000001,-0.14730795408921735,1.0179806362378976,6.5,0.0,0.0,0,0,1.0514285714285714,0,6.225,0,0,1,0,1,0.0,1,1,1,21,2,0,0,0,0.0,7.0,30.0,0.0,0.0,0.0,0.0,0,0,0,1,0,0,0,1,0,0,0,0,1,0,0.0,1,1,3,1,2,0,0,0,0,0,0.0,6,0.375
E0000020820251225103059719280525,6865224191,2025-12-25 10:31:00,fraud,1,0,0,0,0,0,1,48999.22,10.799580066878603,6,997.24,19596.726273885648,3920.8,2.4333,1752.5015741138125,5,1,79,438.7419,304.0,415.6666666666667,0.0,0.0,290.0,49.134832136697284,48001.98,2.5003778342965246,2.44948974278254,1611.3097439690955,3918.3667,2.235870573743365,0.731355252606255,-111.66666666666669,0.0,0.0,0,0,1.0482758620689656,0,3920.8,0,0,0,0,1,0.0,0,2,1,10,3,0,0,1,0.0,7.0,29.0,26.0,26.0,0.0,0.0,0,0,0,1,0,0,0,1,0,1,1,0,1,0,0.0,3,1,0,0,2,0,0,0,3,0,0.0,8,0.5
E0000020820251225104103123663525,6865224191,2025-12-25 10:41:03,fraud,1,0,0,0,0,0,1,999.88,6.908634892009145,7,997.25,18142.87679641307,10.05,2.4333,1599.160774244972,5,1,79,438.7419,314.0,401.1428571428572,0.0,0.0,299.0,1.0026372524442215,2.6299999999999955,0.05511143636259939,0.000144960472890383,4.130193564295402,7.616700000000001,0.0047629357364622395,0.7827635327635326,-87.14285714285722,0.0,0.0,0,0,1.0501672240802675,0,10.05,1,1,0,1,0,0.0,0,2,1,10,3,0,0,1,0.0,7.0,29.0,26.0,26.0,0.0,0.0,0,0,0,1,0,0,0,1,0,1,1,0,1,1,0.0,3,1,0,0,0,0,0,2,3,0,0.0,9,0.5625
E0000020820251225200215396691525,6289926101,2025-12-25 20:02:15,normal,0,0,0,1,0,0,0,103.5,4.6491870714048655,31,31.71,115.09959956116174,1218.9833,557.9333,1055.7814348914233,5,1,28,5.9032,340.0,588.6774193548387,0.0,0.0,327.0,3.2639545884578998,71.78999999999999,0.8992211996793444,0.6237206756036727,2.184819045574086,661.0500000000001,0.6261239098866922,0.5775658940215903,-248.67741935483866,0.0,0.0,0,0,1.039755351681957,0,6.225,0,0,0,0,1,0.0,1,1,1,20,3,0,0,0,0.0,7.0,29.0,26.0,26.0,0.0,0.0,0,0,0,0,0,0,0,1,0,0,0,0,1,0,0.0,0,0,3,1,2,1,0,0,3,0,0.0,9,0.5625
E0000020820251226011211011693525,18450695104,2025-12-26 01:12:12,normal,0,0,1,0,0,0,0,11.23,2.503891949699081,7,25.4,276.0286171585769,5730.8167,2927.9667,2695.1655298200008,1,1,69,512.7742,455.0,483.7142857142857,0.0,0.0,440.0,0.44212598425196853,-14.169999999999998,0.040684187442595596,-0.05133525699568829,1.957268400627644,2802.8500000000004,1.039954677732611,0.9406379208505611,-28.714285714285722,0.0,0.0,0,0,1.0340909090909092,0,6.225,0,0,0,0,1,0.0,1,1,1,1,4,0,1,0,0.0,7.0,30.0,26.0,26.0,0.0,0.0,0,0,0,0,0,0,0,1,0,0,0,0,1,0,0.0,2,1,0,0,2,2,3,0,3,0,0.0,12,0.75
E0000020820251226102750969586525,6865224191,2025-12-26 10:27:51,fraud,1,0,0,0,0,0,1,6099.22,8.716080115084827,8,997.25,16808.50728634759,1426.8,2.6167,1488.574708144857,5,1,79,438.7419,2416.0,653.0,0.0,0.0,331.0,6.116039107545751,5101.97,0.36286505970425953,0.303534984581527,545.266939274659,1424.1833,0.9567429113281758,3.699846860643185,1763.0,0.0,0.0,0,0,7.2990936555891235,0,1426.8,0,0,0,2,0,0.0,0,2,1,10,4,0,0,1,0.0,7.0,29.0,26.0,26.0,0.0,0.0,0,0,0,1,0,0,0,1,0,1,1,0,1,0,0.0,3,1,0,0,0,0,0,0,3,0,0.0,6,0.375
E0000020820251226121559832431525,6865224191,2025-12-26 12:16:00,fraud,1,0,0,0,0,0,1,32999.22,10.404269507093062,9,997.26,17851.880053096258,108.15,2.6167,1397.6744409795797,5,1,79,438.7419,329.0,617.0,0.0,0.0,317.0,33.0898862884303,32001.960000000003,1.8485011047492763,1.7926380809650093,41.33068368555815,105.53330000000001,0.07550635320056044,0.5332252836304701,-288.0,0.0,0.0,0,0,1.0378548895899053,0,108.15,0,0,0,3,0,0.0,0,2,1,12,4,0,0,1,0.0,7.0,29.0,26.0,26.0,0.0,0.0,0,0,0,1,0,0,0,1,0,1,1,0,1,0,0.0,3,1,0,0,0,0,0,0,3,0,0.0,6,0.375
E0000020820251226121724170485525,4349332103,2025-12-26 12:17:24,normal,0,0,0,0,1,0,0,17.16,2.8992213731731473,16,59.9,312.88149452508367,1295.4667,112.3333,471.5774570456492,8,1,31,136.7419,494.0,625.875,0.0,0.0,481.0,0.2864774624373957,-42.739999999999995,0.054845046128556785,-0.13660123959991355,11.532347932447458,1183.1334,2.50888455824866,0.7892949870181746,-131.875,0.0,0.0,0,0,1.027027027027027,0,6.225,0,0,0,0,1,0.0,1,1,1,12,4,0,0,1,0.0,7.0,30.0,26.0,26.0,0.0,0.0,0,0,0,1,0,0,0,1,0,0,0,0,1,0,0.0,0,0,0,0,2,0,0,0,3,0,0.0,5,0.3125
E0000020820251226131523556277525,28694341115,2025-12-26 13:15:40,normal,0,0,0,0,0,1,0,50.0,3.9318256327243257,7,43.0,58.56335600583924,878.0333,1753.05,4449.238576948544,2,1,63,400.3548,506.0,517.0,0.0,0.0,493.0,1.1627906976744187,7.0,0.8537762076854782,0.11952866907596695,0.5008603861840792,-875.0166999999999,-0.196666617190063,0.9787234042553191,-11.0,0.0,0.0,0,0,1.026369168356998,0,6.225,0,0,0,0,1,0.0,1,1,1,13,4,0,0,1,0.0,7.0,29.0,0.0,0.0,0.0,0.0,0,0,0,0,0,0,0,1,0,0,0,0,1,0,0.0,1,1,0,0,2,0,0,0,0,0,0.0,3,0.1875
E0000020820251226164414593313525,34276408172,2025-12-26 16:44:15,normal,0,0,1,0,0,0,0,5.0,1.791759469228055,41,35.22,71.36667825563904,32.3667,222.45,698.5252296783664,6,1,60,439.5806,619.0,663.5121951219512,0.0,0.0,606.0,0.1419647927314026,-30.22,0.07006070791314888,-0.4234469186270718,0.14550101146325017,-190.08329999999998,-0.27212087971041965,0.93291427731216,-44.51219512195121,0.0,0.0,0,0,1.0214521452145215,1,6.225,0,0,1,0,1,0.0,1,1,1,16,4,0,0,1,0.0,7.0,30.0,0.0,0.0,0.0,0.0,0,0,0,1,0,0,0,1,0,0,0,0,1,0,0.0,1,1,0,0,2,2,0,0,0,0,0.0,5,0.3125
E0000020820251226205345846975525,53973178100,2025-12-26 20:53:46,normal,0,0,1,0,0,0,0,30.0,3.4339872044851463,440,28.0,44.72638033530231,7.2167,16.3667,141.37876656333265,38,2,55,410.871,1031.0,2694.107551487414,0.0,0.0,1024.0,1.0714285714285714,2.0,0.6707450899245059,0.044716339328300395,0.4409380021629284,-9.150000000000002,-0.06471976112410861,0.3826870235491474,-1663.1075514874142,0.0,0.0,0,0,1.0068359375,1,6.225,0,0,1,0,1,0.0,1,1,1,20,4,0,0,0,0.0,7.0,30.0,26.0,26.0,0.0,0.0,0,0,0,1,0,0,0,1,0,0,0,0,1,0,0.0,0,0,0,0,2,2,0,0,3,0,0.0,7,0.4375
E0000020820251226224815066175525,4732918190,2025-12-26 22:48:24,normal,0,0,0,0,0,1,0,250.0,5.5254529391317835,19,34.0,256.4491582810148,13.05,92.1833,3146.638185510312,5,1,32,196.5161,444.0,611.7894736842105,0.0,0.0,430.0,7.352941176470588,216.0,0.9748520980757214,0.8422722127374233,0.141565771674479,-79.1333,-0.025148522116204605,0.725739848589126,-167.78947368421052,0.0,0.0,0,0,1.0325581395348837,0,6.225,0,0,1,0,1,0.0,1,1,1,22,4,0,1,0,0.0,7.0,29.0,0.0,0.0,0.0,0.0,0,0,0,1,0,0,0,1,0,0,0,0,1,0,0.0,0,0,0,0,2,0,3,0,0,0,0.0,5,0.3125
E0000020820251226234554127155525,73749648115,2025-12-26 23:45:54,normal,0,0,1,0,0,0,0,57.48,4.068684815441523,27,100.0,685.7861992086682,246.8,282.85,1502.9407313086858,4,2,36,31.6774,560.0,674.925925925926,0.0,0.0,547.0,0.5748,-42.52,0.08381620987171574,-0.062001830962862804,0.87254728654764,-36.05000000000001,-0.02398630847445958,0.8297206826537891,-114.92592592592598,0.0,0.0,0,0,1.023765996343693,1,6.225,0,0,0,0,1,0.0,1,1,1,23,4,0,1,0,0.0,7.0,30.0,0.0,0.0,0.0,0.0,0,0,0,1,0,0,0,1,0,0,0,0,1,0,0.0,0,0,2,0,2,2,3,0,0,0,0.0,9,0.5625
E0000020820251227011326654946525,83717560115,2025-12-27 01:13:27,normal,0,0,1,0,0,0,0,462.8,6.139453424821431,25,250.0,714.5982294074995,509.8833,247.9,1297.4352365098266,7,1,44,314.9355,555.0,647.6,0.0,0.0,542.0,1.8512,212.8,0.647636645256909,0.2977897106972131,2.056810407422348,261.9833,0.2019239902137618,0.8570105003088326,-92.60000000000002,0.0,0.0,0,0,1.0239852398523985,1,6.225,0,0,0,0,1,0.0,1,1,1,1,5,1,1,0,0.0,7.0,30.0,0.0,0.0,0.0,0.0,0,0,0,1,0,0,0,1,0,0,0,0,1,0,0.0,0,0,0,0,2,2,3,0,0,0,0.0,7,0.4375
E0000020820251227113800540407525,6865224191,2025-12-27 11:38:01,fraud,1,0,0,0,0,0,1,2999.99,8.006697513212222,10,997.26,16995.161536473355,1402.0167,10.05,1329.1152501277304,5,1,79,438.7419,323.0,587.6,0.0,0.0,299.0,3.008232557206746,2002.7299999999998,0.1765202403967573,0.11784118648722086,139.50414925373133,1391.9667,1.0472881865332817,0.5496936691626957,-264.6,0.0,0.0,0,0,1.080267558528428,0,1402.0166666666667,0,0,0,4,0,0.0,0,2,1,11,5,1,0,1,0.0,7.0,30.0,26.0,26.0,0.0,0.0,0,0,0,1,0,0,0,1,0,1,1,0,1,0,0.0,3,1,0,0,0,0,0,0,3,0,0.0,6,0.375
E0000020820251227145420907415525,6006004402,2025-12-27 14:54:36,normal,0,0,0,0,1,0,0,80.0,4.394449154672439,101,80.0,1293.7205711177537,1418.85,117.6,343.6404227708949,14,1,39,20.0645,718.0,1044.88,0.0,0.0,706.0,1.0,0.0,0.061837155399702186,0.0,12.065051020408163,1301.25,3.786661620037476,0.6871602480667636,-326.8800000000001,0.0,0.0,0,0,1.0169971671388103,1,6.225,0,0,0,0,1,0.0,1,1,1,14,5,1,0,1,0.0,7.0,30.0,0.0,0.0,0.0,0.0,0,0,0,0,0,0,0,1,0,0,0,0,1,0,0.0,0,0,3,1,2,0,0,0,0,0,0.0,5,0.3125
E0000020820251227145644057691525,22540369120,2025-12-27 14:57:04,fraud,1,0,0,0,0,1,0,2525.63,7.834641677989659,1,2525.63,245.14801780883462,0.0,141.85829999999999,1099.7618689083945,1,1,64,506.8387,662.0,662.0,0.0,0.0,649.0,1.0,0.0,0.6257463299861998,0.0,1.0,0.0,0.0,1.0,0.0,0.0,0.0,0,0,1.0200308166409862,1,6.225,0,0,0,0,1,0.0,1,1,1,14,5,1,0,1,0.0,7.0,30.0,26.0,26.0,0.0,0.0,0,0,0,1,0,0,0,1,0,0,0,0,1,0,0.0,1,1,0,0,2,0,0,0,3,0,0.0,6,0.375
E0000020820251227152425212701525,39309380144,2025-12-27 15:24:25,normal,0,0,1,0,0,0,0,34.89,3.580458705159516,4,100.0,1203.545924646556,25.2333,93.6333,410.77714999696616,4,1,68,248.4839,445.0,612.75,0.0,0.0,430.0,0.3489,-65.11,0.028989338325619864,-0.054098475734626235,0.2694906619760277,-68.4,-0.16651364371291144,0.7262341901264789,-167.75,0.0,0.0,0,0,1.0348837209302326,0,6.225,0,0,1,0,1,0.0,1,1,1,15,5,1,0,1,0.0,7.0,30.0,26.0,26.0,0.0,0.0,0,0,0,1,0,0,0,1,0,0,0,0,1,0,0.0,2,1,0,0,2,2,0,0,3,0,0.0,9,0.5625
E0000020820251227155702814410525,84786817104,2025-12-27 15:57:03,normal,0,0,0,0,0,1,0,100.0,4.61512051684126,23,49.99,204.8386203250741,1434.3667,270.3333,2201.4269859792703,5,1,48,9.129,423.0,422.82608695652175,0.0,0.0,409.0,2.000400080016003,50.01,0.488189189330129,0.2441434135839975,5.305919396537534,1164.0334,0.5287631192920069,1.0004113110539845,0.17391304347825098,0.0,0.0,0,0,1.0342298288508558,0,6.225,0,0,0,0,1,0.0,1,1,1,15,5,1,0,1,0.0,7.0,30.0,0.0,0.0,0.0,0.0,0,0,0,1,0,0,0,1,0,0,0,0,1,0,0.0,0,0,3,1,2,0,0,0,0,0,0.0,5,0.3125
E0000020820251227162456397256525,4370596181,2025-12-27 16:25:09,normal,0,0,0,1,0,0,0,5.0,1.791759469228055,35,30.0,128.20051945843184,4422.7,221.85,1046.1397582276488,5,1,35,63.9032,529.0,569.7428571428571,0.0,0.0,517.0,0.16666666666666666,-25.0,0.03900140203114556,-0.19500701015572783,19.935542032905115,4200.849999999999,4.015572457658052,0.9284890426758939,-40.74285714285713,0.0,0.0,0,0,1.02321083172147,0,6.225,0,0,0,0,1,0.0,1,1,1,16,5,1,0,1,0.0,7.0,30.0,0.0,0.0,0.0,0.0,0,0,0,1,0,0,0,1,0,0,0,0,1,0,0.0,0,0,1,0,2,1,0,0,0,0,0.0,4,0.25
E0000020820251227163152368640525,99719851104,2025-12-27 16:31:53,fraud,1,0,0,0,1,0,0,14999.0,9.615805480084347,1,14999.0,245.14801780883462,0.0,141.85829999999999,1099.7618689083945,2,1,37,155.9032,436.0,436.0,0.0,0.0,419.0,1.0,0.0,0.6257463299861998,0.0,1.0,0.0,0.0,1.0,0.0,0.0,0.0,0,0,1.0405727923627686,0,6.225,0,0,0,0,1,0.0,1,1,1,16,5,1,0,1,0.0,7.0,30.0,26.0,26.0,0.0,0.0,0,0,0,0,0,0,0,1,0,0,0,0,1,0,0.0,0,0,0,0,2,0,0,0,3,0,0.0,5,0.3125
E0000020820251227163502089512525,99719851104,2025-12-27 16:35:03,fraud,1,0,0,0,1,0,0,5001.0,8.517593111437565,2,5001.0,7069.653598303102,3.1667,3.1667,1099.7618689083945,2,1,37,155.9032,354.0,395.0,0.0,0.0,338.0,1.0,0.0,0.7073896804788806,0.0,1.0,0.0,0.0,0.8962025316455696,-41.0,0.0,0.0,0,0,1.047337278106509,0,3.1666666666666665,1,1,0,1,0,1.0,0,1,1,16,5,1,0,1,0.0,7.0,30.0,26.0,26.0,0.0,0.0,0,0,0,0,0,0,0,1,0,0,0,0,1,1,0.0,0,0,0,0,0,0,0,2,3,0,0.0,6,0.375
E0000020820251227231817182381525,15404960159,2025-12-27 23:18:27,normal,0,0,0,0,1,0,0,0.1,0.09531017980432487,16,33.95,106.71691637028935,67.45,455.7833,3474.448567848268,4,1,69,330.5161,366.0,521.4375,0.0,0.0,353.0,0.0029455081001472753,-33.85,0.0009370585601725709,-0.31719432261841524,0.14798699294160186,-388.3333,-0.11176832594200567,0.70190578928443,-155.4375,0.0,0.0,0,0,1.0368271954674222,0,6.225,0,0,1,0,1,0.0,1,1,1,23,5,1,1,0,0.0,7.0,29.0,0.0,0.0,0.0,0.0,0,0,0,1,0,0,0,1,0,0,0,0,1,0,0.0,2,1,0,0,2,0,3,0,0,0,0.0,7,0.4375
E0000020820251228124453346661525,5636174110,2025-12-28 12:44:54,normal,0,0,1,0,0,0,0,83.03,4.431173877940127,45,44.98,72.93417407484503,127.3667,194.8167,1017.3360248947052,5,1,28,73.0323,483.0,569.2666666666667,0.0,0.0,467.0,1.8459315251222768,38.050000000000004,1.1384238054823879,0.5217033096303128,0.653777114590279,-67.45,-0.06630061095789969,0.848460007026584,-86.26666666666665,0.0,0.0,0,0,1.0342612419700214,0,6.225,0,0,0,0,1,0.0,1,1,1,12,6,1,0,1,0.0,7.0,30.0,0.0,0.0,0.0,0.0,0,0,0,0,0,0,0,1,0,0,0,0,1,0,0.0,0,0,1,0,2,2,0,0,0,0,0.0,5,0.3125
E0000020820251228153253553496525,27209616802,2025-12-28 15:32:53,normal,0,0,0,1,0,0,0,108.72,4.697931666069403,145,100.79,997.2725002882648,320.3667,77.5667,280.55567392975547,12,2,47,252.7419,1008.0,1169.2777777777778,0.0,0.0,997.0,1.0786784403214604,7.929999999999993,0.1090173447764519,0.007951688227347892,4.13020922638194,242.79999999999998,0.865425377427196,0.8620706038865397,-161.27777777777783,0.0,0.0,0,0,1.0110330992978938,1,6.225,0,0,0,0,1,0.0,1,1,1,15,6,1,0,1,0.0,7.0,30.0,0.0,0.0,0.0,0.0,0,0,0,1,0,0,0,1,0,0,0,0,1,0,0.0,0,0,0,0,2,1,0,0,0,0,0.0,3,0.1875
E0000020820251228162004068632525,5694069196,2025-12-28 16:20:05,normal,0,0,1,0,0,0,0,4.99,1.7900914121273581,86,49.73,149.0568500343916,1304.0,117.3,545.7748938819728,11,1,14,19.6452,565.0,688.5,0.0,0.0,550.0,0.10034184596822844,-44.739999999999995,0.03347715988127126,-0.3001539344865883,11.116794543904518,1186.7,2.1743396651305678,0.8206245461147422,-123.5,0.0,0.0,0,0,1.0272727272727273,1,6.225,0,0,0,0,1,0.0,1,1,1,16,6,1,0,1,0.0,7.0,30.0,0.0,0.0,0.0,0.0,0,0,0,1,0,0,0,1,0,0,0,0,1,0,0.0,0,0,3,1,2,2,0,0,0,0,0.0,7,0.4375
E0000020820251228162559431337525,21813868115,2025-12-28 16:26:17,normal,0,0,1,0,0,0,0,179.55,5.196007747723467,20,200.0,1850.532924199419,884.1333,412.4,1981.1613978413795,4,1,69,402.3548,716.0,772.45,0.0,0.0,701.0,0.89775,-20.44999999999999,0.09702610402226551,-0.011050870661405338,2.1438731813773035,471.7333,0.2381094748332912,0.926920836300084,-56.450000000000045,0.0,0.0,0,0,1.0213980028530671,1,6.225,0,0,0,0,1,0.0,1,1,1,16,6,1,0,1,0.0,7.0,30.0,0.0,0.0,0.0,0.0,0,0,0,0,0,0,0,1,0,0,0,0,1,0,0.0,2,1,0,0,2,2,0,0,0,0,0.0,6,0.375
E0000020820251228170632596789525,1608299414,2025-12-28 17:06:33,normal,0,0,1,0,0,0,0,20.0,3.044522437723423,194,10.0,54.71751678402926,16.2667,27.35,313.3709364926331,17,1,35,54.3548,1073.0,1406.1813471502592,0.0,0.0,1055.0,2.0,10.0,0.3655136631828571,0.18275683159142855,0.5947605118829982,-11.083300000000001,-0.03536798952719903,0.7630594746364128,-333.18134715025917,0.0,0.0,0,0,1.0170616113744075,1,6.225,0,0,0,0,1,0.0,1,1,1,17,6,1,0,1,0.0,7.0,30.0,0.0,0.0,0.0,0.0,0,0,0,1,0,0,0,1,0,0,0,0,1,0,0.0,0,0,2,0,2,2,0,0,0,0,0.0,6,0.375
E0000020820251228204022499375525,74677454191,2025-12-28 20:40:23,normal,0,0,1,0,0,0,0,20.0,3.044522437723423,23,20.0,5.08854405821656,25.9833,349.2,997.082655085376,5,1,51,209.5161,431.0,397.2173913043478,0.0,0.0,408.0,1.0,0.0,3.9303973339300566,0.0,0.07440807560137458,-323.2167,-0.32416239351021936,1.0850481611208407,33.782608695652186,0.0,0.0,0,0,1.0563725490196079,0,6.225,0,0,1,0,1,0.0,1,1,1,20,6,1,0,0,0.0,7.0,30.0,0.0,0.0,0.0,0.0,0,0,0,1,0,0,0,1,0,0,0,0,1,0,0.0,0,0,0,0,2,2,0,0,0,0,0.0,4,0.25
E0000020820251228225207140105525,29097380359,2025-12-28 22:52:24,normal,0,0,0,0,1,0,0,40.0,3.713572066704308,9,51.98,33.88640287785057,432.3333,980.3333,3670.0057530567415,3,1,64,9.3548,348.0,459.8888888888889,0.0,0.0,336.0,0.7695267410542517,-11.979999999999997,1.1804144613456597,-0.353534131173025,0.44100644138070183,-548.0,-0.14931856701956714,0.7567045179995168,-111.88888888888891,0.0,0.0,0,0,1.0357142857142858,0,6.225,0,0,1,0,1,0.0,1,1,1,22,6,1,1,0,0.0,7.0,30.0,0.0,0.0,0.0,0.0,0,0,0,1,0,0,0,1,0,0,0,0,1,0,0.0,1,1,3,1,2,0,3,0,0,0,0.0,9,0.5625
E0000020820251229113555579908525,2454524511,2025-12-29 11:36:07,normal,0,0,0,0,1,0,0,30.0,3.4339872044851463,57,48.0,399.78163110039,654.5,58.1,1206.7566039957233,11,2,40,16.7419,540.0,606.625,0.0,0.0,524.0,0.625,-18.0,0.07504096653321883,-0.0450245799199313,11.265060240963855,596.4,0.4942173078027867,0.8901710282299609,-66.625,0.0,0.0,0,0,1.0305343511450382,0,6.225,0,0,0,0,1,0.0,1,1,1,11,0,0,0,1,0.0,7.0,30.0,26.0,26.0,0.0,0.0,0,0,0,0,0,0,0,1,0,0,0,0,1,0,0.0,0,0,3,1,2,0,0,0,3,0,0.0,8,0.5
E0000020820251229131643459598525,58943773153,2025-12-29 13:16:57,normal,0,0,0,0,0,1,0,35.0,3.58351893845611,32,118.0,554.5378847292583,9.35,114.8833,3664.6117090052894,13,1,54,9.0968,444.0,498.3125,0.0,0.0,426.0,0.2966101694915254,-83.0,0.06311561565732886,-0.14967417427309415,0.08138693787521771,-105.53330000000001,-0.028797948699630618,0.891007149128308,-54.3125,0.0,0.0,0,0,1.0422535211267605,0,6.225,0,0,1,0,1,0.0,1,1,1,13,0,0,0,1,0.0,7.0,30.0,0.0,0.0,0.0,0.0,0,0,0,1,0,0,0,1,0,0,0,0,1,0,0.0,0,0,3,1,2,0,0,0,0,0,0.0,5,0.3125
E0000020820251229142825517981525,99719851104,2025-12-29 14:29:25,fraud,1,0,0,0,1,0,0,8709.0,9.072227069846548,3,8709.0,5054.261700123306,2754.3667,3.1667,1945.3921764004292,2,1,37,155.9032,457.0,415.6666666666667,0.0,0.0,443.0,1.0,0.0,1.7231003293295106,0.0,869.790854833107,2751.2,1.4142135623730951,1.09943865276664,41.333333333333314,0.0,0.0,0,0,1.0316027088036117,0,2754.366666666667,0,0,0,0,1,0.0,1,2,2,14,0,0,0,1,0.0,7.0,30.0,0.0,0.0,0.0,0.0,0,0,0,0,0,0,0,1,0,0,0,0,1,0,0.0,0,0,0,0,2,0,0,0,0,0,0.0,2,0.125
E0000020820251229163914878968525,71308509146,2025-12-29 16:39:38,normal,0,0,0,0,0,1,0,11.0,2.4849066497880004,15,40.0,35.527889782267565,7189.6,97.9833,2797.9941436926965,9,1,18,23.9677,399.0,557.3333333333334,0.0,0.0,380.0,0.275,-29.0,0.3096159121021098,-0.8162601319055622,73.37576913616913,7091.6167000000005,2.534535933888957,0.7159090909090908,-158.33333333333337,0.0,0.0,0,0,1.05,0,6.225,0,0,0,0,1,0.0,1,1,1,16,0,0,0,1,0.0,7.0,30.0,26.0,26.0,0.0,0.0,0,0,0,1,0,0,0,1,0,0,0,0,1,0,0.0,0,0,3,1,2,0,0,0,3,0,0.0,8,0.5
E0000020820251229175559572189525,94114218149,2025-12-29 17:56:01,normal,0,0,1,0,0,0,0,67.99,4.233961566558017,237,50.0,1318.5529749646405,92.7333,19.5167,466.3083537900719,33,1,43,25.4839,998.0,1034.3164556962026,0.0,0.0,980.0,1.3598,17.989999999999995,0.05156410192910397,0.013643744575740259,4.751484625986976,73.2166,0.15701327116468836,0.9648884483117327,-36.31645569620264,0.0,0.0,0,0,1.0183673469387755,1,6.225,0,0,0,0,1,0.0,1,1,1,17,0,0,0,1,0.0,7.0,30.0,26.0,26.0,0.0,0.0,0,0,0,1,0,0,0,1,0,0,0,0,1,0,0.0,0,0,3,1,2,2,0,0,3,0,0.0,10,0.625
E0000020820251230002817530359542,11455960705,2025-12-30 00:28:32,fraud,1,0,0,0,1,0,0,1000.0,6.90875477931522,1,1000.0,245.14801780883462,0.0,141.85829999999999,1099.7618689083945,1,0,40,65.5806,544.0,614.0,0.0,0.0,527.5,1.0,0.0,0.6257463299861998,0.0,1.0,0.0,0.0,0.9903709889194305,-5.666666666666657,0.0,0.0,0,0,1.0292595226805754,0,6.225,0,0,0,0,1,0.0,1,1,1,0,1,0,1,0,0.0,7.0,30.0,26.0,-1.0,0.0,0.0,1,1,1,1,1,1,1,1,0,0,0,1,1,0,0.0,0,0,1,0,2,0,3,0,0,0,0.0,6,0.375
E0000020820251230111417795969525,69943630159,2025-12-30 11:14:40,fraud,1,0,0,0,1,0,0,46.0,3.8501476017100584,2,46.0,101.7526658127442,8516.8333,8516.8333,1099.7618689083945,1,1,50,9.1935,333.0,339.5,0.0,0.0,323.0,1.0,0.0,0.45207660784685455,0.0,1.0,0.0,0.0,0.9808541973490427,-6.5,0.0,0.0,0,0,1.0309597523219813,0,8516.833333333334,0,0,0,1,0,1.0,0,1,1,11,1,0,0,1,0.0,7.0,30.0,60.0,60.0,0.0,0.0,0,0,0,1,0,0,0,1,0,0,0,0,1,0,0.0,0,0,3,1,0,0,0,0,5,0,0.0,8,0.5
E0000020820251230154035475746525,41087194415,2025-12-30 15:40:57,normal,0,0,0,0,1,0,0,8.0,2.1972245773362196,96,13.0,43.7009147315842,33.9833,66.7,494.7475461977253,12,1,62,179.2581,567.0,708.28125,0.0,0.0,554.0,0.6153846153846154,-5.0,0.18306252967785402,-0.11441408104865876,0.5094947526236882,-32.7167,-0.06612806925761854,0.800529450694904,-141.28125,0.0,0.0,0,0,1.023465703971119,1,6.225,0,0,0,0,1,0.0,1,1,1,15,1,0,0,1,0.0,7.0,30.0,26.0,26.0,0.0,0.0,0,0,0,1,0,0,0,1,0,0,0,0,1,0,0.0,1,1,0,0,2,0,0,0,3,0,0.0,6,0.375
E0000020820251230161151695645525,1741493102,2025-12-30 16:12:17,normal,0,0,0,0,1,0,0,300.0,5.707110264748875,13,30.0,76.9370289545871,1272.1667,1243.4333,2264.868887540964,3,1,38,234.4516,554.0,619.4615384615385,0.0,0.0,541.0,10.0,270.0,3.8992927602790353,3.5093634842511316,1.023108115248321,28.733400000000074,0.012686562192656013,0.8943250962374271,-65.46153846153845,0.0,0.0,0,0,1.024029574861368,1,6.225,0,0,0,0,1,0.0,1,1,1,16,1,0,0,1,0.0,7.0,30.0,46.0,46.0,0.0,0.0,0,0,0,1,0,0,0,1,0,0,0,0,1,0,0.0,0,0,0,0,2,0,0,0,4,0,0.0,6,0.375
E0000020820251230180650917585525,7293898126,2025-12-30 18:06:51,normal,0,0,1,0,0,0,0,77.9,4.368181227851829,1,77.9,245.14801780883462,0.0,141.85829999999999,1099.7618689083945,1,1,26,89.3548,414.0,414.0,0.0,0.0,399.0,1.0,0.0,0.6257463299861998,0.0,1.0,0.0,0.0,1.0,0.0,0.0,0.0,0,0,1.037593984962406,0,6.225,0,0,0,0,1,0.0,1,1,1,18,1,0,0,1,0.0,7.0,30.0,0.0,0.0,0.0,0.0,0,0,0,0,0,0,0,1,0,0,0,0,1,0,0.0,0,0,1,0,2,2,0,0,0,0,0.0,5,0.3125
E0000020820251230194130959240525,23977256149,2025-12-30 19:43:08,normal,0,0,0,0,1,0,0,270.0,5.602118820879701,60,35.0,94.3472442016529,235.1667,242.8833,823.2360532218629,7,1,66,418.7419,1048.0,1237.7333333333331,0.0,0.0,1035.0,7.714285714285714,235.0,2.8617688018837732,2.490798772009951,0.9682291866093716,-7.7166,-0.00937349617986224,0.8467090380265002,-189.73333333333312,0.0,0.0,0,0,1.01256038647343,1,6.225,0,0,0,0,1,0.0,1,1,1,19,1,0,0,0,0.0,7.0,30.0,0.0,0.0,0.0,0.0,0,0,0,0,0,0,0,1,0,0,0,0,1,0,0.0,2,1,0,0,2,0,0,0,0,0,0.0,4,0.25
E0000020820251230213509048382525,3149349109,2025-12-30 21:35:34,normal,0,0,0,0,0,1,0,327.4,5.794232377578273,15,100.0,112.21448389240176,1412.0,747.2833,3219.145027486934,5,1,34,3.871,364.0,443.6,0.0,0.0,351.0,3.2739999999999996,227.39999999999998,2.917626928747732,2.026476370180923,1.8895109793032976,664.7167,0.20648858449192622,0.8205590622182146,-79.60000000000002,0.0,0.0,0,0,1.037037037037037,0,6.225,0,0,0,0,1,0.0,1,1,1,21,1,0,0,0,0.0,7.0,30.0,0.0,0.0,0.0,0.0,0,0,0,1,0,0,0,1,0,0,0,0,1,0,0.0,0,0,3,1,2,0,0,0,0,0,0.0,5,0.3125
E0000020820251230221615587516525,5396254181,2025-12-30 22:16:16,normal,0,0,1,0,0,0,0,34.5,3.56953269648137,43,32.0,114.25121887294458,87.5167,183.15,1552.0532772248123,8,1,30,139.7742,893.0,588.8571428571429,0.0,0.0,871.0,1.078125,2.5,0.3019661439092955,0.02188160463110837,0.4778416598416598,-95.6333,-0.061617279125236936,1.5164968461911692,304.1428571428571,0.0,0.0,0,0,1.0252583237657864,1,6.225,0,0,1,0,1,0.0,1,1,1,22,1,0,1,0,0.0,7.0,30.0,0.0,0.0,0.0,0.0,0,0,0,1,0,0,0,1,0,0,0,0,1,0,0.0,0,0,0,0,2,2,3,0,0,0,0.0,7,0.4375
E0000020820251230232359015747525,44269919191,2025-12-30 23:24:20,normal,0,0,0,0,0,1,0,10.0,2.3978952727983707,20,34.8,252.2925473850796,6195.9,1328.5333,2060.3101242590374,2,1,65,396.3871,676.0,633.95,0.0,0.0,570.0,0.2873563218390805,-24.799999999999997,0.03963652554800512,-0.0982985833590527,4.663714488752371,4867.3667,2.3624437130553257,1.0663301522202067,42.049999999999955,0.0,0.0,0,0,1.1859649122807017,1,6.225,0,0,0,0,1,0.0,1,1,1,23,1,0,1,0,0.0,7.0,29.0,26.0,26.0,0.0,0.0,0,0,0,1,0,0,0,1,0,0,0,0,1,0,0.0,1,1,0,0,2,0,3,0,3,0,0.0,9,0.5625
E0000020820251230235755906407525,9191684188,2025-12-30 23:58:08,normal,0,0,0,0,1,0,0,50.0,3.9318256327243257,52,25.84,304.98640111092527,11.7667,161.7167,1179.1607975373413,8,1,20,22.6774,2016.0,604.48,0.0,0.0,1999.0,1.934984520123839,24.16,0.1639417358212464,0.07921664674882627,0.07276119287618409,-149.95,-0.12716671069218735,3.335097935415564,1411.52,0.0,0.0,0,0,1.008504252126063,1,6.225,0,0,1,0,1,0.0,1,1,1,23,1,0,1,0,0.0,7.0,29.0,20.0,20.0,0.0,0.0,0,0,0,1,0,0,0,1,0,0,0,0,1,0,0.0,0,0,3,1,2,0,3,0,3,0,0.0,11,0.6875
E0000020820251231011252488842525,4595887108,2025-12-31 01:13:22,normal,0,0,0,0,0,1,0,13.0,2.6390573296152584,8,28.44,11.937663611444243,4582.5667,3398.0667,4235.21502324225,3,1,33,6.8387,356.0,371.5,0.0,0.0,342.0,0.4571026722925457,-15.440000000000001,1.0889903102594825,-1.293385414646647,1.3485805620001516,1184.5000000000005,0.27967883413230143,0.9582772543741588,-15.5,0.0,0.0,0,0,1.04093567251462,0,6.225,0,0,0,0,1,0.0,1,1,1,1,2,0,1,0,0.0,7.0,30.0,0.0,0.0,0.0,0.0,0,0,0,1,0,0,0,1,0,0,0,0,1,0,0.0,0,0,3,1,2,0,3,0,0,0,0.0,8,0.5
E0000020820251231034250361976525,2823270108,2025-12-31 03:43:07,normal,0,0,0,0,0,1,0,400.0,5.993961427306569,2,237.0,115.25840533340724,6598.0667,6598.0667,1099.7618689083945,1,1,36,241.0323,416.0,458.5,0.0,0.0,399.0,1.6877637130801688,163.0,3.4704627297499266,1.4142135623730951,1.0,0.0,0.0,0.9073064340239912,-42.5,0.0,0.0,0,0,1.0426065162907268,0,6.225,0,0,0,0,1,0.0,1,1,1,3,2,0,1,0,0.0,7.0,30.0,26.0,26.0,0.0,0.0,0,0,0,1,0,0,0,1,0,0,0,0,1,0,0.0,0,0,0,0,2,0,3,0,3,0,0.0,8,0.5
E0000020820251231115721014405525,44436998134,2025-12-31 11:57:40,normal,0,0,1,0,0,0,0,81.36,4.411099882159589,27,81.36,203.3126422532549,17.5,30.1667,4502.490698735257,9,2,55,386.2258,781.0,956.7777777777778,0.0,0.0,768.0,1.0,0.0,0.40017186879433947,0.0,0.5801098562322031,-12.666699999999999,-0.002813265112031893,0.8162815004064569,-175.77777777777783,0.0,0.0,0,0,1.0169270833333333,1,6.225,0,0,0,0,1,0.0,1,1,1,11,2,0,0,1,0.0,7.0,30.0,26.0,26.0,0.0,0.0,0,0,0,1,0,0,0,1,0,0,0,0,1,0,0.0,0,0,0,0,2,2,0,0,3,0,0.0,7,0.4375
E0000020820251231140321717297525,3690046122,2025-12-31 14:04:05,normal,0,0,0,0,1,0,0,1270.0,7.147559271189454,32,46.49,328.58479716647184,41.7,230.4333,2031.07020880942,8,1,33,161.6129,697.0,849.90625,0.0,0.0,684.0,27.31770273177027,1223.51,3.8650601334929573,3.7235745857716287,0.18096342846281332,-188.73329999999999,-0.09292308024675934,0.8200904511527006,-152.90625,0.0,0.0,0,0,1.0190058479532165,1,6.225,0,0,1,0,1,0.0,1,1,1,14,2,0,0,1,0.0,7.0,30.0,0.0,0.0,0.0,0.0,0,0,0,1,0,0,0,1,0,0,0,0,1,0,0.0,0,0,0,0,2,0,0,0,0,0,0.0,2,0.125
E0000020820251231171210060112525,52438996153,2025-12-31 17:12:36,normal,0,0,0,0,1,0,0,71.0,4.276666119016055,12,71.0,151.18545351252504,138.8333,1733.0167,2677.1543968029696,3,1,55,391.129,457.0,921.25,0.0,0.0,444.0,1.0,0.0,0.46962190045696406,0.0,0.080110768695997,-1594.1834,-0.5954768249092235,0.4960651289009498,-464.25,0.0,0.0,0,0,1.0292792792792793,0,6.225,0,0,1,0,1,0.0,1,1,1,17,2,0,0,1,0.0,7.0,30.0,26.0,26.0,0.0,0.0,0,0,0,0,0,0,0,1,0,0,0,0,1,0,0.0,0,0,0,0,2,0,0,0,3,0,0.0,5,0.3125
E0000020820251231190256269681525,5097020154,2025-12-31 19:02:57,normal,0,0,1,0,0,0,0,33.9,3.5524868292083815,32,47.07,2452.0811462621773,2818.2167,770.45,1167.7822714233646,3,1,30,49.0,500.0,1604.5,0.0,0.0,485.0,0.7202039515615041,-13.170000000000002,0.013824991090394935,-0.005370947866091484,3.657883963917191,2047.7667,1.7535517965211582,0.3116235587410408,-1104.5,0.0,0.0,0,0,1.0309278350515463,0,6.225,0,0,0,0,1,0.0,1,1,1,19,2,0,0,0,0.0,7.0,30.0,0.0,0.0,0.0,0.0,0,0,0,1,0,0,0,1,0,0,0,0,1,0,0.0,0,0,2,0,2,2,0,0,0,0,0.0,6,0.375
E0000020820251231194518632238525,91014689104,2025-12-31 19:45:30,normal,0,0,0,0,0,1,0,5.0,1.791759469228055,47,14.5,37.72905957177058,2778.9833,432.7833,763.207773819537,7,1,47,34.3871,802.0,909.4468085106384,0.0,0.0,789.0,0.3448275862068966,-9.5,0.13252384386864155,-0.25179530335041894,6.421188849015199,2346.2,3.074130113033632,0.8818547632416244,-107.44680851063845,0.0,0.0,0,0,1.0164765525982256,1,6.225,0,0,0,0,1,0.0,1,1,1,19,2,0,0,0,0.0,7.0,30.0,0.0,0.0,0.0,0.0,0,0,0,1,0,0,0,1,0,0,0,0,1,0,0.0,0,0,2,0,2,0,0,0,0,0,0.0,4,0.25
E0000020820251231234532346897525,9102250101,2025-12-31 23:45:42,normal,0,0,0,0,1,0,0,30.0,3.4339872044851463,14,19.0,47.57944491659638,9.1333,383.65,531.9046854772414,6,2,19,15.4839,391.0,425.84615384615387,0.0,0.0,377.0,1.5789473684210527,11.0,0.6305243798574787,0.23119227261440886,0.023806333898084193,-374.51669999999996,-0.7041049086904958,0.918171965317919,-34.84615384615387,0.0,0.0,0,0,1.0371352785145889,0,6.225,0,0,1,0,1,0.0,1,1,1,23,2,0,1,0,0.0,7.0,30.0,55.0,55.0,0.0,0.0,0,0,0,1,0,0,0,1,0,0,0,0,1,0,0.0,0,0,3,1,2,0,3,0,4,0,0.0,12,0.75
E0000020820260101093843256244525,1880945126,2026-01-01 09:38:43,normal,0,0,0,0,0,1,0,93.45,4.548070593947519,20,50.0,229.10366389303016,408.7667,408.7667,2719.9569301298866,4,1,38,222.4516,636.0,740.65,0.0,0.0,622.0,1.869,43.45,0.4078939568754883,0.18965213939261602,1.0,0.0,0.0,0.8587051913859448,-104.64999999999998,0.0,0.0,0,0,1.022508038585209,1,6.225,0,0,0,0,1,0.0,1,1,1,9,3,0,0,1,0.0,7.0,30.0,26.0,-1.0,0.0,0.0,0,0,0,1,1,0,0,1,0,0,0,0,1,0,0.0,0,0,0,0,2,0,0,0,0,0,0.0,2,0.125
E0000020820260101142555392356525,17926862851,2026-01-01 14:25:56,normal,0,0,1,0,0,0,0,1406.0,7.249215057114389,4,300.0,582.3091962179543,21213.05,11753.2,9106.104130571865,3,1,51,25.9355,408.0,1453.5,0.0,0.0,394.0,4.6866666666666665,1106.0,2.414524807665486,1.8993345926586258,1.804874417180002,9459.849999999999,1.0388471144581475,0.2807017543859649,-1045.5,0.0,0.0,0,0,1.0355329949238579,0,6.225,0,0,0,0,1,0.0,1,1,1,14,3,0,0,1,0.0,7.0,30.0,0.0,0.0,0.0,0.0,0,0,0,1,0,0,0,1,0,0,0,0,1,0,0.0,0,0,3,1,2,2,0,0,0,0,0.0,7,0.4375
E0000020820260101214302774681525,93574053134,2026-01-01 21:43:21,normal,0,0,0,0,0,1,0,60.0,4.110873864173311,55,100.0,203.327496985621,1978.25,225.4167,710.2976478866761,6,1,44,318.2258,457.0,573.6296296296297,0.0,0.0,445.0,0.6,-40.0,0.29509043729704254,-0.19672695819802835,8.77596912739828,1752.8333,2.467744761953167,0.7966813016528925,-116.62962962962968,0.0,0.0,0,0,1.0269662921348315,0,6.225,0,0,0,0,1,0.0,1,1,1,21,3,0,0,0,0.0,7.0,30.0,0.0,0.0,0.0,0.0,0,0,0,1,0,0,0,1,0,0,0,0,1,0,0.0,0,0,0,0,2,0,0,0,0,0,0.0,2,0.125
E0000020820260101223856933160525,79916619115,2026-01-01 22:39:41,normal,0,0,0,0,1,0,0,25.0,3.258096538021482,6,100.0,2245.9851659349843,3570.9667,5566.7167,6251.604206805931,2,1,66,348.7742,568.0,575.6666666666666,0.0,0.0,557.0,0.25,-75.0,0.0111309728929544,-0.0333929186788632,0.6414852582672296,-1995.75,-0.3192380601809833,0.986682107701216,-7.666666666666629,0.0,0.0,0,0,1.0197486535008977,1,6.225,0,0,0,0,1,0.0,1,1,1,22,3,0,1,0,0.0,7.0,30.0,26.0,26.0,0.0,0.0,0,0,0,1,0,0,0,1,0,0,0,0,1,0,0.0,2,1,0,0,2,0,3,0,3,0,0.0,10,0.625
E0000020820260101234401633232525,7498084112,2026-01-01 23:44:16,normal,0,0,0,0,0,1,0,73.5,4.310799125385514,24,21.1,84.86601373209044,3138.0167,1363.7667,1756.7659038230545,5,1,22,8.1935,383.0,551.7916666666666,0.0,0.0,366.0,3.4834123222748814,52.4,0.8660710780175056,0.6174438705866299,2.3009923178209295,1774.2500000000002,1.0099524336958596,0.6941025447406177,-168.79166666666663,0.0,0.0,0,0,1.046448087431694,0,6.225,0,0,0,0,1,0.0,1,1,1,23,3,0,1,0,0.0,7.0,30.0,0.0,0.0,0.0,0.0,0,0,0,1,0,0,0,1,0,0,0,0,1,0,0.0,0,0,3,1,2,0,3,0,0,0,0.0,8,0.5
E0000020820260102062004442830525,774110309,2026-01-02 06:20:05,normal,0,0,1,0,0,0,0,45.0,3.828641396489095,71,34.0,130.32391712115935,67.0167,406.7,453.8623589367147,8,2,36,73.3226,1028.0,1132.840579710145,0.0,0.0,1012.0,1.3235294117647058,11.0,0.3452934886707285,0.0844050750084003,0.16478165724120974,-339.6833,-0.7484280053445993,0.9074533684722257,-104.840579710145,0.0,0.0,0,0,1.0158102766798418,1,6.225,0,0,1,0,1,0.0,1,1,1,6,4,0,0,0,0.0,7.0,30.0,50.0,50.0,0.0,0.0,0,0,0,0,0,0,0,1,0,0,0,0,1,0,0.0,0,0,1,0,2,2,0,0,4,0,0.0,9,0.5625
E0000020820260102110149541315525,57950555149,2026-01-02 11:01:50,normal,0,0,1,0,0,0,0,30.0,3.4339872044851463,348,30.0,234.09199926454716,62.3667,49.9667,174.28145056906428,22,1,58,12.4194,1092.0,1061.249275362319,0.0,0.0,1078.0,1.0,0.0,0.12815474298246746,0.0,1.248165278075198,12.399999999999999,0.07114928157593069,1.0289759676181476,30.75072463768106,0.0,0.0,0,0,1.0129870129870129,1,6.225,0,0,0,0,1,0.0,1,1,1,11,4,0,0,1,0.0,7.0,30.0,26.0,26.0,0.0,0.0,0,0,0,1,0,0,0,1,0,0,0,0,1,0,0.0,0,0,3,1,2,2,0,0,3,0,0.0,10,0.625
E0000020820260102185127593216525,37340140182,2026-01-02 18:51:28,normal,0,0,1,0,0,0,0,12.0,2.5649493574615367,26,39.9,136.59366661745338,24.3667,1457.3167,1417.01977603491,4,2,59,330.3226,661.0,786.6923076923077,0.0,0.0,646.0,0.3007518796992481,-27.9,0.08785180380000641,-0.2042554438350149,0.01672025030660803,-1432.95,-1.011242061850164,0.8402268504937909,-125.69230769230774,0.0,0.0,0,0,1.0232198142414861,1,6.225,0,0,1,0,1,0.0,1,1,1,18,4,0,0,1,0.0,7.0,30.0,26.0,26.0,0.0,0.0,0,0,0,1,0,0,0,1,0,0,0,0,1,0,0.0,0,0,0,0,2,2,0,0,3,0,0.0,7,0.4375
E0000020820260103015753488917525,4162168466,2026-01-03 01:57:55,normal,0,0,1,0,0,0,0,42.0,3.7612001156935624,44,49.0,214.46821116562097,277.2333,404.3833,974.3046809190672,7,1,43,41.5161,603.0,619.4090909090909,0.0,0.0,589.0,0.8571428571428571,-7.0,0.19583321822722674,-0.03263886970453779,0.6855705960162054,-127.15000000000003,-0.13050332456584188,0.9735084758200632,-16.409090909090878,0.0,0.0,0,0,1.0237691001697793,1,6.225,0,0,0,0,1,0.0,1,1,1,1,5,1,1,0,0.0,7.0,30.0,26.0,26.0,0.0,0.0,0,0,0,1,0,0,0,1,0,0,0,0,1,0,0.0,0,0,2,0,2,2,3,0,3,0,0.0,12,0.75
E0000020820260103140847561951525,69276366172,2026-01-03 14:08:49,normal,0,0,1,0,0,0,0,14.97,2.770711962226921,51,80.0,147.2633127838649,1124.2167,296.2333,1020.0775827827644,6,1,48,267.8387,673.0,845.0784313725491,0.0,0.0,652.0,0.187125,-65.03,0.10165464647648623,-0.4415899572722711,3.795038235066753,827.9834,0.811686693223144,0.7963757859811132,-172.07843137254906,0.0,0.0,0,0,1.0322085889570551,1,6.225,0,0,0,0,1,0.0,1,1,1,14,5,1,0,1,0.0,7.0,30.0,0.0,0.0,0.0,0.0,0,0,0,0,0,0,0,1,0,0,0,0,1,0,0.0,0,0,0,0,2,2,0,0,0,0,0.0,4,0.25
E0000020820260103155525508236525,890897158,2026-01-03 15:55:39,normal,0,0,0,0,0,1,0,2149.49,7.6734510021316025,130,75.13,612.4840288456764,78.15,92.5833,474.7856668063205,21,3,41,70.0323,1117.0,1197.2713178294573,0.0,0.0,1100.0,28.61027552242779,2074.3599999999997,3.509462939059906,3.386798516051857,0.8441047143491321,-14.433299999999988,-0.030399611886109804,0.9329547808971305,-80.2713178294573,0.0,0.0,0,0,1.0154545454545454,1,6.225,0,0,0,0,1,0.0,1,1,1,15,5,1,0,1,0.0,7.0,30.0,26.0,26.0,0.0,0.0,0,0,0,1,0,0,0,1,0,0,0,0,1,0,0.0,0,0,1,0,2,0,0,0,3,0,0.0,6,0.375
E0000020820260103155619596416525,14925753304,2026-01-03 15:57:05,normal,0,0,0,0,0,1,0,217.9,5.388615004528817,2,30.0,132.86536418495228,22741.7,22741.7,1099.7618689083945,1,1,67,196.129,407.0,416.5,0.0,0.0,392.0,7.263333333333334,187.9,1.6400060417301618,1.4142135623730951,1.0,0.0,0.0,0.9771908763505402,-9.5,0.0,0.0,0,0,1.038265306122449,0,6.225,0,0,0,0,1,0.0,1,1,1,15,5,1,0,1,0.0,7.0,30.0,26.0,26.0,0.0,0.0,0,0,0,1,0,0,0,1,0,0,0,0,1,0,0.0,2,1,0,0,2,0,0,0,3,0,0.0,7,0.4375
E0000020820260103172401005155525,73008311172,2026-01-03 17:24:22,fraud,1,0,0,1,0,0,0,142.0,4.962844630259907,1,142.0,245.14801780883462,0.0,141.85829999999999,1099.7618689083945,1,1,40,215.7419,834.0,834.0,0.0,0.0,818.0,1.0,0.0,0.6257463299861998,0.0,1.0,0.0,0.0,1.0,0.0,0.0,0.0,0,0,1.019559902200489,1,6.225,0,0,0,0,1,0.0,1,1,1,17,5,1,0,1,0.0,7.0,30.0,26.0,26.0,0.0,0.0,0,0,0,1,0,0,0,1,0,0,0,0,1,0,0.0,0,0,0,0,2,1,0,0,3,0,0.0,6,0.375
E0000020820260103185206991620542,95703195691,2026-01-03 18:52:23,fraud,1,0,0,1,0,0,0,2000.0,7.601402334583733,1,2000.0,245.14801780883462,0.0,141.85829999999999,1099.7618689083945,1,0,53,57.3871,544.0,614.0,0.0,0.0,527.5,1.0,0.0,0.6257463299861998,0.0,1.0,0.0,0.0,0.9903709889194305,-5.666666666666657,0.0,0.0,0,0,1.0292595226805754,0,6.225,0,0,0,0,1,0.0,1,1,1,18,5,1,0,1,0.0,7.0,30.0,26.0,-1.0,0.0,0.0,1,1,1,1,1,1,1,1,0,0,0,1,1,0,0.0,0,0,2,0,2,1,0,0,0,0,0.0,5,0.3125
E0000020820260103191157922594525,86052594187,2026-01-03 19:12:18,normal,0,0,0,0,0,1,0,350.0,5.860786223465865,30,80.0,245.57416102260024,1.4833,209.1,3068.2585762451968,6,1,46,301.0323,432.0,1293.7666666666669,0.0,0.0,417.0,4.375,270.0,1.4252313783443586,1.0994642061513624,0.007093735054997609,-207.61669999999998,-0.06766597235558693,0.33390874191636816,-861.7666666666669,0.0,0.0,0,0,1.0359712230215827,0,6.225,0,0,1,0,1,0.0,1,1,1,19,5,1,0,0,0.0,7.0,30.0,0.0,0.0,0.0,0.0,0,0,0,1,0,0,0,1,0,0,0,0,1,0,0.0,0,0,0,0,2,0,0,0,0,0,0.0,2,0.125
E0000020820260104035402850203525,1346939144,2026-01-04 03:54:03,normal,0,0,1,0,0,0,0,15.0,2.772588722239781,71,30.0,53.32000898187246,17.0667,95.3333,1024.318655789387,9,1,38,9.6129,426.0,490.2676056338028,0.0,0.0,412.0,0.5,-15.0,0.281320282693494,-0.281320282693494,0.17902139126622074,-78.2666,-0.07640844922392256,0.8689132121003189,-64.26760563380282,0.0,0.0,0,0,1.0339805825242718,0,6.225,0,0,1,0,1,0.0,1,1,1,3,6,1,1,0,0.0,7.0,30.0,0.0,0.0,0.0,0.0,0,0,0,1,0,0,0,1,0,0,0,0,1,0,0.0,0,0,3,1,2,2,3,0,0,0,0.0,10,0.625
E0000020820260104135700796996525,7157490137,2026-01-04 13:57:38,normal,0,0,0,0,0,1,0,40.0,3.713572066704308,26,84.98,96.50897070220984,5508.85,754.4,2320.860087312769,3,2,23,71.9032,753.0,964.88,0.0,0.0,738.0,0.4706989879971758,-44.980000000000004,0.4144692426927323,-0.46607066340797754,7.3022932131495235,4754.450000000001,2.0485724348446133,0.7804079263742641,-211.88,0.0,0.0,0,0,1.0203252032520325,1,6.225,0,0,0,0,1,0.0,1,1,1,13,6,1,0,1,0.0,7.0,30.0,0.0,0.0,0.0,0.0,0,0,0,1,0,0,0,1,0,0,0,0,1,0,0.0,0,0,1,0,2,0,0,0,0,0,0.0,3,0.1875
E0000020820260104145044568216525,93200552700,2026-01-04 14:51:02,normal,0,0,0,0,0,1,0,10.0,2.3978952727983707,49,24.0,2004.043942489704,2497.65,369.9333,998.2808895492371,7,1,58,443.0,910.0,913.5510204081633,0.0,0.0,897.0,0.4166666666666667,-14.0,0.00498991054436491,-0.006985874762110875,6.75162252222225,2127.7167,2.1313807789716854,0.9961129479045662,-3.5510204081632537,0.0,0.0,0,0,1.0144927536231885,1,6.225,0,0,0,0,1,0.0,1,1,1,14,6,1,0,1,0.0,7.0,30.0,0.0,0.0,0.0,0.0,0,0,0,0,0,0,0,1,0,0,0,0,1,0,0.0,0,0,0,0,2,0,0,0,0,0,0.0,2,0.125
E0000020820260104152713432670525,80425682153,2026-01-04 15:27:14,normal,0,0,1,0,0,0,0,36.0,3.6109179126442243,29,25.0,54.3466595540131,71.45,422.9333,2718.7520248342644,5,1,49,356.8065,633.0,661.0344827586207,0.0,0.0,617.0,1.44,11.0,0.662414218195342,0.20240434444857672,0.16893916842206563,-351.4833,-0.12928111750884175,0.9575899843505478,-28.034482758620697,0.0,0.0,0,0,1.0259319286871962,1,6.225,0,0,1,0,1,0.0,1,1,1,15,6,1,0,1,0.0,7.0,30.0,26.0,26.0,0.0,0.0,0,0,0,1,0,0,0,1,0,0,0,0,1,0,0.0,0,0,0,0,2,2,0,0,3,0,0.0,7,0.4375
E0000020820260104163239276666525,55693938387,2026-01-04 16:33:01,normal,0,0,0,1,0,0,0,25.0,3.258096538021482,23,39.89,154.161878221686,2632.9,1317.1167,1781.998018584219,3,1,56,129.6452,518.0,826.5652173913044,0.0,0.0,503.0,0.62672348959639,-14.89,0.16216719910514973,-0.09658678378702718,1.9989876371622954,1315.7833,0.7383752878947519,0.6266898111619589,-308.5652173913044,0.0,0.0,0,0,1.0298210735586482,0,6.225,0,0,0,0,1,0.0,1,1,1,16,6,1,0,1,0.0,7.0,30.0,26.0,26.0,0.0,0.0,0,0,0,1,0,0,0,1,0,0,0,0,1,0,0.0,0,0,0,0,2,1,0,0,3,0,0.0,6,0.375
E0000020820260104202611593190525,8708339104,2026-01-04 20:26:12,normal,0,0,1,0,0,0,0,54.54,4.017103481878653,13,36.5,105.20218784285372,1222.1,360.6667,7669.988634373497,5,2,75,619.7097,459.0,464.3333333333333,0.0,0.0,445.0,1.4942465753424656,18.04,0.5184302828518109,0.17147932348087036,3.3884470066130308,861.4332999999999,0.11231220032575236,0.9885139985642498,-5.333333333333314,0.0,0.0,0,0,1.0314606741573034,0,6.225,0,0,0,0,1,0.0,1,1,1,20,6,1,0,0,0.0,7.0,30.0,0.0,0.0,0.0,0.0,0,0,0,0,0,0,0,1,0,0,0,0,1,0,0.0,2,1,0,0,2,2,0,0,0,0,0.0,6,0.375
E0000020820260105010951767344525,50464558115,2026-01-05 01:09:52,normal,0,0,1,0,0,0,0,6.0,1.9459101490553132,39,22.0,244.1567872794629,300.9167,236.2333,1697.0125308815843,10,1,63,339.3226,588.0,874.2051282051282,0.0,0.0,572.0,0.2727272727272727,-16.0,0.024574373159376377,-0.065531661758337,1.2738115244548502,64.68339999999998,0.038116041468708235,0.6726110166011615,-286.2051282051282,0.0,0.0,0,0,1.027972027972028,1,6.225,0,0,0,0,1,0.0,1,1,1,1,0,0,1,0,0.0,7.0,30.0,26.0,-1.0,0.0,0.0,0,0,0,1,1,0,0,1,0,0,0,0,1,0,0.0,1,1,0,0,2,2,3,0,0,0,0.0,8,0.5
E0000020820260105121557372927525,71599029120,2026-01-05 12:16:33,normal,0,0,0,0,1,0,0,20.0,3.044522437723423,25,60.0,4105.438639561958,23.95,349.7667,2621.569034264056,7,1,44,35.2903,1117.0,859.52,0.0,0.0,1080.0,0.3333333333333333,-40.0,0.004871586633221234,-0.009743173266442468,0.06847421438347333,-325.8167,-0.1242830899135431,1.2995625465376024,257.48,0.0,0.0,0,0,1.0342592592592592,1,6.225,0,0,1,0,1,0.0,1,1,1,12,0,0,0,1,0.0,7.0,30.0,26.0,26.0,0.0,0.0,0,0,0,1,0,0,0,1,0,0,0,0,1,0,0.0,0,0,2,0,2,0,0,0,3,0,0.0,7,0.4375
E0000020820260105172955239142525,21849110115,2026-01-05 17:30:59,fraud,1,1,1,0,0,0,0,20000.0,9.90353755128617,1,20000.0,245.14801780883462,0.0,141.85829999999999,1099.7618689083945,3,1,68,9.3871,3320.0,3320.0,0.0,0.0,3307.0,1.0,0.0,0.6257463299861998,0.0,1.0,0.0,0.0,1.0,0.0,0.0,0.0,0,0,1.0039310553371636,1,6.225,0,0,0,0,1,0.0,1,1,1,17,0,0,0,1,0.0,7.0,30.0,0.0,0.0,0.0,0.0,0,0,0,0,0,0,0,1,0,0,0,0,1,0,0.0,2,1,3,1,2,2,0,0,0,0,0.0,9,0.5625
E0000020820260105175253881628525,5803750131,2026-01-05 17:52:54,normal,0,0,1,0,0,0,0,9.93,2.391511302188447,38,12.9,191.822421462711,87.9333,395.35,1634.354495947539,6,1,27,54.5806,531.0,598.6578947368421,0.0,0.0,513.0,0.7697674418604651,-2.9700000000000006,0.05176662834448853,-0.015483070109076633,0.2224188693562666,-307.4167,-0.18809670775970241,0.8869840432546486,-67.65789473684208,0.0,0.0,0,0,1.0350877192982457,0,6.225,0,0,1,0,1,0.0,1,1,1,17,0,0,0,1,0.0,7.0,30.0,0.0,0.0,0.0,0.0,0,0,0,0,0,0,0,1,0,0,0,0,1,0,0.0,0,0,2,0,2,2,0,0,0,0,0.0,6,0.375
E0000020820260105180157635248525,21849110115,2026-01-05 18:02:39,fraud,1,1,0,0,0,1,0,3600.0,8.188966863648876,2,3600.0,11596.55121145938,31.6667,31.6667,1099.7618689083945,3,1,68,9.3871,534.0,1927.0,0.0,0.0,517.0,1.0,0.0,0.31043712344775254,0.0,1.0,0.0,0.0,0.27711468604047745,-1393.0,0.0,0.0,0,0,1.0328820116054158,0,31.666666666666668,0,0,0,1,0,0.0,1,1,2,18,0,0,0,1,0.0,7.0,30.0,0.0,0.0,0.0,0.0,0,0,0,0,0,0,0,1,0,0,0,0,1,0,0.0,2,1,3,1,1,0,0,0,0,0,0.0,6,0.375
E0000020820260105185208000539525,26668610153,2026-01-05 18:52:27,normal,0,0,0,0,0,1,0,5.0,1.791759469228055,25,75.0,130.77056331351233,7125.0333,1126.3833,2113.0286635874486,4,1,80,574.9032,488.0,435.92,0.0,0.0,472.0,0.06666666666666667,-70.0,0.0382349045022685,-0.5352886630317589,6.32558499402468,5998.65,2.8388871875574266,1.119471462653698,52.079999999999984,0.0,0.0,0,0,1.0338983050847457,0,6.225,0,0,0,0,1,0.0,1,1,1,18,0,0,0,1,0.0,7.0,30.0,26.0,26.0,0.0,0.0,0,0,0,1,0,0,0,1,0,0,0,0,1,0,0.0,3,1,0,0,2,0,0,0,3,0,0.0,8,0.5
E0000020820260105191906393155525,21849110115,2026-01-05 19:19:53,fraud,1,1,0,0,0,1,0,40000.0,10.596659732783579,3,20000.0,18229.646184169345,77.2333,31.6667,32.22045185561494,3,1,68,9.3871,412.0,1422.0,0.0,0.0,397.0,2.0,20000.0,2.1942279952057473,1.0971139976028736,2.438943748480265,45.5666,1.414213562373095,0.28973277074542897,-1010.0,0.0,0.0,0,0,1.0377833753148615,0,77.23333333333333,0,0,0,2,0,1.0,0,1,2,19,0,0,0,0,0.0,7.0,30.0,60.0,60.0,0.0,0.0,0,0,0,0,0,0,0,1,0,0,0,0,1,0,0.0,2,1,3,1,1,0,0,0,5,0,0.0,11,0.6875
E0000020820260105222737303701525,7444152411,2026-01-05 22:27:37,normal,0,0,1,0,0,0,0,30.0,3.4339872044851463,271,30.0,70.17164893354158,190.8167,24.2833,353.36926046422616,26,2,39,34.6129,1290.0,1137.806691449814,0.0,0.0,1274.0,1.0,0.0,0.42752308739976325,0.0,7.857939406917511,166.5334,0.4712730240916336,1.1337602509229916,152.19330855018598,0.0,0.0,0,0,1.012558869701727,1,6.225,0,0,0,0,1,0.0,1,1,1,22,0,0,1,0,0.0,7.0,30.0,26.0,26.0,0.0,0.0,0,0,0,1,0,0,0,1,0,0,0,0,1,0,0.0,0,0,2,0,2,2,3,0,3,0,0.0,12,0.75
E0000020820260106005412884851525,68988613104,2026-01-06 00:54:13,normal,0,0,1,0,0,0,0,29.61,3.421326752957321,30,67.99,70.95751072491102,1409.2167,520.1,2104.981312597185,5,2,50,355.2258,569.0,757.4137931034483,0.0,0.0,558.0,0.43550522135608183,-38.379999999999995,0.41729197793863465,-0.5408870690065787,2.709511055566237,889.1166999999999,0.42238698019745496,0.7512406100614615,-188.41379310344826,0.0,0.0,0,0,1.0197132616487454,1,6.225,0,0,0,0,1,0.0,1,1,1,0,1,0,1,0,0.0,7.0,30.0,26.0,26.0,0.0,0.0,0,0,0,1,0,0,0,1,0,0,0,0,1,0,0.0,0,0,0,0,2,2,3,0,3,0,0.0,10,0.625
E0000020820260106114959354174525,630542139,2026-01-06 11:49:59,normal,0,0,1,0,0,0,0,310.0,5.739792912179234,20,48.81,320.8599627887368,5356.1833,1218.9333,2410.321400466571,4,1,39,229.2258,574.0,1273.25,0.0,0.0,560.0,6.3511575496824415,261.19,0.9661535746175745,0.8140311359818202,4.394156185576356,4137.25,1.7164723340211574,0.4508148439033968,-699.25,0.0,0.0,0,0,1.025,1,6.225,0,0,0,0,1,0.0,1,1,1,11,1,0,0,1,0.0,7.0,30.0,26.0,26.0,0.0,0.0,0,0,0,1,0,0,0,1,0,0,0,0,1,0,0.0,0,0,0,0,2,2,0,0,3,0,0.0,7,0.4375
E0000020820260106140121035336525,73754307134,2026-01-06 14:01:22,normal,0,0,1,0,0,0,0,55.5,4.034240638152395,22,28.5,347.25472842921835,1314.5,437.7833,3629.3438181870215,4,1,38,217.9677,507.0,575.5454545454545,0.0,0.0,495.0,1.9473684210526316,27.0,0.15982503751943203,0.07775272095539937,3.0026270988409105,876.7167,0.24156341860109282,0.8809034907597536,-68.5454545454545,0.0,0.0,0,0,1.0242424242424242,0,6.225,0,0,0,0,1,0.0,1,1,1,14,1,0,0,1,0.0,7.0,30.0,0.0,0.0,0.0,0.0,0,0,0,0,0,0,0,1,0,0,0,0,1,0,0.0,0,0,0,0,2,2,0,0,0,0,0.0,4,0.25
E0000020820260106141847783567523,6002021191,2026-01-06 14:18:48,normal,0,0,0,0,1,0,0,50.0,3.9318256327243257,16,30.0,106.77104471523792,5.8833,1892.8833,2211.4124496839386,8,1,75,399.0,544.0,756.4615384615385,0.0,0.0,527.5,1.6666666666666667,20.0,0.4682917558159306,0.18731670232637224,0.0031081155399278974,-1887.0,-0.8533007943722554,0.9903709889194305,-5.666666666666657,0.0,0.0,0,0,1.0292595226805754,0,6.225,0,0,1,0,1,0.0,1,1,1,14,1,0,0,1,0.0,7.0,30.0,26.0,-1.0,0.0,0.0,1,1,1,1,1,1,1,1,0,0,0,1,1,0,0.0,2,1,0,0,2,0,0,0,0,0,0.0,4,0.25
E0000020820260106143444295471525,8436100,2026-01-06 14:34:45,normal,0,0,1,0,0,0,0,37.49,3.6503984672956546,42,88.07,42.182840804103,1017.4333,974.6667,849.334904362268,3,1,42,178.7419,715.0,1078.6666666666667,0.0,0.0,692.0,0.4256841149085955,-50.57999999999999,0.8887500055793649,-1.1990657583943523,1.0438781790739338,42.76660000000004,0.05035304657838334,0.6628553770086526,-363.66666666666674,0.0,0.0,0,0,1.033236994219653,1,6.225,0,0,0,0,1,0.0,1,1,1,14,1,0,0,1,0.0,7.0,30.0,26.0,26.0,0.0,0.0,0,0,0,1,0,0,0,1,0,0,0,0,1,0,0.0,0,0,0,0,2,2,0,0,3,0,0.0,7,0.4375
E0000020820260106144457903273525,54010799749,2026-01-06 14:44:58,fraud,1,0,0,0,0,0,1,2690.0,7.897668150726906,1,2690.0,245.14801780883462,0.0,141.85829999999999,1099.7618689083945,2,1,69,478.7419,903.0,903.0,0.0,0.0,886.0,1.0,0.0,0.6257463299861998,0.0,1.0,0.0,0.0,1.0,0.0,0.0,0.0,0,0,1.0191873589164786,1,6.225,0,0,0,0,1,0.0,0,1,0,14,1,0,0,1,0.0,7.0,30.0,26.0,26.0,0.0,0.0,0,0,0,1,0,0,0,1,0,1,1,0,1,0,0.0,2,1,0,0,2,0,0,0,3,0,0.0,7,0.4375
E0000020820260106145901839824525,54010799749,2026-01-06 14:59:02,fraud,1,0,0,0,0,0,1,4700.0,8.45553053102413,2,2690.0,1421.2846301849606,14.0667,14.0667,1099.7618689083945,2,1,69,478.7419,893.0,898.0,0.0,0.0,878.0,1.7472118959107807,2010.0,3.306867533907237,1.414213562373095,1.0,0.0,0.0,0.9944320712694877,-5.0,0.0,0.0,0,0,1.0170842824601367,1,14.066666666666666,1,1,0,1,0,0.0,0,1,0,14,1,0,0,1,0.0,7.0,30.0,26.0,26.0,0.0,0.0,0,0,0,1,0,0,0,1,0,1,1,0,1,1,0.0,2,1,0,0,0,0,0,2,3,0,0.0,8,0.5
E0000020820260106153515548829525,85856169115,2026-01-06 15:35:16,fraud,1,0,1,0,0,0,0,6788.0,8.823058934301647,1,6788.0,245.14801780883462,0.0,141.85829999999999,1099.7618689083945,1,1,46,52.2258,669.0,669.0,0.0,0.0,655.0,1.0,0.0,0.6257463299861998,0.0,1.0,0.0,0.0,1.0,0.0,0.0,0.0,0,0,1.0213740458015268,1,6.225,0,0,0,0,1,0.0,1,1,1,15,1,0,0,1,0.0,7.0,30.0,26.0,26.0,0.0,0.0,0,0,0,1,0,0,0,1,0,0,0,0,1,0,0.0,0,0,2,0,2,2,0,0,3,0,0.0,9,0.5625
E0000020820260106154821330261525,2459555180,2026-01-06 15:48:44,normal,0,0,0,0,0,1,0,120.0,4.795790545596741,51,42.0,697.6086043936658,1431.3167,296.6333,1326.561441584969,8,1,38,11.3226,3177.0,702.08,0.0,0.0,3165.0,2.857142857142857,78.0,0.17201622692756108,0.1118105475029147,4.825205733813433,1134.6834000000001,0.855356837934537,4.5251253418413855,2474.92,0.0,0.0,0,0,1.0037914691943128,1,6.225,0,0,0,0,1,0.0,1,1,1,15,1,0,0,1,0.0,7.0,30.0,0.0,0.0,0.0,0.0,0,0,0,0,0,0,0,1,0,0,0,0,1,0,0.0,0,0,3,1,2,0,0,0,0,0,0.0,5,0.3125
E0000020820260106163321955224542,8532874495,2026-01-06 16:33:22,normal,0,0,1,0,0,0,0,285.0,5.655991810819852,8,291.0,14.389976670287842,3.9,0.4333,1.303638254673289,9,0,37,2.0645,544.0,614.0,0.0,0.0,527.5,0.979381443298969,-6.0,19.805452540340994,-0.4169568955861262,9.000692360950842,3.4667,2.65924997795405,0.9903709889194305,-5.666666666666657,0.0,0.0,0,0,1.0292595226805754,0,6.225,0,0,0,0,1,0.0,1,1,1,16,1,0,0,1,0.0,7.0,30.0,26.0,-1.0,0.0,0.0,1,1,1,1,1,1,1,1,0,0,0,1,1,0,0.0,0,0,3,1,2,2,0,0,0,0,0.0,7,0.4375
E0000020820260106180527521736525,39832430100,2026-01-06 18:07:14,fraud,1,0,1,0,0,0,0,9999.0,9.210340371976184,1,9999.0,245.14801780883462,0.0,141.85829999999999,1099.7618689083945,2,1,73,393.4839,562.0,562.0,0.0,0.0,544.0,1.0,0.0,0.6257463299861998,0.0,1.0,0.0,0.0,1.0,0.0,0.0,0.0,0,0,1.0330882352941178,1,6.225,0,0,0,0,1,0.0,1,1,1,18,1,0,0,1,0.0,7.0,30.0,0.0,0.0,0.0,0.0,0,0,0,1,0,0,0,1,0,0,0,0,1,0,0.0,2,1,0,0,2,2,0,0,0,0,0.0,6,0.375
E0000020820260106181654873399525,39832430100,2026-01-06 18:17:33,fraud,1,0,1,0,0,0,0,5199.0,8.556413904569519,2,5199.0,3394.112549695428,10.3167,10.3167,1099.7618689083945,2,1,73,393.4839,529.0,545.5,0.0,0.0,518.0,1.0,0.0,1.5317700647453587,0.0,1.0,0.0,0.0,0.9697525206232814,-16.5,0.0,0.0,0,0,1.0212355212355213,0,10.316666666666666,1,1,0,0,1,0.0,1,2,2,18,1,0,0,1,0.0,7.0,30.0,0.0,0.0,0.0,0.0,0,0,0,1,0,0,0,1,0,0,0,0,1,1,0.0,2,1,0,0,2,2,0,2,0,0,0.0,9,0.5625
E0000020820260106205645450388525,1632708132,2026-01-06 20:57:30,fraud,1,0,0,0,1,0,0,990.0,6.898714534329988,1,990.0,245.14801780883462,0.0,141.85829999999999,1099.7618689083945,3,1,38,208.129,544.0,544.0,0.0,0.0,529.0,1.0,0.0,0.6257463299861998,0.0,1.0,0.0,0.0,1.0,0.0,0.0,0.0,0,0,1.0283553875236295,1,6.225,0,0,0,0,1,0.0,1,1,1,20,1,0,0,0,0.0,7.0,30.0,26.0,26.0,0.0,0.0,0,0,0,1,0,0,0,1,0,0,0,0,1,0,0.0,0,0,0,0,2,0,0,0,3,0,0.0,5,0.3125
E0000020820260106211213742143525,88932168172,2026-01-06 21:12:15,fraud,1,0,1,0,0,0,0,1489.9,7.307135243434353,1,1489.9,245.14801780883462,0.0,141.85829999999999,1099.7618689083945,1,1,47,110.9032,1294.0,1294.0,0.0,0.0,1280.0,1.0,0.0,0.6257463299861998,0.0,1.0,0.0,0.0,1.0,0.0,0.0,0.0,0,0,1.0109375,1,6.225,0,0,0,0,1,0.0,1,1,1,21,1,0,0,0,0.0,7.0,30.0,0.0,0.0,0.0,0.0,0,0,0,1,0,0,0,1,0,0,0,0,1,0,0.0,0,0,0,0,2,2,0,0,0,0,0.0,4,0.25
E0000020820260106213155401466525,1632708132,2026-01-06 21:32:30,fraud,1,0,0,0,1,0,0,900.0,6.803505257608338,2,900.0,63.63961030678928,35.0,35.0,1099.7618689083945,3,1,38,208.129,692.0,618.0,0.0,0.0,679.0,1.0,0.0,14.14213562373095,0.0,1.0,0.0,0.0,1.1197411003236246,74.0,0.0,0.0,0,0,1.0191458026509572,1,35.0,0,0,0,1,0,1.0,0,1,1,21,1,0,0,0,0.0,7.0,30.0,26.0,26.0,0.0,0.0,0,0,0,1,0,0,0,1,0,0,0,0,1,0,0.0,0,0,0,0,0,0,0,0,3,0,0.0,3,0.1875
E0000020820260106213939788223525,1632708132,2026-01-06 21:40:14,fraud,1,0,0,0,1,0,0,950.0,6.85751406254539,3,950.0,45.09249752822894,7.7333,7.7333,19.28046847057924,3,1,38,208.129,381.0,539.0,0.0,0.0,368.0,1.0,0.0,21.067806222205327,0.0,1.0,0.0,0.0,0.7068645640074211,-158.0,0.0,0.0,0,0,1.0353260869565217,0,7.733333333333333,1,1,0,2,0,2.0,0,1,1,21,1,0,0,0,0.0,7.0,30.0,26.0,26.0,0.0,0.0,0,0,0,1,0,0,0,1,0,0,0,0,1,1,0.0,0,0,0,0,0,0,0,2,3,0,0.0,6,0.375
E0000020820260106215311277558525,25808397120,2026-01-06 21:53:30,normal,0,0,0,0,1,0,0,200.0,5.303304908059076,15,200.0,497.2598706511516,1370.0667,2168.1667,2399.457095518497,3,1,63,502.0,522.0,566.0,0.0,0.0,504.0,1.0,0.0,0.40220418297198224,0.0,0.631900997280329,-798.1000000000001,-0.332616908004158,0.9222614840989399,-44.0,0.0,0.0,0,0,1.0357142857142858,0,6.225,0,0,0,0,1,0.0,1,1,1,21,1,0,0,0,0.0,7.0,30.0,26.0,26.0,0.0,0.0,0,0,0,1,0,0,0,1,0,0,0,0,1,0,0.0,1,1,0,0,2,0,0,0,3,0,0.0,6,0.375
E0000020820260107015554676770525,7303814124,2026-01-07 01:56:11,normal,0,0,0,0,1,0,0,50.0,3.9318256327243257,21,150.0,249.1661844728572,128.4167,312.3333,1941.763956405803,4,1,26,34.7742,419.0,450.5,0.0,0.0,404.0,0.3333333333333333,-100.0,0.20066928466148554,-0.4013385693229711,0.4111527653311382,-183.91660000000002,-0.09471624982700208,0.93007769145394,-31.5,0.0,0.0,0,0,1.0371287128712872,0,6.225,0,0,1,0,1,0.0,1,1,1,1,2,0,1,0,0.0,7.0,30.0,20.0,20.0,0.0,0.0,0,0,0,1,0,0,0,1,0,0,0,0,1,0,0.0,0,0,2,0,2,0,3,0,3,0,0.0,10,0.625
E0000020820260107110951710400525,57830045100,2026-01-07 11:10:36,normal,0,0,0,0,0,1,0,15.0,2.772588722239781,23,19.99,95.36689841367118,6598.8167,511.3167,2027.5495835100887,5,1,51,384.4516,563.0,661.4782608695652,0.0,0.0,545.0,0.750375187593797,-4.989999999999998,0.15728727943877116,-0.05232423495996452,12.905537214020196,6087.5,3.0023926662554588,0.8511239647692914,-98.47826086956525,0.0,0.0,0,0,1.0330275229357797,1,6.225,0,0,0,0,1,0.0,1,1,1,11,2,0,0,1,0.0,7.0,30.0,26.0,26.0,0.0,0.0,0,0,0,1,0,0,0,1,0,0,0,0,1,0,0.0,0,0,0,0,2,0,0,0,3,0,0.0,5,0.3125
E0000020820260107125447631678525,31359914153,2026-01-07 12:55:23,fraud,1,0,0,1,0,0,0,10000.0,9.210440366976517,1,10000.0,245.14801780883462,0.0,141.85829999999999,1099.7618689083945,1,1,60,415.0645,763.0,763.0,0.0,0.0,751.0,1.0,0.0,0.6257463299861998,0.0,1.0,0.0,0.0,1.0,0.0,0.0,0.0,0,0,1.0159786950732357,1,6.225,0,0,0,0,1,0.0,1,1,1,12,2,0,0,1,0.0,7.0,30.0,26.0,26.0,0.0,0.0,0,0,0,1,0,0,0,1,0,0,0,0,1,0,0.0,1,1,0,0,2,1,0,0,3,0,0.0,7,0.4375
E0000020820260107140624591248525,5720116109,2026-01-07 14:06:37,fraud,1,0,1,0,0,0,0,390.0,5.968707559985366,1,390.0,245.14801780883462,0.0,141.85829999999999,1099.7618689083945,1,1,30,58.4516,611.0,611.0,0.0,0.0,597.0,1.0,0.0,0.6257463299861998,0.0,1.0,0.0,0.0,1.0,0.0,0.0,0.0,0,0,1.0234505862646566,1,6.225,0,0,0,0,1,0.0,1,1,1,14,2,0,0,1,0.0,7.0,30.0,26.0,-1.0,0.0,0.0,0,0,0,1,1,0,0,1,0,0,0,0,1,0,0.0,0,0,2,0,2,2,0,0,0,0,0.0,6,0.375
E0000020820260107175254286787525,57791740087,2026-01-07 17:52:54,normal,0,0,1,0,0,0,0,2316.48,7.748235667413559,11,224.0,847.9779543875376,11.1,1287.4167,7010.396518049263,3,1,55,284.9677,2055.0,764.9090909090909,0.0,0.0,626.0,10.34142857142857,2092.48,2.7317691315136914,2.4676113207581194,0.008621917052963505,-1276.3167,-0.18206055773221116,2.6865937722842883,1290.090909090909,0.0,0.0,0,0,3.2827476038338657,1,6.225,0,0,1,0,1,0.0,1,1,1,17,2,0,0,1,0.0,7.0,30.0,26.0,26.0,0.0,0.0,0,0,0,1,0,0,0,1,0,0,0,0,1,0,0.0,0,0,0,0,2,2,0,0,3,0,0.0,7,0.4375
E0000020820260107190349017263525,9111898151,2026-01-07 19:04:27,fraud,1,0,0,0,1,0,0,1000.0,6.90875477931522,1,1000.0,245.14801780883462,0.0,141.85829999999999,1099.7618689083945,3,1,20,24.4194,418.0,418.0,0.0,0.0,401.0,1.0,0.0,0.6257463299861998,0.0,1.0,0.0,0.0,1.0,0.0,0.0,0.0,0,0,1.0423940149625934,0,6.225,0,0,0,0,1,0.0,1,1,1,19,2,0,0,0,0.0,7.0,29.0,26.0,-1.0,0.0,0.0,0,0,0,0,1,0,0,1,0,0,0,0,1,0,0.0,0,0,3,1,2,0,0,0,0,0,0.0,5,0.3125
E0000020820260107192736225691525,9111898151,2026-01-07 19:28:00,fraud,1,0,0,0,1,0,0,499.99,6.21658614080582,2,499.99,353.56046166108564,23.55,23.55,1099.7618689083945,3,1,20,24.4194,510.0,464.0,0.0,0.0,497.0,1.0,0.0,1.4141569949619484,0.0,1.0,0.0,0.0,1.0991379310344827,46.0,0.0,0.0,0,0,1.0261569416498995,0,23.55,1,1,0,0,1,0.0,1,2,2,19,2,0,0,0,0.0,7.0,29.0,0.0,0.0,0.0,0.0,0,0,0,0,0,0,0,1,0,0,0,0,1,1,0.0,0,0,3,1,2,0,0,2,0,0,0.0,8,0.5
E0000020820260107201919128703525,9111898151,2026-01-07 20:19:39,fraud,1,0,0,0,1,0,0,380.0,5.942799375126701,3,499.99,328.83825816552024,51.65,23.55,19.869700551341985,3,1,20,24.4194,6284.0,2404.0,0.0,0.0,2869.0,0.760015200304006,-119.99000000000001,1.1555833014074888,-0.3648906324628542,2.193205944798301,28.099999999999998,1.414213562373095,2.6139767054908485,3880.0,0.0,0.0,0,0,2.1903102126176366,1,51.65,0,0,0,1,0,1.0,0,2,2,20,2,0,0,0,0.0,7.0,29.0,0.0,0.0,0.0,0.0,0,0,0,0,0,0,0,1,0,0,0,0,1,0,0.0,0,0,3,1,0,0,0,0,0,0,0.0,3,0.1875
E0000020820260107213315014551525,98621424134,2026-01-07 21:33:33,fraud,1,0,0,0,1,0,0,4999.0,8.517193191416238,1,4999.0,245.14801780883462,0.0,141.85829999999999,1099.7618689083945,1,1,43,229.3871,617.0,617.0,0.0,0.0,602.0,1.0,0.0,0.6257463299861998,0.0,1.0,0.0,0.0,1.0,0.0,0.0,0.0,0,0,1.0249169435215948,1,6.225,0,0,0,0,1,0.0,1,1,1,21,2,0,0,0,0.0,7.0,30.0,26.0,-1.0,0.0,0.0,0,0,0,1,1,0,0,1,0,0,0,0,1,0,0.0,0,0,0,0,2,0,0,0,0,0,0.0,2,0.125
E0000020820260107221042894347542,14095350962,2026-01-07 22:11:01,normal,0,0,0,0,0,1,0,30.0,3.4339872044851463,14,9.25,254.1110808645146,1.1833,986.05,3421.7306459881315,8,0,25,3.9032,544.0,614.0,0.0,0.0,527.5,3.2432432432432434,20.75,0.11805860609437656,0.08165720254861046,0.0012000405658942246,-984.8666999999999,-0.28782706819858084,0.9903709889194305,-5.666666666666657,0.0,0.0,0,0,1.0292595226805754,0,6.225,0,0,1,0,1,0.0,1,1,1,22,2,0,1,0,0.0,7.0,30.0,26.0,-1.0,0.0,0.0,1,1,1,1,1,1,1,1,0,0,0,1,1,0,0.0,0,0,3,1,2,0,3,0,0,0,0.0,8,0.5
E0000020820260107231619442885525,4378142112,2026-01-07 23:16:20,normal,0,0,1,0,0,0,0,20.0,3.044522437723423,238,50.0,262.84344291277506,16.9167,40.1667,522.5179056829888,21,1,18,206.9355,440.0,580.3983050847457,0.0,0.0,419.0,0.4,-30.0,0.07609092233142382,-0.11413638349713574,0.4211623060893725,-23.25,-0.044496082808128216,0.7581000773869494,-140.39830508474574,0.0,0.0,0,0,1.0501193317422435,0,6.225,0,0,1,0,1,0.0,1,1,1,23,2,0,1,0,0.0,7.0,30.0,0.0,0.0,0.0,0.0,0,0,0,1,0,0,0,1,0,0,0,0,1,0,0.0,0,0,0,0,2,2,3,0,0,0,0.0,7,0.4375
E0000020820260108112921351678525,2996502353,2026-01-08 11:29:58,normal,0,0,0,0,1,0,0,1300.0,7.170888478512505,3,150.0,678.8470618138767,17978.95,4762.9167,9345.146766817226,1,1,79,236.2903,478.0,456.0,0.0,0.0,464.0,8.666666666666666,1150.0,1.9150116029469215,1.6940487256838153,3.774777333393213,13216.033300000001,1.4142135623730951,1.0482456140350878,22.0,0.0,0.0,0,0,1.0301724137931034,0,6.225,0,0,0,0,1,0.0,1,1,1,11,3,0,0,1,0.0,7.0,30.0,26.0,26.0,0.0,0.0,0,0,0,1,0,0,0,1,0,0,0,0,1,0,0.0,3,1,0,0,2,0,0,0,3,0,0.0,8,0.5
E0000020820260108122131721969525,4940728498,2026-01-08 12:21:49,normal,0,0,0,0,0,1,0,35.0,3.58351893845611,68,50.0,300.0833526731139,1063.45,285.1667,997.7735492037892,7,2,42,34.6129,796.0,888.2205882352941,0.0,0.0,785.0,0.7,-15.0,0.11663426074196831,-0.04998611174655785,3.72922224088577,778.2833,0.7800199760968411,0.8961737777115515,-92.22058823529414,0.0,0.0,0,0,1.0140127388535032,1,6.225,0,0,0,0,1,0.0,1,1,1,12,3,0,0,1,0.0,7.0,30.0,0.0,0.0,0.0,0.0,0,0,0,0,0,0,0,1,0,0,0,0,1,0,0.0,0,0,2,0,2,0,0,0,0,0,0.0,4,0.25
E0000020820260108150928800418525,78518997100,2026-01-08 15:09:29,normal,0,0,1,0,0,0,0,21.32,3.1054831375131102,52,50.0,96.41610881363756,71.5167,439.5833,1251.4158423382205,7,1,48,276.4194,607.0,879.1730769230769,0.0,0.0,594.0,0.4264,-28.68,0.22112487490248514,-0.297460666613662,0.16269203129418247,-368.0666,-0.2941201378050978,0.690421506223068,-272.1730769230769,0.0,0.0,0,0,1.0218855218855218,1,6.225,0,0,1,0,1,0.0,1,1,1,15,3,0,0,1,0.0,7.0,30.0,26.0,26.0,0.0,0.0,0,0,0,1,0,0,0,1,0,0,0,0,1,0,0.0,0,0,0,0,2,2,0,0,3,0,0.0,7,0.4375
E0000020820260108162846608918525,73148636104,2026-01-08 16:28:47,normal,0,0,1,0,0,0,0,23.95,3.2168738221975275,64,200.0,1783.2091677383924,95.1,209.4333,1248.1927698228865,5,1,40,327.7097,544.0,741.984375,0.0,0.0,530.0,0.11975,-176.05,0.013430841672026224,-0.09872650005679402,0.45408251696363466,-114.33330000000001,-0.09159907248639443,0.7331690778528861,-197.984375,0.0,0.0,0,0,1.0264150943396226,1,6.225,0,0,1,0,1,0.0,1,1,1,16,3,0,0,1,0.0,7.0,30.0,0.0,0.0,0.0,0.0,0,0,0,0,0,0,0,1,0,0,0,0,1,0,0.0,0,0,0,0,2,2,0,0,0,0,0.0,4,0.25
E0000020820260108163604286656525,52750779120,2026-01-08 16:36:04,fraud,1,0,1,0,0,0,0,1000.0,6.90875477931522,1,1000.0,245.14801780883462,0.0,141.85829999999999,1099.7618689083945,1,1,77,399.5806,658.0,658.0,0.0,0.0,623.0,1.0,0.0,0.6257463299861998,0.0,1.0,0.0,0.0,1.0,0.0,0.0,0.0,0,0,1.0561797752808988,1,6.225,0,0,0,0,1,0.0,1,1,1,16,3,0,0,1,0.0,7.0,30.0,26.0,26.0,0.0,0.0,0,0,0,1,0,0,0,1,0,0,0,0,1,0,0.0,3,1,0,0,2,2,0,0,3,0,0.0,10,0.625
E0000020820260108184346244392525,35180528100,2026-01-08 18:47:29,fraud,1,0,0,0,1,0,0,4300.0,8.366602832783736,1,4300.0,245.14801780883462,0.0,141.85829999999999,1099.7618689083945,1,1,60,357.7742,2787.0,2787.0,0.0,0.0,2769.0,1.0,0.0,0.6257463299861998,0.0,1.0,0.0,0.0,1.0,0.0,0.0,0.0,0,0,1.0065005417118094,1,6.225,0,0,0,0,1,0.0,1,1,1,18,3,0,0,1,0.0,7.0,30.0,79.0,79.0,0.0,0.0,0,0,0,1,0,0,0,1,0,0,0,0,1,0,0.0,1,1,0,0,2,0,0,0,5,0,0.0,8,0.5
E0000020820260108203455853423525,69022950182,2026-01-08 20:34:56,fraud,1,0,1,0,0,0,0,999.99,6.90874478925533,1,999.99,245.14801780883462,0.0,141.85829999999999,1099.7618689083945,1,1,56,80.0645,608.0,608.0,0.0,0.0,593.0,1.0,0.0,0.6257463299861998,0.0,1.0,0.0,0.0,1.0,0.0,0.0,0.0,0,0,1.0252951096121417,1,6.225,0,0,0,0,1,0.0,1,1,1,20,3,0,0,0,0.0,7.0,30.0,26.0,26.0,0.0,0.0,0,0,0,1,0,0,0,1,0,0,0,0,1,0,0.0,0,0,1,0,2,2,0,0,3,0,0.0,8,0.5
E0000020820260108215035942953525,72426462191,2026-01-08 21:50:51,fraud,1,0,0,0,1,0,0,580.0,6.364750756851911,1,580.0,245.14801780883462,0.0,141.85829999999999,1099.7618689083945,1,1,42,202.1935,528.0,528.0,0.0,0.0,513.0,1.0,0.0,0.6257463299861998,0.0,1.0,0.0,0.0,1.0,0.0,0.0,0.0,0,0,1.0292397660818713,0,6.225,0,0,0,0,1,0.0,1,1,1,21,3,0,0,0,0.0,7.0,30.0,20.0,20.0,0.0,0.0,0,0,0,1,0,0,0,1,0,0,0,0,1,0,0.0,0,0,0,0,2,0,0,0,3,0,0.0,5,0.3125
E0000020820260109122309676972525,23926643153,2026-01-09 12:23:10,fraud,1,0,1,0,0,0,0,5089.0,8.53503310954457,1,5089.0,245.14801780883462,0.0,141.85829999999999,1099.7618689083945,2,1,79,692.4194,483.0,483.0,0.0,0.0,468.0,1.0,0.0,0.6257463299861998,0.0,1.0,0.0,0.0,1.0,0.0,0.0,0.0,0,0,1.0320512820512822,0,6.225,0,0,0,0,1,0.0,1,1,1,12,4,0,0,1,0.0,7.0,30.0,0.0,0.0,0.0,0.0,0,0,0,1,0,0,0,1,0,0,0,0,1,0,0.0,3,1,0,0,2,2,0,0,0,0,0.0,7,0.4375
E0000020820260109122714774476525,23926643153,2026-01-09 12:27:15,fraud,1,0,1,0,0,0,0,5149.0,8.546751993657782,2,5089.0,42.42640687119285,4.0833,4.0833,1099.7618689083945,2,1,79,692.4194,570.0,526.5,0.0,0.0,554.0,1.0117901355865593,60.0,121.3630938776511,1.414213562373095,1.0,0.0,0.0,1.0826210826210827,43.5,0.0,0.0,0,0,1.0288808664259927,1,4.083333333333333,1,1,0,1,0,1.0,0,1,1,12,4,0,0,1,0.0,7.0,30.0,0.0,0.0,0.0,0.0,0,0,0,1,0,0,0,1,0,0,0,0,1,1,0.0,3,1,0,0,0,2,0,2,0,0,0.0,8,0.5
E0000020820260109160830739875525,926850130,2026-01-09 16:09:07,fraud,1,0,0,0,1,0,0,7890.0,8.973478148521036,1,7890.0,245.14801780883462,0.0,141.85829999999999,1099.7618689083945,2,1,104,570.7419,614.0,614.0,0.0,0.0,599.0,1.0,0.0,0.6257463299861998,0.0,1.0,0.0,0.0,1.0,0.0,0.0,0.0,0,0,1.025041736227045,1,6.225,0,0,0,0,1,0.0,1,1,1,16,4,0,0,1,0.0,7.0,30.0,60.0,60.0,0.0,0.0,0,0,0,0,0,0,0,1,0,0,0,0,1,0,0.0,3,1,0,0,2,0,0,0,5,0,0.0,10,0.625
E0000020820260109161547964744525,926850130,2026-01-09 16:16:06,fraud,1,0,0,0,1,0,0,10000.0,9.210440366976517,2,7890.0,1491.9953083036153,6.9833,6.9833,1099.7618689083945,2,1,104,570.7419,421.0,517.5,0.0,0.0,407.0,1.267427122940431,2110.0,6.702433944896185,1.4142135623730951,1.0,0.0,0.0,0.8135265700483092,-96.5,0.0,0.0,0,0,1.0343980343980343,0,6.983333333333333,1,1,0,1,0,1.0,0,1,1,16,4,0,0,1,0.0,7.0,30.0,60.0,60.0,0.0,0.0,0,0,0,0,0,0,0,1,0,0,0,0,1,1,0.0,3,1,0,0,0,0,0,2,5,0,0.0,11,0.6875
E0000020820260109165525797944525,84431911120,2026-01-09 16:56:23,fraud,1,0,0,0,0,1,0,3000.0,8.006700845440367,1,3000.0,245.14801780883462,0.0,141.85829999999999,1099.7618689083945,1,1,48,321.2903,878.0,878.0,0.0,0.0,867.0,1.0,0.0,0.6257463299861998,0.0,1.0,0.0,0.0,1.0,0.0,0.0,0.0,0,0,1.0126874279123415,1,6.225,0,0,0,0,1,0.0,1,1,1,16,4,0,0,1,0.0,7.0,30.0,0.0,0.0,0.0,0.0,0,0,0,1,0,0,0,1,0,0,0,0,1,0,0.0,0,0,0,0,2,0,0,0,0,0,0.0,2,0.125
E0000020820260109184137612886525,79139736172,2026-01-09 18:41:38,fraud,1,0,1,0,0,0,0,1599.0,7.3777589082278725,1,1599.0,245.14801780883462,0.0,141.85829999999999,1099.7618689083945,8,1,52,38.4516,610.0,610.0,0.0,0.0,592.0,1.0,0.0,0.6257463299861998,0.0,1.0,0.0,0.0,1.0,0.0,0.0,0.0,0,0,1.0304054054054055,1,6.225,0,0,0,0,1,0.0,1,1,1,18,4,0,0,1,0.0,7.0,30.0,0.0,0.0,0.0,0.0,0,0,0,1,0,0,0,1,0,0,0,0,1,0,0.0,0,0,2,0,2,2,0,0,0,0,0.0,6,0.375
E0000020820260109191906570429525,79139736172,2026-01-09 19:19:55,fraud,1,1,0,0,1,0,0,1999.99,7.601397337069996,2,1599.0,283.5427481879937,38.2833,38.2833,1099.7618689083945,8,1,52,38.4516,4116.0,2363.0,0.0,0.0,4100.0,1.2507754846779238,400.99,7.0535748587510065,1.414213562373095,1.0,0.0,0.0,1.7418535759627591,1753.0,0.0,0.0,0,0,1.0039024390243902,1,38.28333333333333,0,0,0,0,1,0.0,1,2,2,19,4,0,0,0,0.0,7.0,30.0,0.0,0.0,0.0,0.0,0,0,0,1,0,0,0,1,0,0,0,0,1,0,0.0,0,0,2,0,2,0,0,0,0,0,0.0,4,0.25
E0000020820260109192834469235525,79139736172,2026-01-09 19:29:19,fraud,1,1,1,0,0,0,0,1990.0,7.596392304064196,3,1990.0,228.68237805596948,9.4,9.4,20.42357729304541,8,1,52,38.4516,787.0,1837.6666666666667,0.0,0.0,731.0,1.0,0.0,8.702026001815288,0.0,1.0,0.0,0.0,0.428260475240341,-1050.6666666666667,0.0,0.0,0,0,1.076607387140903,1,9.4,1,1,0,1,0,0.0,1,2,3,19,4,0,0,0,0.0,7.0,30.0,0.0,0.0,0.0,0.0,0,0,0,1,0,0,0,1,0,0,0,0,1,1,0.0,0,0,2,0,1,2,0,2,0,0,0.0,8,0.5
E0000020820260109192959722669525,79139736172,2026-01-09 19:30:36,fraud,1,1,1,0,0,0,0,1888.88,7.54426861397449,4,1888.88,187.1663433731254,1.2833,9.4,19.447047067099927,8,1,52,38.4516,951.0,1616.0,0.0,0.0,936.0,1.0,0.0,10.09198537492622,0.0,0.1365212765957447,-8.1167,-0.4173744204965518,0.588490099009901,-665.0,0.0,0.0,0,0,1.016025641025641,1,1.2833333333333334,2,1,1,2,0,1.0,0,2,3,19,4,0,0,0,0.0,7.0,30.0,0.0,0.0,0.0,0.0,0,0,0,1,0,0,0,1,0,0,0,0,1,2,0.0,0,0,2,0,1,2,0,3,0,0,0.0,10,0.625
E0000020820260109193101947262525,79139736172,2026-01-09 19:31:23,fraud,1,1,1,0,0,0,0,1200.0,7.0909098220799835,5,1888.88,340.4567179246137,0.7833,1.2833,17.67737102595198,8,1,52,38.4516,464.0,1385.6,0.0,0.0,445.0,0.6352971072805048,-688.8800000000001,3.524677108194741,-2.023399638577661,0.6103794903763734,-0.5000000000000001,-0.028284748861465592,0.3348729792147806,-921.5999999999999,0.0,0.0,0,0,1.0426966292134832,0,0.7833333333333333,3,1,1,3,0,2.0,0,2,3,19,4,0,0,0,0.0,7.0,30.0,0.0,0.0,0.0,0.0,0,0,0,1,0,0,0,1,0,0,0,0,1,2,0.0,0,0,2,0,1,2,0,4,0,0,0.0,11,0.6875
E0000020820260109193452994724525,79139736172,2026-01-09 19:35:33,fraud,1,1,1,0,0,0,0,1999.98,7.601392339531285,6,1888.88,323.0795210109528,4.1667,4.1667,15.749546933547007,8,1,52,38.4516,473.0,1233.5,0.0,0.0,454.0,1.0588179238490534,111.09999999999991,6.1903645076043,0.34387818717929036,1.0,0.0,0.0,0.38346169436562627,-760.5,0.0,0.0,0,0,1.0418502202643172,0,4.166666666666667,4,1,1,4,0,3.0,0,2,3,19,4,0,0,0,0.0,7.0,30.0,0.0,0.0,0.0,0.0,0,0,0,1,0,0,0,1,0,0,0,0,1,2,0.0,0,0,2,0,1,2,0,4,0,0,0.0,11,0.6875
E0000020820260109193559265142525,79139736172,2026-01-09 19:36:32,fraud,1,1,1,0,0,0,0,1777.99,7.483801066514567,7,1888.88,294.9305632323843,0.9833,1.2833,14.64395147798799,8,1,52,38.4516,460.0,1123.0,0.0,0.0,445.0,0.9412932531447207,-110.8900000000001,6.028503728177776,-0.37598680443513977,0.7662276942258239,-0.30000000000000016,-0.020486273834691697,0.40961709706144256,-663.0,0.0,0.0,0,0,1.0337078651685394,0,0.9833333333333333,5,1,1,5,0,4.0,0,2,3,19,4,0,0,0,0.0,7.0,30.0,0.0,0.0,0.0,0.0,0,0,0,1,0,0,0,1,0,0,0,0,1,2,0.0,0,0,2,0,1,2,0,4,0,0,0.0,11,0.6875
E0000020820260109193818491142525,79139736172,2026-01-09 19:38:51,fraud,1,1,1,0,0,0,0,300.0,5.707110264748875,8,1777.99,590.0321216195413,2.3167,2.3167,13.61524756942255,8,1,52,38.4516,572.0,1054.125,0.0,0.0,557.0,0.16872985787321637,-1477.99,0.508446894681851,-2.50493141956943,1.0,0.0,0.0,0.5426301434839321,-482.125,0.0,0.0,0,0,1.0269299820466786,1,2.316666666666667,6,1,1,6,0,5.0,0,2,3,19,4,0,0,0,0.0,7.0,30.0,0.0,0.0,0.0,0.0,0,0,0,1,0,0,0,1,0,0,0,0,1,2,0.0,0,0,2,0,1,2,0,4,0,0,0.0,11,0.6875
E0000020820260109214031252629525,12858655707,2026-01-09 21:40:31,normal,0,0,1,0,0,0,0,6.0,1.9459101490553132,4,13.97,90.99100811801864,40.7,40.7,58.176662608157,5,1,37,1.9677,371.0,372.25,0.0,0.0,358.0,0.4294917680744452,-7.970000000000001,0.06594058164755996,-0.08759107262184217,1.0,0.0,0.0,0.9966420416386836,-1.25,0.0,0.0,0,0,1.0363128491620113,0,6.225,0,0,0,0,1,0.0,1,1,1,21,4,0,0,0,0.0,7.0,30.0,20.0,20.0,0.0,0.0,0,0,0,0,0,0,0,1,0,0,0,0,1,0,0.0,0,0,3,1,2,2,0,0,3,0,0.0,10,0.625
E0000020820260109224130839998525,23931698149,2026-01-09 22:42:19,fraud,1,0,0,0,1,0,0,5000.0,8.517393171418904,1,5000.0,245.14801780883462,0.0,141.85829999999999,1099.7618689083945,2,1,78,389.3871,362.0,362.0,0.0,0.0,348.0,1.0,0.0,0.6257463299861998,0.0,1.0,0.0,0.0,1.0,0.0,0.0,0.0,0,0,1.0402298850574712,0,6.225,0,0,0,0,1,0.0,1,1,1,22,4,0,1,0,0.0,7.0,30.0,79.0,79.0,0.0,0.0,0,0,0,1,0,0,0,1,0,0,0,0,1,0,0.0,3,1,0,0,2,0,3,0,5,0,0.0,13,0.8125
E0000020820260109224334661387525,23931698149,2026-01-09 22:44:08,fraud,1,0,0,0,0,1,0,7000.0,8.853808274977197,2,5000.0,1414.213562373095,1.8167,1.8167,1099.7618689083945,2,1,78,389.3871,320.0,341.0,0.0,0.0,307.0,1.4,2000.0,4.949747468305833,1.414213562373095,1.0,0.0,0.0,0.9384164222873901,-21.0,0.0,0.0,0,0,1.0423452768729642,0,1.8166666666666667,1,1,0,0,1,0.0,1,2,2,22,4,0,1,0,0.0,7.0,30.0,79.0,79.0,0.0,0.0,0,0,0,1,0,0,0,1,0,0,0,0,1,1,0.0,3,1,0,0,2,0,3,2,5,0,0.0,16,1.0
E0000020820260110123027121769525,4100769105,2026-01-10 12:30:42,normal,0,0,0,0,0,1,0,2.0,1.0986122886681098,23,30.0,1297.433321316838,1046.7,1064.8667,3671.2170753266128,3,1,32,18.9355,656.0,447.1739130434783,0.0,0.0,642.0,0.06666666666666667,-28.0,0.0015415050370142242,-0.021581070518199137,0.9829399304157037,-18.16669999999999,-0.004948413462689012,1.4669907632474475,208.8260869565217,0.0,0.0,0,0,1.0218068535825544,1,6.225,0,0,0,0,1,0.0,1,1,1,12,5,1,0,1,0.0,7.0,30.0,0.0,0.0,0.0,0.0,0,0,0,1,0,0,0,1,0,0,0,0,1,0,0.0,0,0,3,1,2,0,0,0,0,0,0.0,5,0.3125
E0000020820260110123256213340525,3631289138,2026-01-10 12:33:25,normal,0,0,0,0,0,1,0,338.8,5.828357209237832,17,80.93,590.7070373825212,1233.2167,915.8167,2597.1897498635544,8,1,27,91.9032,476.0,599.5294117647059,0.0,0.0,462.0,4.186333868775485,257.87,0.573549963957184,0.43654465527048125,1.3465759032347848,317.4,0.12220901457688059,0.793956043956044,-123.52941176470586,0.0,0.0,0,0,1.0303030303030303,0,6.225,0,0,0,0,1,0.0,1,1,1,12,5,1,0,1,0.0,7.0,30.0,26.0,26.0,0.0,0.0,0,0,0,1,0,0,0,1,0,0,0,0,1,0,0.0,0,0,0,0,2,0,0,0,3,0,0.0,5,0.3125
E0000020820260110193216075277525,73603830130,2026-01-10 19:32:17,normal,0,0,1,0,0,0,0,17.0,2.8903717578961645,24,29.16,194.24995488034097,142.5167,646.0,3540.4064398044943,5,1,38,110.8387,510.0,616.5,0.0,0.0,497.0,0.5829903978052127,-12.16,0.08751610784399973,-0.06259975714017862,0.22061408668730648,-503.4833,-0.1422105932074293,0.8272506082725061,-106.5,0.0,0.0,0,0,1.0261569416498995,0,6.225,0,0,1,0,1,0.0,1,1,1,19,5,1,0,0,0.0,7.0,30.0,0.0,0.0,0.0,0.0,0,0,0,1,0,0,0,1,0,0,0,0,1,0,0.0,0,0,0,0,2,2,0,0,0,0,0.0,4,0.25
E0000020820260110193448383477525,15133290144,2026-01-10 19:35:56,normal,0,0,0,0,0,1,0,800.0,6.68586094706836,5,200.0,585.3887597144311,1244.2667,13123.2333,7800.25399767868,2,1,73,365.8387,380.0,380.8,0.0,0.0,368.0,4.0,600.0,1.3666131894815716,1.0249598921111787,0.0948140348918433,-11878.9666,-1.5228948446467416,0.9978991596638656,-0.8000000000000114,0.0,0.0,0,0,1.0326086956521738,0,6.225,0,0,1,0,1,0.0,1,1,1,19,5,1,0,0,0.0,7.0,30.0,26.0,26.0,0.0,0.0,0,0,0,1,0,0,0,1,0,0,0,0,1,0,0.0,2,1,0,0,2,0,0,0,3,0,0.0,7,0.4375
E0000020820260110194609485285525,8385346198,2026-01-10 19:46:10,normal,0,0,1,0,0,0,0,17.82,2.9349201341572337,82,20.0,63.232332905534186,464.2667,86.0833,1120.445725785267,16,1,25,36.3226,641.0,853.1829268292682,0.0,0.0,626.0,0.891,-2.1799999999999997,0.2818178482616188,-0.03447603306455269,5.393226096118528,378.1834,0.337529423600549,0.7513042981089465,-212.18292682926824,0.0,0.0,0,0,1.023961661341853,1,6.225,0,0,0,0,1,0.0,1,1,1,19,5,1,0,0,0.0,7.0,30.0,26.0,26.0,0.0,0.0,0,0,0,1,0,0,0,1,0,0,0,0,1,0,0.0,0,0,2,0,2,2,0,0,3,0,0.0,9,0.5625
E0000020820260110204335076408525,99382750100,2026-01-10 20:43:55,normal,0,0,0,0,0,1,0,140.0,4.948759890378168,7,140.0,569.7793550681744,10198.6167,6925.2333,5328.993587014253,2,1,43,205.4839,383.0,754.5714285714286,0.0,0.0,363.0,1.0,0.0,0.2457091482074652,0.0,1.472674819489475,3273.3834000000006,0.6142592117161889,0.5075728890571753,-371.57142857142856,0.0,0.0,0,0,1.0550964187327823,0,6.225,0,0,0,0,1,0.0,1,1,1,20,5,1,0,0,0.0,7.0,30.0,0.0,0.0,0.0,0.0,0,0,0,1,0,0,0,1,0,0,0,0,1,0,0.0,0,0,0,0,2,0,0,0,0,0,0.0,2,0.125
E0000020820260110222147088952525,40814262015,2026-01-10 22:22:02,normal,0,0,0,0,0,1,0,125.0,4.836281906951478,78,51.21,120.6457243022213,40.1167,207.4167,978.6152841965896,11,1,66,37.1935,490.0,550.8205128205128,0.0,0.0,475.0,2.440929505955868,73.78999999999999,1.0360914215813493,0.6116254879879021,0.19341113806168936,-167.29999999999998,-0.17095584209820275,0.8895819756074853,-60.82051282051282,0.0,0.0,0,0,1.0315789473684212,0,6.225,0,0,1,0,1,0.0,1,1,1,22,5,1,1,0,0.0,7.0,30.0,26.0,26.0,0.0,0.0,0,0,0,1,0,0,0,1,0,0,0,0,1,0,0.0,2,1,2,0,2,0,3,0,3,0,0.0,12,0.75
E0000020820260111005932836273525,950014761,2026-01-11 00:59:43,normal,0,0,1,0,0,0,0,60.34,4.116432158686106,51,121.92,360.76868118178857,3605.2833,429.2667,1226.6524731675977,6,1,57,325.0968,623.0,858.8,0.0,0.0,609.0,0.4949146981627297,-61.58,0.16725398613410997,-0.17069109158333595,8.398702484958651,3176.0166,2.589173926172047,0.7254308337214719,-235.79999999999995,0.0,0.0,0,0,1.0229885057471264,1,6.225,0,0,0,0,1,0.0,1,1,1,0,6,1,1,0,0.0,7.0,30.0,0.0,0.0,0.0,0.0,0,0,0,1,0,0,0,1,0,0,0,0,1,0,0.0,0,0,0,0,2,2,3,0,0,0,0.0,7,0.4375
E0000020820260111044932436896525,3705281313,2026-01-11 04:49:32,normal,0,0,1,0,0,0,0,45.88,3.8475911452687575,127,17.0,93.9021304728976,62.6167,137.0333,545.9641061822397,12,2,36,38.5161,1357.0,1400.8661417322835,0.0,0.0,1348.0,2.698823529411765,28.880000000000003,0.4885938132494456,0.30755425733748887,0.456945136693052,-74.41659999999999,-0.13630309970443397,0.9686864144792311,-43.866141732283495,0.0,0.0,0,0,1.0066765578635015,1,6.225,0,0,1,0,1,0.0,1,1,1,4,6,1,1,0,0.0,7.0,30.0,20.0,20.0,0.0,0.0,0,0,0,1,0,0,0,1,0,0,0,0,1,0,0.0,0,0,2,0,2,2,3,0,3,0,0.0,12,0.75
E0000020820260111174338182329525,9355704119,2026-01-11 17:43:52,normal,0,0,0,0,0,1,0,15.0,2.772588722239781,32,15.0,73.03355939831427,2440.1833,880.0333,1098.893152007941,4,1,19,12.4194,389.0,1404.28125,0.0,0.0,376.0,1.0,0.0,0.20538503290237042,0.0,2.772830641749579,1560.15,1.4197467671440418,0.2770100362730044,-1015.28125,0.0,0.0,0,0,1.0345744680851063,0,6.225,0,0,0,0,1,0.0,1,1,1,17,6,1,0,1,0.0,7.0,30.0,0.0,0.0,0.0,0.0,0,0,0,1,0,0,0,1,0,0,0,0,1,0,0.0,0,0,3,1,2,0,0,0,0,0,0.0,5,0.3125
E0000020820260112124228113192525,3159714101,2026-01-12 12:42:46,normal,0,0,0,0,1,0,0,10.0,2.3978952727983707,27,50.0,45.133722596132216,771.4333,690.6167,3020.905830370681,3,1,37,9.3226,2306.0,548.6296296296297,0.0,0.0,2268.0,0.2,-40.0,0.22156382023885973,-0.8862552809554389,1.117020917681255,80.8166,0.026752439347003203,4.203199891986768,1757.3703703703704,0.0,0.0,0,0,1.0167548500881833,1,6.225,0,0,0,0,1,0.0,1,1,1,12,0,0,0,1,0.0,7.0,30.0,0.0,0.0,0.0,0.0,0,0,0,1,0,0,0,1,0,0,0,0,1,0,0.0,0,0,3,1,2,0,0,0,0,0,0.0,5,0.3125
E0000020820260112125310669722525,4263696700,2026-01-12 12:53:11,fraud,1,0,0,0,1,0,0,546.0,6.304448802421981,1,546.0,245.14801780883462,0.0,141.85829999999999,1099.7618689083945,1,1,50,192.2581,600.0,600.0,0.0,0.0,588.0,1.0,0.0,0.6257463299861998,0.0,1.0,0.0,0.0,1.0,0.0,0.0,0.0,0,0,1.0204081632653061,1,6.225,0,0,0,0,1,0.0,1,1,1,12,0,0,0,1,0.0,7.0,30.0,50.0,50.0,0.0,0.0,0,0,0,1,0,0,0,1,0,0,0,0,1,0,0.0,0,0,0,0,2,0,0,0,4,0,0.0,6,0.375
E0000020820260112130839153718525,88996913120,2026-01-12 13:09:03,normal,0,0,0,0,1,0,0,2000.0,7.601402334583733,40,50.0,310.38111391749766,95.15,424.35,2190.2626119788965,6,1,44,11.871,654.0,538.6,0.0,0.0,633.0,40.0,1950.0,6.443691031186967,6.282598755407293,0.2242252857311182,-329.20000000000005,-0.15030161141387913,1.2142591904938729,115.39999999999998,0.0,0.0,0,0,1.033175355450237,1,6.225,0,0,1,0,1,0.0,1,1,1,13,0,0,0,1,0.0,7.0,30.0,0.0,0.0,0.0,0.0,0,0,0,1,0,0,0,1,0,0,0,0,1,0,0.0,0,0,3,1,2,0,0,0,0,0,0.0,5,0.3125
E0000020820260112173230424735525,72433043115,2026-01-12 17:32:50,normal,0,0,0,0,0,1,0,30.0,3.4339872044851463,14,74.0,133.83597233221678,4018.7333,3031.45,4544.316224479908,4,1,46,160.1935,960.0,647.6428571428571,0.0,0.0,422.0,0.40540540540540543,-44.0,0.22415498223102495,-0.32876064060550325,1.3256802190370944,987.2833,0.2172567337373168,1.4822984449101138,312.3571428571429,0.0,0.0,0,0,2.2748815165876777,0,6.225,0,0,0,0,1,0.0,1,1,1,17,0,0,0,1,0.0,7.0,30.0,26.0,26.0,0.0,0.0,0,0,0,0,0,0,0,1,0,0,0,0,1,0,0.0,0,0,0,0,2,0,0,0,3,0,0.0,5,0.3125
E0000020820260112184119355338525,7309333187,2026-01-12 18:41:20,fraud,1,0,1,0,0,0,0,826.0,6.717804695023691,1,826.0,245.14801780883462,0.0,141.85829999999999,1099.7618689083945,2,1,80,614.9677,541.0,541.0,0.0,0.0,528.0,1.0,0.0,0.6257463299861998,0.0,1.0,0.0,0.0,1.0,0.0,0.0,0.0,0,0,1.0246212121212122,1,6.225,0,0,0,0,1,0.0,1,1,1,18,0,0,0,1,0.0,7.0,30.0,0.0,0.0,0.0,0.0,0,0,0,1,0,0,0,1,0,0,0,0,1,0,0.0,3,1,0,0,2,2,0,0,0,0,0.0,7,0.4375
E0000020820260112184955006487525,7309333187,2026-01-12 18:49:56,fraud,1,0,1,0,0,0,0,550.0,6.311734809152915,2,550.0,195.16147160748716,8.6,8.6,1099.7618689083945,2,1,80,614.9677,847.0,694.0,0.0,0.0,832.0,1.0,0.0,2.818179200381167,0.0,1.0,0.0,0.0,1.2204610951008645,153.0,0.0,0.0,0,0,1.0180288461538463,1,8.6,1,1,0,1,0,1.0,0,1,1,18,0,0,0,1,0.0,7.0,30.0,0.0,0.0,0.0,0.0,0,0,0,1,0,0,0,1,0,0,0,0,1,1,0.0,3,1,0,0,0,2,0,2,0,0,0.0,8,0.5
E0000020820260112201420510823525,12115913442,2026-01-12 20:14:43,normal,0,0,0,0,1,0,0,16.0,2.833213344056216,44,20.0,96.2142077564805,10.0,353.5,1787.9890710914208,6,3,36,9.5484,450.0,560.4090909090909,0.0,0.0,437.0,0.8,-4.0,0.1662956061592922,-0.04157390153982305,0.028288543140028287,-343.5,-0.19211526823836872,0.8029848325087193,-110.40909090909088,0.0,0.0,0,0,1.0297482837528604,0,6.225,0,0,1,0,1,0.0,1,1,1,20,0,0,0,0,0.0,7.0,30.0,50.0,50.0,0.0,0.0,0,0,0,1,0,0,0,1,0,0,0,0,1,0,0.0,0,0,3,1,2,0,0,0,4,0,0.0,9,0.5625
E0000020820260112201910194662525,26429772187,2026-01-12 20:19:39,fraud,1,0,0,0,1,0,0,22103.0,10.003513866603253,1,22103.0,245.14801780883462,0.0,141.85829999999999,1099.7618689083945,1,1,64,37.9355,434.0,434.0,0.0,0.0,419.0,1.0,0.0,0.6257463299861998,0.0,1.0,0.0,0.0,1.0,0.0,0.0,0.0,0,0,1.035799522673031,0,6.225,0,0,0,0,1,0.0,1,1,1,20,0,0,0,0,0.0,7.0,30.0,0.0,0.0,0.0,0.0,0,0,0,0,0,0,0,1,0,0,0,0,1,0,0.0,1,1,2,0,2,0,0,0,0,0,0.0,5,0.3125
E0000020820260113013455330253525,72676680110,2026-01-13 01:34:56,normal,0,0,1,0,0,0,0,134.22,4.906903081662532,30,35.9,364.7651767642918,165.4167,914.25,2211.4411906913588,4,1,45,138.1613,554.0,757.0666666666667,0.0,0.0,540.0,3.7387186629526465,98.32,0.36796275672645096,0.269543274037734,0.18093158326497127,-748.8333,-0.33861777701892837,0.7317717506164142,-203.06666666666672,0.0,0.0,0,0,1.025925925925926,1,6.225,0,0,1,0,1,0.0,1,1,1,1,1,0,1,0,0.0,7.0,30.0,0.0,0.0,0.0,0.0,0,0,0,0,0,0,0,1,0,0,0,0,1,0,0.0,0,0,0,0,2,2,3,0,0,0,0.0,7,0.4375
E0000020820260113052822785454525,85508446400,2026-01-13 05:28:23,normal,0,0,1,0,0,0,0,20.0,3.044522437723423,557,10.0,30.958513963478783,23.5,8.6833,421.2988559075271,51,3,53,34.6129,1147.0,1359.269927536232,0.0,0.0,1138.0,2.0,10.0,0.646025840374433,0.3230129201872165,2.706344362166458,14.8167,0.03516909621813022,0.8438353389300788,-212.269927536232,0.0,0.0,0,0,1.007908611599297,1,6.225,0,0,0,0,1,0.0,1,1,1,5,1,0,1,0,0.0,7.0,30.0,0.0,0.0,0.0,0.0,0,0,0,1,0,0,0,1,0,0,0,0,1,0,0.0,0,0,2,0,2,2,3,0,0,0,0.0,9,0.5625
E0000020820260113122307544314525,91860873120,2026-01-13 12:26:28,fraud,1,0,0,0,1,0,0,7274.0,8.892199092039693,1,7274.0,245.14801780883462,0.0,141.85829999999999,1099.7618689083945,1,1,65,9.3548,4835.0,4835.0,0.0,0.0,2733.0,1.0,0.0,0.6257463299861998,0.0,1.0,0.0,0.0,1.0,0.0,0.0,0.0,0,0,1.76911818514453,1,6.225,0,0,0,0,1,0.0,1,1,1,12,1,0,0,1,0.0,7.0,30.0,0.0,0.0,0.0,0.0,0,0,0,1,0,0,0,1,0,0,0,0,1,0,0.0,1,1,3,1,2,0,0,0,0,0,0.0,6,0.375
E0000020820260113172449460917525,42670713149,2026-01-13 17:25:11,normal,0,0,0,0,1,0,0,65.0,4.189654742026425,37,70.0,156.22862978569168,4756.95,901.3667,1580.4691823254211,5,2,57,325.0968,647.0,602.2777777777778,0.0,0.0,631.0,0.9285714285714286,-5.0,0.4160569038412771,-0.032004377218559775,5.27748584455139,3855.5833,2.4395181779673125,1.0742551425145281,44.72222222222217,0.0,0.0,0,0,1.0253565768621236,1,6.225,0,0,0,0,1,0.0,1,1,1,17,1,0,0,1,0.0,7.0,30.0,0.0,0.0,0.0,0.0,0,0,0,0,0,0,0,1,0,0,0,0,1,0,0.0,0,0,0,0,2,0,0,0,0,0,0.0,2,0.125
E0000020820260113183501905554525,72426462191,2026-01-13 18:35:14,fraud,1,0,0,0,0,1,0,516.0,6.248042874508429,2,516.0,45.254833995939045,7004.3833,7004.3833,1099.7618689083945,1,2,42,202.1935,637.0,582.5,0.0,0.0,619.0,1.0,0.0,11.402096846633079,0.0,1.0,0.0,0.0,1.0935622317596567,54.5,0.0,0.0,0,0,1.0290791599353797,1,7004.383333333333,0,0,0,0,1,0.0,1,2,2,18,1,0,0,1,0.0,7.0,30.0,20.0,20.0,0.0,0.0,0,0,0,0,0,0,0,1,0,0,0,0,1,0,0.0,0,0,0,0,2,0,0,0,3,0,0.0,5,0.3125
E0000020820260113203706668321525,6070310420,2026-01-13 20:37:54,normal,0,0,0,0,0,1,0,22.0,3.1354942159291497,20,20.0,280.8330883802878,9.7,404.1833,3151.6447327833453,5,1,72,379.4194,348.0,397.3,0.0,0.0,334.0,1.1,2.0,0.07833834726130591,0.007121667932845992,0.023999012329307026,-394.4833,-0.12516743905066222,0.875912408759124,-49.30000000000001,0.0,0.0,0,0,1.0419161676646707,0,6.225,0,0,1,0,1,0.0,1,1,1,20,1,0,0,0,0.0,7.0,30.0,0.0,0.0,0.0,0.0,0,0,0,1,0,0,0,1,0,0,0,0,1,0,0.0,2,1,0,0,2,0,0,0,0,0,0.0,4,0.25
E0000020820260113213356224809525,26004127,2026-01-13 21:34:10,normal,0,0,0,0,1,0,0,30.0,3.4339872044851463,30,39.79,146.05688747016094,40.6333,572.1167,3640.0873876260166,4,1,41,214.7097,541.0,1254.8333333333333,0.0,0.0,528.0,0.7539582809751194,-9.79,0.2053994201822829,-0.06702867745281832,0.07102274763173316,-531.4834000000001,-0.14600841776675633,0.43113295258334444,-713.8333333333333,0.0,0.0,0,0,1.0246212121212122,1,6.225,0,0,1,0,1,0.0,1,1,1,21,1,0,0,0,0.0,7.0,30.0,0.0,0.0,0.0,0.0,0,0,0,1,0,0,0,1,0,0,0,0,1,0,0.0,0,0,0,0,2,0,0,0,0,0,0.0,2,0.125
E0000020820260114123652170165525,1557678103,2026-01-14 12:36:53,normal,0,0,1,0,0,0,0,32.0,3.4965075614664802,85,13.0,260.96735871810193,3.5833,162.0667,1296.9696312651904,12,1,48,231.7742,544.0,605.7831325301205,0.0,0.0,527.5,2.4615384615384617,19.0,0.12262069922149359,0.07280604016276182,0.022110032474283735,-158.4834,-0.12219515105022147,0.9903709889194305,-5.666666666666657,0.0,0.0,0,0,1.0292595226805754,0,6.225,0,0,1,0,1,0.0,1,1,1,12,2,0,0,1,0.0,7.0,30.0,26.0,-1.0,0.0,0.0,1,1,1,1,1,1,1,1,0,0,0,1,1,0,0.0,0,0,0,0,2,2,0,0,0,0,0.0,4,0.25
E0000020820260114163551690898525,5345419175,2026-01-14 16:39:19,fraud,1,0,0,0,1,0,0,2612.3,7.868369069492956,1,2612.3,245.14801780883462,0.0,141.85829999999999,1099.7618689083945,1,1,27,170.5806,546.0,546.0,0.0,0.0,531.0,1.0,0.0,0.6257463299861998,0.0,1.0,0.0,0.0,1.0,0.0,0.0,0.0,0,0,1.0282485875706215,1,6.225,0,0,0,0,1,0.0,1,1,1,16,2,0,0,1,0.0,7.0,29.0,0.0,0.0,0.0,0.0,0,0,0,1,0,0,0,1,0,0,0,0,1,0,0.0,0,0,0,0,2,0,0,0,0,0,0.0,2,0.125
E0000020820260114165407942421525,35913061187,2026-01-14 16:54:09,fraud,1,0,1,0,0,0,0,5999.0,8.699514748210191,1,5999.0,245.14801780883462,0.0,141.85829999999999,1099.7618689083945,1,1,59,418.3548,547.0,547.0,0.0,0.0,532.0,1.0,0.0,0.6257463299861998,0.0,1.0,0.0,0.0,1.0,0.0,0.0,0.0,0,0,1.0281954887218046,1,6.225,0,0,0,0,1,0.0,1,1,1,16,2,0,0,1,0.0,7.0,30.0,26.0,26.0,0.0,0.0,0,0,0,1,0,0,0,1,0,0,0,0,1,0,0.0,0,0,0,0,2,2,0,0,3,0,0.0,7,0.4375
E0000020820260114170642124539525,82997012104,2026-01-14 17:07:24,normal,0,0,0,1,0,0,0,385.0,5.955837369464831,35,20.0,127.1546874744407,31.8333,103.7,5772.884990504776,8,1,50,191.3871,810.0,1086.4,0.0,0.0,793.0,19.25,365.0,3.027808157504132,2.8705194220493717,0.30697492767598844,-71.86670000000001,-0.012449009484548218,0.745581737849779,-276.4000000000001,0.0,0.0,0,0,1.021437578814628,1,6.225,0,0,1,0,1,0.0,1,1,1,17,2,0,0,1,0.0,7.0,29.0,0.0,0.0,0.0,0.0,0,0,0,1,0,0,0,1,0,0,0,0,1,0,0.0,0,0,0,0,2,1,0,0,0,0,0.0,3,0.1875
E0000020820260114210753065709525,2532865571,2026-01-14 21:08:14,normal,0,0,0,0,0,1,0,15.0,2.772588722239781,59,30.0,150.1668897125007,16.25,156.2167,2233.995004040444,14,1,44,116.1935,549.0,779.1355932203389,0.0,0.0,535.0,0.5,-15.0,0.09988886384154308,-0.09988886384154308,0.1040221692047009,-139.9667,-0.06265309445493551,0.7046270312601971,-230.13559322033893,0.0,0.0,0,0,1.0261682242990655,1,6.225,0,0,1,0,1,0.0,1,1,1,21,2,0,0,0,0.0,7.0,30.0,20.0,20.0,0.0,0.0,0,0,0,1,0,0,0,1,0,0,0,0,1,0,0.0,0,0,0,0,2,0,0,0,3,0,0.0,5,0.3125
E0000020820260114212115833825525,2230849131,2026-01-14 21:21:30,normal,0,0,0,0,1,0,0,190.0,5.25227342804663,8,57.95,54.560185100623386,8564.3667,3649.4167,3629.611629263395,2,1,34,66.871,494.0,737.125,0.0,0.0,480.0,3.2786885245901636,132.05,3.4823928776925857,2.4202630499963473,2.346776869848817,4914.950000000001,1.3541255930451865,0.670171273528913,-243.125,0.0,0.0,0,0,1.0291666666666666,0,6.225,0,0,0,0,1,0.0,1,1,1,21,2,0,0,0,0.0,7.0,30.0,0.0,0.0,0.0,0.0,0,0,0,1,0,0,0,1,0,0,0,0,1,0,0.0,0,0,1,0,2,0,0,0,0,0,0.0,3,0.1875
E0000020820260114221758176730525,67685307472,2026-01-14 22:17:58,fraud,1,0,1,0,0,0,0,1932.0,7.566828479208331,1,1932.0,245.14801780883462,0.0,141.85829999999999,1099.7618689083945,1,1,58,34.7097,555.0,555.0,0.0,0.0,539.0,1.0,0.0,0.6257463299861998,0.0,1.0,0.0,0.0,1.0,0.0,0.0,0.0,0,0,1.0296846011131726,1,6.225,0,0,0,0,1,0.0,1,1,1,22,2,0,1,0,0.0,7.0,30.0,26.0,26.0,0.0,0.0,0,0,0,1,0,0,0,1,0,0,0,0,1,0,0.0,0,0,2,0,2,2,3,0,3,0,0.0,12,0.75
E0000020820260114222525509755525,12745427660,2026-01-14 22:25:37,normal,0,0,0,0,0,1,0,734.0,6.5998704992128365,33,20.0,150.99313370024882,1105.05,1101.9833,2596.9020489336103,5,1,30,83.0645,529.0,687.8181818181819,0.0,0.0,514.0,36.7,714.0,4.861148199342196,4.728691845136686,1.0027828915374668,3.066699999999855,0.0011809070739726832,0.7690985989955061,-158.81818181818187,0.0,0.0,0,0,1.0291828793774318,0,6.225,0,0,0,0,1,0.0,1,1,1,22,2,0,1,0,0.0,7.0,30.0,60.0,60.0,0.0,0.0,0,0,0,1,0,0,0,1,0,0,0,0,1,0,0.0,0,0,1,0,2,0,3,0,5,0,0.0,11,0.6875
E0000020820260114222950866997525,7299059185,2026-01-14 22:29:51,normal,0,0,1,0,0,0,0,15.99,2.8326249356838407,15,86.94,256.7724823336985,167.5833,2749.35,3874.979145528946,3,1,20,47.7742,958.0,587.9333333333333,0.0,0.0,602.0,0.18391994478951001,-70.95,0.062273028070116886,-0.2763146555081171,0.0609537890774183,-2581.7667,-0.666265959903013,1.6294364440412747,370.0666666666667,0.0,0.0,0,0,1.5913621262458473,1,6.225,0,0,1,0,1,0.0,1,1,1,22,2,0,1,0,0.0,7.0,30.0,0.0,0.0,0.0,0.0,0,0,0,1,0,0,0,1,0,0,0,0,1,0,0.0,0,0,2,0,2,2,3,0,0,0,0.0,9,0.5625
E0000020820260115150504784329525,65898966153,2026-01-15 15:05:55,fraud,1,1,1,0,0,0,0,7000.0,8.853808274977197,1,7000.0,245.14801780883462,0.0,141.85829999999999,1099.7618689083945,1,1,47,81.6129,496.0,496.0,0.0,0.0,483.0,1.0,0.0,0.6257463299861998,0.0,1.0,0.0,0.0,1.0,0.0,0.0,0.0,0,0,1.0269151138716357,0,6.225,0,0,0,0,1,0.0,1,1,1,15,3,0,0,1,0.0,7.0,30.0,60.0,60.0,0.0,0.0,0,0,0,1,0,0,0,1,0,0,0,0,1,0,0.0,0,0,1,0,2,2,0,0,5,0,0.0,10,0.625
E0000020820260115153354908346525,45480346172,2026-01-15 15:34:04,normal,0,0,0,0,1,0,0,15.0,2.772588722239781,26,30.0,178.31080613744257,2338.65,1144.6,3295.088062623205,4,1,66,50.2903,557.0,787.5384615384615,0.0,0.0,541.0,0.5,-15.0,0.08412277598272956,-0.08412277598272956,2.043202865629915,1194.0500000000002,0.3623727127491161,0.7072670443445985,-230.53846153846155,0.0,0.0,0,0,1.0295748613678373,1,6.225,0,0,0,0,1,0.0,1,1,1,15,3,0,0,1,0.0,7.0,30.0,26.0,26.0,0.0,0.0,0,0,0,1,0,0,0,1,0,0,0,0,1,0,0.0,2,1,2,0,2,0,0,0,3,0,0.0,9,0.5625
E0000020820260115165212298374525,8734293469,2026-01-15 16:52:49,normal,0,0,0,0,1,0,0,60.0,4.110873864173311,7,36.5,554.8825457011686,1233.0167,5340.8333,9504.238256082575,2,1,33,6.6452,339.0,361.4285714285714,0.0,0.0,320.0,1.643835616438356,23.5,0.10813099180148465,0.042351305122248155,0.23086597741217646,-4107.8166,-0.43220892504152625,0.9379446640316207,-22.428571428571388,0.0,0.0,0,0,1.059375,0,6.225,0,0,1,0,1,0.0,1,1,1,16,3,0,0,1,0.0,7.0,29.0,0.0,0.0,0.0,0.0,0,0,0,0,0,0,0,1,0,0,0,0,1,0,0.0,0,0,3,1,2,0,0,0,0,0,0.0,5,0.3125
E0000020820260115182406994994525,1910449113,2026-01-15 18:24:24,normal,0,0,0,0,0,1,0,120.0,4.795790545596741,39,81.0,294.2673497589277,1347.7167,941.35,1808.1607444317333,6,1,38,111.9032,1083.0,623.1538461538462,0.0,0.0,1071.0,1.4814814814814814,39.0,0.4077924380611966,0.1325325423698889,1.4316850268231793,406.3666999999999,0.22474036185743673,1.7379335884458709,459.8461538461538,0.0,0.0,0,0,1.011204481792717,1,6.225,0,0,0,0,1,0.0,1,1,1,18,3,0,0,1,0.0,7.0,30.0,0.0,0.0,0.0,0.0,0,0,0,0,0,0,0,1,0,0,0,0,1,0,0.0,0,0,0,0,2,0,0,0,0,0,0.0,2,0.125
E0000020820260115185244322459525,508933196,2026-01-15 18:52:45,normal,0,0,1,0,0,0,0,13.14,2.6490076604684267,56,55.78,244.721874595069,110.5,323.2167,1334.1892355085074,7,1,41,215.0968,661.0,896.1428571428571,0.0,0.0,646.0,0.23556830405163143,-42.64,0.05369360635105548,-0.1742386129991633,0.341875899357923,-212.7167,-0.15943517931242043,0.7376056113502312,-235.1428571428571,0.0,0.0,0,0,1.0232198142414861,1,6.225,0,0,1,0,1,0.0,1,1,1,18,3,0,0,1,0.0,7.0,30.0,26.0,26.0,0.0,0.0,0,0,0,1,0,0,0,1,0,0,0,0,1,0,0.0,0,0,0,0,2,2,0,0,3,0,0.0,7,0.4375
E0000020820260115194414093112525,48418863000100,2026-01-15 19:44:33,fraud,1,0,0,0,0,1,0,20000.0,9.90353755128617,1,20000.0,245.14801780883462,0.0,141.85829999999999,1099.7618689083945,2,1,3,38.871,362.0,362.0,0.0,0.0,350.0,1.0,0.0,0.6257463299861998,0.0,1.0,0.0,0.0,1.0,0.0,0.0,0.0,0,0,1.0342857142857143,0,6.225,0,0,0,0,1,0.0,1,1,1,19,3,0,0,0,0.0,7.0,30.0,46.0,46.0,0.0,0.0,0,0,0,0,0,0,0,1,0,0,0,0,1,0,0.0,0,0,2,0,2,0,0,0,4,0,0.0,8,0.5
E0000020820260115195652426868525,2370563486,2026-01-15 19:57:04,normal,0,0,0,0,1,0,0,572.0,6.35088571671474,87,70.0,1060.2777943547835,197.7833,161.5167,1021.5531521299296,9,1,47,16.871,488.0,641.3218390804598,0.0,0.0,474.0,8.17142857142857,502.0,0.5394812595769604,0.4734608257126471,1.2245377722551292,36.26660000000001,0.03550143223030976,0.7609283986020253,-153.32183908045977,0.0,0.0,0,0,1.029535864978903,0,6.225,0,0,0,0,1,0.0,1,1,1,19,3,0,0,0,0.0,7.0,30.0,0.0,0.0,0.0,0.0,0,0,0,0,0,0,0,1,0,0,0,0,1,0,0.0,0,0,3,1,2,0,0,0,0,0,0.0,5,0.3125
E0000020820260115200513532678525,48418863000100,2026-01-15 20:05:30,fraud,1,0,0,0,0,1,0,60000.0,11.002116507732017,2,20000.0,28284.2712474619,20.95,20.95,1099.7618689083945,2,1,3,38.871,389.0,375.5,0.0,0.0,369.0,3.0,40000.0,2.121320343559643,1.4142135623730951,1.0,0.0,0.0,1.0359520639147803,13.5,0.0,0.0,0,0,1.0542005420054201,0,20.95,1,1,0,1,0,1.0,0,1,1,20,3,0,0,0,0.0,7.0,30.0,46.0,46.0,0.0,0.0,0,0,0,0,0,0,0,1,0,0,0,0,1,1,0.0,0,0,2,0,0,0,0,2,4,0,0.0,9,0.5625
E0000020820260115201134178938525,28503791153,2026-01-15 20:13:45,fraud,1,0,0,0,1,0,0,28896.0,10.271493062483911,1,28896.0,245.14801780883462,0.0,141.85829999999999,1099.7618689083945,1,1,62,430.7097,723.0,723.0,0.0,0.0,709.0,1.0,0.0,0.6257463299861998,0.0,1.0,0.0,0.0,1.0,0.0,0.0,0.0,0,0,1.0197461212976022,1,6.225,0,0,0,0,1,0.0,1,1,1,20,3,0,0,0,0.0,7.0,30.0,0.0,0.0,0.0,0.0,0,0,0,0,0,0,0,1,0,0,0,0,1,0,0.0,1,1,0,0,2,0,0,0,0,0,0.0,3,0.1875
E0000020820260116001527616818525,13001266716,2026-01-16 00:15:49,normal,0,0,0,0,1,0,0,220.0,5.3981627015177525,14,260.0,99.47959078332391,3085.7,3085.7,3246.1686865118727,2,1,36,31.4516,591.0,600.9285714285714,0.0,0.0,574.0,0.8461538461538461,-40.0,2.211508896123036,-0.4020925265678247,1.0,0.0,0.0,0.9834779507904433,-9.928571428571445,0.0,0.0,0,0,1.029616724738676,1,6.225,0,0,0,0,1,0.0,1,1,1,0,4,0,1,0,0.0,7.0,29.0,0.0,0.0,0.0,0.0,0,0,0,1,0,0,0,1,0,0,0,0,1,0,0.0,0,0,2,0,2,0,3,0,0,0,0.0,7,0.4375
E0000020820260116104758498415525,48418863000100,2026-01-16 10:48:22,fraud,1,0,0,0,0,1,0,30000.0,10.308985993422082,3,30000.0,20816.659994661328,882.8667,20.95,609.4671433879312,2,1,3,38.871,346.0,365.6666666666667,0.0,0.0,334.0,1.0,0.0,1.4411533842457842,0.0,42.14160859188544,861.9167,1.414213562373095,0.9462169553327255,-19.666666666666686,0.0,0.0,0,0,1.035928143712575,0,882.8666666666667,0,0,0,2,0,2.0,0,1,1,10,4,0,0,1,0.0,7.0,30.0,46.0,46.0,0.0,0.0,0,0,0,0,0,0,0,1,0,0,0,0,1,0,0.0,0,0,2,0,0,0,0,0,4,0,0.0,6,0.375
E0000020820260116142003951182525,47775173149,2026-01-16 14:21:26,normal,0,0,0,0,0,1,0,250.0,5.5254529391317835,3,400.0,682.5198409814424,33246.9833,17138.1667,11390.653454750423,1,3,80,479.5806,480.0,652.0,0.0,0.0,466.0,0.625,-150.0,0.36628971787912823,-0.21977383072747694,1.9399381440256382,16108.816599999998,1.414213562373095,0.7361963190184049,-172.0,0.0,0.0,0,0,1.0300429184549356,0,6.225,0,0,0,0,1,0.0,1,1,1,14,4,0,0,1,0.0,7.0,30.0,26.0,26.0,0.0,0.0,0,0,0,1,0,0,0,1,0,0,0,0,1,0,0.0,3,1,0,0,2,0,0,0,3,0,0.0,8,0.5
E0000020820260116170049435164542,18227537758,2026-01-16 17:01:22,fraud,1,0,1,0,0,0,0,475.0,6.16541785423142,1,475.0,245.14801780883462,0.0,141.85829999999999,1099.7618689083945,1,0,27,56.8065,544.0,614.0,0.0,0.0,527.5,1.0,0.0,0.6257463299861998,0.0,1.0,0.0,0.0,0.9903709889194305,-5.666666666666657,0.0,0.0,0,0,1.0292595226805754,0,6.225,0,0,0,0,1,0.0,1,1,1,17,4,0,0,1,0.0,7.0,30.0,26.0,-1.0,0.0,0.0,1,1,1,1,1,1,1,1,0,0,0,1,1,0,0.0,0,0,2,0,2,2,0,0,0,0,0.0,6,0.375
E0000020820260116235500847981525,93059272468,2026-01-16 23:55:32,normal,0,0,0,1,0,0,0,1000.0,6.90875477931522,53,29.99,609.5390998896356,656.2833,678.4667,1185.1670305246396,5,1,53,34.6129,561.0,678.8679245283018,0.0,0.0,547.0,33.344448149383126,970.01,1.6405838447132628,1.591382735210312,0.9673036274293199,-22.183399999999892,-0.018717530465034903,0.8263757643135076,-117.86792452830184,0.0,0.0,0,0,1.0255941499085923,1,6.225,0,0,0,0,1,0.0,1,1,1,23,4,0,1,0,0.0,7.0,30.0,26.0,26.0,0.0,0.0,0,0,0,1,0,0,0,1,0,0,0,0,1,0,0.0,0,0,2,0,2,1,3,0,3,0,0.0,11,0.6875
E0000020820260117011313296719525,33968675134,2026-01-17 01:13:29,normal,0,0,0,0,0,1,0,100.0,4.61512051684126,46,50.0,178.65487913744062,51.6333,1209.2,1303.7930168983594,3,2,61,394.3548,823.0,894.2391304347826,0.0,0.0,805.0,2.0,50.0,0.559738421266789,0.2798692106333945,0.0427003804168045,-1157.5667,-0.8878454516912336,0.9203354807341679,-71.23913043478262,0.0,0.0,0,0,1.022360248447205,1,6.225,0,0,1,0,1,0.0,1,1,1,1,5,1,1,0,0.0,7.0,30.0,0.0,0.0,0.0,0.0,0,0,0,0,0,0,0,1,0,0,0,0,1,0,0.0,1,1,0,0,2,0,3,0,0,0,0.0,6,0.375
E0000020820260117152245996496542,3800455161,2026-01-17 15:23:02,normal,0,0,0,0,0,1,0,17.0,2.8903717578961645,1,17.0,245.14801780883462,0.0,141.85829999999999,1099.7618689083945,2,0,32,4.4839,544.0,614.0,0.0,0.0,527.5,1.0,0.0,0.6257463299861998,0.0,1.0,0.0,0.0,0.9903709889194305,-5.666666666666657,0.0,0.0,0,0,1.0292595226805754,0,6.225,0,0,0,0,1,0.0,1,1,1,15,5,1,0,1,0.0,7.0,30.0,26.0,-1.0,0.0,0.0,1,1,1,1,1,1,1,1,0,0,0,1,1,0,0.0,0,0,3,1,2,0,0,0,0,0,0.0,5,0.3125
E0000020820260117183126611327525,9932545198,2026-01-17 18:31:27,normal,0,0,1,0,0,0,0,50.0,3.9318256327243257,83,100.0,486.1415197748953,94.15,125.9833,1208.6078280597358,10,1,12,61.1613,546.0,664.7349397590361,0.0,0.0,530.0,0.5,-50.0,0.10285070903458766,-0.10285070903458766,0.7473212719463612,-31.833299999999994,-0.026338816662394335,0.8213800228372574,-118.73493975903614,0.0,0.0,0,0,1.030188679245283,1,6.225,0,0,0,0,1,0.0,1,1,1,18,5,1,0,1,0.0,7.0,30.0,0.0,0.0,0.0,0.0,0,0,0,1,0,0,0,1,0,0,0,0,1,0,0.0,0,0,1,0,2,2,0,0,0,0,0.0,5,0.3125
E0000020820260118133526853477525,52453278134,2026-01-18 13:35:57,normal,0,0,0,0,1,0,0,20.0,3.044522437723423,107,50.0,537.3894301355299,695.5333,199.4,645.6789389168415,8,1,55,357.7742,628.0,697.5420560747664,0.0,0.0,611.0,0.4,-30.0,0.03721695827727015,-0.05582543741590523,3.488130892678034,496.1333000000001,0.7683900931201013,0.9003041386979648,-69.54205607476638,0.0,0.0,0,0,1.027823240589198,1,6.225,0,0,0,0,1,0.0,1,1,1,13,6,1,0,1,0.0,7.0,30.0,26.0,26.0,0.0,0.0,0,0,0,1,0,0,0,1,0,0,0,0,1,0,0.0,0,0,0,0,2,0,0,0,3,0,0.0,5,0.3125
E0000020820260118160236110748525,9357831568,2026-01-18 16:03:54,fraud,1,0,1,0,0,0,0,6480.92,8.776772041755537,1,6480.92,245.14801780883462,0.0,141.85829999999999,1099.7618689083945,1,1,68,489.6452,646.0,646.0,0.0,0.0,631.0,1.0,0.0,0.6257463299861998,0.0,1.0,0.0,0.0,1.0,0.0,0.0,0.0,0,0,1.0237717908082409,1,6.225,0,0,0,0,1,0.0,1,1,1,16,6,1,0,1,0.0,7.0,30.0,0.0,0.0,0.0,0.0,0,0,0,0,0,0,0,1,0,0,0,0,1,0,0.0,2,1,0,0,2,2,0,0,0,0,0.0,6,0.375
E0000020820260118215435738557525,10177526130,2026-01-18 21:54:45,normal,0,0,0,0,1,0,0,70.0,4.2626798770413155,13,25.0,238.8715165319139,4018.8333,2038.6167,7198.849761053463,2,1,24,14.9032,481.0,477.9230769230769,0.0,0.0,455.0,2.8,45.0,0.29304456645272653,0.1883857927196099,1.971353074857083,1980.2165999999997,0.2750740278972317,1.0064381136327056,3.0769230769230944,0.0,0.0,0,0,1.0571428571428572,0,6.225,0,0,0,0,1,0.0,1,1,1,21,6,1,0,0,0.0,7.0,30.0,26.0,26.0,0.0,0.0,0,0,0,1,0,0,0,1,0,0,0,0,1,0,0.0,0,0,3,1,2,0,0,0,3,0,0.0,8,0.5
E0000020820260119144658430459525,30854180168,2026-01-19 14:47:56,fraud,1,0,0,0,1,0,0,1059.9,6.966872883465226,1,1059.9,245.14801780883462,0.0,141.85829999999999,1099.7618689083945,6,1,57,493.8065,454.0,454.0,0.0,0.0,439.0,1.0,0.0,0.6257463299861998,0.0,1.0,0.0,0.0,1.0,0.0,0.0,0.0,0,0,1.0341685649202734,0,6.225,0,0,0,0,1,0.0,1,1,1,14,0,0,0,1,0.0,7.0,30.0,26.0,26.0,0.0,0.0,0,0,0,1,0,0,0,1,0,0,0,0,1,0,0.0,0,0,0,0,2,0,0,0,3,0,0.0,5,0.3125
E0000020820260119144939670557525,30854180168,2026-01-19 14:50:29,fraud,1,0,0,0,1,0,0,1059.91,6.966882309379893,2,1059.9,0.007071067811859,2.55,2.55,1099.7618689083945,6,1,57,493.8065,450.0,452.0,0.0,0.0,434.0,1.0000094348523445,0.009999999999990905,149893.909689624,1.414213562373104,1.0,0.0,0.0,0.995575221238938,-2.0,0.0,0.0,0,0,1.0368663594470047,0,2.55,1,1,0,1,0,1.0,0,1,1,14,0,0,0,1,0.0,7.0,30.0,26.0,26.0,0.0,0.0,0,0,0,1,0,0,0,1,0,0,0,0,1,1,0.0,0,0,0,0,0,0,0,2,3,0,0.0,6,0.375
E0000020820260119145216638941525,30854180168,2026-01-19 14:52:57,fraud,1,0,0,0,1,0,0,1059.92,6.966891735205714,3,1059.91,0.009999999999934,2.4667,2.4667,0.0589019948728393,6,1,57,493.8065,374.0,426.0,0.0,0.0,358.0,1.000009434763329,0.009999999999990905,105992.00000069957,1.0000000000056906,1.0,0.0,0.0,0.8779342723004695,-52.0,0.0,0.0,0,0,1.0446927374301676,0,2.466666666666667,2,1,1,2,0,2.0,0,1,1,14,0,0,0,1,0.0,7.0,30.0,26.0,26.0,0.0,0.0,0,0,0,1,0,0,0,1,0,0,0,0,1,2,0.0,0,0,0,0,0,0,0,3,3,0,0.0,8,0.5
E0000020820260119145607220271525,30854180168,2026-01-19 14:57:15,fraud,1,0,0,0,1,0,0,1059.93,6.9669011609426885,4,1059.91,0.0129099444873169,4.3,2.55,1.035247778714513,6,1,57,493.8065,360.0,409.5,0.0,0.0,346.0,1.0000188695266579,0.01999999999998181,82101.82476317429,1.5491933384864964,1.6862745098039216,1.75,1.6904165707778758,0.8791208791208791,-49.5,0.0,0.0,0,0,1.0404624277456647,0,4.3,3,1,1,3,0,3.0,0,1,1,14,0,0,0,1,0.0,7.0,30.0,26.0,26.0,0.0,0.0,0,0,0,1,0,0,0,1,0,0,0,0,1,2,0.0,0,0,0,0,0,0,0,4,3,0,0.0,9,0.5625
E0000020820260119150222411905525,30854180168,2026-01-19 15:03:06,fraud,1,0,0,0,1,0,0,1059.94,6.96691058659082,5,1059.92,0.0158113883008454,5.85,2.55,1.6116670114615277,6,1,57,493.8065,523.0,432.2,0.0,0.0,508.0,1.00001886934863,0.01999999999998181,67036.49166236259,1.2649110640659211,2.2941176470588234,3.3,2.047569365465525,1.210087922258214,90.80000000000001,0.0,0.0,0,0,1.029527559055118,0,5.85,4,1,1,4,0,4.0,0,1,1,15,0,0,0,1,0.0,7.0,30.0,26.0,26.0,0.0,0.0,0,0,0,1,0,0,0,1,0,0,0,0,1,2,0.0,0,0,0,0,0,0,0,4,3,0,0.0,9,0.5625
E0000020820260119151053382108525,30854180168,2026-01-19 15:11:47,fraud,1,0,0,0,1,0,0,700.0,6.55250788703459,6,1059.91,146.93672538431866,8.6833,4.3,2.594937753588705,6,1,57,493.8065,359.0,420.0,0.0,0.0,346.0,0.6604334330273325,-359.9100000000001,4.7639553567640975,-2.4494216749328093,2.0193720930232555,4.383299999999999,1.6891734662760423,0.8547619047619047,-61.0,0.0,0.0,0,0,1.0375722543352601,0,8.683333333333334,5,1,1,5,0,5.0,0,1,1,15,0,0,0,1,0.0,7.0,30.0,26.0,26.0,0.0,0.0,0,0,0,1,0,0,0,1,0,0,0,0,1,2,0.0,0,0,0,0,0,0,0,4,3,0,0.0,9,0.5625
E0000020820260119181239482614525,69017379472,2026-01-19 18:13:10,normal,0,0,0,0,0,1,0,150.0,5.017279836814924,37,36.0,401.376581082456,430.85,430.85,2755.257617479394,6,2,59,34.6129,474.0,555.6944444444445,0.0,0.0,458.0,4.166666666666667,114.0,0.3737138813517001,0.2840225498272921,1.0,0.0,0.0,0.8529867533116721,-81.69444444444446,0.0,0.0,0,0,1.034934497816594,0,6.225,0,0,0,0,1,0.0,1,1,1,18,0,0,0,1,0.0,7.0,30.0,26.0,26.0,0.0,0.0,0,0,0,1,0,0,0,1,0,0,0,0,1,0,0.0,0,0,2,0,2,0,0,0,3,0,0.0,7,0.4375
E0000020820260119191308152630525,61032328134,2026-01-19 19:13:41,fraud,1,0,0,0,1,0,0,990.0,6.898714534329988,1,990.0,245.14801780883462,0.0,141.85829999999999,1099.7618689083945,1,1,52,357.4194,438.0,438.0,0.0,0.0,406.0,1.0,0.0,0.6257463299861998,0.0,1.0,0.0,0.0,1.0,0.0,0.0,0.0,0,0,1.0788177339901477,0,6.225,0,0,0,0,1,0.0,1,1,1,19,0,0,0,0,0.0,7.0,30.0,26.0,26.0,0.0,0.0,0,0,0,0,0,0,0,1,0,0,0,0,1,0,0.0,0,0,0,0,2,0,0,0,3,0,0.0,5,0.3125
E0000020820260119195438869435525,11543310168,2026-01-19 19:54:39,fraud,1,0,1,0,0,0,0,10000.0,9.210440366976517,1,10000.0,245.14801780883462,0.0,141.85829999999999,1099.7618689083945,1,1,72,500.129,478.0,478.0,0.0,0.0,462.0,1.0,0.0,0.6257463299861998,0.0,1.0,0.0,0.0,1.0,0.0,0.0,0.0,0,0,1.0346320346320346,0,6.225,0,0,0,0,1,0.0,1,1,1,19,0,0,0,0,0.0,7.0,30.0,20.0,20.0,0.0,0.0,0,0,0,0,0,0,0,1,0,0,0,0,1,0,0.0,2,1,0,0,2,2,0,0,3,0,0.0,9,0.5625
E0000020820260119202533496101525,40073785172,2026-01-19 20:26:22,fraud,1,0,0,0,1,0,0,1700.0,7.438971592395862,1,1700.0,245.14801780883462,0.0,141.85829999999999,1099.7618689083945,1,1,58,258.9355,513.0,513.0,0.0,0.0,501.0,1.0,0.0,0.6257463299861998,0.0,1.0,0.0,0.0,1.0,0.0,0.0,0.0,0,0,1.0239520958083832,0,6.225,0,0,0,0,1,0.0,1,1,1,20,0,0,0,0,0.0,7.0,30.0,0.0,0.0,0.0,0.0,0,0,0,1,0,0,0,1,0,0,0,0,1,0,0.0,0,0,0,0,2,0,0,0,0,0,0.0,2,0.125
E0000020820260119203904168403542,13031906721,2026-01-19 20:39:30,fraud,1,0,1,0,0,0,0,281.29,5.642934911323486,1,281.29,245.14801780883462,0.0,141.85829999999999,1099.7618689083945,1,0,48,10.9032,544.0,614.0,0.0,0.0,527.5,1.0,0.0,0.6257463299861998,0.0,1.0,0.0,0.0,0.9903709889194305,-5.666666666666657,0.0,0.0,0,0,1.0292595226805754,0,6.225,0,0,0,0,1,0.0,1,1,1,20,0,0,0,0,0.0,7.0,30.0,26.0,-1.0,0.0,0.0,1,1,1,1,1,1,1,1,0,0,0,1,1,0,0.0,0,0,3,1,2,2,0,0,0,0,0.0,7,0.4375
E0000020820260119215705448963525,35200855187,2026-01-19 21:58:59,fraud,1,0,0,0,1,0,0,7100.22,8.86802187925407,1,7100.22,245.14801780883462,0.0,141.85829999999999,1099.7618689083945,3,1,61,361.9355,529.0,529.0,0.0,0.0,513.0,1.0,0.0,0.6257463299861998,0.0,1.0,0.0,0.0,1.0,0.0,0.0,0.0,0,0,1.0311890838206628,0,6.225,0,0,0,0,1,0.0,1,1,1,21,0,0,0,0,0.0,7.0,30.0,26.0,26.0,0.0,0.0,0,0,0,1,0,0,0,1,0,0,0,0,1,0,0.0,1,1,0,0,2,0,0,0,3,0,0.0,6,0.375
E0000020820260119221249657656525,35200855187,2026-01-19 22:13:50,fraud,1,0,0,0,1,0,0,5700.22,8.64843546600812,2,5700.22,989.9494936611666,14.85,14.85,1099.7618689083945,3,1,61,361.9355,527.0,528.0,0.0,0.0,513.0,1.0,0.0,5.758091737507403,0.0,1.0,0.0,0.0,0.9981060606060606,-1.0,0.0,0.0,0,0,1.02729044834308,0,14.85,1,1,0,0,1,0.0,1,2,2,22,0,0,1,0,0.0,7.0,30.0,26.0,26.0,0.0,0.0,0,0,0,1,0,0,0,1,0,0,0,0,1,1,0.0,1,1,0,0,2,0,3,2,3,0,0.0,12,0.75
E0000020820260119222836235806525,35200855187,2026-01-19 22:29:21,fraud,1,0,0,0,1,0,0,795.0,6.679599185844383,3,5700.22,3311.016523083709,15.5167,14.85,0.4714280910170716,3,1,61,361.9355,566.0,540.6666666666666,0.0,0.0,554.0,0.13946830122346154,-4905.22,0.24010753025767995,-1.4814846032334301,1.044895622895623,0.6667000000000005,1.414213562373095,1.0468557336621456,25.33333333333337,0.0,0.0,0,0,1.0216606498194947,1,15.516666666666667,1,1,0,1,0,1.0,0,2,2,22,0,0,1,0,0.0,7.0,30.0,26.0,26.0,0.0,0.0,0,0,0,1,0,0,0,1,0,0,0,0,1,1,0.0,1,1,0,0,0,0,3,2,3,0,0.0,10,0.625
E0000020820260120021305332261525,33911886349,2026-01-20 02:13:26,normal,0,0,0,0,1,0,0,20.0,3.044522437723423,46,50.0,148.73819036820925,268.3833,1231.0167,1360.20124426563,4,1,57,200.6774,546.0,742.0434782608696,0.0,0.0,534.0,0.4,-30.0,0.13446445697966974,-0.20169668546950462,0.2180175947247507,-962.6333999999999,-0.7077139534008615,0.7358059412902092,-196.04347826086962,0.0,0.0,0,0,1.0224719101123596,1,6.225,0,0,1,0,1,0.0,1,1,1,2,1,0,1,0,0.0,7.0,30.0,0.0,0.0,0.0,0.0,0,0,0,1,0,0,0,1,0,0,0,0,1,0,0.0,0,0,0,0,2,0,3,0,0,0,0.0,5,0.3125
E0000020820260120132826938279525,46294465400,2026-01-20 13:28:46,normal,0,0,0,0,0,1,0,67.0,4.219507705176107,36,109.99,138.69529282590486,4368.1333,905.2333,2262.8399634266743,3,1,59,444.5161,679.0,916.6944444444443,0.0,0.0,662.0,0.6091462860260024,-42.989999999999995,0.4830733519132529,-0.309960050727623,4.825422683853986,3462.9000000000005,1.5303335878671886,0.7407048271264508,-237.69444444444434,0.0,0.0,0,0,1.0256797583081572,1,6.225,0,0,0,0,1,0.0,1,1,1,13,1,0,0,1,0.0,7.0,30.0,26.0,26.0,0.0,0.0,0,0,0,1,0,0,0,1,0,0,0,0,1,0,0.0,0,0,0,0,2,0,0,0,3,0,0.0,5,0.3125
E0000020820260120135114550139525,46181024115,2026-01-20 13:51:58,fraud,1,0,0,0,0,1,0,4355.0,8.37930948405285,1,4355.0,245.14801780883462,0.0,141.85829999999999,1099.7618689083945,1,1,56,330.6129,619.0,619.0,0.0,0.0,605.0,1.0,0.0,0.6257463299861998,0.0,1.0,0.0,0.0,1.0,0.0,0.0,0.0,0,0,1.0231404958677686,1,6.225,0,0,0,0,1,0.0,1,1,1,13,1,0,0,1,0.0,7.0,30.0,26.0,26.0,0.0,0.0,0,0,0,0,0,0,0,1,0,0,0,0,1,0,0.0,0,0,0,0,2,0,0,0,3,0,0.0,5,0.3125
E0000020820260120142954326786525,416751342,2026-01-20 14:29:54,normal,0,0,1,0,0,0,0,186.03,5.231269031794909,14,21.06,258.2919216838631,15555.8833,3105.1833,4756.298732603318,2,1,41,226.6774,851.0,610.2142857142857,0.0,0.0,838.0,8.833333333333334,164.97,0.7202315844306264,0.6386959333630083,5.009650573607039,12450.699999999999,2.617728763471763,1.394592063677865,240.78571428571433,0.0,0.0,0,0,1.0155131264916468,1,6.225,0,0,0,0,1,0.0,1,1,1,14,1,0,0,1,0.0,7.0,30.0,0.0,0.0,0.0,0.0,0,0,0,1,0,0,0,1,0,0,0,0,1,0,0.0,0,0,0,0,2,2,0,0,0,0,0.0,4,0.25
E0000020820260120163626258603525,18474837120,2026-01-20 16:36:27,fraud,1,0,1,0,0,0,0,672.08,6.511864193308246,1,672.08,245.14801780883462,0.0,141.85829999999999,1099.7618689083945,1,1,83,632.6774,595.0,595.0,0.0,0.0,583.0,1.0,0.0,0.6257463299861998,0.0,1.0,0.0,0.0,1.0,0.0,0.0,0.0,0,0,1.020583190394511,1,6.225,0,0,0,0,1,0.0,1,1,1,16,1,0,0,1,0.0,7.0,30.0,26.0,26.0,0.0,0.0,0,0,0,1,0,0,0,1,0,0,0,0,1,0,0.0,3,1,0,0,2,2,0,0,3,0,0.0,10,0.625
E0000020820260120165300389920525,6635817700,2026-01-20 16:53:18,normal,0,0,0,0,1,0,0,6.0,1.9459101490553132,2,2.0,2.8284271247461903,1436.1667,1436.1667,1099.7618689083945,2,1,30,10.7097,409.0,400.0,0.0,0.0,395.0,3.0,4.0,2.1213203435596424,1.414213562373095,1.0,0.0,0.0,1.0225,9.0,0.0,0.0,0,0,1.0354430379746835,0,6.225,0,0,0,0,1,0.0,1,1,1,16,1,0,0,1,0.0,7.0,30.0,0.0,0.0,0.0,0.0,0,0,0,1,0,0,0,1,0,0,0,0,1,0,0.0,0,0,3,1,2,0,0,0,0,0,0.0,5,0.3125
E0000020820260120165722166316525,76596656187,2026-01-20 16:57:23,normal,0,0,1,0,0,0,0,5351.69,8.585354517264927,20,147.62,2304.039405633186,4.1833,1442.25,3955.46917491218,5,2,50,356.7742,966.0,758.9230769230769,0.0,0.0,949.0,36.253149979677545,5204.07,2.3227423918686285,2.258672307112664,0.0029005373548275266,-1438.0667,-0.36356412764408114,1.2728562740725724,207.0769230769231,0.0,0.0,0,0,1.017913593256059,1,6.225,0,0,1,0,1,0.0,1,1,1,16,1,0,0,1,0.0,7.0,30.0,0.0,0.0,0.0,0.0,0,0,0,1,0,0,0,1,0,0,0,0,1,0,0.0,0,0,0,0,2,2,0,0,0,0,0.0,4,0.25
E0000020820260120172307511231525,6291967618,2026-01-20 17:23:07,normal,0,0,0,0,1,0,0,95.23,4.566741159368309,82,42.39,363.7867931592421,68.0,156.25,1064.5764604374922,13,1,41,91.9355,621.0,697.4024390243902,0.0,0.0,605.0,2.246520405756075,52.84,0.2617742089342824,0.14524991284351024,0.4352,-88.25,-0.08289681697802456,0.8904471295923899,-76.40243902439022,0.0,0.0,0,0,1.0264462809917356,1,6.225,0,0,1,0,1,0.0,1,1,1,17,1,0,0,1,0.0,7.0,30.0,26.0,26.0,0.0,0.0,0,0,0,1,0,0,0,1,0,0,0,0,1,0,0.0,0,0,0,0,2,0,0,0,3,0,0.0,5,0.3125
E0000020820260120172744769292525,3330588446,2026-01-20 17:27:45,fraud,1,0,1,0,0,0,0,1540.0,7.340186835320115,1,1540.0,245.14801780883462,0.0,141.85829999999999,1099.7618689083945,1,1,46,34.7097,812.0,812.0,0.0,0.0,786.0,1.0,0.0,0.6257463299861998,0.0,1.0,0.0,0.0,1.0,0.0,0.0,0.0,0,0,1.0330788804071247,1,6.225,0,0,0,0,1,0.0,1,1,1,17,1,0,0,1,0.0,7.0,30.0,0.0,0.0,0.0,0.0,0,0,0,1,0,0,0,1,0,0,0,0,1,0,0.0,0,0,2,0,2,2,0,0,0,0,0.0,6,0.375
E0000020820260120181115151476525,35812117187,2026-01-20 18:11:15,fraud,1,0,1,0,0,0,0,9999.0,9.210340371976184,1,9999.0,245.14801780883462,0.0,141.85829999999999,1099.7618689083945,2,1,74,394.129,496.0,496.0,0.0,0.0,481.0,1.0,0.0,0.6257463299861998,0.0,1.0,0.0,0.0,1.0,0.0,0.0,0.0,0,0,1.0311850311850312,0,6.225,0,0,0,0,1,0.0,1,1,1,18,1,0,0,1,0.0,7.0,30.0,0.0,0.0,0.0,0.0,0,0,0,1,0,0,0,1,0,0,0,0,1,0,0.0,2,1,0,0,2,2,0,0,0,0,0.0,6,0.375
E0000020820260120181956616166525,35812117187,2026-01-20 18:19:57,fraud,1,0,1,0,0,0,0,4000.0,8.294299608857235,2,4000.0,4241.933580338098,8.7,8.7,1099.7618689083945,2,1,74,394.129,360.0,428.0,0.0,0.0,345.0,1.0,0.0,0.9429662026158327,0.0,1.0,0.0,0.0,0.8411214953271028,-68.0,0.0,0.0,0,0,1.0434782608695652,0,8.7,1,1,0,1,0,1.0,0,1,1,18,1,0,0,1,0.0,7.0,30.0,0.0,0.0,0.0,0.0,0,0,0,1,0,0,0,1,0,0,0,0,1,1,0.0,2,1,0,0,0,2,0,2,0,0,0.0,7,0.4375
E0000020820260120195837305144525,18556400159,2026-01-20 20:00:45,fraud,1,0,0,0,1,0,0,4999.99,8.517391171816824,1,4999.99,245.14801780883462,0.0,141.85829999999999,1099.7618689083945,4,1,71,522.6774,444.0,444.0,0.0,0.0,429.0,1.0,0.0,0.6257463299861998,0.0,1.0,0.0,0.0,1.0,0.0,0.0,0.0,0,0,1.034965034965035,0,6.225,0,0,0,0,1,0.0,1,1,1,20,1,0,0,0,0.0,7.0,30.0,26.0,26.0,0.0,0.0,0,0,0,0,0,0,0,1,0,0,0,0,1,0,0.0,2,1,0,0,2,0,0,0,3,0,0.0,7,0.4375
E0000020820260120200312537831525,18556400159,2026-01-20 20:04:14,fraud,1,0,0,0,1,0,0,650.0,6.478509642208569,2,650.0,3075.90742709367,3.4833,3.4833,1099.7618689083945,4,1,71,522.6774,417.0,430.5,0.0,0.0,402.0,1.0,0.0,0.21131975373334463,0.0,1.0,0.0,0.0,0.9686411149825784,-13.5,0.0,0.0,0,0,1.037313432835821,0,3.4833333333333334,1,1,0,1,0,1.0,0,1,1,20,1,0,0,0,0.0,7.0,30.0,26.0,26.0,0.0,0.0,0,0,0,0,0,0,0,1,0,0,0,0,1,1,0.0,2,1,0,0,0,0,0,2,3,0,0.0,8,0.5
E0000020820260120201015109722525,15395111115,2026-01-20 20:11:18,fraud,1,0,0,0,1,0,0,3500.0,8.160803920954665,1,3500.0,245.14801780883462,0.0,141.85829999999999,1099.7618689083945,7,1,73,510.3871,497.0,497.0,0.0,0.0,443.0,1.0,0.0,0.6257463299861998,0.0,1.0,0.0,0.0,1.0,0.0,0.0,0.0,0,0,1.1218961625282167,0,6.225,0,0,0,0,1,0.0,1,1,1,20,1,0,0,0,0.0,7.0,30.0,0.0,0.0,0.0,0.0,0,0,0,1,0,0,0,1,0,0,0,0,1,0,0.0,2,1,0,0,2,0,0,0,0,0,0.0,4,0.25
E0000020820260120201256414708525,15395111115,2026-01-20 20:13:52,fraud,1,0,0,0,1,0,0,3390.0,8.128880142125638,2,3390.0,77.78174593052023,2.5667,2.5667,1099.7618689083945,7,1,73,510.3871,404.0,450.5,0.0,0.0,390.0,1.0,0.0,43.58349069495266,0.0,1.0,0.0,0.0,0.8967813540510544,-46.5,0.0,0.0,0,0,1.035897435897436,0,2.566666666666667,1,1,0,1,0,1.0,0,1,1,20,1,0,0,0,0.0,7.0,30.0,0.0,0.0,0.0,0.0,0,0,0,1,0,0,0,1,0,0,0,0,1,1,0.0,2,1,0,0,0,0,0,2,0,0,0.0,5,0.3125
E0000020820260120201959158717525,15395111115,2026-01-20 20:20:53,fraud,1,0,0,0,1,0,0,5000.0,8.517393171418904,3,3500.0,899.4628026401832,7.0167,2.5667,3.1466251762801365,7,1,73,510.3871,369.0,423.3333333333333,0.0,0.0,354.0,1.4285714285714286,1500.0,5.558873569116539,1.6676620707349616,2.733743717614057,4.45,1.4142135623730951,0.8716535433070867,-54.333333333333314,0.0,0.0,0,0,1.0423728813559323,0,7.016666666666667,2,1,1,0,1,0.0,1,2,2,20,1,0,0,0,0.0,7.0,30.0,0.0,0.0,0.0,0.0,0,0,0,1,0,0,0,1,0,0,0,0,1,2,0.0,2,1,0,0,2,0,0,3,0,0,0.0,9,0.5625
E0000020820260120202152854604525,15395111115,2026-01-20 20:22:50,fraud,1,0,0,0,1,0,0,4995.27,8.516446913019774,4,3500.0,897.5404595662156,1.95,2.5667,2.7644851172204445,7,1,73,510.3871,349.0,404.75,0.0,0.0,334.0,1.4272200000000002,1495.2700000000004,5.565509550861062,1.6659638950679387,0.7597303931117777,-0.6167,-0.2230795152986976,0.862260654725139,-55.75,0.0,0.0,0,0,1.0449101796407185,0,1.95,3,1,1,1,0,1.0,0,2,2,20,1,0,0,0,0.0,7.0,30.0,0.0,0.0,0.0,0.0,0,0,0,1,0,0,0,1,0,0,0,0,1,2,0.0,2,1,0,0,0,0,0,4,0,0,0.0,8,0.5
E0000020820260120203104737295525,15395111115,2026-01-20 20:32:04,fraud,1,0,0,0,1,0,0,3000.0,8.006700845440367,5,3500.0,950.00391819192,9.2333,2.5667,3.5149395180903658,7,1,73,510.3871,407.0,405.2,0.0,0.0,395.0,0.8571428571428571,-500.0,3.1578817124351475,-0.5263136187391912,3.597342891650758,6.6666,1.896647144478293,1.0044422507403752,1.8000000000000114,0.0,0.0,0,0,1.030379746835443,0,9.233333333333333,4,1,1,2,0,2.0,0,2,2,20,1,0,0,0,0.0,7.0,30.0,0.0,0.0,0.0,0.0,0,0,0,1,0,0,0,1,0,0,0,0,1,2,0.0,2,1,0,0,0,0,0,4,0,0,0.0,8,0.5
E0000020820260120204505126981525,15395111115,2026-01-20 20:46:13,fraud,1,0,0,0,1,0,0,2800.0,7.937731775260109,6,3390.0,976.1738107615196,14.15,7.0167,5.031542231065938,7,1,73,510.3871,476.0,417.0,0.0,0.0,464.0,0.8259587020648967,-590.0,2.8683416509767885,-0.604400562170109,2.016617498254165,7.1333,1.4177164122676562,1.1414868105515588,59.0,0.0,0.0,0,0,1.0258620689655173,0,14.15,3,1,1,2,0,2.0,0,2,2,20,1,0,0,0,0.0,7.0,30.0,0.0,0.0,0.0,0.0,0,0,0,1,0,0,0,1,0,0,0,0,1,2,0.0,2,1,0,0,0,0,0,4,0,0,0.0,8,0.5
E0000020820260120205259830897525,18556400159,2026-01-20 20:54:01,fraud,1,0,0,0,1,0,0,3600.0,8.188966863648876,3,3600.0,2220.5436646686326,49.7833,3.4833,32.739043968937146,4,1,71,522.6774,481.0,447.3333333333333,0.0,0.0,466.0,1.0,0.0,1.6212245934543337,0.0,14.291993224815549,46.3,1.4142135623730951,1.0752608047690015,33.666666666666686,0.0,0.0,0,0,1.0321888412017168,0,49.78333333333333,0,0,0,0,1,0.0,1,2,2,20,1,0,0,0,0.0,7.0,30.0,26.0,26.0,0.0,0.0,0,0,0,0,0,0,0,1,0,0,0,0,1,0,0.0,2,1,0,0,2,0,0,0,3,0,0.0,7,0.4375
E0000020820260120222625754161525,15127869187,2026-01-20 22:26:26,fraud,1,0,1,0,0,0,0,45727.75,10.730482481924694,1,45727.75,245.14801780883462,0.0,141.85829999999999,1099.7618689083945,3,1,76,400.4839,394.0,394.0,0.0,0.0,379.0,1.0,0.0,0.6257463299861998,0.0,1.0,0.0,0.0,1.0,0.0,0.0,0.0,0,0,1.0395778364116095,0,6.225,0,0,0,0,1,0.0,1,1,1,22,1,0,1,0,0.0,7.0,30.0,26.0,26.0,0.0,0.0,0,0,0,1,0,0,0,1,0,0,0,0,1,0,0.0,3,1,0,0,2,2,3,0,3,0,0.0,13,0.8125
E0000020820260120222720208596525,18556400159,2026-01-20 22:28:12,fraud,1,0,0,0,1,0,0,2400.0,7.783640596221253,4,2400.0,1844.978161575813,94.1833,49.7833,45.353316674013314,4,1,71,522.6774,452.0,448.5,0.0,0.0,438.0,1.0,0.0,1.3008284054430963,0.0,1.8918653444026412,44.400000000000006,0.9789802214275645,1.0078037904124861,3.5,0.0,0.0,0,0,1.0319634703196348,0,94.18333333333334,0,0,0,1,0,1.0,0,2,2,22,1,0,1,0,0.0,7.0,30.0,26.0,26.0,0.0,0.0,0,0,0,0,0,0,0,1,0,0,0,0,1,0,0.0,2,1,0,0,0,0,3,0,3,0,0.0,8,0.5
E0000020820260120222955000890525,15127869187,2026-01-20 22:29:56,fraud,1,0,1,0,0,0,0,34798.82,10.457367493335395,2,34798.82,7727.920514113095,3.5,3.5,1099.7618689083945,3,1,76,400.4839,381.0,387.5,0.0,0.0,310.0,1.0,0.0,4.502999213882796,0.0,1.0,0.0,0.0,0.983225806451613,-6.5,0.0,0.0,0,0,1.229032258064516,0,3.5,1,1,0,1,0,1.0,0,1,1,22,1,0,1,0,0.0,7.0,30.0,26.0,26.0,0.0,0.0,0,0,0,1,0,0,0,1,0,0,0,0,1,1,0.0,3,1,0,0,0,2,3,2,3,0,0.0,14,0.875
E0000020820260120223419419325525,15127869187,2026-01-20 22:34:19,fraud,1,0,1,0,0,0,0,10261.47,9.2362488304921,3,34798.82,18163.058080463765,4.3833,3.5,0.6245874198220775,3,1,76,400.4839,383.0,386.0,0.0,0.0,370.0,0.2948798263849176,-24537.35,0.5649637827804594,-1.3509481658483733,1.2523714285714287,0.8833000000000002,1.4142135623730951,0.9922279792746114,-3.0,0.0,0.0,0,0,1.0351351351351352,0,4.383333333333334,2,1,1,2,0,0.0,1,1,2,22,1,0,1,0,0.0,7.0,30.0,26.0,26.0,0.0,0.0,0,0,0,1,0,0,0,1,0,0,0,0,1,2,0.0,3,1,0,0,0,2,3,3,3,0,0.0,16,1.0
E0000020820260120224113566154525,15395111115,2026-01-20 22:42:09,fraud,1,0,0,0,1,0,0,800.0,6.68586094706836,7,3390.0,1436.479241205485,115.9333,7.0167,44.70572779609641,7,1,73,510.3871,452.0,422.0,0.0,0.0,437.0,0.2359882005899705,-2590.0,0.5569172021787413,-1.803019442053675,16.522482078469935,108.9166,2.436300791182071,1.0710900473933649,30.0,0.0,0.0,0,0,1.034324942791762,0,115.93333333333334,0,0,0,3,0,3.0,0,2,2,22,1,0,1,0,0.0,7.0,30.0,0.0,0.0,0.0,0.0,0,0,0,1,0,0,0,1,0,0,0,0,1,0,0.0,2,1,0,0,0,0,3,0,0,0,0.0,5,0.3125
E0000020820260121123842958440525,61983470104,2026-01-21 12:39:01,normal,0,0,0,0,0,1,0,600.0,6.398594934535208,28,155.0,1556.6271669054695,42.1333,1606.0833,2550.5910663312275,3,1,53,312.2903,725.0,604.2857142857143,0.0,0.0,708.0,3.870967741935484,445.0,0.38544875276254037,0.28587449163221745,0.026233570824128485,-1563.95,-0.6131715980051585,1.1997635933806146,120.71428571428567,0.0,0.0,0,0,1.0240112994350283,1,6.225,0,0,1,0,1,0.0,1,1,1,12,2,0,0,1,0.0,7.0,30.0,26.0,26.0,0.0,0.0,0,0,0,1,0,0,0,1,0,0,0,0,1,0,0.0,0,0,0,0,2,0,0,0,3,0,0.0,5,0.3125
E0000020820260121143724858858525,71314743120,2026-01-21 14:37:39,normal,0,0,0,1,0,0,0,23.0,3.1780538303479458,44,23.0,85.5790927654167,202.3333,350.3167,3280.061510778549,6,1,20,24.5484,1201.0,598.4318181818181,0.0,0.0,1179.0,1.0,0.0,0.2687572309634779,0.0,0.5775725222348805,-147.98340000000002,-0.04511604416981649,2.0069120048611904,602.5681818181819,0.0,0.0,0,0,1.0186598812553012,1,6.225,0,0,0,0,1,0.0,1,1,1,14,2,0,0,1,0.0,7.0,30.0,26.0,26.0,0.0,0.0,0,0,0,1,0,0,0,1,0,0,0,0,1,0,0.0,0,0,3,1,2,1,0,0,3,0,0.0,9,0.5625
E0000020820260121153948985313525,2534680439,2026-01-21 15:39:49,normal,0,0,1,0,0,0,0,11.12,2.4948569806411682,265,17.5,61.97622524072131,148.55,55.0667,350.6937463787643,10,1,48,34.6129,3018.0,1231.811320754717,0.0,0.0,2438.0,0.6354285714285713,-6.380000000000001,0.17942364119158444,-0.10294270061171842,2.6976375922290607,93.48330000000001,0.2665667721916947,2.4500505468247407,1786.188679245283,0.0,0.0,0,0,1.2378999179655454,1,6.225,0,0,0,0,1,0.0,1,1,1,15,2,0,0,1,0.0,7.0,30.0,0.0,0.0,0.0,0.0,0,0,0,1,0,0,0,1,0,0,0,0,1,0,0.0,0,0,2,0,2,2,0,0,0,0,0.0,6,0.375
E0000020820260121161859294582525,38174006168,2026-01-21 16:20:27,fraud,1,1,1,0,0,0,0,9200.0,9.127067452782361,1,9200.0,245.14801780883462,0.0,141.85829999999999,1099.7618689083945,1,1,59,172.2258,545.0,545.0,0.0,0.0,530.0,1.0,0.0,0.6257463299861998,0.0,1.0,0.0,0.0,1.0,0.0,0.0,0.0,0,0,1.028301886792453,1,6.225,0,0,0,0,1,0.0,1,1,1,16,2,0,0,1,0.0,7.0,30.0,55.0,55.0,0.0,0.0,0,0,0,1,0,0,0,1,0,0,0,0,1,0,0.0,0,0,0,0,2,2,0,0,4,0,0.0,8,0.5
E0000020820260121173830746645525,13131524391,2026-01-21 17:39:32,fraud,1,0,0,0,1,0,0,999.99,6.90874478925533,1,999.99,245.14801780883462,0.0,141.85829999999999,1099.7618689083945,7,1,70,11.9032,2156.0,2156.0,0.0,0.0,354.0,1.0,0.0,0.6257463299861998,0.0,1.0,0.0,0.0,1.0,0.0,0.0,0.0,0,0,6.090395480225989,0,6.225,0,0,0,0,1,0.0,1,1,1,17,2,0,0,1,0.0,7.0,30.0,0.0,0.0,0.0,0.0,0,0,0,1,0,0,0,1,0,0,0,0,1,0,0.0,2,1,3,1,2,0,0,0,0,0,0.0,7,0.4375
E0000020820260121174008799517525,13131524391,2026-01-21 17:40:59,fraud,1,0,0,0,1,0,0,1999.99,7.601397337069996,2,999.99,707.1067811865476,1.45,1.45,1099.7618689083945,7,1,70,11.9032,1026.0,1591.0,0.0,0.0,894.0,2.000010000100001,1000.0,2.8284129826105664,1.414213562373095,1.0,0.0,0.0,0.64487743557511,-565.0,0.0,0.0,0,0,1.1476510067114094,1,1.45,1,1,0,1,0,1.0,0,1,1,17,2,0,0,1,0.0,7.0,30.0,0.0,0.0,0.0,0.0,0,0,0,1,0,0,0,1,0,0,0,0,1,1,0.0,2,1,3,1,0,0,0,2,0,0,0.0,8,0.5
E0000020820260121174123357992525,13131524391,2026-01-21 17:42:18,fraud,1,0,0,0,1,0,0,1999.8,7.60130237956341,3,1999.8,577.2954287306745,1.3167,1.3167,0.0942573339321667,7,1,70,11.9032,427.0,1203.0,0.0,0.0,408.0,1.0,0.0,3.4640842460801227,0.0,1.0,0.0,0.0,0.3549459684123026,-776.0,0.0,0.0,0,0,1.0465686274509804,0,1.3166666666666667,2,1,1,2,0,2.0,0,1,1,17,2,0,0,1,0.0,7.0,30.0,0.0,0.0,0.0,0.0,0,0,0,1,0,0,0,1,0,0,0,0,1,2,0.0,2,1,3,1,0,0,0,3,0,0,0.0,10,0.625
E0000020820260121174304258813525,13131524391,2026-01-21 17:44:51,fraud,1,0,0,0,1,0,0,1998.99,7.600897459529582,4,1998.99,499.80185476346526,2.55,1.45,0.676855201157037,7,1,70,11.9032,1195.0,1201.0,0.0,0.0,1182.0,1.0,0.0,3.9995649895017618,0.0,1.7586206896551724,1.0999999999999999,1.6251629567441104,0.9950041631973355,-6.0,0.0,0.0,0,0,1.0109983079526226,1,2.55,3,1,1,3,0,3.0,0,1,1,17,2,0,0,1,0.0,7.0,30.0,0.0,0.0,0.0,0.0,0,0,0,1,0,0,0,1,0,0,0,0,1,2,0.0,2,1,3,1,0,0,0,4,0,0,0.0,11,0.6875
E0000020820260121184922925649525,6351594146,2026-01-21 18:49:53,fraud,1,1,1,0,0,0,0,9980.0,9.208438564686587,1,9980.0,245.14801780883462,0.0,141.85829999999999,1099.7618689083945,1,1,28,23.9355,491.0,491.0,0.0,0.0,476.0,1.0,0.0,0.6257463299861998,0.0,1.0,0.0,0.0,1.0,0.0,0.0,0.0,0,0,1.031512605042017,0,6.225,0,0,0,0,1,0.0,1,1,1,18,2,0,0,1,0.0,7.0,30.0,0.0,0.0,0.0,0.0,0,0,0,1,0,0,0,1,0,0,0,0,1,0,0.0,0,0,3,1,2,2,0,0,0,0,0.0,7,0.4375
E0000020820260121185001941282525,5485883419,2026-01-21 18:50:17,normal,0,0,0,0,0,1,0,45.0,3.828641396489095,59,30.0,308.0870069455786,290.3333,788.7833,1353.0913400934842,6,1,39,34.6129,425.0,557.3728813559322,0.0,0.0,412.0,1.5,15.0,0.14606263485804494,0.04868754495268165,0.3680773921050306,-498.45000000000005,-0.3683786786822259,0.7625057016876995,-132.37288135593224,0.0,0.0,0,0,1.0315533980582525,0,6.225,0,0,1,0,1,0.0,1,1,1,18,2,0,0,1,0.0,7.0,30.0,0.0,0.0,0.0,0.0,0,0,0,0,0,0,0,1,0,0,0,0,1,0,0.0,0,0,2,0,2,0,0,0,0,0,0.0,4,0.25
E0000020820260121185548582748525,13131524391,2026-01-21 18:56:41,fraud,1,0,0,0,1,0,0,990.0,6.898714534329988,5,1998.99,550.2526323698961,71.8333,1.45,35.03489243016643,7,1,70,11.9032,354.0,1031.6,0.0,0.0,342.0,0.4952501013011571,-1008.99,1.7991735827526085,-1.8336850032944996,49.54020689655172,70.38329999999999,2.0089486542678,0.3431562621170997,-677.5999999999999,0.0,0.0,0,0,1.0350877192982457,0,71.83333333333333,0,0,0,4,0,4.0,0,1,1,18,2,0,0,1,0.0,7.0,30.0,0.0,0.0,0.0,0.0,0,0,0,1,0,0,0,1,0,0,0,0,1,0,0.0,2,1,3,1,0,0,0,0,0,0,0.0,5,0.3125
E0000020820260121185856355888525,32709900149,2026-01-21 18:59:37,fraud,1,0,0,0,1,0,0,4999.99,8.517391171816824,1,4999.99,245.14801780883462,0.0,141.85829999999999,1099.7618689083945,2,1,68,400.4839,774.0,774.0,0.0,0.0,758.0,1.0,0.0,0.6257463299861998,0.0,1.0,0.0,0.0,1.0,0.0,0.0,0.0,0,0,1.0211081794195251,1,6.225,0,0,0,0,1,0.0,1,1,1,18,2,0,0,1,0.0,7.0,30.0,26.0,26.0,0.0,0.0,0,0,0,0,0,0,0,1,0,0,0,0,1,0,0.0,2,1,0,0,2,0,0,0,3,0,0.0,7,0.4375
E0000020820260121190005133665525,13131524391,2026-01-21 19:01:02,fraud,1,0,0,0,1,0,0,1990.0,7.596392304064196,6,1990.0,517.5569420814164,4.35,2.55,31.06780563453106,7,1,70,11.9032,491.0,941.5,0.0,0.0,477.0,1.0,0.0,3.8449875524748633,0.0,1.7058823529411764,1.7999999999999998,0.05793779004460317,0.5215082315454063,-450.5,0.0,0.0,0,0,1.029350104821803,0,4.35,1,1,0,5,0,5.0,0,1,1,19,2,0,0,0,0.0,7.0,30.0,26.0,-1.0,0.0,0.0,0,0,0,1,1,0,0,1,0,0,0,0,1,1,0.0,2,1,3,1,0,0,0,2,0,0,0.0,8,0.5
E0000020820260121190041762129525,32709900149,2026-01-21 19:01:14,fraud,1,0,0,0,1,0,0,2350.0,7.762596048540069,2,2350.0,1873.825899076539,1.6167,1.6167,1099.7618689083945,2,1,68,400.4839,438.0,606.0,0.0,0.0,425.0,1.0,0.0,1.2541186463257499,0.0,1.0,0.0,0.0,0.7227722772277227,-168.0,0.0,0.0,0,0,1.0305882352941176,0,1.6166666666666667,1,1,0,1,0,1.0,0,1,1,19,2,0,0,0,0.0,7.0,30.0,26.0,26.0,0.0,0.0,0,0,0,0,0,0,0,1,0,0,0,0,1,1,0.0,2,1,0,0,0,0,0,2,3,0,0.0,8,0.5
E0000020820260121190146692850525,13131524391,2026-01-21 19:02:22,fraud,1,0,0,0,1,0,0,1860.0,7.528869256642251,7,1990.0,478.28643313793617,1.3333,1.45,28.45172266086888,7,1,70,11.9032,339.0,855.4285714285714,0.0,0.0,328.0,0.9346733668341709,-130.0,3.888883043988794,-0.27180365361212,0.9195172413793103,-0.11670000000000003,-0.004101684857223199,0.39629258517034066,-516.4285714285714,0.0,0.0,0,0,1.0335365853658536,0,1.3333333333333333,2,1,1,6,0,6.0,0,1,1,19,2,0,0,0,0.0,7.0,30.0,0.0,0.0,0.0,0.0,0,0,0,1,0,0,0,1,0,0,0,0,1,2,0.0,2,1,3,1,0,0,0,3,0,0,0.0,10,0.625
E0000020820260121194711690186542,4033298177,2026-01-21 19:47:12,fraud,1,0,1,0,0,0,0,1000.0,6.90875477931522,1,1000.0,245.14801780883462,0.0,141.85829999999999,1099.7618689083945,1,0,32,5.1935,544.0,614.0,0.0,0.0,527.5,1.0,0.0,0.6257463299861998,0.0,1.0,0.0,0.0,0.9903709889194305,-5.666666666666657,0.0,0.0,0,0,1.0292595226805754,0,6.225,0,0,0,0,1,0.0,1,1,1,19,2,0,0,0,0.0,7.0,30.0,26.0,-1.0,0.0,0.0,1,1,1,1,1,1,1,1,0,0,0,1,1,0,0.0,0,0,3,1,2,2,0,0,0,0,0.0,7,0.4375
E0000020820260122014705024681525,61173851100,2026-01-22 01:47:06,normal,0,0,1,0,0,0,0,26.22,3.30395199722332,56,56.7,445.1683960451035,1.1,327.3833,1607.3619392984506,6,2,51,396.3871,2725.0,944.2307692307692,0.0,0.0,2697.0,0.46243386243386236,-30.480000000000004,0.0588990598455319,-0.06846847231471444,0.003359975905918231,-326.2833,-0.20299304843712404,2.885947046843177,1780.769230769231,0.0,0.0,0,0,1.0103819058212828,1,6.225,0,0,1,0,1,0.0,1,1,1,1,3,0,1,0,0.0,7.0,30.0,26.0,26.0,0.0,0.0,0,0,0,1,0,0,0,1,0,0,0,0,1,0,0.0,0,0,0,0,2,2,3,0,3,0,0.0,10,0.625
E0000020820260122131415893401525,7394467112,2026-01-22 13:14:17,normal,0,0,1,0,0,0,0,8.72,2.2741856184723477,152,10.0,44.08877452524851,2525.0167,145.2833,631.0416738931771,12,1,21,9.2581,1639.0,711.5394736842105,0.0,0.0,1619.0,0.8720000000000001,-1.2799999999999994,0.1977827710998472,-0.02903233337245462,17.379951446587462,2379.7334,3.771119243707575,2.30345618285038,927.4605263157895,0.0,0.0,0,0,1.012353304508956,1,6.225,0,0,0,0,1,0.0,1,1,1,13,3,0,0,1,0.0,7.0,30.0,0.0,0.0,0.0,0.0,0,0,0,1,0,0,0,1,0,0,0,0,1,0,0.0,0,0,3,1,2,2,0,0,0,0,0.0,7,0.4375
E0000020820260122152924465740525,6002412115,2026-01-22 15:31:54,fraud,1,0,0,0,1,0,0,71000.0,11.170449240431308,1,71000.0,245.14801780883462,0.0,141.85829999999999,1099.7618689083945,2,1,81,497.2903,516.0,516.0,0.0,0.0,496.0,1.0,0.0,0.6257463299861998,0.0,1.0,0.0,0.0,1.0,0.0,0.0,0.0,0,0,1.0403225806451613,0,6.225,0,0,0,0,1,0.0,1,1,1,15,3,0,0,1,0.0,7.0,30.0,0.0,0.0,0.0,0.0,0,0,0,1,0,0,0,1,0,0,0,0,1,0,0.0,3,1,0,0,2,0,0,0,0,0,0.0,5,0.3125
E0000020820260122153937080776525,6002412115,2026-01-22 15:40:18,fraud,1,0,0,0,1,0,0,7000.0,8.853808274977197,2,7000.0,45254.83399593904,8.4,8.4,1099.7618689083945,2,1,81,497.2903,368.0,442.0,0.0,0.0,352.0,1.0,0.0,0.15467960838455727,0.0,1.0,0.0,0.0,0.832579185520362,-74.0,0.0,0.0,0,0,1.0454545454545454,0,8.4,1,1,0,1,0,1.0,0,1,1,15,3,0,0,1,0.0,7.0,30.0,26.0,-1.0,0.0,0.0,0,0,0,1,1,0,0,1,0,0,0,0,1,1,0.0,3,1,0,0,0,0,0,2,0,0,0.0,6,0.375
E0000020820260122191301701962525,18459455149,2026-01-22 19:15:35,fraud,1,0,0,0,1,0,0,1596.0,7.3758821482150125,1,1596.0,245.14801780883462,0.0,141.85829999999999,1099.7618689083945,1,1,67,402.9032,420.0,420.0,0.0,0.0,406.0,1.0,0.0,0.6257463299861998,0.0,1.0,0.0,0.0,1.0,0.0,0.0,0.0,0,0,1.0344827586206897,0,6.225,0,0,0,0,1,0.0,1,1,1,19,3,0,0,0,0.0,7.0,30.0,26.0,-1.0,0.0,0.0,0,0,0,1,1,0,0,1,0,0,0,0,1,0,0.0,2,1,0,0,2,0,0,0,0,0,0.0,4,0.25
E0000020820260122200114606577525,52500624404,2026-01-22 20:05:29,fraud,1,0,0,0,1,0,0,1300.0,7.170888478512505,1,1300.0,245.14801780883462,0.0,141.85829999999999,1099.7618689083945,1,1,75,6.2581,345.0,345.0,0.0,0.0,334.0,1.0,0.0,0.6257463299861998,0.0,1.0,0.0,0.0,1.0,0.0,0.0,0.0,0,0,1.032934131736527,0,6.225,0,0,0,0,1,0.0,1,1,1,20,3,0,0,0,0.0,7.0,30.0,0.0,0.0,0.0,0.0,0,0,0,1,0,0,0,1,0,0,0,0,1,0,0.0,2,1,3,1,2,0,0,0,0,0,0.0,7,0.4375
E0000020820260122215924748299525,81872739172,2026-01-22 21:59:41,normal,0,0,0,0,1,0,0,10.0,2.3978952727983707,194,8.0,30.71342686531264,447.7833,84.8333,627.7763047331928,15,1,46,51.6774,1329.0,798.8860103626943,0.0,0.0,1313.0,1.25,2.0,0.32559049968122816,0.06511809993624564,5.278390679131898,362.95,0.5781517990779456,1.6635664947952136,530.1139896373057,0.0,0.0,0,0,1.012185833968012,1,6.225,0,0,0,0,1,0.0,1,1,1,21,3,0,0,0,0.0,7.0,30.0,26.0,26.0,0.0,0.0,0,0,0,1,0,0,0,1,0,0,0,0,1,0,0.0,0,0,2,0,2,0,0,0,3,0,0.0,7,0.4375
E0000020820260123014502496804525,4381085159,2026-01-23 01:45:13,normal,0,0,0,0,0,1,0,300.0,5.707110264748875,303,35.0,395.55376629066274,43.4667,78.7333,306.2244718321488,19,2,21,73.0,1098.0,1201.885521885522,0.0,0.0,1079.0,8.571428571428571,265.0,0.7584303969932435,0.6699468506773651,0.552075170226575,-35.2666,-0.11516584480985151,0.9135645450470641,-103.88552188552194,0.0,0.0,0,0,1.0176088971269694,1,6.225,0,0,0,0,1,0.0,1,1,1,1,4,0,1,0,0.0,7.0,30.0,0.0,0.0,0.0,0.0,0,0,0,1,0,0,0,1,0,0,0,0,1,0,0.0,0,0,1,0,2,0,3,0,0,0,0.0,6,0.375
E0000020820260123135435015427525,95956450100,2026-01-23 13:54:35,fraud,1,0,0,0,1,0,0,1000.0,6.90875477931522,1,1000.0,245.14801780883462,0.0,141.85829999999999,1099.7618689083945,3,1,44,229.5161,782.0,782.0,0.0,0.0,767.0,1.0,0.0,0.6257463299861998,0.0,1.0,0.0,0.0,1.0,0.0,0.0,0.0,0,0,1.0195567144719686,1,6.225,0,0,0,0,1,0.0,1,1,1,13,4,0,0,1,0.0,7.0,30.0,50.0,50.0,0.0,0.0,0,0,0,0,0,0,0,1,0,0,0,0,1,0,0.0,0,0,0,0,2,0,0,0,4,0,0.0,6,0.375
E0000020820260123140438727136525,95956450100,2026-01-23 14:04:39,fraud,1,0,0,0,1,0,0,850.0,6.7464121285733745,2,850.0,106.06601717798212,10.0667,10.0667,1099.7618689083945,3,1,44,229.5161,479.0,630.5,0.0,0.0,465.0,1.0,0.0,8.01387685344754,0.0,1.0,0.0,0.0,0.7597145122918318,-151.5,0.0,0.0,0,0,1.0301075268817204,0,10.066666666666666,1,1,0,0,1,0.0,1,2,2,14,4,0,0,1,0.0,7.0,30.0,50.0,50.0,0.0,0.0,0,0,0,0,0,0,0,1,0,0,0,0,1,1,0.0,0,0,0,0,2,0,0,2,4,0,0.0,9,0.5625
E0000020820260123142431094527525,95956450100,2026-01-23 14:24:31,fraud,1,0,0,0,0,1,0,1000.0,6.90875477931522,3,1000.0,86.60254037844386,19.8667,10.0667,6.929646455628166,3,1,44,229.5161,570.0,610.3333333333334,0.0,0.0,546.0,1.0,0.0,11.547005383792516,0.0,1.9735067102426813,9.8,1.4142135623730951,0.9339158929546695,-40.33333333333337,0.0,0.0,0,0,1.043956043956044,1,19.866666666666667,2,1,1,0,1,0.0,1,3,3,14,4,0,0,1,0.0,7.0,30.0,50.0,50.0,0.0,0.0,0,0,0,0,0,0,0,1,0,0,0,0,1,2,0.0,0,0,0,0,2,0,0,3,4,0,0.0,11,0.6875
E0000020820260123153532732991525,59024909104,2026-01-23 15:35:49,fraud,1,0,1,0,0,0,0,3963.0,8.285008895449879,1,3963.0,245.14801780883462,0.0,141.85829999999999,1099.7618689083945,1,1,52,363.6129,531.0,531.0,0.0,0.0,516.0,1.0,0.0,0.6257463299861998,0.0,1.0,0.0,0.0,1.0,0.0,0.0,0.0,0,0,1.0290697674418605,0,6.225,0,0,0,0,1,0.0,1,1,1,15,4,0,0,1,0.0,7.0,30.0,0.0,0.0,0.0,0.0,0,0,0,0,0,0,0,1,0,0,0,0,1,0,0.0,0,0,0,0,2,2,0,0,0,0,0.0,4,0.25
E0000020820260123155054722552525,124034152,2026-01-23 15:51:06,normal,0,0,0,0,1,0,0,500.0,6.2166061010848646,38,100.0,15698.390109429029,920.4667,920.4667,2631.389516561487,5,1,42,184.9677,767.0,779.4736842105264,0.0,0.0,753.0,5.0,400.0,0.031850399723452,0.0254803197787616,1.0,0.0,0.0,0.9839972991222147,-12.473684210526358,0.0,0.0,0,0,1.0185922974767596,1,6.225,0,0,0,0,1,0.0,1,1,1,15,4,0,0,1,0.0,7.0,30.0,0.0,0.0,0.0,0.0,0,0,0,1,0,0,0,1,0,0,0,0,1,0,0.0,0,0,0,0,2,0,0,0,0,0,0.0,2,0.125
E0000020820260123162214303665525,44434707191,2026-01-23 16:22:29,fraud,1,0,0,0,1,0,0,50.0,3.9318256327243257,1,50.0,245.14801780883462,0.0,141.85829999999999,1099.7618689083945,1,1,58,456.6129,947.0,947.0,0.0,0.0,930.0,1.0,0.0,0.6257463299861998,0.0,1.0,0.0,0.0,1.0,0.0,0.0,0.0,0,0,1.0182795698924731,1,6.225,0,0,0,0,1,0.0,1,1,1,16,4,0,0,1,0.0,7.0,30.0,20.0,20.0,0.0,0.0,0,0,0,0,0,0,0,1,0,0,0,0,1,0,0.0,0,0,0,0,2,0,0,0,3,0,0.0,5,0.3125
E0000020820260123180805634652542,4026827186,2026-01-23 18:08:12,normal,0,0,1,0,0,0,0,193.43,5.270072201107735,494,10.0,78.28394028201579,1131.25,18.0333,322.1187269945091,29,0,35,117.6774,544.0,614.0,0.0,0.0,527.5,19.343,183.43,2.4708771595192274,2.3431370385700867,62.73116955853892,1113.2167,3.4559204625783093,0.9903709889194305,-5.666666666666657,0.0,0.0,0,0,1.0292595226805754,0,6.225,0,0,0,0,1,0.0,1,1,1,18,4,0,0,1,0.0,7.0,30.0,26.0,-1.0,0.0,0.0,1,1,1,1,1,1,1,1,0,0,0,1,1,0,0.0,0,0,0,0,2,2,0,0,0,0,0.0,4,0.25
E0000020820260123192542189977542,9959111776,2026-01-23 19:26:15,fraud,1,0,0,0,1,0,0,3500.0,8.160803920954665,1,3500.0,245.14801780883462,0.0,141.85829999999999,1099.7618689083945,1,0,44,39.9032,544.0,614.0,0.0,0.0,527.5,1.0,0.0,0.6257463299861998,0.0,1.0,0.0,0.0,0.9903709889194305,-5.666666666666657,0.0,0.0,0,0,1.0292595226805754,0,6.225,0,0,0,0,1,0.0,1,1,1,19,4,0,0,0,0.0,7.0,30.0,26.0,-1.0,0.0,0.0,1,1,1,1,1,1,1,1,0,0,0,1,1,0,0.0,0,0,2,0,2,0,0,0,0,0,0.0,4,0.25
E0000020820260123211840062469525,99183145168,2026-01-23 21:19:19,normal,0,0,0,0,0,1,0,300.0,5.707110264748875,233,50.0,92.02417309794563,86.2167,23.2833,1458.0653453297468,25,2,68,9.6774,958.0,909.0,0.0,0.0,935.0,6.0,250.0,3.260012993332697,2.716677494443914,3.7029415933308423,62.933400000000006,0.043162263064257515,1.0539053905390539,49.0,0.0,0.0,0,0,1.0245989304812835,1,6.225,0,0,0,0,1,0.0,1,1,1,21,4,0,0,0,0.0,7.0,30.0,0.0,0.0,0.0,0.0,0,0,0,1,0,0,0,1,0,0,0,0,1,0,0.0,2,1,3,1,2,0,0,0,0,0,0.0,7,0.4375
E0000020820260123211933613972525,92399584104,2026-01-23 21:19:34,normal,0,0,1,0,0,0,0,7.0,2.0794415416798357,81,46.0,73.7193452919773,1647.2,359.7167,1000.4666119539122,6,2,44,7.5161,487.0,465.22222222222223,0.0,0.0,470.0,0.15217391304347827,-39.0,0.09495472283802,-0.5290334558118257,4.579159099369031,1287.4833,1.2868828250905286,1.0468115595892047,21.77777777777777,0.0,0.0,0,0,1.0361702127659576,0,6.225,0,0,0,0,1,0.0,1,1,1,21,4,0,0,0,0.0,7.0,30.0,0.0,0.0,0.0,0.0,0,0,0,1,0,0,0,1,0,0,0,0,1,0,0.0,0,0,3,1,2,2,0,0,0,0,0.0,7,0.4375
E0000020820260124003305154693525,7604969607,2026-01-24 00:33:26,normal,0,0,0,0,0,1,0,50.0,3.9318256327243257,32,40.0,170.56052404587183,1452.1167,1452.1167,2524.7459597891625,3,2,39,50.4516,635.0,893.7741935483871,0.0,0.0,615.0,1.25,10.0,0.2931510692741107,0.058630213854822144,1.0,0.0,0.0,0.7104702782690295,-258.7741935483871,0.0,0.0,0,0,1.032520325203252,1,6.225,0,0,0,0,1,0.0,1,1,1,0,5,1,1,0,0.0,7.0,30.0,0.0,0.0,0.0,0.0,0,0,0,1,0,0,0,1,0,0,0,0,1,0,0.0,0,0,2,0,2,0,3,0,0,0,0.0,7,0.4375
E0000020820260124142040169677525,13852299349,2026-01-24 14:21:24,normal,0,0,0,0,0,1,0,20.0,3.044522437723423,13,40.0,110.3235531028201,11474.7,1570.0667,5814.920607402276,3,1,69,465.6129,388.0,542.3076923076923,0.0,0.0,372.0,0.5,-20.0,0.18128495173972745,-0.18128495173972745,7.308415623361734,9904.633300000001,1.703313590798059,0.7154609929078015,-154.30769230769226,0.0,0.0,0,0,1.043010752688172,0,6.225,0,0,0,0,1,0.0,1,1,1,14,5,1,0,1,0.0,7.0,30.0,0.0,0.0,0.0,0.0,0,0,0,0,0,0,0,1,0,0,0,0,1,0,0.0,2,1,0,0,2,0,0,0,0,0,0.0,4,0.25
E0000020820260124171431631136542,7633921463,2026-01-24 17:14:53,fraud,1,0,1,0,0,0,0,9796.0,9.189831495344642,1,9796.0,245.14801780883462,0.0,141.85829999999999,1099.7618689083945,1,0,36,24.4194,544.0,614.0,0.0,0.0,527.5,1.0,0.0,0.6257463299861998,0.0,1.0,0.0,0.0,0.9903709889194305,-5.666666666666657,0.0,0.0,0,0,1.0292595226805754,0,6.225,0,0,0,0,1,0.0,1,1,1,17,5,1,0,1,0.0,7.0,30.0,26.0,-1.0,0.0,0.0,1,1,1,1,1,1,1,1,0,0,0,1,1,0,0.0,0,0,3,1,2,2,0,0,0,0,0.0,7,0.4375
E0000020820260124183545885841525,6154847351,2026-01-24 18:36:16,normal,0,0,0,0,0,1,0,228.6,5.436338664445412,81,38.0,185.6120415641483,239.9,895.5667,670.2339144938337,5,3,29,9.7097,509.0,502.7625,0.0,0.0,494.0,6.015789473684211,190.6,1.2316011292887743,1.0268730325566071,0.2678750784279943,-655.6667,-0.9782654769046789,1.0124064543397728,6.237500000000011,0.0,0.0,0,0,1.0303643724696356,0,6.225,0,0,1,0,1,0.0,1,1,1,18,5,1,0,1,0.0,7.0,30.0,26.0,26.0,0.0,0.0,0,0,0,1,0,0,0,1,0,0,0,0,1,0,0.0,0,0,3,1,2,0,0,0,3,0,0.0,8,0.5
E0000020820260124185303343953525,5639190353,2026-01-24 18:54:58,fraud,1,0,0,0,1,0,0,555.0,6.320768294250582,1,555.0,245.14801780883462,0.0,141.85829999999999,1099.7618689083945,1,1,75,330.6129,469.0,469.0,0.0,0.0,454.0,1.0,0.0,0.6257463299861998,0.0,1.0,0.0,0.0,1.0,0.0,0.0,0.0,0,0,1.0330396475770924,0,6.225,0,0,0,0,1,0.0,1,1,1,18,5,1,0,1,0.0,7.0,30.0,26.0,26.0,0.0,0.0,0,0,0,1,0,0,0,1,0,0,0,0,1,0,0.0,2,1,0,0,2,0,0,0,3,0,0.0,7,0.4375
E0000020820260124185435593319525,1616051175,2026-01-24 18:54:37,normal,0,0,1,0,0,0,0,92.96,4.542869159790712,30,41.73,430.3210334536805,6891.7833,1418.7167,2430.241415193296,3,1,38,145.0323,618.0,524.9655172413793,0.0,0.0,603.0,2.227653965971723,51.23,0.2160247647062926,0.11905065292495019,4.857758634969194,5473.0666,2.252067043950317,1.1772201786652654,93.0344827586207,0.0,0.0,0,0,1.0248756218905473,1,6.225,0,0,0,0,1,0.0,1,1,1,18,5,1,0,1,0.0,7.0,30.0,26.0,26.0,0.0,0.0,0,0,0,0,0,0,0,1,0,0,0,0,1,0,0.0,0,0,0,0,2,2,0,0,3,0,0.0,7,0.4375
E0000020820260124225416023656525,10213260115,2026-01-24 22:54:17,fraud,1,0,1,0,0,0,0,9986.0,9.209039526243135,1,9986.0,245.14801780883462,0.0,141.85829999999999,1099.7618689083945,3,1,72,354.129,361.0,361.0,0.0,0.0,348.0,1.0,0.0,0.6257463299861998,0.0,1.0,0.0,0.0,1.0,0.0,0.0,0.0,0,0,1.0373563218390804,0,6.225,0,0,0,0,1,0.0,1,1,1,22,5,1,1,0,0.0,7.0,30.0,0.0,0.0,0.0,0.0,0,0,0,0,0,0,0,1,0,0,0,0,1,0,0.0,2,1,0,0,2,2,3,0,0,0,0.0,9,0.5625
E0000020820260124225603659307525,10213260115,2026-01-24 22:56:05,fraud,1,0,1,0,0,0,0,6736.98,8.81551545572226,2,6736.98,2297.4040742107168,1.8,1.8,1099.7618689083945,3,1,72,354.129,497.0,429.0,0.0,0.0,482.0,1.0,0.0,2.932431467161265,0.0,1.0,0.0,0.0,1.1585081585081585,68.0,0.0,0.0,0,0,1.0311203319502074,0,1.8,1,1,0,1,0,1.0,0,1,1,22,5,1,1,0,0.0,7.0,30.0,0.0,0.0,0.0,0.0,0,0,0,0,0,0,0,1,0,0,0,0,1,1,0.0,2,1,0,0,0,2,3,2,0,0,0.0,10,0.625
E0000020820260124225816294707525,10213260115,2026-01-24 22:58:17,fraud,1,0,1,0,0,0,0,9456.0,9.154510487015513,3,9456.0,1743.0863777028762,2.2,1.8,0.2828427124746191,3,1,72,354.129,433.0,430.3333333333333,0.0,0.0,419.0,1.0,0.0,5.424860248441374,0.0,1.2222222222222223,0.40000000000000013,1.414213562373095,1.0061967467079784,2.6666666666666856,0.0,0.0,0,0,1.0334128878281623,0,2.2,2,1,1,2,0,2.0,0,1,1,22,5,1,1,0,0.0,7.0,30.0,0.0,0.0,0.0,0.0,0,0,0,0,0,0,0,1,0,0,0,0,1,2,0.0,2,1,0,0,0,2,3,3,0,0,0.0,12,0.75
E0000020820260124230410019667525,23993871120,2026-01-24 23:04:10,normal,0,0,1,0,0,0,0,10.4,2.4336133554004498,81,29.5,102.3159459451971,288.05,398.2,1169.4386580993803,6,1,66,298.2581,488.0,1044.7530864197531,0.0,0.0,472.0,0.3525423728813559,-19.1,0.10164593508787469,-0.18667666924792373,0.7233802109492717,-110.14999999999998,-0.09419048980219302,0.46709601181683896,-556.7530864197531,0.0,0.0,0,0,1.0338983050847457,0,6.225,0,0,0,0,1,0.0,1,1,1,23,5,1,1,0,0.0,7.0,30.0,26.0,26.0,0.0,0.0,0,0,0,1,0,0,0,1,0,0,0,0,1,0,0.0,2,1,0,0,2,2,3,0,3,0,0.0,12,0.75
E0000020820260125024758913547525,14068251665,2026-01-25 02:48:12,normal,0,0,0,0,1,0,0,10.0,2.3978952727983707,34,35.0,211.08038391627585,137.6667,1180.3333,3612.115008969133,3,1,29,39.3871,520.0,671.5588235294117,0.0,0.0,508.0,0.2857142857142857,-25.0,0.04737531652380573,-0.11843829130951432,0.11663375082275489,-1042.6666,-0.28865819538164933,0.7743178732536242,-151.5588235294117,0.0,0.0,0,0,1.0236220472440944,0,6.225,0,0,1,0,1,0.0,1,1,1,2,6,1,1,0,0.0,7.0,30.0,0.0,0.0,0.0,0.0,0,0,0,1,0,0,0,1,0,0,0,0,1,0,0.0,0,0,2,0,2,0,3,0,0,0,0.0,7,0.4375
E0000020820260125112551544815525,10213260115,2026-01-25 11:25:52,fraud,1,0,1,0,0,0,0,6587.9,8.793141693988817,4,6736.98,1780.1078335127154,747.5833,2.2,430.462765419918,4,1,72,354.129,350.0,410.25,0.0,0.0,337.0,0.9778713904449768,-149.07999999999993,3.7008432163348166,-0.08374773549859503,339.8105909090909,745.3833,1.7315860043617846,0.8531383302864107,-60.25,0.0,0.0,0,0,1.0385756676557865,0,747.5833333333334,0,0,0,3,0,3.0,0,1,1,11,6,1,0,1,0.0,7.0,30.0,0.0,0.0,0.0,0.0,0,0,0,0,0,0,0,1,0,0,0,0,1,0,0.0,2,1,0,0,0,2,0,0,0,0,0.0,4,0.25
E0000020820260125113201320498525,10213260115,2026-01-25 11:32:02,fraud,1,0,1,0,0,0,0,5094.13,8.536040460542308,5,6736.98,2072.5830950338272,6.1667,2.2,372.1024200417496,4,1,72,354.129,1156.0,559.4,0.0,0.0,1134.0,0.7561444445434008,-1642.8499999999995,2.457865265911984,-0.7926582070154278,2.803045454545454,3.9666999999999994,0.010660237037842803,2.0664998212370396,596.6,0.0,0.0,0,0,1.0194003527336861,1,6.166666666666667,1,1,0,4,0,4.0,0,1,1,11,6,1,0,1,0.0,7.0,30.0,0.0,0.0,0.0,0.0,0,0,0,0,0,0,0,1,0,0,0,0,1,1,0.0,2,1,0,0,0,2,0,2,0,0,0.0,7,0.4375
E0000020820260125113415120206525,10213260115,2026-01-25 11:34:16,fraud,1,0,1,0,0,0,0,9506.0,9.15978364835903,6,6736.98,2014.8803933376955,2.2333,2.2333,332.9478048436767,4,1,72,354.129,468.0,544.1666666666666,0.0,0.0,451.0,1.4110179932254512,2769.0200000000004,4.717897911673602,1.3742850489567053,1.0,0.0,0.0,0.860030627871363,-76.16666666666663,0.0,0.0,0,0,1.0376940133037693,0,2.2333333333333334,2,1,1,5,0,5.0,0,1,1,11,6,1,0,1,0.0,7.0,30.0,0.0,0.0,0.0,0.0,0,0,0,0,0,0,0,1,0,0,0,0,1,2,0.0,2,1,0,0,0,2,0,3,0,0,0.0,9,0.5625
E0000020820260125113647416299525,10213260115,2026-01-25 11:36:48,fraud,1,0,1,0,0,0,0,6233.2,8.737805541942915,7,6736.98,1943.5518807131975,2.5333,2.2333,303.9845532214754,4,1,72,354.129,385.0,521.4285714285714,0.0,0.0,366.0,0.925221686868597,-503.77999999999975,3.2071178865123433,-0.2592058411196797,1.1343303631397486,0.30000000000000027,0.0009868922510066751,0.7383561643835617,-136.42857142857144,0.0,0.0,0,0,1.0519125683060109,0,2.533333333333333,3,1,1,6,0,6.0,0,1,1,11,6,1,0,1,0.0,7.0,30.0,0.0,0.0,0.0,0.0,0,0,0,0,0,0,0,1,0,0,0,0,1,2,0.0,2,1,0,0,0,2,0,4,0,0,0.0,10,0.625
E0000020820260125200220871455525,11025597419,2026-01-25 20:02:21,normal,0,0,1,0,0,0,0,19.0,2.995732273553991,209,26.0,103.84662665915278,105.6167,113.3667,529.1502345302985,13,4,35,7.9677,571.0,590.7053140096618,0.0,0.0,558.0,0.7307692307692307,-7.0,0.18296212993381225,-0.06740710050193083,0.931637773702507,-7.75,-0.014646124095322961,0.9666410415780693,-19.705314009661834,0.0,0.0,0,0,1.0232974910394266,1,6.225,0,0,0,0,1,0.0,1,1,1,20,6,1,0,0,0.0,7.0,30.0,0.0,0.0,0.0,0.0,0,0,0,0,0,0,0,1,0,0,0,0,1,0,0.0,0,0,3,1,2,2,0,0,0,0,0.0,7,0.4375
E0000020820260125210241654574525,82989818120,2026-01-25 21:03:08,fraud,1,0,1,0,0,0,0,780.0,6.660575149839686,1,780.0,245.14801780883462,0.0,141.85829999999999,1099.7618689083945,16,1,48,285.0968,643.0,643.0,0.0,0.0,629.0,1.0,0.0,0.6257463299861998,0.0,1.0,0.0,0.0,1.0,0.0,0.0,0.0,0,0,1.0222575516693164,1,6.225,0,0,0,0,1,0.0,1,1,1,21,6,1,0,0,0.0,7.0,30.0,73.0,73.0,0.0,0.0,0,0,0,1,0,0,0,1,0,0,0,0,1,0,0.0,0,0,0,0,2,2,0,0,5,0,0.0,9,0.5625
E0000020820260125210536358761525,82989818120,2026-01-25 21:06:06,fraud,1,0,1,0,0,0,0,950.0,6.85751406254539,2,780.0,120.20815280171308,2.9667,2.9667,1099.7618689083945,16,1,48,285.0968,535.0,589.0,0.0,0.0,520.0,1.2179487179487178,170.0,7.902958142673178,1.414213562373095,1.0,0.0,0.0,0.9083191850594228,-54.0,0.0,0.0,0,0,1.0288461538461537,0,2.966666666666667,1,1,0,1,0,1.0,0,1,1,21,6,1,0,0,0.0,7.0,30.0,73.0,73.0,0.0,0.0,0,0,0,1,0,0,0,1,0,0,0,0,1,1,0.0,0,0,0,0,0,2,0,2,5,0,0.0,10,0.625
E0000020820260125210737183681525,82989818120,2026-01-25 21:09:04,fraud,1,0,0,0,0,1,0,920.0,6.825460036255307,3,920.0,90.73771725877468,2.9667,2.9667,0.0,16,1,48,285.0968,509.0,562.3333333333334,0.0,0.0,495.0,1.0,0.0,10.1391133455149,0.0,1.0,0.0,0.0,0.90515708358032,-53.33333333333337,0.0,0.0,0,0,1.0282828282828282,0,2.966666666666667,2,1,1,0,1,0.0,1,2,2,21,6,1,0,0,0.0,7.0,30.0,50.0,50.0,0.0,0.0,0,0,0,1,0,0,0,1,0,0,0,0,1,2,0.0,0,0,0,0,2,0,0,3,4,0,0.0,11,0.6875
E0000020820260125210921169761525,82989818120,2026-01-25 21:09:45,fraud,1,0,0,0,0,1,0,802.2,6.688603748937465,4,802.2,84.46622599201017,0.6833,2.9667,1.3183216046675914,16,1,48,285.0968,639.0,581.5,0.0,0.0,623.0,1.0,0.0,9.49728711776328,0.0,0.23032325479488996,-2.2834,-1.7320508075688772,1.0988822012037833,57.5,0.0,0.0,0,0,1.0256821829855538,1,0.6833333333333333,3,1,1,1,0,1.0,0,2,2,21,6,1,0,0,0.0,7.0,30.0,50.0,50.0,0.0,0.0,0,0,0,1,0,0,0,1,0,0,0,0,1,2,0.0,0,0,0,0,0,0,0,4,4,0,0.0,10,0.625
E0000020820260125211034108663525,82989818120,2026-01-25 21:10:54,fraud,1,0,0,0,0,1,0,960.0,6.8679744089702925,5,920.0,85.03392264267242,1.15,1.15,1.1988340790812824,16,1,48,285.0968,537.0,572.6,0.0,0.0,522.0,1.0434782608695652,40.0,11.289612076748355,0.47040050319784815,1.0,0.0,0.0,0.9378274537198742,-35.60000000000002,0.0,0.0,0,0,1.028735632183908,0,1.15,4,1,1,2,0,2.0,0,2,2,21,6,1,0,0,0.0,7.0,30.0,50.0,50.0,0.0,0.0,0,0,0,1,0,0,0,1,0,0,0,0,1,2,0.0,0,0,0,0,0,0,0,4,4,0,0.0,10,0.625
E0000020820260125211127620175525,82989818120,2026-01-25 21:12:05,fraud,1,0,0,0,0,1,0,860.0,6.7580945044277305,6,860.0,76.60639659976181,1.1833,1.1833,1.0922128409792662,16,1,48,285.0968,541.0,567.3333333333334,0.0,0.0,524.0,1.0,0.0,11.226216584669302,0.0,1.0,0.0,0.0,0.9535840188014101,-26.33333333333337,0.0,0.0,0,0,1.032442748091603,0,1.1833333333333333,5,1,1,3,0,3.0,0,2,2,21,6,1,0,0,0.0,7.0,30.0,50.0,50.0,0.0,0.0,0,0,0,1,0,0,0,1,0,0,0,0,1,2,0.0,0,0,0,0,0,0,0,4,4,0,0.0,10,0.625
E0000020820260125211634221848525,82989818120,2026-01-25 21:16:58,fraud,1,0,0,0,0,1,0,999.0,6.907755278982137,7,920.0,83.4139762184457,4.8833,1.1833,1.5965882146001202,16,1,48,285.0968,724.0,589.7142857142857,0.0,0.0,708.0,1.0858695652173913,79.0,11.976410252687208,0.9470834934557452,4.126848643623764,3.7,2.3174416334563124,1.2277131782945738,134.28571428571433,0.0,0.0,0,0,1.0225988700564972,1,4.883333333333334,6,1,1,4,0,4.0,0,2,2,21,6,1,0,0,0.0,7.0,30.0,50.0,50.0,0.0,0.0,0,0,0,1,0,0,0,1,0,0,0,0,1,2,0.0,0,0,0,0,0,0,0,4,4,0,0.0,10,0.625
E0000020820260125213022411438525,82989818120,2026-01-25 21:30:42,fraud,1,0,0,0,0,1,0,913.0,6.81783057145415,8,913.0,77.46301882649735,13.7333,2.9667,4.558558428724506,16,1,48,285.0968,788.0,614.5,0.0,0.0,771.0,1.0,0.0,11.786269291220744,0.0,4.629150234267031,10.7666,2.361843150272512,1.2823433685923515,173.5,0.0,0.0,0,0,1.0220492866407263,1,13.733333333333333,7,1,1,0,1,0.0,1,3,3,21,6,1,0,0,0.0,7.0,30.0,50.0,50.0,0.0,0.0,0,0,0,1,0,0,0,1,0,0,0,0,1,2,0.0,0,0,0,0,2,0,0,4,4,0,0.0,12,0.75
E0000020820260125213100182872525,82989818120,2026-01-25 21:31:23,fraud,1,0,0,0,0,1,0,911.0,6.815639990074331,9,913.0,72.58897987986879,0.6833,1.1833,4.374473943536362,16,1,48,285.0968,727.0,627.0,0.0,0.0,710.0,0.9978094194961665,-2.0,12.550114376971,-0.027552391606961584,0.5774528859967887,-0.5,-0.11429945782138909,1.1594896331738438,100.0,0.0,0.0,0,0,1.023943661971831,1,0.6833333333333333,8,1,1,1,0,1.0,0,3,3,21,6,1,0,0,0.0,7.0,30.0,50.0,50.0,0.0,0.0,0,0,0,1,0,0,0,1,0,0,0,0,1,2,0.0,0,0,0,0,0,0,0,4,4,0,0.0,10,0.625
E0000020820260125213140001303525,82989818120,2026-01-25 21:31:54,fraud,1,0,0,0,0,1,0,820.0,6.710523109452428,10,911.0,72.90536941055086,0.5167,1.1833,4.213518084227373,16,1,48,285.0968,574.0,621.7,0.0,0.0,558.0,0.9001097694840834,-91.0,11.247456896930963,-1.2481933873423388,0.4366601876109186,-0.6666,-0.1582050881649968,0.9232748914267331,-47.700000000000045,0.0,0.0,0,0,1.028673835125448,1,0.5166666666666667,9,1,1,2,0,2.0,0,3,3,21,6,1,0,0,0.0,7.0,30.0,50.0,50.0,0.0,0.0,0,0,0,1,0,0,0,1,0,0,0,0,1,2,0.0,0,0,0,0,0,0,0,4,4,0,0.0,10,0.625
E0000020820260125213234639769525,82989818120,2026-01-25 21:33:08,fraud,1,0,0,0,0,1,0,819.99,6.710510929110282,11,911.0,72.44869689523877,1.2333,1.1833,4.020749930174718,16,1,48,285.0968,502.0,610.8181818181819,0.0,0.0,486.0,0.900098792535675,-91.00999999999999,11.318215994770897,-1.2561992678985099,1.042254711400321,0.050000000000000044,0.01243549110696057,0.8218484893585354,-108.81818181818187,0.0,0.0,0,0,1.0329218106995885,0,1.2333333333333334,10,1,1,3,0,3.0,0,3,3,21,6,1,0,0,0.0,7.0,30.0,50.0,50.0,0.0,0.0,0,0,0,1,0,0,0,1,0,0,0,0,1,2,0.0,0,0,0,0,0,0,0,4,4,0,0.0,10,0.625
E0000020820260125213338066776525,82989818120,2026-01-25 21:34:01,fraud,1,0,0,0,0,1,0,990.0,6.898714534329988,12,911.0,75.43272866460471,0.8833,1.1833,3.867440233610011,16,1,48,285.0968,1510.0,685.75,0.0,0.0,1492.0,1.0867178924259056,79.0,13.124276657176496,1.047290763552468,0.7464717315980731,-0.30000000000000004,-0.07757068807239692,2.201968647466278,824.25,0.0,0.0,0,0,1.0120643431635388,1,0.8833333333333333,10,1,1,4,0,4.0,0,3,3,21,6,1,0,0,0.0,7.0,30.0,50.0,50.0,0.0,0.0,0,0,0,1,0,0,0,1,0,0,0,0,1,2,0.0,0,0,0,0,0,0,0,4,4,0,0.0,10,0.625
E0000020820260125213430222416525,82989818120,2026-01-25 21:34:50,fraud,1,0,0,0,0,1,0,958.0,6.8658910748834385,13,913.0,74.38621258725921,0.8167,1.15,3.7319770873939375,16,1,48,285.0968,547.0,675.0769230769231,0.0,0.0,530.0,1.049288061336254,45.0,12.878730703975716,0.6049508159487549,0.7101739130434783,-0.33329999999999993,-0.08930922998585325,0.810278030993619,-128.0769230769231,0.0,0.0,0,0,1.0320754716981133,1,0.8166666666666667,11,1,1,5,0,5.0,0,3,3,21,6,1,0,0,0.0,7.0,30.0,50.0,50.0,0.0,0.0,0,0,0,1,0,0,0,1,0,0,0,0,1,2,0.0,0,0,0,0,0,0,0,4,4,0,0.0,10,0.625
E0000020820260125213606268681525,82989818120,2026-01-25 21:36:22,fraud,1,0,1,0,0,0,0,850.0,6.7464121285733745,14,911.0,72.64381663331672,1.5333,1.1833,3.5862950264397755,16,1,48,285.0968,496.0,662.2857142857143,0.0,0.0,483.0,0.9330406147091108,-61.0,11.700927062939636,-0.8397135892227268,1.295782979802248,0.3500000000000001,0.09759375551081077,0.7489214840379637,-166.28571428571433,0.0,0.0,0,0,1.0269151138716357,0,1.5333333333333334,11,1,1,2,0,2.0,0,3,3,21,6,1,0,0,0.0,7.0,30.0,73.0,73.0,0.0,0.0,0,0,0,1,0,0,0,1,0,0,0,0,1,2,0.0,0,0,0,0,0,2,0,4,5,0,0.0,13,0.8125
E0000020820260125213706791261525,82989818120,2026-01-25 21:37:35,fraud,1,0,0,0,1,0,0,1100.0,7.00397413672268,15,913.0,87.72473250105098,1.2167,1.1833,3.464154248756228,16,1,48,285.0968,725.0,666.4666666666667,0.0,0.0,708.0,1.2048192771084338,187.0,12.539223188703614,2.1316679420796145,1.0282261472154144,0.033399999999999874,0.009641603000787806,1.0878263479043713,58.5333333333333,0.0,0.0,0,0,1.0240112994350283,1,1.2166666666666666,12,1,1,0,1,0.0,1,4,4,21,6,1,0,0,0.0,7.0,30.0,50.0,50.0,0.0,0.0,0,0,0,1,0,0,0,1,0,0,0,0,1,2,0.0,0,0,0,0,2,0,0,4,4,0,0.0,12,0.75
E0000020820260125213917120625525,82989818120,2026-01-25 21:39:34,fraud,1,0,0,0,1,0,0,940.0,6.846943139585379,16,913.0,85.10650840515468,1.9833,1.2167,3.3404176775196417,16,1,48,285.0968,553.0,659.375,0.0,0.0,537.0,1.0295728368017525,27.0,11.044983722338522,0.31724953245014903,1.6300649297279528,0.7666000000000002,0.2294922593539929,0.8386729857819906,-106.375,0.0,0.0,0,0,1.0297951582867784,1,1.9833333333333334,12,1,1,1,0,1.0,0,4,4,21,6,1,0,0,0.0,7.0,30.0,50.0,50.0,0.0,0.0,0,0,0,1,0,0,0,1,0,0,0,0,1,2,0.0,0,0,0,0,0,0,0,4,4,0,0.0,10,0.625
E0000020820260125230748006588525,1852275111,2026-01-25 23:08:01,normal,0,0,0,0,0,1,0,45.0,3.828641396489095,67,50.0,3343.5304928759606,1718.9333,470.6167,1402.5559838016338,6,1,37,246.3871,1052.0,915.818181818182,0.0,0.0,1034.0,0.9,-5.0,0.013458827456750049,-0.0014954252729722276,3.652512331160369,1248.3165999999999,0.8900297844913345,1.1486996227913437,136.18181818181802,0.0,0.0,0,0,1.0174081237911026,1,6.225,0,0,0,0,1,0.0,1,1,1,23,6,1,1,0,0.0,7.0,30.0,0.0,0.0,0.0,0.0,0,0,0,1,0,0,0,1,0,0,0,0,1,0,0.0,0,0,0,0,2,0,3,0,0,0,0.0,5,0.3125
E0000020820260126014812143534525,72338270100,2026-01-26 01:48:12,normal,0,0,1,0,0,0,0,10.0,2.3978952727983707,508,10.0,210.89394470552097,11.0667,34.6167,252.4216270634208,25,1,45,303.3548,777.0,995.0356435643564,0.0,0.0,753.0,1.0,0.0,0.047417198317208066,0.0,0.31969251835096935,-23.55,-0.09329628476756105,0.780876549524073,-218.0356435643564,0.0,0.0,0,0,1.0318725099601593,1,6.225,0,0,1,0,1,0.0,1,1,1,1,0,0,1,0,0.0,7.0,30.0,0.0,0.0,0.0,0.0,0,0,0,0,0,0,0,1,0,0,0,0,1,0,0.0,0,0,0,0,2,2,3,0,0,0,0.0,7,0.4375
E0000020820260126144147000519525,12462136134,2026-01-26 14:42:38,fraud,1,0,1,0,0,0,0,16999.0,9.740968623038354,1,16999.0,245.14801780883462,0.0,141.85829999999999,1099.7618689083945,2,1,76,437.1935,437.0,437.0,0.0,0.0,422.0,1.0,0.0,0.6257463299861998,0.0,1.0,0.0,0.0,1.0,0.0,0.0,0.0,0,0,1.0355450236966826,0,6.225,0,0,0,0,1,0.0,1,1,1,14,0,0,0,1,0.0,7.0,30.0,0.0,0.0,0.0,0.0,0,0,0,0,0,0,0,1,0,0,0,0,1,0,0.0,3,1,0,0,2,2,0,0,0,0,0.0,7,0.4375
E0000020820260126145538564573525,9763104149,2026-01-26 14:56:07,fraud,1,1,1,0,0,0,0,30000.0,10.308985993422082,1,30000.0,245.14801780883462,0.0,141.85829999999999,1099.7618689083945,1,1,71,399.2903,504.0,504.0,0.0,0.0,484.0,1.0,0.0,0.6257463299861998,0.0,1.0,0.0,0.0,1.0,0.0,0.0,0.0,0,0,1.0413223140495869,0,6.225,0,0,0,0,1,0.0,1,1,1,14,0,0,0,1,0.0,7.0,30.0,26.0,26.0,0.0,0.0,0,0,0,1,0,0,0,1,0,0,0,0,1,0,0.0,2,1,0,0,2,2,0,0,3,0,0.0,9,0.5625
E0000020820260126154946230652525,12462136134,2026-01-26 15:52:11,fraud,1,1,0,0,1,0,0,10000.0,9.210440366976517,2,10000.0,4949.040361524646,69.55,69.55,1099.7618689083945,2,1,76,437.1935,398.0,417.5,0.0,0.0,384.0,1.0,0.0,2.0205937453537577,0.0,1.0,0.0,0.0,0.9532934131736527,-19.5,0.0,0.0,0,0,1.0364583333333333,0,69.55,0,0,0,0,1,0.0,1,2,2,15,0,0,0,1,0.0,7.0,30.0,60.0,60.0,0.0,0.0,0,0,0,0,0,0,0,1,0,0,0,0,1,0,0.0,3,1,0,0,2,0,0,0,5,0,0.0,10,0.625
E0000020820260126161108543299525,18904464000198,2026-01-26 16:11:32,fraud,1,0,1,0,0,0,0,39999.99,10.596659482789796,1,39999.99,245.14801780883462,0.0,141.85829999999999,1099.7618689083945,2,1,12,142.6129,2964.0,2964.0,0.0,0.0,1360.0,1.0,0.0,0.6257463299861998,0.0,1.0,0.0,0.0,1.0,0.0,0.0,0.0,0,0,2.179411764705882,1,6.225,0,0,0,0,1,0.0,1,1,1,16,0,0,0,1,0.0,7.0,30.0,26.0,26.0,0.0,0.0,0,0,0,1,0,0,0,1,0,0,0,0,1,0,0.0,0,0,0,0,2,2,0,0,3,0,0.0,7,0.4375
E0000020820260126162757830641525,18904464000198,2026-01-26 16:27:58,fraud,1,0,1,0,0,0,0,4222.0,8.348301054933943,2,4222.0,25298.859346224486,16.4333,16.4333,1099.7618689083945,2,1,12,142.6129,496.0,1730.0,0.0,0.0,478.0,1.0,0.0,0.16688499438730928,0.0,1.0,0.0,0.0,0.28670520231213875,-1234.0,0.0,0.0,0,0,1.0376569037656904,0,16.433333333333334,1,1,0,0,1,0.0,1,2,2,16,0,0,0,1,0.0,7.0,30.0,26.0,26.0,0.0,0.0,0,0,0,1,0,0,0,1,0,0,0,0,1,1,0.0,0,0,0,0,2,2,0,2,3,0,0.0,10,0.625
E0000020820260126220426694879525,1300205598,2026-01-26 22:04:43,normal,0,0,0,0,1,0,0,20.0,3.044522437723423,32,50.0,149.81246731700557,1465.5,1615.7833,2039.595187212317,3,1,43,113.8065,591.0,551.34375,0.0,0.0,571.0,0.4,-30.0,0.13350023771839817,-0.20025035657759727,0.9069904361556403,-150.28330000000005,-0.07368290577573124,1.071926543104914,39.65625,0.0,0.0,0,0,1.0350262697022767,1,6.225,0,0,0,0,1,0.0,1,1,1,22,0,0,1,0,0.0,7.0,30.0,26.0,26.0,0.0,0.0,0,0,0,1,0,0,0,1,0,0,0,0,1,0,0.0,0,0,0,0,2,0,3,0,3,0,0.0,8,0.5
E0000020820260126223108977877542,3616496900,2026-01-26 22:31:10,fraud,1,0,1,0,0,0,0,540.0,6.293419278846481,1,540.0,245.14801780883462,0.0,141.85829999999999,1099.7618689083945,1,0,45,37.6452,544.0,614.0,0.0,0.0,527.5,1.0,0.0,0.6257463299861998,0.0,1.0,0.0,0.0,0.9903709889194305,-5.666666666666657,0.0,0.0,0,0,1.0292595226805754,0,6.225,0,0,0,0,1,0.0,1,1,1,22,0,0,1,0,0.0,7.0,30.0,26.0,-1.0,0.0,0.0,1,1,1,1,1,1,1,1,0,0,0,1,1,0,0.0,0,0,2,0,2,2,3,0,0,0,0.0,9,0.5625
E0000020820260127145233775797525,88615839115,2026-01-27 14:53:38,normal,0,0,0,1,0,0,0,15.0,2.772588722239781,6,11.79,11.940542701234312,27606.0333,1146.3,12800.529831814409,2,2,46,13.129,1189.0,568.8333333333334,0.0,0.0,1170.0,1.272264631043257,3.210000000000001,1.2562243086697749,0.2688320020553319,24.082729913635173,26459.7333,2.0670811011460666,2.0902431878113097,620.1666666666666,0.0,0.0,0,0,1.0162393162393162,1,6.225,0,0,0,0,1,0.0,1,1,1,14,1,0,0,1,0.0,7.0,30.0,26.0,26.0,0.0,0.0,0,0,0,1,0,0,0,1,0,0,0,0,1,0,0.0,0,0,3,1,2,1,0,0,3,0,0.0,9,0.5625
E0000020820260127150940571451525,690990570,2026-01-27 15:10:08,normal,0,0,0,0,1,0,0,100.0,4.61512051684126,123,227.48,527.4135593471032,129.45,214.4,723.3049563373721,7,2,41,35.2903,1440.0,1120.8688524590164,0.0,0.0,1418.0,0.4395990856339019,-127.47999999999999,0.18960452993243518,-0.24170785475786835,0.6037779850746268,-84.95000000000002,-0.11744700386150357,1.2847176517046204,319.13114754098365,0.0,0.0,0,0,1.0155148095909732,1,6.225,0,0,0,0,1,0.0,1,1,1,15,1,0,0,1,0.0,7.0,30.0,26.0,26.0,0.0,0.0,0,0,0,1,0,0,0,1,0,0,0,0,1,0,0.0,0,0,2,0,2,0,0,0,3,0,0.0,7,0.4375
E0000020820260127154244552935525,1586419145,2026-01-27 15:43:09,normal,0,0,0,0,0,1,0,44.99,3.8284239815518326,47,37.0,140.60407464294184,134.35,799.9833,2200.087192361934,6,1,37,44.5806,553.0,609.7234042553191,0.0,0.0,535.0,1.215945945945946,7.990000000000002,0.319976502204863,0.05682623366563361,0.1679410057684954,-665.6333,-0.30254860003316514,0.9069686289562761,-56.72340425531911,0.0,0.0,0,0,1.033644859813084,1,6.225,0,0,1,0,1,0.0,1,1,1,15,1,0,0,1,0.0,7.0,30.0,0.0,0.0,0.0,0.0,0,0,0,0,0,0,0,1,0,0,0,0,1,0,0.0,0,0,2,0,2,0,0,0,0,0,0.0,4,0.25
E0000020820260127161519916863525,53433491453,2026-01-27 16:15:46,normal,0,0,0,0,0,1,0,450.0,6.111467339502679,184,49.5,401.1384764091677,259.75,105.5,597.4176170259378,11,1,60,6.9355,453.0,818.554347826087,0.0,0.0,437.0,9.090909090909092,400.5,1.1218071226381006,0.9984083391479095,2.462085308056872,154.25,0.25819459554588764,0.5534146892055187,-365.554347826087,0.0,0.0,0,0,1.036613272311213,0,6.225,0,0,0,0,1,0.0,1,1,1,16,1,0,0,1,0.0,7.0,30.0,0.0,0.0,0.0,0.0,0,0,0,1,0,0,0,1,0,0,0,0,1,0,0.0,1,1,3,1,2,0,0,0,0,0,0.0,6,0.375
E0000020820260127163915917462542,35669187768,2026-01-27 16:39:39,fraud,1,0,0,0,1,0,0,5466.0,8.606485298894999,1,5466.0,245.14801780883462,0.0,141.85829999999999,1099.7618689083945,1,0,71,66.7097,544.0,614.0,0.0,0.0,527.5,1.0,0.0,0.6257463299861998,0.0,1.0,0.0,0.0,0.9903709889194305,-5.666666666666657,0.0,0.0,0,0,1.0292595226805754,0,6.225,0,0,0,0,1,0.0,1,1,1,16,1,0,0,1,0.0,7.0,30.0,26.0,-1.0,0.0,0.0,1,1,1,1,1,1,1,1,0,0,0,1,1,0,0.0,2,1,1,0,2,0,0,0,0,0,0.0,5,0.3125
E0000020820260127175402410979525,49813765100,2026-01-27 17:54:32,fraud,1,0,0,0,1,0,0,7000.0,8.853808274977197,1,7000.0,245.14801780883462,0.0,141.85829999999999,1099.7618689083945,1,1,56,214.5484,629.0,629.0,0.0,0.0,614.0,1.0,0.0,0.6257463299861998,0.0,1.0,0.0,0.0,1.0,0.0,0.0,0.0,0,0,1.02442996742671,1,6.225,0,0,0,0,1,0.0,1,1,1,17,1,0,0,1,0.0,7.0,30.0,0.0,0.0,0.0,0.0,0,0,0,1,0,0,0,1,0,0,0,0,1,0,0.0,0,0,0,0,2,0,0,0,0,0,0.0,2,0.125
E0000020820260127182801262910525,22593144149,2026-01-27 18:28:01,normal,0,0,1,0,0,0,0,6.24,1.979621206397625,21,10.79,11.833539582374287,18736.7833,921.4,6978.759259187541,4,1,67,381.1935,435.0,590.8095238095239,0.0,0.0,416.0,0.5783132530120483,-4.549999999999999,0.5273147528313759,-0.38450034060621147,20.33512405035815,17815.383299999998,2.5528009547751678,0.7362779076327879,-155.80952380952385,0.0,0.0,0,0,1.0456730769230769,0,6.225,0,0,0,0,1,0.0,1,1,1,18,1,0,0,1,0.0,7.0,30.0,26.0,26.0,0.0,0.0,0,0,0,1,0,0,0,1,0,0,0,0,1,0,0.0,2,1,0,0,2,2,0,0,3,0,0.0,9,0.5625
E0000020820260127183355039492525,61196282153,2026-01-27 18:33:56,normal,0,0,0,0,1,0,0,76.1,4.345103280569283,15,189.0,246.5844059160116,4905.7833,1385.2833,2341.0506034822856,2,1,53,9.7419,753.0,709.3333333333334,0.0,0.0,736.0,0.40264550264550264,-112.9,0.3086164338628948,-0.457855392682271,3.541357424867534,3520.5,1.5038120042186602,1.0615601503759398,43.66666666666663,0.0,0.0,0,0,1.0230978260869565,1,6.225,0,0,0,0,1,0.0,1,1,1,18,1,0,0,1,0.0,7.0,30.0,0.0,0.0,0.0,0.0,0,0,0,1,0,0,0,1,0,0,0,0,1,0,0.0,0,0,3,1,2,0,0,0,0,0,0.0,5,0.3125
E0000020820260127214506021386525,3689668107,2026-01-27 21:45:16,normal,0,0,0,0,1,0,0,15.0,2.772588722239781,106,36.21,190.87544964306448,163.0333,228.5667,1027.363730666346,10,1,33,105.871,693.0,1367.5094339622642,0.0,0.0,678.0,0.4142502071251036,-21.21,0.07858527656673436,-0.11111958106536239,0.7132854435926144,-65.5334,-0.0637879244165016,0.5067606722039791,-674.5094339622642,0.0,0.0,0,0,1.0221238938053097,1,6.225,0,0,0,0,1,0.0,1,1,1,21,1,0,0,0,0.0,7.0,30.0,26.0,26.0,0.0,0.0,0,0,0,1,0,0,0,1,0,0,0,0,1,0,0.0,0,0,0,0,2,0,0,0,3,0,0.0,5,0.3125
E0000020820260127215606706149525,7272481110,2026-01-27 21:56:07,normal,0,0,1,0,0,0,0,34.94,3.581850881355413,404,10.0,26.113960235059974,3.75,41.65,443.3187851845361,22,2,26,30.3226,1214.0,1188.979746835443,0.0,0.0,1197.0,3.4939999999999998,24.939999999999998,1.337981665189579,0.9550447260969692,0.09003601440576231,-37.9,-0.0854915272408854,1.0210434645595523,25.02025316455706,0.0,0.0,0,0,1.014202172096909,1,6.225,0,0,1,0,1,0.0,1,1,1,21,1,0,0,0,0.0,7.0,30.0,0.0,0.0,0.0,0.0,0,0,0,0,0,0,0,1,0,0,0,0,1,0,0.0,0,0,0,0,2,2,0,0,0,0,0.0,4,0.25
E0000020820260128121744180846525,65810392415,2026-01-28 12:18:08,normal,0,0,1,0,0,0,0,180.0,5.198497031265826,138,40.4,306.88208321522944,2422.5833,75.1167,874.0755952739911,9,1,52,143.4194,1057.0,951.1240875912408,0.0,0.0,1040.0,4.455445544554456,139.6,0.5865445063267456,0.4548978504622982,32.250928222352684,2347.4665999999997,2.685656266680405,1.1113166134577603,105.87591240875918,0.0,0.0,0,0,1.0163461538461538,1,6.225,0,0,0,0,1,0.0,1,1,1,12,2,0,0,1,0.0,7.0,30.0,26.0,26.0,0.0,0.0,0,0,0,0,0,0,0,1,0,0,0,0,1,0,0.0,0,0,0,0,2,2,0,0,3,0,0.0,7,0.4375
E0000020820260128164445279885525,6082995104,2026-01-28 16:44:45,normal,0,0,1,0,0,0,0,35.98,3.610377225958979,121,25.0,7014.715369242388,175.2333,215.1,839.2400748480267,9,2,28,25.6129,671.0,790.4380165289256,0.0,0.0,654.0,1.4391999999999998,10.979999999999997,0.005129217381757566,0.0015652809019371333,0.8146596931659694,-39.86669999999998,-0.04750333211532971,0.8488964168836194,-119.43801652892557,0.0,0.0,0,0,1.025993883792049,1,6.225,0,0,0,0,1,0.0,1,1,1,16,2,0,0,1,0.0,7.0,30.0,0.0,0.0,0.0,0.0,0,0,0,0,0,0,0,1,0,0,0,0,1,0,0.0,0,0,3,1,2,2,0,0,0,0,0.0,7,0.4375
E0000020820260128180405388783525,3166121382,2026-01-28 18:04:06,normal,0,0,1,0,0,0,0,44.85,3.825375198702474,258,33.96,282.7770229565341,0.6833,1.6667,548.9423529612685,22,1,37,200.9355,899.0,1329.6899224806202,0.0,0.0,884.0,1.3206713780918728,10.89,0.1586055314221691,0.038510908298493234,0.4099718005639887,-0.9834,-0.0017914449389722811,0.6760974756602344,-430.6899224806202,0.0,0.0,0,0,1.0169683257918551,1,6.225,0,0,1,0,1,0.0,1,1,1,18,2,0,0,1,0.0,7.0,30.0,0.0,0.0,0.0,0.0,0,0,0,1,0,0,0,1,0,0,0,0,1,0,0.0,0,0,0,0,2,2,0,0,0,0,0.0,4,0.25
E0000020820260128182648959159525,29713641191,2026-01-28 18:27:36,fraud,1,0,0,0,1,0,0,1786.0,7.488293515159428,1,1786.0,245.14801780883462,0.0,141.85829999999999,1099.7618689083945,5,1,70,153.2258,1030.0,1030.0,0.0,0.0,1013.0,1.0,0.0,0.6257463299861998,0.0,1.0,0.0,0.0,1.0,0.0,0.0,0.0,0,0,1.016781836130306,1,6.225,0,0,0,0,1,0.0,1,1,1,18,2,0,0,1,0.0,7.0,30.0,26.0,26.0,0.0,0.0,0,0,0,1,0,0,0,1,0,0,0,0,1,0,0.0,2,1,0,0,2,0,0,0,3,0,0.0,7,0.4375
E0000020820260128184304042359525,29713641191,2026-01-28 18:43:42,fraud,1,0,0,0,1,0,0,2498.0,7.823645930834952,2,1786.0,503.4600282048218,16.1,16.1,1099.7618689083945,5,1,70,153.2258,665.0,847.5,0.0,0.0,651.0,1.398656215005599,712.0,4.961664998325831,1.4142135623730951,1.0,0.0,0.0,0.7846607669616519,-182.5,0.0,0.0,0,0,1.021505376344086,1,16.1,1,1,0,1,0,1.0,0,1,1,18,2,0,0,1,0.0,7.0,30.0,26.0,26.0,0.0,0.0,0,0,0,1,0,0,0,1,0,0,0,0,1,1,0.0,2,1,0,0,0,0,0,2,3,0,0.0,8,0.5
E0000020820260128190113870669525,29713641191,2026-01-28 19:02:40,fraud,1,0,0,0,1,0,0,2894.06,7.970761115180928,3,2498.0,561.4867892776582,18.9667,16.1,2.0270630096274744,5,1,70,153.2258,819.0,838.0,0.0,0.0,802.0,1.158550840672538,396.05999999999995,5.154279771609857,0.7053772369418049,1.178055900621118,2.866699999999998,1.414213562373095,0.977326968973747,-19.0,0.0,0.0,0,0,1.0211970074812968,1,18.966666666666665,1,1,0,2,0,2.0,0,1,1,19,2,0,0,0,0.0,7.0,30.0,26.0,26.0,0.0,0.0,0,0,0,1,0,0,0,1,0,0,0,0,1,1,0.0,2,1,0,0,0,0,0,2,3,0,0.0,8,0.5
E0000020820260128191823424253525,6531146133,2026-01-28 19:18:38,normal,0,0,0,0,1,0,0,80.0,4.394449154672439,25,57.49,359.6987748436183,297.7833,1407.9,3254.52978859458,4,1,28,137.7419,439.0,670.88,0.0,0.0,423.0,1.3915463558879804,22.509999999999998,0.22240831939108102,0.06258014086866541,0.2115088429575964,-1110.1167,-0.3410989519562478,0.654364416885285,-231.88,0.0,0.0,0,0,1.037825059101655,0,6.225,0,0,1,0,1,0.0,1,1,1,19,2,0,0,0,0.0,7.0,30.0,0.0,0.0,0.0,0.0,0,0,0,0,0,0,0,1,0,0,0,0,1,0,0.0,0,0,0,0,2,0,0,0,0,0,0.0,2,0.125
E0000020820260128193400899808525,29713641191,2026-01-28 19:34:45,fraud,1,0,0,0,1,0,0,1932.0,7.566828479208331,4,1932.0,513.0656172134969,32.0833,18.9667,8.521825345742153,5,1,70,153.2258,617.0,782.75,0.0,0.0,601.0,1.0,0.0,3.765600217946501,0.0,1.6915594172945216,13.116600000000002,1.539177285128659,0.7882465665921431,-165.75,0.0,0.0,0,0,1.026622296173045,1,32.083333333333336,0,0,0,3,0,3.0,0,1,1,19,2,0,0,0,0.0,7.0,30.0,26.0,26.0,0.0,0.0,0,0,0,1,0,0,0,1,0,0,0,0,1,0,0.0,2,1,0,0,0,0,0,0,3,0,0.0,5,0.3125
E0000020820260128194208151170525,29713641191,2026-01-28 19:42:43,fraud,1,0,0,0,1,0,0,500.0,6.2166061010848646,5,1932.0,910.680603021718,7.9667,16.1,10.01869089830769,5,1,70,153.2258,413.0,708.8,0.0,0.0,397.0,0.2587991718426501,-1432.0,0.5490399140389685,-1.5724503138076058,0.4948260869565217,-8.133300000000002,-0.8118126492328294,0.5826749435665914,-295.79999999999995,0.0,0.0,0,0,1.0403022670025188,0,7.966666666666667,1,1,1,4,0,4.0,0,1,1,19,2,0,0,0,0.0,7.0,30.0,26.0,26.0,0.0,0.0,0,0,0,1,0,0,0,1,0,0,0,0,1,1,0.0,2,1,0,0,0,0,0,2,3,0,0.0,8,0.5
E0000020820260128231327154961525,2794218344,2026-01-28 23:13:45,normal,0,0,1,0,0,0,0,440.08,6.089226264890478,71,40.0,291.0362171568027,1543.4167,397.1167,1538.953025431144,6,1,31,124.6129,2012.0,903.830985915493,0.0,0.0,1993.0,11.001999999999999,400.08,1.5121142114175308,1.3746742721867065,3.8865570246731,1146.3,0.7448570431049117,2.2260799102412268,1108.1690140845071,0.0,0.0,0,0,1.0095333667837432,1,6.225,0,0,0,0,1,0.0,1,1,1,23,2,0,1,0,0.0,7.0,30.0,0.0,0.0,0.0,0.0,0,0,0,0,0,0,0,1,0,0,0,0,1,0,0.0,0,0,0,0,2,2,3,0,0,0,0.0,7,0.4375
E0000020820260129113819727967525,22474099115,2026-01-29 11:38:20,fraud,1,0,1,0,0,0,0,6000.0,8.699681400989514,1,6000.0,245.14801780883462,0.0,141.85829999999999,1099.7618689083945,1,1,64,346.7742,602.0,602.0,0.0,0.0,588.0,1.0,0.0,0.6257463299861998,0.0,1.0,0.0,0.0,1.0,0.0,0.0,0.0,0,0,1.0238095238095237,1,6.225,0,0,0,0,1,0.0,1,1,1,11,3,0,0,1,0.0,7.0,30.0,0.0,0.0,0.0,0.0,0,0,0,1,0,0,0,1,0,0,0,0,1,0,0.0,1,1,0,0,2,2,0,0,0,0,0.0,5,0.3125
E0000020820260129130339867737525,29713641191,2026-01-29 13:04:19,fraud,1,0,0,0,1,0,0,1000.0,6.90875477931522,6,1786.0,897.3046769446075,1041.6,18.9667,457.5016597087085,5,1,70,153.2258,926.0,745.0,0.0,0.0,894.0,0.5599104143337066,-786.0,1.1144486657587456,-0.8759566512863739,54.91730243004845,1022.6333,2.2352559347022063,1.2429530201342283,181.0,0.0,0.0,0,0,1.0357941834451903,1,1041.6,0,0,0,5,0,5.0,0,1,1,13,3,0,0,1,0.0,7.0,30.0,26.0,26.0,0.0,0.0,0,0,0,1,0,0,0,1,0,0,0,0,1,0,0.0,2,1,0,0,0,0,0,0,3,0,0.0,5,0.3125
E0000020820260129141926652349525,29713641191,2026-01-29 14:19:55,fraud,1,0,0,0,1,0,0,2000.0,7.601402334583733,7,1932.0,823.7897007067253,75.6,18.9667,413.6232955980247,5,1,70,153.2258,730.0,742.8571428571429,0.0,0.0,714.0,1.0351966873706004,68.0,2.4278040843242024,0.08254533886702288,3.9859332408906134,56.63329999999999,0.1369199960512825,0.9826923076923076,-12.85714285714289,0.0,0.0,0,0,1.022408963585434,1,75.6,0,0,0,6,0,6.0,0,1,1,14,3,0,0,1,0.0,7.0,30.0,26.0,26.0,0.0,0.0,0,0,0,1,0,0,0,1,0,0,0,0,1,0,0.0,2,1,0,0,0,0,0,0,3,0,0.0,5,0.3125
E0000020820260129171713655590525,64134858000121,2026-01-29 17:17:23,fraud,1,0,1,0,0,0,0,54000.0,10.896757843893464,1,54000.0,245.14801780883462,0.0,141.85829999999999,1099.7618689083945,5,1,0,2.6452,419.0,419.0,0.0,0.0,406.0,1.0,0.0,0.6257463299861998,0.0,1.0,0.0,0.0,1.0,0.0,0.0,0.0,0,0,1.0320197044334976,0,6.225,0,0,0,0,1,0.0,1,1,1,17,3,0,0,1,0.0,7.0,30.0,26.0,26.0,0.0,0.0,0,0,0,1,0,0,0,1,0,0,0,0,1,0,0.0,0,0,3,1,2,2,0,0,3,0,0.0,10,0.625
E0000020820260129173910181882525,64134858000121,2026-01-29 17:39:21,fraud,1,0,0,1,0,0,0,50000.0,10.819798284210286,2,50000.0,2828.42712474619,21.9667,21.9667,1099.7618689083945,5,1,0,2.6452,510.0,464.5,0.0,0.0,490.0,1.0,0.0,17.67766952966369,0.0,1.0,0.0,0.0,1.0979547900968785,45.5,0.0,0.0,0,0,1.0408163265306123,0,21.966666666666665,1,1,0,0,1,0.0,1,2,2,17,3,0,0,1,0.0,7.0,30.0,26.0,26.0,0.0,0.0,0,0,0,1,0,0,0,1,0,0,0,0,1,1,0.0,0,0,3,1,2,1,0,2,3,0,0.0,12,0.75
E0000020820260129174133811396525,64134858000121,2026-01-29 17:41:34,fraud,1,0,0,1,0,0,0,49998.0,10.81975828421028,3,50000.0,2309.9786434799203,2.2167,2.2167,13.965358928434314,5,1,0,2.6452,431.0,453.3333333333333,0.0,0.0,414.0,0.99996,-2.0,21.64435595156818,-0.0008658088704175438,1.0,0.0,0.0,0.9507352941176471,-22.333333333333314,0.0,0.0,0,0,1.041062801932367,0,2.216666666666667,2,1,1,1,0,1.0,0,2,2,17,3,0,0,1,0.0,7.0,30.0,26.0,26.0,0.0,0.0,0,0,0,1,0,0,0,1,0,0,0,0,1,2,0.0,0,0,3,1,0,1,0,3,3,0,0.0,12,0.75
E0000020820260129174409161900525,64134858000121,2026-01-29 17:44:10,fraud,1,0,0,1,0,0,0,49997.0,10.819738283610262,4,49998.0,2000.8337220602143,2.6,2.6,11.29364487798337,5,1,0,2.6452,449.0,452.25,0.0,0.0,432.0,0.999979999199968,-1.0,24.98808344179605,-0.0004997916563353011,1.0,0.0,0.0,0.9928137092316197,-3.25,0.0,0.0,0,0,1.0393518518518519,0,2.6,3,1,1,2,0,2.0,0,2,2,17,3,0,0,1,0.0,7.0,30.0,26.0,26.0,0.0,0.0,0,0,0,1,0,0,0,1,0,0,0,0,1,2,0.0,0,0,3,1,0,1,0,4,3,0,0.0,13,0.8125
E0000020820260129174605461610525,64134858000121,2026-01-29 17:46:06,fraud,1,0,0,1,0,0,0,49950.0,10.818797803896322,5,49998.0,1795.12590087715,1.9333,2.2167,9.862134690277085,5,1,0,2.6452,398.0,441.4,0.0,0.0,384.0,0.999039961598464,-48.0,27.825346386898545,-0.02673907160302563,0.8721522984616773,-0.2833999999999999,-0.02873617212705473,0.9016764839148166,-43.39999999999998,0.0,0.0,0,0,1.0364583333333333,0,1.9333333333333333,4,1,1,3,0,3.0,0,2,2,17,3,0,0,1,0.0,7.0,30.0,26.0,26.0,0.0,0.0,0,0,0,1,0,0,0,1,0,0,0,0,1,2,0.0,0,0,3,1,0,1,0,4,3,0,0.0,13,0.8125
E0000020820260129192720772475525,22278630130,2026-01-29 19:27:54,fraud,1,0,0,0,1,0,0,7960.0,8.982309899088579,1,7960.0,245.14801780883462,0.0,141.85829999999999,1099.7618689083945,1,1,65,350.9355,547.0,547.0,0.0,0.0,529.0,1.0,0.0,0.6257463299861998,0.0,1.0,0.0,0.0,1.0,0.0,0.0,0.0,0,0,1.0340264650283555,1,6.225,0,0,0,0,1,0.0,1,1,1,19,3,0,0,0,0.0,7.0,30.0,26.0,26.0,0.0,0.0,0,0,0,0,0,0,0,1,0,0,0,0,1,0,0.0,1,1,0,0,2,0,0,0,3,0,0.0,6,0.375
E0000020820260129194747331667542,11624667740,2026-01-29 19:47:48,fraud,1,0,1,0,0,0,0,4999.0,8.517193191416238,1,4999.0,245.14801780883462,0.0,141.85829999999999,1099.7618689083945,2,0,24,54.4839,544.0,614.0,0.0,0.0,527.5,1.0,0.0,0.6257463299861998,0.0,1.0,0.0,0.0,0.9903709889194305,-5.666666666666657,0.0,0.0,0,0,1.0292595226805754,0,6.225,0,0,0,0,1,0.0,1,1,1,19,3,0,0,0,0.0,7.0,30.0,26.0,-1.0,0.0,0.0,1,1,1,1,1,1,1,1,0,0,0,1,1,0,0.0,0,0,2,0,2,2,0,0,0,0,0.0,6,0.375
E0000020820260129195645860616542,11624667740,2026-01-29 19:56:46,fraud,1,0,1,0,0,0,0,1400.0,7.244941546337007,2,1400.0,2544.8773054903845,8.9667,8.9667,1099.7618689083945,2,0,24,54.4839,544.0,614.0,0.0,0.0,527.5,1.0,0.0,0.5501247533543576,0.0,1.0,0.0,0.0,0.9903709889194305,-5.666666666666657,0.0,0.0,0,0,1.0292595226805754,0,8.966666666666667,1,1,0,0,1,0.0,1,2,2,19,3,0,0,0,0.0,7.0,30.0,26.0,-1.0,0.0,0.0,1,1,1,1,1,1,1,1,0,0,0,1,1,1,0.0,0,0,2,0,2,2,0,2,0,0,0.0,9,0.5625
E0000020820260129202728958761525,10213260115,2026-01-29 20:27:30,fraud,1,0,1,0,0,0,0,6277.0,8.744806737401898,8,6587.9,1864.37009486113,6290.7,2.5333,2346.09629745194,4,2,72,354.129,385.0,504.375,0.0,0.0,374.0,0.9528074196633222,-310.89999999999964,3.366820792342494,-0.16675873575581968,2483.2037263648203,6288.1667,2.680267944171552,0.7633209417596035,-119.375,0.0,0.0,0,0,1.0294117647058822,0,6290.7,0,0,0,7,0,7.0,0,1,1,20,3,0,0,0,0.0,7.0,30.0,26.0,26.0,0.0,0.0,0,0,0,1,0,0,0,1,0,0,0,0,1,0,0.0,2,1,0,0,0,2,0,0,3,0,0.0,7,0.4375
E0000020820260129203423095111525,10213260115,2026-01-29 20:34:23,fraud,1,0,1,0,0,0,0,9006.97,9.105865020000923,9,6736.98,1816.283650760377,6.8833,2.5333,2200.690341329185,4,2,72,354.129,582.0,513.0,0.0,0.0,563.0,1.3369447437872757,2269.99,4.959010667870782,1.2497992805527272,2.717127856945486,4.35,0.0019766524705028075,1.1345029239766082,69.0,0.0,0.0,0,0,1.0337477797513321,1,6.883333333333334,1,1,0,8,0,8.0,0,1,1,20,3,0,0,0,0.0,7.0,30.0,26.0,26.0,0.0,0.0,0,0,0,1,0,0,0,1,0,0,0,0,1,1,0.0,2,1,0,0,0,2,0,2,3,0,0.0,10,0.625
E0000020820260129222929065773542,7591928716,2026-01-29 22:29:29,fraud,1,0,1,0,0,0,0,1986.47,7.594617752074944,1,1986.47,245.14801780883462,0.0,141.85829999999999,1099.7618689083945,1,0,48,58.9355,544.0,614.0,0.0,0.0,527.5,1.0,0.0,0.6257463299861998,0.0,1.0,0.0,0.0,0.9903709889194305,-5.666666666666657,0.0,0.0,0,0,1.0292595226805754,0,6.225,0,0,0,0,1,0.0,1,1,1,22,3,0,1,0,0.0,7.0,30.0,26.0,-1.0,0.0,0.0,1,1,1,1,1,1,1,1,0,0,0,1,1,0,0.0,0,0,2,0,2,2,3,0,0,0,0.0,9,0.5625
E0000020820260130124524661261525,1315952106,2026-01-30 12:45:25,normal,0,0,1,0,0,0,0,6.0,1.9459101490553132,90,74.99,314.1906799302077,1255.9333,345.45,1264.358584337123,7,3,40,60.1935,913.0,891.4431818181819,0.0,0.0,896.0,0.08001066808907854,-68.99,0.019096683585053516,-0.2195800334221403,3.6356442321609492,910.4832999999999,0.7201147769937019,1.0241819317500986,21.55681818181813,0.0,0.0,0,0,1.0189732142857142,1,6.225,0,0,0,0,1,0.0,1,1,1,12,4,0,0,1,0.0,7.0,30.0,0.0,0.0,0.0,0.0,0,0,0,1,0,0,0,1,0,0,0,0,1,0,0.0,0,0,0,0,2,2,0,0,0,0,0.0,4,0.25
E0000020820260130154709239821525,1729951163,2026-01-30 15:47:09,normal,0,0,1,0,0,0,0,9.96,2.3942522815198695,15,37.39,303.12726385998025,76.5333,4124.4667,4524.113646688617,3,1,38,118.3871,447.0,611.1333333333333,0.0,0.0,433.0,0.26638138539716505,-27.43,0.03285748656577687,-0.09049004583325898,0.018555926272843953,-4047.9334,-0.8947461792793041,0.7314279480746155,-164.13333333333333,0.0,0.0,0,0,1.0323325635103926,0,6.225,0,0,1,0,1,0.0,1,1,1,15,4,0,0,1,0.0,7.0,30.0,0.0,0.0,0.0,0.0,0,0,0,0,0,0,0,1,0,0,0,0,1,0,0.0,0,0,0,0,2,2,0,0,0,0,0.0,4,0.25
E0000020820260130161435077254525,13092999436,2026-01-30 16:14:59,fraud,1,0,0,0,0,1,0,1000.0,6.90875477931522,1,1000.0,245.14801780883462,0.0,141.85829999999999,1099.7618689083945,1,1,21,3.9355,543.0,543.0,0.0,0.0,526.0,1.0,0.0,0.6257463299861998,0.0,1.0,0.0,0.0,1.0,0.0,0.0,0.0,0,0,1.032319391634981,0,6.225,0,0,0,0,1,0.0,1,1,1,16,4,0,0,1,0.0,7.0,30.0,0.0,0.0,0.0,0.0,0,0,0,0,0,0,0,1,0,0,0,0,1,0,0.0,0,0,3,1,2,0,0,0,0,0,0.0,5,0.3125
E0000020820260130175039801776525,39870502172,2026-01-30 17:52:07,fraud,1,1,0,0,1,0,0,45000.0,10.714439990727769,1,45000.0,245.14801780883462,0.0,141.85829999999999,1099.7618689083945,1,1,69,390.3548,556.0,556.0,0.0,0.0,542.0,1.0,0.0,0.6257463299861998,0.0,1.0,0.0,0.0,1.0,0.0,0.0,0.0,0,0,1.0258302583025831,1,6.225,0,0,0,0,1,0.0,1,1,1,17,4,0,0,1,0.0,7.0,30.0,26.0,26.0,0.0,0.0,0,0,0,0,0,0,0,1,0,0,0,0,1,0,0.0,2,1,0,0,2,0,0,0,3,0,0.0,7,0.4375
E0000020820260130184414259117525,330132172,2026-01-30 18:46:59,fraud,1,0,1,0,0,0,0,7000.0,8.853808274977197,1,7000.0,245.14801780883462,0.0,141.85829999999999,1099.7618689083945,1,1,87,481.4516,592.0,592.0,0.0,0.0,574.0,1.0,0.0,0.6257463299861998,0.0,1.0,0.0,0.0,1.0,0.0,0.0,0.0,0,0,1.0313588850174216,1,6.225,0,0,0,0,1,0.0,1,1,1,18,4,0,0,1,0.0,7.0,30.0,0.0,0.0,0.0,0.0,0,0,0,1,0,0,0,1,0,0,0,0,1,0,0.0,3,1,0,0,2,2,0,0,0,0,0.0,7,0.4375
E0000020820260130192230946411525,7966054160,2026-01-30 19:22:40,normal,0,0,0,0,1,0,0,9.16,2.318458442150336,27,15.0,51.63117735093665,25.8167,44.7167,634.3376284503879,13,1,22,45.4194,413.0,483.3333333333333,0.0,0.0,392.0,0.6106666666666667,-5.84,0.17741218523334384,-0.11310995215750305,0.5773391149167985,-18.900000000000002,-0.02979485868774721,0.8544827586206897,-70.33333333333331,0.0,0.0,0,0,1.0535714285714286,0,6.225,0,0,0,0,1,0.0,1,1,1,19,4,0,0,0,0.0,7.0,30.0,26.0,26.0,0.0,0.0,0,0,0,0,0,0,0,1,0,0,0,0,1,0,0.0,0,0,2,0,2,0,0,0,3,0,0.0,7,0.4375
E0000020820260130195343718965525,98578731115,2026-01-30 19:54:09,normal,0,0,0,0,0,1,0,1000.0,6.90875477931522,39,800.0,2174.838038521024,1681.8667,1253.3667,2263.217411933608,3,1,43,258.9355,507.0,669.7435897435897,0.0,0.0,496.0,1.25,200.0,0.45980435429575234,0.09196087085915047,1.3418791962479935,428.5,0.1893322301872473,0.7570061255742726,-162.74358974358972,0.0,0.0,0,0,1.0221774193548387,0,6.225,0,0,0,0,1,0.0,1,1,1,19,4,0,0,0,0.0,7.0,30.0,0.0,0.0,0.0,0.0,0,0,0,1,0,0,0,1,0,0,0,0,1,0,0.0,0,0,0,0,2,0,0,0,0,0,0.0,2,0.125
E0000020820260130202603233796525,47780576191,2026-01-30 20:26:03,fraud,1,0,1,0,0,0,0,999.0,6.907755278982137,1,999.0,245.14801780883462,0.0,141.85829999999999,1099.7618689083945,3,1,65,98.7097,458.0,458.0,0.0,0.0,444.0,1.0,0.0,0.6257463299861998,0.0,1.0,0.0,0.0,1.0,0.0,0.0,0.0,0,0,1.0315315315315314,0,6.225,0,0,0,0,1,0.0,1,1,1,20,4,0,0,0,0.0,7.0,30.0,26.0,26.0,0.0,0.0,0,0,0,1,0,0,0,1,0,0,0,0,1,0,0.0,1,1,0,0,2,2,0,0,3,0,0.0,8,0.5
E0000020820260130203959614889525,47780576191,2026-01-30 20:40:00,fraud,1,0,1,0,0,0,0,997.0,6.905753276311464,2,997.0,1.4142135623730951,13.95,13.95,1099.7618689083945,3,1,65,98.7097,361.0,409.5,0.0,0.0,347.0,1.0,0.0,704.9854608429878,0.0,1.0,0.0,0.0,0.8815628815628815,-48.5,0.0,0.0,0,0,1.0403458213256485,0,13.95,1,1,0,1,0,0.0,1,1,2,20,4,0,0,0,0.0,7.0,30.0,26.0,26.0,0.0,0.0,0,0,0,1,0,0,0,1,0,0,0,0,1,1,0.0,1,1,0,0,0,2,0,2,3,0,0.0,9,0.5625
E0000020820260130205057882670525,47780576191,2026-01-30 20:50:58,fraud,1,0,1,0,0,0,0,995.0,6.903747257584598,3,997.0,2.0,10.9667,10.9667,2.109511660313827,3,1,65,98.7097,410.0,409.6666666666667,0.0,0.0,396.0,0.9979939819458375,-2.0,497.5,-1.0,1.0,0.0,0.0,1.000813669650122,0.3333333333333144,0.0,0.0,0,0,1.0353535353535352,0,10.966666666666667,2,1,1,2,0,0.0,1,1,3,20,4,0,0,0,0.0,7.0,30.0,26.0,26.0,0.0,0.0,0,0,0,1,0,0,0,1,0,0,0,0,1,2,0.0,1,1,0,0,0,2,0,3,3,0,0.0,11,0.6875
E0000020820260130214649919815525,661861376,2026-01-30 21:47:38,normal,0,0,0,0,1,0,0,5.0,1.791759469228055,33,124.0,260.3556665620797,8783.8167,1344.7833,2695.6492753383945,3,1,42,197.4839,458.0,652.9090909090909,0.0,0.0,443.0,0.04032258064516129,-119.0,0.019204498469434273,-0.45706706357253574,6.531771103939199,7439.033399999999,2.7596443899646963,0.7014759120022278,-194.90909090909088,0.0,0.0,0,0,1.0338600451467268,0,6.225,0,0,0,0,1,0.0,1,1,1,21,4,0,0,0,0.0,7.0,30.0,0.0,0.0,0.0,0.0,0,0,0,1,0,0,0,1,0,0,0,0,1,0,0.0,0,0,0,0,2,0,0,0,0,0,0.0,2,0.125
E0000020820260131171358341261525,69943630159,2026-01-31 17:14:19,fraud,1,0,0,0,1,0,0,489.9,6.196240441064007,3,189.9,226.4782623858929,46439.65,8516.8333,26815.48085026445,1,1,50,9.1935,1997.0,892.0,0.0,0.0,1981.0,2.5797788309636647,300.0,2.1631215059627524,1.3246304384340186,5.452689792578187,37922.8167,1.4142135623730954,2.2387892376681613,1105.0,0.0,0.0,0,0,1.0080767289247854,1,46439.65,0,0,0,2,0,2.0,0,1,1,17,5,1,0,1,0.0,7.0,30.0,60.0,60.0,0.0,0.0,0,0,0,1,0,0,0,1,0,0,0,0,1,0,0.0,0,0,3,1,0,0,0,0,5,0,0.0,8,0.5
E0000020820260131223246386205525,87401550563,2026-01-31 22:33:01,normal,0,0,0,0,0,1,0,50.0,3.9318256327243257,188,95.0,636.8737970580012,1179.8,142.8833,604.2769088220515,14,2,50,29.8387,625.0,740.0106382978723,0.0,0.0,612.0,0.5263157894736842,-45.0,0.07850848979966185,-0.07065764081969567,8.257088127163916,1036.9167,1.7159628058952572,0.8445824528112017,-115.01063829787233,0.0,0.0,0,0,1.0212418300653594,1,6.225,0,0,0,0,1,0.0,1,1,1,22,5,1,1,0,0.0,7.0,29.0,0.0,0.0,0.0,0.0,0,0,0,1,0,0,0,1,0,0,0,0,1,0,0.0,0,0,3,1,2,0,3,0,0,0,0.0,8,0.5
E0000020820260131231100044464525,1052003109,2026-01-31 23:11:01,normal,0,0,1,0,0,0,0,6.0,1.9459101490553132,64,6.0,24.853379093816446,1500.1667,1320.3333,988.3164715170752,5,1,40,257.4839,1173.0,670.9375,0.0,0.0,1155.0,1.0,0.0,0.24141586451287858,0.0,1.1362030329765977,179.83339999999998,0.1819593269794988,1.7482999534233814,502.0625,0.0,0.0,0,0,1.0155844155844156,1,6.225,0,0,0,0,1,0.0,1,1,1,23,5,1,1,0,0.0,7.0,30.0,26.0,26.0,0.0,0.0,0,0,0,1,0,0,0,1,0,0,0,0,1,0,0.0,0,0,0,0,2,2,3,0,3,0,0.0,10,0.625
E0000020820260201101537714299525,98470779591,2026-02-01 10:16:42,normal,0,0,0,0,0,1,0,1875.0,7.53689712956617,88,400.0,1277.825328273595,2413.2,165.0333,2757.391408924241,8,2,44,3.6774,449.0,1198.2988505747126,0.0,0.0,435.0,4.6875,1475.0,1.4673366997140505,1.1543048704417196,14.622503458392941,2248.1666999999998,0.815323748642958,0.3746978475233089,-749.2988505747126,0.0,0.0,0,0,1.032183908045977,0,6.225,0,0,0,0,1,0.0,1,1,1,10,6,1,0,1,0.0,7.0,30.0,0.0,0.0,0.0,0.0,0,0,0,1,0,0,0,1,0,0,0,0,1,0,0.0,0,0,3,1,2,0,0,0,0,0,0.0,5,0.3125
E0000020820260201121420330709525,39981061115,2026-02-01 12:14:21,fraud,1,0,1,0,0,0,0,6600.0,8.79497643168877,1,6600.0,245.14801780883462,0.0,141.85829999999999,1099.7618689083945,1,1,59,456.1935,1111.0,1111.0,0.0,0.0,1096.0,1.0,0.0,0.6257463299861998,0.0,1.0,0.0,0.0,1.0,0.0,0.0,0.0,0,0,1.0136861313868613,1,6.225,0,0,0,0,1,0.0,1,1,1,12,6,1,0,1,0.0,7.0,30.0,26.0,26.0,0.0,0.0,0,0,0,1,0,0,0,1,0,0,0,0,1,0,0.0,0,0,0,0,2,2,0,0,3,0,0.0,7,0.4375
E0000020820260201170514111111542,95841334700,2026-02-01 17:05:14,fraud,1,0,1,0,0,0,0,1000.0,6.90875477931522,1,1000.0,245.14801780883462,0.0,141.85829999999999,1099.7618689083945,1,0,62,54.6452,544.0,614.0,0.0,0.0,527.5,1.0,0.0,0.6257463299861998,0.0,1.0,0.0,0.0,0.9903709889194305,-5.666666666666657,0.0,0.0,0,0,1.0292595226805754,0,6.225,0,0,0,0,1,0.0,1,1,1,17,6,1,0,1,0.0,7.0,30.0,26.0,-1.0,0.0,0.0,1,1,1,1,1,1,1,1,0,0,0,1,1,0,0.0,1,1,2,0,2,2,0,0,0,0,0.0,7,0.4375
E0000020820260201193256145489525,24495492187,2026-02-01 19:33:27,normal,0,0,0,0,1,0,0,45.0,3.828641396489095,93,150.0,4349.730755817948,1961.1833,495.0167,1009.8279967598924,9,1,64,493.7097,720.0,878.5434782608696,0.0,0.0,697.0,0.3,-105.0,0.010345467921160546,-0.02413942514937461,3.9618528021377863,1466.1666,1.4518973574750391,0.8195382673892064,-158.54347826086962,0.0,0.0,0,0,1.0329985652797704,1,6.225,0,0,0,0,1,0.0,1,1,1,19,6,1,0,0,0.0,7.0,30.0,26.0,26.0,0.0,0.0,0,0,0,1,0,0,0,1,0,0,0,0,1,0,0.0,1,1,0,0,2,0,0,0,3,0,0.0,6,0.375
E0000020820260201233714226248525,70788049100,2026-02-01 23:37:15,normal,0,0,1,0,0,0,0,7.94,2.190535589185423,89,42.0,412.9495334943821,155.8833,160.45,2341.1535281496035,8,2,42,246.1613,704.0,887.8863636363636,0.0,0.0,690.0,0.18904761904761905,-34.06,0.01922753110485841,-0.08247981227096693,0.9715381738859458,-4.566699999999997,-0.0019506196176759998,0.7928942585814114,-183.88636363636363,0.0,0.0,0,0,1.0202898550724637,1,6.225,0,0,0,0,1,0.0,1,1,1,23,6,1,1,0,0.0,7.0,30.0,26.0,26.0,0.0,0.0,0,0,0,1,0,0,0,1,0,0,0,0,1,0,0.0,0,0,0,0,2,2,3,0,3,0,0.0,10,0.625
E0000020820260202120242709251525,2153160103,2026-02-02 12:03:04,normal,0,0,0,0,1,0,0,25.0,3.258096538021482,40,56.63,393.1984378081984,17.0833,372.9833,3255.549962641861,4,1,39,9.4516,518.0,536.975,0.0,0.0,500.0,0.4414621225498852,-31.630000000000003,0.06358112748198395,-0.0804428424902061,0.04580178254629631,-355.9,-0.10932100692172732,0.964663159364961,-18.975000000000023,0.0,0.0,0,0,1.036,0,6.225,0,0,1,0,1,0.0,1,1,1,12,0,0,0,1,0.0,7.0,30.0,0.0,0.0,0.0,0.0,0,0,0,1,0,0,0,1,0,0,0,0,1,0,0.0,0,0,3,1,2,0,0,0,0,0,0.0,5,0.3125
E0000020820260202153103870407525,39594149,2026-02-02 15:31:05,fraud,1,0,1,0,0,0,0,8947.0,9.09918532261002,1,8947.0,245.14801780883462,0.0,141.85829999999999,1099.7618689083945,1,1,87,608.0645,573.0,573.0,0.0,0.0,561.0,1.0,0.0,0.6257463299861998,0.0,1.0,0.0,0.0,1.0,0.0,0.0,0.0,0,0,1.0213903743315509,1,6.225,0,0,0,0,1,0.0,1,1,1,15,0,0,0,1,0.0,7.0,30.0,55.0,55.0,0.0,0.0,0,0,0,1,0,0,0,1,0,0,0,0,1,0,0.0,3,1,0,0,2,2,0,0,4,0,0.0,11,0.6875
E0000020820260202160214827767525,31696562104,2026-02-02 16:02:15,normal,0,0,1,0,0,0,0,67.99,4.233961566558017,127,56.0,198.86903646085065,418.9333,161.5167,980.9515082612792,10,1,63,385.871,925.0,1664.531746031746,0.0,0.0,910.0,1.2141071428571428,11.989999999999995,0.3418832876649679,0.060290934241843855,2.5937460336918723,257.4166,0.2624152140366926,0.5557118404050904,-739.531746031746,0.0,0.0,0,0,1.0164835164835164,1,6.225,0,0,0,0,1,0.0,1,1,1,16,0,0,0,1,0.0,7.0,30.0,26.0,26.0,0.0,0.0,0,0,0,1,0,0,0,1,0,0,0,0,1,0,0.0,1,1,0,0,2,2,0,0,3,0,0.0,8,0.5
E0000020820260202164608602333525,30261635204,2026-02-02 16:47:03,fraud,1,0,0,0,1,0,0,6000.0,8.699681400989514,1,6000.0,245.14801780883462,0.0,141.85829999999999,1099.7618689083945,2,1,60,9.4839,383.0,383.0,0.0,0.0,365.0,1.0,0.0,0.6257463299861998,0.0,1.0,0.0,0.0,1.0,0.0,0.0,0.0,0,0,1.0493150684931507,0,6.225,0,0,0,0,1,0.0,1,1,1,16,0,0,0,1,0.0,7.0,30.0,20.0,20.0,0.0,0.0,0,0,0,1,0,0,0,1,0,0,0,0,1,0,0.0,1,1,3,1,2,0,0,0,3,0,0.0,9,0.5625
E0000020820260202165516747987525,30261635204,2026-02-02 16:55:37,fraud,1,0,0,0,0,1,0,5999.0,8.699514748210191,2,5999.0,0.7071067811865476,8.5667,8.5667,1099.7618689083945,2,1,60,9.4839,343.0,363.0,0.0,0.0,326.0,1.0,0.0,8483.867160676196,0.0,1.0,0.0,0.0,0.9449035812672176,-20.0,0.0,0.0,0,0,1.0521472392638036,0,8.566666666666666,1,1,0,0,1,0.0,1,2,2,16,0,0,0,1,0.0,7.0,30.0,20.0,20.0,0.0,0.0,0,0,0,1,0,0,0,1,0,0,0,0,1,1,0.0,1,1,3,1,2,0,0,2,3,0,0.0,12,0.75
E0000020820260202210606928608525,3947773528,2026-02-02 21:06:08,normal,0,0,1,0,0,0,0,8.0,2.1972245773362196,194,30.0,257.1530217218679,319.2667,140.8333,714.2039591637086,11,1,37,159.6129,733.0,1023.7680412371134,0.0,0.0,716.0,0.26666666666666666,-22.0,0.031109881371149728,-0.08555217377066175,2.2669830217711295,178.4334,0.24983535544795238,0.7159824984517474,-290.7680412371134,0.0,0.0,0,0,1.0237430167597765,1,6.225,0,0,0,0,1,0.0,1,1,1,21,0,0,0,0,0.0,7.0,30.0,0.0,0.0,0.0,0.0,0,0,0,0,0,0,0,1,0,0,0,0,1,0,0.0,0,0,0,0,2,2,0,0,0,0,0.0,4,0.25
E0000020820260203113533298624525,37066102215,2026-02-03 11:35:35,normal,0,0,1,0,0,0,0,9.48,2.349468678892896,226,55.0,360.7403304827128,762.8333,150.3,621.9026212764086,14,2,53,39.0645,741.0,710.5535714285714,0.0,0.0,721.0,0.17236363636363636,-45.519999999999996,0.02627929066682023,-0.12618494843393005,5.075404524284764,612.5333,0.9849344238858831,1.0428488854263527,30.446428571428555,0.0,0.0,0,0,1.027739251040222,1,6.225,0,0,0,0,1,0.0,1,1,1,11,1,0,0,1,0.0,7.0,30.0,0.0,0.0,0.0,0.0,0,0,0,0,0,0,0,1,0,0,0,0,1,0,0.0,0,0,2,0,2,2,0,0,0,0,0.0,6,0.375
E0000020820260203124839226982525,5497132391,2026-02-03 12:48:53,normal,0,0,0,0,0,1,0,55.0,4.02535169073515,92,25.0,123.40910544190928,7.1667,301.15,1456.3567533712992,14,1,71,550.5161,513.0,908.108695652174,0.0,0.0,500.0,2.2,30.0,0.44567213904560243,0.24309389402487405,0.023797775195085507,-293.9833,-0.20186214629036622,0.5649103487898881,-395.108695652174,0.0,0.0,0,0,1.026,0,6.225,0,0,1,0,1,0.0,1,1,1,12,1,0,0,1,0.0,7.0,30.0,26.0,26.0,0.0,0.0,0,0,0,1,0,0,0,1,0,0,0,0,1,0,0.0,2,1,0,0,2,0,0,0,3,0,0.0,7,0.4375
E0000020820260203150509495705525,10176357149,2026-02-03 15:05:25,fraud,1,0,0,1,0,0,0,1800.0,7.496097345175956,1,1800.0,245.14801780883462,0.0,141.85829999999999,1099.7618689083945,1,1,71,623.4194,884.0,884.0,0.0,0.0,869.0,1.0,0.0,0.6257463299861998,0.0,1.0,0.0,0.0,1.0,0.0,0.0,0.0,0,0,1.0172612197928654,1,6.225,0,0,0,0,1,0.0,1,1,1,15,1,0,0,1,0.0,7.0,30.0,60.0,60.0,0.0,0.0,0,0,0,1,0,0,0,1,0,0,0,0,1,0,0.0,2,1,0,0,2,1,0,0,5,0,0.0,10,0.625
E0000020820260203172931650438525,2864835134,2026-02-03 17:30:11,fraud,1,0,0,0,1,0,0,2777.0,7.9294865233142895,1,2777.0,245.14801780883462,0.0,141.85829999999999,1099.7618689083945,1,1,77,460.4839,512.0,512.0,0.0,0.0,430.0,1.0,0.0,0.6257463299861998,0.0,1.0,0.0,0.0,1.0,0.0,0.0,0.0,0,0,1.1906976744186046,0,6.225,0,0,0,0,1,0.0,1,1,1,17,1,0,0,1,0.0,7.0,30.0,26.0,26.0,0.0,0.0,0,0,0,1,0,0,0,1,0,0,0,0,1,0,0.0,3,1,0,0,2,0,0,0,3,0,0.0,8,0.5
E0000020820260203182541165379525,22570217115,2026-02-03 18:26:15,fraud,1,0,0,0,1,0,0,2700.0,7.901377353792616,1,2700.0,245.14801780883462,0.0,141.85829999999999,1099.7618689083945,1,1,65,407.7097,657.0,657.0,0.0,0.0,639.0,1.0,0.0,0.6257463299861998,0.0,1.0,0.0,0.0,1.0,0.0,0.0,0.0,0,0,1.028169014084507,1,6.225,0,0,0,0,1,0.0,1,1,1,18,1,0,0,1,0.0,7.0,30.0,26.0,26.0,0.0,0.0,0,0,0,1,0,0,0,1,0,0,0,0,1,0,0.0,1,1,0,0,2,0,0,0,3,0,0.0,6,0.375
E0000020820260203235705434673525,62013530110,2026-02-03 23:57:34,normal,0,0,0,0,0,1,0,185.0,5.225746673713202,16,53.0,159.2729659368888,156.1833,3946.95,5196.210327173064,2,1,51,227.2903,632.0,576.9375,0.0,0.0,615.0,3.490566037735849,132.0,1.161527939859583,0.8287658814133242,0.039570630486831605,-3790.7666999999997,-0.7295252619349457,1.0954392806846496,55.0625,0.0,0.0,0,0,1.0276422764227642,1,6.225,0,0,1,0,1,0.0,1,1,1,23,1,0,1,0,0.0,7.0,30.0,0.0,0.0,0.0,0.0,0,0,0,1,0,0,0,1,0,0,0,0,1,0,0.0,0,0,0,0,2,0,3,0,0,0,0.0,5,0.3125
E0000020820260204025719425716525,6764045100,2026-02-04 02:57:35,normal,0,0,1,0,0,0,0,128.96,4.8672267108008995,16,250.0,405.6106526455923,1695.4333,3106.4667,6152.469549343396,1,1,74,608.6129,639.0,830.3125,0.0,0.0,627.0,0.5158400000000001,-121.03999999999999,0.31794036758862076,-0.2984142532019747,0.5457754625214556,-1411.0334,-0.22934423139901416,0.769589762890478,-191.3125,0.0,0.0,0,0,1.0191387559808613,1,6.225,0,0,0,0,1,0.0,1,1,1,2,2,0,1,0,0.0,7.0,30.0,22.0,22.0,0.0,0.0,0,0,0,0,0,0,0,1,0,0,0,0,1,0,0.0,2,1,0,0,2,2,3,0,3,0,0.0,12,0.75
E0000020820260204112225384774525,44337000100,2026-02-04 11:22:50,normal,0,0,0,0,1,0,0,470.0,6.154858094016418,13,24.0,129.37648797608335,9.4,2545.05,8756.400051835275,3,1,60,423.0,663.0,570.5384615384615,0.0,0.0,636.0,19.583333333333332,446.0,3.6328084596552395,3.4473033468217804,0.003693444136657433,-2535.65,-0.28957676499357143,1.162060132128893,92.46153846153845,0.0,0.0,0,0,1.0424528301886793,1,6.225,0,0,1,0,1,0.0,1,1,1,11,2,0,0,1,0.0,7.0,30.0,26.0,26.0,0.0,0.0,0,0,0,1,0,0,0,1,0,0,0,0,1,0,0.0,1,1,0,0,2,0,0,0,3,0,0.0,6,0.375
E0000020820260204113420571973525,657813176,2026-02-04 11:34:21,normal,0,0,1,0,0,0,0,2413.0,7.789040401657477,49,23.0,765.6647338485942,121.9,1037.2,1989.3725619643571,8,1,35,92.3548,723.0,722.8979591836735,0.0,0.0,693.0,104.91304347826087,2390.0,3.151509914621661,3.12147065725063,0.11752795989201698,-915.3000000000001,-0.46009481456616125,1.0001411552142736,0.10204081632650741,0.0,0.0,0,0,1.0432900432900434,1,6.225,0,0,1,0,1,0.0,1,1,1,11,2,0,0,1,0.0,7.0,30.0,0.0,0.0,0.0,0.0,0,0,0,1,0,0,0,1,0,0,0,0,1,0,0.0,0,0,0,0,2,2,0,0,0,0,0.0,4,0.25
E0000020820260204181432710553525,52376958172,2026-02-04 18:14:43,normal,0,0,0,0,0,1,0,50.0,3.9318256327243257,16,106.0,258.3279246745629,9.0167,1183.5667,8057.924766944556,4,1,53,406.4839,562.0,1359.1875,0.0,0.0,544.0,0.4716981132075472,-56.0,0.19355243945457754,-0.21677873218912683,0.00761824407530222,-1174.5500000000002,-0.14576333658738935,0.41348231940037705,-797.1875,0.0,0.0,0,0,1.0330882352941178,1,6.225,0,0,1,0,1,0.0,1,1,1,18,2,0,0,1,0.0,7.0,30.0,0.0,0.0,0.0,0.0,0,0,0,0,0,0,0,1,0,0,0,0,1,0,0.0,0,0,0,0,2,0,0,0,0,0,0.0,2,0.125
E0000020820260204182033969903525,87812444104,2026-02-04 18:20:34,fraud,1,0,1,0,0,0,0,5000.0,8.517393171418904,1,5000.0,245.14801780883462,0.0,141.85829999999999,1099.7618689083945,3,1,46,9.871,342.0,342.0,0.0,0.0,330.0,1.0,0.0,0.6257463299861998,0.0,1.0,0.0,0.0,1.0,0.0,0.0,0.0,0,0,1.0363636363636364,0,6.225,0,0,0,0,1,0.0,1,1,1,18,2,0,0,1,0.0,7.0,30.0,26.0,26.0,0.0,0.0,0,0,0,0,0,0,0,1,0,0,0,0,1,0,0.0,0,0,3,1,2,2,0,0,3,0,0.0,10,0.625
E0000020820260204183457690607525,87812444104,2026-02-04 18:34:58,fraud,1,0,1,0,0,0,0,2000.0,7.601402334583733,2,2000.0,2121.3203435596424,14.4,14.4,1099.7618689083945,3,1,46,9.871,349.0,345.5,0.0,0.0,337.0,1.0,0.0,0.9428090415820635,0.0,1.0,0.0,0.0,1.0101302460202606,3.5,0.0,0.0,0,0,1.0356083086053411,0,14.4,1,1,0,0,1,0.0,1,2,2,18,2,0,0,1,0.0,7.0,30.0,26.0,26.0,0.0,0.0,0,0,0,0,0,0,0,1,0,0,0,0,1,1,0.0,0,0,3,1,2,2,0,2,3,0,0.0,13,0.8125
E0000020820260204183924279415525,87812444104,2026-02-04 18:39:24,fraud,1,0,1,0,0,0,0,4900.0,8.497194544909547,3,4900.0,1703.9170558842743,4.4333,4.4333,7.047521156051963,3,1,46,9.871,396.0,362.3333333333333,0.0,0.0,377.0,1.0,0.0,2.875726833696766,0.0,1.0,0.0,0.0,1.092916283348666,33.666666666666686,0.0,0.0,0,0,1.0503978779840848,0,4.433333333333334,2,1,1,1,0,1.0,0,2,2,18,2,0,0,1,0.0,7.0,30.0,26.0,26.0,0.0,0.0,0,0,0,0,0,0,0,1,0,0,0,0,1,2,0.0,0,0,3,1,0,2,0,3,3,0,0.0,13,0.8125
E0000020820260204184235512691525,34882146215,2026-02-04 18:42:36,fraud,1,0,1,0,0,0,0,13747.9,9.528714099894547,1,13747.9,245.14801780883462,0.0,141.85829999999999,1099.7618689083945,1,1,55,336.0323,800.0,800.0,0.0,0.0,786.0,1.0,0.0,0.6257463299861998,0.0,1.0,0.0,0.0,1.0,0.0,0.0,0.0,0,0,1.0178117048346056,1,6.225,0,0,0,0,1,0.0,1,1,1,18,2,0,0,1,0.0,7.0,30.0,0.0,0.0,0.0,0.0,0,0,0,1,0,0,0,1,0,0,0,0,1,0,0.0,0,0,0,0,2,2,0,0,0,0,0.0,4,0.25
E0000020820260204195331402973525,10186759142,2026-02-04 19:53:43,fraud,1,0,0,1,0,0,0,4500.0,8.412054873292933,1,4500.0,245.14801780883462,0.0,141.85829999999999,1099.7618689083945,1,1,6,64.8387,982.0,982.0,0.0,0.0,967.0,1.0,0.0,0.6257463299861998,0.0,1.0,0.0,0.0,1.0,0.0,0.0,0.0,0,0,1.015511892450879,1,6.225,0,0,0,0,1,0.0,1,1,1,19,2,0,0,0,0.0,7.0,30.0,20.0,20.0,0.0,0.0,0,0,0,1,0,0,0,1,0,0,0,0,1,0,0.0,0,0,1,0,2,1,0,0,3,0,0.0,7,0.4375
E0000020820260204195333770630525,70177767120,2026-02-04 19:53:50,normal,0,0,0,0,0,1,0,170.0,5.14166355650266,84,72.9,108.21606499422438,232.8833,266.2667,1341.335218269,7,1,43,95.9355,804.0,793.8214285714286,0.0,0.0,786.0,2.3319615912208502,97.1,1.570931266157877,0.8972789761407637,0.8746242019749371,-33.38340000000002,-0.024888185701320415,1.0128222432177083,10.178571428571445,0.0,0.0,0,0,1.0229007633587786,1,6.225,0,0,0,0,1,0.0,1,1,1,19,2,0,0,0,0.0,7.0,30.0,0.0,0.0,0.0,0.0,0,0,0,1,0,0,0,1,0,0,0,0,1,0,0.0,0,0,0,0,2,0,0,0,0,0,0.0,2,0.125
E0000020820260204213234868433525,7640795141,2026-02-04 21:32:35,normal,0,0,0,0,1,0,0,23.9,3.214867803470662,137,22.4,86.37389463029065,163.25,411.3833,643.4225702944277,6,1,26,81.5806,565.0,664.3382352941177,0.0,0.0,549.0,1.0669642857142858,1.5,0.2767039752265432,0.01736635827781652,0.39683185972789853,-248.13330000000002,-0.38564593698734434,0.850470392916436,-99.33823529411768,0.0,0.0,0,0,1.029143897996357,1,6.225,0,0,1,0,1,0.0,1,1,1,21,2,0,0,0,0.0,7.0,30.0,0.0,0.0,0.0,0.0,0,0,0,1,0,0,0,1,0,0,0,0,1,0,0.0,0,0,1,0,2,0,0,0,0,0,0.0,3,0.1875
E0000020820260204225905855446542,8722377379,2026-02-04 22:59:18,normal,0,0,0,1,0,0,0,1500.0,7.313886831633462,8,999.99,604.188557912594,0.45,0.55,1545.412397958978,5,0,20,1.2581,544.0,614.0,0.0,0.0,527.5,1.5000150001500014,500.01,2.4826686642036675,0.8275727725256505,0.8181818181818181,-0.10000000000000003,-6.470764705399657e-05,0.9903709889194305,-5.666666666666657,0.0,0.0,0,0,1.0292595226805754,0,6.225,0,0,0,0,1,0.0,1,1,1,22,2,0,1,0,0.0,7.0,30.0,26.0,-1.0,0.0,0.0,1,1,1,1,1,1,1,1,0,0,0,1,1,0,0.0,0,0,3,1,2,1,3,0,0,0,0.0,9,0.5625
E0000020820260205003505340630525,4321433355,2026-02-05 00:39:14,fraud,1,0,0,0,1,0,0,381.0,5.945420608606575,1,381.0,245.14801780883462,0.0,141.85829999999999,1099.7618689083945,1,1,34,6.5161,417.0,417.0,0.0,0.0,398.0,1.0,0.0,0.6257463299861998,0.0,1.0,0.0,0.0,1.0,0.0,0.0,0.0,0,0,1.0477386934673367,0,6.225,0,0,0,0,1,0.0,1,1,1,0,3,0,1,0,0.0,7.0,30.0,26.0,-1.0,0.0,0.0,0,0,0,1,1,0,0,1,0,0,0,0,1,0,0.0,0,0,3,1,2,0,3,0,0,0,0.0,8,0.5
E0000020820260205103513007416525,20276575504,2026-02-05 10:35:39,fraud,1,0,0,0,1,0,0,5000.0,8.517393171418904,1,5000.0,245.14801780883462,0.0,141.85829999999999,1099.7618689083945,2,1,67,311.6129,1656.0,1656.0,0.0,0.0,1643.0,1.0,0.0,0.6257463299861998,0.0,1.0,0.0,0.0,1.0,0.0,0.0,0.0,0,0,1.0079123554473524,1,6.225,0,0,0,0,1,0.0,1,1,1,10,3,0,0,1,0.0,7.0,30.0,20.0,20.0,0.0,0.0,0,0,0,1,0,0,0,1,0,0,0,0,1,0,0.0,2,1,0,0,2,0,0,0,3,0,0.0,7,0.4375
E0000020820260205104248623521525,20276575504,2026-02-05 10:43:12,fraud,1,0,0,0,1,0,0,2799.89,7.937692502800273,2,2799.89,1555.7127003563353,7.55,7.55,1099.7618689083945,2,1,67,311.6129,1677.0,1666.5,0.0,0.0,1662.0,1.0,0.0,1.799747472241299,0.0,1.0,0.0,0.0,1.0063006300630064,10.5,0.0,0.0,0,0,1.0090252707581226,1,7.55,1,1,0,1,0,1.0,0,1,1,10,3,0,0,1,0.0,7.0,30.0,20.0,20.0,0.0,0.0,0,0,0,1,0,0,0,1,0,0,0,0,1,1,0.0,2,1,0,0,0,0,0,2,3,0,0.0,8,0.5
E0000020820260205111542209359525,8278848181,2026-02-05 11:16:01,fraud,1,0,1,0,0,0,0,700.0,6.55250788703459,1,700.0,245.14801780883462,0.0,141.85829999999999,1099.7618689083945,6,1,20,57.2581,465.0,465.0,0.0,0.0,452.0,1.0,0.0,0.6257463299861998,0.0,1.0,0.0,0.0,1.0,0.0,0.0,0.0,0,0,1.0287610619469028,0,6.225,0,0,0,0,1,0.0,1,1,1,11,3,0,0,1,0.0,7.0,30.0,26.0,26.0,0.0,0.0,0,0,0,0,0,0,0,1,0,0,0,0,1,0,0.0,0,0,2,0,2,2,0,0,3,0,0.0,9,0.5625
E0000020820260205114022488812525,8278848181,2026-02-05 11:40:38,fraud,1,0,0,0,1,0,0,2000.0,7.601402334583733,2,700.0,919.2388155425118,24.6167,24.6167,1099.7618689083945,6,1,20,57.2581,414.0,439.5,0.0,0.0,397.0,2.857142857142857,1300.0,2.1757131728816845,1.414213562373095,1.0,0.0,0.0,0.9419795221843004,-25.5,0.0,0.0,0,0,1.0428211586901763,0,24.616666666666667,1,1,0,0,1,0.0,1,2,2,11,3,0,0,1,0.0,7.0,30.0,26.0,26.0,0.0,0.0,0,0,0,0,0,0,0,1,0,0,0,0,1,1,0.0,0,0,2,0,2,0,0,2,3,0,0.0,10,0.625
E0000020820260205114057088440525,8278848181,2026-02-05 11:41:21,fraud,1,0,0,0,1,0,0,1956.0,7.579167967396076,3,1956.0,738.1815494849488,0.7167,0.7167,16.899852070358488,6,1,20,57.2581,673.0,517.3333333333334,0.0,0.0,657.0,1.0,0.0,2.6497546590872654,0.0,1.0,0.0,0.0,1.30090206185567,155.66666666666663,0.0,0.0,0,0,1.0243531202435312,1,0.7166666666666667,2,1,1,1,0,1.0,0,2,2,11,3,0,0,1,0.0,7.0,30.0,26.0,26.0,0.0,0.0,0,0,0,0,0,0,0,1,0,0,0,0,1,2,0.0,0,0,2,0,0,0,0,3,3,0,0.0,10,0.625
E0000020820260205114148072921525,8278848181,2026-02-05 11:42:52,fraud,1,0,0,0,1,0,0,1800.0,7.496097345175956,4,1800.0,615.345973145731,1.5167,1.5167,13.573626388453947,6,1,20,57.2581,1226.0,694.5,0.0,0.0,1212.0,1.0,0.0,2.9251836829258164,0.0,1.0,0.0,0.0,1.7652987760979122,531.5,0.0,0.0,0,0,1.0115511551155116,1,1.5166666666666666,3,1,1,2,0,2.0,0,2,2,11,3,0,0,1,0.0,7.0,30.0,26.0,26.0,0.0,0.0,0,0,0,0,0,0,0,1,0,0,0,0,1,2,0.0,0,0,2,0,0,0,0,4,3,0,0.0,11,0.6875
E0000020820260205114332422135525,8278848181,2026-02-05 11:43:49,fraud,1,0,0,0,1,0,0,900.0,6.803505257608338,5,1800.0,621.24648892368,0.95,0.95,11.78257281846796,6,1,20,57.2581,486.0,652.8,0.0,0.0,447.0,0.5,-900.0,1.4487003404385677,-1.4487003404385677,1.0,0.0,0.0,0.7444852941176471,-166.79999999999995,0.0,0.0,0,0,1.087248322147651,0,0.95,4,1,1,3,0,3.0,0,2,2,11,3,0,0,1,0.0,7.0,30.0,26.0,26.0,0.0,0.0,0,0,0,0,0,0,0,1,0,0,0,0,1,2,0.0,0,0,2,0,0,0,0,4,3,0,0.0,11,0.6875
E0000020820260205115753729372525,8278848181,2026-02-05 12:01:32,fraud,1,0,0,0,0,1,0,1500.0,7.313886831633462,6,1500.0,555.7841307558178,17.7167,1.5167,11.28299715403669,6,1,20,57.2581,462.0,621.0,0.0,0.0,447.0,1.0,0.0,2.6988895813922054,0.0,11.68108393222127,16.2,1.4357887163167604,0.7439613526570048,-159.0,0.0,0.0,0,0,1.0335570469798658,0,17.716666666666665,4,1,1,0,1,0.0,1,3,3,12,3,0,0,1,0.0,7.0,30.0,26.0,26.0,0.0,0.0,0,0,0,0,0,0,0,1,0,0,0,0,1,2,0.0,0,0,2,0,2,0,0,4,3,0,0.0,13,0.8125
E0000020820260205132815602658525,5516153115,2026-02-05 13:29:09,fraud,1,0,0,0,1,0,0,1950.0,7.576097340623111,1,1950.0,245.14801780883462,0.0,141.85829999999999,1099.7618689083945,4,1,78,473.9355,648.0,648.0,0.0,0.0,635.0,1.0,0.0,0.6257463299861998,0.0,1.0,0.0,0.0,1.0,0.0,0.0,0.0,0,0,1.020472440944882,1,6.225,0,0,0,0,1,0.0,1,1,1,13,3,0,0,1,0.0,7.0,30.0,0.0,0.0,0.0,0.0,0,0,0,1,0,0,0,1,0,0,0,0,1,0,0.0,3,1,0,0,2,0,0,0,0,0,0.0,5,0.3125
E0000020820260205133906195527525,5516153115,2026-02-05 13:40:08,fraud,1,0,0,0,1,0,0,2000.0,7.601402334583733,2,1950.0,35.35533905932738,10.9833,10.9833,1099.7618689083945,4,1,78,473.9355,642.0,645.0,0.0,0.0,629.0,1.0256410256410255,50.0,56.5685424949238,1.414213562373095,1.0,0.0,0.0,0.9953488372093023,-3.0,0.0,0.0,0,0,1.0206677265500794,1,10.983333333333333,1,1,0,1,0,1.0,0,1,1,13,3,0,0,1,0.0,7.0,30.0,0.0,0.0,0.0,0.0,0,0,0,1,0,0,0,1,0,0,0,0,1,1,0.0,3,1,0,0,0,0,0,2,0,0,0.0,6,0.375
E0000020820260205140403884710525,5516153115,2026-02-05 14:04:56,fraud,1,0,0,0,1,0,0,9999.0,9.210340371976184,3,2000.0,4632.726015353524,24.8,10.9833,9.769882263620172,4,1,78,473.9355,917.0,735.6666666666666,0.0,0.0,892.0,4.9995,7999.0,2.1583404602089282,1.7266291970408258,2.2579734688117417,13.8167,1.4142135623730951,1.2464884458541006,181.33333333333337,0.0,0.0,0,0,1.0280269058295963,1,24.8,1,1,0,0,1,0.0,1,2,2,14,3,0,0,1,0.0,7.0,30.0,20.0,20.0,0.0,0.0,0,0,0,1,0,0,0,1,0,0,0,0,1,1,0.0,3,1,0,0,2,0,0,2,3,0,0.0,11,0.6875
E0000020820260205140626047261525,5516153115,2026-02-05 14:07:34,fraud,1,0,0,0,1,0,0,4950.0,8.507344855361422,4,2000.0,3785.584532142956,2.6333,10.9833,11.195135013180202,4,1,78,473.9355,2504.0,1177.75,0.0,0.0,2481.0,2.475,2950.0,1.3075919869098493,0.7792719921987991,0.2397549006218532,-8.35,-0.7458596962135265,2.1260878794311187,1326.25,0.0,0.0,0,0,1.0092704554615075,1,2.6333333333333333,2,1,1,0,1,0.0,1,3,3,14,3,0,0,1,0.0,7.0,30.0,0.0,0.0,0.0,0.0,0,0,0,1,0,0,0,1,0,0,0,0,1,2,0.0,3,1,0,0,2,0,0,3,0,0,0.0,10,0.625
E0000020820260205160016897536525,59977976864,2026-02-05 16:00:17,fraud,1,0,1,0,0,0,0,990.0,6.898714534329988,1,990.0,245.14801780883462,0.0,141.85829999999999,1099.7618689083945,3,1,19,1.1935,435.0,435.0,0.0,0.0,419.0,1.0,0.0,0.6257463299861998,0.0,1.0,0.0,0.0,1.0,0.0,0.0,0.0,0,0,1.0381861575178997,0,6.225,0,0,0,0,1,0.0,1,1,1,16,3,0,0,1,0.0,7.0,31.0,0.0,0.0,0.0,0.0,0,0,0,0,0,0,0,1,0,0,0,0,1,0,0.0,0,0,3,1,2,2,0,0,0,0,0.0,7,0.4375
E0000020820260205160357265230525,59977976864,2026-02-05 16:03:58,fraud,1,0,1,0,0,0,0,1925.0,7.563200592358071,2,990.0,661.1448404094219,3.6833,3.6833,1099.7618689083945,3,1,19,1.1935,429.0,432.0,0.0,0.0,415.0,1.9444444444444444,935.0,2.9116161578269604,1.4142135623730951,1.0,0.0,0.0,0.9930555555555556,-3.0,0.0,0.0,0,0,1.033734939759036,0,3.683333333333333,1,1,0,1,0,1.0,0,1,1,16,3,0,0,1,0.0,7.0,31.0,0.0,0.0,0.0,0.0,0,0,0,0,0,0,0,1,0,0,0,0,1,1,0.0,0,0,3,1,0,2,0,2,0,0,0.0,8,0.5
E0000020820260205160800703647525,59977976864,2026-02-05 16:08:01,fraud,1,0,1,0,0,0,0,1740.0,7.462214939768189,3,1740.0,495.1346618177053,4.05,3.6833,0.2592960566611068,3,1,19,1.1935,417.0,427.0,0.0,0.0,402.0,1.0,0.0,3.514195499083478,0.0,1.09955746205848,0.3666999999999998,1.4142135623730954,0.9765807962529274,-10.0,0.0,0.0,0,0,1.037313432835821,0,4.05,2,1,1,2,0,2.0,0,1,1,16,3,0,0,1,0.0,7.0,31.0,0.0,0.0,0.0,0.0,0,0,0,0,0,0,0,1,0,0,0,0,1,2,0.0,0,0,3,1,0,2,0,3,0,0,0.0,10,0.625
E0000020820260205172619386263525,53431278191,2026-02-05 17:26:34,normal,0,0,0,0,0,1,0,60.0,4.110873864173311,24,70.0,110.01224997666183,1.0,1149.9833,7981.800101188502,4,1,54,39.9355,393.0,885.125,0.0,0.0,380.0,0.8571428571428571,-10.0,0.5453938085324906,-0.09089896808874844,0.0008695778451739255,-1148.9833,-0.14395039783430744,0.4440050840276797,-492.125,0.0,0.0,0,0,1.0342105263157895,0,6.225,0,0,1,0,1,0.0,1,1,1,17,3,0,0,1,0.0,7.0,30.0,0.0,0.0,0.0,0.0,0,0,0,1,0,0,0,1,0,0,0,0,1,0,0.0,0,0,2,0,2,0,0,0,0,0,0.0,4,0.25
E0000020820260205173047848605525,48393339120,2026-02-05 17:31:34,fraud,1,0,0,0,1,0,0,1980.0,7.591357046698551,1,1980.0,245.14801780883462,0.0,141.85829999999999,1099.7618689083945,1,1,60,313.5484,535.0,535.0,0.0,0.0,521.0,1.0,0.0,0.6257463299861998,0.0,1.0,0.0,0.0,1.0,0.0,0.0,0.0,0,0,1.0268714011516316,0,6.225,0,0,0,0,1,0.0,1,1,1,17,3,0,0,1,0.0,7.0,30.0,26.0,26.0,0.0,0.0,0,0,0,1,0,0,0,1,0,0,0,0,1,0,0.0,1,1,0,0,2,0,0,0,3,0,0.0,6,0.375
E0000020820260205180430838431525,72282541120,2026-02-05 18:07:52,fraud,1,0,0,0,1,0,0,620.0,6.431331081933479,1,620.0,245.14801780883462,0.0,141.85829999999999,1099.7618689083945,1,1,44,290.6452,542.0,542.0,0.0,0.0,502.0,1.0,0.0,0.6257463299861998,0.0,1.0,0.0,0.0,1.0,0.0,0.0,0.0,0,0,1.0796812749003983,0,6.225,0,0,0,0,1,0.0,1,1,1,18,3,0,0,1,0.0,7.0,30.0,26.0,-1.0,0.0,0.0,0,0,0,0,1,0,0,1,0,0,0,0,1,0,0.0,0,0,0,0,2,0,0,0,0,0,0.0,2,0.125
E0000020820260205221650088286525,184165199,2026-02-05 22:16:51,normal,0,0,1,0,0,0,0,160.0,5.081404364984463,10,800.0,3603.2842722586665,10308.3333,3891.1667,2668.3536171734363,1,1,43,157.0645,649.0,562.8,0.0,0.0,637.0,0.2,-640.0,0.044403934830183775,-0.1776157393207351,2.649162602054546,6417.1666000000005,2.4049161095813263,1.1531627576403696,86.20000000000005,0.0,0.0,0,0,1.0188383045525902,1,6.225,0,0,0,0,1,0.0,1,1,1,22,3,0,1,0,0.0,7.0,30.0,0.0,0.0,0.0,0.0,0,0,0,1,0,0,0,1,0,0,0,0,1,0,0.0,0,0,0,0,2,2,3,0,0,0,0.0,7,0.4375
E0000020820260206011148418489525,5086067138,2026-02-06 01:11:49,normal,0,0,1,0,0,0,0,63.98,4.174079530240954,132,44.75,329.40951516756235,587.15,122.05,1475.089737392215,11,1,29,35.4839,674.0,719.9848484848485,0.0,0.0,663.0,1.4297206703910614,19.229999999999997,0.19422632636296186,0.058377184369486655,4.810733306022122,465.09999999999997,0.3153028512165246,0.9361308108335613,-45.9848484848485,0.0,0.0,0,0,1.0165912518853695,1,6.225,0,0,0,0,1,0.0,1,1,1,1,4,0,1,0,0.0,7.0,30.0,20.0,20.0,0.0,0.0,0,0,0,1,0,0,0,1,0,0,0,0,1,0,0.0,0,0,2,0,2,2,3,0,3,0,0.0,12,0.75
E0000020820260206120851926973525,28569482191,2026-02-06 12:08:52,fraud,1,0,1,0,0,0,0,4570.0,8.427487278331744,1,4570.0,245.14801780883462,0.0,141.85829999999999,1099.7618689083945,1,1,66,9.9032,475.0,475.0,0.0,0.0,458.0,1.0,0.0,0.6257463299861998,0.0,1.0,0.0,0.0,1.0,0.0,0.0,0.0,0,0,1.037117903930131,0,6.225,0,0,0,0,1,0.0,1,1,1,12,4,0,0,1,0.0,7.0,30.0,0.0,0.0,0.0,0.0,0,0,0,0,0,0,0,1,0,0,0,0,1,0,0.0,2,1,3,1,2,2,0,0,0,0,0.0,9,0.5625
E0000020820260206162001733453525,48393339120,2026-02-06 16:20:29,fraud,1,0,1,0,0,0,0,1600.0,7.3783837129967145,2,1600.0,268.70057685088807,1368.9167,1368.9167,1099.7618689083945,1,1,60,313.5484,2500.0,1517.5,0.0,0.0,2487.0,1.0,0.0,5.954583420518294,0.0,1.0,0.0,0.0,1.6474464579901154,982.5,0.0,0.0,0,0,1.0052271813429836,1,1368.9166666666667,0,0,0,0,1,0.0,1,2,2,16,4,0,0,1,0.0,7.0,30.0,60.0,60.0,0.0,0.0,0,0,0,1,0,0,0,1,0,0,0,0,1,0,0.0,1,1,0,0,2,2,0,0,5,0,0.0,10,0.625
E0000020820260206174624432306525,41079078134,2026-02-06 17:46:25,normal,0,0,0,1,0,0,0,22.93,3.175132901920282,105,46.8,203.2504069677249,23.3,335.4833,2301.696582942792,9,1,58,9.0968,885.0,603.9238095238095,0.0,0.0,869.0,0.489957264957265,-23.869999999999997,0.11281650227466046,-0.11744133926280614,0.06945204127895488,-312.1833,-0.13563182146313296,1.4654166403835236,281.0761904761905,0.0,0.0,0,0,1.0184119677790564,1,6.225,0,0,1,0,1,0.0,1,1,1,17,4,0,0,1,0.0,7.0,30.0,0.0,0.0,0.0,0.0,0,0,0,1,0,0,0,1,0,0,0,0,1,0,0.0,0,0,3,1,2,1,0,0,0,0,0.0,6,0.375
E0000020820260206185206704522525,15392791115,2026-02-06 18:52:37,fraud,1,0,0,0,1,0,0,2820.93,7.945176327002343,1,2820.93,245.14801780883462,0.0,141.85829999999999,1099.7618689083945,1,1,67,385.2581,474.0,474.0,0.0,0.0,458.0,1.0,0.0,0.6257463299861998,0.0,1.0,0.0,0.0,1.0,0.0,0.0,0.0,0,0,1.034934497816594,0,6.225,0,0,0,0,1,0.0,1,1,1,18,4,0,0,1,0.0,7.0,30.0,26.0,26.0,0.0,0.0,0,0,0,1,0,0,0,1,0,0,0,0,1,0,0.0,2,1,0,0,2,0,0,0,3,0,0.0,7,0.4375
E0000020820260206190307817844525,54146500478,2026-02-06 19:03:09,normal,0,0,0,0,1,0,0,10.0,2.3978952727983707,47,41.5,257.77060110688467,329.6333,1095.3333,2567.5969234715344,3,1,61,6.8387,555.0,515.8297872340426,0.0,0.0,539.0,0.24096385542168675,-31.5,0.03879418349904649,-0.12220167802199644,0.3009433749526286,-765.7,-0.29821659038472864,1.075936314139581,39.170212765957444,0.0,0.0,0,0,1.0296846011131726,1,6.225,0,0,1,0,1,0.0,1,1,1,19,4,0,0,0,0.0,7.0,30.0,0.0,0.0,0.0,0.0,0,0,0,1,0,0,0,1,0,0,0,0,1,0,0.0,1,1,3,1,2,0,0,0,0,0,0.0,6,0.375
E0000020820260206202741084174525,56152612187,2026-02-06 20:27:41,normal,0,0,1,0,0,0,0,109.9,4.7086288943563215,37,150.0,633.073931465276,336.6667,1594.0667,2525.0477223625016,3,1,54,360.3548,607.0,720.0,0.0,0.0,593.0,0.7326666666666667,-40.099999999999994,0.17359741814930188,-0.06334173310088266,0.2111998826648847,-1257.4,-0.49797078639905595,0.8430555555555556,-113.0,0.0,0.0,0,0,1.0236087689713322,1,6.225,0,0,1,0,1,0.0,1,1,1,20,4,0,0,0,0.0,7.0,30.0,0.0,0.0,0.0,0.0,0,0,0,1,0,0,0,1,0,0,0,0,1,0,0.0,0,0,0,0,2,2,0,0,0,0,0.0,4,0.25
E0000020820260206220506988491525,11963808134,2026-02-06 22:05:43,normal,0,0,0,0,1,0,0,62.0,4.143134726391533,38,100.0,510.7604050069874,3087.7833,1560.6333,2649.263999115513,2,1,70,344.6452,537.0,672.5526315789474,0.0,0.0,524.0,0.62,-38.0,0.12138763966864623,-0.07439887592594446,1.9785450560359055,1527.15,0.5764431179791281,0.7984505223617795,-135.5526315789474,0.0,0.0,0,0,1.0248091603053435,0,6.225,0,0,0,0,1,0.0,1,1,1,22,4,0,1,0,0.0,7.0,30.0,26.0,26.0,0.0,0.0,0,0,0,1,0,0,0,1,0,0,0,0,1,0,0.0,2,1,0,0,2,0,3,0,3,0,0.0,10,0.625
E0000020820260207042211536897525,4998895842,2026-02-07 04:22:29,normal,0,0,0,0,0,1,0,100.0,4.61512051684126,73,120.0,116.38325327913644,34.3667,967.3167,1238.2183797969144,5,1,61,33.871,464.0,664.8356164383562,0.0,0.0,449.0,0.8333333333333334,-20.0,0.8592301485176528,-0.17184602970353055,0.0355278679671301,-932.9499999999999,-0.7534615987149352,0.6979168812972617,-200.83561643835617,0.0,0.0,0,0,1.0334075723830736,0,6.225,0,0,1,0,1,0.0,1,1,1,4,5,1,1,0,0.0,7.0,30.0,0.0,0.0,0.0,0.0,0,0,0,1,0,0,0,1,0,0,0,0,1,0,0.0,1,1,2,0,2,0,3,0,0,0,0.0,8,0.5
E0000020820260207220513373266542,50867989220,2026-02-07 22:05:25,fraud,1,0,0,0,1,0,0,2500.0,7.824445930877619,1,2500.0,245.14801780883462,0.0,141.85829999999999,1099.7618689083945,7,0,49,64.5806,544.0,614.0,0.0,0.0,527.5,1.0,0.0,0.6257463299861998,0.0,1.0,0.0,0.0,0.9903709889194305,-5.666666666666657,0.0,0.0,0,0,1.0292595226805754,0,6.225,0,0,0,0,1,0.0,1,1,1,22,5,1,1,0,0.0,7.0,30.0,26.0,-1.0,0.0,0.0,1,1,1,1,1,1,1,1,0,0,0,1,1,0,0.0,0,0,1,0,2,0,3,0,0,0,0.0,6,0.375
E0000020820260207220633951258542,50867989220,2026-02-07 22:07:10,fraud,1,0,0,0,1,0,0,2499.99,7.824441932468986,2,2499.99,0.0070710678120198,1.75,1.75,1099.7618689083945,7,0,49,64.5806,544.0,614.0,0.0,0.0,527.5,1.0,0.0,353551.9763719952,0.0,1.0,0.0,0.0,0.9903709889194305,-5.666666666666657,0.0,0.0,0,0,1.0292595226805754,0,1.75,1,1,0,1,0,1.0,0,1,1,22,5,1,1,0,0.0,7.0,30.0,26.0,-1.0,0.0,0.0,1,1,1,1,1,1,1,1,0,0,0,1,1,1,0.0,0,0,1,0,0,0,3,2,0,0,0.0,7,0.4375
E0000020820260207221226266568542,50867989220,2026-02-07 22:12:54,fraud,1,0,0,0,1,0,0,2300.0,7.741099090035366,3,2499.99,115.46716719483504,5.7333,1.75,2.8166184415003745,7,0,49,64.5806,544.0,614.0,0.0,0.0,527.5,0.9200036800147201,-199.98999999999978,19.919082245423624,-1.7320075035922897,3.2761714285714283,3.9833,1.4142135623730951,0.9903709889194305,-5.666666666666657,0.0,0.0,0,0,1.0292595226805754,0,5.733333333333333,2,1,1,2,0,2.0,0,1,1,22,5,1,1,0,0.0,7.0,30.0,26.0,-1.0,0.0,0.0,1,1,1,1,1,1,1,1,0,0,0,1,1,2,0.0,0,0,1,0,0,0,3,3,0,0,0.0,9,0.5625
E0000020820260207221511393634542,50867989220,2026-02-07 22:15:39,fraud,1,0,0,0,1,0,0,1300.0,7.170888478512505,4,2300.0,574.4542337659865,2.75,2.75,2.0723078029095965,7,0,49,64.5806,544.0,614.0,0.0,0.0,527.5,0.5652173913043478,-1000.0,2.2630175279195117,-1.7407827137842398,1.0,0.0,0.0,0.9903709889194305,-5.666666666666657,0.0,0.0,0,0,1.0292595226805754,0,2.75,3,1,1,3,0,3.0,0,1,1,22,5,1,1,0,0.0,7.0,30.0,26.0,-1.0,0.0,0.0,1,1,1,1,1,1,1,1,0,0,0,1,1,2,0.0,0,0,1,0,0,0,3,4,0,0,0.0,10,0.625
E0000020820260207221655576381542,50867989220,2026-02-07 22:17:08,fraud,1,0,0,0,1,0,0,2000.0,7.601402334583733,5,2300.0,501.9941234915006,1.4833,1.75,1.9473254213578852,7,0,49,64.5806,544.0,614.0,0.0,0.0,527.5,0.8695652173913043,-300.0,3.984110383781938,-0.5976165575672907,0.8476,-0.26669999999999994,-0.13695707819293396,0.9903709889194305,-5.666666666666657,0.0,0.0,0,0,1.0292595226805754,0,1.4833333333333334,4,1,1,4,0,4.0,0,1,1,22,5,1,1,0,0.0,7.0,30.0,26.0,-1.0,0.0,0.0,1,1,1,1,1,1,1,1,0,0,0,1,1,2,0.0,0,0,1,0,0,0,3,4,0,0,0.0,10,0.625
E0000020820260207222917956912542,50867989220,2026-02-07 22:29:33,fraud,1,0,1,0,0,0,0,2300.0,7.741099090035366,6,2300.0,454.9709881043698,12.4167,2.75,4.565827222201909,7,0,49,64.5806,544.0,614.0,0.0,0.0,527.5,1.0,0.0,5.055267390966878,0.0,4.515163636363637,9.6667,2.1171848012545147,0.9903709889194305,-5.666666666666657,0.0,0.0,0,0,1.0292595226805754,0,12.416666666666666,5,1,1,0,1,0.0,1,2,2,22,5,1,1,0,0.0,7.0,30.0,26.0,-1.0,0.0,0.0,1,1,1,1,1,1,1,1,0,0,0,1,1,2,0.0,0,0,1,0,2,2,3,4,0,0,0.0,14,0.875
E0000020820260207223531375643525,62667556100,2026-02-07 22:35:32,normal,0,0,1,0,0,0,0,100.0,4.61512051684126,12,40.0,157.08707292791664,25.9333,1547.7167,10151.010151249851,2,1,50,93.7419,494.0,585.9166666666666,0.0,0.0,482.0,2.5,60.0,0.6365896196047114,0.3819537717628268,0.016755844270466294,-1521.7834,-0.14991447918241213,0.8431233110510596,-91.91666666666663,0.0,0.0,0,0,1.0248962655601659,0,6.225,0,0,1,0,1,0.0,1,1,1,22,5,1,1,0,0.0,7.0,30.0,0.0,0.0,0.0,0.0,0,0,0,1,0,0,0,1,0,0,0,0,1,0,0.0,0,0,0,0,2,2,3,0,0,0,0.0,7,0.4375
E0000020820260207225133132676542,50867989220,2026-02-07 22:51:49,fraud,1,0,1,0,0,0,0,900.0,6.803505257608338,7,2300.0,629.0568526165258,22.2667,2.75,8.207918236597308,7,0,49,64.5806,544.0,614.0,0.0,0.0,527.5,0.391304347826087,-1400.0,1.430713291265331,-2.2255540086349597,8.096981818181819,19.5167,2.3777892807191123,0.9903709889194305,-5.666666666666657,0.0,0.0,0,0,1.0292595226805754,0,22.266666666666666,1,1,0,0,1,0.0,1,3,3,22,5,1,1,0,0.0,7.0,30.0,26.0,-1.0,0.0,0.0,1,1,1,1,1,1,1,1,0,0,0,1,1,1,0.0,0,0,1,0,2,2,3,2,0,0,0.0,11,0.6875
E0000020820260208000055876841525,5423573483,2026-02-08 00:00:56,fraud,1,0,1,0,0,0,0,1000.0,6.90875477931522,1,1000.0,245.14801780883462,0.0,141.85829999999999,1099.7618689083945,1,1,45,20.0645,585.0,585.0,0.0,0.0,571.0,1.0,0.0,0.6257463299861998,0.0,1.0,0.0,0.0,1.0,0.0,0.0,0.0,0,0,1.0245183887915936,1,6.225,0,0,0,0,1,0.0,1,1,1,0,6,1,1,0,0.0,7.0,30.0,0.0,0.0,0.0,0.0,0,0,0,1,0,0,0,1,0,0,0,0,1,0,0.0,0,0,3,1,2,2,3,0,0,0,0.0,10,0.625
E0000020820260208131846049957525,22572236168,2026-02-08 13:19:09,normal,0,0,1,0,0,0,0,855.4,6.752737556715528,55,60.0,318.57840418595555,1.8667,1282.0167,2076.5139821679136,5,1,64,407.4194,428.0,720.4,0.0,0.0,410.0,14.256666666666666,795.4,2.6850533142249637,2.496716630973271,0.0014560652759047525,-1280.1499999999999,-0.61648994949868,0.5941143808995003,-292.4,0.0,0.0,0,0,1.0439024390243903,0,6.225,0,0,1,0,1,0.0,1,1,1,13,6,1,0,1,0.0,7.0,29.0,0.0,0.0,0.0,0.0,0,0,0,1,0,0,0,1,0,0,0,0,1,0,0.0,1,1,0,0,2,2,0,0,0,0,0.0,5,0.3125
E0000020820260208173628661765525,44325649115,2026-02-08 17:36:52,normal,0,0,0,0,0,1,0,180.0,5.198497031265826,33,180.0,2857.1430432972934,4233.9,1409.8167,3564.9430386740605,5,1,87,620.3548,520.0,455.3636363636364,0.0,0.0,508.0,1.0,0.0,0.06299999589529495,0.0,3.003156367774619,2824.0832999999993,0.7921818860394427,1.1419444999001795,64.63636363636363,0.0,0.0,0,0,1.0236220472440944,0,6.225,0,0,0,0,1,0.0,1,1,1,17,6,1,0,1,0.0,7.0,30.0,0.0,0.0,0.0,0.0,0,0,0,1,0,0,0,1,0,0,0,0,1,0,0.0,3,1,0,0,2,0,0,0,0,0,0.0,5,0.3125
E0000020820260209005828102657525,3488265161,2026-02-09 00:58:39,normal,0,0,0,0,1,0,0,15.0,2.772588722239781,161,33.16,310.8303953925288,0.7,167.0,837.3438938338164,11,2,36,200.4839,572.0,942.4285714285714,0.0,0.0,558.0,0.4523522316043426,-18.159999999999997,0.04825782877848034,-0.05842414470781352,0.004191616766467066,-166.3,-0.19860418308968378,0.6069425496437775,-370.42857142857144,0.0,0.0,0,0,1.025089605734767,1,6.225,0,0,1,0,1,0.0,1,1,1,0,0,0,1,0,0.0,7.0,30.0,0.0,0.0,0.0,0.0,0,0,0,0,0,0,0,1,0,0,0,0,1,0,0.0,0,0,0,0,2,0,3,0,0,0,0.0,5,0.3125
E0000020820260209153131790253525,9137530178,2026-02-09 15:33:10,fraud,1,0,0,0,0,1,0,1000.0,6.90875477931522,1,1000.0,245.14801780883462,0.0,141.85829999999999,1099.7618689083945,7,1,74,416.1613,454.0,454.0,0.0,0.0,441.0,1.0,0.0,0.6257463299861998,0.0,1.0,0.0,0.0,1.0,0.0,0.0,0.0,0,0,1.0294784580498866,0,6.225,0,0,0,0,1,0.0,1,1,1,15,0,0,0,1,0.0,7.0,30.0,26.0,26.0,0.0,0.0,0,0,0,1,0,0,0,1,0,0,0,0,1,0,0.0,2,1,0,0,2,0,0,0,3,0,0.0,7,0.4375
E0000020820260209154435906253525,9137530178,2026-02-09 15:45:09,fraud,1,0,0,0,0,1,0,2490.0,7.820439515262181,2,1000.0,1053.589103967956,11.9833,11.9833,1099.7618689083945,7,1,74,416.1613,496.0,475.0,0.0,0.0,481.0,2.49,1490.0,2.3633501814154405,1.414213562373095,1.0,0.0,0.0,1.0442105263157895,21.0,0.0,0.0,0,0,1.0311850311850312,0,11.983333333333333,1,1,0,1,0,1.0,0,1,1,15,0,0,0,1,0.0,7.0,30.0,26.0,26.0,0.0,0.0,0,0,0,1,0,0,0,1,0,0,0,0,1,1,0.0,2,1,0,0,0,0,0,2,3,0,0.0,8,0.5
E0000020820260209162601617468525,1079789111,2026-02-09 16:26:18,normal,0,0,0,1,0,0,0,20.0,3.044522437723423,60,50.0,10828.17559800346,1.25,889.4,2733.9003502217247,7,1,39,60.6129,653.0,832.4666666666667,0.0,0.0,636.0,0.4,-30.0,0.0018470332161668746,-0.002770549824250312,0.0014054418709242187,-888.15,-0.324865535032383,0.7844157924241211,-179.4666666666667,0.0,0.0,0,0,1.0267295597484276,1,6.225,0,0,1,0,1,0.0,1,1,1,16,0,0,0,1,0.0,7.0,29.0,0.0,0.0,0.0,0.0,0,0,0,1,0,0,0,1,0,0,0,0,1,0,0.0,0,0,0,0,2,1,0,0,0,0,0.0,3,0.1875
E0000020820260209164929812281525,9137530178,2026-02-09 16:50:30,fraud,1,0,0,0,0,1,0,1000.0,6.90875477931522,3,1000.0,860.2519010925423,65.35,11.9833,37.73595545954812,7,1,74,416.1613,531.0,493.6666666666667,0.0,0.0,513.0,1.0,0.0,1.1624502064220654,0.0,5.453422679896189,53.366699999999994,1.414213562373095,1.075624577987846,37.333333333333314,0.0,0.0,0,0,1.0350877192982457,0,65.35,0,0,0,2,0,2.0,0,1,1,16,0,0,0,1,0.0,7.0,30.0,26.0,26.0,0.0,0.0,0,0,0,1,0,0,0,1,0,0,0,0,1,0,0.0,2,1,0,0,0,0,0,0,3,0,0.0,5,0.3125
E0000020820260209165153407576525,9137530178,2026-02-09 16:52:55,fraud,1,0,0,0,0,1,0,2490.0,7.820439515262181,4,1000.0,860.2519010925424,2.4167,11.9833,33.91195647884877,7,1,74,416.1613,476.0,489.25,0.0,0.0,463.0,2.49,1490.0,2.8945010139909426,1.7320508075688772,0.20167232732219006,-9.5666,-0.28210109334053857,0.972917731221257,-13.25,0.0,0.0,0,0,1.0280777537796977,0,2.4166666666666665,1,1,1,3,0,3.0,0,1,1,16,0,0,0,1,0.0,7.0,30.0,26.0,26.0,0.0,0.0,0,0,0,1,0,0,0,1,0,0,0,0,1,1,0.0,2,1,0,0,0,0,0,2,3,0,0.0,8,0.5
E0000020820260209165437774685525,9137530178,2026-02-09 16:55:07,fraud,1,0,0,0,0,1,0,2480.0,7.816416983691801,5,2480.0,814.2911027390635,2.2,2.4167,30.254210686448253,7,1,74,416.1613,419.0,475.2,0.0,0.0,402.0,1.0,0.0,3.045593881178273,0.0,0.9103322712790168,-0.2166999999999999,-0.007162639351125632,0.8817340067340067,-56.19999999999999,0.0,0.0,0,0,1.0422885572139304,0,2.2,2,1,1,4,0,4.0,0,1,1,16,0,0,0,1,0.0,7.0,30.0,26.0,26.0,0.0,0.0,0,0,0,1,0,0,0,1,0,0,0,0,1,2,0.0,2,1,0,0,0,0,0,3,3,0,0.0,10,0.625
E0000020820260209165545529940525,9137530178,2026-02-09 16:56:35,fraud,1,0,0,0,0,1,0,2481.0,7.8168199657645525,6,2480.0,766.9916340265171,1.4667,2.4167,27.54716164549444,7,1,74,416.1613,428.0,467.3333333333333,0.0,0.0,412.0,1.0004032258064517,1.0,3.23471585599358,0.001303795185809585,0.6069019737658791,-0.9500000000000002,-0.03448631159266386,0.9158345221112697,-39.333333333333314,0.0,0.0,0,0,1.0388349514563107,0,1.4666666666666666,3,1,1,5,0,5.0,0,1,1,16,0,0,0,1,0.0,7.0,30.0,26.0,26.0,0.0,0.0,0,0,0,1,0,0,0,1,0,0,0,0,1,2,0.0,2,1,0,0,0,0,0,4,3,0,0.0,11,0.6875
E0000020820260209165658942858525,9137530178,2026-02-09 16:57:42,fraud,1,0,0,0,0,1,0,2890.0,7.969357742016346,7,2481.0,778.3967956181291,1.1167,2.2,25.445306153787968,7,1,74,416.1613,681.0,497.8571428571428,0.0,0.0,649.0,1.1648528819024586,409.0,3.712759374484623,0.5254389564582045,0.5075909090909091,-1.0833000000000002,-0.04257366735745612,1.367862266857963,183.14285714285722,0.0,0.0,0,0,1.049306625577812,1,1.1166666666666667,4,1,1,6,0,6.0,0,1,1,16,0,0,0,1,0.0,7.0,30.0,26.0,26.0,0.0,0.0,0,0,0,1,0,0,0,1,0,0,0,0,1,2,0.0,2,1,0,0,0,0,0,4,3,0,0.0,11,0.6875
E0000020820260209173825425171525,64564673149,2026-02-09 17:39:00,normal,0,0,1,0,0,0,0,250.66,5.528078970163822,22,44.0,515.2077205751674,1005.2833,2058.5833,6035.700364619734,4,1,54,215.1613,1239.0,1171.4545454545455,0.0,0.0,1225.0,5.696818181818181,206.66,0.48652221228394693,0.40111976538179395,0.48833744060782003,-1053.2999999999997,-0.17451164510655104,1.0576594753996584,67.5454545454545,0.0,0.0,0,0,1.0114285714285713,1,6.225,0,0,1,0,1,0.0,1,1,1,17,0,0,0,1,0.0,7.0,30.0,26.0,26.0,0.0,0.0,0,0,0,1,0,0,0,1,0,0,0,0,1,0,0.0,0,0,0,0,2,2,0,0,3,0,0.0,7,0.4375
E0000020820260209181048930944525,52757757172,2026-02-09 18:11:20,normal,0,0,0,0,1,0,0,60.0,4.110873864173311,23,60.0,213.1776918117044,45970.5833,1585.9667,9485.686765053924,2,1,55,10.0323,497.0,488.1739130434783,0.0,0.0,440.0,1.0,0.0,0.28145534126993366,0.0,28.9858439650719,44384.6166,4.679114722986289,1.018079800498753,8.826086956521692,0.0,0.0,0,0,1.1295454545454546,0,6.225,0,0,0,0,1,0.0,1,1,1,18,0,0,0,1,0.0,7.0,30.0,0.0,0.0,0.0,0.0,0,0,0,0,0,0,0,1,0,0,0,0,1,0,0.0,0,0,3,1,2,0,0,0,0,0,0.0,5,0.3125
E0000020820260209193739527713525,72282541120,2026-02-09 19:38:04,fraud,1,0,0,0,1,0,0,620.0,6.431331081933479,2,620.0,0.0,5850.2,5850.2,1099.7618689083945,1,1,44,290.6452,464.0,503.0,0.0,0.0,447.0,1.0,0.0,0.6257463299861998,0.0,1.0,0.0,0.0,0.9224652087475149,-39.0,0.0,0.0,0,0,1.0380313199105144,0,5850.2,0,0,0,0,1,0.0,1,2,2,19,0,0,0,0,0.0,7.0,30.0,0.0,0.0,0.0,0.0,0,0,0,0,0,0,0,1,0,0,0,0,1,0,0.0,0,0,0,0,2,0,0,0,0,0,0.0,2,0.125
E0000020820260209202712844846525,49813447168,2026-02-09 20:28:23,fraud,1,0,0,0,1,0,0,15816.78,9.668889902776801,1,15816.78,245.14801780883462,0.0,141.85829999999999,1099.7618689083945,1,1,56,410.8065,765.0,765.0,0.0,0.0,753.0,1.0,0.0,0.6257463299861998,0.0,1.0,0.0,0.0,1.0,0.0,0.0,0.0,0,0,1.0159362549800797,1,6.225,0,0,0,0,1,0.0,1,1,1,20,0,0,0,0,0.0,7.0,30.0,0.0,0.0,0.0,0.0,0,0,0,1,0,0,0,1,0,0,0,0,1,0,0.0,0,0,0,0,2,0,0,0,0,0,0.0,2,0.125
E0000020820260209230549244660525,1445392178,2026-02-09 23:05:50,normal,0,0,1,0,0,0,0,20.37,3.0619880693310564,24,20.37,85.99474094132279,183.5,521.0167,4014.97078243923,4,1,33,2.4839,537.0,477.2083333333333,0.0,0.0,522.0,1.0,0.0,0.23687495045655366,0.0,0.3521960044658837,-337.5167,-0.08406454698904366,1.1252946826159085,59.791666666666686,0.0,0.0,0,0,1.028735632183908,0,6.225,0,0,1,0,1,0.0,1,1,1,23,0,0,1,0,0.0,7.0,30.0,0.0,0.0,0.0,0.0,0,0,0,0,0,0,0,1,0,0,0,0,1,0,0.0,0,0,3,1,2,2,3,0,0,0,0.0,10,0.625
E0000020820260210141227349924525,2091029181,2026-02-10 14:12:56,normal,0,0,0,0,0,1,0,1400.0,7.244941546337007,20,50.0,1087.5643113441492,8948.3833,274.3667,6962.364768443386,4,4,38,97.871,996.0,547.2631578947369,0.0,0.0,781.0,28.0,1350.0,1.2872801961198077,1.241305903401243,32.61468428931062,8674.016599999999,1.2458434581472375,1.8199653779572993,448.7368421052631,0.0,0.0,0,0,1.2752880921895007,1,6.225,0,0,0,0,1,0.0,1,1,1,14,1,0,0,1,0.0,7.0,30.0,0.0,0.0,0.0,0.0,0,0,0,1,0,0,0,1,0,0,0,0,1,0,0.0,0,0,0,0,2,0,0,0,0,0,0.0,2,0.125
E0000020820260210142129494366525,49851888672,2026-02-10 14:22:31,fraud,1,0,0,0,1,0,0,5449.0,8.60337088765729,1,5449.0,245.14801780883462,0.0,141.85829999999999,1099.7618689083945,1,1,61,396.4839,700.0,700.0,0.0,0.0,677.0,1.0,0.0,0.6257463299861998,0.0,1.0,0.0,0.0,1.0,0.0,0.0,0.0,0,0,1.03397341211226,1,6.225,0,0,0,0,1,0.0,1,1,1,14,1,0,0,1,0.0,7.0,30.0,0.0,0.0,0.0,0.0,0,0,0,0,0,0,0,1,0,0,0,0,1,0,0.0,1,1,0,0,2,0,0,0,0,0,0.0,3,0.1875
E0000020820260210162234207935525,4240588120,2026-02-10 16:22:35,fraud,1,0,1,0,0,0,0,9288.99,9.13669275538104,1,9288.99,245.14801780883462,0.0,141.85829999999999,1099.7618689083945,2,1,80,390.3548,512.0,512.0,0.0,0.0,497.0,1.0,0.0,0.6257463299861998,0.0,1.0,0.0,0.0,1.0,0.0,0.0,0.0,0,0,1.0301810865191148,0,6.225,0,0,0,0,1,0.0,1,1,1,16,1,0,0,1,0.0,7.0,30.0,0.0,0.0,0.0,0.0,0,0,0,1,0,0,0,1,0,0,0,0,1,0,0.0,3,1,0,0,2,2,0,0,0,0,0.0,7,0.4375
E0000020820260210162951274838525,4240588120,2026-02-10 16:29:51,fraud,1,0,1,0,0,0,0,1000.0,6.90875477931522,2,1000.0,5861.201038187481,7.2667,7.2667,1099.7618689083945,2,1,80,390.3548,723.0,617.5,0.0,0.0,564.0,1.0,0.0,0.17061349601979192,0.0,1.0,0.0,0.0,1.1708502024291498,105.5,0.0,0.0,0,0,1.2819148936170213,1,7.266666666666667,1,1,0,0,1,0.0,1,2,2,16,1,0,0,1,0.0,7.0,30.0,0.0,0.0,0.0,0.0,0,0,0,1,0,0,0,1,0,0,0,0,1,1,0.0,3,1,0,0,2,2,0,2,0,0,0.0,10,0.625
E0000020820260210195103507187525,40153746149,2026-02-10 19:51:24,normal,0,0,0,0,1,0,0,50.0,3.9318256327243257,88,36.0,295.1515335296753,3069.5,872.0833,1194.7205251376604,7,1,57,299.8387,673.0,1056.909090909091,0.0,0.0,661.0,1.3888888888888888,14.0,0.16940450690551087,0.04743326193354304,3.5197325760050675,2197.4166999999998,1.839272577782829,0.6367624290383622,-383.909090909091,0.0,0.0,0,0,1.0181543116490166,1,6.225,0,0,0,0,1,0.0,1,1,1,19,1,0,0,0,0.0,7.0,30.0,0.0,0.0,0.0,0.0,0,0,0,0,0,0,0,1,0,0,0,0,1,0,0.0,0,0,0,0,2,0,0,0,0,0,0.0,2,0.125
E0000020820260210213023116670525,70621700118,2026-02-10 21:30:23,normal,0,0,1,0,0,0,0,5.0,1.791759469228055,101,15.0,28.99690355609689,10.35,171.15,1587.8070053617537,10,3,32,10.1613,590.0,808.08,0.0,0.0,576.0,0.3333333333333333,-10.0,0.1724322043671694,-0.3448644087343388,0.060473269062226116,-160.8,-0.10127175371881206,0.7301257301257301,-218.08000000000004,0.0,0.0,0,0,1.0243055555555556,1,6.225,0,0,1,0,1,0.0,1,1,1,21,1,0,0,0,0.0,7.0,31.0,0.0,0.0,0.0,0.0,0,0,0,1,0,0,0,1,0,0,0,0,1,0,0.0,0,0,3,1,2,2,0,0,0,0,0.0,7,0.4375
E0000020820260211142056497965525,6600279176,2026-02-11 14:20:57,normal,0,0,1,0,0,0,0,37.0,3.6375861597263857,126,37.0,482.3769891557549,706.5667,376.9667,1137.2028350350004,6,1,27,89.6774,685.0,921.15873015873,0.0,0.0,668.0,1.0,0.0,0.07670349297705213,0.0,1.8743477872183405,329.59999999999997,0.2898339591193999,0.7436286250926198,-236.15873015873,0.0,0.0,0,0,1.0254491017964071,1,6.225,0,0,0,0,1,0.0,1,1,1,14,2,0,0,1,0.0,7.0,30.0,0.0,0.0,0.0,0.0,0,0,0,0,0,0,0,1,0,0,0,0,1,0,0.0,0,0,1,0,2,2,0,0,0,0,0.0,5,0.3125
E0000020820260211142636281836525,17940893149,2026-02-11 14:27:45,fraud,1,0,0,0,0,1,0,700.0,6.55250788703459,1,700.0,245.14801780883462,0.0,141.85829999999999,1099.7618689083945,2,1,70,388.7097,492.0,492.0,0.0,0.0,478.0,1.0,0.0,0.6257463299861998,0.0,1.0,0.0,0.0,1.0,0.0,0.0,0.0,0,0,1.0292887029288702,0,6.225,0,0,0,0,1,0.0,1,1,1,14,2,0,0,1,0.0,7.0,30.0,26.0,26.0,0.0,0.0,0,0,0,1,0,0,0,1,0,0,0,0,1,0,0.0,2,1,0,0,2,0,0,0,3,0,0.0,7,0.4375
E0000020820260211143558570833525,17940893149,2026-02-11 14:36:41,fraud,1,0,0,0,0,1,0,1700.0,7.438971592395862,2,700.0,707.1067811865476,8.9333,8.9333,1099.7618689083945,2,1,70,388.7097,575.0,533.5,0.0,0.0,554.0,2.4285714285714284,1000.0,2.4041630560342613,1.414213562373095,1.0,0.0,0.0,1.0777881911902532,41.5,0.0,0.0,0,0,1.0379061371841156,1,8.933333333333334,1,1,0,1,0,1.0,0,1,1,14,2,0,0,1,0.0,7.0,30.0,26.0,26.0,0.0,0.0,0,0,0,1,0,0,0,1,0,0,0,0,1,1,0.0,2,1,0,0,0,0,0,2,3,0,0.0,8,0.5
E0000020820260211150444001562525,4319645138,2026-02-11 15:05:00,normal,0,0,0,0,0,1,0,100.0,4.61512051684126,4,100.0,67.33003292241385,50516.35,27109.2,25256.561923263387,2,1,32,16.5161,551.0,467.75,0.0,0.0,532.0,1.0,0.0,1.4852213144650115,0.0,1.8634393490032903,23407.149999999998,0.9267749930143925,1.1779796900053447,83.25,0.0,0.0,0,0,1.0357142857142858,1,6.225,0,0,0,0,1,0.0,1,1,1,15,2,0,0,1,0.0,7.0,30.0,0.0,0.0,0.0,0.0,0,0,0,1,0,0,0,1,0,0,0,0,1,0,0.0,0,0,3,1,2,0,0,0,0,0,0.0,5,0.3125
E0000020820260211163408957733525,14458362461,2026-02-11 16:34:09,normal,0,0,1,0,0,0,0,40.0,3.713572066704308,51,37.7,145.79258891140594,913.4167,913.4167,2674.475924744566,6,1,21,18.6452,550.0,456.9019607843137,0.0,0.0,533.0,1.0610079575596816,2.299999999999997,0.2743623684761293,0.015775836187377414,1.0,0.0,0.0,1.2037593339627501,93.0980392156863,0.0,0.0,0,0,1.0318949343339587,1,6.225,0,0,0,0,1,0.0,1,1,1,16,2,0,0,1,0.0,7.0,30.0,0.0,0.0,0.0,0.0,0,0,0,1,0,0,0,1,0,0,0,0,1,0,0.0,0,0,3,1,2,2,0,0,0,0,0.0,7,0.4375
E0000020820260211190349111676525,48279080104,2026-02-11 19:04:25,fraud,1,0,0,0,0,1,0,1024.0,6.932447891572509,1,1024.0,245.14801780883462,0.0,141.85829999999999,1099.7618689083945,1,1,57,381.0968,1676.0,1676.0,0.0,0.0,1661.0,1.0,0.0,0.6257463299861998,0.0,1.0,0.0,0.0,1.0,0.0,0.0,0.0,0,0,1.009030704394943,1,6.225,0,0,0,0,1,0.0,1,1,1,19,2,0,0,0,0.0,7.0,30.0,26.0,-1.0,0.0,0.0,0,0,0,1,1,0,0,1,0,0,0,0,1,0,0.0,0,0,0,0,2,0,0,0,0,0,0.0,2,0.125
E0000020820260211195520703424525,3284565191,2026-02-11 19:55:21,normal,0,0,1,0,0,0,0,557.37,6.32502182507656,69,157.62,1139.51610054743,8.8833,667.9333,2323.4807434880504,8,2,79,488.4194,545.0,756.4029850746268,0.0,0.0,531.0,3.536162923486867,399.75,0.4891286746472791,0.3508068028244251,0.01329968127056998,-659.0500000000001,-0.28364771339168604,0.7205154008563706,-211.40298507462683,0.0,0.0,0,0,1.0263653483992468,1,6.225,0,0,1,0,1,0.0,1,1,1,19,2,0,0,0,0.0,7.0,30.0,0.0,0.0,0.0,0.0,0,0,0,0,0,0,0,1,0,0,0,0,1,0,0.0,3,1,0,0,2,2,0,0,0,0,0.0,7,0.4375
E0000020820260212123641712583525,61115983172,2026-02-12 12:36:59,normal,0,0,0,0,0,1,0,500.0,6.2166061010848646,37,55.0,189.94067724679985,11741.05,175.35,6992.095906400743,10,1,49,100.3548,698.0,950.2702702702704,0.0,0.0,685.0,9.090909090909092,445.0,2.6324008487677646,2.3428367554033107,66.9577986883376,11565.699999999999,1.6541106064366855,0.73452787258248,-252.27027027027043,0.0,0.0,0,0,1.018978102189781,1,6.225,0,0,0,0,1,0.0,1,1,1,12,3,0,0,1,0.0,7.0,30.0,26.0,26.0,0.0,0.0,0,0,0,1,0,0,0,1,0,0,0,0,1,0,0.0,0,0,0,0,2,0,0,0,3,0,0.0,5,0.3125
E0000020820260212133231150741525,31693695120,2026-02-12 13:32:31,fraud,1,0,1,0,0,0,0,4999.0,8.517193191416238,1,4999.0,245.14801780883462,0.0,141.85829999999999,1099.7618689083945,1,1,60,389.6774,791.0,791.0,0.0,0.0,775.0,1.0,0.0,0.6257463299861998,0.0,1.0,0.0,0.0,1.0,0.0,0.0,0.0,0,0,1.0206451612903227,1,6.225,0,0,0,0,1,0.0,1,1,1,13,3,0,0,1,0.0,7.0,30.0,0.0,0.0,0.0,0.0,0,0,0,0,0,0,0,1,0,0,0,0,1,0,0.0,1,1,0,0,2,2,0,0,0,0,0.0,5,0.3125
E0000020820260212150921301607525,6218186000136,2026-02-12 15:10:50,fraud,1,0,1,0,0,0,0,3400.0,8.131824785007195,1,3400.0,245.14801780883462,0.0,141.85829999999999,1099.7618689083945,1,1,36,166.2581,501.0,501.0,0.0,0.0,485.0,1.0,0.0,0.6257463299861998,0.0,1.0,0.0,0.0,1.0,0.0,0.0,0.0,0,0,1.0329896907216496,0,6.225,0,0,0,0,1,0.0,1,1,1,15,3,0,0,1,0.0,7.0,30.0,0.0,0.0,0.0,0.0,0,0,0,1,0,0,0,1,0,0,0,0,1,0,0.0,0,0,0,0,2,2,0,0,0,0,0.0,4,0.25
E0000020820260212181924896620525,72445734134,2026-02-12 18:19:25,normal,0,0,1,0,0,0,0,36.71,3.6299253112702656,91,30.0,67.56481324271228,11.8,741.6167,1162.383319904896,8,1,44,152.7742,1589.0,878.0879120879121,0.0,0.0,1571.0,1.2236666666666667,6.710000000000001,0.5433301483144356,0.09931204835711967,0.015911184308551842,-729.8167000000001,-0.6278623303539079,1.8096137962105474,710.9120879120879,0.0,0.0,0,0,1.011457670273711,1,6.225,0,0,1,0,1,0.0,1,1,1,18,3,0,0,1,0.0,7.0,30.0,26.0,26.0,0.0,0.0,0,0,0,1,0,0,0,1,0,0,0,0,1,0,0.0,0,0,0,0,2,2,0,0,3,0,0.0,7,0.4375
E0000020820260212210329721241525,4227492149,2026-02-12 21:03:30,fraud,1,0,1,0,0,0,0,9106.99,9.116907329247146,1,9106.99,245.14801780883462,0.0,141.85829999999999,1099.7618689083945,2,1,77,388.8387,769.0,769.0,0.0,0.0,755.0,1.0,0.0,0.6257463299861998,0.0,1.0,0.0,0.0,1.0,0.0,0.0,0.0,0,0,1.018543046357616,1,6.225,0,0,0,0,1,0.0,1,1,1,21,3,0,0,0,0.0,7.0,29.0,0.0,0.0,0.0,0.0,0,0,0,1,0,0,0,1,0,0,0,0,1,0,0.0,3,1,0,0,2,2,0,0,0,0,0.0,7,0.4375
E0000020820260212210603181395525,4227492149,2026-02-12 21:06:04,fraud,1,0,1,0,0,0,0,4791.54,8.474815821259511,2,4791.54,3051.4839588714863,2.5667,2.5667,1099.7618689083945,2,1,77,388.8387,491.0,630.0,0.0,0.0,477.0,1.0,0.0,1.5702327341651925,0.0,1.0,0.0,0.0,0.7793650793650794,-139.0,0.0,0.0,0,0,1.029350104821803,0,2.566666666666667,1,1,0,1,0,1.0,0,1,1,21,3,0,0,0,0.0,7.0,29.0,0.0,0.0,0.0,0.0,0,0,0,1,0,0,0,1,0,0,0,0,1,1,0.0,3,1,0,0,0,2,0,2,0,0,0.0,8,0.5
E0000020820260213145228155991525,24746797153,2026-02-13 14:52:28,fraud,1,0,1,0,0,0,0,29.9,3.4307561839036995,1,29.9,245.14801780883462,0.0,141.85829999999999,1099.7618689083945,1,1,64,266.7742,642.0,642.0,0.0,0.0,628.0,1.0,0.0,0.6257463299861998,0.0,1.0,0.0,0.0,1.0,0.0,0.0,0.0,0,0,1.0222929936305734,1,6.225,0,0,0,0,1,0.0,1,1,1,14,4,0,0,1,0.0,7.0,30.0,26.0,-1.0,0.0,0.0,0,0,0,1,1,0,0,1,0,0,0,0,1,0,0.0,1,1,0,0,2,2,0,0,0,0,0.0,5,0.3125
E0000020820260213205208630739525,69664048453,2026-02-13 20:52:49,normal,0,0,0,0,0,1,0,1000.0,6.90875477931522,281,86.0,853.74751697276,13.6167,75.8167,1019.3679946119652,14,1,55,380.3548,845.0,1003.5985663082436,0.0,0.0,825.0,11.627906976744185,914.0,1.1713064812719174,1.0705741238825324,0.17960027276312476,-62.199999999999996,-0.06101819983437599,0.8419701147126472,-158.59856630824356,0.0,0.0,0,0,1.0242424242424242,1,6.225,0,0,1,0,1,0.0,1,1,1,20,4,0,0,0,0.0,7.0,30.0,26.0,26.0,0.0,0.0,0,0,0,1,0,0,0,1,0,0,0,0,1,0,0.0,0,0,0,0,2,0,0,0,3,0,0.0,5,0.3125
E0000020820260213221531148979525,55359728191,2026-02-13 22:17:03,fraud,1,0,0,0,1,0,0,3999.0,8.294049640102028,1,3999.0,245.14801780883462,0.0,141.85829999999999,1099.7618689083945,1,1,76,220.6129,551.0,551.0,0.0,0.0,536.0,1.0,0.0,0.6257463299861998,0.0,1.0,0.0,0.0,1.0,0.0,0.0,0.0,0,0,1.0279850746268657,1,6.225,0,0,0,0,1,0.0,1,1,1,22,4,0,1,0,0.0,7.0,30.0,26.0,26.0,0.0,0.0,0,0,0,1,0,0,0,1,0,0,0,0,1,0,0.0,3,1,0,0,2,0,3,0,3,0,0.0,11,0.6875
E0000020820260214103141837278525,66325820100,2026-02-14 10:31:42,normal,0,0,1,0,0,0,0,5.0,1.791759469228055,101,20.0,407.86393865776586,541.5833,105.3667,2518.137141870597,11,1,62,11.3226,447.0,573.950495049505,0.0,0.0,429.0,0.25,-15.0,0.012258990133951129,-0.03677697040185338,5.139985403357987,436.2166,0.17322988202142028,0.7788128137452776,-126.95049504950498,0.0,0.0,0,0,1.0419580419580419,0,6.225,0,0,0,0,1,0.0,1,1,1,10,5,1,0,1,0.0,7.0,30.0,26.0,26.0,0.0,0.0,0,0,0,1,0,0,0,1,0,0,0,0,1,0,0.0,1,1,3,1,2,2,0,0,3,0,0.0,11,0.6875
E0000020820260214151426882125525,81648944191,2026-02-14 15:14:28,normal,0,0,1,0,0,0,0,195.83,5.282340412024896,121,93.78,654.2353230885061,26.5,154.4833,1493.1407228592716,15,1,53,364.5806,583.0,911.396694214876,0.0,0.0,568.0,2.0881851140968224,102.05000000000001,0.2993265467164447,0.1559836291294142,0.1715395774171059,-127.98330000000001,-0.08571415811024158,0.6396775451355199,-328.396694214876,0.0,0.0,0,0,1.0264084507042253,1,6.225,0,0,1,0,1,0.0,1,1,1,15,5,1,0,1,0.0,7.0,30.0,26.0,26.0,0.0,0.0,0,0,0,1,0,0,0,1,0,0,0,0,1,0,0.0,0,0,0,0,2,2,0,0,3,0,0.0,7,0.4375
E0000020820260214152901692379525,6419652146,2026-02-14 15:29:36,fraud,1,0,0,0,1,0,0,3000.0,8.006700845440367,1,3000.0,245.14801780883462,0.0,141.85829999999999,1099.7618689083945,1,1,28,135.0645,527.0,527.0,0.0,0.0,513.0,1.0,0.0,0.6257463299861998,0.0,1.0,0.0,0.0,1.0,0.0,0.0,0.0,0,0,1.02729044834308,0,6.225,0,0,0,0,1,0.0,1,1,1,15,5,1,0,1,0.0,7.0,30.0,26.0,26.0,0.0,0.0,0,0,0,1,0,0,0,1,0,0,0,0,1,0,0.0,0,0,0,0,2,0,0,0,3,0,0.0,5,0.3125
E0000020820260214182550324969525,24871540120,2026-02-14 18:31:58,normal,0,0,0,0,1,0,0,107.8,4.689511334421843,64,70.0,688.4480176525293,7.9,1017.8833,2421.252100654332,5,1,64,467.0,696.0,634.6507936507936,0.0,0.0,674.0,1.54,37.8,0.15658408076702224,0.05490610624298182,0.00776120405944375,-1009.9833,-0.41713264790851673,1.0966660830853112,61.34920634920638,0.0,0.0,0,0,1.032640949554896,1,6.225,0,0,1,0,1,0.0,1,1,1,18,5,1,0,1,0.0,7.0,32.0,26.0,26.0,0.0,0.0,0,0,0,1,0,0,0,1,0,0,0,0,1,0,0.0,1,1,0,0,2,0,0,0,3,0,0.0,6,0.375
E0000020820260214200923963497525,44368674120,2026-02-14 20:11:40,fraud,1,0,0,0,1,0,0,3250.98,8.087019320587288,1,3250.98,245.14801780883462,0.0,141.85829999999999,1099.7618689083945,2,1,59,237.7419,1222.0,1222.0,0.0,0.0,1199.0,1.0,0.0,0.6257463299861998,0.0,1.0,0.0,0.0,1.0,0.0,0.0,0.0,0,0,1.0191826522101752,1,6.225,0,0,0,0,1,0.0,1,1,1,20,5,1,0,0,0.0,7.0,32.0,0.0,0.0,0.0,0.0,0,0,0,1,0,0,0,1,0,0,0,0,1,0,0.0,0,0,0,0,2,0,0,0,0,0,0.0,2,0.125
E0000020820260214201649969993525,44368674120,2026-02-14 20:17:57,fraud,1,0,0,0,1,0,0,997.22,6.905973692899707,2,997.22,1593.6489791669935,6.2833,6.2833,1099.7618689083945,2,1,59,237.7419,457.0,839.5,0.0,0.0,444.0,1.0,0.0,0.6257463299861998,0.0,1.0,0.0,0.0,0.5443716497915426,-382.5,0.0,0.0,0,0,1.0292792792792793,0,6.283333333333333,1,1,0,1,0,1.0,0,1,1,20,5,1,0,0,0.0,7.0,32.0,0.0,0.0,0.0,0.0,0,0,0,1,0,0,0,1,0,0,0,0,1,1,0.0,0,0,0,0,0,0,0,2,0,0,0.0,3,0.1875
E0000020820260214233339434522525,72148802100,2026-02-14 23:33:40,fraud,1,0,1,0,0,0,0,57.88,4.075501474420621,1,57.88,245.14801780883462,0.0,141.85829999999999,1099.7618689083945,1,1,44,163.5161,618.0,618.0,0.0,0.0,605.0,1.0,0.0,0.6257463299861998,0.0,1.0,0.0,0.0,1.0,0.0,0.0,0.0,0,0,1.0214876033057851,1,6.225,0,0,0,0,1,0.0,1,1,1,23,5,1,1,0,0.0,7.0,30.0,26.0,26.0,0.0,0.0,0,0,0,1,0,0,0,1,0,0,0,0,1,0,0.0,0,0,0,0,2,2,3,0,3,0,0.0,10,0.625
E0000020820260215012356670301525,60577533134,2026-02-15 01:24:38,normal,0,0,0,0,0,1,0,57.0,4.060443010546419,48,82.5,270.3173280153431,402.8333,1304.5,2197.9872767638512,5,1,53,361.4839,486.0,1498.1458333333333,0.0,0.0,473.0,0.6909090909090909,-25.5,0.21086328582222708,-0.09433357523625947,0.30880283633576083,-901.6667,-0.41022380317303075,0.32440099567520964,-1012.1458333333333,0.0,0.0,0,0,1.0274841437632136,0,6.225,0,0,1,0,1,0.0,1,1,1,1,6,1,1,0,0.0,7.0,30.0,0.0,0.0,0.0,0.0,0,0,0,1,0,0,0,1,0,0,0,0,1,0,0.0,0,0,0,0,2,0,3,0,0,0,0.0,5,0.3125
E0000020820260215114914682353542,19360400777,2026-02-15 11:50:02,fraud,1,0,0,0,1,0,0,2000.0,7.601402334583733,1,2000.0,245.14801780883462,0.0,141.85829999999999,1099.7618689083945,1,0,24,58.2903,544.0,614.0,0.0,0.0,527.5,1.0,0.0,0.6257463299861998,0.0,1.0,0.0,0.0,0.9903709889194305,-5.666666666666657,0.0,0.0,0,0,1.0292595226805754,0,6.225,0,0,0,0,1,0.0,1,1,1,11,6,1,0,1,0.0,7.0,30.0,26.0,-1.0,0.0,0.0,1,1,1,1,1,1,1,1,0,0,0,1,1,0,0.0,0,0,2,0,2,0,0,0,0,0,0.0,4,0.25
E0000020820260215192152584579525,3046973624,2026-02-15 19:22:05,normal,0,0,0,0,1,0,0,100.0,4.61512051684126,71,350.0,788.9449170276608,2829.6333,963.4667,1596.855603237059,6,2,50,265.3226,860.0,983.2463768115942,0.0,0.0,847.0,0.2857142857142857,-250.0,0.12675156128357937,-0.31687890320894846,2.9369290085479864,1866.1666,1.1686508136471503,0.8746536171216319,-123.24637681159425,0.0,0.0,0,0,1.0153482880755609,1,6.225,0,0,0,0,1,0.0,1,1,1,19,6,1,0,0,0.0,7.0,32.0,26.0,26.0,0.0,0.0,0,0,0,1,0,0,0,1,0,0,0,0,1,0,0.0,0,0,0,0,2,0,0,0,3,0,0.0,5,0.3125
E0000020820260217124916968979525,96303204104,2026-02-17 12:50:00,fraud,1,1,0,1,0,0,0,20000.0,9.90353755128617,1,20000.0,245.14801780883462,0.0,141.85829999999999,1099.7618689083945,5,1,42,216.2258,544.0,614.0,0.0,0.0,527.5,1.0,0.0,0.6257463299861998,0.0,1.0,0.0,0.0,0.9903709889194305,-5.666666666666657,0.0,0.0,0,0,1.0292595226805754,0,6.225,0,0,0,0,1,0.0,1,1,1,12,1,0,0,1,0.0,7.0,30.0,60.0,60.0,0.0,0.0,0,0,0,1,0,1,1,1,0,0,0,0,1,0,0.0,0,0,0,0,2,1,0,0,5,0,0.0,8,0.5
E0000020820260217133612967317525,96303204104,2026-02-17 13:36:13,fraud,1,0,1,0,0,0,0,1567.5,7.357875027630733,2,1567.5,13033.745744221038,46.2167,46.2167,1099.7618689083945,5,1,42,216.2258,805.0,805.0,0.0,0.0,793.0,1.0,0.0,0.12026473668899099,0.0,1.0,0.0,0.0,1.0,0.0,0.0,0.0,0,0,1.0151324085750315,1,46.21666666666667,0,0,0,0,1,0.0,1,2,2,13,1,0,0,1,0.0,7.0,30.0,50.0,50.0,0.0,0.0,0,0,0,1,0,0,0,1,0,0,0,0,1,0,0.0,0,0,0,0,2,2,0,0,4,0,0.0,8,0.5
E0000020820260217135137024203525,96303204104,2026-02-17 13:51:37,fraud,1,0,1,0,0,0,0,1859.0,7.528331766707247,3,1859.0,10558.866017870165,15.4,15.4,21.79069754379148,5,1,42,216.2258,557.0,681.0,0.0,0.0,542.0,1.0,0.0,0.1760605728734287,0.0,1.0,0.0,0.0,0.8179148311306902,-124.0,0.0,0.0,0,0,1.0276752767527675,1,15.4,1,1,0,1,0,1.0,0,2,2,13,1,0,0,1,0.0,7.0,30.0,50.0,50.0,0.0,0.0,0,0,0,1,0,0,0,1,0,0,0,0,1,1,0.0,0,0,0,0,0,2,0,2,4,0,0.0,9,0.5625
E0000020820260217135906476296525,12535043424,2026-02-17 13:59:19,normal,0,0,0,0,1,0,0,17.0,2.8903717578961645,192,38.9,259.9119078193309,538.4833,129.7,982.0128724633436,11,2,25,34.6129,1236.0,893.6216216216217,0.0,0.0,1219.0,0.4370179948586118,-21.9,0.06540677625211763,-0.08425931764243388,4.151760215882807,408.7833,0.4162708162618907,1.383135736752964,342.37837837837833,0.0,0.0,0,0,1.0139458572600493,1,6.225,0,0,0,0,1,0.0,1,1,1,13,1,0,0,1,0.0,7.0,29.0,0.0,0.0,0.0,0.0,0,0,0,1,0,0,0,1,0,0,0,0,1,0,0.0,0,0,2,0,2,0,0,0,0,0,0.0,4,0.25
E0000020820260217140749770877525,96303204104,2026-02-17 14:08:06,fraud,1,1,0,1,0,0,0,5000.0,8.517393171418904,4,1859.0,8734.91960824483,16.4833,16.4833,17.48769859710915,5,1,42,216.2258,578.0,646.6666666666666,0.0,0.0,565.0,2.6896180742334588,3141.0,0.5724151136182792,0.35959117437500304,1.0,0.0,0.0,0.8938144329896908,-68.66666666666663,0.0,0.0,0,0,1.023008849557522,1,16.483333333333334,1,1,0,1,0,1.0,0,2,2,14,1,0,0,1,0.0,7.0,30.0,50.0,50.0,0.0,0.0,0,0,0,1,0,0,0,1,0,0,0,0,1,1,0.0,0,0,0,0,1,1,0,2,4,0,0.0,9,0.5625
E0000020820260217141433464893525,96303204104,2026-02-17 14:14:34,fraud,1,0,1,0,0,0,0,1567.5,7.357875027630733,5,1859.0,7959.930689082664,6.4667,15.4,17.308755582532022,5,1,42,216.2258,460.0,600.0,0.0,0.0,441.0,0.8431952662721893,-291.5,0.1969238252476097,-0.03662092188815198,0.4199155844155844,-8.9333,-0.5161145154198997,0.7666666666666667,-140.0,0.0,0.0,0,0,1.0430839002267573,0,6.466666666666667,2,1,1,2,0,2.0,0,2,2,14,1,0,0,1,0.0,7.0,30.0,60.0,60.0,0.0,0.0,0,0,0,1,0,0,0,1,0,0,0,0,1,2,0.0,0,0,0,0,0,2,0,3,5,0,0.0,12,0.75
E0000020820260217153000498281525,4054453694,2026-02-17 15:30:01,normal,0,0,0,0,1,0,0,64.5,4.182050142641207,14,140.0,365.4021741425903,2723.35,4514.85,8740.669084345644,3,1,45,165.2903,585.0,753.5,0.0,0.0,569.0,0.4607142857142857,-75.5,0.1765178331282459,-0.20662164963073745,0.6031983343854169,-1791.5000000000005,-0.20496142603185147,0.7763769077637691,-168.5,0.0,0.0,0,0,1.0281195079086116,1,6.225,0,0,0,0,1,0.0,1,1,1,15,1,0,0,1,0.0,7.0,30.0,26.0,26.0,0.0,0.0,0,0,0,0,0,0,0,1,0,0,0,0,1,0,0.0,0,0,0,0,2,0,0,0,3,0,0.0,5,0.3125
E0000020820260217161502598698525,8505225104,2026-02-17 16:15:03,fraud,1,0,1,0,0,0,0,1200.0,7.0909098220799835,1,1200.0,245.14801780883462,0.0,141.85829999999999,1099.7618689083945,1,1,76,547.4194,539.0,539.0,0.0,0.0,525.0,1.0,0.0,0.6257463299861998,0.0,1.0,0.0,0.0,1.0,0.0,0.0,0.0,0,0,1.0266666666666666,0,6.225,0,0,0,0,1,0.0,1,1,1,16,1,0,0,1,0.0,7.0,32.0,26.0,26.0,0.0,0.0,0,0,0,1,0,0,0,1,0,0,0,0,1,0,0.0,3,1,0,0,2,2,0,0,3,0,0.0,10,0.625
E0000020820260217180323786362525,49898035404,2026-02-17 18:03:24,fraud,1,0,1,0,0,0,0,756.0,6.6293632534374485,1,756.0,245.14801780883462,0.0,141.85829999999999,1099.7618689083945,1,1,65,31.7742,524.0,524.0,0.0,0.0,513.0,1.0,0.0,0.6257463299861998,0.0,1.0,0.0,0.0,1.0,0.0,0.0,0.0,0,0,1.0214424951267056,0,6.225,0,0,0,0,1,0.0,1,1,1,18,1,0,0,1,0.0,7.0,30.0,0.0,0.0,0.0,0.0,0,0,0,1,0,0,0,1,0,0,0,0,1,0,0.0,1,1,2,0,2,2,0,0,0,0,0.0,7,0.4375
E0000020820260218003204921544525,5983653113,2026-02-18 00:32:19,normal,0,0,0,1,0,0,0,20.0,3.044522437723423,52,20.0,56.95891485986699,1687.45,1034.6,2769.415712659023,7,1,26,45.9032,551.0,596.9423076923077,0.0,0.0,539.0,1.0,0.0,0.35113028485891884,0.0,1.6310168180939495,652.8500000000001,0.23573564525391302,0.9230372732837214,-45.942307692307736,0.0,0.0,0,0,1.0222634508348794,1,6.225,0,0,0,0,1,0.0,1,1,1,0,2,0,1,0,0.0,7.0,31.0,60.0,60.0,0.0,0.0,0,0,0,1,0,0,0,1,0,0,0,0,1,0,0.0,0,0,2,0,2,1,3,0,5,0,0.0,13,0.8125
E0000020820260218135035798674525,40044270100,2026-02-18 13:53:29,fraud,1,0,0,0,1,0,0,1810.0,7.501634457883413,1,1810.0,245.14801780883462,0.0,141.85829999999999,1099.7618689083945,2,1,57,415.7419,617.0,617.0,0.0,0.0,566.0,1.0,0.0,0.6257463299861998,0.0,1.0,0.0,0.0,1.0,0.0,0.0,0.0,0,0,1.0901060070671378,1,6.225,0,0,0,0,1,0.0,1,1,1,13,2,0,0,1,0.0,7.0,32.0,0.0,0.0,0.0,0.0,0,0,0,1,0,0,0,1,0,0,0,0,1,0,0.0,0,0,0,0,2,0,0,0,0,0,0.0,2,0.125
E0000020820260218143712802808525,54859735315,2026-02-18 14:37:31,fraud,1,0,1,0,0,0,0,1500.0,7.313886831633462,1,1500.0,245.14801780883462,0.0,141.85829999999999,1099.7618689083945,1,1,55,17.5161,718.0,718.0,0.0,0.0,703.0,1.0,0.0,0.6257463299861998,0.0,1.0,0.0,0.0,1.0,0.0,0.0,0.0,0,0,1.0213371266002844,1,6.225,0,0,0,0,1,0.0,1,1,1,14,2,0,0,1,0.0,7.0,30.0,20.0,20.0,0.0,0.0,0,0,0,1,0,0,0,1,0,0,0,0,1,0,0.0,0,0,3,1,2,2,0,0,3,0,0.0,10,0.625
E0000020820260218150240169852525,40044270100,2026-02-18 15:03:41,fraud,1,0,0,0,1,0,0,3420.0,8.137688184977605,2,1810.0,1138.4419177103416,70.2,70.2,1099.7618689083945,2,1,57,415.7419,5440.0,3028.5,0.0,0.0,5428.0,1.8895027624309393,1610.0,3.0041058281465745,1.414213562373095,1.0,0.0,0.0,1.7962687799240549,2411.5,0.0,0.0,0,0,1.002210759027266,1,70.2,0,0,0,1,0,1.0,0,1,1,15,2,0,0,1,0.0,7.0,32.0,26.0,-1.0,0.0,0.0,0,0,0,1,1,0,0,1,0,0,0,0,1,0,0.0,0,0,0,0,0,0,0,0,0,0,0.0,0,0.0
E0000020820260218154852354469525,78894603415,2026-02-18 15:49:10,normal,0,0,1,0,0,0,0,5.0,1.791759469228055,90,31.0,171.96630281521027,878.6833,206.1833,2051.36707624453,9,3,57,34.6129,798.0,695.2696629213483,0.0,0.0,788.0,0.16129032258064516,-26.0,0.029075463728337796,-0.15119241138735653,4.261660861961177,672.5,0.3278301615482473,1.1477561046558606,102.7303370786517,0.0,0.0,0,0,1.0126903553299493,1,6.225,0,0,0,0,1,0.0,1,1,1,15,2,0,0,1,0.0,7.0,32.0,0.0,0.0,0.0,0.0,0,0,0,0,0,0,0,1,0,0,0,0,1,0,0.0,0,0,2,0,2,2,0,0,0,0,0.0,6,0.375
E0000020820260218173251884831525,81169647120,2026-02-18 17:32:52,normal,0,0,1,0,0,0,0,20.0,3.044522437723423,100,20.0,113.65066549112576,7198.9167,596.5833,1454.1536453707083,8,1,50,213.5484,416.0,496.56,0.0,0.0,398.0,1.0,0.0,0.17597785207480082,0.0,12.06690951624023,6602.3333999999995,4.540327235033587,0.837763815047527,-80.56,0.0,0.0,0,0,1.0452261306532664,0,6.225,0,0,0,0,1,0.0,1,1,1,17,2,0,0,1,0.0,7.0,32.0,26.0,26.0,0.0,0.0,0,0,0,1,0,0,0,1,0,0,0,0,1,0,0.0,0,0,0,0,2,2,0,0,3,0,0.0,7,0.4375
E0000020820260218235952668967525,13714523421,2026-02-18 23:59:53,normal,0,0,1,0,0,0,0,20.0,3.044522437723423,112,13.0,62.94124085559805,1295.5167,288.0667,2048.959515285225,8,1,20,4.5484,405.0,548.6964285714286,0.0,0.0,393.0,1.5384615384615385,7.0,0.3177566842999598,0.11121483950498592,4.497280317370941,1007.4499999999998,0.4916885826608234,0.7381130601750904,-143.69642857142856,0.0,0.0,0,0,1.0305343511450382,0,6.225,0,0,0,0,1,0.0,1,1,1,23,2,0,1,0,0.0,7.0,30.0,0.0,0.0,0.0,0.0,0,0,0,1,0,0,0,1,0,0,0,0,1,0,0.0,0,0,3,1,2,2,3,0,0,0,0.0,10,0.625
E0000020820260219101940407708525,60172746191,2026-02-19 10:19:40,normal,0,0,1,0,0,0,0,3.0,1.3862943611198906,67,6.0,3662.075537910876,998.1667,1377.25,1424.8287244306564,5,2,51,312.3226,544.0,649.8923076923077,0.0,0.0,527.5,0.5,-3.0,0.000819207569298646,-0.000819207569298646,0.7247534579778544,-379.0833,-0.26605534651294804,0.9903709889194305,-5.666666666666657,0.0,0.0,0,0,1.0292595226805754,0,6.225,0,0,0,0,1,0.0,1,1,1,10,3,0,0,1,0.0,7.0,30.0,26.0,-1.0,0.0,0.0,1,1,1,1,1,1,1,1,0,0,0,1,1,0,0.0,0,0,0,0,2,2,0,0,0,0,0.0,4,0.25
E0000020820260219142244967844525,49297155120,2026-02-19 14:22:59,normal,0,0,0,0,0,1,0,23.0,3.1780538303479458,81,50.0,157.36179263743756,7147.9667,270.7333,2052.2070161610845,7,1,52,384.0,544.0,876.8125,0.0,0.0,527.5,0.46,-27.0,0.14616000246636823,-0.17157913333008445,26.402244201212042,6877.2334,3.3511401850992324,0.9903709889194305,-5.666666666666657,0.0,0.0,0,0,1.0292595226805754,0,6.225,0,0,0,0,1,0.0,1,1,1,14,3,0,0,1,0.0,7.0,30.0,26.0,-1.0,0.0,0.0,1,1,1,1,1,1,1,1,0,0,0,1,1,0,0.0,0,0,0,0,2,0,0,0,0,0,0.0,2,0.125
E0000020820260219144346221251525,15239888191,2026-02-19 14:43:46,fraud,1,0,1,0,0,0,0,4177.9,8.33780333299195,1,4177.9,245.14801780883462,0.0,141.85829999999999,1099.7618689083945,1,1,73,535.7742,515.0,515.0,0.0,0.0,501.0,1.0,0.0,0.6257463299861998,0.0,1.0,0.0,0.0,1.0,0.0,0.0,0.0,0,0,1.0279441117764472,0,6.225,0,0,0,0,1,0.0,1,1,1,14,3,0,0,1,0.0,7.0,32.0,26.0,26.0,0.0,0.0,0,0,0,0,0,0,0,1,0,0,0,0,1,0,0.0,2,1,0,0,2,2,0,0,3,0,0.0,9,0.5625
E0000020820260219200818729695525,16419367700,2026-02-19 20:12:39,fraud,1,0,0,0,1,0,0,21000.0,9.952325334619427,1,21000.0,245.14801780883462,0.0,141.85829999999999,1099.7618689083945,2,1,78,578.2581,478.0,478.0,0.0,0.0,464.0,1.0,0.0,0.6257463299861998,0.0,1.0,0.0,0.0,1.0,0.0,0.0,0.0,0,0,1.0301724137931034,0,6.225,0,0,0,0,1,0.0,1,1,1,20,3,0,0,0,0.0,7.0,32.0,26.0,26.0,0.0,0.0,0,0,0,1,0,0,0,1,0,0,0,0,1,0,0.0,3,1,0,0,2,0,0,0,3,0,0.0,8,0.5
E0000020820260219203149856450525,16419367700,2026-02-19 20:35:15,fraud,1,0,0,0,1,0,0,20000.0,9.90353755128617,2,20000.0,707.1067811865476,22.6,22.6,1099.7618689083945,2,1,78,578.2581,472.0,475.0,0.0,0.0,460.0,1.0,0.0,28.2842712474619,0.0,1.0,0.0,0.0,0.9936842105263158,-3.0,0.0,0.0,0,0,1.0260869565217392,0,22.6,1,1,0,1,0,1.0,0,1,1,20,3,0,0,0,0.0,7.0,32.0,26.0,26.0,0.0,0.0,0,0,0,1,0,0,0,1,0,0,0,0,1,1,0.0,3,1,0,0,0,0,0,2,3,0,0.0,9,0.5625
E0000020820260219224645207458525,72661801120,2026-02-19 22:47:09,normal,0,0,1,0,0,0,0,42.0,3.7612001156935624,14,76.9,202.7229141824263,3389.85,3389.85,6420.092639901418,1,2,44,246.6129,446.0,609.1538461538462,0.0,0.0,421.0,0.5461638491547464,-34.900000000000006,0.207179342154706,-0.17215616764760097,1.0,0.0,0.0,0.7321631519131203,-163.1538461538462,0.0,0.0,0,0,1.0593824228028503,0,6.225,0,0,0,0,1,0.0,1,1,1,22,3,0,1,0,0.0,7.0,32.0,0.0,0.0,0.0,0.0,0,0,0,1,0,0,0,1,0,0,0,0,1,0,0.0,0,0,0,0,2,2,3,0,0,0,0.0,7,0.4375
E0000020820260220141015294775525,1741726131,2026-02-20 14:10:30,normal,0,0,0,0,0,1,0,200.0,5.303304908059076,49,36.76,70.36665252628622,2.9167,509.3333,5129.314994951263,7,1,39,158.129,544.0,675.5957446808511,0.0,0.0,527.5,5.4406964091403704,163.24,2.8422554266779687,2.3198488792545584,0.0057265056103734035,-506.4166,-0.0987298694851966,0.9903709889194305,-5.666666666666657,0.0,0.0,0,0,1.0292595226805754,0,6.225,0,0,1,0,1,0.0,1,1,1,14,4,0,0,1,0.0,7.0,30.0,26.0,-1.0,0.0,0.0,1,1,1,1,1,1,1,1,0,0,0,1,1,0,0.0,0,0,0,0,2,0,0,0,0,0,0.0,2,0.125
E0000020820260220174504441948525,3541859180,2026-02-20 17:45:45,normal,0,0,0,0,1,0,0,30.0,3.4339872044851463,35,81.0,53.32744213226196,107.7167,122.2667,4210.940403917345,10,1,41,9.7419,424.0,472.25714285714287,0.0,0.0,409.0,0.37037037037037035,-51.0,0.5625621406253544,-0.9563556390631025,0.880997851418252,-14.549999999999997,-0.003455285186763615,0.8978159598281807,-48.25714285714287,0.0,0.0,0,0,1.0366748166259168,0,6.225,0,0,0,0,1,0.0,1,1,1,17,4,0,0,1,0.0,7.0,30.0,0.0,0.0,0.0,0.0,0,0,0,1,0,0,0,1,0,0,0,0,1,0,0.0,0,0,3,1,2,0,0,0,0,0,0.0,5,0.3125
E0000020820260220180447568290525,15307760159,2026-02-20 18:04:48,fraud,1,0,1,0,0,0,0,8000.0,8.987321812850125,1,8000.0,245.14801780883462,0.0,141.85829999999999,1099.7618689083945,1,1,67,473.2903,439.0,439.0,0.0,0.0,423.0,1.0,0.0,0.6257463299861998,0.0,1.0,0.0,0.0,1.0,0.0,0.0,0.0,0,0,1.037825059101655,0,6.225,0,0,0,0,1,0.0,1,1,1,18,4,0,0,1,0.0,7.0,30.0,26.0,26.0,0.0,0.0,0,0,0,1,0,0,0,1,0,0,0,0,1,0,0.0,2,1,0,0,2,2,0,0,3,0,0.0,9,0.5625
E0000020820260220233336131158525,618562583,2026-02-20 23:33:36,normal,0,0,0,0,1,0,0,399.0,5.991464547107982,19,500.0,625.7717975419079,37.3167,733.8333,12021.513945471484,3,1,53,29.4194,372.0,466.3157894736842,0.0,0.0,361.0,0.798,-101.0,0.6376126274263407,-0.16140069015052735,0.05085173976160525,-696.5166,-0.057939174979069794,0.7977426636568848,-94.31578947368422,0.0,0.0,0,0,1.0304709141274238,0,6.225,0,0,1,0,1,0.0,1,1,1,23,4,0,1,0,0.0,7.0,32.0,50.0,50.0,0.0,0.0,0,0,0,1,0,0,0,1,0,0,0,0,1,0,0.0,0,0,3,1,2,0,3,0,4,0,0.0,12,0.75
E0000020820260221144728423730542,2313753522,2026-02-21 14:48:23,fraud,1,0,0,0,1,0,0,5000.0,8.517393171418904,1,5000.0,245.14801780883462,0.0,141.85829999999999,1099.7618689083945,1,0,40,50.9355,544.0,614.0,0.0,0.0,527.5,1.0,0.0,0.6257463299861998,0.0,1.0,0.0,0.0,0.9903709889194305,-5.666666666666657,0.0,0.0,0,0,1.0292595226805754,0,6.225,0,0,0,0,1,0.0,1,1,1,14,5,1,0,1,0.0,7.0,30.0,26.0,-1.0,0.0,0.0,1,1,1,1,1,1,1,1,0,0,0,1,1,0,0.0,0,0,2,0,2,0,0,0,0,0,0.0,4,0.25
E0000020820260221195236448836525,69009937100,2026-02-21 19:52:37,normal,0,0,1,0,0,0,0,20.0,3.044522437723423,250,31.0,77.52868618864989,3.6,184.15,589.3799070099477,7,2,50,55.9355,544.0,1005.0971659919028,0.0,0.0,527.5,0.6451612903225806,-11.0,0.2579690303448993,-0.14188296668969463,0.0195492804778713,-180.55,-0.3063389129024934,0.9903709889194305,-5.666666666666657,0.0,0.0,0,0,1.0292595226805754,0,6.225,0,0,1,0,1,0.0,1,1,1,19,5,1,0,0,0.0,7.0,30.0,26.0,-1.0,0.0,0.0,1,1,1,1,1,1,1,1,0,0,0,1,1,0,0.0,0,0,2,0,2,2,0,0,0,0,0.0,6,0.375
E0000020820260222143702581949525,62058878191,2026-02-22 14:37:03,normal,0,0,1,0,0,0,0,10.0,2.3978952727983707,282,10.0,27.57822506182436,222.6,267.4667,368.6992833803574,7,2,52,215.1613,544.0,775.3646209386281,0.0,0.0,527.5,1.0,0.0,0.3626049166537072,0.0,0.8322531365586818,-44.86670000000001,-0.12168914349018316,0.9903709889194305,-5.666666666666657,0.0,0.0,0,0,1.0292595226805754,0,6.225,0,0,0,0,1,0.0,1,1,1,14,6,1,0,1,0.0,7.0,30.0,26.0,-1.0,0.0,0.0,1,1,1,1,1,1,1,1,0,0,0,1,1,0,0.0,0,0,0,0,2,2,0,0,0,0,0.0,4,0.25
E0000020820260223141353396334525,75355396372,2026-02-23 14:13:54,normal,0,0,1,0,0,0,0,115.0,4.7535901911063645,9,450.0,1078.373420666515,23.4667,14.9667,13473.252414186218,18,2,49,160.5161,486.0,562.375,0.0,0.0,457.0,0.25555555555555554,-335.0,0.1066420942839276,-0.31065305726187603,1.5679274656403883,8.5,0.000630879593040965,0.8641920426761502,-76.375,0.0,0.0,0,0,1.0634573304157549,0,6.225,0,0,0,0,1,0.0,1,1,1,14,0,0,0,1,0.0,7.0,32.0,0.0,0.0,0.0,0.0,0,0,0,1,0,0,0,1,0,0,0,0,1,0,0.0,0,0,0,0,2,2,0,0,0,0,0.0,4,0.25
E0000020820260223224308133504525,41025229134,2026-02-23 22:43:42,fraud,1,0,0,0,0,1,0,4444.44,8.399634130675599,1,4444.44,245.14801780883462,0.0,141.85829999999999,1099.7618689083945,1,1,58,407.8065,582.0,582.0,0.0,0.0,566.0,1.0,0.0,0.6257463299861998,0.0,1.0,0.0,0.0,1.0,0.0,0.0,0.0,0,0,1.028268551236749,1,6.225,0,0,0,0,1,0.0,1,1,1,22,0,0,1,0,0.0,7.0,32.0,79.0,79.0,0.0,0.0,0,0,0,1,0,0,0,1,0,0,0,0,1,0,0.0,0,0,0,0,2,0,3,0,5,0,0.0,10,0.625
E0000020820260224085408073566525,2193438102,2026-02-24 08:54:23,normal,0,0,0,0,1,0,0,100.0,4.61512051684126,53,66.4,194.3225427419753,11280.9833,1258.5167,2496.2824636550013,5,1,40,126.3871,562.0,680.3584905660377,0.0,0.0,549.0,1.506024096385542,33.599999999999994,0.5146083341075959,0.17290840026015217,8.96371363208768,10022.4666,4.014956939338238,0.826035109126709,-118.35849056603774,0.0,0.0,0,0,1.02367941712204,1,6.225,0,0,0,0,1,0.0,1,1,1,8,1,0,0,1,0.0,7.0,30.0,26.0,26.0,0.0,0.0,0,0,0,1,0,0,0,1,0,0,0,0,1,0,0.0,0,0,0,0,2,0,0,0,3,0,0.0,5,0.3125
E0000020820260224121854456922525,5652736127,2026-02-24 12:18:55,normal,0,0,1,0,0,0,0,9.9,2.388762789235098,112,20.99,263.7555201242283,735.0667,593.8333,1232.0757231883786,12,3,27,52.5161,764.0,843.6380952380953,0.0,0.0,749.0,0.47165316817532166,-11.089999999999998,0.03753475944441701,-0.042046513357432785,1.2378334121713954,141.23339999999996,0.11463045439651605,0.9056015894877063,-79.63809523809527,0.0,0.0,0,0,1.020026702269693,1,6.225,0,0,0,0,1,0.0,1,1,1,12,1,0,0,1,0.0,7.0,32.0,0.0,0.0,0.0,0.0,0,0,0,0,0,0,0,1,0,0,0,0,1,0,0.0,0,0,2,0,2,2,0,0,0,0,0.0,6,0.375
E0000020820260224210835846642525,4098965437,2026-02-24 21:08:36,normal,0,0,1,0,0,0,0,100.0,4.61512051684126,270,100.0,259.22911107262587,1140.2333,164.15,579.5650978122469,9,3,42,220.0645,2140.0,2475.0114068441067,0.0,0.0,2126.0,1.0,0.0,0.385759144049157,0.0,6.946288760280232,976.0833000000001,1.6841650811695486,0.8646424796598087,-335.01140684410666,0.0,0.0,0,0,1.006585136406397,1,6.225,0,0,0,0,1,0.0,1,1,1,21,1,0,0,0,0.0,7.0,32.0,0.0,0.0,0.0,0.0,0,0,0,1,0,0,0,1,0,0,0,0,1,0,0.0,0,0,0,0,2,2,0,0,0,0,0.0,4,0.25
E0000020820260224221952556963525,51210630168,2026-02-24 22:19:57,normal,0,0,1,0,0,0,0,22.99,3.177637076851603,46,93.11,786.198143556564,4477.5167,1445.75,2813.930229292643,3,2,54,331.129,536.0,650.0232558139535,0.0,0.0,521.0,0.24691225432284394,-70.12,0.029241992223485776,-0.0891887122536243,3.0970200242088883,3031.7667,1.0774136005362565,0.8245858824371222,-114.02325581395348,0.0,0.0,0,0,1.0287907869481765,0,6.225,0,0,0,0,1,0.0,1,1,1,22,1,0,1,0,0.0,7.0,32.0,26.0,26.0,0.0,0.0,0,0,0,1,0,0,0,1,0,0,0,0,1,0,0.0,0,0,0,0,2,2,3,0,3,0,0.0,10,0.625
E0000020820260225154349869255525,47297247120,2026-02-25 15:44:07,normal,0,0,0,0,0,1,0,35.0,3.58351893845611,33,60.0,81.92680399757809,38.5333,1932.5833,4689.786368392958,3,1,57,390.1613,755.0,656.939393939394,0.0,0.0,743.0,0.5833333333333334,-25.0,0.42721061108443414,-0.30515043648888157,0.01993875244601358,-1894.05,-0.40386701039626055,1.1492688777157618,98.060606060606,0.0,0.0,0,0,1.0161507402422612,1,6.225,0,0,1,0,1,0.0,1,1,1,15,2,0,0,1,0.0,7.0,30.0,0.0,0.0,0.0,0.0,0,0,0,0,0,0,0,1,0,0,0,0,1,0,0.0,0,0,0,0,2,0,0,0,0,0,0.0,2,0.125
E0000020820260225204755338627525,1822844177,2026-02-25 20:47:56,normal,0,0,1,0,0,0,0,8.3,2.2300144001592104,159,20.36,90.32559447150538,20.3833,58.5333,298.09496830668775,18,2,37,83.1613,525.0,596.8,0.0,0.0,513.0,0.40766208251473485,-12.059999999999999,0.09188979102283534,-0.13351697346209565,0.34823425298078187,-38.15,-0.12797934905345434,0.879691689008043,-71.79999999999995,0.0,0.0,0,0,1.023391812865497,0,6.225,0,0,1,0,1,0.0,1,1,1,20,2,0,0,0,0.0,7.0,30.0,0.0,0.0,0.0,0.0,0,0,0,0,0,0,0,1,0,0,0,0,1,0,0.0,0,0,1,0,2,2,0,0,0,0,0.0,5,0.3125
E0000020820260225215306351311525,8264403123,2026-02-25 21:53:07,normal,0,0,1,0,0,0,0,11.98,2.563409711275944,25,47.68,268.8808048820146,326.3167,1485.0167,7885.419412281659,3,3,20,62.4839,547.0,536.75,0.0,0.0,532.0,0.251258389261745,-35.7,0.044555058533303805,-0.13277258678121417,0.219739414378303,-1158.6999999999998,-0.14694208886280763,1.0190964136003726,10.25,0.0,0.0,0,0,1.0281954887218046,1,6.225,0,0,1,0,1,0.0,1,1,1,21,2,0,0,0,0.0,7.0,32.0,20.0,20.0,0.0,0.0,0,0,0,1,0,0,0,1,0,0,0,0,1,0,0.0,0,0,1,0,2,2,0,0,3,0,0.0,8,0.5
E0000020820260226112335763945525,29891159,2026-02-26 11:23:37,normal,0,0,1,0,0,0,0,59.99,4.110709916308365,109,40.0,135.6410905608581,601.9333,924.45,1100.630585808848,4,2,41,330.5161,711.0,743.4299065420561,0.0,0.0,700.0,1.4997500000000001,19.990000000000002,0.4422701096839404,0.14737422057979613,0.6511258586186381,-322.5167,-0.29302901823592703,0.9563779903704728,-32.429906542056074,0.0,0.0,0,0,1.0157142857142858,1,6.225,0,0,0,0,1,0.0,1,1,1,11,3,0,0,1,0.0,7.0,30.0,0.0,0.0,0.0,0.0,0,0,0,0,0,0,0,1,0,0,0,0,1,0,0.0,0,0,0,0,2,2,0,0,0,0,0.0,4,0.25
E0000020820260226160910114328525,434234184,2026-02-26 16:10:00,normal,0,0,1,0,0,0,0,1091.2,6.9959492897180535,1,1091.2,245.14801780883462,0.0,141.85829999999999,1099.7618689083945,1,1,41,9.8387,364.0,364.0,0.0,0.0,351.0,1.0,0.0,0.6257463299861998,0.0,1.0,0.0,0.0,1.0,0.0,0.0,0.0,0,0,1.037037037037037,0,6.225,0,0,0,0,1,0.0,1,1,1,16,3,0,0,1,0.0,7.0,32.0,0.0,0.0,0.0,0.0,0,0,0,1,0,0,0,1,0,0,0,0,1,0,0.0,0,0,3,1,2,2,0,0,0,0,0.0,7,0.4375
E0000020820260226224444228684525,38165287168,2026-02-26 22:45:07,normal,0,0,0,0,0,1,0,65.0,4.189654742026425,99,115.0,802.8042641003983,203.4167,668.2333,1295.5989465089003,6,2,56,456.129,726.0,676.6836734693877,0.0,0.0,714.0,0.5652173913043478,-50.0,0.08096618678631125,-0.06228168214331635,0.3044097024197986,-464.8166,-0.3587658057707496,1.072879439040941,49.31632653061229,0.0,0.0,0,0,1.0168067226890756,1,6.225,0,0,1,0,1,0.0,1,1,1,22,3,0,1,0,0.0,7.0,30.0,26.0,26.0,0.0,0.0,0,0,0,1,0,0,0,1,0,0,0,0,1,0,0.0,0,0,0,0,2,0,3,0,3,0,0.0,8,0.5
E0000020820260227002923394835525,89928113149,2026-02-27 00:29:24,normal,0,0,1,0,0,0,0,55.0,4.02535169073515,133,49.8,215.64463847498627,96.5333,170.55,1499.6554441685369,9,2,55,178.8387,1165.0,818.5378787878788,0.0,0.0,1143.0,1.104417670682731,5.200000000000003,0.2550492346526841,0.02411374582170833,0.5660117267663441,-74.01670000000001,-0.04935580388669715,1.4232695030866198,346.46212121212125,0.0,0.0,0,0,1.0192475940507437,1,6.225,0,0,0,0,1,0.0,1,1,1,0,4,0,1,0,0.0,7.0,32.0,26.0,26.0,0.0,0.0,0,0,0,0,0,0,0,1,0,0,0,0,1,0,0.0,0,0,0,0,2,2,3,0,3,0,0.0,10,0.625
E0000020820260227155828276334525,47716711172,2026-02-27 15:58:29,normal,0,0,0,0,0,1,0,30.0,3.4339872044851463,61,65.0,287.9809480577878,84.9667,123.0167,5265.430373738904,17,2,55,40.0,736.0,529.9830508474577,0.0,0.0,720.0,0.46153846153846156,-35.0,0.10417355801599777,-0.12153581768533073,0.6906924019259174,-38.05,-0.007226379858666949,1.3887236560171414,206.01694915254234,0.0,0.0,0,0,1.0222222222222221,1,6.225,0,0,0,0,1,0.0,1,1,1,15,4,0,0,1,0.0,7.0,32.0,26.0,26.0,0.0,0.0,0,0,0,1,0,0,0,1,0,0,0,0,1,0,0.0,0,0,2,0,2,0,0,0,3,0,0.0,7,0.4375
E0000020820260227171833109279542,54451363888,2026-02-27 17:18:33,normal,0,0,1,0,0,0,0,11.6,2.533696813957432,43,18.0,83.49979963636679,1216.4167,1419.8167,3661.166858178611,3,0,18,6.9032,544.0,614.0,0.0,0.0,527.5,0.6444444444444444,-6.4,0.13892248904209148,-0.07664689050598152,0.856742071001137,-203.4000000000001,-0.05555605845869294,0.9903709889194305,-5.666666666666657,0.0,0.0,0,0,1.0292595226805754,0,6.225,0,0,0,0,1,0.0,1,1,1,17,4,0,0,1,0.0,7.0,30.0,26.0,-1.0,0.0,0.0,1,1,1,1,1,1,1,1,0,0,0,1,1,0,0.0,0,0,3,1,2,2,0,0,0,0,0.0,7,0.4375
E0000020820260227174607667379525,87568039153,2026-02-27 17:46:38,fraud,1,0,1,0,0,0,0,498.96,6.214528095222021,1,498.96,245.14801780883462,0.0,141.85829999999999,1099.7618689083945,2,1,45,317.1935,514.0,514.0,0.0,0.0,501.0,1.0,0.0,0.6257463299861998,0.0,1.0,0.0,0.0,1.0,0.0,0.0,0.0,0,0,1.0259481037924152,0,6.225,0,0,0,0,1,0.0,1,1,1,17,4,0,0,1,0.0,7.0,32.0,0.0,0.0,0.0,0.0,0,0,0,0,0,0,0,1,0,0,0,0,1,0,0.0,0,0,0,0,2,2,0,0,0,0,0.0,4,0.25
E0000020820260227174933075406525,87568039153,2026-02-27 17:49:57,fraud,1,0,1,0,0,0,0,1046.04,6.953722414534273,2,498.96,386.8439778515364,3.3167,3.3167,1099.7618689083945,2,1,45,317.1935,399.0,456.5,0.0,0.0,388.0,2.0964405964405963,547.0799999999999,2.704035890152724,1.414213562373095,1.0,0.0,0.0,0.8740416210295728,-57.5,0.0,0.0,0,0,1.0283505154639174,0,3.316666666666667,1,1,0,1,0,1.0,0,1,1,17,4,0,0,1,0.0,7.0,32.0,0.0,0.0,0.0,0.0,0,0,0,0,0,0,0,1,0,0,0,0,1,1,0.0,0,0,0,0,0,2,0,2,0,0,0.0,5,0.3125
E0000020820260227203914768484525,24399590149,2026-02-27 20:39:45,fraud,1,0,0,0,1,0,0,8568.0,9.055906318669118,1,8568.0,245.14801780883462,0.0,141.85829999999999,1099.7618689083945,1,1,65,405.2903,1067.0,1067.0,0.0,0.0,1051.0,1.0,0.0,0.6257463299861998,0.0,1.0,0.0,0.0,1.0,0.0,0.0,0.0,0,0,1.0152235965746907,1,6.225,0,0,0,0,1,0.0,1,1,1,20,4,0,0,0,0.0,7.0,32.0,60.0,60.0,0.0,0.0,0,0,0,1,0,0,0,1,0,0,0,0,1,0,0.0,1,1,0,0,2,0,0,0,5,0,0.0,8,0.5
E0000020820260228175305718144542,10406335796,2026-02-28 17:53:32,fraud,1,0,0,0,0,1,0,2500.0,7.824445930877619,1,2500.0,245.14801780883462,0.0,141.85829999999999,1099.7618689083945,2,0,42,65.2581,544.0,614.0,0.0,0.0,527.5,1.0,0.0,0.6257463299861998,0.0,1.0,0.0,0.0,0.9903709889194305,-5.666666666666657,0.0,0.0,0,0,1.0292595226805754,0,6.225,0,0,0,0,1,0.0,1,1,1,17,5,1,0,1,0.0,7.0,30.0,26.0,-1.0,0.0,0.0,1,1,1,1,1,1,1,1,0,0,0,1,1,0,0.0,0,0,1,0,2,0,0,0,0,0,0.0,3,0.1875
E0000020820260228175546008608542,10406335796,2026-02-28 17:56:00,fraud,1,0,0,0,0,1,0,6750.0,8.81744592104187,2,2500.0,3005.203820042827,2.4667,2.4667,1099.7618689083945,2,0,42,65.2581,544.0,614.0,0.0,0.0,527.5,2.7,4250.0,2.246103893180798,1.4142135623730951,1.0,0.0,0.0,0.9903709889194305,-5.666666666666657,0.0,0.0,0,0,1.0292595226805754,0,2.466666666666667,1,1,0,1,0,1.0,0,1,1,17,5,1,0,1,0.0,7.0,30.0,26.0,-1.0,0.0,0.0,1,1,1,1,1,1,1,1,0,0,0,1,1,1,0.0,0,0,1,0,0,0,0,2,0,0,0.0,4,0.25
E0000020820260301021752064349525,2806566533,2026-03-01 02:17:52,normal,0,0,1,0,0,0,0,10.0,2.3978952727983707,727,10.0,33.08197114110412,22.7833,36.2,387.0099965886792,27,2,39,71.871,635.0,1384.7027027027027,0.0,0.0,624.0,1.0,0.0,0.3022794487470872,0.0,0.6293729281767956,-13.416700000000002,-0.03466757995468396,0.4585821915134481,-749.7027027027027,0.0,0.0,0,0,1.017628205128205,1,6.225,0,0,0,0,1,0.0,1,1,1,2,6,1,1,0,0.0,7.0,32.0,0.0,0.0,0.0,0.0,0,0,0,1,0,0,0,1,0,0,0,0,1,0,0.0,0,0,1,0,2,2,3,0,0,0,0.0,8,0.5
E0000020820260302013238765103525,290219108,2026-03-02 01:33:10,normal,0,0,0,0,1,0,0,10.0,2.3978952727983707,66,9.95,134.41525742507068,3177.0167,461.6,950.1674610298232,6,2,44,39.7742,344.0,577.96875,0.0,0.0,330.0,1.0050251256281408,0.05000000000000071,0.07439631624835794,0.00037198158124179494,6.882618500866551,2715.4167,2.8578296051697465,0.5951878886185455,-233.96875,0.0,0.0,0,0,1.0424242424242425,0,6.225,0,0,0,0,1,0.0,1,1,1,1,0,0,1,0,0.0,7.0,32.0,0.0,0.0,0.0,0.0,0,0,0,1,0,0,0,1,0,0,0,0,1,0,0.0,0,0,2,0,2,0,3,0,0,0,0.0,7,0.4375
E0000020820260302122949317174525,21386269700,2026-03-02 12:30:33,fraud,1,0,0,0,1,0,0,2290.0,7.736743682453495,1,2290.0,245.14801780883462,0.0,141.85829999999999,1099.7618689083945,4,1,73,389.6452,523.0,523.0,0.0,0.0,510.0,1.0,0.0,0.6257463299861998,0.0,1.0,0.0,0.0,1.0,0.0,0.0,0.0,0,0,1.0254901960784313,0,6.225,0,0,0,0,1,0.0,1,1,1,12,0,0,0,1,0.0,7.0,32.0,26.0,26.0,0.0,0.0,0,0,0,0,0,0,0,1,0,0,0,0,1,0,0.0,2,1,0,0,2,0,0,0,3,0,0.0,7,0.4375
E0000020820260302123546971167525,21386269700,2026-03-02 12:36:14,fraud,1,0,0,0,1,0,0,3990.0,8.291797105048733,2,2290.0,1202.0815280171307,5.6833,5.6833,1099.7618689083945,4,1,73,389.6452,440.0,481.5,0.0,0.0,425.0,1.74235807860262,1700.0,3.319242419922735,1.4142135623730951,1.0,0.0,0.0,0.9138110072689511,-41.5,0.0,0.0,0,0,1.035294117647059,0,5.683333333333334,1,1,0,1,0,1.0,0,1,1,12,0,0,0,1,0.0,7.0,32.0,26.0,26.0,0.0,0.0,0,0,0,0,0,0,0,1,0,0,0,0,1,1,0.0,2,1,0,0,0,0,0,2,3,0,0.0,8,0.5
E0000020820260302124347681457525,21386269700,2026-03-02 12:44:38,fraud,1,0,0,0,1,0,0,6529.0,8.784162222270476,3,3990.0,2133.293306916172,8.4,5.6833,1.9209969924494936,4,1,73,389.6452,520.0,494.3333333333333,0.0,0.0,507.0,1.6363408521303258,2539.0,3.060526172764371,1.1901785805864202,1.4780145338095825,2.7167000000000003,1.4142135623730951,1.0519217801753202,25.666666666666686,0.0,0.0,0,0,1.0256410256410255,0,8.4,2,1,1,2,0,2.0,0,1,1,12,0,0,0,1,0.0,7.0,32.0,26.0,26.0,0.0,0.0,0,0,0,0,0,0,0,1,0,0,0,0,1,2,0.0,2,1,0,0,0,0,0,3,3,0,0.0,10,0.625
E0000020820260302131632719616542,6996881757,2026-03-02 13:16:53,fraud,1,0,1,0,0,0,0,400.0,5.993961427306569,1,400.0,245.14801780883462,0.0,141.85829999999999,1099.7618689083945,2,0,75,58.2258,544.0,614.0,0.0,0.0,527.5,1.0,0.0,0.6257463299861998,0.0,1.0,0.0,0.0,0.9903709889194305,-5.666666666666657,0.0,0.0,0,0,1.0292595226805754,0,6.225,0,0,0,0,1,0.0,1,1,1,13,0,0,0,1,0.0,7.0,30.0,26.0,-1.0,0.0,0.0,1,1,1,1,1,1,1,1,0,0,0,1,1,0,0.0,2,1,2,0,2,2,0,0,0,0,0.0,8,0.5
E0000020820260302131754985409542,6996881757,2026-03-02 13:18:19,fraud,1,0,1,0,0,0,0,425.0,6.054439346269371,2,400.0,17.67766952966369,1.4333,1.4333,1099.7618689083945,2,0,75,58.2258,544.0,614.0,0.0,0.0,527.5,1.0625,25.0,24.041630560342615,1.414213562373095,1.0,0.0,0.0,0.9903709889194305,-5.666666666666657,0.0,0.0,0,0,1.0292595226805754,0,1.4333333333333333,1,1,0,1,0,1.0,0,1,1,13,0,0,0,1,0.0,7.0,30.0,26.0,-1.0,0.0,0.0,1,1,1,1,1,1,1,1,0,0,0,1,1,1,0.0,2,1,2,0,0,2,0,2,0,0,0.0,9,0.5625
E0000020820260302135838236496525,49811860106,2026-03-02 13:59:22,normal,0,0,0,0,0,1,0,25.0,3.258096538021482,64,60.0,249.8226036558659,1477.95,1366.0167,2107.666596467799,3,1,57,386.7742,810.0,599.875,0.0,0.0,795.0,0.4166666666666667,-35.0,0.10007100892454811,-0.14009941249436736,1.081941384757595,111.93330000000014,0.053107687993721196,1.3502813086059595,210.125,0.0,0.0,0,0,1.0188679245283019,1,6.225,0,0,0,0,1,0.0,1,1,1,13,0,0,0,1,0.0,7.0,32.0,26.0,26.0,0.0,0.0,0,0,0,0,0,0,0,1,0,0,0,0,1,0,0.0,0,0,0,0,2,0,0,0,3,0,0.0,5,0.3125
E0000020820260302173229657395525,4462088174,2026-03-02 17:32:42,normal,0,0,0,0,1,0,0,70.0,4.2626798770413155,115,17.8,97.6985838912492,76.45,249.0,1690.7777648161923,7,3,32,154.6452,669.0,841.375,0.0,0.0,655.0,3.932584269662921,52.2,0.7164894025272546,0.5342963830274671,0.3070281124497992,-172.55,-0.10205362501839989,0.7951270242163125,-172.375,0.0,0.0,0,0,1.0213740458015268,1,6.225,0,0,1,0,1,0.0,1,1,1,17,0,0,0,1,0.0,7.0,32.0,0.0,0.0,0.0,0.0,0,0,0,0,0,0,0,1,0,0,0,0,1,0,0.0,0,0,0,0,2,0,0,0,0,0,0.0,2,0.125
E0000020820260302180826685110525,21386269700,2026-03-02 18:09:21,fraud,1,0,0,0,1,0,0,3560.0,8.177796683277778,4,3560.0,1777.601450456954,324.7167,8.4,183.41480559710365,4,1,73,389.6452,835.0,579.5,0.0,0.0,810.0,1.0,0.0,2.002698635897748,0.0,38.656749999999995,316.3167,1.7245974171509035,1.4408973252804143,255.5,0.0,0.0,0,0,1.0308641975308641,1,324.71666666666664,0,0,0,0,1,0.0,1,2,2,18,0,0,0,1,0.0,7.0,32.0,26.0,26.0,0.0,0.0,0,0,0,0,0,0,0,1,0,0,0,0,1,0,0.0,2,1,0,0,2,0,0,0,3,0,0.0,7,0.4375
E0000020820260302201547680594525,36310344153,2026-03-02 20:15:48,fraud,1,0,1,0,0,0,0,1000.0,6.90875477931522,1,1000.0,245.14801780883462,0.0,141.85829999999999,1099.7618689083945,1,1,57,450.0645,638.0,638.0,0.0,0.0,626.0,1.0,0.0,0.6257463299861998,0.0,1.0,0.0,0.0,1.0,0.0,0.0,0.0,0,0,1.0191693290734825,1,6.225,0,0,0,0,1,0.0,1,1,1,20,0,0,0,0,0.0,7.0,30.0,26.0,26.0,0.0,0.0,0,0,0,1,0,0,0,1,0,0,0,0,1,0,0.0,0,0,0,0,2,2,0,0,3,0,0.0,7,0.4375
E0000020820260303123109702637525,342432168,2026-03-03 12:31:19,fraud,1,0,0,0,1,0,0,4998.89,8.517171191174233,1,4998.89,245.14801780883462,0.0,141.85829999999999,1099.7618689083945,1,1,85,396.1935,374.0,374.0,0.0,0.0,362.0,1.0,0.0,0.6257463299861998,0.0,1.0,0.0,0.0,1.0,0.0,0.0,0.0,0,0,1.0331491712707181,0,6.225,0,0,0,0,1,0.0,1,1,1,12,1,0,0,1,0.0,7.0,32.0,60.0,60.0,0.0,0.0,0,0,0,1,0,0,0,1,0,0,0,0,1,0,0.0,3,1,0,0,2,0,0,0,5,0,0.0,10,0.625
E0000020820260303153925863353525,16671350159,2026-03-03 15:39:26,fraud,1,0,1,0,0,0,0,5700.0,8.648396877031582,1,5700.0,245.14801780883462,0.0,141.85829999999999,1099.7618689083945,1,1,77,573.7097,854.0,854.0,0.0,0.0,839.0,1.0,0.0,0.6257463299861998,0.0,1.0,0.0,0.0,1.0,0.0,0.0,0.0,0,0,1.0178784266984506,1,6.225,0,0,0,0,1,0.0,1,1,1,15,1,0,0,1,0.0,7.0,30.0,26.0,26.0,0.0,0.0,0,0,0,1,0,0,0,1,0,0,0,0,1,0,0.0,3,1,0,0,2,2,0,0,3,0,0.0,10,0.625
E0000020820260303225801533705525,2795856166,2026-03-03 22:58:19,normal,0,0,0,0,1,0,0,36.0,3.6109179126442243,19,50.0,505.802835867821,20707.7167,3413.6167,6266.760122804253,3,1,37,143.0968,572.0,679.5263157894736,0.0,0.0,559.0,0.72,-14.0,0.07117397817320208,-0.027678769289578582,6.066210274867709,17294.100000000002,2.759655653176849,0.8417628378901713,-107.52631578947364,0.0,0.0,0,0,1.0232558139534884,1,6.225,0,0,0,0,1,0.0,1,1,1,22,1,0,1,0,0.0,7.0,32.0,0.0,0.0,0.0,0.0,0,0,0,1,0,0,0,1,0,0,0,0,1,0,0.0,0,0,0,0,2,0,3,0,0,0,0.0,5,0.3125
E0000020820260304111005556898525,9849211172,2026-03-04 11:10:06,normal,0,0,1,0,0,0,0,35.96,3.6098362467734835,68,35.0,151.7119725893559,20.0167,1463.8,1635.2500538966522,4,1,88,369.9355,463.0,755.4852941176471,0.0,0.0,452.0,1.0274285714285714,0.9600000000000009,0.23702809597851707,0.006327780092863643,0.01367447738762126,-1443.7833,-0.8829128588374577,0.6128511085589706,-292.4852941176471,0.0,0.0,0,0,1.0243362831858407,0,6.225,0,0,1,0,1,0.0,1,1,1,11,2,0,0,1,0.0,7.0,32.0,26.0,26.0,0.0,0.0,0,0,0,1,0,0,0,1,0,0,0,0,1,0,0.0,3,1,0,0,2,2,0,0,3,0,0.0,10,0.625
E0000020820260304121819727140525,56147651153,2026-03-04 12:18:41,normal,0,0,0,0,0,1,0,310.0,5.739792912179234,42,20.0,1533.6473632271611,6.7333,622.5833,5443.895488953979,8,1,52,38.0968,403.0,773.1666666666666,0.0,0.0,393.0,15.5,290.0,0.202132515878804,0.1890917084027521,0.010815098959448478,-615.85,-0.11312671252591092,0.521233024358698,-370.16666666666663,0.0,0.0,0,0,1.025445292620865,0,6.225,0,0,1,0,1,0.0,1,1,1,12,2,0,0,1,0.0,7.0,32.0,0.0,0.0,0.0,0.0,0,0,0,0,0,0,0,1,0,0,0,0,1,0,0.0,0,0,2,0,2,0,0,0,0,0,0.0,4,0.25
E0000020820260304122220003725525,18234089153,2026-03-04 12:23:45,fraud,1,0,1,0,0,0,0,3499.88,8.160769644446068,1,3499.88,245.14801780883462,0.0,141.85829999999999,1099.7618689083945,1,1,69,453.0968,807.0,807.0,0.0,0.0,790.0,1.0,0.0,0.6257463299861998,0.0,1.0,0.0,0.0,1.0,0.0,0.0,0.0,0,0,1.021518987341772,1,6.225,0,0,0,0,1,0.0,1,1,1,12,2,0,0,1,0.0,7.0,32.0,35.0,35.0,0.0,0.0,0,0,0,1,0,0,0,1,0,0,0,0,1,0,0.0,2,1,0,0,2,2,0,0,3,0,0.0,9,0.5625
E0000020820260304130824483227525,33578893153,2026-03-04 13:08:54,fraud,1,0,1,0,0,0,0,10000.0,9.210440366976517,1,10000.0,245.14801780883462,0.0,141.85829999999999,1099.7618689083945,1,1,60,9.6452,330.0,330.0,0.0,0.0,320.0,1.0,0.0,0.6257463299861998,0.0,1.0,0.0,0.0,1.0,0.0,0.0,0.0,0,0,1.03125,0,6.225,0,0,0,0,1,0.0,1,1,1,13,2,0,0,1,0.0,7.0,32.0,0.0,0.0,0.0,0.0,0,0,0,1,0,0,0,1,0,0,0,0,1,0,0.0,1,1,3,1,2,2,0,0,0,0,0.0,8,0.5
E0000020820260304140142689492525,36310344153,2026-03-04 14:01:43,fraud,1,0,1,0,0,0,0,1000.0,6.90875477931522,2,1000.0,0.0,2505.9167,2505.9167,1099.7618689083945,1,1,57,450.0645,599.0,618.5,0.0,0.0,585.0,1.0,0.0,0.6257463299861998,0.0,1.0,0.0,0.0,0.9684721099434115,-19.5,0.0,0.0,0,0,1.0239316239316238,1,2505.9166666666665,0,0,0,1,0,1.0,0,1,1,14,2,0,0,1,0.0,7.0,30.0,0.0,0.0,0.0,0.0,0,0,0,1,0,0,0,1,0,0,0,0,1,0,0.0,0,0,0,0,0,2,0,0,0,0,0.0,2,0.125
E0000020820260304190105776127525,24594377149,2026-03-04 19:01:47,fraud,1,0,0,0,0,1,0,2090.0,7.645397699428633,1,2090.0,245.14801780883462,0.0,141.85829999999999,1099.7618689083945,1,1,65,262.871,453.0,453.0,0.0,0.0,440.0,1.0,0.0,0.6257463299861998,0.0,1.0,0.0,0.0,1.0,0.0,0.0,0.0,0,0,1.0295454545454545,0,6.225,0,0,0,0,1,0.0,1,1,1,19,2,0,0,0,0.0,7.0,32.0,26.0,26.0,0.0,0.0,0,0,0,1,0,0,0,1,0,0,0,0,1,0,0.0,1,1,0,0,2,0,0,0,3,0,0.0,6,0.375
E0000020820260304204341795229525,72516143168,2026-03-04 20:43:42,normal,0,0,1,0,0,0,0,17.0,2.8903717578961645,769,15.0,63.16003804186192,311.2333,16.1167,543.7419652388569,32,2,46,260.2581,2178.0,1674.281207133059,0.0,0.0,2167.0,1.1333333333333333,2.0,0.26915753262739567,0.031665592073811255,19.311229966432332,295.1166,0.5427511924159838,1.3008567442081485,503.71879286694093,0.0,0.0,0,0,1.0050761421319796,1,6.225,0,0,0,0,1,0.0,1,1,1,20,2,0,0,0,0.0,7.0,32.0,26.0,26.0,0.0,0.0,0,0,0,1,0,0,0,1,0,0,0,0,1,0,0.0,0,0,0,0,2,2,0,0,3,0,0.0,7,0.4375
E0000020820260305111527432645525,79404499153,2026-03-05 11:15:50,normal,0,0,0,0,0,1,0,1017.66,6.9262433170942685,87,50.0,301.1360561365573,17.6833,1079.0,1769.1849020614795,4,5,50,308.3871,465.0,756.0930232558139,0.0,0.0,451.0,20.3532,967.66,3.3794026960973347,3.2133647907017537,0.016388600556070436,-1061.3167,-0.5998902086284699,0.6150036909448819,-291.09302325581393,0.0,0.0,0,0,1.0310421286031042,0,6.225,0,0,1,0,1,0.0,1,1,1,11,3,0,0,1,0.0,7.0,32.0,26.0,26.0,0.0,0.0,0,0,0,1,0,0,0,1,0,0,0,0,1,0,0.0,0,0,0,0,2,0,0,0,3,0,0.0,5,0.3125
E0000020820260305140227989752525,9709856499,2026-03-05 14:02:28,normal,0,0,1,0,0,0,0,84.0,4.442651256490317,915,54.0,99.41293422655583,31.3667,25.8167,301.89919525012687,38,3,33,46.4839,615.0,934.0526315789474,0.0,0.0,605.0,1.5555555555555556,30.0,0.8449604737404619,0.30177159776445067,1.2149771272083574,5.550000000000001,0.01838361972247645,0.6584211416013974,-319.0526315789474,0.0,0.0,0,0,1.0165289256198347,1,6.225,0,0,0,0,1,0.0,1,1,1,14,3,0,0,1,0.0,7.0,32.0,0.0,0.0,0.0,0.0,0,0,0,0,0,0,0,1,0,0,0,0,1,0,0.0,0,0,2,0,2,2,0,0,0,0,0.0,6,0.375
E0000020820260305141138140821525,9687661100,2026-03-05 14:11:38,normal,0,0,0,1,0,0,0,145.0,4.983606621708336,48,200.0,1256.8706059181666,1517.4167,1517.4167,3950.572508915808,5,2,71,576.4516,903.0,899.9565217391304,0.0,0.0,886.0,0.725,-55.0,0.11536589312952776,-0.04375947670430363,1.0,0.0,0.0,1.0033818058843422,3.0434782608696196,0.0,0.0,0,0,1.0191873589164786,1,6.225,0,0,0,0,1,0.0,1,1,1,14,3,0,0,1,0.0,7.0,32.0,26.0,26.0,0.0,0.0,0,0,0,1,0,0,0,1,0,0,0,0,1,0,0.0,2,1,0,0,2,1,0,0,3,0,0.0,8,0.5
E0000020820260305180325296516525,37165143149,2026-03-05 18:04:15,fraud,1,1,1,0,0,0,0,5200.0,8.556606193773073,1,5200.0,245.14801780883462,0.0,141.85829999999999,1099.7618689083945,1,1,60,462.6452,1090.0,1090.0,0.0,0.0,1032.0,1.0,0.0,0.6257463299861998,0.0,1.0,0.0,0.0,1.0,0.0,0.0,0.0,0,0,1.056201550387597,1,6.225,0,0,0,0,1,0.0,1,1,1,18,3,0,0,1,0.0,7.0,32.0,0.0,0.0,0.0,0.0,0,0,0,1,0,0,0,1,0,0,0,0,1,0,0.0,1,1,0,0,2,2,0,0,0,0,0.0,5,0.3125
E0000020820260305182008475698525,15178927168,2026-03-05 18:20:24,normal,0,0,0,1,0,0,0,520.0,6.255750041753367,87,450.0,319.92627800425896,272.8,746.45,2231.8549622246965,6,2,78,393.4194,773.0,736.0119047619048,0.0,0.0,755.0,1.1555555555555554,70.0,1.6253744557772074,0.21880040750847024,0.36546319244423603,-473.65000000000003,-0.2122225718143751,1.050254751314193,36.988095238095184,0.0,0.0,0,0,1.023841059602649,1,6.225,0,0,1,0,1,0.0,1,1,1,18,3,0,0,1,0.0,7.0,32.0,26.0,26.0,0.0,0.0,0,0,0,1,0,0,0,1,0,0,0,0,1,0,0.0,3,1,0,0,2,1,0,0,3,0,0.0,9,0.5625
E0000020820260305185001349465525,21354189,2026-03-05 18:50:03,normal,0,0,1,0,0,0,0,14.0,2.70805020110221,220,25.0,54.10133100323988,4042.0,189.45,1029.351453646988,9,2,42,9.7419,582.0,578.0418604651163,0.0,0.0,561.0,0.56,-11.0,0.25877367045113187,-0.20332216964017505,21.335444708366325,3852.55,3.7426964195274914,1.0068474963589986,3.958139534883685,0.0,0.0,0,0,1.0374331550802138,1,6.225,0,0,0,0,1,0.0,1,1,1,18,3,0,0,1,0.0,7.0,32.0,0.0,0.0,0.0,0.0,0,0,0,1,0,0,0,1,0,0,0,0,1,0,0.0,0,0,3,1,2,2,0,0,0,0,0.0,7,0.4375
E0000020820260306122337751573525,44386046000166,2026-03-06 12:24:11,fraud,1,0,0,0,1,0,0,2478.98,7.816005774610381,1,2478.98,245.14801780883462,0.0,141.85829999999999,1099.7618689083945,2,1,4,27.4194,10498.0,10498.0,0.0,0.0,10487.0,1.0,0.0,0.6257463299861998,0.0,1.0,0.0,0.0,1.0,0.0,0.0,0.0,0,0,1.001048917707638,1,6.225,0,0,0,0,1,0.0,1,1,1,12,4,0,0,1,0.0,7.0,32.0,0.0,0.0,0.0,0.0,0,0,0,0,0,0,0,1,0,0,0,0,1,0,0.0,0,0,3,1,2,0,0,0,0,0,0.0,5,0.3125
E0000020820260306123209286937525,44386046000166,2026-03-06 12:32:31,fraud,1,0,0,0,1,0,0,2874.98,7.964148764713837,2,2478.98,280.0142853498728,8.3333,8.3333,1099.7618689083945,2,1,4,27.4194,376.0,5437.0,0.0,0.0,363.0,1.159743120154257,396.0,10.267261887756064,1.4142135623730951,1.0,0.0,0.0,0.0691557844399485,-5061.0,0.0,0.0,0,0,1.0358126721763086,0,8.333333333333334,1,1,0,1,0,1.0,0,1,1,12,4,0,0,1,0.0,7.0,32.0,0.0,0.0,0.0,0.0,0,0,0,0,0,0,0,1,0,0,0,0,1,1,0.0,0,0,3,1,0,0,0,2,0,0,0.0,6,0.375
E0000020820260306135109783724525,8142125145,2026-03-06 13:51:21,normal,0,0,0,1,0,0,0,30.0,3.4339872044851463,238,20.0,123.66468694678936,0.7333,190.1167,962.521719802209,17,2,26,33.6452,507.0,916.7787234042552,0.0,0.0,497.0,1.5,10.0,0.24259148460795804,0.08086382820265269,0.0038571046099579887,-189.3834,-0.19675753398989987,0.5530233054682678,-409.7787234042552,0.0,0.0,0,0,1.0201207243460764,0,6.225,0,0,1,0,1,0.0,1,1,1,13,4,0,0,1,0.0,7.0,32.0,0.0,0.0,0.0,0.0,0,0,0,0,0,0,0,1,0,0,0,0,1,0,0.0,0,0,2,0,2,1,0,0,0,0,0.0,5,0.3125
E0000020820260306155549409445525,16689046168,2026-03-06 15:56:35,fraud,1,0,0,0,1,0,0,2988.0,8.002694162283937,1,2988.0,245.14801780883462,0.0,141.85829999999999,1099.7618689083945,1,1,69,379.2581,706.0,706.0,0.0,0.0,561.0,1.0,0.0,0.6257463299861998,0.0,1.0,0.0,0.0,1.0,0.0,0.0,0.0,0,0,1.2584670231729056,1,6.225,0,0,0,0,1,0.0,1,1,1,15,4,0,0,1,0.0,7.0,32.0,26.0,26.0,0.0,0.0,0,0,0,1,0,0,0,1,0,0,0,0,1,0,0.0,2,1,0,0,2,0,0,0,3,0,0.0,7,0.4375
E0000020820260306190155058560525,92284884415,2026-03-06 19:01:55,normal,0,0,1,0,0,0,0,290.83,5.676171440948019,248,136.0,1331.140416825664,15.5667,165.2167,719.1767733299523,10,3,47,265.129,661.0,904.869387755102,0.0,0.0,647.0,2.138455882352941,154.82999999999998,0.21848183431582277,0.11631379983880218,0.09421989423587325,-149.65,-0.20808514060748431,0.730492167095939,-243.86938775510203,0.0,0.0,0,0,1.0216383307573416,1,6.225,0,0,1,0,1,0.0,1,1,1,19,4,0,0,0,0.0,7.0,32.0,0.0,0.0,0.0,0.0,0,0,0,1,0,0,0,1,0,0,0,0,1,0,0.0,0,0,0,0,2,2,0,0,0,0,0.0,4,0.25
E0000020820260306194425775481525,87575574700,2026-03-06 19:44:30,fraud,1,0,1,0,0,0,0,8754.71,9.077461337948083,1,8754.71,245.14801780883462,0.0,141.85829999999999,1099.7618689083945,4,1,76,345.4839,516.0,516.0,0.0,0.0,500.0,1.0,0.0,0.6257463299861998,0.0,1.0,0.0,0.0,1.0,0.0,0.0,0.0,0,0,1.032,0,6.225,0,0,0,0,1,0.0,1,1,1,19,4,0,0,0,0.0,7.0,32.0,26.0,26.0,0.0,0.0,0,0,0,1,0,0,0,1,0,0,0,0,1,0,0.0,3,1,0,0,2,2,0,0,3,0,0.0,10,0.625
E0000020820260306194743015330525,87575574700,2026-03-06 19:47:48,fraud,1,0,1,0,0,0,0,8134.55,9.003998626464243,2,8134.55,438.5193414206486,3.3,3.3,1099.7618689083945,4,1,76,345.4839,465.0,490.5,0.0,0.0,451.0,1.0,0.0,18.55003698046001,0.0,1.0,0.0,0.0,0.9480122324159022,-25.5,0.0,0.0,0,0,1.0310421286031042,0,3.3,1,1,0,1,0,1.0,0,1,1,19,4,0,0,0,0.0,7.0,32.0,26.0,26.0,0.0,0.0,0,0,0,1,0,0,0,1,0,0,0,0,1,1,0.0,3,1,0,0,0,2,0,2,3,0,0.0,11,0.6875
E0000020820260306195449499606525,87575574700,2026-03-06 19:54:54,fraud,1,0,1,0,0,0,0,777.36,6.657189142089955,3,8134.55,4437.547298230558,7.1,3.3,2.6870057685088806,4,1,76,345.4839,417.0,466.0,0.0,0.0,406.0,0.09556275393230111,-7357.1900000000005,0.17517785113185544,-1.6579406382741273,2.1515151515151514,3.8,1.414213562373095,0.8948497854077253,-49.0,0.0,0.0,0,0,1.0270935960591132,0,7.1,2,1,1,2,0,2.0,0,1,1,19,4,0,0,0,0.0,7.0,32.0,26.0,26.0,0.0,0.0,0,0,0,1,0,0,0,1,0,0,0,0,1,2,0.0,3,1,0,0,0,2,0,3,3,0,0.0,13,0.8125
E0000020820260306200216623182525,87575574700,2026-03-06 20:02:18,fraud,1,0,1,0,0,0,0,1730.67,7.4568415397911805,4,1730.67,4177.385277462246,7.4,7.1,2.2854612955229268,4,1,76,345.4839,485.0,470.75,0.0,0.0,467.0,1.0,0.0,0.41429503985119104,0.0,1.0422535211267607,0.3000000000000007,0.13126452877923667,1.0302708443972384,14.25,0.0,0.0,0,0,1.0385438972162742,0,7.4,3,1,1,3,0,3.0,0,1,1,20,4,0,0,0,0.0,7.0,32.0,26.0,26.0,0.0,0.0,0,0,0,1,0,0,0,1,0,0,0,0,1,2,0.0,3,1,0,0,0,2,0,4,3,0,0.0,14,0.875
E0000020820260306233728499843525,55976140106,2026-03-06 23:37:29,normal,0,0,1,0,0,0,0,34.77,3.5771095532709265,156,35.0,104.05586012658397,323.0333,158.7667,1961.564206342888,20,2,52,356.5484,610.0,586.437908496732,0.0,0.0,593.0,0.9934285714285715,-0.22999999999999687,0.3341474469357352,-0.0022103512451889,2.0346413952044102,164.2666,0.0837426577569216,1.0401783226525494,23.562091503267993,0.0,0.0,0,0,1.0286677908937605,1,6.225,0,0,0,0,1,0.0,1,1,1,23,4,0,1,0,0.0,7.0,32.0,0.0,0.0,0.0,0.0,0,0,0,1,0,0,0,1,0,0,0,0,1,0,0.0,0,0,0,0,2,2,3,0,0,0,0.0,7,0.4375
