split,is_fraud,score_raw,score_calibrated
holdout,0,1.481e-05,0.0
holdout,0,1.36e-06,0.0
holdout,0,1.39e-06,0.0
holdout,0,1.334e-05,0.00087951
holdout,0,4.3e-07,0.0
holdout,0,0.0024721,0.00447305
holdout,0,5.22e-06,0.0
holdout,0,1.352e-05,0.0
holdout,0,1.13e-06,0.0
holdout,0,1.55e-06,0.0
holdout,0,1.393e-05,0.0
holdout,0,1.79e-06,0.0
holdout,0,4.71e-06,0.0
holdout,0,4.084e-05,0.0
holdout,0,0.00010037,0.0
holdout,0,5.09e-06,0.0
holdout,0,0.00021576,0.00121212
holdout,0,2.29e-06,0.0
holdout,0,5.66e-06,0.0
holdout,0,8.42e-06,0.0
holdout,0,6.1e-07,0.0
holdout,0,1.18e-06,0.0
holdout,0,1.044e-05,0.0
holdout,0,5.84e-06,0.0
holdout,0,3.16e-06,0.0
holdout,0,2.59e-06,0.0
holdout,0,1.39e-06,0.0
holdout,0,1.932e-05,0.0
holdout,0,2.89e-06,0.0
holdout,0,2.34e-06,0.0
holdout,0,2.93e-06,0.0
holdout,0,0.00070319,0.00087951
holdout,0,8.5e-07,0.0
holdout,0,7.11e-06,0.0
holdout,0,5.68e-06,0.0
holdout,0,1.01e-05,0.0
holdout,0,4.2e-07,0.0
holdout,0,1.98e-06,0.0
holdout,0,6.6e-07,0.0
holdout,0,0.00012255,0.0
holdout,0,2.05e-06,0.0
holdout,0,9.51e-06,0.0
holdout,0,1.67e-06,0.0
holdout,0,1.49e-06,0.0
holdout,0,0.0006201,0.00219298
holdout,0,7.86e-06,0.0
holdout,0,6.25e-06,0.0
holdout,0,3.14e-06,0.0
holdout,0,1.32e-06,0.0
holdout,0,1.09e-06,0.0
holdout,0,7.13e-06,0.0
holdout,0,1.16e-06,0.0
holdout,0,7.41e-06,0.0
holdout,0,2.43e-06,0.0
holdout,0,7.3e-07,0.0
holdout,0,9.5e-07,0.0
holdout,0,3.28e-06,0.0
holdout,0,2.13e-06,0.0
holdout,0,4.082e-05,0.0
holdout,0,8.3e-07,0.0
holdout,0,1.57e-06,0.0
holdout,0,1.016e-05,0.0
holdout,0,1.8e-06,0.0
holdout,0,9.13e-06,0.0
holdout,0,4.01e-06,0.0
holdout,0,1.84e-06,0.0
holdout,0,3.68e-06,0.0
holdout,0,4.84e-05,0.0
holdout,0,0.00115441,0.00261268
holdout,0,2.075e-05,0.00307249
holdout,0,5.15e-05,0.0
holdout,0,3.6e-07,0.0
holdout,0,1.33e-06,0.0
holdout,0,9.84e-06,0.0
holdout,0,4.35e-06,0.0
holdout,0,6.6e-07,0.0
holdout,0,0.00011798,0.0
holdout,0,3.398e-05,0.0
holdout,0,0.02971394,0.03263344
holdout,0,1.67e-06,0.0
holdout,0,3.94e-06,0.0
holdout,0,3.66e-06,0.0
holdout,0,1e-06,0.0
holdout,0,2.77e-06,0.0
holdout,0,2.32e-06,0.0
holdout,0,1.005e-05,0.0
holdout,0,3.05e-06,0.0
holdout,0,7.42e-06,0.0
holdout,0,1.73e-06,0.0
holdout,0,5.79e-06,0.0
holdout,0,3.55e-06,0.0
holdout,0,1.07e-06,0.0
holdout,0,1.77e-06,0.0
holdout,0,2.95e-06,0.0
holdout,0,1.12e-06,0.0
holdout,0,2.1e-07,0.0
holdout,0,1.312e-05,0.00121212
holdout,0,9.76e-06,0.0
holdout,0,2.478e-05,0.0
holdout,0,7.53e-06,0.0
holdout,0,2.52e-06,0.0
holdout,0,8.727e-05,0.0
holdout,0,3.071e-05,0.0
holdout,0,1.012e-05,0.0
holdout,0,1.724e-05,0.00087951
holdout,0,1.149e-05,0.0
holdout,0,3.85e-06,0.0
holdout,0,5.24e-06,0.0
holdout,0,3.01e-06,0.0
holdout,0,2.79e-06,0.0
holdout,0,8.47e-06,0.0
holdout,0,1.023e-05,0.0
holdout,0,6.1e-07,0.0
holdout,0,3.26e-06,0.0
holdout,0,9.9e-07,0.0
holdout,0,8.2e-07,0.0
holdout,0,1.15e-06,0.0
holdout,0,2.65e-06,0.0
holdout,0,1.575e-05,0.00717889
holdout,0,7.85e-06,0.0
holdout,0,3e-07,0.0
holdout,0,5.48e-06,0.0
holdout,0,3.74e-06,0.0
holdout,0,5.31e-06,0.0
holdout,0,1e-06,0.0
holdout,0,2.659e-05,0.0
holdout,0,7.48e-06,0.0
holdout,0,1.86e-06,0.0
holdout,0,9.2e-07,0.0
holdout,0,1.7e-06,0.0
holdout,0,1.05e-06,0.0
holdout,0,1.74e-06,0.0
holdout,0,4e-07,0.0
holdout,0,1.023e-05,0.0
holdout,0,1.39e-06,0.0
holdout,0,1.33e-06,0.0
holdout,0,1.03e-06,0.0
holdout,0,3.287e-05,0.0
holdout,0,1.67e-06,0.0
holdout,0,6.48e-06,0.0
holdout,0,3.8e-07,0.0
holdout,0,6.61e-06,0.0
holdout,0,1.25e-06,0.0
holdout,0,1.14e-05,0.0
holdout,0,5.58e-06,0.0
holdout,0,3.9e-07,0.0
holdout,0,2e-06,0.0
holdout,0,7.9e-07,0.0
holdout,0,4.3e-07,0.0
holdout,0,1.11e-06,0.0
holdout,0,1.02e-06,0.0
holdout,0,3.2e-07,0.0
holdout,0,1.028e-05,0.0
holdout,0,3.75e-06,0.0
holdout,0,2.21e-06,0.0
holdout,0,3.13e-06,0.0
holdout,0,3.33e-06,0.0
holdout,0,4.8e-07,0.0
holdout,0,2.12e-06,0.0
holdout,0,1.13e-06,0.0
holdout,1,0.4068006,0.13917834
holdout,0,2.7e-07,0.0
holdout,0,1.27e-06,0.0
holdout,0,1.44e-06,0.0
holdout,0,6.84e-06,0.0
holdout,0,7.35e-06,0.0
holdout,0,1.06e-06,0.0
holdout,0,9.27e-06,0.0
holdout,0,1.15e-06,0.0
holdout,0,5.8e-07,0.0
holdout,0,6.13e-06,0.0
holdout,0,3.65e-06,0.0
holdout,0,8.89e-06,0.0
holdout,0,0.00012759,0.00087951
holdout,0,1.94e-06,0.0
holdout,0,3.45e-06,0.0
holdout,0,8.27e-06,0.0
holdout,0,1.49e-06,0.0
holdout,0,3.57e-06,0.0
holdout,0,6.3e-07,0.0
holdout,0,7.9e-06,0.0
holdout,0,3.35e-06,0.0
holdout,0,8.2e-07,0.0
holdout,0,3.2e-07,0.0
holdout,1,0.99896733,0.3954934
holdout,0,3.881e-05,0.0
holdout,0,2.623e-05,0.00140056
holdout,0,1.43e-06,0.0
holdout,0,4.68e-06,0.0
holdout,0,7.03e-06,0.0
holdout,0,4.62e-06,0.0
holdout,0,2.22e-06,0.0
holdout,0,7.03e-06,0.0
holdout,0,3.22e-06,0.0
holdout,0,6.8e-07,0.0
holdout,0,2.14e-06,0.0
holdout,0,1.29e-06,0.0
holdout,0,2.51e-06,0.0
holdout,0,0.00594516,0.13005553
holdout,0,2.9e-06,0.0
holdout,0,1.39e-06,0.0
holdout,0,2.6e-07,0.0
holdout,0,2.17e-06,0.0
holdout,0,4.14e-06,0.0
holdout,0,1.12e-06,0.0
holdout,0,1.41e-06,0.0
holdout,0,2.83e-06,0.0
holdout,0,4.7e-07,0.0
holdout,0,1.91e-06,0.0
holdout,0,5.18e-06,0.0
holdout,1,0.94704451,0.21507577
holdout,0,7.5e-07,0.0
holdout,0,2.44e-06,0.0
holdout,0,6.5e-07,0.0
holdout,0,1.45e-06,0.0
holdout,0,5.81e-06,0.0
holdout,0,7.9e-07,0.0
holdout,0,1.69e-06,0.0
holdout,0,0.00010331,0.0
holdout,0,1.37e-06,0.0
holdout,0,1.2e-06,0.0
holdout,0,8.4e-07,0.0
holdout,0,5.2e-07,0.0
holdout,0,7.2e-07,0.0
holdout,0,1.52e-06,0.0
holdout,0,2e-06,0.0
holdout,0,3.33e-06,0.0
holdout,0,1.02e-06,0.0
holdout,0,4.7e-07,0.0
holdout,0,1.25e-06,0.0
holdout,0,2.92e-06,0.0
holdout,0,1.41e-06,0.0
holdout,0,2.24e-06,0.0
holdout,0,1.34e-06,0.0
holdout,0,6.3e-07,0.0
holdout,0,1.08e-06,0.0
holdout,0,1.54e-06,0.0
holdout,0,1.15e-06,0.0
holdout,0,3.1e-07,0.0
holdout,0,1.036e-05,0.0
holdout,0,9.8e-07,0.0
holdout,0,1.033e-05,0.0
holdout,0,4.51e-06,0.0
holdout,0,1.75e-06,0.0
holdout,0,9.5e-07,0.0
holdout,0,4.35e-06,0.0
holdout,0,2.355e-05,0.00087951
holdout,0,3.2e-06,0.0
holdout,0,9.8e-07,0.0
holdout,0,3.42e-06,0.0
holdout,0,7.7e-07,0.0
holdout,0,5.2e-07,0.0
holdout,0,6.1e-07,0.0
holdout,0,2.647e-05,0.0
holdout,0,5.9e-07,0.0
holdout,0,1.4e-06,0.0
holdout,0,5.77e-06,0.0
holdout,0,2.71e-06,0.0
holdout,0,7.75e-06,0.0
holdout,0,1.01e-06,0.0
holdout,0,1.55e-06,0.0
holdout,0,1.05e-06,0.0
holdout,0,5.01e-06,0.0
holdout,0,4.9e-07,0.0
holdout,0,8.5e-07,0.0
holdout,0,6.84e-05,0.0
holdout,0,1.71e-06,0.0
holdout,0,2.48e-06,0.0
holdout,0,2.04e-06,0.0
holdout,0,1.82e-06,0.0
holdout,0,1.29e-06,0.0
holdout,0,4.6e-07,0.0
holdout,0,2.3e-06,0.0
holdout,0,1.3e-06,0.0
holdout,0,1.62e-06,0.0
holdout,0,1.48e-06,0.0
holdout,0,1.77e-06,0.0
holdout,0,1.55e-06,0.0
holdout,0,5.84e-06,0.0
holdout,0,0.00042556,0.0
holdout,0,4.1e-07,0.0
holdout,0,2.131e-05,0.0
holdout,0,4.7e-07,0.0
holdout,0,1.32e-06,0.0
holdout,0,2.1e-06,0.0
holdout,0,3.71e-06,0.0
holdout,0,1.15e-06,0.0
holdout,0,5.71e-06,0.0
holdout,0,3.288e-05,0.0
holdout,0,4.83e-06,0.0
holdout,0,7.73e-06,0.0
holdout,0,3.31e-06,0.0
holdout,0,2.44e-06,0.0
holdout,0,5.2e-07,0.0
holdout,0,5.5e-07,0.0
holdout,0,2.9e-06,0.0
holdout,0,1.321e-05,0.0
holdout,0,1.03e-06,0.0
holdout,0,1.23e-06,0.0
holdout,0,1.14e-06,0.0
holdout,0,2.84e-06,0.0
holdout,0,1.179e-05,0.0
holdout,0,2.64e-06,0.0
holdout,0,1.57e-06,0.0
holdout,0,3.98e-06,0.0
holdout,0,2.7e-07,0.0
holdout,0,2.59e-06,0.0
holdout,0,1.44e-06,0.0
holdout,0,4.458e-05,0.0
holdout,0,2.97e-06,0.0
holdout,0,1.8e-06,0.0
holdout,0,2.3e-06,0.0
holdout,0,4.68e-06,0.0
holdout,0,3.25e-06,0.0
holdout,0,1e-06,0.0
holdout,0,1.55e-06,0.0
holdout,0,2.907e-05,0.0
holdout,0,8e-07,0.0
holdout,0,7.22e-06,0.0
holdout,0,1.64e-06,0.0
holdout,0,4.69e-06,0.0
holdout,0,6.7e-07,0.0
holdout,0,1.43e-06,0.0
holdout,0,1.47e-06,0.0
holdout,0,4.57e-06,0.0
holdout,0,6.18e-06,0.0
holdout,0,3.82e-06,0.0
holdout,0,5.6e-07,0.0
holdout,0,1.15e-06,0.0
holdout,0,2.63e-06,0.0
holdout,0,1.07e-06,0.0
holdout,0,3.21e-06,0.0
holdout,0,5.3e-07,0.0
holdout,0,9.9e-07,0.0
holdout,0,2.81e-06,0.0
holdout,0,1.51e-06,0.0
holdout,0,1.11e-06,0.0
holdout,0,3.25e-06,0.0
holdout,0,3.3e-06,0.0
holdout,0,2.96e-06,0.0
holdout,0,5.83e-06,0.0
holdout,0,1e-06,0.0
holdout,0,3.18e-06,0.0
holdout,0,7.04e-06,0.0
holdout,0,3.05e-06,0.0
holdout,0,4.62e-06,0.0
holdout,0,4.2e-07,0.0
holdout,0,1.21e-06,0.0
holdout,0,1.37e-06,0.0
holdout,0,2.428e-05,0.0
holdout,0,6.99e-06,0.0
holdout,0,6.18e-06,0.0
holdout,0,4.4e-07,0.0
holdout,0,6.73e-06,0.0
holdout,0,6.6e-07,0.0
holdout,0,1.57e-06,0.0
holdout,0,5.81e-06,0.0
holdout,0,4.32e-06,0.0
holdout,0,3.91e-06,0.0
holdout,0,8.86e-06,0.0
holdout,0,6.2e-07,0.0
holdout,0,1.16e-06,0.0
holdout,0,2.4e-07,0.0
holdout,0,1.26e-06,0.0
holdout,0,3.49e-06,0.0
holdout,0,1.154e-05,0.0
holdout,0,5.31e-06,0.0
holdout,0,1.79e-06,0.0
holdout,0,2.26e-06,0.0
holdout,0,6.6e-07,0.0
holdout,0,9.4e-07,0.0
holdout,0,1.99e-06,0.0
holdout,0,1.37e-06,0.0
holdout,0,6.808e-05,0.0
holdout,0,6.92e-06,0.0
holdout,0,3.59e-06,0.0
holdout,0,3.01e-06,0.0
holdout,0,1.37e-06,0.0
holdout,0,1.13e-06,0.0
holdout,0,3.89e-06,0.0
holdout,0,4.25e-06,0.0
holdout,0,3.48e-06,0.0
holdout,0,3.268e-05,0.0
holdout,0,6.5e-07,0.0
holdout,0,1.01e-06,0.0
holdout,0,2.4e-07,0.0
holdout,0,5.42e-06,0.0
holdout,0,3.26e-06,0.0
holdout,0,1.483e-05,0.0
holdout,0,7.4e-07,0.0
holdout,0,0.00023903,0.00261268
holdout,0,1.53e-05,0.0
holdout,0,1.744e-05,0.0
holdout,0,8.5e-07,0.0
holdout,0,7.3e-07,0.0
holdout,0,8e-07,0.0
holdout,0,2.66e-06,0.0
holdout,0,2.8e-06,0.0
holdout,0,1.35e-06,0.0
holdout,0,2.85e-06,0.0
holdout,0,2.23e-06,0.0
holdout,0,6.18e-06,0.0
holdout,0,3.38e-06,0.0
holdout,0,1.45e-06,0.0
holdout,0,3.07e-06,0.0
holdout,0,1.228e-05,0.0
holdout,0,6.9e-07,0.0
holdout,0,4.17e-06,0.0
holdout,0,1.102e-05,0.0
holdout,0,3.08e-06,0.0
holdout,0,1.37e-06,0.0
holdout,0,1.28e-06,0.0
holdout,0,8.9e-07,0.0
holdout,0,3.46e-06,0.0
holdout,0,1.83e-06,0.0
holdout,0,3.49e-06,0.0
holdout,0,4e-07,0.0
holdout,0,1.63e-06,0.0
holdout,0,6.4e-07,0.0
holdout,0,3.32e-06,0.0
holdout,0,1.92e-06,0.0
holdout,0,1.9e-07,0.0
holdout,0,6.7e-07,0.0
holdout,0,3.2e-07,0.0
holdout,0,2.61e-06,0.0
holdout,0,1.33e-06,0.0
holdout,0,2.35e-06,0.0
holdout,0,7.7e-07,0.0
holdout,0,3.416e-05,0.0
holdout,0,9.31e-06,0.0
holdout,0,3.2e-07,0.0
holdout,0,4.3e-07,0.0
holdout,0,2.36e-06,0.0
holdout,0,3.91e-06,0.0
holdout,0,4.99e-06,0.0
holdout,0,4.21e-06,0.0
holdout,0,2.016e-05,0.0
holdout,0,7.07e-06,0.0
holdout,0,2.64e-06,0.0
holdout,0,4.9e-07,0.0
holdout,0,1.87e-06,0.0
holdout,0,1.87e-06,0.0
holdout,0,5.3e-07,0.0
holdout,0,1.33e-06,0.0
holdout,0,1.6e-06,0.0
holdout,0,3.4e-07,0.0
holdout,0,6.4e-07,0.0
holdout,0,9.67e-06,0.0
holdout,0,1.7e-07,0.0
holdout,0,1.2e-06,0.0
holdout,0,2.33e-06,0.0
holdout,0,1.64e-06,0.0
holdout,0,0.00026173,0.00717889
holdout,0,3.26e-06,0.0
holdout,0,7.5e-06,0.0
holdout,0,1.6e-06,0.0
holdout,0,2.2e-06,0.0
holdout,0,2.13e-06,0.0
holdout,0,7.72e-06,0.0
holdout,0,1.89e-06,0.0
holdout,0,8.8e-07,0.0
holdout,0,1.16e-06,0.0
holdout,0,4.99e-06,0.0
holdout,0,2.93e-06,0.0
holdout,0,1.32e-06,0.0
holdout,0,1.32e-06,0.0
holdout,0,1.09e-06,0.0
holdout,0,8.44e-06,0.0
holdout,0,7.7e-07,0.0
holdout,0,2.3e-06,0.0
holdout,0,4.8e-07,0.0
holdout,0,4e-07,0.0
holdout,0,7e-07,0.0
holdout,0,1.9e-07,0.0
holdout,0,5.3e-07,0.0
holdout,0,1.32e-06,0.0
holdout,0,3.47e-06,0.0
holdout,0,1.28e-06,0.0
holdout,0,1.477e-05,0.0
holdout,0,3.14e-06,0.0
holdout,0,2.2e-07,0.0
holdout,0,3.8e-07,0.0
holdout,0,9e-07,0.0
holdout,0,2.75e-06,0.0
holdout,0,3.3e-07,0.0
holdout,0,3.3e-07,0.0
holdout,0,1.82e-06,0.0
holdout,0,5.5e-07,0.0
holdout,0,1.24e-06,0.0
holdout,0,3.8e-07,0.0
holdout,0,1.14e-06,0.0
holdout,0,3.2e-07,0.0
holdout,0,3.15e-06,0.0
holdout,0,1.9e-06,0.0
holdout,0,1.87e-06,0.0
holdout,0,2.22e-06,0.0
holdout,0,1.4e-06,0.0
holdout,0,4.21e-06,0.00087951
holdout,0,1.63e-06,0.0
holdout,0,1.78e-06,0.0
holdout,0,1.23e-06,0.0
holdout,0,7.5e-07,0.0
holdout,0,5.7e-07,0.0
holdout,0,4.43e-06,0.00087951
holdout,0,4.9e-07,0.0
holdout,0,2.32e-06,0.0
holdout,0,1.24e-06,0.0
holdout,0,1.45e-06,0.0
holdout,0,4.3e-07,0.0
holdout,0,2.74e-06,0.0
holdout,0,7.4e-07,0.0
holdout,0,6.7e-07,0.0
holdout,0,9.86e-06,0.0
holdout,0,3.8e-07,0.0
holdout,0,3.4e-07,0.0
holdout,0,5.1e-07,0.0
holdout,0,9.8e-07,0.0
holdout,0,1.14e-06,0.0
holdout,0,1.2e-06,0.0
holdout,0,3.1e-07,0.0
holdout,0,7.9e-07,0.0
holdout,0,9.47e-06,0.00087951
holdout,0,6.4e-07,0.0
holdout,0,9.5e-07,0.0
holdout,0,1.03e-06,0.0
holdout,0,4.89e-06,0.0
holdout,0,1.16e-06,0.0
holdout,0,1.33e-06,0.0
holdout,0,5.3e-07,0.0
holdout,0,3.64e-06,0.0
holdout,0,6.2e-07,0.0
holdout,0,4.2e-07,0.0
holdout,0,1.568e-05,0.00087951
holdout,0,1.69e-06,0.0
holdout,0,1.15e-06,0.0
holdout,0,2.25e-06,0.0
holdout,0,6.1e-07,0.0
holdout,0,1.83e-06,0.0
holdout,0,2.31e-06,0.0
holdout,0,3.13e-06,0.0
holdout,0,7.5e-07,0.0
holdout,0,1.07e-06,0.0
holdout,0,3.6e-07,0.0
holdout,0,1.61e-06,0.0
holdout,0,1.656e-05,0.0
holdout,0,6.28e-06,0.0
holdout,0,1.32e-06,0.0
holdout,0,1.29e-06,0.0
holdout,0,7e-07,0.0
holdout,0,3.2e-07,0.0
holdout,0,1.05e-06,0.0
holdout,0,2.93e-06,0.00011917
holdout,0,8.7e-07,0.0
holdout,0,1.476e-05,0.0
holdout,1,0.87852373,0.00717889
holdout,0,3e-07,0.0
holdout,0,1.69e-06,0.0
holdout,0,4.72e-06,0.0
holdout,0,8.2e-07,0.0
holdout,0,3.3e-07,0.0
holdout,0,5.3e-07,0.0
holdout,0,8.5e-07,0.0
holdout,0,8.3e-07,0.0
holdout,0,4.8e-07,0.0
holdout,0,3.18e-06,0.0
holdout,0,7.4e-07,0.0
holdout,0,1.22e-06,0.0
holdout,0,1.54e-06,0.0
holdout,0,7.3e-07,0.0
holdout,0,6.5e-07,0.0
holdout,0,5e-07,0.0
holdout,0,3.9e-07,0.0
holdout,0,0.00011903,0.03263344
holdout,0,1.37e-06,0.0
holdout,0,1.299e-05,0.0
holdout,0,1.7e-06,0.0
holdout,0,1.38e-06,0.0
holdout,0,7.5e-07,0.0
holdout,0,1.42e-06,0.0
holdout,0,5.69e-06,0.0
holdout,0,2.21e-06,0.0
holdout,0,1.4e-06,0.0
holdout,0,2.4e-07,0.0
holdout,0,6.28e-06,0.0
holdout,0,2.9e-06,0.0
holdout,0,2.32e-06,0.0
holdout,0,4.4e-07,0.0
holdout,0,1.07e-06,0.0
holdout,0,3.8e-07,0.0
holdout,0,1.112e-05,0.0
holdout,0,6.03e-06,0.0
holdout,0,2.4e-06,0.0
holdout,0,3.14e-05,0.0
holdout,0,9e-07,0.0
holdout,0,5.88e-06,0.0
holdout,0,9.8e-07,0.0
holdout,0,7.19e-06,0.0
holdout,0,4.4e-07,0.0
holdout,0,2.7e-07,0.0
holdout,0,5.1e-07,0.0
holdout,0,2.19e-05,0.0
holdout,0,6.9e-07,0.0
holdout,0,3.81e-06,0.0
holdout,0,4.3e-07,0.0
holdout,0,9.9e-07,0.0
holdout,0,6.9e-07,0.0
holdout,0,6.7e-07,0.0
holdout,0,1.54e-06,0.0
holdout,0,0.00020037,0.0
holdout,0,1.78e-06,0.0
holdout,0,1.21e-06,0.0
holdout,0,1.76e-06,0.0
holdout,0,6.98e-06,0.0
holdout,0,6.6e-07,0.0
holdout,0,4.24e-06,0.0
holdout,0,3.68e-06,0.00087951
holdout,0,8.09e-06,0.0
holdout,0,7e-07,0.0
holdout,0,9.7e-07,0.0
holdout,0,1.008e-05,0.0
holdout,0,5.4e-07,0.0
holdout,0,3.27e-06,0.0
holdout,0,8.39e-06,0.0
holdout,0,1.5e-06,0.0
holdout,0,6.9e-07,0.0
holdout,0,2.145e-05,0.0
holdout,0,2.08e-06,0.0
holdout,0,8.8e-07,0.0
holdout,0,1.14e-06,0.0
holdout,0,2.43e-06,0.0
holdout,0,1.82e-06,0.0
holdout,0,2.5e-07,0.0
holdout,0,2.43e-06,0.0
holdout,0,6.26e-06,0.0
holdout,0,4.15e-06,0.0
holdout,0,2.11e-06,0.0
holdout,0,1.39e-06,0.0
holdout,0,2.5e-07,0.0
holdout,0,2.86e-06,0.0
holdout,0,1.37e-06,0.0
holdout,0,1.14e-06,0.0
holdout,0,2.068e-05,0.00087951
holdout,0,8.6e-07,0.0
holdout,0,1.06e-06,0.0
holdout,0,3.03e-06,0.0
holdout,0,5.5e-07,0.0
holdout,0,5.2e-07,0.0
holdout,0,3.02e-06,0.0
holdout,0,3.81e-06,0.0
holdout,0,3.11e-06,0.0
holdout,0,1.608e-05,0.0
holdout,0,1.91e-06,0.0
holdout,0,4.79e-06,0.0
holdout,0,4.4e-07,0.0
holdout,0,1.05e-06,0.0
holdout,0,2.6e-07,0.0
holdout,0,2.373e-05,0.0
holdout,0,1.04e-06,0.0
holdout,0,1.474e-05,0.0
holdout,0,3.85e-06,0.0
holdout,0,1.055e-05,0.0
holdout,0,1.46e-06,0.0
holdout,0,1.84e-06,0.0
holdout,0,5.4e-07,0.0
holdout,0,0.00011011,0.0
holdout,0,1.46e-06,0.0
holdout,0,1.53e-06,0.0
holdout,0,3.9e-07,0.0
holdout,0,2.11e-06,0.0
holdout,0,5.4e-07,0.0
holdout,0,8.4e-07,0.0
holdout,0,4.1e-07,0.0
holdout,0,5.9e-07,0.0
holdout,0,3.21e-06,0.0
holdout,0,1.64e-06,0.0
holdout,0,8.3e-07,0.0
holdout,0,5.25e-06,0.0
holdout,0,6.93e-06,0.0
holdout,0,6.74e-06,0.0
holdout,0,9.9e-07,0.0
holdout,0,8e-07,0.0
holdout,0,3.4e-07,0.0
holdout,0,1.27e-06,0.0
holdout,0,9.83e-06,0.0
holdout,0,4.2e-06,0.0
holdout,0,4.26e-06,0.0
holdout,0,2.8e-07,0.0
holdout,0,2.1e-07,0.0
holdout,0,2.03e-06,0.0
holdout,0,2.4e-07,0.0
holdout,0,1.46e-06,0.0
holdout,0,5.1e-07,0.0
holdout,0,5.7e-07,0.0
holdout,0,1.17e-06,0.0
holdout,0,1.72e-06,0.0
holdout,0,1.14e-06,0.0
holdout,0,1.8e-06,0.0
holdout,0,1.638e-05,0.00087951
holdout,0,1.3e-06,0.0
holdout,0,2.52e-06,0.0
holdout,0,3.24e-06,0.0
holdout,0,1.938e-05,0.0
holdout,0,3.4e-06,0.0
holdout,0,7.6e-07,0.0
holdout,0,1.75e-06,0.0
holdout,0,1.01e-06,0.0
holdout,0,1.19e-06,0.0
holdout,0,3.07e-06,0.0
holdout,0,3.31e-06,0.0
holdout,0,3e-07,0.0
holdout,0,1.81e-06,0.0
holdout,0,1.71e-06,0.0
holdout,0,7.63e-06,0.0
holdout,0,9.7e-07,0.0
holdout,0,5.89e-05,0.00087951
holdout,0,1.55e-06,0.0
holdout,0,3.69e-06,0.0
holdout,0,2.537e-05,0.0
holdout,0,7.2e-07,0.0
holdout,0,1.369e-05,0.0
holdout,0,3.09e-06,0.0
holdout,0,1.806e-05,0.0
holdout,0,4.09e-06,0.0
holdout,0,6.12e-06,0.0
holdout,0,9.3e-07,0.0
holdout,0,1.29e-06,0.0
holdout,0,8.2e-07,0.0
holdout,0,1.22e-06,0.0
holdout,0,4.5e-07,0.0
holdout,0,1.357e-05,0.0
holdout,0,2.84e-06,0.0
holdout,0,9.2e-07,0.0
holdout,0,3.366e-05,0.0
holdout,0,9.4e-07,0.0
holdout,0,2.35e-06,0.0
holdout,0,0.00019315,0.0
holdout,0,2.03e-06,0.0
holdout,0,1.06e-06,0.0
holdout,0,0.00021913,0.00087951
holdout,0,5.12e-06,0.0
holdout,0,1.17e-06,0.0
holdout,0,1.37e-06,0.0
holdout,0,4.5e-07,0.0
holdout,0,3.09e-06,0.0
holdout,0,1.27e-06,0.0
holdout,0,2.01e-06,0.0
holdout,0,1.29e-06,0.0
holdout,0,5.73e-06,0.0
holdout,0,2.6e-07,0.0
holdout,0,1.82e-06,0.0
holdout,0,9e-07,0.0
holdout,0,5.8e-06,0.0
holdout,0,4.5e-07,0.0
holdout,0,6.88e-06,0.0
holdout,0,3.98e-06,0.0
holdout,0,8.58e-06,0.00087951
holdout,0,7.8e-07,0.0
holdout,0,8.87e-05,0.0
holdout,0,2.89e-06,0.0
holdout,0,7.59e-06,0.0
holdout,0,1.08e-06,0.0
holdout,0,1.57e-06,0.0
holdout,0,4.1e-07,0.0
holdout,0,8.4e-07,0.0
holdout,0,7.5e-07,0.0
holdout,0,1.402e-05,0.00140056
holdout,0,1.14e-06,0.0
holdout,0,2.97e-06,0.0
holdout,0,2.8e-07,0.0
holdout,0,1.82e-06,0.0
holdout,0,2.4e-07,0.0
holdout,0,2.2e-06,0.0
holdout,0,8.6e-07,0.0
holdout,0,9.1e-07,0.0
holdout,0,7.549e-05,0.00087951
holdout,0,1.46e-06,0.0
holdout,0,1.11e-06,0.0
holdout,0,5.7e-07,0.0
holdout,0,2.35e-06,0.0
holdout,0,8.34e-06,0.0
holdout,0,3.82e-06,0.0
holdout,0,6.4e-07,0.0
holdout,0,3.2e-07,0.0
holdout,0,3.46e-06,0.0
holdout,0,1e-06,0.0
holdout,0,8.8e-07,0.0
holdout,0,3.9e-07,0.0
holdout,0,3.78e-06,0.0
holdout,0,1.65e-06,0.0
holdout,0,2.047e-05,0.0
holdout,0,9.33e-06,0.0
holdout,0,1.22e-06,0.0
holdout,0,7.2e-07,0.0
holdout,0,4.91e-06,0.0
holdout,0,4.61e-06,0.0
holdout,0,7.3e-07,0.0
holdout,0,8.36e-06,0.0
holdout,0,1.93e-06,0.0
holdout,0,1.78e-06,0.0
holdout,0,4.95e-06,0.0
holdout,0,1.235e-05,0.0
holdout,0,5.76e-06,0.0
holdout,0,6.01e-06,0.0
holdout,0,2.56e-06,0.0
holdout,0,1.65e-06,0.0
holdout,0,3.2e-07,0.0
holdout,0,7.2e-07,0.0
holdout,0,4.88e-06,0.0
holdout,0,6.82e-06,0.0
holdout,0,7.96e-06,0.0
holdout,0,1.41e-06,0.0
holdout,0,5.381e-05,0.00087951
holdout,0,1.06e-06,0.0
holdout,0,4.3e-07,0.0
holdout,0,5.89e-06,0.0
holdout,0,2.73e-06,0.0
holdout,0,4.2e-07,0.0
holdout,0,2.49e-06,0.0
holdout,0,1.562e-05,0.0
holdout,0,1.12e-06,0.0
holdout,0,2.06e-06,0.0
holdout,0,1.88e-06,0.0
holdout,0,4.14e-06,0.0
holdout,0,1.072e-05,0.0
holdout,0,1.099e-05,0.0
holdout,0,6.446e-05,0.0
holdout,0,1.29e-06,0.0
holdout,0,3.192e-05,0.0
holdout,0,1.06e-06,0.0
holdout,0,1.77e-06,0.0
holdout,0,3.59e-06,0.0
holdout,0,9.3e-07,0.0
holdout,0,4.06e-06,0.0
holdout,0,1.65e-06,0.0
holdout,0,6.847e-05,0.0034051
holdout,0,1.73e-06,0.0
holdout,0,7.5e-07,0.0
holdout,0,1.8e-07,0.0
holdout,0,3e-06,0.0
holdout,0,1.97e-06,0.0
holdout,0,1.5e-06,0.0
holdout,0,1.42e-06,0.0
holdout,0,1.1e-06,0.0
holdout,0,3.43e-06,0.0
holdout,0,7.5e-07,0.0
holdout,0,4.8e-06,0.0
holdout,0,1.58e-06,0.0
holdout,0,0.00024244,0.0
holdout,0,1.2e-06,0.0
holdout,0,1.62e-06,0.0
holdout,0,6.9e-07,0.0
holdout,0,1.06e-06,0.0
holdout,0,5.98e-06,0.0
holdout,0,1.023e-05,0.0
holdout,0,2.58e-06,0.0
holdout,0,3.97e-06,0.0
holdout,0,8.1e-07,0.0
holdout,0,5e-07,0.0
holdout,0,7.9e-07,0.0
holdout,0,2.22e-06,0.0
holdout,0,4.5e-07,0.0
holdout,0,5.58e-06,0.0
holdout,0,1.18e-06,0.0
holdout,0,1.92e-06,0.0
holdout,0,3.03e-06,0.0
holdout,0,1.63e-06,0.0
holdout,0,2.01e-06,0.0
holdout,0,1.84e-06,0.0
holdout,0,1.01e-06,0.0
holdout,0,6.89e-06,0.0
holdout,0,4.3e-07,0.0
holdout,0,1.32e-06,0.0
holdout,0,4.03e-06,0.0
holdout,0,0.00026011,0.00456621
holdout,0,3.25e-06,0.0
holdout,0,1.039e-05,0.0
holdout,0,2.18e-06,0.0
holdout,0,9.8e-07,0.0
holdout,0,3.5e-07,0.0
holdout,0,1.293e-05,0.0
holdout,0,6.47e-06,0.0
holdout,0,2.933e-05,0.00544572
holdout,0,0.00753131,0.00717889
holdout,0,4.68e-06,0.0
holdout,0,1.53e-06,0.0
holdout,0,2.44e-06,0.0
holdout,0,7.45e-06,0.0
holdout,0,1.76e-06,0.0
holdout,0,1.17e-06,0.0
holdout,0,2.24e-06,0.0
holdout,0,1.62e-06,0.0
holdout,0,1.42e-06,0.0
holdout,0,1.194e-05,0.0
holdout,0,2.159e-05,0.0
holdout,0,1.44e-06,0.0
holdout,0,9.5e-07,0.0
holdout,0,2.29e-06,0.0
holdout,0,8.5e-07,0.0
holdout,0,2.7e-06,0.0
holdout,0,2.68e-06,0.0
holdout,0,0.00012967,0.0034051
holdout,0,1.04e-06,0.0
holdout,0,4.71e-06,0.0
holdout,0,2.91e-06,0.0
holdout,0,4.65e-06,0.0
holdout,0,5.9e-07,0.0
holdout,0,1.54e-06,0.0
holdout,0,1.48e-06,0.0
holdout,0,4.49e-06,0.0
holdout,0,1.47e-06,0.0
holdout,0,2.35e-06,0.0
holdout,0,6e-07,0.0
holdout,0,3.338e-05,0.0
holdout,0,5.3e-07,0.0
holdout,0,4.55e-06,0.0
holdout,0,8.3e-07,0.0
holdout,0,1.8e-06,0.0
holdout,0,1.91e-05,0.00228007
holdout,0,1.28e-06,0.0
holdout,0,1.207e-05,0.0
holdout,0,8.3e-07,0.0
holdout,0,7.69e-06,0.0
holdout,0,6.9e-06,0.0
holdout,0,4.3e-07,0.0
holdout,0,1.13e-06,0.0
holdout,0,7.73e-05,0.0
holdout,0,2.26e-06,0.0
holdout,0,3.834e-05,0.0
holdout,0,1.97e-06,0.0
holdout,0,9.29e-06,0.0
holdout,0,3.28e-06,0.0
holdout,0,4.46e-06,0.0
holdout,0,1.84e-06,0.0
holdout,0,8.248e-05,0.0
holdout,0,6.7e-07,0.0
holdout,0,1.701e-05,0.0
holdout,0,4.6e-06,0.0
holdout,0,1.67e-06,0.0
holdout,0,8.8e-07,0.0
holdout,0,2.2e-07,0.0
holdout,0,2.73e-06,0.0
holdout,0,1.354e-05,0.0
holdout,0,2.72e-06,0.0
holdout,0,9.83e-06,0.0
holdout,0,1.664e-05,0.0
holdout,0,1.75e-06,0.0
holdout,0,1.67e-06,0.0
holdout,0,8.84e-06,0.0
holdout,0,1.14e-06,0.0
holdout,0,8.96e-06,0.0
holdout,0,3.47e-06,0.0
holdout,0,1.9e-06,0.0
holdout,0,5.8e-07,0.0
holdout,0,6.367e-05,0.0
holdout,0,1.66e-05,0.0
holdout,0,2.86e-06,0.0
holdout,0,3.47e-06,0.0
holdout,0,6.47e-06,0.0
holdout,0,1.1e-06,0.0
holdout,0,3.02e-06,0.0
holdout,0,5.9e-07,0.0
holdout,0,1.284e-05,0.0
holdout,0,1.579e-05,0.0
holdout,0,1.44e-06,0.0
holdout,0,1.38e-06,0.0
holdout,0,1.81e-06,0.0
holdout,0,1.82e-06,0.0
holdout,0,4.2e-07,0.0
holdout,0,5.9e-07,0.0
holdout,0,4e-06,0.0
holdout,0,3.138e-05,0.00228007
holdout,0,1.252e-05,0.0
holdout,0,2.67e-06,0.0
holdout,0,1.19e-06,0.0
holdout,0,9.7e-07,0.0
holdout,0,2.52e-06,0.0
holdout,0,7.828e-05,0.0
holdout,0,2.97e-06,0.0
holdout,0,8.5e-07,0.0
holdout,0,4.64e-06,0.0
holdout,0,3.04e-06,0.00087951
holdout,0,1.051e-05,0.0
holdout,0,7e-07,0.0
holdout,0,1.94e-06,0.0
holdout,0,4.31e-06,0.0
holdout,0,7.39e-06,0.0
holdout,0,9.9e-07,0.0
holdout,0,5.5e-05,0.0
holdout,0,3.27e-06,0.0
holdout,0,9.6e-07,0.0
holdout,0,6.1e-07,0.0
holdout,0,9.4e-07,0.0
holdout,0,7.55e-06,0.0
holdout,0,1.57e-06,0.0
holdout,0,4.06e-06,0.0
holdout,0,1.48e-06,0.0
holdout,0,4.66e-06,0.0
holdout,0,1.59e-06,0.0
holdout,0,2.35e-05,0.0
holdout,0,1.05e-06,0.0
holdout,0,3.7e-07,0.0
holdout,0,2.13e-06,0.0
holdout,0,5.18e-06,0.0
holdout,0,2.3e-06,0.0
holdout,0,1.58e-06,0.0
holdout,0,1.34e-06,0.0
holdout,0,2.27e-06,0.0
holdout,0,5.46e-06,0.0
holdout,0,1.66e-06,0.0
holdout,0,5.31e-06,0.0
holdout,0,2.17e-06,0.0
holdout,0,9.7e-07,0.0
holdout,0,2.27e-06,0.0
holdout,0,1.69e-06,0.0
holdout,0,1.31e-06,0.0
holdout,0,3.55e-06,0.0
holdout,0,1.31e-06,0.0
holdout,0,6.7e-07,0.0
holdout,0,9.1e-07,0.0
holdout,0,1.277e-05,0.0
holdout,0,3.04e-06,0.0
holdout,0,8.9e-06,0.0
holdout,0,9.02e-06,0.0
holdout,0,4.74e-06,0.0
holdout,0,5.39e-06,0.0
holdout,0,7.89e-06,0.0
holdout,0,6.58e-06,0.0
holdout,0,2.53e-06,0.0
holdout,0,5.7e-07,0.0
holdout,0,6.7e-06,0.0
holdout,0,2.63e-06,0.0
holdout,0,1.611e-05,0.0
holdout,0,7.4e-07,0.0
holdout,0,7.2e-07,0.0
holdout,0,8.5e-07,0.0
holdout,0,1.8e-06,0.0
holdout,0,4.25e-06,0.0
holdout,0,6.942e-05,0.0
holdout,0,1.111e-05,0.0
holdout,0,6.5e-07,0.0
holdout,0,9.7e-07,0.0
holdout,0,9.9e-07,0.0
holdout,0,2.63e-06,0.0
holdout,0,9.1e-07,0.0
holdout,0,8.005e-05,0.0
holdout,0,1.03e-06,0.0
holdout,0,1.98e-06,0.0
holdout,0,7.4e-07,0.0
holdout,0,4.27e-06,0.0
holdout,0,2.19e-06,0.0
holdout,0,9.5e-07,0.0
holdout,0,1.24e-06,0.0
holdout,0,1.14e-06,0.0
holdout,0,3.811e-05,0.0
holdout,0,1.8e-06,0.0
holdout,0,5.51e-06,0.0
holdout,0,6.6e-07,0.0
holdout,0,3.61e-06,0.0
holdout,0,4.51e-06,0.0
holdout,0,3.5e-06,0.0
holdout,0,1.33e-06,0.0
holdout,0,1.74e-06,0.0
holdout,0,2.84e-06,0.0
holdout,0,1.99e-06,0.0
holdout,0,2.336e-05,0.0
holdout,0,8.3e-07,0.0
holdout,0,6.16e-06,0.0
holdout,0,1.02e-06,0.0
holdout,0,1.09e-06,0.0
holdout,0,4.88e-06,0.0
holdout,0,4.9e-07,0.0
holdout,0,1.34e-06,0.0
holdout,0,4.7e-07,0.0
holdout,0,7.45e-06,0.0
holdout,0,8e-07,0.0
holdout,0,3.76e-06,0.0
holdout,0,1.01e-06,0.0
holdout,0,4.56e-06,0.0
holdout,0,5.75e-06,0.0
holdout,0,4.25e-06,0.0
holdout,0,3.9e-07,0.0
holdout,0,2.457e-05,0.0
holdout,0,2.77e-06,0.0
holdout,0,1.711e-05,0.0
holdout,0,2.26e-06,0.0
holdout,0,2.05e-06,0.0
holdout,0,5.5e-06,0.0
holdout,0,7.56e-06,0.0
holdout,0,5.04e-06,0.0
holdout,0,2.66e-06,0.0
holdout,0,1.74e-06,0.0
holdout,0,9.2e-07,0.0
holdout,0,4.14e-06,0.0
holdout,0,5.1e-07,0.0
holdout,0,4.64e-06,0.0
holdout,0,2.66e-06,0.0
holdout,0,8.4e-07,0.0
holdout,0,1.011e-05,0.0
holdout,0,2.32e-06,0.0
holdout,0,1.1e-06,0.0
holdout,0,2.48e-06,0.0
holdout,0,2e-06,0.0
holdout,0,0.00014907,0.00087951
holdout,0,1.23e-06,0.0
holdout,0,6.2e-07,0.0
holdout,0,1.56e-06,0.0
holdout,0,1.06e-06,0.0
holdout,0,1.37e-06,0.0
holdout,0,2.397e-05,0.0
holdout,0,1.523e-05,0.0
holdout,0,8e-07,0.0
holdout,0,3.61e-06,0.0
holdout,0,1.4e-06,0.0
holdout,0,4.57e-06,0.0
holdout,0,4.86e-06,0.0
holdout,0,1.639e-05,0.0
holdout,0,5.5e-06,0.0
holdout,0,1.96e-06,0.0
holdout,0,1.82e-06,0.0
holdout,0,3.05e-06,0.0
holdout,0,1.345e-05,0.0
holdout,0,2.75e-06,0.0
holdout,0,2.36e-06,0.0
holdout,0,2.39e-06,0.0
holdout,0,5.68e-06,0.0
holdout,0,1.66e-05,0.0
holdout,0,1.74e-06,0.0
holdout,0,9.1e-07,0.0
holdout,0,5.55e-06,0.0
holdout,0,4.41e-06,0.0
holdout,0,8.27e-06,0.0
holdout,0,5.77e-06,0.0
holdout,0,1.357e-05,0.0
holdout,0,9.2e-07,0.0
holdout,0,9e-07,0.0
holdout,0,2.73e-06,0.0
holdout,0,5.75e-06,0.0
holdout,0,4.15e-06,0.0
holdout,0,2.95e-06,0.0
holdout,0,8.77e-06,0.0
holdout,0,6.7e-07,0.0
holdout,0,2.639e-05,0.0
holdout,0,2.789e-05,0.0
holdout,0,2.75e-06,0.0
holdout,0,1.35e-06,0.0
holdout,0,9.1e-07,0.0
holdout,0,1.52e-06,0.0
holdout,0,3.56e-06,0.0
holdout,0,7.13e-06,0.0
holdout,0,5.8e-07,0.0
holdout,0,1.115e-05,0.00087951
holdout,0,1.403e-05,0.0
holdout,0,1.094e-05,0.0
holdout,0,7.01e-06,0.0
holdout,0,2.03e-06,0.0
holdout,0,3.36e-06,0.0
holdout,0,2.48e-06,0.0
holdout,0,6.88e-06,0.0
holdout,0,2.96e-06,0.0
holdout,0,2.3e-07,0.0
holdout,0,2.81e-06,0.0
holdout,0,4.6e-06,0.0
holdout,0,4.99e-06,0.0
holdout,0,8.3e-07,0.0
holdout,0,8.44e-06,0.0
holdout,0,1.032e-05,0.0
holdout,0,3.22e-06,0.0
holdout,0,3.06e-06,0.0
holdout,0,1.91e-06,0.0
holdout,0,7.48e-06,0.0
holdout,0,2.38e-06,0.0
holdout,0,1.07e-06,0.0
holdout,0,2.49e-06,0.0
holdout,0,2.73e-06,0.0
holdout,0,1.04e-06,0.0
holdout,0,3.72e-06,0.0
holdout,0,1.41e-05,0.0
holdout,0,1.26e-06,0.0
holdout,0,2.08e-06,0.0
holdout,0,9.3e-06,0.0
holdout,0,6.42e-06,0.00140056
holdout,0,1.05e-06,0.0
holdout,0,3.53e-06,0.0
holdout,0,2.42e-06,0.0
holdout,0,3.59e-06,0.0
holdout,0,9.5e-07,0.0
holdout,0,3.14e-06,0.0
holdout,0,1.398e-05,0.0
holdout,0,8.4e-07,0.0
holdout,0,2.01e-06,0.0
holdout,0,1.05e-06,0.0
holdout,0,2.43e-06,0.0
holdout,0,7.75e-06,0.0
holdout,0,1.945e-05,0.0
holdout,0,7.4e-07,0.0
holdout,0,7.04e-06,0.0
holdout,0,7.6e-06,0.0
holdout,0,1.08e-06,0.0
holdout,0,4.062e-05,0.0
holdout,0,6.9e-07,0.0
holdout,0,4.943e-05,0.0
holdout,0,2.59e-06,0.0
holdout,0,5.185e-05,0.00219298
holdout,0,2.8e-07,0.0
holdout,0,6.09e-06,0.0
holdout,0,5.93e-06,0.0
holdout,0,3.63e-06,0.0
holdout,0,1.26e-06,0.0
holdout,0,6.28e-06,0.0
holdout,0,3.3e-07,0.0
holdout,0,2.94e-06,0.0
holdout,0,1.84e-06,0.0
holdout,0,8.65e-06,0.0
holdout,0,7.4e-07,0.0
holdout,0,2.34e-06,0.0
holdout,0,0.00286231,0.0034051
holdout,0,4.04e-06,0.0
holdout,0,1.701e-05,0.0
holdout,0,3e-06,0.0
holdout,0,1.01e-06,0.0
holdout,0,1.01e-06,0.0
holdout,0,1.5e-06,0.0
holdout,0,8.3e-07,0.0
holdout,0,4.36e-06,0.0
holdout,0,3.8e-07,0.0
holdout,0,1.418e-05,0.0
holdout,0,3.54e-06,0.0
holdout,0,4.25e-06,0.0
holdout,0,1.15e-06,0.0
holdout,0,8.88e-06,0.0
holdout,0,3.86e-06,0.0
holdout,0,3.83e-06,0.0
holdout,0,7.4e-07,0.0
holdout,0,1.125e-05,0.0
holdout,0,1.12e-05,0.0
holdout,0,1.75e-06,0.0
holdout,0,6.4e-07,0.0
holdout,0,1.83e-06,0.0
holdout,0,1.12e-06,0.0
holdout,0,8.25e-06,0.0
holdout,0,9.3e-06,0.0
holdout,0,1.11e-06,0.0
holdout,0,4.05e-06,0.0
holdout,0,2.46e-06,0.0
holdout,0,3.13e-06,0.0
holdout,0,3.082e-05,0.0
holdout,0,1.97e-06,0.0
holdout,0,1.34e-06,0.0
holdout,0,3.97e-06,0.0
holdout,0,1.62e-06,0.0
holdout,0,4.7e-07,0.0
holdout,0,5.47e-06,0.0
holdout,0,4.43e-06,0.0
holdout,0,1.11e-06,0.0
holdout,0,0.00128733,0.0034051
holdout,0,7.38e-06,0.0
holdout,0,8.5e-07,0.0
holdout,0,1.44e-06,0.0
holdout,0,1.89e-06,0.0
holdout,0,3.53e-06,0.0
holdout,0,9.1e-07,0.0
holdout,0,2.64e-06,0.0
holdout,0,0.00025659,0.00228007
holdout,0,4.33e-06,0.0
holdout,0,1.98e-06,0.0
holdout,0,5.4e-07,0.0
holdout,0,4.57e-06,0.0
holdout,0,3.43e-06,0.0
holdout,0,1.291e-05,0.0
holdout,0,1.05e-06,0.0
holdout,0,1.28e-06,0.0
holdout,0,5.02e-06,0.0
holdout,0,7.81e-06,0.0
holdout,0,3.6e-07,0.0
holdout,0,1.17e-06,0.0
holdout,0,8.98e-06,0.0
holdout,0,1.91e-06,0.0
holdout,0,8.487e-05,0.0
holdout,0,2.9e-06,0.0
holdout,0,1.98e-06,0.0
holdout,0,4.2e-06,0.0
holdout,0,1.77e-06,0.0
holdout,0,3.86e-06,0.0
holdout,0,7.79e-06,0.0
holdout,0,1.064e-05,0.0
holdout,0,1.847e-05,0.00121212
holdout,0,1.533e-05,0.0
holdout,0,5.51e-06,0.0
holdout,0,5.18e-06,0.0
holdout,0,2.07e-06,0.0
holdout,0,1.93e-06,0.0
holdout,0,7.3e-07,0.0
holdout,0,1.1e-06,0.0
holdout,0,1.276e-05,0.0
holdout,0,3.22e-06,0.0
holdout,0,1.25e-06,0.0
holdout,0,4.287e-05,0.0
holdout,0,5e-07,0.0
holdout,0,8.161e-05,0.0
holdout,0,1.12e-06,0.0
holdout,0,1.112e-05,0.0
holdout,0,1.3e-06,0.0
holdout,0,3.687e-05,0.0
holdout,0,2.78e-06,0.0
holdout,0,7.2e-07,0.0
holdout,0,4.5e-06,0.0
holdout,0,2.34e-06,0.0
holdout,0,4.36e-06,0.0
holdout,0,1.179e-05,0.0
holdout,0,8.994e-05,0.0
holdout,0,2.47e-06,0.00219298
holdout,0,2.73e-06,0.0
holdout,0,6.34e-06,0.0
holdout,0,5.01e-06,0.0
holdout,0,3.83e-06,0.00087951
holdout,0,4.13e-06,0.0
holdout,0,1.33e-06,0.0
holdout,0,1.82e-06,0.0
holdout,0,1.15e-06,0.0
holdout,0,1.04e-05,0.0
holdout,0,8.43e-06,0.0
holdout,0,1.36e-06,0.0
holdout,0,6.97e-06,0.0
holdout,0,1.972e-05,0.0
holdout,0,9.1e-07,0.0
holdout,0,1.62e-06,0.0
holdout,0,1.029e-05,0.0
holdout,0,8.61e-06,0.0
holdout,0,8.14e-06,0.0
holdout,0,2.9e-06,0.0
holdout,0,5.63e-06,0.0
holdout,0,1.384e-05,0.0
holdout,0,1.14e-06,0.0
holdout,0,2.15e-06,0.0
holdout,0,7.1e-07,0.0
holdout,0,2.86e-06,0.0
holdout,0,1.08e-06,0.0
holdout,0,2.68e-06,0.0
holdout,0,1.106e-05,0.0
holdout,0,2.469e-05,0.0
holdout,0,3.58e-06,0.0
holdout,0,6.958e-05,0.0
holdout,0,1.33e-06,0.0
holdout,0,9.09e-06,0.0
holdout,0,2.49e-06,0.0
holdout,0,7.12e-06,0.0
holdout,0,6.3e-07,0.0
holdout,0,2.008e-05,0.0
holdout,0,2.77e-06,0.0
holdout,0,2.16e-06,0.0
holdout,0,9.73e-06,0.0
holdout,0,1.06e-06,0.0
holdout,0,5.6e-07,0.0
holdout,0,8.2e-07,0.0
holdout,0,2.87e-06,0.0
holdout,0,1.91e-06,0.0
holdout,0,3.93e-06,0.0
holdout,0,2.66e-06,0.0
holdout,0,5.2e-07,0.0
holdout,0,2.93e-06,0.0
holdout,0,1.431e-05,0.0
holdout,0,1.56e-06,0.0
holdout,0,1.452e-05,0.0
holdout,0,1.721e-05,0.0
holdout,0,7.5e-06,0.0
holdout,0,9.35e-06,0.00228007
holdout,0,1.09e-06,0.0
holdout,0,5.147e-05,0.0
holdout,0,9.7e-07,0.0
holdout,0,9.8e-07,0.0
holdout,0,3.655e-05,0.0
holdout,0,3.05e-06,0.0
holdout,0,5.64e-06,0.0
holdout,0,2.24e-06,0.0
holdout,0,1.391e-05,0.0
holdout,0,1.26e-06,0.0
holdout,0,2.37e-06,0.0
holdout,0,2.82e-06,0.0
holdout,0,2.084e-05,0.0
holdout,0,1.38e-05,0.0
holdout,0,2.99e-06,0.0
holdout,0,7.02e-06,0.0
holdout,0,3.71e-06,0.0
holdout,0,7.7e-07,0.0
holdout,0,5.3e-07,0.0
holdout,0,3.4e-07,0.0
holdout,0,1.52e-06,0.0
holdout,0,5.26e-06,0.0
holdout,0,4.2e-07,0.0
holdout,0,1.428e-05,0.0
holdout,0,1.15e-06,0.0
holdout,0,3.05e-06,0.0
holdout,0,1.86e-06,0.0
holdout,0,1.68e-06,0.0
holdout,0,2.48e-06,0.0
holdout,0,2.12e-06,0.0
holdout,0,1.23e-06,0.0
holdout,0,1.87e-06,0.0
holdout,0,4.22e-06,0.0
holdout,0,3.19e-06,0.0
holdout,0,2.52e-06,0.0
holdout,0,1.016e-05,0.0
holdout,0,2.7e-07,0.0
holdout,0,9.1e-07,0.0
holdout,0,1.2e-06,0.0
holdout,0,1.7e-06,0.0
holdout,0,9.988e-05,0.0
holdout,0,1.88e-06,0.0
holdout,0,1.67e-06,0.0
holdout,0,3.53e-06,0.0
holdout,0,8.24e-06,0.00087951
holdout,0,3.4e-07,0.0
holdout,0,3.5e-07,0.0
holdout,0,3.69e-06,0.0
holdout,0,6.4e-07,0.0
holdout,0,9.5e-07,0.0
holdout,0,3.66e-06,0.0
holdout,0,3.9e-07,0.0
holdout,0,2.42e-06,0.0
holdout,0,1.17e-06,0.0
holdout,0,1.9e-07,0.0
holdout,0,1.06e-06,0.0
holdout,0,3.8e-07,0.0
holdout,0,3e-07,0.0
holdout,0,1.3e-06,0.0
holdout,0,9e-07,0.0
holdout,0,2.9e-07,0.0
holdout,0,4.72e-06,0.0
holdout,0,3.33e-06,0.0
holdout,0,1.36e-06,0.0
holdout,0,2.47e-06,0.0
holdout,0,4.1e-07,0.0
holdout,0,4.91e-06,0.0
holdout,0,0.00032615,0.00087951
holdout,0,2.8e-07,0.0
holdout,0,3.3e-07,0.0
holdout,0,1.16e-06,0.0
holdout,0,1.08e-06,0.0
holdout,0,2e-07,0.0
holdout,0,2.4e-07,0.0
holdout,0,4.16e-06,0.0
holdout,0,2.501e-05,0.0
holdout,0,6.7e-07,0.0
holdout,0,2.26e-06,0.0
holdout,0,9.1e-07,0.0
holdout,0,3.4e-07,0.0
holdout,0,6.5e-07,0.0
holdout,0,9.1e-07,0.0
holdout,0,8.6e-07,0.0
holdout,0,1.42e-06,0.0
holdout,0,4.3e-07,0.0
holdout,0,8.9e-07,0.0
holdout,0,4.4e-07,0.0
holdout,0,3.3e-07,0.0
holdout,0,5.9e-07,0.0
holdout,0,4.5e-07,0.0
holdout,0,1.76e-06,0.0
holdout,0,1.8e-07,0.0
holdout,0,7.8e-07,0.0
holdout,0,3.1e-07,0.0
holdout,0,9.5e-07,0.0
holdout,0,9.1e-07,0.0
holdout,0,9e-07,0.0
holdout,0,6.7e-07,0.0
holdout,0,4.7e-07,0.0
holdout,0,5.9e-07,0.0
holdout,0,1.11e-06,0.0
holdout,0,3.8e-07,0.0
holdout,0,1.5e-06,0.0
holdout,0,3.2e-07,0.0
holdout,0,4.4e-07,0.0
holdout,0,2.6e-07,0.0
holdout,0,4.12e-06,0.0
holdout,0,1.8e-07,0.0
holdout,0,2.13e-06,0.0
holdout,0,7.3e-07,0.0
holdout,0,2.53e-06,0.0
holdout,0,2.42e-06,0.0
holdout,0,1.92e-06,0.0
holdout,0,3.34e-06,0.0
holdout,0,5.6e-07,0.0
holdout,0,1.91e-05,0.0
holdout,0,2.52e-06,0.0
holdout,0,7.5e-07,0.0
holdout,0,1.4e-06,0.0
holdout,0,1.08e-06,0.0
holdout,0,6e-07,0.0
holdout,0,5.2e-07,0.0
holdout,0,1.87e-06,0.0
holdout,0,5.4e-07,0.0
holdout,0,3.5e-07,0.0
holdout,0,4.25e-06,0.0
holdout,0,4.16e-06,0.0
holdout,0,5.7e-07,0.0
holdout,0,1.324e-05,0.0
holdout,0,3.64e-06,0.0
holdout,0,1.27e-06,0.0
holdout,0,2.6e-07,0.0
holdout,0,1.9e-06,0.0
holdout,0,1.56e-06,0.0
holdout,0,5.06e-06,0.0
holdout,0,6.1e-07,0.0
holdout,0,1.8e-07,0.0
holdout,0,5.6e-07,0.0
holdout,0,8.5e-07,0.0
holdout,0,1.666e-05,0.0
holdout,0,2.55e-06,0.0
holdout,0,1.26e-06,0.0
holdout,0,9.9e-07,0.0
holdout,0,1.64e-06,0.0
holdout,0,4.27e-06,0.0
holdout,0,1.602e-05,0.0
holdout,0,1.52e-06,0.0
holdout,0,7.7e-07,0.0
holdout,0,5.1e-07,0.0
holdout,0,4.1e-07,0.0
holdout,0,1.82e-06,0.0
holdout,0,3.63e-06,0.0
holdout,0,4.63e-06,0.0
holdout,0,2.3e-06,0.0
holdout,0,1.78e-06,0.0
holdout,0,5.53e-06,0.0
holdout,0,3.4e-07,0.0
holdout,0,9.1e-07,0.0
holdout,0,4.144e-05,0.0
holdout,0,9.5e-07,0.0
holdout,0,8.6e-07,0.0
holdout,0,7.2e-07,0.0
holdout,0,4.3e-06,0.0
holdout,0,1.11e-06,0.0
holdout,0,2.24e-06,0.0
holdout,0,6.3e-07,0.0
holdout,0,1.06e-06,0.0
holdout,0,2.27e-06,0.0
holdout,0,0.00012396,0.00219298
holdout,0,2.5e-07,0.0
holdout,0,1.366e-05,0.0
holdout,0,1.3e-05,0.0
holdout,0,7.15e-06,0.0
holdout,0,1.7e-07,0.0
holdout,0,1.66e-06,0.0
holdout,0,1.98e-06,0.0
holdout,0,3.2e-07,0.0
holdout,0,1.12e-06,0.0
holdout,0,1.99e-06,0.0
holdout,0,1.38e-06,0.0
holdout,0,7.5e-07,0.0
holdout,0,4.41e-06,0.0
holdout,0,8.8e-07,0.0
holdout,0,6e-07,0.0
holdout,0,7.2e-07,0.0
holdout,0,3.691e-05,0.0
holdout,0,2.77e-06,0.0
holdout,0,1.63e-06,0.0
holdout,0,1.43e-06,0.0
holdout,0,8.2e-07,0.0
holdout,0,1.053e-05,0.0
holdout,0,2.536e-05,0.0
holdout,0,0.00089569,0.0
holdout,0,6.3e-07,0.0
holdout,0,2.08e-05,0.0
holdout,0,3.89e-06,0.0
holdout,0,4.4e-07,0.0
holdout,0,1.19e-06,0.0
holdout,0,1.18e-06,0.0
holdout,0,9.7e-07,0.0
holdout,0,3.52e-06,0.0
holdout,0,7.2e-07,0.0
holdout,0,1.23e-06,0.0
holdout,0,7.2e-07,0.0
holdout,0,1.52e-06,0.0
holdout,0,1.61e-06,0.0
holdout,0,3.26e-06,0.0
holdout,0,7.2e-07,0.0
holdout,0,4.5e-07,0.0
holdout,0,3.3e-07,0.0
holdout,0,2.4e-06,0.00087951
holdout,0,1.595e-05,0.0
holdout,0,3e-06,0.0
holdout,0,4.77e-06,0.0
holdout,0,1.15e-06,0.0
holdout,0,3.19e-06,0.0
holdout,0,8.97e-06,0.0
holdout,0,7.4e-07,0.0
holdout,0,7.3e-07,0.0
holdout,0,4.501e-05,0.00087951
holdout,0,4.7e-07,0.0
holdout,0,1.49e-06,0.0
holdout,0,5.14e-05,0.00717889
holdout,0,9.6e-06,0.0
holdout,0,1.186e-05,0.0
holdout,0,1.25e-06,0.0
holdout,0,2e-06,0.0
holdout,0,1.85e-06,0.0
holdout,0,5.5e-07,0.0
holdout,0,6.8e-07,0.0
holdout,0,3.84e-06,0.0
holdout,0,1.538e-05,0.0
holdout,0,3.61e-06,0.0
holdout,0,0.0002541,0.00684628
holdout,0,1.38e-06,0.0
holdout,0,9.2e-07,0.0
holdout,0,4.6e-07,0.0
holdout,0,2.56e-06,0.0
holdout,0,6.6e-07,0.0
holdout,0,3.6e-06,0.0
holdout,0,1.1e-06,0.0
holdout,0,9.55e-05,0.00359354
holdout,0,2.41e-05,0.0
holdout,0,4e-06,0.0
holdout,0,4.02e-06,0.0
holdout,0,1.65e-06,0.0
holdout,0,6.05e-06,0.0
holdout,0,7.85e-06,0.0
holdout,0,2.45e-06,0.0
holdout,0,1.77e-06,0.0
holdout,0,5.7e-07,0.0
holdout,0,1.91e-06,0.0
holdout,0,3.26e-06,0.0
holdout,0,1.9e-06,0.0
holdout,0,2.91e-06,0.0
holdout,0,1.05e-06,0.0
holdout,0,4.89e-06,0.0
holdout,0,4.862e-05,0.0
holdout,0,1.48e-06,0.0
holdout,0,3.13e-06,0.0
holdout,0,6.23e-06,0.0
holdout,0,2.44e-05,0.00261268
holdout,0,6.3e-07,0.0
holdout,0,5.5e-07,0.0
holdout,0,1.6e-06,0.0
holdout,0,5.834e-05,0.0
holdout,0,0.00094418,0.00596677
holdout,0,7.56e-06,0.0
holdout,0,6.9e-07,0.0
holdout,0,1.02e-06,0.0
holdout,0,4.13e-06,0.0
holdout,0,5.69e-06,0.0
holdout,0,1.994e-05,0.0
holdout,0,5.1e-07,0.0
holdout,0,5.6e-07,0.0
holdout,0,3.31e-06,0.0
holdout,0,5.45e-06,0.0
holdout,0,1.18e-06,0.0
holdout,0,2.53e-06,0.0
holdout,0,8.6e-07,0.0
holdout,0,6.52e-06,0.0
holdout,0,6.34e-06,0.0
holdout,0,3.18e-06,0.0
holdout,0,5.34e-06,0.0
holdout,0,2.11e-06,0.0
holdout,0,7.48e-06,0.0
holdout,0,1.68e-06,0.0
holdout,0,3.22e-06,0.0
holdout,0,9.2e-07,0.0
holdout,0,1.1e-06,0.0
holdout,0,1.84e-06,0.0
holdout,0,2.05e-06,0.0
holdout,0,1.12e-06,0.0
holdout,0,5.9e-07,0.0
holdout,0,6.21e-06,0.0
holdout,0,6e-07,0.0
holdout,0,3.88e-06,0.0
holdout,0,3.785e-05,0.00087951
holdout,0,7.3e-07,0.0
holdout,0,3.8e-07,0.0
holdout,0,1.737e-05,0.0
holdout,0,3.87e-06,0.0
holdout,0,1.59e-06,0.0
holdout,0,3.4e-07,0.0
holdout,0,8.95e-06,0.0
holdout,0,3.61e-06,0.0
holdout,0,5.8e-07,0.0
holdout,0,9e-07,0.0
holdout,0,5.79e-06,0.0
holdout,0,1.63e-06,0.0
holdout,0,2.63e-06,0.0
holdout,0,6.2e-07,0.0
holdout,0,1.26e-06,0.0
holdout,0,2.579e-05,0.0
holdout,0,5.87e-06,0.0
holdout,0,3.64e-06,0.0
holdout,0,4.4e-07,0.0
holdout,0,1.64e-06,0.0
holdout,0,2.19e-06,0.0
holdout,0,5.542e-05,0.00544572
holdout,0,2.18e-06,0.0
holdout,0,1.052e-05,0.0
holdout,0,2.21e-06,0.0
holdout,0,4.84e-06,0.0
holdout,0,0.00025668,0.00447305
holdout,0,2.24e-06,0.0
holdout,0,1.88e-06,0.0
holdout,0,2.086e-05,0.0
holdout,0,1.349e-05,0.0
holdout,0,6.7e-07,0.0
holdout,0,1.15e-06,0.0
holdout,0,1.889e-05,0.0
holdout,0,3.541e-05,0.0
holdout,0,0.00083687,0.00087951
holdout,0,2.22e-06,0.0
holdout,0,1.03e-06,0.0
holdout,0,1.371e-05,0.0
holdout,0,3.17e-06,0.0
holdout,0,1.35e-06,0.0
holdout,0,2.033e-05,0.0
holdout,0,7.9e-07,0.0
holdout,0,1.4e-06,0.0
holdout,0,3.78e-06,0.0
holdout,0,1.08e-05,0.0
holdout,0,4.32e-06,0.0
holdout,0,1.08e-06,0.0
holdout,0,8.76e-06,0.0
holdout,0,3.74e-06,0.0
holdout,0,0.00441729,0.00261268
holdout,0,1.314e-05,0.0
holdout,0,2.54e-06,0.0
holdout,0,6.4e-07,0.0
holdout,0,3.36e-06,0.0
holdout,0,7.8e-07,0.0
holdout,0,6.18e-06,0.00087951
holdout,0,8.26e-06,0.0
holdout,0,1.11e-06,0.0
holdout,0,1.51e-06,0.0
holdout,0,2.641e-05,0.0
holdout,0,0.00036593,0.00359354
holdout,0,5.24e-06,0.0
holdout,0,0.00038434,0.0
holdout,0,1.133e-05,0.0
holdout,0,4.9e-07,0.0
holdout,0,4.08e-06,0.0
holdout,0,1.01e-06,0.0
holdout,0,4.715e-05,0.0
holdout,0,1.98e-06,0.0
holdout,0,2.113e-05,0.0
holdout,0,3.46e-06,0.0
holdout,0,3.3e-07,0.0
holdout,0,2.916e-05,0.00087951
holdout,0,3.87e-06,0.0
holdout,0,7.78e-06,0.0
holdout,0,2.42e-06,0.0
holdout,0,4.821e-05,0.0034051
holdout,0,4.19e-06,0.0
holdout,0,5.9e-07,0.0
holdout,0,4.8e-07,0.0
holdout,0,2.34e-06,0.0
holdout,0,2.91e-06,0.00087951
holdout,0,1.47e-06,0.0
holdout,0,1.64e-05,0.0
holdout,0,7.3e-07,0.0
holdout,0,0.00028443,0.00087951
holdout,0,1.18e-06,0.0
holdout,0,0.00800642,0.00717889
holdout,0,1.748e-05,0.0
holdout,0,1.302e-05,0.0
holdout,0,1.24e-06,0.0
holdout,0,4.22e-06,0.0
holdout,0,9.7e-07,0.0
holdout,0,7.97e-06,0.0
holdout,0,6.287e-05,0.0
holdout,0,2.24e-06,0.0
holdout,0,1.03e-06,0.0
holdout,0,1.354e-05,0.0
holdout,0,1.12e-06,0.0
holdout,0,5.46e-06,0.0
holdout,0,1.83e-06,0.0
holdout,0,0.00022567,0.0
holdout,0,0.00266064,0.00307249
holdout,0,9.5e-07,0.0
holdout,0,2.01e-06,0.0
holdout,0,3.03e-06,0.0
holdout,0,1.41e-06,0.0
holdout,0,2.89e-06,0.0
holdout,0,5.28e-06,0.0
holdout,0,1.77e-06,0.0
holdout,0,4.56e-06,0.0
holdout,0,2.86e-06,0.0
holdout,0,2.13e-06,0.0
holdout,0,1.65e-06,0.0
holdout,0,6.91e-06,0.0
holdout,0,9e-06,0.0
holdout,0,2.189e-05,0.0
holdout,0,1.358e-05,0.0
holdout,0,2.81e-06,0.0
holdout,0,1.33e-06,0.0
holdout,0,0.00049621,0.0
holdout,0,7.9e-07,0.0
holdout,0,3.304e-05,0.0
holdout,0,3e-06,0.0
holdout,0,2.05e-06,0.0
holdout,0,1.039e-05,0.0
holdout,0,2.423e-05,0.0
holdout,0,6.55e-06,0.0
holdout,0,1.03e-06,0.0
holdout,0,1.36e-06,0.0
holdout,0,3.961e-05,0.0
holdout,0,6e-07,0.0
holdout,0,7.9e-07,0.0
holdout,0,4.65e-06,0.0
holdout,0,1.77e-06,0.0
holdout,0,9e-07,0.0
holdout,0,6e-07,0.0
holdout,0,9.2e-07,0.0
holdout,0,4.4e-07,0.0
holdout,0,3.82e-06,0.0
holdout,0,1.49e-06,0.0
holdout,0,0.00011786,0.0
holdout,0,7.84e-06,0.0
holdout,0,1.126e-05,0.0
holdout,0,2.46e-06,0.0
holdout,0,2.52e-06,0.0
holdout,0,6.3e-07,0.0
holdout,0,4.09e-06,0.0
holdout,0,6.93e-06,0.0
holdout,0,5e-07,0.0
holdout,0,9.36e-06,0.0
holdout,0,6.27e-06,0.0
holdout,0,1.3e-06,0.0
holdout,0,4.532e-05,0.00087951
holdout,0,4.36e-06,0.0
holdout,0,1.015e-05,0.0
holdout,0,7.7e-07,0.0
holdout,0,3.21e-06,0.0
holdout,0,9.47e-06,0.0
holdout,0,6.8e-07,0.0
holdout,0,1.103e-05,0.0
holdout,0,9.7e-07,0.0
holdout,0,7.1e-07,0.0
holdout,0,6.8e-06,0.0
holdout,0,6.9e-07,0.0
holdout,0,7.2e-07,0.0
holdout,0,4.36e-06,0.0
holdout,0,1.541e-05,0.0
holdout,0,3.06e-06,0.0
holdout,0,3.8e-06,0.0
holdout,0,9.8e-07,0.0
holdout,0,1.77e-06,0.0
holdout,0,1.487e-05,0.0
holdout,0,3.45e-06,0.0
holdout,0,5e-07,0.0
holdout,0,6.96e-06,0.0
holdout,0,1.96e-06,0.0
holdout,0,8.1e-06,0.0
holdout,0,5.5e-07,0.0
holdout,0,1.44e-06,0.0
holdout,0,0.00018447,0.00219298
holdout,0,3.1e-07,0.0
holdout,0,1.74e-06,0.0
holdout,0,8.6e-07,0.0
holdout,0,0.00355768,0.00596677
holdout,0,1.567e-05,0.0
holdout,0,1.13e-06,0.0
holdout,0,6.26e-06,0.0
holdout,0,1.271e-05,0.0
holdout,0,6.1e-07,0.0
holdout,0,8.8e-07,0.0
holdout,0,4.457e-05,0.0
holdout,0,1.31e-06,0.0
holdout,0,9.1e-07,0.0
holdout,0,8.26e-06,0.0
holdout,0,7.1e-07,0.0
holdout,0,6.6e-07,0.0
holdout,0,2.61e-05,0.0
holdout,0,1.71e-06,0.0
holdout,0,3.81e-06,0.0
holdout,0,5.49e-06,0.0
holdout,0,5.78e-06,0.0
holdout,0,1.17e-06,0.0
holdout,0,2.66e-06,0.0
holdout,0,2.1e-07,0.0
holdout,0,2.35e-06,0.0
holdout,0,8.28e-06,0.0
holdout,0,1.65e-06,0.0
holdout,0,1.2e-05,0.0
holdout,0,2.03e-06,0.0
holdout,0,6.7e-07,0.0
holdout,0,3.97e-06,0.0
holdout,0,8.88e-06,0.0
holdout,0,1.86e-06,0.0
holdout,0,6.3e-07,0.0
holdout,0,4.475e-05,0.0
holdout,0,1.397e-05,0.0
holdout,0,2.43e-06,0.0
holdout,0,1.84e-06,0.0
holdout,0,1.66e-06,0.0
holdout,0,1.76e-06,0.0
holdout,0,4.8e-07,0.0
holdout,0,8e-07,0.0
holdout,0,2.44e-06,0.0
holdout,0,2.53e-06,0.0
holdout,0,2.331e-05,0.0
holdout,0,2.84e-06,0.0
holdout,0,1.44e-06,0.0
holdout,0,8.7e-07,0.0
holdout,0,7e-07,0.0
holdout,0,5.48e-06,0.0
holdout,0,1.02e-06,0.0
holdout,0,0.00024013,0.0
holdout,0,7.9e-07,0.0
holdout,0,2.21e-06,0.0
holdout,0,8.54e-06,0.0
holdout,0,2.26e-06,0.0
holdout,0,2.33e-05,0.0
holdout,0,4.09e-05,0.0
holdout,0,8e-07,0.0
holdout,0,1.08e-06,0.0
holdout,0,2.13e-06,0.0
holdout,0,8.1e-07,0.0
holdout,0,9e-07,0.0
holdout,0,2.54e-06,0.0
holdout,0,8.3e-07,0.0
holdout,0,2.58e-06,0.0
holdout,0,1.69e-06,0.0
holdout,0,7.45e-05,0.00447305
holdout,0,1.4e-06,0.0
holdout,0,1.18e-06,0.0
holdout,0,6.83e-06,0.0
holdout,0,9.13e-06,0.0
holdout,0,1.069e-05,0.0
holdout,0,5.092e-05,0.0
holdout,0,1.05e-05,0.0
holdout,0,5.73e-06,0.0
holdout,0,7.9e-07,0.0
holdout,0,5.1e-07,0.0
holdout,0,1.11e-06,0.0
holdout,0,1.3e-06,0.0
holdout,0,1.8e-06,0.0
holdout,0,4.41e-06,0.0
holdout,0,9.33e-06,0.0
holdout,0,3.96e-06,0.0
holdout,0,8.92e-06,0.0
holdout,0,0.00010463,0.0
holdout,0,1.1e-05,0.0
holdout,0,5.64e-06,0.0
holdout,0,1.12e-06,0.0
holdout,0,2.09e-06,0.0
holdout,0,1.49e-06,0.0
holdout,0,4.3e-06,0.0
holdout,0,1.16e-06,0.0
holdout,0,9e-07,0.0
holdout,0,1.63e-06,0.0
holdout,0,7.22e-06,0.0
holdout,0,1.7e-06,0.0
holdout,0,2.91e-06,0.0
holdout,0,6.57e-06,0.0
holdout,0,4.5e-07,0.0
holdout,0,2.75e-06,0.0
holdout,0,0.00026324,0.0
holdout,0,1.12e-05,0.0
holdout,0,1.05e-06,0.0
holdout,0,4.25e-06,0.0
holdout,0,3.64e-06,0.0
holdout,0,3.41e-06,0.0
holdout,0,4.669e-05,0.0
holdout,0,6.3e-07,0.0
holdout,0,0.00104924,0.00684628
holdout,0,3.35e-06,0.0
holdout,0,1.2e-06,0.0
holdout,0,2.41e-06,0.0
holdout,0,2.149e-05,0.0
holdout,0,5.01e-06,0.0
holdout,0,3.93e-06,0.0
holdout,0,3.202e-05,0.0
holdout,0,1.59e-06,0.0
holdout,0,6.4e-07,0.0
holdout,0,4.5e-06,0.0
holdout,0,9.82e-06,0.0
holdout,0,0.0003228,0.00717889
holdout,0,1.834e-05,0.0
holdout,0,0.0002602,0.0211374
holdout,0,1.001e-05,0.0
holdout,0,3.3e-06,0.0
holdout,0,1.507e-05,0.0
holdout,0,7.1e-07,0.0
holdout,0,4.29e-06,0.0
holdout,0,0.00022328,0.0
holdout,0,0.00042233,0.00087951
holdout,0,5.25e-06,0.0
holdout,0,3.63e-06,0.0
holdout,0,8e-07,0.0
holdout,0,4.043e-05,0.00228007
holdout,0,4.82e-06,0.0
holdout,0,0.00016825,0.00219298
holdout,0,1.32e-06,0.0
holdout,0,1.172e-05,0.00121212
holdout,0,0.00033465,0.00577833
holdout,0,5.3e-07,0.0
holdout,0,1.85e-06,0.0
holdout,0,2.15e-06,0.0
holdout,0,1.08e-05,0.0
holdout,0,1.37e-06,0.0
holdout,0,6.332e-05,0.00087951
holdout,0,7.32e-06,0.0
holdout,0,1.79e-06,0.0
holdout,0,0.00028407,0.00261268
holdout,0,7.09e-06,0.0
holdout,0,1.13e-05,0.0
holdout,0,1.766e-05,0.0
holdout,0,5.3e-07,0.0
holdout,0,0.00033293,0.00219298
holdout,0,1.378e-05,0.0
holdout,0,1.26e-06,0.0
holdout,0,1.054e-05,0.0
holdout,0,2.52e-06,0.0
holdout,0,5.58e-06,0.0
holdout,0,6.88e-06,0.0
holdout,0,1.68e-05,0.0
holdout,0,1.809e-05,0.0
holdout,0,6.1e-07,0.0
holdout,0,1.692e-05,0.00228007
holdout,0,5.2e-06,0.0
holdout,0,1.38e-06,0.0
holdout,0,1.72e-06,0.0
holdout,0,2.905e-05,0.0
holdout,0,4.27e-06,0.0
holdout,0,3.07e-06,0.0
holdout,0,5.8e-07,0.0
holdout,0,3.884e-05,0.0
holdout,0,3.107e-05,0.00087951
holdout,0,0.00032186,0.00480566
holdout,0,1.49e-06,0.0
holdout,0,3.79e-06,0.0
holdout,0,2.8e-07,0.0
holdout,0,7.536e-05,0.0034051
holdout,0,6.66e-06,0.0
holdout,0,3.91e-06,0.0
holdout,0,4.55e-06,0.0
holdout,0,2.37e-05,0.0
holdout,0,0.00019942,0.00359354
holdout,0,2.58e-06,0.0
holdout,0,4.42e-06,0.0
holdout,0,1.39e-06,0.0
holdout,0,0.71749053,0.11372379
holdout,0,2.02e-06,0.0
holdout,0,9.2e-07,0.0
holdout,0,0.00011657,0.00140056
holdout,0,2.729e-05,0.0
holdout,0,7.06e-06,0.0
holdout,0,7.3e-07,0.0
holdout,0,4.42e-06,0.0
holdout,0,9.06e-06,0.0
holdout,0,3.4e-07,0.0
holdout,0,5.96e-06,0.0
holdout,0,3.33e-06,0.0
holdout,0,1.08e-06,0.0
holdout,0,7.61e-06,0.0
holdout,0,0.00011329,0.0
holdout,0,1.392e-05,0.0
holdout,0,1.97e-06,0.0
holdout,0,3.77e-06,0.0
holdout,0,3.62e-06,0.0
holdout,0,1.99e-06,0.0
holdout,0,2.74e-06,0.0
holdout,0,1.287e-05,0.00087951
holdout,0,0.00011986,0.0
holdout,0,7.32e-06,0.0
holdout,0,1.51e-06,0.0
holdout,0,1.03e-06,0.0
holdout,0,1.187e-05,0.0
holdout,0,5.13e-06,0.0
holdout,0,8.55e-06,0.0
holdout,0,8.36e-06,0.0
holdout,0,8.7e-07,0.0
holdout,0,0.00010425,0.0
holdout,0,7.8e-07,0.0
holdout,0,0.00056477,0.00140056
holdout,0,5.78e-06,0.0
holdout,0,8.959e-05,0.0
holdout,0,1.83e-06,0.0
holdout,0,1.42e-06,0.0
holdout,0,1.21e-06,0.0
holdout,0,2.727e-05,0.0
holdout,0,7.4e-07,0.0
holdout,0,2.89e-06,0.0
holdout,0,1.03e-05,0.0
holdout,0,2.18e-06,0.0
holdout,0,8.03e-06,0.0
holdout,0,2.7e-07,0.0
holdout,0,2.916e-05,0.0
holdout,0,9.39e-06,0.0
holdout,0,6.11e-05,0.0
holdout,0,2.49e-06,0.0
holdout,0,1.83e-06,0.0
holdout,0,1.471e-05,0.0
holdout,0,2.67e-06,0.0
holdout,0,2.385e-05,0.0
holdout,0,1.85e-06,0.0
holdout,0,3.74e-06,0.0
holdout,0,2.466e-05,0.0
holdout,0,2.95e-06,0.0
holdout,0,7.39e-06,0.0
holdout,0,1.925e-05,0.0
holdout,0,2.34e-06,0.0
holdout,0,2.437e-05,0.0
holdout,0,1.42e-06,0.0
holdout,0,2.39e-06,0.0
holdout,0,2.53e-06,0.0
holdout,0,2.594e-05,0.0
holdout,0,4.32e-06,0.0
holdout,0,5.2e-07,0.0
holdout,0,1.708e-05,0.0
holdout,0,8.4e-07,0.0
holdout,0,2.92e-06,0.0
holdout,0,5.5e-07,0.0
holdout,0,0.00059409,0.00717889
holdout,0,1.11e-06,0.0
holdout,0,1.99e-06,0.0
holdout,0,3.19e-06,0.0
holdout,0,1.135e-05,0.0
holdout,0,6.1e-07,0.0
holdout,0,5.59e-06,0.0
holdout,0,3.917e-05,0.0
holdout,0,2.86e-06,0.0
holdout,0,1.037e-05,0.0
holdout,0,1.264e-05,0.0
holdout,0,8.37e-06,0.00087951
holdout,0,0.0011617,0.00717889
holdout,0,2.3e-07,0.0
holdout,0,0.00012406,0.00219298
holdout,0,2.1e-06,0.0
holdout,0,7.6e-07,0.0
holdout,0,3.82e-05,0.0
holdout,0,3.042e-05,0.0
holdout,0,2.29e-06,0.0
holdout,0,3.26e-06,0.0
holdout,0,1.47e-06,0.0
holdout,0,4.92e-06,0.0
holdout,0,1.825e-05,0.0
holdout,0,7.17e-06,0.0
holdout,0,8.426e-05,0.0
holdout,0,0.00015178,0.0
holdout,0,3.704e-05,0.0
holdout,0,1.91e-06,0.0
holdout,0,3.22e-06,0.0
holdout,0,1.077e-05,0.0
holdout,0,1.042e-05,0.0
holdout,0,5.79e-06,0.0
holdout,0,1.94e-06,0.0
holdout,0,4.84e-06,0.0
holdout,0,1.767e-05,0.0
holdout,0,1.3e-06,0.0
holdout,0,4.1e-07,0.0
holdout,0,1.36e-05,0.0
holdout,0,6.5e-07,0.0
holdout,0,1.83e-06,0.0
holdout,0,8.45e-06,0.0
holdout,0,2.7e-06,0.0
holdout,0,7.78e-06,0.0
holdout,0,8e-07,0.0
holdout,0,2.79e-06,0.0
holdout,0,3.45e-06,0.0
holdout,0,3.92e-06,0.0
holdout,0,4.87e-06,0.0
holdout,0,7.448e-05,0.00121212
holdout,0,2.11e-06,0.0
holdout,0,1.703e-05,0.0
holdout,0,1.33e-05,0.0
holdout,0,2.486e-05,0.0
holdout,0,4.6e-07,0.0
holdout,0,1.77e-06,0.0
holdout,0,1.074e-05,0.0
holdout,0,5.89e-06,0.0
holdout,0,3.19e-06,0.0
holdout,0,5.81e-06,0.0
holdout,0,0.00059972,0.0
holdout,0,4.005e-05,0.0
holdout,0,2.91e-06,0.0
holdout,0,6.1e-07,0.0
holdout,0,9.69e-06,0.0
holdout,0,2.78e-06,0.0
holdout,0,2.29e-06,0.0
holdout,0,1.11e-06,0.0
holdout,0,8.226e-05,0.0
holdout,0,2.59e-06,0.0
holdout,0,4.9e-07,0.0
holdout,0,0.00031473,0.00219298
holdout,0,1.002e-05,0.0
holdout,0,6.9e-07,0.0
holdout,0,1.34e-06,0.0
holdout,0,1.078e-05,0.0
holdout,0,4.36e-06,0.0
holdout,0,2.587e-05,0.0
holdout,0,4.17e-06,0.00219298
holdout,0,0.00027405,0.00386023
holdout,0,6.06e-06,0.0
holdout,0,3.93e-06,0.0
holdout,0,3.64e-06,0.0
holdout,0,3.15e-06,0.0
holdout,0,2.7e-06,0.0
holdout,0,7.61e-06,0.0
holdout,0,1.853e-05,0.0
holdout,0,6.8e-07,0.0
holdout,0,5.3e-07,0.0
holdout,0,2.98e-06,0.0
holdout,0,4.91e-06,0.0
holdout,0,6.53e-06,0.0
holdout,0,5.62e-06,0.0
holdout,0,3.72e-06,0.0
holdout,0,2.39e-06,0.0
holdout,0,4.426e-05,0.0
holdout,0,7.1e-07,0.0
holdout,0,1.25e-06,0.0
holdout,0,1.801e-05,0.0
holdout,0,7.94e-06,0.0
holdout,0,1.79e-06,0.0
holdout,0,5.62e-06,0.0
holdout,0,4.67e-06,0.0
holdout,0,1.703e-05,0.0
holdout,0,1.181e-05,0.0
holdout,0,7.91e-06,0.0
holdout,0,1.76e-05,0.0
holdout,0,3.38e-06,0.0
holdout,0,2.45e-06,0.0
holdout,0,1.82e-06,0.0
holdout,0,1.12e-06,0.0
holdout,0,3.84e-06,0.0
holdout,0,2.5e-07,0.0
holdout,0,9.653e-05,0.0
holdout,0,6.34e-06,0.0
holdout,0,1.28e-06,0.0
holdout,0,4.7e-07,0.0
holdout,0,2.31e-06,0.0
holdout,0,9.1e-07,0.0
holdout,0,8.22e-06,0.0
holdout,0,3.38e-06,0.0
holdout,0,0.00018413,0.00140056
holdout,0,2.95e-06,0.0
holdout,0,1.47e-06,0.0
holdout,0,4.84e-06,0.0
holdout,0,9.61e-06,0.0
holdout,0,4.66e-06,0.0
holdout,0,3.827e-05,0.0
holdout,0,7.12e-06,0.0
holdout,0,2.37e-06,0.0
holdout,0,8.07e-06,0.0
holdout,0,8e-06,0.0
holdout,0,5.26e-06,0.0
holdout,0,1.07e-06,0.0
holdout,0,2.27e-05,0.00544572
holdout,0,8.9e-07,0.0
holdout,0,7.29e-06,0.0
holdout,0,2.78e-06,0.0
holdout,0,2.723e-05,0.0
holdout,0,0.00022978,0.0
holdout,0,1.05e-06,0.0
holdout,0,0.98930033,0.00717889
holdout,0,2.61e-06,0.0
holdout,0,7.48e-06,0.0
holdout,0,8.87e-06,0.0
holdout,0,1.836e-05,0.0
holdout,0,0.00050869,0.00684628
holdout,0,1.7e-06,0.0
holdout,0,2.19e-06,0.0
holdout,0,4.3e-07,0.0
holdout,0,2.13e-06,0.0
holdout,0,8.7e-07,0.0
holdout,0,1.16e-06,0.0
holdout,0,1.843e-05,0.0
holdout,0,3.87e-06,0.0
holdout,0,1.02e-06,0.0
holdout,0,1.76e-06,0.0
holdout,0,7.81e-06,0.0
holdout,0,8.5e-07,0.0
holdout,0,8.18e-06,0.00087951
holdout,0,9.66e-06,0.0
holdout,0,0.00115149,0.00596677
holdout,0,4.47e-06,0.0
holdout,0,2.79e-06,0.0
holdout,0,3.6e-07,0.0
holdout,0,5.99e-06,0.0
holdout,0,0.00014951,0.00307249
holdout,0,1.43e-06,0.0
holdout,0,2.19e-06,0.0
holdout,0,1.26e-06,0.0
holdout,0,9.1e-07,0.0
holdout,0,4.7e-07,0.0
holdout,0,5.05e-06,0.0
holdout,0,6.25e-06,0.0
holdout,0,7.7e-07,0.0
holdout,0,2.634e-05,0.0
holdout,0,6.9e-07,0.0
holdout,0,0.00014923,0.0
holdout,0,1.12e-06,0.0
holdout,0,3.47e-06,0.0
holdout,0,3.05e-06,0.0
holdout,0,1.68e-06,0.0
holdout,0,6.92e-06,0.0
holdout,0,1.663e-05,0.0
holdout,0,4.7e-07,0.0
holdout,0,1.14e-06,0.0
holdout,0,8.35e-06,0.0
holdout,0,8.2e-07,0.0
holdout,0,2.886e-05,0.0
holdout,0,1.05e-06,0.0
holdout,0,1.003e-05,0.0
holdout,0,2.59e-06,0.0
holdout,0,1.774e-05,0.0
holdout,0,2.72e-06,0.0
holdout,0,1.2e-06,0.0
holdout,0,8.2e-07,0.0
holdout,0,9.67e-06,0.0
holdout,0,2.44e-06,0.0
holdout,0,1.85e-06,0.0
holdout,0,1.545e-05,0.0
holdout,0,1.02e-06,0.0
holdout,0,1.07e-06,0.0
holdout,0,1.65e-06,0.0
holdout,0,1.43e-06,0.0
holdout,0,4.1e-07,0.0
holdout,0,7.44e-06,0.0
holdout,0,3.4e-06,0.0
holdout,0,1.97e-06,0.0
holdout,0,1.84e-06,0.0
holdout,0,0.00015086,0.00447305
holdout,0,4.89e-06,0.0
holdout,0,9.1e-07,0.0
holdout,0,2.68e-06,0.0
holdout,0,1.071e-05,0.0
holdout,0,2.36e-06,0.0
holdout,0,5.22e-06,0.0
holdout,0,1.3e-06,0.0
holdout,0,2.83e-06,0.0
holdout,0,5.43e-06,0.0
holdout,0,5.06e-06,0.0
holdout,0,2.61e-06,0.0
holdout,0,1.15e-06,0.0
holdout,0,1.47e-06,0.0
holdout,0,1.33e-06,0.0
holdout,0,5.06e-06,0.0
holdout,0,1.42e-06,0.0
holdout,0,5.4e-07,0.0
holdout,0,2.93e-06,0.0
holdout,0,6.1e-07,0.0
holdout,0,4.7e-07,0.0
holdout,0,3.077e-05,0.0
holdout,0,3.6e-07,0.0
holdout,0,2.33e-06,0.0
holdout,0,5.67e-06,0.0
holdout,0,1.75e-06,0.0
holdout,0,2.42e-06,0.0
holdout,0,8.5e-07,0.0
holdout,0,2.59e-06,0.0
holdout,0,2.43e-06,0.00058271
holdout,0,5.67e-06,0.0
holdout,0,2.95e-06,0.0
holdout,0,2.061e-05,0.0
holdout,0,9.7e-07,0.0
holdout,0,5.7e-07,0.0
holdout,0,2.88e-06,0.0
holdout,0,0.00024018,0.00717889
holdout,0,3.3e-07,0.0
holdout,0,5.02e-06,0.0
holdout,0,1.83e-06,0.0
holdout,0,4.7e-07,0.0
holdout,0,5.63e-05,0.00087951
holdout,0,1.277e-05,0.0
holdout,0,9.3e-07,0.0
holdout,0,1.6e-07,0.0
holdout,0,1.52e-06,0.0
holdout,0,3.23e-06,0.0
holdout,0,1.63e-06,0.0
holdout,0,1.74e-06,0.0
holdout,0,1.54e-06,0.0
holdout,0,8.72e-06,0.00480566
holdout,0,7.023e-05,0.0
holdout,0,6.37e-06,0.0
holdout,0,3.6e-07,0.0
holdout,0,1.4e-07,0.0
holdout,0,1.782e-05,0.0
holdout,0,3.23e-06,0.0
holdout,0,7.18e-06,0.0
holdout,0,4.188e-05,0.0
holdout,0,1.55e-06,0.0
holdout,0,3.75e-06,0.0
holdout,0,1.081e-05,0.0
holdout,0,0.00196827,0.03263344
holdout,0,3.3e-07,0.0
holdout,0,1.572e-05,0.0
holdout,0,3.03e-06,0.0
holdout,0,1.205e-05,0.0
holdout,0,4.068e-05,0.0
holdout,0,5.5e-07,0.0
holdout,0,1.127e-05,0.0
holdout,0,4.52e-06,0.0
holdout,0,6.4e-07,0.0
holdout,0,2.745e-05,0.0
holdout,0,7.95e-06,0.0
holdout,0,0.0001172,0.0
holdout,0,7.7e-07,0.0
holdout,0,9.3e-07,0.0
holdout,0,2.6e-06,0.0
holdout,0,3.57e-06,0.0
holdout,0,4.54e-06,0.0
holdout,0,2.07e-06,0.0
holdout,0,3.03e-06,0.0
holdout,0,1.103e-05,0.0
holdout,0,4.47e-06,0.0
holdout,0,1.3e-06,0.0
holdout,0,9.1e-07,0.0
holdout,0,2.9e-06,0.0
holdout,0,5.76e-06,0.0
holdout,0,2.661e-05,0.0
holdout,0,7.9e-07,0.0
holdout,0,7.7e-07,0.0
holdout,0,2.59e-06,0.0
holdout,0,4.05e-06,0.0
holdout,0,4.7e-07,0.0
holdout,0,1.52e-06,0.0
holdout,0,1.46e-06,0.0
holdout,0,5.87e-06,0.00121212
holdout,0,4.07e-06,0.0
holdout,0,5.82e-06,0.0
holdout,0,8.8e-07,0.0
holdout,0,1.3e-06,0.0
holdout,0,5.1e-07,0.0
holdout,0,9.6e-07,0.0
holdout,0,5.25e-06,0.0
holdout,0,1.109e-05,0.0
holdout,0,2.849e-05,0.0
holdout,0,3.34e-05,0.0
holdout,0,0.00025349,0.0
holdout,0,1.701e-05,0.00087951
holdout,0,9.6e-07,0.0
holdout,0,2.75e-06,0.0
holdout,0,1.07e-06,0.0
holdout,0,7.242e-05,0.0
holdout,0,2.707e-05,0.0
holdout,0,1.76e-06,0.0
holdout,0,1.83e-06,0.0
holdout,0,0.02423391,0.00717889
holdout,0,2.739e-05,0.0
holdout,0,1.34e-05,0.0
holdout,0,8.9e-07,0.0
holdout,0,1.765e-05,0.0
holdout,0,2.74e-06,0.0
holdout,0,6.7e-07,0.0
holdout,0,2.62e-06,0.0
holdout,0,1.319e-05,0.0
holdout,0,4.88e-06,0.0
holdout,0,1.838e-05,0.00087951
holdout,0,1.47e-05,0.0
holdout,0,8.88e-06,0.0
holdout,0,2.33e-06,0.0
holdout,0,9e-07,0.0
holdout,0,6.9e-07,0.0
holdout,0,4.29e-06,0.0
holdout,0,3.79e-06,0.0
holdout,1,0.99933872,1.0
holdout,0,2.259e-05,0.0
holdout,0,3.79e-06,0.0
holdout,0,3e-07,0.0
holdout,0,6.1e-07,0.0
holdout,0,3.04e-06,0.0
holdout,0,2.09e-06,0.0
holdout,0,1.51e-06,0.0
holdout,0,9.8e-07,0.0
holdout,0,6.6e-07,0.0
holdout,0,0.57722437,0.31296177
holdout,0,4.69e-06,0.00087951
holdout,0,4.4e-07,0.0
holdout,0,1.24e-06,0.0
holdout,0,5.65e-06,0.0
holdout,0,8.43e-06,0.0
holdout,0,1.517e-05,0.00087951
holdout,0,1.55e-06,0.0
holdout,0,4.8e-07,0.0
holdout,0,3.69e-06,0.0
holdout,0,8.8e-07,0.0
holdout,0,2.8e-07,0.0
holdout,0,1.61e-06,0.0
holdout,0,4.9e-07,0.0
holdout,0,0.00262543,0.00717889
holdout,0,4.16e-06,0.0
holdout,0,6.67e-06,0.0
holdout,0,1.91e-06,0.0
holdout,0,1.762e-05,0.0
holdout,0,1.23e-06,0.0
holdout,0,1.74e-06,0.0
holdout,0,7.7e-07,0.0
holdout,0,3.66e-06,0.0
holdout,0,8.7e-07,0.0
holdout,0,2.096e-05,0.0
holdout,0,4.16e-06,0.0
holdout,0,2.73e-05,0.0
holdout,0,8.4e-07,0.0
holdout,0,2.38e-06,0.0
holdout,0,0.0001905,0.00087951
holdout,0,8.02e-06,0.0
holdout,0,1.17e-06,0.0
holdout,0,2.93e-06,0.0
holdout,0,1.634e-05,0.0
holdout,0,6.575e-05,0.0
holdout,0,9.36e-06,0.0
holdout,0,6.335e-05,0.0034051
holdout,0,1.19e-06,0.0
holdout,0,1.019e-05,0.00261268
holdout,0,1.98e-06,0.0
holdout,0,1.14e-06,0.0
holdout,0,8.3e-07,0.0
holdout,0,7.11e-06,0.0
holdout,0,4.81e-06,0.0
holdout,0,1.65e-06,0.0
holdout,0,4.14e-06,0.0
holdout,0,4.2e-07,0.0
holdout,0,0.00014557,0.0
holdout,0,0.00011253,0.00219298
holdout,0,2.9e-06,0.0
holdout,0,2.47e-06,0.0
holdout,0,1.37e-06,0.0
holdout,0,1.88e-06,0.0
holdout,0,1.258e-05,0.0
holdout,0,3.87e-06,0.0
holdout,0,4.14e-06,0.0
holdout,0,3.56e-06,0.0
holdout,0,1.32e-06,0.0
holdout,0,1.49e-06,0.0
holdout,0,5.7e-07,0.0
holdout,0,3.53e-06,0.0
holdout,0,2.72e-06,0.0
holdout,0,1.435e-05,0.0
holdout,0,1.5e-06,0.0
holdout,0,3.946e-05,0.0
holdout,0,9.1e-07,0.0
holdout,0,3.61e-06,0.0
holdout,0,3.21e-06,0.0
holdout,0,7.06e-06,0.0
holdout,0,3.61e-06,0.0
holdout,0,1.28e-06,0.0
holdout,0,2.677e-05,0.0
holdout,0,9.8e-07,0.0
holdout,0,1.38e-06,0.0
holdout,0,7.52e-06,0.0
holdout,0,5.3e-07,0.0
holdout,0,1.04e-06,0.0
holdout,0,3.284e-05,0.00121212
holdout,0,2.084e-05,0.00087951
holdout,0,1.35e-06,0.0
holdout,0,3.36e-06,0.0
holdout,0,5.1e-07,0.0
holdout,0,9.5e-07,0.0
holdout,0,7.2e-07,0.0
holdout,0,1.018e-05,0.00228007
holdout,0,4.5e-07,0.0
holdout,0,7.94e-06,0.0
holdout,0,2.6e-06,0.0
holdout,0,7.24e-06,0.0
holdout,0,3.11e-06,0.0
holdout,0,1.26e-06,0.0
holdout,0,1.071e-05,0.0
holdout,0,3.39e-06,0.0
holdout,0,2.32e-06,0.0
holdout,0,5.6e-07,0.0
holdout,0,1.01e-06,0.0
holdout,0,4.45e-06,0.0
holdout,0,1.083e-05,0.0
holdout,0,1.77e-06,0.0
holdout,0,5.018e-05,0.0
holdout,0,1.49e-06,0.0
holdout,0,5.048e-05,0.00140056
holdout,0,4.43e-06,0.0
holdout,0,3.47e-06,0.0
holdout,0,4.5e-07,0.0
holdout,0,2.04e-06,0.0
holdout,0,2.2e-06,0.0
holdout,0,1.2e-06,0.0
holdout,0,3.85e-06,0.0
holdout,0,7.5e-07,0.0
holdout,0,2.121e-05,0.0
holdout,0,3.8e-06,0.0
holdout,0,3.9e-07,0.0
holdout,0,1.27e-06,0.0
holdout,0,5.8e-07,0.0
holdout,0,4.62e-06,0.0
holdout,0,3.1e-06,0.0
holdout,0,6.96e-06,0.0
holdout,0,1.457e-05,0.0
holdout,0,1.053e-05,0.0
holdout,0,2.72e-06,0.0
holdout,0,6.66e-06,0.0
holdout,0,5.2e-07,0.0
holdout,0,0.00017085,0.00261268
holdout,0,2.878e-05,0.0
holdout,0,3.853e-05,0.0
holdout,0,0.00049718,0.00684628
holdout,0,2.83e-06,0.0
holdout,0,2.621e-05,0.0
holdout,0,2.969e-05,0.0
holdout,0,7.96e-06,0.0
holdout,0,2.19e-05,0.0
holdout,0,8.2e-07,0.0
holdout,0,1.127e-05,0.0
holdout,0,7.15e-05,0.0
holdout,0,9.4e-07,0.0
holdout,0,1.214e-05,0.0
holdout,0,1.7e-06,0.0
holdout,0,6.9e-07,0.0
holdout,0,7.3e-07,0.0
holdout,0,1.41e-06,0.0
holdout,0,3.06e-06,0.0
holdout,0,1.34e-06,0.0
holdout,0,2.7e-06,0.0
holdout,0,2.65e-06,0.0
holdout,0,7.097e-05,0.00261268
holdout,0,9.8e-07,0.0
holdout,0,1.18e-06,0.0
holdout,0,4.11e-06,0.0
holdout,0,2.32e-06,0.0
holdout,0,6.3e-07,0.0
holdout,0,1.19e-06,0.0
holdout,0,2.88e-06,0.0
holdout,0,1.8e-06,0.0
holdout,0,4.68e-06,0.0
holdout,0,4.13e-06,0.0
holdout,0,7.9e-07,0.0
holdout,0,1.05e-06,0.0
holdout,0,1.21e-06,0.0
holdout,0,1.7e-06,0.0
holdout,0,2.574e-05,0.0
holdout,0,1.9e-05,0.0
holdout,0,5.57e-06,0.0
holdout,0,1.95e-06,0.0
holdout,0,9.09e-06,0.0
holdout,0,1.162e-05,0.0
holdout,0,9.39e-06,0.0
holdout,0,5.78e-06,0.0
holdout,0,8.5e-07,0.0
holdout,0,2.709e-05,0.0
holdout,0,2.481e-05,0.00447305
holdout,0,2.22e-06,0.0
holdout,0,4.28e-06,0.0
holdout,0,6.57e-06,0.0
holdout,0,1.198e-05,0.00087951
holdout,0,1.4e-06,0.00219298
holdout,0,4.4e-07,0.0
holdout,0,4.5e-07,0.0
holdout,0,8.6e-07,0.0
holdout,0,6.7e-07,0.0
holdout,0,7.3e-07,0.0
holdout,0,4.3e-07,0.0
holdout,0,0.00019621,0.00087951
holdout,0,5.6e-07,0.0
holdout,0,1.91e-06,0.0
holdout,0,9e-07,0.0
holdout,0,3.1e-07,0.0
holdout,0,1.22e-06,0.0
holdout,0,1.04e-06,0.0
holdout,0,5.4e-07,0.0
holdout,0,1.38e-06,0.0
holdout,0,8.5e-07,0.0
holdout,0,5.9e-07,0.0
holdout,0,3.156e-05,0.0
holdout,0,1.63e-06,0.0
holdout,0,4.2e-07,0.0
holdout,0,3.2e-07,0.0
holdout,0,5.4e-07,0.0
holdout,0,3.1e-07,0.0
holdout,0,5.7e-07,0.0
holdout,0,4.4e-07,0.0
holdout,0,6.5e-07,0.0
holdout,0,4.8e-07,0.0
holdout,0,7.8e-07,0.0
holdout,0,6.3e-07,0.0
holdout,0,8.7e-07,0.0
holdout,0,1.21e-06,0.0
holdout,0,1.37e-06,0.0
holdout,0,1.48e-06,0.0
holdout,0,7.8e-07,0.0
holdout,0,8.5e-07,0.0
holdout,0,7.3e-07,0.0
holdout,0,6.4e-07,0.0
holdout,0,6.2e-07,0.0
holdout,0,1.43e-06,0.0
holdout,0,4.9e-07,0.0
holdout,0,2.3e-07,0.0
holdout,0,9.6e-07,0.0
holdout,0,2.46e-06,0.0
holdout,0,4.9e-07,0.0
holdout,0,4.5e-07,0.0
holdout,0,6e-07,0.0
holdout,0,1.08e-06,0.0
holdout,0,5.2e-07,0.0
holdout,0,3.5e-07,0.0
holdout,0,9.7e-07,0.0
holdout,0,2.05e-06,0.0
holdout,0,3.4e-07,0.0
holdout,0,7.3e-06,0.0
holdout,0,1.12e-06,0.0
holdout,0,3.9e-07,0.0
holdout,0,6.836e-05,0.0
holdout,0,8.08e-06,0.0
holdout,0,9.4e-07,0.0
holdout,0,3.6e-07,0.0
holdout,0,1.22e-06,0.0
holdout,0,7.5e-07,0.0
holdout,0,9.3e-07,0.0
holdout,0,3.1e-07,0.0
holdout,0,2.693e-05,0.00087951
holdout,0,3e-07,0.0
holdout,0,6.3e-07,0.0
holdout,0,3.8e-07,0.0
holdout,0,1.93e-06,0.0
holdout,0,9.3e-07,0.0
holdout,0,5e-07,0.0
holdout,0,3.9e-07,0.0
holdout,0,4.3e-07,0.0
holdout,0,2.01e-06,0.0
holdout,0,1.48e-05,0.0
holdout,0,6.3e-07,0.0
holdout,0,1.46e-06,0.0
holdout,0,9.9e-07,0.0
holdout,0,5.86e-06,0.0
holdout,0,2.53e-06,0.0
holdout,0,3.8e-07,0.0
holdout,0,8.65e-06,0.0
holdout,0,6.3e-07,0.0
holdout,0,8e-07,0.0
holdout,0,4.7e-07,0.0
holdout,0,6e-07,0.0
holdout,0,2.1e-07,0.0
holdout,0,1.22e-05,0.00087951
holdout,0,1.8e-07,0.0
holdout,0,5.8e-07,0.0
holdout,0,2.45e-06,0.0
holdout,0,4.9e-07,0.0
holdout,0,4.2e-07,0.0
holdout,0,5.6e-06,0.0
holdout,0,1.53e-06,0.0
holdout,0,1.68e-06,0.0
holdout,0,6.3e-07,0.0
holdout,0,5.2e-07,0.0
holdout,0,2.6e-07,0.0
holdout,0,4.9e-07,0.0
holdout,0,3.6e-06,0.0
holdout,0,1.55e-06,0.0
holdout,0,4.7e-07,0.0
holdout,0,2.17e-06,0.0
holdout,0,5.99e-06,0.00219298
holdout,0,5.7e-07,0.0
holdout,0,4.4e-07,0.0
holdout,0,1.77e-06,0.0
holdout,0,8.7e-07,0.0
holdout,0,3.63e-06,0.0
holdout,0,3.29e-06,0.0
holdout,0,7.9e-07,0.0
holdout,0,1.71e-06,0.0
holdout,0,7.166e-05,0.0
holdout,0,9.4e-07,0.0
holdout,0,1.26e-06,0.0
holdout,0,9e-07,0.0
holdout,0,2.87e-06,0.0
holdout,0,8.6e-07,0.0
holdout,0,3.5e-07,0.0
holdout,0,4e-07,0.0
holdout,0,4.4e-07,0.0
holdout,0,7.92e-06,0.0
holdout,0,1.26e-06,0.0
holdout,0,3.16e-06,0.0
holdout,0,1.99e-06,0.0
holdout,0,0.00130427,0.00261268
holdout,0,1.76e-06,0.0
holdout,0,6e-07,0.0
holdout,0,1.52e-06,0.0
holdout,0,6.487e-05,0.0
holdout,0,2.06e-06,0.0
holdout,0,2.729e-05,0.0
holdout,0,4.4e-07,0.0
holdout,0,7e-07,0.0
holdout,0,9.7e-07,0.0
holdout,0,9.4e-07,0.0
holdout,0,4.1e-07,0.0
holdout,0,2.917e-05,0.0
holdout,0,4.55e-06,0.0
holdout,0,9.9e-07,0.0
holdout,0,3.5e-07,0.0
holdout,0,9.85e-06,0.0
holdout,0,1.97e-06,0.0
holdout,0,1.55e-06,0.0
holdout,0,7e-07,0.0
holdout,0,3.74e-06,0.0
holdout,0,1.17e-06,0.0
holdout,0,0.00318694,0.0
holdout,0,3.5e-07,0.0
holdout,0,1.12e-06,0.0
holdout,0,1.69e-06,0.0
holdout,0,2.03e-06,0.0
holdout,0,2.23e-06,0.0
holdout,0,2.25e-06,0.0
holdout,0,1.35e-05,0.0
holdout,0,2.1e-07,0.0
holdout,0,4.5e-07,0.0
holdout,0,5e-07,0.0
holdout,0,1.66e-06,0.0
holdout,0,4.8e-07,0.0
holdout,0,6.7e-07,0.0
holdout,0,7.2e-07,0.0
holdout,0,1.65e-06,0.0
holdout,0,1.06e-06,0.0
holdout,0,1.422e-05,0.0
holdout,0,2.39e-06,0.0
holdout,0,4.8e-07,0.0
holdout,0,1.76e-06,0.0
holdout,0,2.62e-06,0.0
holdout,0,5.2e-07,0.0
holdout,0,1.423e-05,0.0
holdout,0,3.7e-07,0.0
holdout,0,1.857e-05,0.0
holdout,0,7.9e-07,0.0
holdout,0,4.1e-07,0.0
holdout,0,8.9e-07,0.0
holdout,0,1.52e-06,0.0
holdout,0,5.9e-07,0.0
holdout,0,1.18e-06,0.0
holdout,0,2.23e-06,0.0
holdout,0,1.16e-06,0.0
holdout,0,9e-07,0.0
holdout,0,1.89e-06,0.0
holdout,0,3.33e-06,0.0
holdout,0,9.41e-06,0.0
holdout,0,1.323e-05,0.0
holdout,0,6.11e-06,0.0
holdout,0,7.7e-07,0.0
holdout,0,1.09e-06,0.0
holdout,0,1.197e-05,0.00087951
holdout,0,7.1e-07,0.0
holdout,0,1.06e-06,0.0
holdout,0,1.54e-06,0.0
holdout,0,1.06e-06,0.0
holdout,0,2.82e-06,0.0
holdout,0,5.8e-07,0.0
holdout,0,1.34e-05,0.0
holdout,0,3.7e-07,0.0
holdout,0,7.5e-07,0.0
holdout,0,3.86e-06,0.0
holdout,0,5.74e-06,0.0
holdout,0,6.4e-07,0.0
holdout,0,1.26e-06,0.0
holdout,0,7.4e-07,0.0
holdout,0,8.3e-07,0.0
holdout,0,1.79e-06,0.0
holdout,0,4.3e-07,0.0
holdout,0,2.8e-07,0.0
holdout,0,5.527e-05,0.0
holdout,0,1.21e-06,0.0
holdout,0,4.64e-06,0.0
holdout,0,1.48e-06,0.0
holdout,0,2.06e-06,0.0
holdout,0,3.51e-06,0.0
holdout,0,8.8e-07,0.0
holdout,0,1.69e-06,0.0
holdout,0,1.29e-06,0.0
holdout,0,1.22e-06,0.0
holdout,0,4.8e-07,0.0
holdout,0,1.82e-06,0.0
holdout,0,1.239e-05,0.0
holdout,0,2.4e-07,0.0
holdout,0,3.07e-06,0.0
holdout,0,1.5e-06,0.0
holdout,0,3.95e-06,0.0
holdout,0,6.2e-07,0.0
holdout,0,7.47e-06,0.0
holdout,0,5.3e-07,0.0
holdout,0,2e-06,0.0
holdout,0,1.42e-06,0.0
holdout,0,5.37e-06,0.0
holdout,0,2.05e-06,0.0
holdout,0,8.951e-05,0.0
holdout,0,3.16e-06,0.0
holdout,0,1.41e-06,0.0
holdout,0,1.23e-06,0.0
holdout,0,7.2e-07,0.0
holdout,0,0.00015563,0.00121212
holdout,0,7.8e-07,0.0
holdout,0,8.3e-07,0.0
holdout,0,0.00015283,0.00087951
holdout,0,5.5e-07,0.0
holdout,0,2.06e-06,0.0
holdout,0,0.00080576,0.00544572
holdout,0,4.7e-07,0.0
holdout,0,1.6e-06,0.0
holdout,0,1.12e-06,0.0
holdout,0,2.86e-06,0.0
holdout,0,1.32e-06,0.0
holdout,0,0.00022545,0.0034051
holdout,0,3.4e-07,0.0
holdout,0,5.97e-06,0.0
holdout,0,3.385e-05,0.0
holdout,0,6.6e-07,0.0
holdout,0,1.628e-05,0.0
holdout,0,1.06e-06,0.0
holdout,0,3.32e-06,0.0
holdout,0,7.1e-07,0.0
holdout,0,1.93e-06,0.0
holdout,0,1.99e-06,0.0
holdout,0,1.76e-06,0.0
holdout,0,1.43e-06,0.0
holdout,0,3.05e-06,0.0
holdout,0,3.969e-05,0.0
holdout,0,1.62e-06,0.0
holdout,0,5.5e-07,0.0
holdout,0,7.3e-07,0.0
holdout,0,2.38e-06,0.0
holdout,0,1.46e-06,0.0
holdout,0,2.36e-05,0.0
holdout,0,9.5e-07,0.0
holdout,0,2.69e-06,0.0
holdout,0,1.538e-05,0.0
holdout,0,3.62e-06,0.0
holdout,0,3.039e-05,0.0
holdout,0,1.8e-06,0.0
holdout,0,2.16e-06,0.0
holdout,0,7.16e-06,0.0
holdout,0,2.09e-06,0.0
holdout,0,3.92e-06,0.0
holdout,0,1.34e-06,0.0
holdout,0,4.88e-06,0.0
holdout,0,3.13e-06,0.0
holdout,0,2.07e-06,0.0
holdout,0,1.21e-06,0.0
holdout,0,1.7e-07,0.0
holdout,0,3.11e-06,0.0
holdout,0,3.17e-06,0.0
holdout,0,3.55e-06,0.0
holdout,0,0.00010767,0.0
holdout,0,1.22e-06,0.0
holdout,0,2.94e-06,0.0
holdout,0,6e-07,0.0
holdout,0,2.61e-06,0.0
holdout,0,3.8e-07,0.0
holdout,0,1.32e-06,0.0
holdout,0,5.8e-07,0.0
holdout,0,7.7e-06,0.0
holdout,0,4.23e-06,0.0
holdout,0,1.495e-05,0.0
holdout,0,2.87e-06,0.0
holdout,0,6.8e-07,0.0
holdout,0,6.71e-06,0.0
holdout,0,1.081e-05,0.0
holdout,0,2.2e-07,0.0
holdout,0,4.95e-06,0.0
holdout,0,4.36e-06,0.0
holdout,0,3.69e-06,0.0
holdout,0,7.106e-05,0.0
holdout,0,1.021e-05,0.0
holdout,0,8.9e-07,0.0
holdout,0,3.33e-06,0.0
holdout,0,5.51e-06,0.0
holdout,0,4.26e-06,0.0
holdout,0,1.323e-05,0.0
holdout,0,3.5e-07,0.0
holdout,0,7.4e-07,0.0
holdout,0,2.12e-06,0.0
holdout,0,3.24e-06,0.0
holdout,0,8.91e-06,0.0
holdout,0,7.4e-06,0.0
holdout,0,1.888e-05,0.0
holdout,0,8.2e-07,0.0
holdout,0,1.559e-05,0.0
holdout,0,1.26e-06,0.0
holdout,0,2.55e-06,0.0
holdout,0,9.9e-07,0.0
holdout,0,4.41e-06,0.00087951
holdout,0,5.09e-06,0.0
holdout,0,0.00060291,0.00717889
holdout,0,3.15e-06,0.0
holdout,0,1.07e-06,0.0
holdout,0,3.55e-06,0.0
holdout,0,3.23e-06,0.0
holdout,0,8.46e-06,0.0
holdout,0,7.6e-07,0.0
holdout,0,1.434e-05,0.0
holdout,0,3.74e-06,0.0
holdout,0,1.26e-06,0.0
holdout,0,3.05e-06,0.0
holdout,0,2.62e-06,0.0
holdout,0,1.207e-05,0.0
holdout,0,3.16e-06,0.0
holdout,0,5.68e-06,0.0
holdout,0,2.8e-06,0.0
holdout,0,1.684e-05,0.0
holdout,0,1.08e-06,0.0
holdout,0,2.73e-06,0.0
holdout,0,2.275e-05,0.0
holdout,0,3.248e-05,0.0
holdout,0,3.22e-06,0.0
holdout,0,3.97e-06,0.0
holdout,0,1.83e-06,0.0
holdout,0,0.00025149,0.0
holdout,0,1.49e-06,0.0
holdout,0,7.62e-06,0.0
holdout,0,3.051e-05,0.0
holdout,0,2.06e-06,0.0
holdout,0,5.6e-07,0.0
holdout,0,4.7e-07,0.0
holdout,0,2.28e-06,0.0
holdout,0,2.22e-06,0.0
holdout,0,3.57e-06,0.0
holdout,0,2.033e-05,0.0
holdout,0,9.36e-06,0.0
holdout,0,2.21e-06,0.0
holdout,0,2.99e-06,0.0
holdout,0,2.15e-06,0.0
holdout,0,2.82e-06,0.0
holdout,0,9.86e-06,0.0
holdout,0,3.35e-06,0.0
holdout,0,2.93e-06,0.0
holdout,0,0.00018899,0.0
holdout,0,5.17e-06,0.0
holdout,0,4.72e-06,0.0
holdout,0,7.9e-07,0.0
holdout,0,2.56e-06,0.0
holdout,0,8e-07,0.0
holdout,0,5e-07,0.0
holdout,0,8.43e-06,0.0
holdout,0,1.94e-06,0.0
holdout,0,3.074e-05,0.0
holdout,0,0.02149538,0.0
holdout,0,5.18e-06,0.0
holdout,0,4.07e-06,0.0
holdout,0,3.022e-05,0.00087951
holdout,0,3.62e-06,0.0
holdout,0,0.00269513,0.00219298
holdout,0,6.66e-06,0.0
holdout,0,1.548e-05,0.0
holdout,0,2.62e-06,0.0
holdout,0,1.69e-06,0.0
holdout,0,1.39e-06,0.0
holdout,0,1.69e-06,0.0
holdout,0,6.72e-06,0.0
holdout,0,7.86e-06,0.0
holdout,0,3.05e-06,0.0
holdout,0,5.32e-06,0.0
holdout,0,2.9e-07,0.0
holdout,0,2.1e-06,0.0
holdout,0,2.66e-06,0.0
holdout,0,2.27e-06,0.0
holdout,0,2.02e-06,0.0
holdout,0,4.3e-06,0.0
holdout,0,0.00016023,0.00596677
holdout,0,1.74e-06,0.0
holdout,0,0.00010717,0.00596677
holdout,0,0.00045939,0.00544572
holdout,0,1.18e-06,0.0
holdout,0,1.26e-06,0.0
holdout,0,0.05013278,0.11372379
holdout,0,1.72e-06,0.0
holdout,0,3.8e-07,0.0
holdout,0,1.31e-06,0.0
holdout,0,7.6e-07,0.0
holdout,0,3.95e-06,0.0
holdout,0,8.32e-06,0.0
holdout,0,2e-06,0.0
holdout,0,3.193e-05,0.0
holdout,0,8.79e-06,0.0
holdout,0,4.306e-05,0.0
holdout,0,6.97e-06,0.0
holdout,0,4.57e-06,0.0
holdout,0,2.99e-06,0.0
holdout,0,7.73e-06,0.0
holdout,0,5.764e-05,0.0
holdout,0,3.678e-05,0.0
holdout,0,3.88e-06,0.0
holdout,0,3.13e-06,0.0
holdout,0,8.2e-07,0.0
holdout,0,2.41e-06,0.0
holdout,0,2.97e-06,0.0
holdout,0,4.97e-06,0.0
holdout,0,7.59e-06,0.0
holdout,0,2.929e-05,0.0
holdout,0,5.24e-06,0.0
holdout,0,6.4e-07,0.0
holdout,0,2.4e-07,0.0
holdout,0,0.00063416,0.00717889
holdout,0,8.33e-06,0.0
holdout,0,2.92e-06,0.0
holdout,0,2.34e-06,0.0
holdout,0,3.71e-06,0.0
holdout,0,4.69e-06,0.0
holdout,0,3.01e-06,0.0
holdout,0,9.98e-06,0.0
holdout,0,5.63e-06,0.0
holdout,0,8.5e-07,0.0
holdout,0,6.4e-07,0.0
holdout,0,4.09e-06,0.0
holdout,0,1.677e-05,0.0
holdout,0,1.78e-06,0.0
holdout,0,3.1e-07,0.0
holdout,0,1.72e-06,0.0
holdout,0,1.06e-06,0.0
holdout,0,1.72e-05,0.0
holdout,0,2.4e-07,0.0
holdout,0,4.061e-05,0.00087951
holdout,0,0.01366362,0.13917834
holdout,0,3.96e-06,0.0
holdout,0,6.2e-07,0.0
holdout,0,4.47e-06,0.0
holdout,0,5.47e-06,0.0
holdout,0,3.21e-06,0.0
holdout,0,2.28e-06,0.0
holdout,0,4.53e-06,0.0
holdout,0,2.982e-05,0.0
holdout,0,1.23e-06,0.0
holdout,0,3.24e-06,0.0
holdout,0,9.4e-07,0.0
holdout,0,5.71e-06,0.0
holdout,0,1.701e-05,0.0
holdout,0,0.00013033,0.00087951
holdout,0,9.8e-07,0.0
holdout,0,0.00052275,0.0
holdout,0,9.01e-06,0.0
holdout,0,1.72e-06,0.0
holdout,0,8.1e-07,0.0
holdout,0,6.13e-06,0.0
holdout,0,5.507e-05,0.0
holdout,0,0.00011608,0.0
holdout,0,1.323e-05,0.0
holdout,0,3.196e-05,0.0
holdout,0,1.09e-06,0.0
holdout,0,8.73e-06,0.0
holdout,0,5.05e-06,0.0
holdout,0,3.22e-06,0.0
holdout,0,1.71e-06,0.0
holdout,0,0.00028313,0.0
holdout,0,0.99523448,1.0
holdout,0,8.2e-07,0.0
holdout,0,0.00148484,0.00717889
holdout,0,1.1e-06,0.0
holdout,0,2.276e-05,0.0
holdout,0,1.397e-05,0.0
holdout,0,3.19e-06,0.0
holdout,0,2.36e-05,0.0
holdout,0,9.11e-06,0.0
holdout,0,3.24e-06,0.0
holdout,0,1.48e-06,0.0
holdout,0,2.63e-06,0.0
holdout,0,5.03e-05,0.0
holdout,0,3.53e-06,0.0
holdout,0,4.34e-06,0.0
holdout,0,2.98e-06,0.0
holdout,0,2.36e-06,0.0
holdout,0,5.65e-06,0.0
holdout,0,3.75e-06,0.0
holdout,0,3.69e-06,0.0
holdout,0,1.3e-06,0.0
holdout,0,2.45e-06,0.0
holdout,0,1.014e-05,0.0
holdout,0,2.11e-06,0.0
holdout,0,9.4e-07,0.0
holdout,0,4.72e-06,0.0
holdout,0,2.56e-05,0.0
holdout,0,1.08e-06,0.0
holdout,0,1.884e-05,0.0
holdout,0,7.83e-06,0.0
holdout,0,2.078e-05,0.00228007
holdout,0,7.1e-07,0.0
holdout,0,4.7e-07,0.0
holdout,0,2.594e-05,0.0
holdout,0,3e-06,0.0
holdout,0,5.79e-06,0.0
holdout,0,7.06e-06,0.0
holdout,0,8.7e-07,0.0
holdout,0,1.89e-06,0.0
holdout,0,5.2e-07,0.0
holdout,0,1.22e-06,0.0
holdout,0,1.878e-05,0.0
holdout,0,7.131e-05,0.0034051
holdout,0,3.22e-06,0.0
holdout,0,1.11e-06,0.0
holdout,0,1.52e-06,0.0
holdout,0,7.014e-05,0.0
holdout,0,4.595e-05,0.0
holdout,0,1.238e-05,0.00121212
holdout,0,5.4e-07,0.0
holdout,0,1.027e-05,0.0
holdout,0,4.62e-06,0.0
holdout,0,5.2e-07,0.0
holdout,0,6.1e-06,0.0
holdout,0,3.2e-07,0.0
holdout,0,2.22e-06,0.0
holdout,0,0.000357,0.00219298
holdout,0,6.63e-05,0.0
holdout,0,1.472e-05,0.0
holdout,0,1.852e-05,0.0
holdout,0,6.66e-06,0.0
holdout,0,1.09e-06,0.0
holdout,0,1.08e-06,0.0
holdout,0,5.858e-05,0.0
holdout,0,1.21e-06,0.0
holdout,0,3.442e-05,0.0
holdout,0,4.62e-06,0.0
holdout,0,7.4e-07,0.0
holdout,0,3.92e-06,0.0
holdout,0,5.77e-06,0.0
holdout,0,3.24e-06,0.0
holdout,0,3.829e-05,0.0
holdout,0,9.743e-05,0.0
holdout,0,4.296e-05,0.0
holdout,0,2.79e-06,0.0
holdout,0,1.17e-06,0.0
holdout,0,3.24e-06,0.0
holdout,0,1.09e-06,0.0
holdout,0,3.7e-07,0.0
holdout,0,2.09e-06,0.0
holdout,0,0.00024438,0.0
holdout,0,3.31e-06,0.0
holdout,0,7.89e-06,0.0
holdout,0,1.13e-06,0.0
holdout,0,9.3e-06,0.0
holdout,0,1.624e-05,0.0
holdout,0,9.9e-07,0.0
holdout,0,1.2e-06,0.0
holdout,0,0.22200119,0.25071225
holdout,0,9.111e-05,0.00219298
holdout,0,5.39e-06,0.0
holdout,0,2.62e-06,0.0
holdout,0,5.4e-07,0.0
holdout,0,4.1e-07,0.0
holdout,0,2.09e-06,0.0
holdout,0,2.17e-06,0.0
holdout,0,3.78e-06,0.0
holdout,0,6.215e-05,0.0
holdout,0,5e-07,0.0
holdout,0,1.16e-06,0.0
holdout,0,5.7e-06,0.0
holdout,0,5.3e-07,0.0
holdout,0,4.16e-06,0.0
holdout,0,6.5e-07,0.0
holdout,0,2.07e-06,0.0
holdout,0,1.19e-06,0.0
holdout,0,2.34e-06,0.0
holdout,0,1.29e-06,0.0
holdout,0,2.29e-06,0.0
holdout,0,1.87e-06,0.0
holdout,0,6.72e-06,0.00087951
holdout,0,4.2e-07,0.0
holdout,0,4.123e-05,0.0
holdout,0,4.08e-06,0.0
holdout,0,2.18e-06,0.0
holdout,0,4.51e-06,0.0
holdout,0,3.817e-05,0.0
holdout,0,3.581e-05,0.0
holdout,0,1.668e-05,0.0
holdout,0,4.74e-06,0.0
holdout,0,5.028e-05,0.00307249
holdout,0,1.18e-06,0.0
holdout,0,7.8e-07,0.0
holdout,0,2.29e-06,0.0
holdout,0,1.97e-06,0.0
holdout,0,9.87e-06,0.0
holdout,0,1.3e-05,0.0
holdout,0,3.1e-06,0.0
holdout,0,1.2e-06,0.0
holdout,0,1.236e-05,0.0
holdout,0,1.38e-06,0.0
holdout,0,4.92e-06,0.0
holdout,0,2.76e-06,0.0
holdout,0,4.36e-06,0.0
holdout,0,2.51e-06,0.0
holdout,0,2.34e-06,0.0
holdout,0,1.44e-06,0.0
holdout,0,3.6e-07,0.0
holdout,0,1.29e-06,0.0
holdout,0,2.52e-06,0.0
holdout,0,7.95e-06,0.0
holdout,0,1.95e-06,0.0
holdout,0,7.31e-06,0.0
holdout,0,9.1e-07,0.0
holdout,0,3.99e-06,0.0
holdout,0,1.55e-06,0.0
holdout,0,5.583e-05,0.0
holdout,0,2.2e-07,0.0
holdout,0,4.28e-06,0.0
holdout,0,1.54e-06,0.0
holdout,0,1.31e-05,0.0
holdout,0,7.46e-06,0.0
holdout,0,6.77e-06,0.0
holdout,0,8.231e-05,0.0
holdout,0,6.014e-05,0.0
holdout,0,1.853e-05,0.0
holdout,0,1.51e-06,0.0
holdout,0,1.8e-06,0.0
holdout,0,4.2e-06,0.0
holdout,0,2.84e-06,0.0
holdout,0,3.9e-06,0.0
holdout,0,3.27e-06,0.0
holdout,0,3.15e-06,0.0
holdout,0,9.8e-07,0.0
holdout,0,1.123e-05,0.0
holdout,0,4.41e-06,0.0
holdout,0,2.423e-05,0.0
holdout,0,0.00033409,0.00307249
holdout,0,9.6e-07,0.0
holdout,0,2.04e-06,0.0
holdout,0,4.25e-06,0.0
holdout,0,6.06e-06,0.0
holdout,0,3.46e-06,0.0
holdout,0,1.36e-06,0.0
holdout,0,7.37e-06,0.0
holdout,0,1.236e-05,0.0
holdout,0,5.23e-06,0.0
holdout,0,1.77e-06,0.0
holdout,0,8.6e-07,0.0
holdout,0,7.75e-06,0.00219298
holdout,0,5.166e-05,0.0
holdout,0,8.95e-06,0.0
holdout,0,8.59e-06,0.0
holdout,0,2.4e-06,0.0
holdout,0,2.22e-06,0.0
holdout,0,4.8e-07,0.0
holdout,0,4.113e-05,0.00140056
holdout,0,2.21e-06,0.0
holdout,0,4.24e-06,0.0
holdout,0,1.34e-06,0.0
holdout,0,4.46e-06,0.0
holdout,0,3.1e-06,0.0
holdout,0,9.1e-07,0.0
holdout,0,1.54e-06,0.0
holdout,0,5.5e-07,0.0
holdout,0,3.27e-06,0.0
holdout,0,6.66e-06,0.0
holdout,0,1.85e-05,0.0
holdout,0,1.657e-05,0.0
holdout,0,1.59e-06,0.0
holdout,0,2.16e-06,0.0
holdout,0,8.2e-07,0.0
holdout,0,8.2e-07,0.0
holdout,0,7.3e-07,0.0
holdout,0,2.87e-06,0.0
holdout,0,3.5e-07,0.0
holdout,0,1.55e-06,0.0
holdout,0,9.1e-07,0.0
holdout,0,5e-07,0.0
holdout,0,4.835e-05,0.0
holdout,0,7.928e-05,0.0
holdout,0,4.2e-07,0.0
holdout,0,4.45e-06,0.0
holdout,0,8e-07,0.0
holdout,0,3.5e-06,0.0
holdout,0,3.5e-07,0.0
holdout,0,4.5e-06,0.0
holdout,0,4.15e-06,0.0
holdout,0,3.5e-07,0.0
holdout,0,7.3e-07,0.0
holdout,0,1.32e-06,0.0
holdout,0,1.29e-06,0.0
holdout,0,1.073e-05,0.0
holdout,0,8.22e-06,0.0
holdout,0,0.00452275,0.00717889
holdout,0,3.11e-06,0.0
holdout,0,1.18e-06,0.0
holdout,0,9.57e-06,0.0
holdout,0,6.2e-07,0.0
holdout,0,9.91e-06,0.0
holdout,0,2.08e-06,0.0
holdout,0,5.5e-06,0.0
holdout,1,0.00480135,0.00480566
holdout,0,2.74e-06,0.0
holdout,0,2.036e-05,0.0
holdout,0,1.867e-05,0.0
holdout,0,8.5e-07,0.0
holdout,0,1.72e-06,0.0
holdout,0,2.18e-06,0.0
holdout,0,4.14e-06,0.0
holdout,0,9.4e-07,0.0
holdout,0,2.41e-06,0.0
holdout,0,3.65e-06,0.0
holdout,0,1.6e-06,0.0
holdout,0,2.57e-06,0.0
holdout,0,3.034e-05,0.0
holdout,0,1.04e-06,0.0
holdout,0,0.00054452,0.00480566
holdout,0,8.9e-07,0.0
holdout,0,2.69e-06,0.0
holdout,0,1.48e-06,0.0
holdout,0,9.97e-06,0.0
holdout,0,3.84e-06,0.0
holdout,0,5.44e-06,0.0
holdout,0,3.7e-06,0.0
holdout,0,3.06e-06,0.0
holdout,0,1.44e-06,0.0
holdout,0,6.38e-06,0.0
holdout,0,1.99e-06,0.0
holdout,0,0.00012774,0.0
holdout,0,9.3e-07,0.0
holdout,0,1.034e-05,0.00577833
holdout,0,3.21e-06,0.0
holdout,0,9.25e-06,0.0
holdout,0,1.51e-06,0.0
holdout,0,1.29e-06,0.0
holdout,0,2.772e-05,0.0
holdout,0,9.826e-05,0.0
holdout,0,2.438e-05,0.0
holdout,0,1.504e-05,0.0
holdout,0,3.64e-06,0.0
holdout,0,2.7e-06,0.0
holdout,0,1.266e-05,0.0
holdout,0,3.495e-05,0.0
holdout,0,4.7e-06,0.0
holdout,0,2.36e-06,0.0
holdout,0,2.06e-06,0.0
holdout,0,4.51e-06,0.0
holdout,0,3.27e-06,0.0
holdout,0,1.57e-06,0.0
holdout,0,3.5e-06,0.0
holdout,0,2.15e-06,0.0
holdout,0,7.3e-07,0.0
holdout,0,7.7e-07,0.0
holdout,0,2.41e-06,0.0
holdout,0,1.54e-06,0.0
holdout,0,0.00010206,0.00087951
holdout,0,0.0092967,0.00307249
holdout,0,1.22e-06,0.0
holdout,0,3.385e-05,0.0
holdout,0,6.44e-06,0.0
holdout,0,1.101e-05,0.0
holdout,0,8.2e-07,0.0
holdout,0,9.4e-07,0.0
holdout,0,3.7e-07,0.0
holdout,0,7.41e-06,0.00087951
holdout,0,1.034e-05,0.0
holdout,0,2.58e-06,0.0
holdout,0,2.17e-06,0.0
holdout,0,1.23e-06,0.0
holdout,0,5.2e-07,0.0
holdout,0,9.6e-07,0.0
holdout,0,3.05e-06,0.0
holdout,0,1.15e-06,0.0
holdout,0,6.5e-07,0.0
holdout,0,2.08e-06,0.0
holdout,0,1.579e-05,0.0
holdout,0,9.32e-06,0.0
holdout,0,1.19e-06,0.0
holdout,0,8.006e-05,0.0
holdout,0,1.071e-05,0.0
holdout,0,1.103e-05,0.0
holdout,0,2.71e-06,0.0
holdout,0,2.15e-06,0.0
holdout,0,4.36e-06,0.0
holdout,0,1.13e-06,0.0
holdout,0,2.91e-06,0.0
holdout,0,5.61e-06,0.0
holdout,0,1.52e-05,0.0
holdout,0,1.411e-05,0.0
holdout,0,1.86e-06,0.0
holdout,0,2.64e-06,0.0
holdout,0,1.65e-06,0.0
holdout,0,2.14e-06,0.0
holdout,0,1.32e-06,0.0
holdout,0,4.61e-06,0.0
holdout,0,4.1e-06,0.0
holdout,0,1.83e-06,0.0
holdout,0,6.5e-07,0.0
holdout,0,2.26e-06,0.0
holdout,0,1.4e-06,0.0
holdout,0,1.75e-06,0.0
holdout,0,3.952e-05,0.0
holdout,0,1.34e-06,0.0
holdout,0,6.2e-06,0.0
holdout,0,4.95e-06,0.0
holdout,0,3.26e-05,0.0
holdout,0,7.8e-07,0.0
holdout,0,6.3e-07,0.0
holdout,0,2.21e-06,0.0
holdout,0,1.61e-06,0.0
holdout,0,1.21e-06,0.0
holdout,0,1.01e-06,0.0
holdout,0,3.51e-06,0.0
holdout,0,1.74e-06,0.0
holdout,0,2.97e-06,0.0
holdout,0,2.7e-07,0.0
holdout,0,6.2e-07,0.0
holdout,0,2.341e-05,0.00087951
holdout,0,3.15e-06,0.00219298
holdout,0,9.4e-07,0.0
holdout,0,6.5e-07,0.0
holdout,0,1.09e-06,0.0
holdout,0,2.5e-06,0.0
holdout,0,6.5e-07,0.0
holdout,0,7.12e-06,0.0
holdout,0,6.9e-07,0.0
holdout,0,2.63e-06,0.0
holdout,0,5.31e-06,0.0
holdout,0,4.2e-07,0.0
holdout,0,7.2e-07,0.0
holdout,0,1.03e-06,0.0
holdout,0,2.51e-06,0.0
holdout,0,6.21e-06,0.0
holdout,0,3.64e-06,0.0
holdout,0,2.39e-06,0.0
holdout,0,1.713e-05,0.0
holdout,0,7.25e-06,0.0
holdout,0,1.7e-06,0.0
holdout,0,2.415e-05,0.00087951
holdout,0,8.9e-07,0.0
holdout,0,2.42e-06,0.0
holdout,0,3.1e-06,0.0
holdout,0,1.11e-06,0.0
holdout,0,4.48e-06,0.0
holdout,0,2.233e-05,0.00087951
holdout,0,8.1e-07,0.0
holdout,0,6.03e-06,0.0
holdout,0,2.14e-06,0.0
holdout,0,2.21e-06,0.0
holdout,0,1.085e-05,0.0
holdout,0,1.18e-05,0.0
holdout,0,4e-06,0.0
holdout,0,8.2e-07,0.0
holdout,0,1.1e-06,0.0
holdout,0,3.5e-07,0.0
holdout,0,1.074e-05,0.0
holdout,0,2.66e-06,0.0
holdout,0,1.44e-06,0.0
holdout,0,1.394e-05,0.0
holdout,0,1.7e-06,0.0
holdout,0,1.01e-06,0.0
holdout,0,1.04e-06,0.0
holdout,0,8.2e-07,0.0
holdout,0,1.36e-06,0.0
holdout,0,1.22e-06,0.0
holdout,0,6.1e-07,0.0
holdout,0,1.03e-06,0.0
holdout,0,1.01e-06,0.0
holdout,0,7.4e-07,0.0
holdout,0,4.38e-06,0.0
holdout,0,7.3e-07,0.0
holdout,0,2.18e-06,0.0
holdout,0,1.44e-06,0.0
holdout,0,4.47e-06,0.0
holdout,0,1.48e-06,0.0
holdout,0,5.2e-07,0.0
holdout,0,2.49e-06,0.0
holdout,0,3.77e-06,0.0
holdout,0,1.15e-06,0.0
holdout,0,1.77e-06,0.00219298
holdout,0,2.24e-06,0.0
holdout,0,9.32e-06,0.0
holdout,0,8.8e-07,0.0
holdout,0,3.096e-05,0.0
holdout,0,2.3e-07,0.0
holdout,0,1.13e-06,0.0
holdout,0,1.25e-06,0.0
holdout,0,2.69e-06,0.0
holdout,0,4.1e-06,0.0
holdout,0,2.93e-06,0.0
holdout,0,5.1e-07,0.0
holdout,0,1.07e-06,0.0
holdout,0,7.323e-05,0.0
holdout,0,8.8e-07,0.0
holdout,0,3e-05,0.0
holdout,0,1.217e-05,0.0
holdout,0,3.9e-07,0.0
holdout,0,2.01e-06,0.0
holdout,0,2.04e-06,0.0
holdout,0,1.343e-05,0.0
holdout,0,5.1e-06,0.0
holdout,0,1.81e-06,0.0
holdout,0,1.25e-06,0.0
holdout,0,9.1e-07,0.0
holdout,0,1.32e-06,0.0
holdout,0,3.83e-06,0.0
holdout,0,1.149e-05,0.0
holdout,0,5.14e-06,0.0
holdout,0,8.3e-07,0.0
holdout,0,5e-07,0.0
holdout,0,3.88e-06,0.0
holdout,0,2.11e-06,0.0
holdout,0,1.217e-05,0.0
holdout,0,9.4e-07,0.0
holdout,0,1.855e-05,0.0
holdout,0,9.64e-06,0.0
holdout,0,1.47e-06,0.0
holdout,0,1.33e-06,0.0
holdout,0,4.2e-07,0.0
holdout,0,6.72e-06,0.0
holdout,0,1.4e-06,0.0
holdout,0,5.2e-06,0.0
holdout,0,8.99e-06,0.00087951
holdout,0,3.55e-06,0.0
holdout,0,2.38e-06,0.0
holdout,0,1.89e-06,0.0
holdout,0,7.188e-05,0.0
holdout,0,9.03e-06,0.0
holdout,0,6.5e-07,0.0
holdout,0,5.8e-06,0.0
holdout,0,2.94e-06,0.0
holdout,0,1.8e-06,0.0
holdout,0,1.78e-06,0.0
holdout,0,2.76e-06,0.0
holdout,0,9.91e-06,0.0
holdout,0,3.25e-06,0.0
holdout,0,1.601e-05,0.0
holdout,0,1.72e-06,0.0
holdout,0,2e-07,0.0
holdout,0,1.76e-05,0.0
holdout,0,0.00176186,0.00717889
holdout,0,3.4e-06,0.0
holdout,0,6.245e-05,0.0
holdout,0,2.62e-06,0.0
holdout,0,7.939e-05,0.0
holdout,0,1.306e-05,0.00087951
holdout,0,2.98e-06,0.0
holdout,0,1.61e-06,0.0
holdout,0,1.743e-05,0.0
holdout,0,1.48e-06,0.0
holdout,0,2.21e-06,0.0
holdout,0,1.64e-06,0.0
holdout,0,1.42e-06,0.0
holdout,0,1.096e-05,0.0
holdout,0,1.63e-06,0.0
holdout,0,2.54e-06,0.0
holdout,0,1.668e-05,0.00087951
holdout,0,7.12e-06,0.0
holdout,0,2.74e-06,0.0
holdout,0,1.41e-06,0.0
holdout,0,1.056e-05,0.00087951
holdout,0,3.77e-06,0.0
holdout,0,9.3e-07,0.0
holdout,0,5.8e-07,0.0
holdout,0,6.68e-06,0.0
holdout,0,2.11e-06,0.0
holdout,0,1.8e-07,0.0
holdout,0,8.3e-07,0.0
holdout,0,1.7e-06,0.0
holdout,0,4.9e-07,0.0
holdout,0,4e-07,0.0
holdout,0,3.5e-07,0.0
holdout,0,3.9e-07,0.0
holdout,0,9.6e-07,0.0
holdout,0,2.1e-07,0.0
holdout,0,6.27e-06,0.00261268
holdout,0,3.04e-06,0.0
holdout,0,6.5e-07,0.0
holdout,0,4.3e-07,0.0
holdout,0,9.2e-07,0.0
holdout,0,3.2e-06,0.0
holdout,0,3.2e-07,0.0
holdout,0,4.8e-07,0.0
holdout,0,4.3e-07,0.0
holdout,0,4.8e-07,0.0
holdout,0,1.88e-06,0.0
holdout,0,4.4e-07,0.0
holdout,0,2.026e-05,0.00087951
holdout,0,7.1e-07,0.0
holdout,0,1.57e-06,0.0
holdout,0,5.2e-07,0.0
holdout,0,3.3e-07,0.0
holdout,0,1.27e-06,0.0
holdout,0,7e-07,0.0
holdout,0,3.32e-06,0.0
holdout,0,6.5e-07,0.0
holdout,0,1.71e-06,0.0
holdout,0,5.5e-07,0.0
holdout,0,3.09e-06,0.0
holdout,0,4e-07,0.0
holdout,0,2.37e-06,0.0
holdout,0,4.2e-07,0.0
holdout,0,2.62e-06,0.0
holdout,0,3.6e-06,0.0
holdout,0,5.8e-07,0.0
holdout,0,7.1e-07,0.0
holdout,0,1.5e-06,0.0
holdout,0,1.17e-06,0.0
holdout,0,3e-07,0.0
holdout,0,1.21e-06,0.0
holdout,0,6.8e-07,0.0
holdout,0,1.16e-06,0.0
holdout,0,1.24e-06,0.0
holdout,0,2.01e-06,0.0
holdout,0,3.4e-07,0.0
holdout,0,1.83e-06,0.0
holdout,0,3.758e-05,0.00261268
holdout,0,3.56e-06,0.0
holdout,0,2.36e-06,0.0
holdout,0,5.28e-06,0.0
holdout,0,9.9e-07,0.0
holdout,0,5.5e-07,0.0
holdout,0,7.2e-06,0.0
holdout,0,5e-07,0.0
holdout,0,9.4e-07,0.0
holdout,0,1.228e-05,0.0
holdout,0,6.2e-07,0.0
holdout,0,4.4e-07,0.0
holdout,0,1.6e-06,0.0
holdout,0,1.68e-06,0.0
holdout,0,5e-07,0.0
holdout,0,2.43e-06,0.0
holdout,0,1.38e-06,0.0
holdout,0,3.22e-06,0.0
holdout,0,5.2e-07,0.0
holdout,0,9.94e-06,0.0
holdout,0,9.89e-06,0.0
holdout,0,4.8e-07,0.0
holdout,0,9.6e-07,0.0
holdout,0,8.3e-07,0.0
holdout,0,7.81e-06,0.0
holdout,0,6.4e-07,0.0
holdout,0,1.63e-06,0.0
holdout,0,1.38e-06,0.0
holdout,0,3.46e-06,0.0
holdout,0,8.9e-07,0.0
holdout,0,8.6e-07,0.0
holdout,0,3.9e-07,0.0
holdout,0,3.7e-07,0.0
holdout,0,3.3e-07,0.0
holdout,0,3.1e-07,0.0
holdout,0,3.39e-06,0.0
holdout,0,4.38e-06,0.0
holdout,0,2.5e-06,0.0
holdout,0,5.4e-07,0.0
holdout,0,9.2e-07,0.0
holdout,0,5.13e-06,0.0
holdout,0,2.62e-06,0.0
holdout,0,2.42e-06,0.0
holdout,0,3.99e-06,0.0
holdout,0,7.7e-06,0.0
holdout,0,3.7e-07,0.0
holdout,0,6.48e-06,0.0
holdout,0,7.34e-06,0.0
holdout,0,2.028e-05,0.00087951
holdout,0,1.04e-06,0.0
holdout,0,4.4e-07,0.0
holdout,0,7.7e-07,0.0
holdout,0,3e-06,0.0
holdout,0,7.6e-07,0.0
holdout,0,7.2e-07,0.0
holdout,0,5.3e-06,0.0
holdout,0,1.03e-06,0.0
holdout,0,2.94e-06,0.0
holdout,0,4.34e-06,0.0
holdout,0,5.3e-07,0.0
holdout,0,2.85e-06,0.0
holdout,0,1.28e-06,0.0
holdout,0,3.44e-06,0.0
holdout,0,3.5e-07,0.0
holdout,0,3.46e-06,0.0
holdout,0,8.5e-07,0.0
holdout,0,9.6e-07,0.0
holdout,0,2.3e-06,0.0
holdout,0,8.5e-07,0.0
holdout,0,1.268e-05,0.0
holdout,0,5.07e-06,0.0
holdout,0,4.9e-07,0.0
holdout,0,9.4e-07,0.0
holdout,0,1.138e-05,0.0
holdout,0,1.59e-06,0.0
holdout,0,6.5e-07,0.0
holdout,0,4.1e-07,0.0
holdout,0,1.34e-06,0.0
holdout,0,5.9e-07,0.0
holdout,0,9.9e-07,0.0
holdout,0,0.00026677,0.00480566
holdout,0,4.6e-07,0.0
holdout,0,8.1e-07,0.0
holdout,0,5.8e-07,0.0
holdout,0,1.2e-06,0.0
holdout,0,5.106e-05,0.00228007
holdout,0,6.189e-05,0.00480566
holdout,0,5.4e-07,0.0
holdout,0,6.3e-07,0.0
holdout,0,1.32e-06,0.0
holdout,0,8.5e-06,0.0
holdout,0,1.23e-06,0.0
holdout,0,1.54e-06,0.0
holdout,0,9.3e-07,0.0
holdout,0,1.9e-06,0.0
holdout,0,5.12e-06,0.0
holdout,0,1.97e-06,0.0
holdout,0,1.214e-05,0.0
holdout,0,9.9e-07,0.0
holdout,0,2.62e-06,0.0
holdout,0,8.7e-07,0.0
holdout,0,3.21e-06,0.0
holdout,0,1.35e-06,0.0
holdout,0,4e-07,0.0
holdout,0,4.6e-07,0.0
holdout,0,4.2e-07,0.0
holdout,0,8.8e-07,0.0
holdout,0,6.3e-07,0.0
holdout,0,9.2e-07,0.0
holdout,0,3.83e-06,0.0
holdout,0,5.9e-07,0.0
holdout,0,0.00023714,0.00121212
holdout,0,3.2e-06,0.0
holdout,0,1.45e-06,0.0
holdout,0,3.9e-07,0.0
holdout,0,2.37e-06,0.0
holdout,0,4.36e-06,0.0
holdout,0,1.08e-06,0.0
holdout,0,2.35e-06,0.0
holdout,0,4.4e-07,0.0
holdout,0,1.29e-06,0.0
holdout,0,4.4e-06,0.0
holdout,0,1.121e-05,0.0
holdout,0,1.01e-06,0.0
holdout,0,1.16e-05,0.0
holdout,0,4.19e-06,0.0
holdout,0,1.61e-06,0.0
holdout,0,3.1e-07,0.0
holdout,0,9.4e-07,0.0
holdout,0,9.87e-06,0.0
holdout,0,2.18e-06,0.0
holdout,0,3.9e-07,0.0
holdout,0,3.77e-06,0.0
holdout,0,4.37e-06,0.0
holdout,0,4.5e-06,0.0
holdout,0,2.89e-06,0.00087951
holdout,0,2.75e-06,0.0
holdout,0,3.38e-06,0.0
holdout,0,2.237e-05,0.0
holdout,0,9.8e-07,0.0
holdout,0,3.5e-06,0.0
holdout,0,2.46e-06,0.0
holdout,0,1.188e-05,0.0
holdout,0,1.03e-06,0.0
holdout,0,9.3e-07,0.0
holdout,0,2e-07,0.0
holdout,0,2e-06,0.0
holdout,0,5.5e-07,0.0
holdout,0,4.9e-07,0.0
holdout,0,2.88e-06,0.0
holdout,0,0.00069816,0.0
holdout,0,2.719e-05,0.00261268
holdout,0,1.83e-06,0.0
holdout,0,1.63e-06,0.0
holdout,0,1.23e-06,0.0
holdout,0,3.14e-06,0.0
holdout,0,4.6e-07,0.0
holdout,0,8.4e-07,0.0
holdout,0,4.1e-07,0.0
holdout,0,2.1e-07,0.0
holdout,0,1.393e-05,0.0
holdout,0,2.61e-06,0.0
holdout,0,5.5e-06,0.0
holdout,0,6e-07,0.0
holdout,0,1.867e-05,0.0
holdout,0,2.27e-06,0.0
holdout,0,2.05e-06,0.0
holdout,0,1.66e-06,0.0
holdout,0,0.0001065,0.0
holdout,0,5.3e-07,0.0
holdout,0,2.01e-06,0.0
holdout,0,8.57e-06,0.0
holdout,0,1.927e-05,0.0
holdout,0,1.64e-06,0.0
holdout,0,1.25e-06,0.0
holdout,0,2.24e-06,0.0
holdout,0,1.157e-05,0.00087951
holdout,0,1.017e-05,0.0
holdout,0,8e-07,0.0
holdout,0,2.66e-06,0.0
holdout,0,1.33e-06,0.0
holdout,0,3.87e-06,0.0
holdout,0,1.521e-05,0.0
holdout,0,2.86e-06,0.0
holdout,0,7.4e-07,0.0
holdout,0,5.9e-07,0.0
holdout,0,6.18e-06,0.0
holdout,0,2.39e-06,0.0
holdout,0,8.7e-07,0.0
holdout,0,4.5e-07,0.0
holdout,0,2.99e-06,0.0
holdout,0,2.794e-05,0.0
holdout,0,1.26e-06,0.0
holdout,0,1.93e-06,0.0
holdout,0,8.38e-05,0.0
holdout,0,1.7e-06,0.0
holdout,0,2.38e-06,0.0
holdout,0,3.86e-06,0.0
holdout,0,1.05e-06,0.0
holdout,0,1.28e-06,0.0
holdout,0,2.51e-06,0.0
holdout,0,8.92e-06,0.0
holdout,0,6.2e-07,0.0
holdout,0,4.75e-06,0.0
holdout,0,2.08e-06,0.0
holdout,0,2.27e-06,0.0
holdout,0,6.1e-07,0.0
holdout,0,6.9e-07,0.0
holdout,0,8.35e-06,0.0
holdout,0,2.799e-05,0.00219298
holdout,0,6.845e-05,0.00087951
holdout,0,1.85e-06,0.0
holdout,0,3.39e-06,0.0
holdout,0,1.61e-06,0.0
holdout,0,1.09e-06,0.0
holdout,0,1.84e-06,0.0
holdout,0,2.453e-05,0.0
holdout,0,4.61e-06,0.0
holdout,0,2.73e-06,0.0
holdout,0,1.16e-06,0.0
holdout,0,6.7e-07,0.0
holdout,0,3.34e-06,0.0
holdout,0,5.18e-06,0.0
holdout,0,3.48e-06,0.0
holdout,0,2.38e-06,0.0
holdout,0,1.82e-06,0.0
holdout,0,3.358e-05,0.00087951
holdout,0,1.396e-05,0.0
holdout,0,3.817e-05,0.0
holdout,0,4.66e-06,0.0
holdout,0,3.37e-06,0.0
holdout,0,1.04e-06,0.0
holdout,0,3.35e-06,0.0
holdout,0,0.00011011,0.00228007
holdout,0,5.6e-07,0.0
holdout,0,2.729e-05,0.0
holdout,0,5.27e-06,0.0
holdout,0,4.14e-06,0.0
holdout,0,5.3e-06,0.0
holdout,0,5.8e-07,0.0
holdout,0,4.17e-06,0.0
holdout,0,1.02e-06,0.0
holdout,0,0.0001432,0.0
holdout,0,4.714e-05,0.00447305
holdout,0,2.83e-06,0.0
holdout,0,3.94e-06,0.0
holdout,0,9.9e-07,0.0
holdout,0,3.39e-06,0.0
holdout,0,9.84e-06,0.0
holdout,0,1.04e-05,0.0
holdout,0,3.97e-06,0.0
holdout,0,1.08e-05,0.0
holdout,0,1.05e-06,0.0
holdout,0,1.706e-05,0.00087951
holdout,0,4.18e-06,0.0
holdout,0,5.3e-07,0.0
holdout,0,6.2e-07,0.0
holdout,0,4.86e-06,0.0
holdout,0,7.6e-07,0.0
holdout,0,3.8e-06,0.0
holdout,0,3.26e-06,0.0
holdout,0,1.2e-06,0.0
holdout,0,1.89e-06,0.0
holdout,0,1.238e-05,0.0
holdout,0,2.1e-07,0.0
holdout,0,1.34e-06,0.0
holdout,0,5.66e-06,0.0
holdout,0,1.02e-06,0.0
holdout,0,8.8e-07,0.0
holdout,0,3.101e-05,0.00480566
holdout,0,3.559e-05,0.0
holdout,0,4.1e-06,0.0
holdout,0,1.04e-06,0.0
holdout,0,1.73e-06,0.0
holdout,0,1.44e-06,0.0
holdout,0,2.31e-06,0.0
holdout,0,2.7e-07,0.0
holdout,0,9.54e-06,0.0
holdout,0,4.96e-06,0.0
holdout,0,3.1e-06,0.0
holdout,0,3.575e-05,0.0
holdout,0,4.45e-06,0.0
holdout,0,1.78e-06,0.0
holdout,0,6.72e-06,0.0
holdout,0,5.736e-05,0.0
holdout,0,2.07e-06,0.0
holdout,0,4.445e-05,0.0
holdout,0,1.63e-06,0.0
holdout,0,2.79e-06,0.0
holdout,0,2.644e-05,0.0
holdout,0,1.9e-06,0.0
holdout,0,5.34e-06,0.0
holdout,0,1e-06,0.0
holdout,0,1.96e-06,0.0
holdout,0,4.974e-05,0.0
holdout,0,7.84e-06,0.0
holdout,0,4.9e-07,0.0
holdout,0,3.41e-06,0.0
holdout,0,3.27e-06,0.0
holdout,0,3.093e-05,0.0
holdout,0,8.5e-07,0.0
holdout,0,7.44e-06,0.0
holdout,0,7.7e-07,0.0
holdout,0,2.15e-06,0.0
holdout,0,1.17e-06,0.0
holdout,0,7.8e-07,0.0
holdout,0,7.6e-07,0.0
holdout,0,1.571e-05,0.0
holdout,0,2.96e-06,0.0
holdout,0,1.09e-06,0.0
holdout,0,1.861e-05,0.0
holdout,0,2.3e-06,0.0
holdout,0,5.19e-06,0.0
holdout,0,1.269e-05,0.00717889
holdout,0,1.023e-05,0.0
holdout,0,6.89e-06,0.0
holdout,0,1.42e-06,0.0
holdout,0,2.73e-06,0.0
holdout,0,3.59e-06,0.0
holdout,0,9.1e-07,0.0
holdout,0,9.33e-06,0.0
holdout,0,5.37e-06,0.0
holdout,0,1.26e-06,0.0
holdout,0,0.00013464,0.0
holdout,0,0.000289,0.00261268
holdout,0,1.068e-05,0.0
holdout,0,7.69e-06,0.0
holdout,0,6.3e-07,0.0
holdout,0,8.7e-07,0.0
holdout,0,1.26e-06,0.0
holdout,0,1.121e-05,0.0
holdout,0,1.242e-05,0.0
holdout,0,1.392e-05,0.0
holdout,0,2.26e-06,0.0
holdout,0,1.68e-06,0.0
holdout,0,4.02e-06,0.0
holdout,0,5.6e-07,0.0
holdout,0,2.75e-06,0.0
holdout,0,6.6e-07,0.0
holdout,0,7.5e-07,0.0
holdout,0,4.8e-07,0.0
holdout,0,7.5e-07,0.0
holdout,0,1.66e-06,0.0
holdout,0,7.7e-07,0.0
holdout,0,9.139e-05,0.00447305
holdout,0,4.5e-07,0.0
holdout,0,1.88e-06,0.0
holdout,0,1.83e-06,0.0
holdout,0,1.23e-06,0.0
holdout,0,1.17e-06,0.0
holdout,0,1.49e-06,0.0
holdout,0,4.3e-07,0.0
holdout,0,6.3e-07,0.0
holdout,0,5.7e-07,0.0
holdout,0,1.43e-06,0.0
holdout,0,9.14e-06,0.0
holdout,0,0.00011655,0.00261268
holdout,0,5.78e-06,0.0
holdout,0,1.21e-06,0.0
holdout,0,1.98e-06,0.0
holdout,0,2.77e-06,0.0
holdout,0,4.7e-07,0.0
holdout,0,9.03e-06,0.0
holdout,0,1.899e-05,0.0
holdout,0,1.55e-06,0.0
holdout,0,4.5e-06,0.0
holdout,0,2.9e-07,0.0
holdout,0,2.71e-06,0.0
holdout,0,1.19e-06,0.0
holdout,0,2.959e-05,0.0
holdout,0,1.141e-05,0.0
holdout,0,8.1e-07,0.0
holdout,0,4.807e-05,0.0
holdout,0,9.71e-06,0.0
holdout,0,1.22e-06,0.0
holdout,0,6.8e-06,0.0
holdout,0,1.79e-06,0.0
holdout,0,5.7e-07,0.0
holdout,0,3.25e-06,0.0
holdout,0,1.84e-06,0.0
holdout,0,1.54e-06,0.0
holdout,0,0.00037195,0.00577833
holdout,0,8.5e-07,0.0
holdout,0,5.109e-05,0.00447305
holdout,0,4.8e-07,0.0
holdout,0,0.0034068,0.00717889
holdout,0,7.85e-06,0.0
holdout,0,1.765e-05,0.0
holdout,0,1.44e-06,0.0
holdout,0,5.64e-06,0.0
holdout,0,1e-06,0.0
holdout,0,6.74e-06,0.0
holdout,0,2.22e-06,0.0
holdout,0,6.4e-07,0.0
holdout,0,4.083e-05,0.0
holdout,0,1.08e-06,0.0
holdout,0,1.27e-06,0.0
holdout,0,0.0027292,0.00228007
holdout,0,3.54e-06,0.0
holdout,0,1.86e-06,0.0
holdout,0,3.18e-06,0.0
holdout,0,3.54e-05,0.0
holdout,0,9.98e-06,0.0
holdout,0,1.77e-06,0.0
holdout,0,1.184e-05,0.0
holdout,0,5.6e-07,0.0
holdout,0,2.605e-05,0.0
holdout,0,6.7e-07,0.0
holdout,0,1.225e-05,0.0
holdout,0,1.914e-05,0.0
holdout,0,8.7e-07,0.0
holdout,0,4.4e-07,0.0
holdout,0,4.653e-05,0.00087951
holdout,0,8.8e-07,0.0
holdout,0,3.8e-07,0.0
holdout,0,8.9e-07,0.0
holdout,0,5.54e-06,0.0
holdout,0,1.64e-06,0.0
holdout,0,6.2e-07,0.0
holdout,0,3.746e-05,0.0
holdout,0,2.12e-06,0.0
holdout,0,1.55e-06,0.0
holdout,0,1.667e-05,0.0
holdout,0,1.21e-06,0.0
holdout,0,1.891e-05,0.0
holdout,0,1.12e-06,0.0
holdout,0,1.888e-05,0.0
holdout,0,6.1e-07,0.0
holdout,0,1.181e-05,0.0
holdout,0,1.1e-06,0.0
holdout,0,7.32e-06,0.0
holdout,0,7.128e-05,0.0
holdout,0,1.85e-06,0.0
holdout,0,0.00012706,0.0
holdout,0,1.91e-06,0.0
holdout,0,3.14e-06,0.0
holdout,0,6.3e-07,0.0
holdout,0,6.43e-05,0.0
holdout,0,3.18e-06,0.0
holdout,0,5.24e-06,0.0
holdout,0,1.25e-06,0.0
holdout,0,4.82e-06,0.0
holdout,0,2.218e-05,0.0
holdout,0,6.2e-07,0.0
holdout,0,5.79e-06,0.0
holdout,0,1.01e-06,0.0
holdout,0,7.5e-07,0.0
holdout,0,1.4e-06,0.0
holdout,0,3.06e-06,0.0
holdout,0,3.6e-06,0.0
holdout,0,7.86e-06,0.0
holdout,0,1.2e-06,0.0
holdout,0,5.974e-05,0.0
holdout,0,3.22e-06,0.0
holdout,0,1.22e-06,0.0
holdout,0,1.72e-06,0.0
holdout,0,9.07e-06,0.0
holdout,0,1.04e-06,0.0
holdout,0,6.11e-06,0.0
holdout,0,6.27e-06,0.0
holdout,0,6.09e-06,0.0
holdout,0,0.0002043,0.0
holdout,0,9.38e-06,0.0
holdout,0,3.19e-06,0.0
holdout,0,0.00020107,0.00087951
holdout,0,4.96e-06,0.0
holdout,0,2.74e-06,0.0
holdout,0,2.77e-06,0.0
holdout,0,4.51e-06,0.0
holdout,0,7.8e-07,0.0
holdout,0,3.79e-06,0.0
holdout,0,3.7e-07,0.0
holdout,0,1.47e-06,0.0
holdout,0,0.00721532,0.21305106
holdout,0,0.00013149,0.0
holdout,0,6.36e-06,0.0
holdout,0,2.16e-06,0.0
holdout,0,5.444e-05,0.0
holdout,0,2.2e-06,0.0
holdout,0,5.7e-07,0.0
holdout,0,6.4e-07,0.0
holdout,0,9e-07,0.0
holdout,0,5.662e-05,0.0034051
holdout,0,2.597e-05,0.0
holdout,0,4.4e-07,0.0
holdout,0,3.327e-05,0.00684628
holdout,0,4.71e-06,0.0
holdout,0,2.45e-06,0.0
holdout,0,6.52e-06,0.0
holdout,0,2.01e-06,0.0
holdout,0,9.8e-07,0.0
holdout,0,2.77e-06,0.0
holdout,0,1.929e-05,0.0
holdout,0,1.254e-05,0.0
holdout,0,1.062e-05,0.0
holdout,0,6.9e-07,0.0
holdout,0,1.94e-06,0.0
holdout,0,2.11e-06,0.0
holdout,0,1.62e-06,0.0
holdout,0,1.08e-06,0.0
holdout,0,8.1e-07,0.0
holdout,0,1.2e-06,0.0
holdout,0,1.14e-06,0.0
holdout,0,1.167e-05,0.0
holdout,0,0.00030074,0.00087951
holdout,0,1.71e-06,0.0
holdout,0,0.00017065,0.00359354
holdout,0,1.876e-05,0.0
holdout,0,2.52e-06,0.0
holdout,0,1.075e-05,0.0
holdout,0,1.063e-05,0.0
holdout,0,2.23e-06,0.0
holdout,0,1.462e-05,0.0
holdout,0,4.55e-06,0.0
holdout,0,1.34e-06,0.0
holdout,0,5.51e-06,0.0
holdout,0,1.16e-06,0.0
holdout,0,2.47e-06,0.0
holdout,0,9.2e-07,0.0
holdout,0,0.00242748,0.00261268
holdout,0,1.64e-06,0.0
holdout,0,8.7e-07,0.0
holdout,0,4.46e-06,0.0
holdout,0,1.95e-06,0.0
holdout,0,2.47e-06,0.0
holdout,0,1.965e-05,0.0
holdout,0,1.34e-06,0.0
holdout,0,3.8e-07,0.0
holdout,0,9.19e-06,0.0
holdout,0,2.166e-05,0.00219298
holdout,0,4.56e-06,0.0
holdout,0,5.49e-06,0.0
holdout,0,6.2e-07,0.0
holdout,0,3.5e-07,0.0
holdout,0,5.42e-06,0.0
holdout,0,1.093e-05,0.0
holdout,0,1.34e-06,0.0
holdout,0,4.6e-07,0.0
holdout,0,1.33e-06,0.0
holdout,0,1.888e-05,0.0
holdout,0,6.72e-06,0.0
holdout,0,0.00015397,0.0
holdout,0,1.24e-06,0.0
holdout,0,3.99e-06,0.0
holdout,0,0.00010622,0.0
holdout,0,2.71e-06,0.0
holdout,0,1.18e-06,0.0
holdout,0,1.75e-05,0.0
holdout,0,8.5e-07,0.0
holdout,0,5.287e-05,0.00684628
holdout,0,7.89e-06,0.0
holdout,0,1.8e-07,0.0
holdout,0,3.281e-05,0.0
holdout,0,9.81e-06,0.0
holdout,0,1.93e-06,0.0
holdout,0,4.54e-06,0.0
holdout,0,8.86e-06,0.0
holdout,0,2.55e-06,0.0
holdout,0,3.465e-05,0.0
holdout,0,7.1e-07,0.0
holdout,0,8.2e-07,0.0
holdout,0,5.615e-05,0.00087951
holdout,0,8.622e-05,0.0
holdout,0,2.51e-06,0.0
holdout,0,5.46e-06,0.0
holdout,0,2.55e-06,0.0
holdout,0,6.88e-06,0.0
holdout,0,1.307e-05,0.0
holdout,0,7.9e-07,0.0
holdout,0,1.06e-06,0.0
holdout,0,2.78e-06,0.0
holdout,0,1.78e-06,0.0
holdout,0,9.3e-07,0.0
holdout,0,2.142e-05,0.0
holdout,0,1.082e-05,0.0
holdout,0,2.398e-05,0.0
holdout,0,1.764e-05,0.0
holdout,0,0.00287329,0.00480566
holdout,0,4.43e-06,0.0
holdout,0,1e-06,0.0
holdout,0,1e-06,0.0
holdout,0,1.72e-06,0.0
holdout,0,1.93e-06,0.0
holdout,0,2.57e-06,0.0
holdout,0,2.19e-06,0.0
holdout,0,1.27e-06,0.0
holdout,0,2.9e-06,0.0
holdout,0,0.00070323,0.00717889
holdout,0,9.7e-06,0.0
holdout,0,1.845e-05,0.0
holdout,0,1.63e-06,0.0
holdout,0,8.16e-06,0.0
holdout,0,5.5e-07,0.0
holdout,0,2.73e-06,0.0
holdout,0,3.73e-05,0.0
holdout,0,7.1e-06,0.0
holdout,0,0.00026381,0.0
holdout,0,2.11e-06,0.0
holdout,0,0.00010119,0.0
holdout,0,4.58e-06,0.0
holdout,0,6.34e-06,0.0
holdout,0,1.226e-05,0.0
holdout,0,3.89e-06,0.0
holdout,0,2.18e-05,0.00140056
holdout,0,3.851e-05,0.0
holdout,0,1.69e-06,0.0
holdout,0,4.04e-06,0.0
holdout,0,7.48e-06,0.0
holdout,0,4.8e-06,0.0
holdout,0,2.47e-06,0.0
holdout,0,5.11e-06,0.0
holdout,0,0.0004285,0.0
holdout,0,2.01e-05,0.0
holdout,0,1.23e-06,0.0
holdout,0,1e-06,0.0
holdout,0,2.11e-06,0.0
holdout,0,1.352e-05,0.0
holdout,0,5.15e-06,0.0
holdout,0,3.51e-06,0.0
holdout,0,1.09e-06,0.0
holdout,0,4.67e-06,0.0
holdout,0,1.81e-06,0.0
holdout,0,0.00145197,0.00307249
holdout,0,1.499e-05,0.0
holdout,0,6.31e-06,0.0
holdout,0,2.4e-07,0.0
holdout,0,3.28e-06,0.0
holdout,0,6.4e-07,0.0
holdout,0,6.7e-07,0.0
holdout,0,1.45e-06,0.0
holdout,0,3.7e-06,0.0
holdout,0,9.2e-07,0.0
holdout,0,6.63e-05,0.0
holdout,0,1.77e-06,0.0
holdout,0,7.3e-07,0.0
holdout,0,2.51e-06,0.0
holdout,0,3.97e-06,0.0
holdout,0,5.9e-07,0.0
holdout,0,3.14e-06,0.0
holdout,0,2.58e-06,0.0
holdout,0,5.56e-06,0.0
holdout,0,2.11e-06,0.0
holdout,0,1.07e-06,0.0
holdout,0,2.65e-06,0.0
holdout,0,0.00027164,0.0
holdout,0,3.56e-06,0.0
holdout,0,1.96e-06,0.0
holdout,0,3.9e-07,0.0
holdout,0,2.58e-06,0.0
holdout,0,2.8e-06,0.0
holdout,0,3.65e-06,0.0
holdout,0,3.08e-05,0.0
holdout,0,2.94e-06,0.0
holdout,0,4.21e-06,0.0
holdout,0,9.2e-07,0.0
holdout,0,8.31e-06,0.0
holdout,0,2.71e-06,0.0
holdout,0,7.84e-06,0.0
holdout,0,8.93e-06,0.0
holdout,0,4.18e-06,0.0
holdout,0,1.158e-05,0.0
holdout,0,6e-07,0.0
holdout,0,2.4e-07,0.0
holdout,0,3.17e-06,0.0
holdout,0,2.17e-06,0.0
holdout,0,1.45e-06,0.0
holdout,0,1.624e-05,0.0
holdout,0,3.31e-06,0.0
holdout,0,3.38e-06,0.0
holdout,0,4.07e-06,0.0
holdout,0,3.87e-06,0.0
holdout,0,1.768e-05,0.0
holdout,0,3.43e-06,0.0
holdout,0,2.23e-06,0.0
holdout,0,9.7e-07,0.0
holdout,0,7.8e-07,0.0
holdout,0,7.06e-06,0.0
holdout,0,3.19e-06,0.0
holdout,0,1.79e-06,0.0
holdout,0,5.99e-06,0.0
holdout,0,0.00025764,0.0
holdout,0,0.00318228,0.00480566
holdout,0,1.84e-06,0.0
holdout,0,1.02e-06,0.0
holdout,0,1.49e-06,0.0
holdout,0,9.1e-07,0.0
holdout,0,1.87e-06,0.0
holdout,0,6.93e-06,0.0
holdout,0,3.96e-06,0.0
holdout,0,2.6e-06,0.0
holdout,0,3.15e-06,0.0
holdout,0,1.519e-05,0.0
holdout,0,0.00057249,0.0
holdout,0,1.92e-06,0.0
holdout,0,4.74e-06,0.0
holdout,0,8.96e-06,0.0
holdout,0,2.76e-06,0.0
holdout,0,2.87e-06,0.0
holdout,0,1.41e-06,0.0
holdout,0,8.5e-07,0.0
holdout,0,1.86e-06,0.0
holdout,0,3.04e-06,0.0
holdout,0,2.16e-06,0.0
holdout,0,1.73e-06,0.0
holdout,0,3.07e-06,0.0
holdout,0,1.331e-05,0.0
holdout,0,1.39e-06,0.0
holdout,0,2.39e-06,0.0
holdout,0,2.34e-06,0.0
holdout,0,2.04e-06,0.0
holdout,0,2.19e-06,0.0
holdout,0,4.65e-06,0.0
holdout,0,2.206e-05,0.0
holdout,0,5.23e-06,0.0
holdout,0,1.237e-05,0.0
holdout,0,1.62e-06,0.0
holdout,0,1.004e-05,0.0
holdout,0,1.33e-06,0.0
holdout,0,2.99e-06,0.0
holdout,0,6.9e-07,0.0
holdout,0,8.8e-07,0.0
holdout,0,5e-07,0.0
holdout,0,7.1e-07,0.0
holdout,0,1.065e-05,0.0
holdout,0,4.31e-06,0.0
holdout,0,0.00031437,0.00140056
holdout,0,7.6e-06,0.0
holdout,0,2.33e-06,0.0
holdout,0,6.52e-06,0.0
holdout,0,1.37e-06,0.0
holdout,0,2.174e-05,0.0
holdout,0,6.4e-07,0.0
holdout,0,8.9e-07,0.0
holdout,0,5.93e-06,0.0
holdout,0,2.18e-06,0.0
holdout,0,3.601e-05,0.0
holdout,0,8.8e-07,0.0
holdout,0,3.4e-07,0.0
holdout,0,2.58e-06,0.0
holdout,0,5.87e-06,0.0
holdout,0,1.465e-05,0.00447305
holdout,0,5.29e-06,0.0
holdout,0,2.48e-06,0.0
holdout,0,4.3e-07,0.0
holdout,0,5.9e-07,0.0
holdout,0,0.00013596,0.0
holdout,0,2.05e-05,0.0
holdout,0,1.712e-05,0.0
holdout,0,3.8e-06,0.0
holdout,0,7.6e-07,0.0
holdout,0,3.95e-06,0.0
holdout,0,5.05e-06,0.0
holdout,0,2.03e-06,0.0
holdout,0,3.3e-06,0.0
holdout,0,1.03e-06,0.0
holdout,0,3.935e-05,0.0
holdout,0,1.764e-05,0.0
holdout,0,1.876e-05,0.0
holdout,0,2.89e-06,0.0
holdout,0,3.31e-06,0.0
holdout,0,8e-07,0.0
holdout,0,7.08e-06,0.0
holdout,0,7.824e-05,0.00359354
holdout,0,7.9e-07,0.0
holdout,0,1.97e-06,0.0
holdout,0,5.8e-07,0.0
holdout,0,4.3e-06,0.0
holdout,0,9.9e-07,0.0
holdout,0,2.83e-06,0.0
holdout,0,5.3e-07,0.0
holdout,0,1.77e-06,0.0
holdout,0,1.42e-06,0.0
holdout,0,0.00065042,0.00307249
holdout,0,7.66e-06,0.0
holdout,0,8.36e-06,0.0
holdout,0,4.48e-06,0.0
holdout,0,1.4e-07,0.0
holdout,0,0.00079648,0.00717889
holdout,0,2.44e-06,0.0
holdout,0,2.607e-05,0.0
holdout,0,2.08e-06,0.0
holdout,0,6.92e-06,0.0
holdout,0,9.7e-07,0.0
holdout,0,3.89e-06,0.0
holdout,0,9.3e-07,0.0
holdout,0,2.08e-06,0.0
holdout,0,5.8e-07,0.0
holdout,0,9.9e-07,0.0
holdout,0,4.43e-06,0.0
holdout,0,3.46e-06,0.0
holdout,0,5.4e-07,0.0
holdout,0,2.9e-07,0.0
holdout,0,1.93e-06,0.0
holdout,0,6.49e-06,0.0
holdout,0,8.2e-07,0.0
holdout,0,1.18e-06,0.0
holdout,0,1.08e-06,0.0
holdout,0,1.105e-05,0.0
holdout,0,1.45e-06,0.0
holdout,0,0.99327455,0.3954934
holdout,0,1.56e-06,0.0
holdout,0,2.209e-05,0.0
holdout,0,5.45e-06,0.0
holdout,0,1.598e-05,0.0
holdout,0,3.8e-07,0.0
holdout,0,4.84e-06,0.0
holdout,0,1.99e-06,0.0
holdout,0,6.7e-07,0.0
holdout,0,4.9e-06,0.0
holdout,0,4.292e-05,0.0
holdout,0,8.18e-06,0.0
holdout,0,2.02e-06,0.0
holdout,0,3.38e-06,0.0
holdout,0,6.16e-06,0.0
holdout,0,5.6e-07,0.0
holdout,0,1.18e-06,0.0
holdout,0,2.65e-06,0.0
holdout,0,2.51e-06,0.0
holdout,0,1.21e-06,0.0
holdout,0,4.16e-06,0.0
holdout,0,3.65e-06,0.0
holdout,0,1.17e-06,0.0
holdout,0,6.6e-07,0.0
holdout,0,5.4e-07,0.0
holdout,0,5.48e-06,0.0
holdout,0,1.06e-06,0.0
holdout,0,2.511e-05,0.00087951
holdout,0,7.07e-06,0.0
holdout,0,2.32e-06,0.0
holdout,0,5.1e-07,0.0
holdout,0,3.34e-06,0.0
holdout,0,3.15e-06,0.0
holdout,0,1.349e-05,0.0
holdout,0,1.791e-05,0.0
holdout,0,3.83e-06,0.0
holdout,0,3.85e-06,0.0
holdout,0,6.7e-06,0.0
holdout,0,6.9e-07,0.0
holdout,0,0.00011668,0.00121212
holdout,0,3.39e-06,0.0
holdout,0,2.997e-05,0.0
holdout,0,3.65e-06,0.0
holdout,0,6.42e-06,0.0
holdout,0,2.67e-06,0.0
holdout,0,6.9e-07,0.0
holdout,0,4.74e-06,0.0
holdout,0,2.11e-05,0.0
holdout,0,2.48e-06,0.0
holdout,0,3.16e-06,0.0
holdout,0,1.21e-06,0.0
holdout,0,2.99e-06,0.0
holdout,0,7.94e-06,0.0
holdout,0,3.568e-05,0.0
holdout,0,5.44e-06,0.0
holdout,0,1e-06,0.0
holdout,0,4.3e-07,0.0
holdout,0,2.61e-06,0.0
holdout,0,2.22e-06,0.0
holdout,0,2.11e-06,0.0
holdout,0,2.37e-06,0.0
holdout,0,8.54e-06,0.0
holdout,0,1.04e-06,0.0
holdout,0,5.73e-06,0.0
holdout,0,1.26e-06,0.0
holdout,0,1.55e-05,0.0
holdout,0,1.6e-06,0.0
holdout,0,8.6e-07,0.0
holdout,0,1.529e-05,0.0
holdout,0,3.9e-07,0.0
holdout,0,3.83e-06,0.0
holdout,0,2.27e-06,0.0
holdout,0,3.24e-06,0.0
holdout,0,1.9e-06,0.0
holdout,0,2.07e-06,0.0
holdout,0,4.69e-06,0.0
holdout,0,0.00033272,0.0
holdout,0,6e-07,0.0
holdout,0,1.94e-06,0.0
holdout,0,2.7e-06,0.0
holdout,0,5.3e-07,0.0
holdout,0,7.29e-06,0.0
holdout,0,3.72e-06,0.0
holdout,0,4.25e-06,0.0
holdout,0,3.28e-06,0.0
holdout,0,4.479e-05,0.0
holdout,0,1.512e-05,0.0
holdout,0,1.72e-06,0.0
holdout,0,9.8e-07,0.0
holdout,0,3.33e-06,0.0
holdout,0,8.7e-07,0.0
holdout,0,1.926e-05,0.0
holdout,0,1.47e-06,0.0
holdout,0,8.7e-07,0.0
holdout,0,4.85e-06,0.0
holdout,0,2.7e-06,0.0
holdout,0,3.16e-06,0.0
holdout,0,2.34e-06,0.0
holdout,0,1.81e-06,0.0
holdout,0,1.17e-06,0.0
holdout,0,1.56e-06,0.0
holdout,0,2e-06,0.0
holdout,0,2.961e-05,0.0
holdout,0,5.1e-07,0.0
holdout,0,1.5e-06,0.0
holdout,0,1.02e-06,0.00577833
holdout,0,6.9e-07,0.0
holdout,0,1.56e-06,0.0
holdout,0,5.4e-07,0.0
holdout,0,6.8e-07,0.0
holdout,0,6.61e-06,0.0
holdout,0,1.52e-06,0.0
holdout,0,1.19e-06,0.0
holdout,0,7.78e-06,0.0
holdout,0,1.81e-06,0.0
holdout,0,0.00019618,0.0
holdout,0,2.13e-05,0.00717889
holdout,0,1.22e-06,0.0
holdout,0,3.77e-06,0.00121212
holdout,0,1.54e-06,0.0
holdout,0,2.41e-06,0.0
holdout,0,5.7e-07,0.0
holdout,0,5.26e-06,0.0
holdout,0,1.52e-06,0.0
holdout,0,3.63e-06,0.0
holdout,0,1.128e-05,0.0
holdout,0,2.4e-06,0.0
holdout,0,6.6e-06,0.0
holdout,0,1.1e-06,0.0
holdout,0,3.3e-07,0.0
holdout,0,2.46e-06,0.00121212
holdout,0,4.58e-06,0.0
holdout,0,1.03e-06,0.0
holdout,0,2.29e-06,0.0
holdout,0,4.18e-06,0.0
holdout,0,6.28e-06,0.0
holdout,0,2.48e-06,0.0
holdout,0,2.62e-06,0.0
holdout,0,5.86e-06,0.0
holdout,0,3.01e-06,0.0
holdout,0,9.93e-06,0.00087951
holdout,0,2.2e-06,0.0
holdout,0,2.08e-06,0.0
holdout,0,2.459e-05,0.0
holdout,0,1.84e-06,0.0
holdout,0,3.7e-07,0.0
holdout,0,3.362e-05,0.0
holdout,0,3.673e-05,0.0
holdout,0,2.56e-06,0.0
holdout,0,2.07e-06,0.0
holdout,0,6.4e-07,0.0
holdout,0,3.18e-06,0.0
holdout,0,6.9e-06,0.0
holdout,0,9.5e-07,0.0
holdout,0,9.2e-07,0.0
holdout,0,1.66e-06,0.0
holdout,0,1.77e-06,0.0
holdout,0,8.3e-07,0.0
holdout,0,5.98e-06,0.0
holdout,0,6.41e-06,0.0
holdout,0,4.28e-06,0.0
holdout,0,1.99e-06,0.0
holdout,0,0.00016525,0.00480566
holdout,0,0.00059986,0.00219298
holdout,0,2.322e-05,0.0
holdout,0,9.2e-07,0.0
holdout,0,9.7e-07,0.0
holdout,0,1.06e-06,0.0
holdout,0,5.01e-06,0.0
holdout,0,4.19e-06,0.0
holdout,0,8.2e-07,0.0
holdout,0,6.7e-07,0.0
holdout,0,4.6e-07,0.0
holdout,0,2.92e-06,0.0
holdout,0,2.38e-06,0.0
holdout,0,1.13e-06,0.0
holdout,0,1.43e-06,0.0
holdout,0,2.43e-06,0.0
holdout,0,4.3e-07,0.0
holdout,0,1.25e-06,0.0
holdout,0,2.29e-06,0.0
holdout,0,5.566e-05,0.0
holdout,0,2.06e-06,0.0
holdout,0,4.63e-06,0.0
holdout,0,1.66e-06,0.0
holdout,0,7.77e-06,0.0
holdout,0,1.39e-06,0.0
holdout,0,3.32e-06,0.0
holdout,0,9.7e-07,0.0
holdout,0,4.69e-06,0.0
holdout,0,5.7e-07,0.0
holdout,0,1.3e-06,0.0
holdout,0,1.79e-06,0.0
holdout,0,2.26e-06,0.0
holdout,0,0.00020945,0.0
holdout,0,1.86e-06,0.0
holdout,0,4.6e-07,0.0
holdout,0,2.5e-06,0.0
holdout,0,3.06e-06,0.0
holdout,0,2.15e-06,0.0
holdout,0,4.9e-07,0.0
holdout,0,2.22e-06,0.0
holdout,0,3.351e-05,0.00219298
holdout,0,4.3e-07,0.0
holdout,0,2.012e-05,0.0
holdout,0,7.9e-07,0.0
holdout,0,2.77e-06,0.0
holdout,0,3.54e-06,0.0
holdout,0,4.94e-06,0.0
holdout,0,1.61e-06,0.0
holdout,0,1.9e-06,0.0
holdout,0,7.2e-07,0.0
holdout,0,1.464e-05,0.00087951
holdout,0,7.13e-06,0.0
holdout,0,1.023e-05,0.0
holdout,0,8.95e-06,0.0
holdout,0,2.576e-05,0.0
holdout,0,3.79e-06,0.0
holdout,0,4.46e-06,0.0
holdout,0,1.6e-06,0.00228007
holdout,0,0.00089291,0.00219298
holdout,0,8.6e-07,0.0
holdout,0,1.72e-06,0.0
holdout,0,6.59e-06,0.0
holdout,0,1.31e-06,0.0
holdout,0,1e-06,0.0
holdout,0,1.704e-05,0.0
holdout,0,2.5e-07,0.0
holdout,0,3.8e-07,0.0
holdout,0,2.66e-06,0.0
holdout,0,2.36e-06,0.0
holdout,0,5.6e-07,0.0
holdout,0,7.43e-06,0.0
holdout,0,3.86e-06,0.0
holdout,0,1.574e-05,0.0
holdout,0,3.119e-05,0.0
holdout,0,2.195e-05,0.0
holdout,0,6.57e-06,0.0
holdout,0,8.7e-07,0.0
holdout,0,3.16e-06,0.0
holdout,0,7.7e-07,0.0
holdout,0,1.599e-05,0.0
holdout,0,2.55e-06,0.0
holdout,0,1.34e-06,0.0
holdout,0,1.45e-06,0.0
holdout,0,2.87e-06,0.0
holdout,0,5.88e-06,0.0
holdout,0,9.9e-07,0.0
holdout,0,8.37e-06,0.0
holdout,0,1.62e-06,0.0
holdout,0,1.99e-06,0.0
holdout,0,3.22e-06,0.0
holdout,0,1.068e-05,0.0
holdout,0,7.19e-06,0.00087951
holdout,0,4.4e-06,0.0
holdout,0,5.67e-06,0.0
holdout,0,3.6e-07,0.0
holdout,0,1.41e-06,0.0
holdout,0,2.266e-05,0.00359354
holdout,0,3.994e-05,0.0
holdout,0,1.253e-05,0.0
holdout,0,6.85e-06,0.0
holdout,0,0.00011744,0.0
holdout,0,6.6e-06,0.0
holdout,0,1.72e-06,0.0
holdout,0,2.55e-06,0.0
holdout,0,3.75e-06,0.0
holdout,0,1.57e-06,0.0
holdout,0,1.61e-06,0.0
holdout,0,1.73e-06,0.0
holdout,0,1.39e-06,0.0
holdout,0,1.38e-06,0.0
holdout,0,4.9e-07,0.0
holdout,0,6.3e-07,0.0
holdout,0,6.21e-06,0.0
holdout,0,1.58e-05,0.0
holdout,0,1.12e-06,0.0
holdout,0,2.54e-06,0.0
holdout,0,3.28e-06,0.0
holdout,0,2.3e-06,0.0
holdout,0,5.1e-07,0.0
holdout,0,3.229e-05,0.0
holdout,0,7.4e-07,0.0
holdout,0,1.82e-06,0.0
holdout,0,3.8e-06,0.0
holdout,0,7.5e-07,0.0
holdout,0,1.25e-06,0.0
holdout,0,5.4e-06,0.0
holdout,0,3.301e-05,0.0
holdout,0,2.63e-06,0.0
holdout,0,1.02e-06,0.0
holdout,0,8e-07,0.0
holdout,0,4.2e-07,0.0
holdout,0,8.9e-07,0.0
holdout,0,3.72e-06,0.0
holdout,0,1.58e-06,0.0
holdout,0,1.211e-05,0.0
holdout,0,1.83e-06,0.0
holdout,0,1.46e-05,0.0
holdout,0,1.62e-06,0.0
holdout,0,3.24e-06,0.0
holdout,0,1.45e-06,0.0
holdout,0,5.7e-07,0.0
holdout,0,2.94e-06,0.0
holdout,0,4.09e-06,0.0
holdout,0,9e-07,0.0
holdout,0,4e-06,0.0
holdout,0,1.506e-05,0.0
holdout,0,1.21e-06,0.0
holdout,0,9.3e-07,0.0
holdout,0,2.22e-06,0.0
holdout,0,6.6e-06,0.00087951
holdout,0,4.32e-06,0.0
holdout,0,8.51e-06,0.0
holdout,0,6.64e-06,0.0
holdout,0,1.119e-05,0.0
holdout,0,8.1e-07,0.0
holdout,0,1.22e-06,0.0
holdout,0,1.55e-06,0.0
holdout,0,5.83e-06,0.0
holdout,0,1.523e-05,0.0
holdout,0,1.7e-06,0.0
holdout,0,3.3e-07,0.0
holdout,0,1.781e-05,0.0
holdout,0,8.621e-05,0.0
holdout,0,6.2e-07,0.0
holdout,0,1.58e-06,0.0
holdout,0,3.8e-07,0.0
holdout,0,2.2e-07,0.0
holdout,0,3.4e-07,0.0
holdout,0,6.2e-07,0.0
holdout,0,6e-07,0.0
holdout,0,1.89e-06,0.0
holdout,0,1.16e-06,0.0
holdout,0,6.4e-07,0.0
holdout,0,4e-07,0.0
holdout,0,8.6e-07,0.0
holdout,0,1.2e-07,0.0
holdout,0,4.1e-07,0.0
holdout,0,9.3e-07,0.0
holdout,0,4.485e-05,0.0
holdout,0,1.13e-06,0.0
holdout,0,3.4e-07,0.0
holdout,0,1.22e-06,0.0
holdout,0,2.7e-07,0.0
holdout,0,3.3e-07,0.0
holdout,0,3.38e-06,0.0
holdout,0,3.1e-07,0.0
holdout,0,2.5e-07,0.0
holdout,0,6.9e-07,0.0
holdout,0,1.14e-06,0.0
holdout,0,3.051e-05,0.0
holdout,0,8.8e-07,0.0
holdout,0,4.4e-07,0.0
holdout,0,1.495e-05,0.0
holdout,0,5e-07,0.0
holdout,0,2.01e-06,0.0
holdout,0,1.31e-06,0.0
holdout,0,1.41e-06,0.0
holdout,0,6.1e-07,0.0
holdout,0,6.5e-07,0.0
holdout,0,4.5e-07,0.0
holdout,0,4.394e-05,0.0
holdout,0,3.02e-06,0.0
holdout,0,2.07e-06,0.0
holdout,0,1.54e-06,0.0
holdout,0,0.00184281,0.13917834
holdout,0,1.087e-05,0.0
holdout,0,1.09e-06,0.0
holdout,0,9.9e-07,0.0
holdout,0,3.7e-07,0.0
holdout,0,7.8e-06,0.0
holdout,0,3.1e-07,0.0
holdout,0,1.41e-06,0.0
holdout,0,2.16e-06,0.0
holdout,0,3.51e-06,0.0
holdout,0,3.8e-07,0.0
holdout,0,1.8e-06,0.0
holdout,0,2.1e-07,0.0
holdout,0,4.6e-07,0.0
holdout,0,3.4e-07,0.0
holdout,0,7.6e-07,0.0
holdout,0,1.677e-05,0.0
holdout,0,1.73e-06,0.0
holdout,0,2.48e-06,0.0
holdout,0,9.5e-07,0.0
holdout,0,3.8e-07,0.0
holdout,0,8.2e-07,0.0
holdout,0,8.1e-07,0.0
holdout,0,8.1e-07,0.0
holdout,0,1.75e-06,0.0
holdout,0,6.4e-07,0.0
holdout,0,3.9e-07,0.0
holdout,0,4.105e-05,0.0
holdout,0,1.45e-06,0.0
holdout,0,1.01e-06,0.0
holdout,0,3.09e-06,0.0
holdout,0,4.68e-06,0.0
holdout,0,3.9e-07,0.0
holdout,0,1.32e-06,0.0
holdout,0,5.8e-07,0.0
holdout,0,5.5e-07,0.0
holdout,0,8.03e-05,0.0
holdout,0,8.89e-06,0.00140056
holdout,0,1.437e-05,0.00228007
holdout,0,1.56e-06,0.0
holdout,0,7.53e-06,0.0
holdout,0,4.654e-05,0.00447305
holdout,0,3.2e-07,0.0
holdout,0,1.037e-05,0.0
holdout,0,5.4e-07,0.0
holdout,0,1.98e-06,0.0
holdout,0,5.3e-07,0.0
holdout,0,2.4e-07,0.0
holdout,0,3.39e-06,0.0
holdout,0,4.81e-06,0.0
holdout,0,4.25e-06,0.0
holdout,0,3.57e-06,0.0
holdout,0,5e-07,0.0
holdout,0,4.78e-06,0.0
holdout,0,1.55e-06,0.0
holdout,0,6.4e-07,0.0
holdout,0,2.4e-06,0.0
holdout,0,5.7e-07,0.0
holdout,0,1.15e-06,0.0
holdout,0,2.6e-07,0.0
holdout,0,7.2e-07,0.0
holdout,0,1.29e-06,0.0
holdout,0,1.17e-06,0.0
holdout,0,6.7e-07,0.0
holdout,0,7.03e-06,0.0
holdout,0,5.29e-06,0.0
holdout,0,3.3e-07,0.0
holdout,0,3.18e-06,0.0
holdout,0,2.04e-06,0.0
holdout,0,1.48e-06,0.0
holdout,0,1.48e-06,0.0
holdout,0,4.22e-06,0.0
holdout,0,5.29e-06,0.0
holdout,0,3.98e-06,0.0
holdout,0,5.34e-06,0.0
holdout,0,1.11e-06,0.0
holdout,0,9.4e-07,0.0
holdout,0,7.3e-07,0.0
holdout,0,0.00118796,0.00228007
holdout,0,7.2e-07,0.0
holdout,0,9.7e-07,0.0
holdout,0,0.00016951,0.0
holdout,0,1.93e-06,0.0
holdout,0,9.4e-07,0.0
holdout,0,4.784e-05,0.0
holdout,0,1.35e-06,0.0
holdout,0,1.097e-05,0.0
holdout,0,2.37e-06,0.0
holdout,0,8.1e-06,0.0
holdout,0,1.009e-05,0.0
holdout,0,2.41e-06,0.0
holdout,0,1.01e-06,0.0
holdout,0,4.2e-07,0.0
holdout,0,4.52e-06,0.0
holdout,0,3.59e-06,0.0
holdout,0,1.9e-07,0.0
holdout,0,1.61e-06,0.0
holdout,0,3.01e-06,0.0
holdout,0,4.8e-07,0.0
holdout,0,4.65e-06,0.0
holdout,0,1.55e-06,0.0
holdout,0,5.02e-06,0.0
holdout,0,5.2e-07,0.0
holdout,0,3.2e-07,0.0
holdout,0,6.3e-07,0.0
holdout,0,8.9e-07,0.0
holdout,0,3.1e-07,0.0
holdout,0,8.6e-07,0.0
holdout,0,7.64e-06,0.0
holdout,0,5.5e-07,0.0
holdout,0,1.56e-06,0.0
holdout,0,1.263e-05,0.0
holdout,0,2.26e-06,0.0
holdout,0,8.45e-06,0.0
holdout,0,7.6e-06,0.00456621
holdout,0,3.77e-06,0.0
holdout,0,2.36e-06,0.0
holdout,0,1.77e-06,0.0
holdout,0,0.35144149,0.16569201
holdout,0,8.2e-07,0.0
holdout,0,3.37e-06,0.0
holdout,0,1.01e-06,0.0
holdout,0,1.13e-06,0.0
holdout,0,2.07e-06,0.0
holdout,0,1.95e-06,0.0
holdout,0,7.7e-07,0.0
holdout,0,7.1e-07,0.0
holdout,0,1.502e-05,0.0
holdout,0,9.9e-07,0.0
holdout,0,5.1e-07,0.0
holdout,0,7.9e-07,0.0
holdout,0,4.7e-07,0.0
holdout,0,8.21e-06,0.0
holdout,0,9.86e-06,0.0
holdout,0,1.31e-06,0.0
holdout,0,1.21e-05,0.0
holdout,0,8.7e-07,0.0
holdout,0,2.75e-06,0.0
holdout,0,4.84e-06,0.0
holdout,0,1.97e-06,0.0
holdout,0,7.68e-06,0.0
holdout,0,1.844e-05,0.0
holdout,0,0.00019715,0.00219298
holdout,0,9.3e-07,0.0
holdout,0,1.2e-06,0.0
holdout,0,7.6e-07,0.0
holdout,0,2.27e-06,0.0
holdout,0,0.00016894,0.0
holdout,0,1.3e-06,0.0
holdout,0,2.49e-06,0.0
holdout,0,9.4e-07,0.0
holdout,0,2.92e-06,0.0
holdout,0,4.17e-06,0.0
holdout,0,7.71e-06,0.0
holdout,0,2.284e-05,0.0
holdout,0,1.01e-06,0.0
holdout,0,9.58e-06,0.0
holdout,0,1.09e-05,0.0
holdout,0,1.22e-06,0.0
holdout,0,2.9e-07,0.0
holdout,0,1.65e-05,0.0
holdout,0,1.1e-06,0.0
holdout,0,4.2e-06,0.0
holdout,0,1.26e-06,0.0
holdout,0,9.5e-07,0.0
holdout,0,4.35e-06,0.0
holdout,0,2.19e-06,0.0
holdout,0,1.8e-06,0.0
holdout,0,5.13e-05,0.0
holdout,0,2.22e-06,0.0
holdout,0,5.36e-06,0.0
holdout,0,5.1e-06,0.0
holdout,0,1.332e-05,0.0
holdout,0,5.43e-06,0.0
holdout,0,6.3e-07,0.0
holdout,0,4e-07,0.0
holdout,0,2.01e-06,0.0
holdout,0,3.99e-06,0.0
holdout,0,8.36e-06,0.0
holdout,0,1e-06,0.0
holdout,0,2.1e-07,0.0
holdout,0,7.1e-07,0.0
holdout,0,1.3e-06,0.0
holdout,0,9.8e-07,0.0
holdout,0,1.723e-05,0.0
holdout,0,3.79e-06,0.0
holdout,0,1.76e-06,0.0
holdout,0,1.05e-06,0.0
holdout,0,2.34e-06,0.0
holdout,0,2.58e-06,0.0
holdout,0,6.9e-07,0.0
holdout,0,2.68e-06,0.0
holdout,0,4.97e-06,0.0
holdout,0,7.57e-06,0.0
holdout,0,5e-07,0.0
holdout,0,5.45e-06,0.0
holdout,0,3.1e-06,0.0
holdout,0,1.9e-07,0.0
holdout,0,3.7e-07,0.0
holdout,0,2.54e-06,0.0
holdout,0,9.35e-06,0.0
holdout,0,5.6e-07,0.0
holdout,0,1.7e-07,0.0
holdout,0,2.17e-06,0.0
holdout,0,1.51e-06,0.0
holdout,0,7.66e-06,0.0
holdout,0,5.3e-07,0.0
holdout,0,1.03e-06,0.0
holdout,0,5.81e-06,0.0
holdout,0,0.00012671,0.00087951
holdout,0,4.42e-06,0.0
holdout,0,1.05e-06,0.0
holdout,0,2.06e-06,0.0
holdout,0,3.9e-06,0.0
holdout,0,3.88e-06,0.0
holdout,0,0.00023646,0.0
holdout,0,2.65e-06,0.0
holdout,0,3.238e-05,0.0
holdout,0,4.08e-06,0.0
holdout,0,6.15e-06,0.0
holdout,0,5.49e-06,0.0
holdout,0,2.9e-07,0.0
holdout,0,1.81e-05,0.0
holdout,0,7.2e-07,0.0
holdout,0,1.2e-05,0.0
holdout,0,1.16e-06,0.0
holdout,0,3.397e-05,0.0
holdout,0,1.32e-06,0.0
holdout,0,1.3e-06,0.0
holdout,0,1.51e-06,0.0
holdout,0,2e-06,0.0
holdout,0,1.83e-06,0.0
holdout,0,8.1e-07,0.0
holdout,0,8.6e-07,0.0
holdout,0,1.57e-06,0.0
holdout,0,2.53e-06,0.0
holdout,0,3e-07,0.0
holdout,0,8.9e-07,0.0
holdout,0,1.12e-06,0.0
holdout,0,3.62e-06,0.0
holdout,0,6.6e-07,0.0
holdout,0,1.56e-06,0.0
holdout,0,6.51e-06,0.0
holdout,0,4.08e-06,0.0
holdout,0,9.3e-07,0.0
holdout,0,2.53e-06,0.0
holdout,0,2.11e-06,0.0
holdout,0,3.9e-07,0.0
holdout,0,2e-06,0.0
holdout,0,1.235e-05,0.0
holdout,0,3.23e-06,0.0
holdout,0,4.03e-06,0.0
holdout,0,4.1e-07,0.0
holdout,0,1.155e-05,0.0
holdout,0,1.01e-06,0.0
holdout,0,8.5e-07,0.0
holdout,0,5.7e-07,0.0
holdout,0,1.06e-06,0.0
holdout,0,4.87e-06,0.00121212
holdout,0,6.6e-07,0.0
holdout,0,3.25e-06,0.0
holdout,0,5.41e-06,0.0
holdout,0,0.00045262,0.00717889
holdout,0,2.173e-05,0.0
holdout,0,9.86e-06,0.0
holdout,0,8e-07,0.0
holdout,0,0.00027781,0.0
holdout,0,1.03e-06,0.0
holdout,0,2.917e-05,0.0
holdout,0,2.38e-06,0.0
holdout,0,3.87e-06,0.0
holdout,0,5.504e-05,0.0
holdout,0,3.6e-07,0.0
holdout,0,2.33e-06,0.0
holdout,0,1.84e-06,0.0
holdout,0,0.00015478,0.0034051
holdout,0,7.561e-05,0.00087951
holdout,0,1.427e-05,0.0
holdout,0,1.57e-06,0.0
holdout,0,7.656e-05,0.0
holdout,0,5.6e-06,0.0
holdout,0,4.94e-06,0.0
holdout,0,1.34e-06,0.0
holdout,0,2.08e-06,0.0
holdout,0,5.049e-05,0.00140056
holdout,0,1.09e-06,0.0
holdout,0,4.99e-06,0.0
holdout,0,1.705e-05,0.0
holdout,0,5.762e-05,0.00087951
holdout,0,8.7e-07,0.0
holdout,0,1.05e-06,0.0
holdout,0,1.39e-06,0.0
holdout,0,8.1e-07,0.0
holdout,0,1.51e-06,0.0
holdout,0,1.25e-06,0.0
holdout,0,7.3e-07,0.0
holdout,0,2.9e-06,0.0
holdout,0,5.37e-06,0.0
holdout,0,1.06e-06,0.0
holdout,0,8.64e-06,0.0
holdout,0,6.79e-06,0.0
holdout,0,6.36e-06,0.0
holdout,0,8.229e-05,0.0
holdout,0,1.58e-06,0.0
holdout,0,1.13e-06,0.0
holdout,0,1.42e-06,0.0
holdout,0,3.509e-05,0.0
holdout,0,2.51e-06,0.0
holdout,0,2.45e-05,0.0
holdout,0,1.93e-06,0.0
holdout,0,5.15e-06,0.0
holdout,0,0.00025098,0.21305106
holdout,0,1.32e-06,0.0
holdout,0,9.1e-07,0.0
holdout,0,1.28e-06,0.0
holdout,0,1.15e-06,0.0
holdout,0,2.51e-06,0.0
holdout,0,6.48e-06,0.0
holdout,0,3.43e-06,0.0
holdout,0,1.449e-05,0.0
holdout,0,2.32e-06,0.0
holdout,0,1.346e-05,0.0
holdout,0,6.92e-06,0.0
holdout,0,2.05e-06,0.0
holdout,0,2.285e-05,0.00307249
holdout,0,4.9e-07,0.0
holdout,0,1.37e-06,0.0
holdout,0,2.9e-06,0.0
holdout,0,1.99e-06,0.0
holdout,0,6.7e-06,0.0
holdout,0,1.211e-05,0.0
holdout,0,0.00206333,0.02351063
holdout,0,2.18e-06,0.0
holdout,0,5.6e-07,0.0
holdout,0,2.4e-07,0.0
holdout,0,1.358e-05,0.0
holdout,0,4.71e-06,0.0
holdout,0,1.41e-06,0.0
holdout,0,8.8e-07,0.0
holdout,0,2.39e-06,0.0
holdout,0,1.05e-06,0.0
holdout,0,5.45e-06,0.0
holdout,0,3.43e-06,0.0
holdout,0,0.00010045,0.0
holdout,0,9.45e-06,0.00228007
holdout,0,2.71e-06,0.0
holdout,0,2.18e-06,0.0
holdout,0,2.12e-06,0.0
holdout,0,3.61e-06,0.0
holdout,0,7.6e-07,0.0
holdout,0,1.968e-05,0.0
holdout,0,7.9e-07,0.0
holdout,0,2.085e-05,0.00140056
holdout,0,4.21e-06,0.0
holdout,0,1.08e-06,0.0
holdout,0,1.21e-06,0.0
holdout,0,8.04e-06,0.0
holdout,0,2.99e-06,0.0
holdout,0,0.00148863,0.00087951
holdout,0,7.021e-05,0.00480566
holdout,0,4.2e-07,0.0
holdout,0,2.29e-06,0.0
holdout,0,3.6e-07,0.0
holdout,0,3.64e-06,0.0
holdout,0,3.471e-05,0.0
holdout,0,1.33e-06,0.0
holdout,0,8.14e-06,0.0
holdout,0,1.45e-06,0.0
holdout,0,1.013e-05,0.0
holdout,0,7.8e-07,0.0
holdout,0,3.88e-06,0.0
holdout,0,1.5e-07,0.0
holdout,0,2.85e-06,0.0
holdout,0,1.21e-06,0.0
holdout,0,1.49e-06,0.0
holdout,0,2.2e-06,0.0
holdout,0,1.93e-06,0.0
holdout,0,7e-07,0.0
holdout,0,5.27e-06,0.0
holdout,0,2.873e-05,0.0
holdout,0,8e-07,0.0
holdout,0,4.74e-06,0.0
holdout,0,1.012e-05,0.0
holdout,0,2.06e-06,0.0
holdout,0,1.158e-05,0.0
holdout,0,2.91e-06,0.0
holdout,0,7.5e-07,0.0
holdout,0,2.67e-06,0.0
holdout,0,2.15e-06,0.0
holdout,0,4e-07,0.0
holdout,0,1.991e-05,0.0
holdout,0,1.49e-06,0.0
holdout,0,1.75e-06,0.0
holdout,0,1.078e-05,0.0
holdout,0,8.48e-06,0.0
holdout,0,9.8e-07,0.0
holdout,0,4.43e-06,0.0
holdout,0,7.7e-07,0.0
holdout,0,9.6e-07,0.0
holdout,0,1.36e-06,0.0
holdout,0,0.00014593,0.00480566
holdout,0,3.38e-06,0.0
holdout,0,8.91e-06,0.0
holdout,0,4.04e-06,0.0
holdout,0,7.5e-07,0.0
holdout,0,2.67e-06,0.0
holdout,0,3.832e-05,0.0
holdout,0,3.53e-06,0.0
holdout,0,0.00017481,0.0
holdout,0,0.00015223,0.0
holdout,0,8.5e-07,0.0
holdout,0,4.145e-05,0.0
holdout,0,6.2e-07,0.0
holdout,0,1.087e-05,0.0
holdout,0,7.101e-05,0.0
holdout,0,6.57e-06,0.0
holdout,0,2.33e-06,0.0
holdout,0,2.542e-05,0.0
holdout,0,1.51e-06,0.0
holdout,0,7.642e-05,0.00480566
holdout,0,2.48e-06,0.0
holdout,0,6.871e-05,0.00140056
holdout,0,9e-07,0.0
holdout,0,2.06e-06,0.0
holdout,0,1.73e-06,0.0
holdout,0,8.2e-07,0.0
holdout,0,4.7e-07,0.0
holdout,0,1.62e-06,0.0
holdout,0,1.26e-06,0.0
holdout,0,9.1e-07,0.0
holdout,0,4.15e-06,0.0
holdout,0,1.93e-06,0.0
holdout,0,4.19e-05,0.0
holdout,0,2.03e-06,0.0
holdout,0,1.396e-05,0.0
holdout,0,3.567e-05,0.00219298
holdout,0,3.42e-06,0.0
holdout,0,2.031e-05,0.0
holdout,0,8.5e-07,0.0
holdout,0,1.61e-06,0.0
holdout,0,7.9e-07,0.0
holdout,0,1.47e-06,0.0
holdout,0,2.11e-05,0.0
holdout,0,2.39e-06,0.0
holdout,0,1.194e-05,0.0
holdout,0,2.29e-06,0.0
holdout,0,1.14e-06,0.0
holdout,0,1.48e-06,0.0
holdout,0,2.46e-06,0.0
holdout,0,2.91e-06,0.0
holdout,0,2.9e-07,0.0
holdout,0,1.24e-06,0.0
holdout,0,1.032e-05,0.0
holdout,0,1.1e-06,0.0
holdout,0,1.57e-06,0.0
holdout,0,5.45e-06,0.0
holdout,0,4.38e-06,0.0
holdout,0,6.4e-07,0.0
holdout,0,2.2e-06,0.0
holdout,0,7.2e-07,0.0
holdout,0,4.12e-06,0.0
holdout,0,2.6e-07,0.0
holdout,0,5.51e-06,0.0
holdout,0,0.00031732,0.00480566
holdout,0,3.39e-06,0.0
holdout,0,2.39e-06,0.0
holdout,0,6.6e-07,0.0
holdout,0,1.22e-06,0.0
holdout,0,1.3e-06,0.0
holdout,0,1.25e-06,0.0
holdout,0,5.62e-06,0.0
holdout,0,4.8e-07,0.0
holdout,0,1.95e-06,0.0
holdout,0,1.87e-06,0.0
holdout,0,3.37e-06,0.0
holdout,0,1.27e-06,0.0
holdout,0,4.42e-06,0.0
holdout,0,2.359e-05,0.00219298
holdout,0,1.59e-06,0.0
holdout,0,4.5e-07,0.0
holdout,0,2.71e-06,0.0
holdout,0,2.45e-06,0.0
holdout,0,7.3e-07,0.0
holdout,0,1.23e-06,0.0
holdout,0,3.2e-07,0.0
holdout,0,7.64e-06,0.0
holdout,0,4.2e-07,0.0
holdout,0,1.28e-06,0.0
holdout,0,1.37e-06,0.0
holdout,0,1.09e-06,0.0
holdout,0,1.311e-05,0.0
holdout,0,0.00012278,0.00228007
holdout,0,2.689e-05,0.0
holdout,0,5.88e-06,0.0
holdout,0,4.61e-06,0.0
holdout,0,1.78e-06,0.0
holdout,0,3.25e-06,0.0
holdout,0,2.43e-06,0.0
holdout,0,2.643e-05,0.0
holdout,0,4.86e-06,0.0
holdout,0,9.902e-05,0.00359354
holdout,0,3.443e-05,0.00717889
holdout,0,4.3e-06,0.00087951
holdout,0,2.21e-06,0.0
holdout,0,3.54e-06,0.0
holdout,0,2.916e-05,0.0
holdout,0,0.24350124,0.00228007
holdout,0,3.62e-06,0.0
holdout,0,3.99e-06,0.0
holdout,0,3.17e-06,0.0
holdout,0,7.3e-07,0.0
holdout,0,1e-06,0.0
holdout,0,8.3e-07,0.0
holdout,0,1.664e-05,0.0
holdout,0,1.319e-05,0.0
holdout,0,1.194e-05,0.0
holdout,0,5.82e-06,0.0
holdout,0,2.46e-06,0.0
holdout,0,7.13e-06,0.0
holdout,0,5.58e-06,0.0
holdout,0,2.2e-07,0.0
holdout,0,3.4e-07,0.0
holdout,0,2.38e-06,0.0
holdout,0,1.26e-06,0.0
holdout,0,3.165e-05,0.0
holdout,0,1.04e-06,0.0
holdout,0,1.254e-05,0.0
holdout,0,3.735e-05,0.0
holdout,0,8.3e-07,0.0
holdout,0,8.4e-07,0.0
holdout,0,4.776e-05,0.0
holdout,0,2.11e-06,0.0
holdout,0,2.016e-05,0.0
holdout,0,3.8e-07,0.0
holdout,0,4.68e-06,0.0
holdout,0,8.86e-06,0.0
holdout,0,5.469e-05,0.0
holdout,0,0.0023983,0.00717889
holdout,0,1.22e-06,0.0
holdout,0,1.79e-05,0.0
holdout,0,5.9e-07,0.0
holdout,0,1.7e-06,0.0
holdout,0,1.191e-05,0.0
holdout,0,1.52e-06,0.0
holdout,0,1.79e-06,0.0
holdout,0,3.7e-06,0.0
holdout,0,1.25e-06,0.0
holdout,0,5.13e-06,0.0
holdout,0,3.78e-06,0.0
holdout,0,4.83e-06,0.0
holdout,0,1.63e-06,0.0
holdout,0,5.4e-07,0.0
holdout,0,5.3e-07,0.0
holdout,0,6.36e-06,0.0
holdout,0,0.0003556,0.00684628
holdout,0,3.1e-07,0.0
holdout,0,8.6e-07,0.0
holdout,0,1.32e-06,0.0
holdout,0,7.667e-05,0.0
holdout,0,4.7e-07,0.0
holdout,0,0.00013494,0.0
holdout,0,1.4e-06,0.0
holdout,0,4.6e-07,0.0
holdout,0,9.6e-07,0.0
holdout,0,9.6e-07,0.0
holdout,0,4.12e-06,0.0
holdout,0,2.83e-06,0.0
holdout,0,0.00017674,0.0
holdout,0,2.84e-06,0.0
holdout,0,6e-07,0.0
holdout,0,3.417e-05,0.0
holdout,0,1.41e-06,0.0
holdout,0,7.133e-05,0.0
holdout,0,1.18e-06,0.0
holdout,0,8.7e-07,0.0
holdout,0,6.1e-07,0.0
holdout,0,3.9e-07,0.0
holdout,0,7.4e-07,0.0
holdout,0,0.00275396,0.0
holdout,0,1.14e-06,0.0
holdout,0,1.63e-06,0.0
holdout,0,5.95e-06,0.0
holdout,0,7.556e-05,0.0
holdout,0,1.65e-06,0.0
holdout,0,1.903e-05,0.0
holdout,0,1.5e-06,0.0
holdout,0,4.03e-06,0.0
holdout,0,4.8e-07,0.0
holdout,0,9.88e-06,0.0
holdout,0,1.74e-06,0.0
holdout,0,3.836e-05,0.0
holdout,0,6.553e-05,0.0
holdout,0,1.88e-06,0.0
holdout,0,1.87e-06,0.0
holdout,0,9.1e-07,0.0
holdout,0,1.63e-06,0.0
holdout,0,1.58e-06,0.0
holdout,0,6.02e-06,0.0
holdout,0,2.392e-05,0.0
holdout,0,5.88e-06,0.0
holdout,0,5.229e-05,0.0
holdout,0,1.603e-05,0.0
holdout,0,7.1e-07,0.0
holdout,0,5.467e-05,0.0
holdout,0,2.891e-05,0.0
holdout,0,2e-06,0.0
holdout,0,3.19e-06,0.0
holdout,0,3.53e-06,0.0
holdout,0,1.08e-06,0.0
holdout,0,2.59e-06,0.0
holdout,0,1.864e-05,0.0
holdout,0,3.58e-06,0.0
holdout,0,9.9e-07,0.0
holdout,0,4.2e-07,0.0
holdout,0,1.37e-06,0.0
holdout,0,5.65e-06,0.0
holdout,0,2.55e-06,0.0
holdout,0,2.37e-06,0.0
holdout,0,9.8e-06,0.00087951
holdout,0,3.86e-06,0.0
holdout,0,9.2e-07,0.0
holdout,0,0.00011819,0.0
holdout,0,0.00026958,0.00480566
holdout,0,7.8e-07,0.0
holdout,0,7.72e-06,0.0
holdout,0,0.00018773,0.0
holdout,0,9.3e-07,0.0
holdout,0,0.00027037,0.0
holdout,0,2.48e-06,0.0
holdout,0,1.7e-06,0.0
holdout,0,1.72e-06,0.0
holdout,0,4.23e-06,0.0
holdout,0,2.7e-07,0.0
holdout,0,8.2e-06,0.0
holdout,0,1.55e-06,0.0
holdout,0,1.93e-06,0.0
holdout,0,9.587e-05,0.00140056
holdout,0,1.608e-05,0.0
holdout,0,3.06e-06,0.0
holdout,0,4.426e-05,0.00140056
holdout,0,4.21e-06,0.0
holdout,0,3.89e-06,0.0
holdout,0,7.16e-06,0.0
holdout,0,1.72e-06,0.0
holdout,0,2.545e-05,0.0
holdout,0,1.11e-06,0.0
holdout,0,7.4e-07,0.0
holdout,0,8.9e-06,0.0
holdout,0,2.2e-06,0.0
holdout,0,2.09e-06,0.0
holdout,0,4.8e-06,0.0
holdout,0,1.378e-05,0.0
holdout,0,6.158e-05,0.00087951
holdout,0,1.79e-06,0.0
holdout,0,1.87e-06,0.0
holdout,0,4.3e-06,0.0
holdout,0,4.48e-06,0.0
holdout,0,3.3e-07,0.0
holdout,0,2.7e-07,0.0
holdout,0,2.626e-05,0.0
holdout,0,1.41e-05,0.0
holdout,0,4.45e-06,0.0
holdout,0,2.975e-05,0.00219298
holdout,0,8.72e-06,0.0
holdout,0,7.5e-07,0.0
holdout,0,0.00014598,0.00087951
holdout,0,4.25e-06,0.0
holdout,0,6.31e-06,0.0
holdout,0,1.8e-06,0.0
holdout,0,2.68e-06,0.0
holdout,0,9.87e-05,0.0
holdout,0,8.76e-06,0.0
holdout,0,1.73e-06,0.0
holdout,0,2.9e-07,0.0
holdout,0,4.08e-06,0.0
holdout,0,5.69e-06,0.0
holdout,0,2.973e-05,0.0
holdout,0,6.63e-06,0.0
holdout,0,8.242e-05,0.0
holdout,0,5.12e-06,0.0
holdout,0,0.00435802,0.00219298
holdout,0,4.26e-06,0.0
holdout,0,3.31e-06,0.0
holdout,0,6e-07,0.0
holdout,0,1.02e-05,0.0
holdout,0,9e-07,0.0
holdout,0,3.25e-06,0.0
holdout,0,8.5e-07,0.0
holdout,0,4.625e-05,0.0
holdout,0,5.73e-06,0.0
holdout,0,3.437e-05,0.0
holdout,0,0.00016887,0.00307249
holdout,0,1.645e-05,0.0
holdout,0,1.743e-05,0.0
holdout,0,1.99e-06,0.0
holdout,0,2.109e-05,0.00121212
holdout,0,7.32e-05,0.0
holdout,0,3.727e-05,0.0
holdout,0,0.00021339,0.0
holdout,0,0.00012449,0.0
holdout,0,2.93e-06,0.0
holdout,0,5.02e-06,0.0
holdout,0,1.16e-06,0.0
holdout,0,1.533e-05,0.0
holdout,0,6.33e-06,0.0
holdout,0,0.00035379,0.0
holdout,0,2.1e-06,0.0
holdout,0,3.48e-06,0.0
holdout,0,4.3e-07,0.0
holdout,0,9.2e-07,0.0
holdout,0,1.141e-05,0.0
holdout,0,0.00140302,0.0
holdout,0,1.5e-05,0.0
holdout,0,1.08e-06,0.0
holdout,0,1.62e-06,0.0
holdout,0,1.71e-06,0.0
holdout,0,5.6e-07,0.0
holdout,0,7.35e-06,0.0
holdout,0,2.25e-06,0.0
holdout,0,0.00253418,0.0034051
holdout,0,2.91e-06,0.0
holdout,0,1.88e-06,0.0
holdout,0,2.67e-06,0.0
holdout,0,1.55e-06,0.0
holdout,0,5.75e-06,0.0
holdout,0,9.2e-07,0.0
holdout,0,3.77e-06,0.0
holdout,0,2.51e-06,0.0
holdout,0,1.25e-06,0.0
holdout,0,4.31e-06,0.0
holdout,0,8.24e-06,0.0
holdout,0,3.04e-06,0.0
holdout,0,4.86e-06,0.0
holdout,0,2.73e-06,0.0
holdout,0,3.35e-06,0.0
holdout,0,1.64e-06,0.0
holdout,0,0.99617554,0.54364154
holdout,0,1.18e-06,0.0
holdout,0,1.1e-06,0.0
holdout,0,6.2e-07,0.0
holdout,0,1.02e-06,0.0
holdout,0,1.424e-05,0.0
holdout,0,1.99e-06,0.0
holdout,0,3.71e-06,0.0
holdout,0,1.432e-05,0.0
holdout,0,9e-07,0.0
holdout,0,2.28e-06,0.0
holdout,0,4.95e-06,0.0
holdout,0,5.2e-07,0.0
holdout,0,7.5e-07,0.0
holdout,0,4.14e-06,0.0
holdout,0,8.64e-06,0.0
holdout,0,4.48e-06,0.0
holdout,0,8.4e-07,0.0
holdout,0,6.399e-05,0.00307249
holdout,0,6e-07,0.0
holdout,0,8.03e-06,0.0
holdout,0,2.43e-06,0.0
holdout,0,3.7e-07,0.0
holdout,0,1.693e-05,0.0
holdout,0,4.619e-05,0.0
holdout,0,1.615e-05,0.0
holdout,0,1.982e-05,0.0
holdout,0,6.8e-07,0.0
holdout,0,1.59e-06,0.0
holdout,0,2.183e-05,0.0
holdout,0,7.7e-06,0.0
holdout,0,6.114e-05,0.0
holdout,0,1.79e-06,0.0
holdout,0,1.19e-06,0.0
holdout,0,4.026e-05,0.0
holdout,0,1.45e-06,0.0
holdout,0,1.47e-05,0.0
holdout,0,4.4e-07,0.0
holdout,0,1.17e-06,0.0
holdout,0,5.28e-06,0.00087951
holdout,0,6.14e-06,0.0
holdout,0,2.88e-06,0.0
holdout,0,4.17e-06,0.0
holdout,0,3.46e-06,0.0
holdout,0,1.962e-05,0.0
holdout,0,4e-06,0.0
holdout,0,8.2e-07,0.0
holdout,0,0.00010269,0.0
holdout,0,8.83e-06,0.0
holdout,0,0.0003667,0.00447305
holdout,0,2.34e-06,0.0
holdout,0,1.025e-05,0.0
holdout,0,3.37e-06,0.0
holdout,0,2.67e-06,0.0
holdout,0,4.262e-05,0.0
holdout,0,1.603e-05,0.0
holdout,0,0.00027645,0.00087951
holdout,0,1.74e-06,0.0
holdout,0,5.2e-07,0.0
holdout,0,1.95e-05,0.0
holdout,0,1.78e-06,0.0
holdout,0,4.613e-05,0.0
holdout,0,1.72e-06,0.0
holdout,0,0.00030549,0.00684628
holdout,0,1.312e-05,0.0
holdout,0,1.44e-06,0.0
holdout,0,3.814e-05,0.0
holdout,0,1.4e-07,0.0
holdout,0,1.651e-05,0.0
holdout,0,6.68e-06,0.0
holdout,0,1.56e-06,0.0
holdout,0,1.11e-06,0.0
holdout,0,9e-07,0.0
holdout,0,5.2e-07,0.0
holdout,0,1.418e-05,0.0
holdout,0,8.51e-06,0.0
holdout,0,6.6e-07,0.0
holdout,0,2.99e-06,0.0
holdout,0,5.2e-07,0.0
holdout,0,0.00044784,0.0034051
holdout,0,2.25e-06,0.0
holdout,0,6.5e-07,0.0
holdout,0,1.274e-05,0.0
holdout,0,4.7e-06,0.0
holdout,0,1.12e-06,0.0
holdout,0,1.345e-05,0.0
holdout,0,0.00013281,0.04044214
holdout,0,8.9e-07,0.0
holdout,0,4.96e-06,0.0
holdout,0,1.51e-06,0.0
holdout,0,1.89e-06,0.0
holdout,0,2.63e-06,0.0
holdout,0,3.43e-06,0.0
holdout,0,5.9e-07,0.0
holdout,0,5.15e-06,0.0
holdout,0,8.48e-06,0.0
holdout,0,1.34e-06,0.0
holdout,0,2.37e-06,0.0
holdout,0,7.8e-07,0.0
holdout,0,3.63e-06,0.0
holdout,0,2e-06,0.0
holdout,0,1.18e-06,0.0
holdout,0,7.17e-06,0.0
holdout,0,8e-07,0.0
holdout,0,5.54e-06,0.0
holdout,0,1.386e-05,0.0
holdout,0,4.59e-06,0.0
holdout,0,7.43e-06,0.0
holdout,0,3.06e-06,0.0
holdout,0,4.58e-06,0.0
holdout,0,9.07e-06,0.0
holdout,0,1.156e-05,0.0
holdout,0,5.42e-06,0.0
holdout,0,4.54e-05,0.0
holdout,0,2.13e-06,0.0
holdout,0,5.7e-07,0.0
holdout,0,8.78e-06,0.0
holdout,0,4.5e-07,0.0
holdout,0,1.46e-06,0.0
holdout,0,6.683e-05,0.0
holdout,0,3.717e-05,0.0
holdout,0,1.17e-06,0.0
holdout,0,2.73e-06,0.0
holdout,0,4.59e-06,0.0
holdout,0,1.127e-05,0.0
holdout,0,1.21e-06,0.0
holdout,0,5e-06,0.0
holdout,0,1.98e-06,0.0
holdout,0,1.27e-06,0.0
holdout,0,1.92e-06,0.0
holdout,0,1.08e-06,0.0
holdout,0,4.95e-06,0.0
holdout,0,8.53e-06,0.0
holdout,0,2.946e-05,0.0
holdout,0,3.18e-06,0.00717889
holdout,0,8.9e-07,0.0
holdout,0,1.48e-06,0.0
holdout,0,1.589e-05,0.00307249
holdout,0,2.2e-07,0.0
holdout,0,1.14e-06,0.0
holdout,0,3.84e-06,0.0
holdout,0,0.01605048,0.11372379
holdout,0,1.75e-06,0.0
holdout,0,1.378e-05,0.0
holdout,0,6.38e-06,0.0
holdout,0,3.1e-06,0.0
holdout,0,2.175e-05,0.00596677
holdout,0,2.528e-05,0.0
holdout,0,1.38e-05,0.0
holdout,0,1.619e-05,0.0
holdout,0,1.112e-05,0.0
holdout,0,7.1e-07,0.0
holdout,0,3.27e-06,0.0
holdout,0,5.154e-05,0.0
holdout,0,5.692e-05,0.0
holdout,0,3.58e-06,0.0
holdout,0,3.42e-06,0.0
holdout,0,1.59e-06,0.0
holdout,0,9e-07,0.0
holdout,0,3.82e-06,0.0
holdout,0,1.4e-06,0.0
holdout,0,1e-06,0.0
holdout,0,2.73e-06,0.0
holdout,0,6.1e-06,0.0
holdout,0,3.83e-06,0.0
holdout,0,2.76e-06,0.0
holdout,0,4.31e-06,0.0
holdout,0,7.04e-06,0.0
holdout,0,0.00223745,0.0
holdout,0,5.7e-07,0.0
holdout,0,4.19e-06,0.0
holdout,0,2.106e-05,0.00684628
holdout,0,6.41e-06,0.0
holdout,0,8e-07,0.0
holdout,0,5.089e-05,0.0029983
holdout,0,8.3e-07,0.0
holdout,0,1.333e-05,0.0
holdout,0,1.42e-06,0.0
holdout,0,5.9e-07,0.0
holdout,0,3.078e-05,0.0
holdout,0,3.433e-05,0.0
holdout,0,7.9e-07,0.0
holdout,0,6e-07,0.0
holdout,0,2.08e-06,0.0
holdout,0,2.5e-06,0.0
holdout,0,1.47e-06,0.0
holdout,0,4.4e-07,0.0
holdout,0,4.35e-06,0.0
holdout,0,2.8e-07,0.0
holdout,0,4.88e-06,0.00219298
holdout,0,1.52e-05,0.0
holdout,0,1.016e-05,0.0
holdout,0,2.03e-06,0.0
holdout,0,6.7e-07,0.0
holdout,0,3.8e-07,0.0
holdout,0,2.34e-05,0.0
holdout,0,1.61e-06,0.0
holdout,0,3.03e-06,0.0
holdout,0,4.73e-06,0.0
holdout,0,8.06e-06,0.0
holdout,0,2.86e-06,0.0
holdout,0,5.7e-07,0.0
holdout,0,2.39e-06,0.00087951
holdout,0,4.58e-05,0.0
holdout,0,1.15e-06,0.0
holdout,0,1.16e-06,0.0
holdout,0,4.6e-06,0.0
holdout,0,2.9e-07,0.0
holdout,0,1.35e-06,0.0
holdout,0,1.64e-06,0.0
holdout,0,8e-07,0.0
holdout,0,2.68e-06,0.00087951
holdout,0,1.12e-06,0.0
holdout,0,1.85e-06,0.0
holdout,0,1.76e-06,0.0
holdout,0,1.84e-06,0.0
holdout,0,1.1e-06,0.0
holdout,0,1.17e-06,0.0
holdout,0,2.59e-06,0.0
holdout,0,6.6e-07,0.0
holdout,0,6e-07,0.0
holdout,0,4.91e-06,0.0
holdout,0,1.41e-06,0.0
holdout,0,1.35e-06,0.0
holdout,0,2.7e-07,0.0
holdout,0,0.00027125,0.00307249
holdout,0,5.078e-05,0.0
holdout,0,0.00045467,0.00447305
holdout,0,7.86e-06,0.0
holdout,0,0.00031837,0.00717889
holdout,0,1.223e-05,0.0
holdout,0,7.63e-06,0.0
holdout,0,2.028e-05,0.0
holdout,0,7.61e-06,0.0
holdout,0,3.04e-06,0.0
holdout,0,7.86e-06,0.0
holdout,0,3.95e-06,0.0
holdout,0,8.52e-06,0.0
holdout,0,1.064e-05,0.0
holdout,0,3.21e-06,0.0
holdout,0,4.05e-06,0.0
holdout,0,7.2e-07,0.0
holdout,0,2e-06,0.0
holdout,0,3.74e-06,0.0
holdout,0,3.7e-07,0.0
holdout,0,4.05e-05,0.0
holdout,0,1.148e-05,0.0
holdout,0,5.34e-06,0.0
holdout,0,0.00010169,0.00359354
holdout,0,2.67e-06,0.0
holdout,0,1.94e-06,0.0
holdout,0,8.07e-06,0.0
holdout,0,3.2e-06,0.0
holdout,0,1.12e-06,0.0
holdout,0,4.74e-06,0.0
holdout,0,1.4e-06,0.0
holdout,0,1.899e-05,0.0
holdout,0,1.02e-06,0.0
holdout,0,1.021e-05,0.0
holdout,0,9.6e-07,0.0
holdout,0,2.22e-06,0.0
holdout,0,1.25e-06,0.0
holdout,0,6.4e-07,0.0
holdout,0,1.49e-06,0.0
holdout,0,2.07e-06,0.0
holdout,0,4.77e-06,0.0
holdout,0,3.37e-06,0.0
holdout,0,9.19e-06,0.0
holdout,0,9.8e-07,0.0
holdout,0,4.9e-06,0.0
holdout,0,4.47e-06,0.0
holdout,0,9e-07,0.0
holdout,0,8.045e-05,0.0
holdout,0,6.29e-06,0.0
holdout,0,2.97e-06,0.0
holdout,0,7.9e-07,0.0
holdout,0,1.13e-06,0.0
holdout,0,1.73e-06,0.0
holdout,0,0.00047692,0.00087951
holdout,0,1.893e-05,0.0
holdout,0,7.5e-07,0.0
holdout,0,3.92e-06,0.0
holdout,0,1.38e-06,0.0
holdout,0,6.52e-06,0.0
holdout,0,6.38e-06,0.00087951
holdout,0,1.63e-06,0.0
holdout,0,7.2e-07,0.0
holdout,0,3.14e-06,0.0
holdout,0,3.07e-06,0.0
holdout,0,0.00071482,0.00140056
holdout,0,2.1e-07,0.0
holdout,0,7.89e-06,0.0
holdout,0,2.38e-06,0.0
holdout,0,1.96e-06,0.0
holdout,0,1.187e-05,0.0
holdout,0,5.34e-06,0.0
holdout,0,2.42e-06,0.0
holdout,0,4.04e-06,0.0
holdout,0,1.109e-05,0.0
holdout,0,8.67e-06,0.0
holdout,0,6.93e-06,0.0
holdout,0,1.36e-06,0.0
holdout,0,2.12e-06,0.0
holdout,0,2.7e-07,0.0
holdout,0,1.38e-06,0.0
holdout,0,1.57e-06,0.0
holdout,0,1.355e-05,0.0
holdout,0,3.5e-07,0.0
holdout,0,2.79e-05,0.0
holdout,0,6e-07,0.0
holdout,0,0.00010154,0.0
holdout,0,1.14e-06,0.0
holdout,0,1.032e-05,0.0
holdout,0,3.61e-06,0.0
holdout,0,1.798e-05,0.0
holdout,0,2.9e-06,0.00087951
holdout,0,4.104e-05,0.0
holdout,0,0.00738465,0.00480566
holdout,0,5.67e-06,0.0
holdout,0,1.53e-06,0.0
holdout,0,5.52e-06,0.0
holdout,0,3.5e-06,0.0
holdout,0,4.7e-07,0.0
holdout,0,4.2e-07,0.0
holdout,0,7.1e-07,0.0
holdout,0,1.19e-06,0.0
holdout,0,1.26e-06,0.0
holdout,0,9.51e-06,0.0
holdout,0,2.03e-06,0.0
holdout,0,1.389e-05,0.0
holdout,0,0.00015895,0.0
holdout,0,2.21e-06,0.0
holdout,0,1.04e-06,0.0
holdout,0,7.6e-07,0.0
holdout,0,1.429e-05,0.00140056
holdout,0,3.1e-07,0.0
holdout,0,1.61e-06,0.0
holdout,0,1.17e-06,0.0
holdout,0,9e-07,0.0
holdout,0,2.15e-06,0.0
holdout,0,9.5e-07,0.0
holdout,0,3.02e-06,0.0
holdout,0,4.78e-06,0.0
holdout,0,7.466e-05,0.0
holdout,0,5.97e-06,0.0
holdout,0,4.06e-06,0.0
holdout,0,1.62e-06,0.0
holdout,0,1.913e-05,0.0
holdout,0,4.33e-06,0.0
holdout,0,2.3e-06,0.0
holdout,0,3.2e-07,0.0
holdout,0,4.09e-06,0.0
holdout,0,1.65e-06,0.0
holdout,0,2.65e-06,0.0
holdout,0,1.45e-06,0.0
holdout,0,1.97e-06,0.0
holdout,0,2.3e-07,0.0
holdout,0,9.15e-06,0.0
holdout,0,1.95e-06,0.0
holdout,0,4.6e-07,0.0
holdout,0,4.94e-06,0.0
holdout,0,8.3e-07,0.0
holdout,0,2.63e-06,0.0
holdout,0,2.21e-06,0.0
holdout,0,4.29e-06,0.0
holdout,0,0.00074736,0.0034051
holdout,0,9e-07,0.0
holdout,0,2.209e-05,0.0
holdout,0,4.1e-06,0.0
holdout,0,6.55e-06,0.0
holdout,0,3.39e-06,0.0
holdout,0,9.3e-07,0.0
holdout,0,3.58e-06,0.0
holdout,0,3.65e-06,0.0
holdout,0,8.633e-05,0.0
holdout,0,1.087e-05,0.0
holdout,0,1.634e-05,0.0
holdout,0,1.77e-06,0.0
holdout,0,2.05e-06,0.0
holdout,0,3.064e-05,0.0
holdout,0,1e-06,0.0
holdout,0,6.13e-06,0.0
holdout,0,5.55e-06,0.00087951
holdout,0,7.5e-07,0.0
holdout,0,3.64e-06,0.0
holdout,0,6e-07,0.0
holdout,0,2.596e-05,0.0
holdout,0,1.089e-05,0.0
holdout,0,6.707e-05,0.00480566
holdout,0,2.671e-05,0.0
holdout,0,6.12e-06,0.0
holdout,0,4.58e-06,0.0
holdout,0,1.14e-06,0.0
holdout,0,7.69e-06,0.0
holdout,0,1.69e-05,0.0
holdout,0,1.15e-05,0.0
holdout,0,1.64e-06,0.0
holdout,0,5.25e-05,0.0
holdout,0,2.56e-06,0.0
holdout,0,3.91e-06,0.0
holdout,0,7.7e-07,0.0
holdout,0,3.06e-06,0.0
holdout,0,8.3e-07,0.0
holdout,0,9.05e-06,0.00087951
holdout,0,2.5e-06,0.0
holdout,0,8e-07,0.0
holdout,0,6.81e-06,0.0
holdout,0,3.26e-06,0.0
holdout,0,2.25e-06,0.0
holdout,0,6.65e-06,0.0
holdout,0,4.32e-06,0.0
holdout,0,5.71e-06,0.0
holdout,0,1.199e-05,0.0
holdout,0,1.16e-06,0.0
holdout,0,3.25e-06,0.0
holdout,0,5.3e-07,0.0
holdout,0,5.59e-06,0.0
holdout,0,7.86e-06,0.0
holdout,0,7.3e-07,0.0
holdout,0,1.39e-06,0.0
holdout,0,0.00014593,0.00087951
holdout,0,1.14e-06,0.0
holdout,0,8.7e-07,0.0
holdout,0,1.65e-06,0.0
holdout,0,2.22e-06,0.0
holdout,0,1.64e-06,0.0
holdout,0,1.477e-05,0.0
holdout,0,4.1e-07,0.0
holdout,0,6.784e-05,0.00121212
holdout,0,3.34e-06,0.0
holdout,0,2.075e-05,0.0
holdout,0,1.15e-06,0.0
holdout,0,6.8e-05,0.00121212
holdout,0,1.503e-05,0.0
holdout,0,3.9e-07,0.0
holdout,0,2.2e-06,0.0
holdout,0,1.28e-06,0.0
holdout,0,4.3e-07,0.0
holdout,0,3.57e-06,0.0
holdout,0,4.4e-07,0.0
holdout,0,1.35e-06,0.0
holdout,0,1.71e-06,0.0
holdout,0,5.408e-05,0.0
holdout,0,3.631e-05,0.0
holdout,0,1.38e-06,0.0
holdout,0,9.79e-06,0.0
holdout,0,1.1e-06,0.0
holdout,0,3.8e-06,0.0
holdout,0,2.878e-05,0.00087951
holdout,0,6.14e-06,0.0
holdout,0,1.72e-06,0.0
holdout,0,1.15e-06,0.0
holdout,0,1.033e-05,0.0
holdout,0,3.47e-06,0.0
holdout,0,3.26e-06,0.0
holdout,0,3.58e-06,0.0
holdout,0,1.97e-06,0.0
holdout,0,6.4e-07,0.0
holdout,0,4.24e-06,0.0
holdout,0,5.8e-07,0.0
holdout,0,2.41e-06,0.0
holdout,0,1.4e-06,0.0
holdout,0,9.74e-06,0.0
holdout,0,9.43e-06,0.0
holdout,0,4.8e-07,0.0
holdout,0,8.6e-07,0.00087951
holdout,0,1.986e-05,0.0
holdout,0,1.157e-05,0.0
holdout,0,1.07e-06,0.0
holdout,0,3.39e-06,0.0
holdout,0,7.9e-07,0.0
holdout,0,1.538e-05,0.0
holdout,0,1.17e-06,0.0
holdout,0,7.1e-07,0.0
holdout,0,3.77e-06,0.0
holdout,0,1.66e-06,0.0
holdout,0,1.432e-05,0.0
holdout,0,4.28e-06,0.0
holdout,0,5.9e-07,0.0
holdout,0,3.74e-06,0.0
holdout,0,9.792e-05,0.0
holdout,0,6.2e-07,0.0
holdout,0,1.59e-06,0.0
holdout,0,3.287e-05,0.0
holdout,0,5.1e-07,0.0
holdout,0,2.05e-06,0.0
holdout,0,2.67e-06,0.0
holdout,0,1.18e-06,0.0
holdout,0,3.9e-07,0.0
holdout,0,2.5e-07,0.0
holdout,0,2.27e-06,0.0
holdout,0,2.78e-06,0.0
holdout,0,7e-07,0.0
holdout,0,1.79e-06,0.0
holdout,0,5.26e-06,0.0
holdout,0,4.7e-07,0.0
holdout,0,1.492e-05,0.0
holdout,0,5.68e-06,0.0
holdout,0,1.95e-06,0.0
holdout,0,1.25e-06,0.0
holdout,0,7.3e-07,0.0
holdout,0,1.086e-05,0.0
holdout,0,1.69e-06,0.0
holdout,0,1.34e-06,0.0
holdout,0,1.61e-06,0.0
holdout,0,3.8e-07,0.0
holdout,0,7.7e-07,0.0
holdout,0,5.28e-06,0.0
holdout,0,3.81e-06,0.0
holdout,0,1.559e-05,0.0
holdout,0,3.65e-06,0.0
holdout,0,2.1e-07,0.0
holdout,0,3.2e-07,0.0
holdout,0,3.9e-07,0.0
holdout,0,3.53e-06,0.0
holdout,0,1.32e-06,0.0
holdout,0,1.83e-06,0.0
holdout,0,7.7e-07,0.0
holdout,0,3.78e-06,0.00087951
holdout,0,1.14e-06,0.0
holdout,0,3.8e-06,0.0
holdout,0,4.104e-05,0.00087951
holdout,0,1.23e-06,0.0
holdout,0,2.36e-06,0.0
holdout,0,3.2e-07,0.0
holdout,0,2.15e-06,0.0
holdout,0,2.18e-06,0.0
holdout,0,3.11e-06,0.0
holdout,0,2.915e-05,0.00261268
holdout,0,3.39e-06,0.0
holdout,0,4.6e-07,0.0
holdout,0,2.04e-06,0.0
holdout,0,1.482e-05,0.0
holdout,0,8.69e-06,0.0
holdout,0,2.29e-06,0.0
holdout,0,3.93e-06,0.0
holdout,0,1.713e-05,0.00087951
holdout,0,1.772e-05,0.0
holdout,0,2.04e-05,0.0
holdout,0,1.991e-05,0.0
holdout,0,1.17e-06,0.0
holdout,0,1.87e-06,0.0
holdout,0,6.8e-07,0.0
holdout,0,2.62e-06,0.0
holdout,0,3.6e-07,0.0
holdout,0,2.27e-06,0.0
holdout,0,6.74e-06,0.0
holdout,0,1.39e-06,0.0
holdout,0,4.9e-07,0.0
holdout,0,3.72e-06,0.0
holdout,0,2.08e-06,0.0
holdout,0,7.7e-07,0.0
holdout,0,6.28e-06,0.0
holdout,0,4.57e-06,0.0
holdout,0,8.5e-07,0.0
holdout,0,1.46e-06,0.0
holdout,0,7.5e-07,0.0
holdout,0,1.15e-06,0.0
holdout,0,7.54e-06,0.0
holdout,0,1.36e-06,0.0
holdout,0,3.997e-05,0.0
holdout,0,4.39e-06,0.0
holdout,0,3.28e-06,0.0
holdout,0,4.3e-07,0.0
holdout,0,1.7e-06,0.0
holdout,0,7.1e-07,0.0
holdout,0,4.19e-06,0.0
holdout,0,1.114e-05,0.0
holdout,0,3.02e-06,0.0
holdout,0,1.97e-06,0.0
holdout,0,1.93e-06,0.0
holdout,0,4.24e-06,0.0
holdout,0,2.08e-06,0.0
holdout,0,6.6e-07,0.0
holdout,0,2.54e-06,0.0
holdout,0,9.69e-06,0.0
holdout,0,7.9e-07,0.0
holdout,0,9.6e-07,0.0
holdout,0,3.221e-05,0.0
holdout,0,8.22e-06,0.0
holdout,0,1.04e-06,0.0
holdout,0,7.16e-06,0.0
holdout,0,1.52e-06,0.0
holdout,0,9.2e-06,0.0
holdout,0,4.3e-07,0.0
holdout,0,3.03e-06,0.0
holdout,0,7.8e-07,0.0
holdout,0,1.401e-05,0.0
holdout,0,1.36e-06,0.0
holdout,0,3.23e-06,0.0
holdout,0,4.21e-06,0.0
holdout,0,1.496e-05,0.0
holdout,0,7.931e-05,0.0
holdout,0,4.1e-07,0.0
holdout,0,7.7e-07,0.0
holdout,0,4.2e-06,0.0
holdout,0,2.72e-06,0.0
holdout,0,6.6e-07,0.0
holdout,0,1.278e-05,0.0
holdout,0,5.57e-06,0.0
holdout,0,3.48e-06,0.0
holdout,0,2.8e-06,0.0
holdout,0,3.561e-05,0.0
holdout,0,4.1e-07,0.0
holdout,0,5.62e-06,0.0
holdout,0,8.7e-07,0.0
holdout,0,5.49e-06,0.0
holdout,0,1.32e-06,0.0
holdout,0,8.6e-07,0.0
holdout,0,6.53e-06,0.0
holdout,0,1.1e-06,0.0
holdout,0,1.02e-06,0.0
holdout,0,6.2e-06,0.0
holdout,0,2.48e-06,0.0
holdout,0,2.55e-06,0.0
holdout,0,2.339e-05,0.0
holdout,0,2.16e-06,0.0
holdout,0,8.3e-07,0.0
holdout,0,3.86e-06,0.0
holdout,0,1.21e-06,0.0
holdout,0,5.55e-06,0.0
holdout,0,5.9e-07,0.0
holdout,0,3.89e-06,0.0
holdout,0,2.22e-06,0.0
holdout,0,0.00016964,0.00717889
holdout,0,1.025e-05,0.0
holdout,0,2.96e-06,0.0
holdout,0,2.68e-06,0.0
holdout,0,5.76e-06,0.0
holdout,0,2.12e-06,0.0
holdout,0,2.26e-06,0.0
holdout,0,1.29e-06,0.0
holdout,0,1.77e-06,0.0
holdout,0,8.2e-07,0.0
holdout,0,2.24e-06,0.0
holdout,0,1e-06,0.0
holdout,0,7.681e-05,0.0
holdout,0,6.1e-06,0.0
holdout,0,8.84e-06,0.0
holdout,0,7.07e-06,0.0
holdout,0,1.648e-05,0.0
holdout,0,1.06e-06,0.0
holdout,0,4.6e-06,0.0
holdout,0,2.65e-06,0.0
holdout,0,7.2e-07,0.0
holdout,0,4.298e-05,0.0
holdout,0,1.15e-06,0.0
holdout,0,4.8e-07,0.0
holdout,0,1.36e-06,0.00228007
holdout,0,9.17e-06,0.0
holdout,0,5.16e-06,0.0
holdout,0,1.4e-06,0.0
holdout,0,1.1e-06,0.0
holdout,0,1.16e-06,0.0
holdout,0,6.097e-05,0.0
holdout,0,1.05e-06,0.0
holdout,0,3.29e-06,0.0
holdout,0,8e-07,0.0
holdout,0,1.41e-06,0.0
holdout,0,4.61e-06,0.0
holdout,0,5.38e-06,0.00087951
holdout,0,3.3e-07,0.0
holdout,0,3.8e-07,0.0
holdout,0,4.12e-06,0.0
holdout,0,4.6e-07,0.0
holdout,0,6.411e-05,0.0
holdout,0,4.95e-06,0.0
holdout,0,1.975e-05,0.00087951
holdout,0,5.72e-06,0.0
holdout,0,5.7e-07,0.0
holdout,0,3.8e-07,0.0
holdout,0,6.2e-07,0.0
holdout,0,2.5e-07,0.0
holdout,0,5.248e-05,0.0
holdout,0,1.82e-06,0.0
holdout,0,8.79e-06,0.0
holdout,0,3.6e-07,0.0
holdout,0,2.3e-07,0.0
holdout,0,5.3e-07,0.0
holdout,0,6.8e-07,0.0
holdout,0,3.2e-07,0.0
holdout,0,6.4e-07,0.0
holdout,0,4.361e-05,0.0
holdout,0,3.9e-07,0.0
holdout,0,1.81e-06,0.00140056
holdout,0,5e-07,0.0
holdout,0,3.5e-07,0.0
holdout,0,1.252e-05,0.0
holdout,0,1.09e-06,0.0
holdout,0,3.8e-06,0.0
holdout,0,1.61e-06,0.0
holdout,0,7.6e-07,0.0
holdout,0,2e-07,0.0
holdout,0,6.4e-07,0.0
holdout,0,5.41e-06,0.0
holdout,0,4.08e-06,0.0
holdout,0,4e-07,0.0
holdout,0,9.9e-07,0.0
holdout,0,3.6e-07,0.0
holdout,0,1.28e-06,0.0
holdout,0,3.5e-07,0.0
holdout,0,7.9e-07,0.0
holdout,0,1.9e-07,0.0
holdout,0,7.54e-06,0.00087951
holdout,0,2.8e-07,0.0
holdout,0,6.5e-07,0.0
holdout,0,2.7e-07,0.0
holdout,0,5.5e-07,0.0
holdout,0,5.5e-07,0.0
holdout,0,5.1e-06,0.0
holdout,0,4.9e-07,0.0
holdout,0,1.12e-06,0.0
holdout,0,2.07e-06,0.0
holdout,0,3.32e-06,0.0
holdout,0,2.9e-07,0.0
holdout,0,5.4e-06,0.0
holdout,0,9.26e-06,0.0
holdout,0,3.4e-07,0.0
holdout,0,2.4e-07,0.0
holdout,0,4.7e-07,0.0
holdout,0,2.5e-07,0.0
holdout,0,1.7e-07,0.0
holdout,0,8.7e-07,0.0
holdout,0,1.23e-06,0.0
holdout,0,5e-07,0.0
holdout,0,1.13e-06,0.0
holdout,0,8.2e-07,0.0
holdout,0,2.95e-06,0.0
holdout,0,1.317e-05,0.0
holdout,0,2.04e-06,0.0
holdout,0,0.08864137,0.54364154
holdout,0,1.119e-05,0.0
holdout,0,1.4e-07,0.0
holdout,0,1.423e-05,0.0
holdout,0,1.34e-06,0.0
holdout,0,6.1e-07,0.0
holdout,0,7.3e-07,0.0
holdout,0,4.7e-07,0.0
holdout,0,5e-07,0.0
holdout,0,1.17e-06,0.0
holdout,0,7.9e-07,0.0
holdout,0,8.04e-06,0.0
holdout,0,5e-07,0.0
holdout,0,8.7e-07,0.0
holdout,0,9.9e-07,0.0
holdout,0,5.6e-07,0.0
holdout,0,1.4e-06,0.0
holdout,0,1.03e-06,0.0
holdout,0,1.843e-05,0.0
holdout,0,1.03e-06,0.0
holdout,0,5.74e-06,0.0
holdout,0,5e-07,0.0
holdout,0,4.08e-06,0.0
holdout,0,1.09e-06,0.0
holdout,0,1.27e-06,0.0
holdout,0,1.16e-06,0.0
holdout,0,6.72e-06,0.0
holdout,0,8.7e-07,0.0
holdout,0,4.2e-07,0.0
holdout,0,7.7e-07,0.0
holdout,0,1.59e-06,0.0
holdout,0,8.371e-05,0.00447305
holdout,0,5.9e-07,0.0
holdout,0,1.93e-06,0.0
holdout,0,5.23e-06,0.0
holdout,0,4.4e-07,0.0
holdout,0,5.6e-07,0.0
holdout,0,7.31e-06,0.0
holdout,0,1.5e-06,0.0
holdout,0,2.214e-05,0.00219298
holdout,0,2.88e-06,0.0
holdout,0,1.15e-06,0.0
holdout,0,2.02e-06,0.0
holdout,0,4.6e-07,0.0
holdout,0,1.13e-06,0.0
holdout,0,2.49e-06,0.0
holdout,0,2.53e-06,0.0
holdout,0,4.8e-07,0.0
holdout,0,1.06e-06,0.0
holdout,0,1.47e-06,0.0
holdout,0,3.8e-07,0.0
holdout,0,1.36e-06,0.0
holdout,0,0.0011582,0.00456621
holdout,0,2.26e-06,0.0
holdout,0,1.955e-05,0.0
holdout,0,2e-06,0.0
holdout,0,1.19e-06,0.0
holdout,0,7.14e-06,0.0
holdout,0,2.14e-06,0.0
holdout,0,3.4e-07,0.0
holdout,0,3.04e-06,0.0
holdout,0,6e-07,0.0
holdout,0,1.45e-06,0.0
holdout,0,9.8e-07,0.0
holdout,0,1.41e-06,0.0
holdout,0,1.35e-06,0.0
holdout,0,9e-07,0.0
holdout,0,1.02e-06,0.0
holdout,0,2.7e-06,0.0
holdout,0,3.55e-06,0.0
holdout,0,5.3e-07,0.0
holdout,0,0.00032894,0.00717889
holdout,0,5.93e-06,0.0
holdout,0,4.8e-07,0.0
holdout,0,4.51e-06,0.0
holdout,0,2.64e-06,0.0
holdout,0,2.8e-07,0.0
holdout,0,1.59e-06,0.0
holdout,0,4.6e-07,0.0
holdout,0,1.034e-05,0.0
holdout,0,2.3e-07,0.0
holdout,0,1.9e-07,0.0
holdout,0,2.41e-06,0.0
holdout,0,6e-07,0.0
holdout,0,3.9e-07,0.0
holdout,0,8.3e-07,0.0
holdout,0,4.853e-05,0.0
holdout,0,5.428e-05,0.00480566
holdout,0,3.3e-07,0.0
holdout,0,8.4e-07,0.0
holdout,0,7.762e-05,0.00577833
holdout,0,9.3e-07,0.0
holdout,0,1.12e-06,0.0
holdout,0,1.57e-06,0.0
holdout,0,7.3e-07,0.0
holdout,0,1.16e-06,0.0
holdout,0,7.6e-07,0.0
holdout,0,3.4e-07,0.0
holdout,0,2.13e-06,0.0
holdout,0,8e-07,0.0
holdout,0,2.63e-06,0.0
holdout,0,5.1e-07,0.0
holdout,0,4.05e-06,0.0
holdout,0,3.1e-06,0.0
holdout,0,2.82e-06,0.0
holdout,0,2.78e-06,0.0
holdout,0,0.19005944,0.3988604
holdout,0,2.11e-06,0.0
holdout,0,8.4e-07,0.0
holdout,0,8.517e-05,0.0
holdout,0,2.052e-05,0.0
holdout,0,2.3e-06,0.0
holdout,0,1.336e-05,0.0
holdout,0,0.0001519,0.00480566
holdout,0,1.67e-06,0.0
holdout,0,1.29e-06,0.0
holdout,0,1.38e-06,0.0
holdout,0,4.3e-07,0.0
holdout,0,2.2e-07,0.0
holdout,0,1.76e-06,0.0
holdout,0,0.00020251,0.00447305
holdout,0,1.093e-05,0.0
holdout,0,7e-07,0.00087951
holdout,0,6.1e-07,0.0
holdout,0,6.8e-07,0.0
holdout,0,1.053e-05,0.0
holdout,0,1.6e-06,0.0
holdout,0,9.2e-07,0.0
holdout,0,4.6e-07,0.0
holdout,0,8.5e-07,0.0
holdout,0,2.672e-05,0.0
holdout,0,5.442e-05,0.0
holdout,0,4.14e-06,0.0
holdout,0,4.05e-06,0.0
holdout,0,8.1e-07,0.0
holdout,0,1.43e-06,0.0
holdout,0,1.9e-05,0.0
holdout,0,2.052e-05,0.0
holdout,0,1.63e-06,0.0
holdout,0,1.459e-05,0.0
holdout,0,3.62e-06,0.0
holdout,0,2.24e-06,0.0
holdout,0,1.98e-06,0.0
holdout,0,8.1e-07,0.0
holdout,0,1.63e-06,0.0
holdout,0,1.06e-06,0.0
holdout,0,1.37e-06,0.0
holdout,0,1.062e-05,0.0
holdout,0,7.2e-07,0.0
holdout,0,3.9e-07,0.0
holdout,0,8.9e-07,0.0
holdout,0,2.01e-06,0.0
holdout,0,5.8e-07,0.0
holdout,0,6.1e-07,0.0
holdout,0,1.22e-06,0.0
holdout,0,8.2e-07,0.0
holdout,0,2.02e-06,0.0
holdout,0,4.2e-07,0.0
holdout,0,5.36e-05,0.00087951
holdout,0,2.14e-06,0.0
holdout,0,4.63e-06,0.0
holdout,0,3.44e-06,0.0
holdout,0,2.81e-06,0.0
holdout,0,3.4e-07,0.0
holdout,0,1.19e-06,0.0
holdout,0,8.6e-07,0.0
holdout,0,1.48e-06,0.0
holdout,0,9.8e-07,0.0
holdout,0,4.48e-06,0.0
holdout,0,2.556e-05,0.0
holdout,0,1.8e-07,0.0
holdout,0,1.7e-07,0.0
holdout,0,1.64e-06,0.0
holdout,0,2.5e-06,0.0
holdout,0,2.63e-06,0.0
holdout,0,0.00022182,0.00084079
holdout,0,2.35e-06,0.0
holdout,0,3.33e-06,0.0
holdout,0,5.6e-07,0.0
holdout,0,5.41e-06,0.0
holdout,0,8.11e-06,0.0
holdout,0,1.5e-06,0.0
holdout,0,2.55e-06,0.0
holdout,0,3.79e-06,0.0
holdout,0,7.7e-07,0.0
holdout,0,1.5e-06,0.0
holdout,0,7.9e-07,0.0
holdout,0,5.74e-06,0.0
holdout,0,4.14e-06,0.00219298
holdout,0,2.31e-06,0.0
holdout,0,2.05e-06,0.0
holdout,0,6.17e-06,0.00219298
holdout,0,5.05e-06,0.0
holdout,0,4.404e-05,0.0
holdout,0,3.71e-06,0.0
holdout,0,8.78e-06,0.0
holdout,0,1.263e-05,0.00121212
holdout,0,1.39e-06,0.0
holdout,0,1.72e-06,0.0
holdout,0,2.45e-06,0.0
holdout,0,6e-07,0.0
holdout,0,1.1e-06,0.0
holdout,0,3.06e-06,0.0
holdout,0,1e-06,0.0
holdout,0,6.6e-07,0.0
holdout,0,1.06e-06,0.0
holdout,0,5.827e-05,0.0
holdout,0,1.492e-05,0.0
holdout,0,3.6e-06,0.0
holdout,0,3.1e-07,0.0
holdout,0,1.2e-06,0.0
holdout,0,1.15e-06,0.0
holdout,0,0.00014774,0.0
holdout,0,4.83e-06,0.0
holdout,0,2.35e-06,0.0
holdout,0,4.06e-06,0.0
holdout,0,1.64e-06,0.0
holdout,0,3.4e-07,0.0
holdout,0,5.13e-06,0.0
holdout,0,6.5e-07,0.0
holdout,0,6e-07,0.0
holdout,0,1.41e-06,0.0
holdout,0,2.19e-06,0.0
holdout,0,4e-07,0.0
holdout,0,1.14e-06,0.0
holdout,0,1.263e-05,0.0
holdout,0,8.4e-07,0.0
holdout,0,7.6e-07,0.0
holdout,0,2.47e-06,0.0
holdout,0,2.82e-06,0.0
holdout,0,7.004e-05,0.0
holdout,0,1.28e-06,0.0
holdout,0,1.02e-06,0.0
holdout,0,2.89e-06,0.0
holdout,0,5.8e-07,0.0
holdout,0,1.28e-06,0.0
holdout,0,5.2e-07,0.0
holdout,0,1.21e-06,0.0
holdout,0,5.85e-06,0.0
holdout,0,4.54e-06,0.0
holdout,0,2.98e-06,0.0
holdout,0,9.236e-05,0.0
holdout,0,7.2e-07,0.0
holdout,0,6.6e-07,0.0
holdout,0,9.7e-07,0.0
holdout,0,4.33e-06,0.0
holdout,0,1.58e-06,0.0
holdout,0,9.5e-07,0.0
holdout,0,1.193e-05,0.0
holdout,0,1.78e-05,0.0
holdout,0,1.03e-06,0.0
holdout,0,3.7e-07,0.0
holdout,0,1.05e-06,0.0
holdout,0,2.57e-06,0.0
holdout,0,8.8e-07,0.0
holdout,0,5.113e-05,0.0
holdout,0,6.65e-06,0.0
holdout,0,2.56e-06,0.0
holdout,0,9.9e-07,0.0
holdout,0,3.14e-06,0.0
holdout,0,1.55e-05,0.0
holdout,0,2.07e-06,0.0
holdout,0,1.93e-06,0.0
holdout,0,3.76e-05,0.0
holdout,0,6.6e-07,0.0
holdout,0,4.25e-06,0.0
holdout,0,3.42e-06,0.0
holdout,0,1.07e-06,0.0
holdout,0,8.85e-06,0.0
holdout,0,1.3e-06,0.0
holdout,0,1.9e-06,0.0
holdout,0,1.391e-05,0.00087951
holdout,0,0.00012734,0.0
holdout,0,2.49e-06,0.0
holdout,0,9.6e-07,0.0
holdout,0,8.99e-06,0.0
holdout,0,4.43e-06,0.00087951
holdout,0,2.26e-06,0.0
holdout,0,8.5e-07,0.0
holdout,0,3.275e-05,0.0
holdout,0,6.2e-07,0.0
holdout,0,0.00056884,0.00087951
holdout,0,5.501e-05,0.0
holdout,0,2.021e-05,0.0
holdout,0,1.54e-06,0.0
holdout,0,9.2e-07,0.0
holdout,0,1.49e-06,0.0
holdout,0,3.1e-07,0.0
holdout,0,3.86e-06,0.0
holdout,0,4.5e-06,0.0
holdout,0,4.2e-07,0.0
holdout,0,7.5e-07,0.0
holdout,0,1.98e-06,0.0
holdout,0,1.49e-06,0.0
holdout,0,1.41e-06,0.0
holdout,0,0.00012689,0.0
holdout,0,0.00381298,0.00140056
holdout,0,4.81e-06,0.0
holdout,0,1.4e-06,0.0
holdout,0,6.17e-06,0.0
holdout,0,1.69e-06,0.0
holdout,0,1.23e-06,0.0
holdout,0,1.49e-06,0.0
holdout,0,3.69e-06,0.0
holdout,0,0.00044585,0.0
holdout,0,4.955e-05,0.0
holdout,0,0.00012714,0.00219298
holdout,0,2.3e-05,0.0
holdout,0,1.98e-06,0.0
holdout,0,3.59e-06,0.0
holdout,0,1e-06,0.0
holdout,0,0.00012726,0.0
holdout,0,8.329e-05,0.0
holdout,0,7.7e-07,0.0
holdout,0,4.098e-05,0.0
holdout,0,1.17e-06,0.0
holdout,0,1.18e-06,0.0
holdout,0,2.5e-06,0.0
holdout,0,5.22e-06,0.0
holdout,0,5.79e-06,0.0
holdout,0,6.2e-07,0.0
holdout,0,7.3e-07,0.0
holdout,0,1.73e-06,0.0
holdout,0,8.7e-07,0.0
holdout,0,6e-06,0.0
holdout,0,1.13e-05,0.0
holdout,0,4.08e-06,0.0
holdout,0,3.233e-05,0.0
holdout,0,1.223e-05,0.0
holdout,0,3.74e-06,0.0
holdout,0,2.14e-06,0.0
holdout,0,2.45e-06,0.0
holdout,0,0.00018221,0.0
holdout,0,1.44e-06,0.0
holdout,0,4.4e-07,0.0
holdout,0,5.92e-06,0.0
holdout,0,3.641e-05,0.0
holdout,0,1.667e-05,0.0
holdout,0,3.7e-07,0.0
holdout,0,6.7e-06,0.0
holdout,0,1.768e-05,0.00219298
holdout,0,1.88e-06,0.0
holdout,0,5.71e-06,0.0
holdout,0,1.65e-06,0.0
holdout,0,0.00010485,0.0
holdout,0,1.045e-05,0.0
holdout,0,1.69e-06,0.0
holdout,0,3.749e-05,0.0
holdout,0,9.35e-06,0.0
holdout,0,7.3e-07,0.0
holdout,0,1.67e-06,0.0
holdout,0,0.00327375,0.0
holdout,0,1.6e-06,0.0
holdout,0,6.2e-07,0.0
holdout,0,2.72e-06,0.0
holdout,0,1.64e-06,0.0
holdout,0,6.812e-05,0.0
holdout,0,2.49e-06,0.0
holdout,0,6.469e-05,0.0
holdout,0,1.365e-05,0.0
holdout,0,1.028e-05,0.0
holdout,0,3.64e-06,0.0
holdout,0,2.94e-05,0.0
holdout,0,9.88e-06,0.0
holdout,0,4.29e-06,0.0
holdout,0,6.53e-06,0.0
holdout,0,7.7e-07,0.0
holdout,0,2.98e-06,0.0
holdout,0,9.396e-05,0.00261268
holdout,0,1.41e-06,0.0
holdout,0,1.26e-06,0.0
holdout,0,4.481e-05,0.0
holdout,0,2.3e-07,0.0
holdout,0,9.4e-07,0.0
holdout,0,2.9e-07,0.0
holdout,0,2.17e-06,0.0
holdout,0,2.17e-06,0.0
holdout,0,3.454e-05,0.0
holdout,0,9.04e-06,0.0
holdout,0,1.44e-06,0.0
holdout,0,5.72e-06,0.0
holdout,0,3.7e-07,0.0
holdout,0,1.54e-06,0.0
holdout,0,5.8e-07,0.0
holdout,0,5.687e-05,0.0
holdout,0,6.6e-07,0.0
holdout,0,8.4e-07,0.0
holdout,0,2.06e-06,0.0
holdout,0,6.95e-06,0.0
holdout,0,1.84e-06,0.0
holdout,0,9.51e-06,0.0
holdout,0,1.27e-06,0.0
holdout,0,4.7e-06,0.0
holdout,0,1.58e-06,0.0
holdout,0,0.00317752,0.00261268
holdout,0,2.73e-06,0.0
holdout,0,3.84e-06,0.0
holdout,0,6.11e-06,0.0
holdout,0,3.31e-06,0.0
holdout,0,7.62e-06,0.0
holdout,0,1.27e-06,0.0
holdout,0,5.8e-07,0.0
holdout,0,1.21e-05,0.0
holdout,0,1.16e-06,0.0
holdout,0,2.48e-06,0.0
holdout,0,3.79e-06,0.0
holdout,0,3.59e-06,0.0
holdout,0,4.601e-05,0.00087951
holdout,0,3.8e-07,0.0
holdout,0,7.2e-06,0.00140056
holdout,0,0.0001167,0.00480566
holdout,0,9.6e-07,0.0
holdout,0,1.84e-06,0.0
holdout,0,3.561e-05,0.0
holdout,0,9.1e-07,0.0
holdout,0,1.45e-06,0.0
holdout,0,5.926e-05,0.0
holdout,0,6.63e-06,0.0
holdout,0,1.39e-06,0.0
holdout,0,7.1e-07,0.0
holdout,0,1.05e-06,0.0
holdout,0,1.57e-06,0.0
holdout,0,2.28e-06,0.0
holdout,0,2.801e-05,0.00087951
holdout,0,1.297e-05,0.0
holdout,0,4.48e-06,0.0
holdout,0,5.4e-07,0.0
holdout,0,5.69e-06,0.00480566
holdout,0,5.29e-06,0.0
holdout,0,1.22e-06,0.0
holdout,0,0.00041502,0.00228007
holdout,0,1.406e-05,0.0
holdout,0,1.23e-06,0.0
holdout,0,1.14e-06,0.0
holdout,0,1.98e-06,0.0
holdout,0,3.07e-06,0.0
holdout,0,3.62e-06,0.0
holdout,0,1.63e-05,0.0
holdout,0,2.5e-07,0.0
holdout,0,6.2e-07,0.0
holdout,0,1.15e-06,0.0
holdout,0,1.22e-06,0.0
holdout,0,1.529e-05,0.0
holdout,0,2.7e-07,0.0
holdout,0,1.089e-05,0.0
holdout,0,7.9e-07,0.0
holdout,0,7.2e-07,0.0
holdout,0,0.16556986,0.28894849
holdout,0,3.295e-05,0.0
holdout,0,2.63e-06,0.0
holdout,0,1.9e-06,0.0
holdout,0,1.97e-06,0.0
holdout,0,3.61e-05,0.00480566
holdout,0,3.1e-06,0.0
holdout,0,1.136e-05,0.0
holdout,0,3.27e-06,0.0
holdout,0,5.12e-06,0.0
holdout,0,5.8e-07,0.0
holdout,0,1.353e-05,0.0
holdout,0,5.29e-06,0.0
holdout,0,9.611e-05,0.0
holdout,0,8.3e-07,0.0
holdout,0,0.00319379,0.00261268
holdout,0,1.36e-06,0.0
holdout,0,1.081e-05,0.0
holdout,0,1.28e-06,0.0
holdout,0,4.3e-07,0.0
holdout,0,5.2e-07,0.0
holdout,0,1.51e-06,0.0
holdout,0,4.07e-06,0.0
holdout,0,0.00019927,0.0
holdout,0,3.5e-07,0.0
holdout,0,1.51e-06,0.0
holdout,0,3.222e-05,0.0
holdout,0,4.84e-06,0.0
holdout,0,1.34e-06,0.0
holdout,0,1.79e-06,0.0
holdout,0,5.24e-05,0.0
holdout,0,1.86e-06,0.0
holdout,0,1.45e-06,0.0
holdout,0,4.5e-07,0.0
holdout,0,3.93e-06,0.0
holdout,0,1.64e-06,0.0
holdout,0,1.48e-06,0.0
holdout,0,3.624e-05,0.0
holdout,0,5.2e-07,0.0
holdout,0,5.68e-06,0.0
holdout,0,1.72e-06,0.0
holdout,0,2.7e-07,0.0
holdout,0,5.53e-06,0.0
holdout,0,6.1e-07,0.0
holdout,0,3.74e-06,0.0
holdout,0,5.6e-06,0.0
holdout,0,2.84e-06,0.0
holdout,0,9.6e-07,0.0
holdout,0,2.53e-06,0.00087951
holdout,0,0.00010411,0.0
holdout,0,1.76e-06,0.0
holdout,0,2e-06,0.0
holdout,0,4.6e-07,0.0
holdout,0,1.7e-06,0.0
holdout,0,1.842e-05,0.0
holdout,0,2.23e-06,0.0
holdout,0,3.73e-06,0.0
holdout,0,1.086e-05,0.0
holdout,0,1.322e-05,0.0
holdout,0,9.4e-07,0.0
holdout,0,6e-07,0.0
holdout,0,4.5e-07,0.0
holdout,0,1.49e-06,0.0
holdout,0,3.18e-06,0.0
holdout,0,1.44e-06,0.0
holdout,0,2.373e-05,0.0
holdout,0,1.216e-05,0.0
holdout,0,1.47e-06,0.0
holdout,0,3.6e-06,0.0
holdout,0,1.068e-05,0.0
holdout,0,9.7e-07,0.0
holdout,0,4.211e-05,0.0
holdout,0,4.542e-05,0.00140056
holdout,0,2.27e-06,0.0
holdout,0,1.04e-06,0.0
holdout,0,3.58e-06,0.0
holdout,0,2.41e-06,0.0
holdout,0,1.141e-05,0.0
holdout,0,3.45e-06,0.0
holdout,0,0.00023998,0.00140056
holdout,0,6.5e-07,0.0
holdout,0,2.71e-06,0.0
holdout,0,2.76e-06,0.0
holdout,0,1.053e-05,0.0
holdout,0,1.9e-06,0.0
holdout,0,2.15e-06,0.0
holdout,0,1.24e-06,0.0
holdout,0,1.8e-06,0.0
holdout,0,3.328e-05,0.00447305
holdout,0,7.2e-07,0.0
holdout,0,1.343e-05,0.0
holdout,0,1.735e-05,0.0
holdout,0,9.1e-07,0.0
holdout,0,1.689e-05,0.00140056
holdout,0,1.33e-06,0.0
holdout,0,1.68e-06,0.0
holdout,0,2.37e-06,0.0
holdout,0,6.3e-07,0.0
holdout,0,1.06e-06,0.0
holdout,0,1.303e-05,0.0
holdout,0,2.197e-05,0.0
holdout,0,1.17e-06,0.0
holdout,0,2.37e-06,0.0
holdout,0,2.75e-06,0.0
holdout,0,5.75e-06,0.0
holdout,0,1.09e-06,0.0
holdout,0,1.57e-06,0.0
holdout,0,5.05e-06,0.0
holdout,0,2.4e-06,0.0
holdout,0,0.00032784,0.0
holdout,0,5e-07,0.0
holdout,0,4.3e-07,0.0
holdout,0,9.4e-07,0.0
holdout,0,1.46e-06,0.0
holdout,0,3.8e-06,0.0
holdout,0,1.36e-06,0.0
holdout,0,6.94e-06,0.0
holdout,0,4.17e-06,0.0
holdout,0,1.92e-06,0.0
holdout,0,1.233e-05,0.0
holdout,0,1.65e-06,0.0
holdout,0,5.911e-05,0.0
holdout,0,2.112e-05,0.0
holdout,0,1.03e-06,0.0
holdout,0,7.8e-07,0.0
holdout,0,1e-06,0.0
holdout,0,1.73e-06,0.0
holdout,0,1.112e-05,0.0
holdout,0,1.52e-06,0.0
holdout,0,2.87e-06,0.00087951
holdout,0,5.488e-05,0.00140056
holdout,0,6.4e-07,0.0
holdout,0,4.5e-07,0.0
holdout,0,4.98e-06,0.0
holdout,0,8.02e-06,0.0
holdout,0,5.82e-06,0.0
holdout,0,5.15e-06,0.0
holdout,0,0.98786311,0.3954934
holdout,0,6.34e-06,0.0
holdout,0,4.702e-05,0.00087951
holdout,0,4.23e-06,0.0
holdout,0,3.716e-05,0.0
holdout,0,1.848e-05,0.0
holdout,0,5.26e-06,0.00087951
holdout,0,2.81e-06,0.0
holdout,0,9.3e-07,0.0
holdout,0,1.044e-05,0.0
holdout,0,4.96e-06,0.0
holdout,0,7.8e-07,0.0
holdout,0,1.45e-05,0.0
holdout,0,3.453e-05,0.0
holdout,0,3.4e-07,0.0
holdout,0,1.898e-05,0.00359354
holdout,0,3.15e-06,0.0
holdout,0,9.9e-07,0.0
holdout,0,4.3e-07,0.0
holdout,0,2.59e-06,0.0
holdout,0,2.1e-06,0.0
holdout,0,3.813e-05,0.0
holdout,0,3.02e-06,0.0
holdout,0,3.56e-06,0.0
holdout,0,8.7e-07,0.0
holdout,0,8.695e-05,0.00684628
holdout,0,6.5e-07,0.0
holdout,0,2.28e-06,0.0
holdout,0,1.116e-05,0.0
holdout,0,8.49e-06,0.0
holdout,0,4.9e-07,0.0
holdout,0,1.57e-06,0.0
holdout,0,1.63e-06,0.0
holdout,0,3.17e-06,0.0
holdout,0,6.3e-07,0.0
holdout,0,8.9e-07,0.0
holdout,0,1.456e-05,0.0
holdout,0,1.02e-06,0.0
holdout,0,4.43e-06,0.0
holdout,0,3.48e-06,0.0
holdout,0,9.99e-06,0.0
holdout,0,4.5e-07,0.0
holdout,0,1.203e-05,0.0
holdout,0,4.17e-06,0.0
holdout,0,2.78e-06,0.0
holdout,0,3.21e-06,0.0
holdout,0,1.06e-06,0.0
holdout,0,7.26e-06,0.0
holdout,0,2.1e-06,0.0
holdout,0,1.073e-05,0.0
holdout,0,4.3e-07,0.0
holdout,0,4.86e-06,0.0
holdout,0,3.29e-06,0.0
holdout,0,7.4e-07,0.0
holdout,0,0.00018463,0.00447305
holdout,0,6.26e-06,0.0
holdout,0,1.56e-06,0.0
holdout,0,4.61e-06,0.0
holdout,0,1.24e-06,0.0
holdout,0,2.03e-06,0.0
holdout,0,4.474e-05,0.0
holdout,0,3.72e-06,0.0
holdout,0,0.00018172,0.0
holdout,0,1.84e-06,0.0
holdout,0,2.12e-06,0.0
holdout,0,4.85e-06,0.0
holdout,0,1.9e-06,0.0
holdout,0,2.27e-06,0.0
holdout,0,1.01e-06,0.0
holdout,0,6.9e-07,0.0
holdout,0,3.6e-06,0.0
holdout,0,0.00039272,0.00577833
holdout,0,1.189e-05,0.0
holdout,0,2.01e-06,0.0
holdout,0,3.4e-07,0.0
holdout,0,0.06461244,0.13917834
holdout,0,1.15e-06,0.0
holdout,0,1.53e-06,0.0
holdout,0,2.88e-06,0.0
holdout,0,1.336e-05,0.0
holdout,0,5.2e-06,0.0
holdout,0,1.67e-06,0.0
holdout,0,8.71e-06,0.0
holdout,0,1.776e-05,0.0
holdout,0,1.03e-06,0.0
holdout,0,1.763e-05,0.0
holdout,0,1.78e-06,0.0
holdout,0,5.527e-05,0.00480566
holdout,0,7.17e-06,0.0
holdout,0,2.11e-06,0.0
holdout,0,1.05e-06,0.0
holdout,0,0.000229,0.0
holdout,0,1.12e-06,0.0
holdout,0,0.00080138,0.07736101
holdout,0,7.28e-06,0.0
holdout,0,7.5e-07,0.0
holdout,0,3.36e-06,0.0
holdout,0,2.1e-07,0.0
holdout,0,4.47e-06,0.0
holdout,0,1.02e-06,0.0
holdout,0,1.371e-05,0.0
holdout,0,1.52e-06,0.0
holdout,0,0.00153654,0.00219298
holdout,0,5.68e-06,0.0
holdout,0,1.508e-05,0.00087951
holdout,0,1.19e-06,0.0
holdout,0,9.2e-07,0.0
holdout,0,3.308e-05,0.0
holdout,0,2.74e-06,0.0
holdout,0,1.9e-06,0.0
holdout,0,5.64e-06,0.0
holdout,0,3.63e-05,0.0
holdout,0,9.8e-07,0.0
holdout,0,1.734e-05,0.0
holdout,0,3.59e-06,0.0
holdout,0,4.801e-05,0.0
holdout,0,1.028e-05,0.0
holdout,0,5.779e-05,0.0
holdout,0,9.09e-06,0.0
holdout,0,1.25e-06,0.0
holdout,0,9.35e-06,0.0
holdout,0,0.00031513,0.0
holdout,0,7.49e-06,0.0
holdout,0,2.53e-06,0.0
holdout,0,5.23e-06,0.0
holdout,0,9.3e-07,0.0
holdout,0,3.9e-06,0.0
holdout,0,2.053e-05,0.00219298
holdout,0,1.679e-05,0.0
holdout,0,2.2e-06,0.0
holdout,0,1.377e-05,0.00219298
holdout,0,2.81e-06,0.0
holdout,0,4.06e-06,0.0
holdout,0,7.487e-05,0.0
holdout,0,6.49e-06,0.0
holdout,0,9.9e-07,0.0
holdout,0,2.163e-05,0.0
holdout,0,6.13e-06,0.0
holdout,0,1.28e-06,0.0
holdout,0,8.96e-06,0.0
holdout,0,0.00086958,0.0
holdout,0,9.42e-06,0.0
holdout,0,1.32e-06,0.0
holdout,0,5.35e-06,0.0
holdout,0,4.4e-06,0.0
holdout,0,8.56e-06,0.0
holdout,0,2.36e-06,0.0
holdout,0,6.64e-06,0.0
holdout,0,8.08e-06,0.0
holdout,0,1.83e-06,0.0
holdout,0,1.64e-06,0.0
holdout,0,6.49e-06,0.0
holdout,0,8.42e-06,0.0
holdout,0,4.369e-05,0.00544572
holdout,0,3.25e-06,0.0
holdout,0,3.27e-06,0.00219298
holdout,0,6.25e-05,0.0
holdout,0,3.539e-05,0.0
holdout,0,2.083e-05,0.0
holdout,0,0.00018714,0.0
holdout,0,8.04e-06,0.0
holdout,0,4.152e-05,0.0
holdout,0,4.63e-06,0.0
holdout,0,7.58e-06,0.0
holdout,0,3.9e-07,0.0
holdout,0,5.092e-05,0.0
holdout,0,9.038e-05,0.0
holdout,0,0.00016123,0.0
holdout,0,5.1e-07,0.0
holdout,0,7.24e-06,0.0
holdout,0,1.88e-06,0.0
holdout,0,6.1e-05,0.0
holdout,0,4.59e-06,0.0
holdout,0,2.89e-06,0.0
holdout,0,1.89e-06,0.0
holdout,0,1.205e-05,0.0
holdout,0,0.00300442,0.00717889
holdout,0,1.209e-05,0.0
holdout,0,6.7e-07,0.0
holdout,0,6.11e-06,0.0
holdout,0,1.05e-06,0.0
holdout,0,3.53e-06,0.0
holdout,0,3.54e-06,0.0
holdout,0,2.744e-05,0.0
holdout,0,1.523e-05,0.0
holdout,0,2.162e-05,0.0
holdout,0,4.37e-06,0.0
holdout,0,2.65e-06,0.0
holdout,0,6.14e-06,0.0
holdout,0,3.86e-06,0.0
holdout,0,0.04662349,0.02806723
holdout,0,6.34e-06,0.0
holdout,0,1.888e-05,0.0
holdout,0,1.36e-06,0.0
holdout,0,1.075e-05,0.0
holdout,0,5.97e-06,0.0
holdout,0,0.00024835,0.0
holdout,0,5.95e-06,0.0
holdout,1,0.38513043,0.11372379
holdout,0,7.8e-07,0.0
holdout,0,3.5e-07,0.0
holdout,0,1.17e-06,0.0
holdout,0,1.97e-06,0.0
holdout,0,6.22e-06,0.0
holdout,0,2.55e-06,0.0
holdout,0,0.0019531,0.00480566
holdout,0,1.5e-06,0.0
holdout,1,0.99679907,0.54364154
holdout,0,1.17e-06,0.0
holdout,0,6.8e-07,0.0
holdout,0,8.37e-06,0.0
holdout,0,0.3922393,0.00456621
holdout,0,2.03e-06,0.0
holdout,0,8.1e-07,0.0
holdout,0,1.61e-06,0.0
holdout,0,1.57e-06,0.0
holdout,0,6.9e-07,0.0
holdout,0,5.872e-05,0.00228007
holdout,0,7.653e-05,0.0
holdout,0,6.02e-06,0.0
holdout,0,3.57e-06,0.0
holdout,0,9.85e-06,0.0
holdout,0,3.97e-06,0.00219298
holdout,0,9.09e-06,0.0
holdout,0,3.79e-06,0.0
holdout,0,1.095e-05,0.00219298
holdout,0,5.96e-06,0.0
holdout,0,1.305e-05,0.0
holdout,0,1.521e-05,0.0
holdout,0,2.72e-06,0.0
holdout,0,6.91e-06,0.00219298
holdout,0,3.18e-06,0.0
holdout,0,7.1e-07,0.0
holdout,0,7.7e-07,0.0
holdout,0,2.12e-06,0.0
holdout,0,7.76e-06,0.0
holdout,0,5.569e-05,0.00087951
holdout,0,2.89e-06,0.0
holdout,0,1.179e-05,0.00087951
holdout,0,4.982e-05,0.0
holdout,0,5.3e-06,0.0
holdout,0,4.621e-05,0.0
holdout,0,8.6e-07,0.0
holdout,0,1.547e-05,0.0
holdout,0,3.526e-05,0.0
holdout,0,3.36e-05,0.0
holdout,0,2.08e-06,0.0
holdout,0,1.44e-06,0.0
holdout,0,5.5e-07,0.0
holdout,0,4.74e-06,0.0
holdout,0,2.122e-05,0.0
holdout,0,2.124e-05,0.0
holdout,0,1.733e-05,0.0
holdout,0,2.11e-06,0.0
holdout,0,1.15e-05,0.0
holdout,0,9.7e-07,0.0
holdout,0,7.3e-07,0.0
holdout,0,4.4e-07,0.0
holdout,0,1.044e-05,0.0
holdout,0,9e-07,0.0
holdout,0,1.477e-05,0.0
holdout,0,1.18e-06,0.0
holdout,0,3.8e-07,0.0
holdout,0,1.027e-05,0.0
holdout,0,7e-07,0.0
holdout,0,4.51e-06,0.0
holdout,0,5.68e-06,0.0
holdout,0,8.8e-07,0.0
holdout,0,5.452e-05,0.0
holdout,0,2.716e-05,0.0
holdout,0,5.322e-05,0.00087951
holdout,0,0.99233549,0.66338815
holdout,0,2.026e-05,0.0
holdout,0,1.26e-06,0.0
holdout,0,3.26e-06,0.0
holdout,0,4.866e-05,0.0
holdout,0,0.00036763,0.0
holdout,0,9.9e-07,0.0
holdout,0,1.497e-05,0.0
holdout,0,2.3e-06,0.0
holdout,0,7.37e-06,0.0
holdout,0,9.4e-06,0.0
holdout,0,1.37e-06,0.0
holdout,0,8.52e-06,0.0
holdout,0,1.54e-06,0.0
holdout,0,1.18e-06,0.0
holdout,0,2.52e-06,0.0
holdout,0,3.209e-05,0.0
holdout,0,1.17e-06,0.0
holdout,0,2.63e-06,0.0
holdout,0,6.088e-05,0.00577833
holdout,0,0.00037772,0.0
holdout,0,2.65e-06,0.0
holdout,0,1.39e-06,0.0
holdout,0,3.3e-07,0.0
holdout,0,3.2e-06,0.0
holdout,0,1.95e-06,0.0
holdout,0,4.94e-06,0.0
holdout,0,0.0003775,0.00717889
holdout,0,9.68e-06,0.0
holdout,0,5.6e-07,0.0
holdout,0,2.365e-05,0.0
holdout,0,2.4e-07,0.0
holdout,0,3.08e-06,0.0
holdout,0,4.41e-06,0.0
holdout,0,1.09e-06,0.0
holdout,0,1.66e-05,0.0
holdout,0,1.69e-06,0.0
holdout,0,5.69e-06,0.0
holdout,0,1.39e-06,0.0
holdout,0,1.07e-06,0.0
holdout,0,1.06e-06,0.0
holdout,0,1.071e-05,0.0
holdout,0,1.241e-05,0.0
holdout,0,4.67e-06,0.0
holdout,0,3.85e-06,0.0
holdout,0,1.44e-06,0.0
holdout,0,1.102e-05,0.0
holdout,0,8.18e-06,0.0
holdout,0,2.085e-05,0.0
holdout,0,1.28e-06,0.0
holdout,0,5.46e-06,0.0
holdout,0,7.4e-07,0.0
holdout,0,1.625e-05,0.0
holdout,0,2.583e-05,0.0
holdout,0,3.7e-06,0.0
holdout,0,7.14e-06,0.0
holdout,0,3.45e-06,0.0
holdout,0,9.03e-06,0.0
holdout,0,7.21e-06,0.0
holdout,0,3.616e-05,0.0
holdout,0,7.24e-06,0.0
holdout,0,4.084e-05,0.0
holdout,0,1.649e-05,0.00087951
holdout,0,3.78e-06,0.0
holdout,0,2.38e-06,0.0
holdout,0,2.54e-06,0.0
holdout,0,1.64e-06,0.0
holdout,0,6.795e-05,0.0
holdout,0,4.26e-06,0.0
holdout,0,5e-07,0.0
holdout,0,5.73e-06,0.0
holdout,0,2.21e-06,0.0
holdout,0,2.17e-06,0.0
holdout,0,8.5e-07,0.0
holdout,0,3.73e-06,0.0
holdout,0,8.1e-07,0.0
holdout,0,2.381e-05,0.0
holdout,0,7.85e-06,0.0
holdout,0,6.7e-06,0.0
holdout,0,3.746e-05,0.0
holdout,0,5.31e-06,0.0
holdout,0,1.76e-06,0.0
holdout,0,3.94e-06,0.0
holdout,0,9.12e-06,0.0
holdout,0,1.611e-05,0.0
holdout,0,1.43e-05,0.00087951
holdout,0,0.00010738,0.00480566
holdout,0,4.24e-05,0.0
holdout,0,6.775e-05,0.00121212
holdout,0,2.909e-05,0.0
holdout,0,4.6e-06,0.0
holdout,0,3e-06,0.0
holdout,0,9.8e-07,0.0
holdout,0,1.624e-05,0.0
holdout,0,9.751e-05,0.00717889
holdout,0,1.26e-06,0.0
holdout,0,8.101e-05,0.0
holdout,0,8.48e-06,0.0
holdout,0,4.112e-05,0.0
holdout,0,3e-05,0.0
holdout,0,4.6e-07,0.0
holdout,0,1.87e-06,0.0
holdout,0,8.05e-06,0.0
holdout,0,7.24e-06,0.0
holdout,0,4.75e-06,0.0
holdout,0,2.21e-06,0.0
holdout,0,2.611e-05,0.0
holdout,0,3.36e-06,0.0
holdout,0,3.22e-06,0.0
holdout,0,3.14e-06,0.0
holdout,0,9.51e-06,0.0
holdout,0,4.469e-05,0.0
holdout,0,3.518e-05,0.0
holdout,0,6.32e-06,0.0
holdout,0,1.72e-06,0.0
holdout,0,3.54e-06,0.0
holdout,0,9.9e-07,0.0
holdout,0,2.852e-05,0.00121212
holdout,0,3.973e-05,0.00359354
holdout,0,5.41e-06,0.0
holdout,0,9.99e-06,0.0
holdout,0,6.99e-06,0.0
holdout,0,7.5e-07,0.0
holdout,0,2.139e-05,0.0
holdout,0,2.22e-06,0.0
holdout,0,2.588e-05,0.0
holdout,0,1.79e-06,0.0
holdout,0,1.225e-05,0.0
holdout,0,9.1e-07,0.0
holdout,0,1.14e-06,0.0
holdout,0,7.3e-06,0.0
holdout,0,0.00029407,0.00087951
holdout,0,8e-07,0.0
holdout,0,0.00261277,0.00447305
holdout,0,5.475e-05,0.0
holdout,0,2.199e-05,0.00219298
holdout,0,5.072e-05,0.0
holdout,0,4.32e-06,0.0
holdout,0,9e-07,0.0
holdout,0,1.28e-06,0.0
holdout,0,1.11e-06,0.0
holdout,0,3.91e-06,0.0
holdout,0,2.36e-06,0.0
holdout,0,1.57e-06,0.0
holdout,0,1.81e-06,0.0
holdout,0,1.142e-05,0.0
holdout,0,1.05e-06,0.0
holdout,0,1.59e-06,0.0
holdout,0,3.71e-06,0.0
holdout,0,0.00011333,0.0
holdout,0,3.41e-06,0.0
holdout,0,1.12e-06,0.0
holdout,0,3.4e-07,0.0
holdout,0,1.36e-06,0.0
holdout,0,1.93e-06,0.0
holdout,0,1.73e-06,0.0
holdout,0,6.27e-06,0.0
holdout,0,0.00086989,0.00219298
holdout,0,1.25e-06,0.0
holdout,0,2.2e-06,0.0
holdout,0,3.09e-06,0.0
holdout,0,1.172e-05,0.0
holdout,0,1.03e-06,0.0
holdout,0,6.207e-05,0.0
holdout,0,3.34e-05,0.0
holdout,0,5.33e-06,0.0
holdout,0,3.76e-06,0.0
holdout,0,2.3e-06,0.0
holdout,0,2.378e-05,0.0
holdout,0,0.00044441,0.00717889
holdout,0,2.11e-06,0.0
holdout,0,6.72e-06,0.0
holdout,0,4.54e-06,0.0
holdout,0,2.881e-05,0.0
holdout,0,1.35e-06,0.0
holdout,0,2.15e-06,0.0
holdout,0,0.00318233,0.00684628
holdout,0,0.00025141,0.00121212
holdout,0,2.13e-06,0.0
holdout,0,7.22e-05,0.0
holdout,0,6.25e-06,0.0
holdout,0,1.11e-06,0.0
holdout,0,1.541e-05,0.00228007
holdout,0,6.19e-06,0.0
holdout,0,4.03e-06,0.0
holdout,0,8.81e-06,0.0
holdout,0,1.11e-06,0.0
holdout,0,6.66e-06,0.0
holdout,0,5.88e-06,0.0
holdout,0,4.8e-06,0.0
holdout,0,1.38e-06,0.0
holdout,0,9.6e-07,0.0
holdout,0,2.423e-05,0.00087951
holdout,0,1.522e-05,0.0
holdout,0,0.00016328,0.0034051
holdout,0,1.06e-06,0.0
holdout,0,8.17e-06,0.0
holdout,0,1.78e-06,0.0
holdout,0,7.542e-05,0.0
holdout,0,1.31e-06,0.0
holdout,0,3.87e-06,0.0
holdout,0,1.324e-05,0.0
holdout,0,2.53e-06,0.0
holdout,0,3.6e-07,0.0
holdout,0,4.24e-05,0.00087951
holdout,0,6.346e-05,0.0
holdout,0,1.3e-06,0.0
holdout,0,4.28e-06,0.0
holdout,0,1.028e-05,0.0
holdout,0,7.5e-07,0.0
holdout,0,1.034e-05,0.0
holdout,0,7.727e-05,0.00307249
holdout,0,7.8e-07,0.0
holdout,0,4.8e-07,0.00447305
holdout,0,4.2e-07,0.0
holdout,0,6.47e-06,0.0
holdout,0,0.00029774,0.0
holdout,0,2.93e-06,0.0
holdout,0,4.41e-06,0.0
holdout,0,1.47e-06,0.0
holdout,0,4.89e-06,0.0
holdout,0,1.78e-06,0.0
holdout,0,1.07e-06,0.0
holdout,0,1.66e-06,0.0
holdout,0,1.816e-05,0.0
holdout,0,3.41e-06,0.0
holdout,0,0.00010156,0.0
holdout,0,3.26e-06,0.0
holdout,0,1.43e-05,0.00087951
holdout,0,4.82e-05,0.0
holdout,0,3.8e-07,0.0
holdout,0,6.87e-05,0.00087951
holdout,0,3.09e-06,0.0
holdout,0,1.357e-05,0.0
holdout,0,2.14e-06,0.0
holdout,0,4.566e-05,0.0
holdout,0,1.09e-06,0.0
holdout,0,3.43e-06,0.0
holdout,0,1.93e-05,0.0
holdout,0,1.82e-06,0.0
holdout,0,5.2e-07,0.0
holdout,0,4.276e-05,0.0
holdout,0,3.171e-05,0.00307249
holdout,0,1.51e-06,0.0
holdout,0,3.73e-06,0.0
holdout,0,2.07e-06,0.0
holdout,0,1.066e-05,0.0
holdout,0,0.00010638,0.00087951
holdout,0,0.00036776,0.0
holdout,0,8.31e-06,0.0
holdout,0,1.81e-06,0.0
holdout,0,5.49e-06,0.0
holdout,0,4.1e-07,0.0
holdout,0,4.9e-07,0.0
holdout,0,2.71e-06,0.0
holdout,0,4.263e-05,0.0
holdout,0,3.4e-06,0.0
holdout,0,5.51e-05,0.0
holdout,0,5.459e-05,0.0
holdout,0,1.25e-06,0.0
holdout,0,5e-07,0.0
holdout,0,1.13e-05,0.0
holdout,0,6.64e-05,0.0
holdout,0,5.7e-07,0.0
holdout,0,1.854e-05,0.0
holdout,0,6.8e-06,0.0
holdout,0,1.55e-06,0.0
holdout,0,1.063e-05,0.0
holdout,0,5.98e-06,0.0
holdout,0,0.00015093,0.0
holdout,0,9.2e-07,0.0
holdout,0,7.035e-05,0.00307249
holdout,0,4.68e-06,0.0
holdout,0,0.00114148,0.00307249
holdout,0,5.06e-06,0.0
holdout,0,6.21e-06,0.0
holdout,0,1.26e-06,0.0
holdout,0,1.093e-05,0.0
holdout,0,0.00955998,0.03263344
holdout,0,3.57e-06,0.0
holdout,0,8.85e-06,0.0
holdout,0,0.00012536,0.00121212
holdout,0,9.4e-07,0.0
holdout,0,1.1e-06,0.0
holdout,0,1.468e-05,0.0
holdout,0,2.85e-06,0.0
holdout,0,3.43e-06,0.0
holdout,0,2.16e-06,0.0
holdout,1,0.99899428,0.78181818
holdout,0,8.2e-07,0.0
holdout,0,1.36e-06,0.0
holdout,0,0.00031696,0.0
holdout,0,6.972e-05,0.0
holdout,0,1.76e-06,0.0
holdout,0,5.18e-06,0.0
holdout,0,3.84e-06,0.0
holdout,0,1.332e-05,0.0
holdout,0,0.00043038,0.00219298
holdout,0,2.42e-06,0.0
holdout,0,6.8e-07,0.0
holdout,0,4.848e-05,0.0
holdout,0,2.182e-05,0.0
holdout,0,9.1e-07,0.0
holdout,0,5.9e-07,0.0
holdout,0,2.971e-05,0.0
holdout,0,6.68e-06,0.0
holdout,0,6.3e-07,0.0
holdout,0,0.00068649,0.00480566
holdout,0,1.584e-05,0.0
holdout,0,2.3e-06,0.0
holdout,0,9.08e-06,0.0
holdout,0,7.17e-06,0.0
holdout,0,6.7e-07,0.0
holdout,0,3.1e-07,0.0
holdout,0,0.00019757,0.00480566
holdout,0,7.3e-07,0.0
holdout,0,4.7e-07,0.0
holdout,0,4.78e-06,0.0
holdout,0,1.08e-06,0.0
holdout,0,8.58e-06,0.0
holdout,0,8.9e-07,0.0
holdout,0,8.8e-07,0.0
holdout,0,1.922e-05,0.0
holdout,0,5.26e-06,0.0
holdout,0,6.705e-05,0.0
holdout,0,2.54e-06,0.0
holdout,0,7.3e-07,0.0
holdout,0,1.87e-06,0.0
holdout,0,7.2e-07,0.0
holdout,0,3.47e-06,0.0
holdout,0,8.602e-05,0.00307249
holdout,0,2.456e-05,0.0
holdout,0,8.7e-07,0.0
holdout,0,3.991e-05,0.00087951
holdout,0,2.41e-06,0.0
holdout,0,5.37e-06,0.0
holdout,0,3.997e-05,0.0
holdout,0,2.66e-06,0.0
holdout,0,5.22e-06,0.0
holdout,0,3.49e-06,0.0
holdout,0,2.48e-06,0.0
holdout,0,3.99e-06,0.0
holdout,0,2.36e-06,0.0
holdout,0,1.525e-05,0.0
holdout,0,1.414e-05,0.0
holdout,0,4.29e-06,0.0
holdout,0,7.39e-06,0.0
holdout,0,0.00010303,0.0
holdout,0,7e-07,0.0
holdout,0,5.1e-06,0.0
holdout,0,3.49e-06,0.0
holdout,0,6.1e-07,0.0
holdout,0,2.042e-05,0.0
holdout,0,1.441e-05,0.0
holdout,0,2.063e-05,0.00087951
holdout,0,7.84e-06,0.0
holdout,0,3.49e-06,0.0
holdout,0,1.57e-06,0.0
holdout,0,3e-07,0.0
holdout,0,1.06e-06,0.0
holdout,0,1.08e-06,0.0
holdout,0,2.91e-06,0.0
holdout,0,5.909e-05,0.0
holdout,0,2.495e-05,0.0
holdout,0,7.3e-07,0.0
holdout,0,2.07e-06,0.0
holdout,0,2.152e-05,0.0
holdout,0,4.24e-06,0.0
holdout,0,3.82e-06,0.0
holdout,0,1.41e-06,0.0
holdout,0,2.33e-06,0.0
holdout,0,1.1e-05,0.0
holdout,0,8.2e-07,0.0
holdout,0,0.00013706,0.0
holdout,0,1.23e-06,0.0
holdout,0,1.76e-06,0.0
holdout,0,7.132e-05,0.0
holdout,0,6.5e-07,0.0
holdout,0,5.87e-06,0.0
holdout,0,2.64e-06,0.0
holdout,0,1.788e-05,0.0
holdout,0,3.83e-06,0.0
holdout,0,0.00014095,0.0
holdout,0,8.75e-06,0.0
holdout,0,4.23e-06,0.0
holdout,0,1.29e-06,0.0
holdout,0,5.48e-06,0.00359354
holdout,0,9.5e-07,0.0
holdout,0,5.5e-06,0.0
holdout,0,1.754e-05,0.0
holdout,0,5.8e-06,0.0
holdout,0,4.76e-06,0.0
holdout,0,1.83e-06,0.0
holdout,0,1.24e-06,0.0
holdout,0,8e-07,0.0
holdout,0,8.58e-06,0.0
holdout,0,8.48e-06,0.0
holdout,0,2.13e-06,0.0
holdout,0,7.4e-07,0.0
holdout,0,1.443e-05,0.0
holdout,0,1.107e-05,0.0
holdout,0,3.963e-05,0.0
holdout,0,3.59e-06,0.0
holdout,0,9.686e-05,0.0
holdout,0,8.9e-07,0.0
holdout,0,1.89e-06,0.0
holdout,0,1.16e-06,0.0
holdout,0,2.26e-06,0.0
holdout,0,2.01e-06,0.0
holdout,0,6.7e-07,0.0
holdout,0,3.9e-07,0.0
holdout,0,8.2e-07,0.0
holdout,0,2.632e-05,0.0
holdout,0,1.15e-06,0.0
holdout,0,7.23e-06,0.0
holdout,0,2.51e-06,0.0
holdout,0,1.7e-06,0.0
holdout,0,1.69e-06,0.0
holdout,0,1.224e-05,0.0
holdout,0,4.82e-06,0.0
holdout,0,1.14e-06,0.0
holdout,0,3.64e-06,0.0
holdout,0,1.836e-05,0.0
holdout,0,3.21e-06,0.0
holdout,0,5.2e-07,0.0
holdout,0,4.9e-07,0.0
holdout,0,2.21e-06,0.0
holdout,0,1.45e-06,0.0
holdout,0,1.165e-05,0.00140056
holdout,0,2.7e-06,0.0
holdout,0,3.76e-05,0.0
holdout,0,1.85e-06,0.0
holdout,0,1.764e-05,0.0
holdout,0,2.33e-06,0.0
holdout,0,1.03e-06,0.0
holdout,0,3.5e-07,0.0
holdout,0,1.76e-06,0.0
holdout,0,3.11e-06,0.0
holdout,0,1.93e-06,0.0
holdout,0,1.006e-05,0.0034051
holdout,0,1.597e-05,0.0
holdout,0,2.126e-05,0.0
holdout,0,1.4e-07,0.0
holdout,0,5.2e-07,0.0
holdout,0,7.1e-07,0.0
holdout,0,3.52e-06,0.0
holdout,0,4.38e-06,0.0
holdout,0,4.88e-06,0.0
holdout,0,1.92e-06,0.0
holdout,0,8.1e-07,0.0
holdout,0,9.8e-07,0.0
holdout,0,8.2e-07,0.0
holdout,0,8.3e-07,0.0
holdout,0,9.4e-07,0.0
holdout,0,6.34e-06,0.00140056
holdout,0,1.479e-05,0.0
holdout,0,0.00020274,0.0
holdout,0,4.1e-07,0.0
holdout,0,1.449e-05,0.0
holdout,0,1.34e-06,0.0
holdout,0,1.74e-05,0.0
holdout,0,2.42e-06,0.0
holdout,0,6.47e-06,0.0
holdout,0,1.29e-05,0.0
holdout,0,2.03e-06,0.0
holdout,0,0.00263289,0.00717889
holdout,0,1.97e-06,0.0
holdout,0,6.28e-06,0.0
holdout,0,2.21e-06,0.0
holdout,0,2.8e-07,0.0
holdout,0,2.642e-05,0.0
holdout,0,2.08e-06,0.0
holdout,0,5.32e-06,0.0
holdout,0,4.55e-06,0.0
holdout,0,2.507e-05,0.00087951
holdout,0,1e-06,0.0
holdout,0,8e-07,0.0
holdout,0,2.16e-06,0.0
holdout,0,2.88e-06,0.0
holdout,0,2.02e-06,0.0
holdout,0,1.18e-06,0.0
holdout,0,1.31e-05,0.0
holdout,0,3.9e-07,0.0
holdout,0,9.82e-05,0.00307249
holdout,0,3.42e-06,0.0
holdout,0,8.8e-07,0.0
holdout,0,9.7e-07,0.0
holdout,0,0.00023512,0.00684628
holdout,0,2.47e-06,0.0
holdout,0,1.28e-05,0.0
holdout,0,1.47e-06,0.0
holdout,0,2.86e-06,0.0
holdout,0,3.4e-07,0.0
holdout,0,6.6e-07,0.0
holdout,0,3.5e-07,0.0
holdout,0,1.384e-05,0.0
holdout,0,2.577e-05,0.0
holdout,0,5.1e-07,0.0
holdout,0,9.82e-06,0.0
holdout,0,5.97e-06,0.0
holdout,0,8.25e-06,0.0
holdout,0,9.97e-06,0.0
holdout,0,8.7e-07,0.0
holdout,0,8.5e-07,0.0
holdout,0,1.24e-06,0.0
holdout,0,3.035e-05,0.0
holdout,0,8.2e-06,0.0
holdout,0,1.63e-06,0.0
holdout,0,2.38e-06,0.0
holdout,0,1.43e-06,0.0
holdout,0,2.49e-06,0.0
holdout,0,1.16e-06,0.0
holdout,0,0.00029373,0.00087951
holdout,0,2.25e-06,0.0
holdout,0,2.7e-07,0.0
holdout,0,7.45e-06,0.0
holdout,0,1.71e-06,0.0
holdout,0,2.69e-06,0.0
holdout,0,1.842e-05,0.00307249
holdout,0,5.385e-05,0.0
holdout,0,4.8e-07,0.0
holdout,0,6e-07,0.0
holdout,0,2.9e-07,0.0
holdout,0,3.5e-07,0.0
holdout,0,1.66e-06,0.0
holdout,0,1.13e-06,0.0
holdout,0,3.765e-05,0.0
holdout,0,1.55e-06,0.0
holdout,0,1.014e-05,0.0
holdout,0,0.00030736,0.0
holdout,0,1.321e-05,0.0
holdout,0,2.8e-07,0.0
holdout,0,1.55e-06,0.0
holdout,0,3.85e-06,0.0
holdout,0,7.1e-07,0.0
holdout,0,1.7e-07,0.0
holdout,0,2.42e-06,0.0
holdout,0,0.00013095,0.00219298
holdout,0,7.87e-06,0.0
holdout,0,1.04e-06,0.0
holdout,0,6.2e-07,0.0
holdout,0,1.07e-05,0.0
holdout,0,1.14e-06,0.0
holdout,0,2.553e-05,0.0
holdout,0,1.53e-06,0.0
holdout,0,1.76e-06,0.0
holdout,0,2.003e-05,0.0
holdout,0,4.2e-07,0.0
holdout,0,6.83e-05,0.00717889
holdout,0,0.00023325,0.0
holdout,0,4.8e-06,0.0
holdout,0,2.5e-07,0.0
holdout,0,6.4e-07,0.0
holdout,0,1.84e-06,0.0
holdout,0,7.3e-07,0.0
holdout,0,7.18e-06,0.0
holdout,0,2.76e-06,0.0
holdout,0,3.816e-05,0.0
holdout,0,1.209e-05,0.0
holdout,0,3.95e-06,0.0
holdout,0,9.4e-07,0.0
holdout,0,2.51e-06,0.0
holdout,0,1.6e-07,0.0
holdout,0,1.85e-06,0.0
holdout,0,2.73e-06,0.0
holdout,0,2.5e-06,0.0
holdout,0,1.11e-06,0.0
holdout,0,3.2e-06,0.0
holdout,0,3.46e-06,0.0
holdout,0,1.28e-06,0.0
holdout,0,1.862e-05,0.0
holdout,0,5.3e-07,0.0
holdout,0,2.9e-07,0.0
holdout,0,2.26e-06,0.0
holdout,0,2.66e-06,0.0
holdout,0,4.84e-06,0.0
holdout,0,2.95e-06,0.0
holdout,0,1.34e-06,0.0
holdout,0,6.22e-06,0.0
holdout,0,5.23e-06,0.0
holdout,0,0.00066377,0.00596677
holdout,0,2.161e-05,0.0
holdout,0,5.06e-06,0.00087951
holdout,0,4.65e-06,0.0
holdout,0,1.07e-06,0.0
holdout,0,1.2e-06,0.0
holdout,0,1.1e-06,0.0
holdout,0,9.1e-07,0.0
holdout,0,6.18e-06,0.0
holdout,0,1.21e-06,0.0
holdout,0,0.00019743,0.0
holdout,0,4e-06,0.0
holdout,0,7.8e-07,0.0
holdout,0,4.1e-07,0.0
holdout,0,1.38e-06,0.0
holdout,0,0.00022847,0.00087951
holdout,0,2.068e-05,0.0
holdout,0,2.79e-06,0.0
holdout,0,7.4e-06,0.0
holdout,0,2.97e-06,0.0
holdout,0,2.87e-06,0.0
holdout,0,1.59e-06,0.0
holdout,0,5.57e-06,0.0
holdout,0,4.33e-06,0.0
holdout,0,1.68e-06,0.00087951
holdout,0,9.7e-06,0.0
holdout,0,1.67e-06,0.0
holdout,0,1.83e-06,0.0
holdout,0,7.88e-06,0.0
holdout,0,2.19e-06,0.0
holdout,0,4.372e-05,0.0
holdout,0,4.8e-07,0.0
holdout,0,5.93e-06,0.00087951
holdout,0,5.55e-06,0.0
holdout,0,4e-07,0.0
holdout,0,2.056e-05,0.0
holdout,0,7.84e-06,0.0
holdout,0,1.3e-06,0.0
holdout,0,5.11e-06,0.0
holdout,0,5.3e-07,0.0
holdout,0,1.5e-06,0.0
holdout,0,1.47e-06,0.0
holdout,0,1.263e-05,0.0
holdout,0,2.18e-06,0.0
holdout,0,4e-07,0.0
holdout,0,5.7e-07,0.0
holdout,0,3.9e-06,0.0
holdout,0,2.65e-06,0.0
holdout,0,6.9e-07,0.0
holdout,0,0.00069169,0.00228007
holdout,0,3.52e-06,0.0
holdout,0,1.52e-06,0.0
holdout,0,0.00012976,0.0
holdout,0,3.47e-06,0.0
holdout,0,0.00013316,0.0
holdout,0,9.9e-07,0.0
holdout,0,5.64e-06,0.0
holdout,0,5.6e-07,0.0
holdout,0,2.07e-06,0.0
holdout,0,2.16e-06,0.0
holdout,0,2.135e-05,0.0
holdout,0,3.2e-07,0.0
holdout,0,2.85e-06,0.0
holdout,0,2.9e-06,0.0
holdout,0,1.68e-06,0.0
holdout,0,1.66e-06,0.0
holdout,0,4e-07,0.0
holdout,0,1.8e-06,0.0
holdout,0,1.25e-05,0.0
holdout,0,2.9e-06,0.0
holdout,0,4.78e-06,0.0
holdout,0,1.931e-05,0.0
holdout,0,5.793e-05,0.0
holdout,0,4.44e-06,0.0
holdout,0,2.362e-05,0.0
holdout,0,3.22e-06,0.0
holdout,0,0.00031688,0.0
holdout,0,1.281e-05,0.0
holdout,0,1.759e-05,0.0
holdout,0,1.2e-05,0.0
holdout,0,3.85e-06,0.0
holdout,0,5.7e-07,0.0
holdout,0,1.45e-06,0.0
holdout,0,1.45e-06,0.0
holdout,0,0.00021483,0.00261268
holdout,0,2.72e-06,0.0
holdout,0,7.5e-06,0.0
holdout,0,1.487e-05,0.0
holdout,0,2.493e-05,0.0
holdout,0,5.36e-06,0.0
holdout,0,3.94e-06,0.0
holdout,0,1.05e-06,0.0
holdout,0,1.08e-06,0.0
holdout,0,2.93e-06,0.0
holdout,0,1.138e-05,0.0
holdout,0,1.01e-06,0.0
holdout,0,3.85e-06,0.0
holdout,0,9.8e-07,0.0
holdout,0,1.39e-05,0.0
holdout,0,2.919e-05,0.0
holdout,0,1.435e-05,0.0
holdout,0,1.46e-06,0.0
holdout,0,1.1e-06,0.0
holdout,0,2.021e-05,0.0
holdout,0,1.02e-06,0.0
holdout,0,8.2e-07,0.0
holdout,0,1.899e-05,0.0
holdout,0,2.69e-06,0.0
holdout,0,5.23e-06,0.0
holdout,0,3.84e-06,0.0
holdout,0,2.07e-06,0.0
holdout,0,5.2e-07,0.0
holdout,0,1.444e-05,0.0
holdout,0,2.5e-06,0.0
holdout,0,9e-07,0.0
holdout,0,9.96e-06,0.0
holdout,0,3.51e-06,0.0
holdout,0,3.693e-05,0.0
holdout,0,1.43e-06,0.0
holdout,0,9.9e-07,0.0
holdout,0,7.08e-06,0.0
holdout,0,5.194e-05,0.0
holdout,0,2.97e-06,0.0
holdout,0,1.76e-06,0.0
holdout,0,1.298e-05,0.0
holdout,0,4.7e-06,0.0
holdout,0,9.8e-07,0.0
holdout,0,1.01e-06,0.0
holdout,0,1.81e-06,0.0
holdout,0,3.47e-06,0.0
holdout,0,7.32e-06,0.0
holdout,0,0.00086509,0.00684628
holdout,0,1.69e-06,0.0
holdout,0,1.692e-05,0.0
holdout,0,1.452e-05,0.0
holdout,0,1.271e-05,0.00087951
holdout,0,7.1e-07,0.0
holdout,0,0.01053555,0.00480566
holdout,0,6.2e-07,0.0
holdout,0,3.31e-06,0.0
holdout,0,7.5e-07,0.0
holdout,0,3.44e-06,0.0
holdout,0,1.09e-06,0.0
holdout,0,2.475e-05,0.0
holdout,0,2.51e-06,0.0
holdout,0,6.69e-06,0.0
holdout,0,2.14e-06,0.0
holdout,0,4.4e-07,0.0
holdout,0,1.66e-06,0.0
holdout,0,7.1e-07,0.0
holdout,0,6.8e-06,0.0
holdout,0,1.36e-06,0.0
holdout,0,0.00187804,0.02351063
holdout,0,7.9e-07,0.0
holdout,0,4.79e-06,0.0
holdout,0,4.99e-06,0.0
holdout,0,5.6e-07,0.0
holdout,0,1.05e-06,0.0
holdout,0,5.93e-06,0.0
holdout,0,1.89e-06,0.0
holdout,0,3.61e-06,0.0
holdout,0,1.29e-06,0.0
holdout,0,1.03e-06,0.0
holdout,0,6.22e-06,0.0
holdout,0,6.5e-07,0.0
holdout,0,1.41e-06,0.0
holdout,0,1.165e-05,0.0
holdout,0,2.12e-06,0.0
holdout,0,1.012e-05,0.0
holdout,0,1.948e-05,0.0
holdout,0,1.96e-06,0.0
holdout,0,3.75e-06,0.0
holdout,0,7.285e-05,0.00307249
holdout,0,3.5e-07,0.0
holdout,0,4.8e-07,0.0
holdout,0,3.39e-06,0.0
holdout,0,6.1e-07,0.0
holdout,0,2.7e-07,0.0
holdout,0,2.64e-06,0.0
holdout,0,1.11e-06,0.0
holdout,0,5.33e-06,0.0
holdout,0,1.45e-06,0.0
holdout,0,3.21e-06,0.0
holdout,0,2.19e-06,0.0
holdout,0,3.92e-06,0.0
holdout,0,1.21e-06,0.0
holdout,0,7.43e-06,0.0
holdout,0,2.93e-06,0.0
holdout,0,8.36e-06,0.0
holdout,0,4.52e-06,0.0
holdout,0,1.809e-05,0.0
holdout,0,1.058e-05,0.0
holdout,0,8.7e-06,0.0
holdout,0,1.48e-06,0.0
holdout,0,3.16e-06,0.0
holdout,0,1.18e-06,0.0
holdout,0,7.82e-06,0.0
holdout,0,4.616e-05,0.0
holdout,0,4.31e-06,0.0
holdout,0,1.14e-06,0.0
holdout,0,2.92e-06,0.0
holdout,0,1.72e-06,0.0
holdout,0,1.72e-06,0.0
holdout,0,4e-07,0.0
holdout,0,1.075e-05,0.0
holdout,0,6.9e-07,0.0
holdout,0,6.8e-07,0.0
holdout,0,5.02e-06,0.00480566
holdout,0,2.37e-06,0.0
holdout,0,1.014e-05,0.0
holdout,0,1.36e-06,0.0
holdout,0,1.04e-06,0.0
holdout,0,7.8e-07,0.0
holdout,0,2.42e-06,0.0
holdout,0,5.8e-07,0.0
holdout,0,1.3e-06,0.0
holdout,0,8.7e-07,0.0
holdout,0,1.6e-07,0.0
holdout,0,4.8e-07,0.0
holdout,0,5.4e-07,0.0
holdout,0,5.6e-07,0.0
holdout,0,4.2e-07,0.0
holdout,0,6.14e-06,0.0
holdout,0,3.4e-07,0.0
holdout,0,5.32e-06,0.00087951
holdout,0,5.4e-07,0.0
holdout,0,5.83e-06,0.0
holdout,0,6.79e-06,0.0
holdout,0,7.577e-05,0.0
holdout,0,4.8e-07,0.0
holdout,0,6.4e-07,0.0
holdout,0,6.1e-07,0.0
holdout,0,1.06e-06,0.0
holdout,0,4.6e-07,0.0
holdout,0,3.7e-07,0.0
holdout,0,9.7e-07,0.0
holdout,0,1.6e-07,0.0
holdout,0,9.8e-07,0.0
holdout,0,1.91e-06,0.0
holdout,0,4.2e-07,0.0
holdout,0,4.9e-07,0.0
holdout,0,3.32e-06,0.0
holdout,0,6.5e-07,0.0
holdout,0,6e-07,0.0
holdout,0,2.747e-05,0.0
holdout,0,2.55e-06,0.0
holdout,0,2.65e-06,0.0
holdout,0,5.5e-07,0.0
holdout,0,5.7e-07,0.0
holdout,0,1.1e-06,0.0
holdout,0,1.13e-06,0.0
holdout,0,7.7e-07,0.0
holdout,0,4.41e-06,0.0
holdout,0,6.377e-05,0.0
holdout,0,1.9e-06,0.0
holdout,0,1.77e-06,0.0
holdout,0,6.6e-07,0.0
holdout,0,1.29e-05,0.0
holdout,0,3.8e-07,0.0
holdout,0,2.7e-07,0.0
holdout,0,9.9e-07,0.0
holdout,0,3.1e-06,0.0
holdout,0,1.3e-06,0.0
holdout,0,8.5e-07,0.0
holdout,0,1.08e-06,0.0
holdout,0,6.3e-07,0.0
holdout,0,8.4e-07,0.0
holdout,0,6.3e-07,0.0
holdout,0,4.1e-07,0.0
holdout,0,5.9e-07,0.0
holdout,0,4.9e-07,0.0
holdout,0,1.65e-06,0.0
holdout,0,8.8e-07,0.0
holdout,0,6e-07,0.0
holdout,0,3.1e-07,0.0
holdout,0,3.1e-07,0.0
holdout,0,1.31e-06,0.0
holdout,0,6.1e-07,0.0
holdout,0,8.2e-07,0.0
holdout,0,7.7e-07,0.0
holdout,0,5.7e-07,0.0
holdout,0,1.3e-07,0.0
holdout,0,8.5e-07,0.0
holdout,0,7.67e-06,0.0
holdout,0,8e-07,0.0
holdout,0,1.91e-06,0.0
holdout,0,5.1e-07,0.0
holdout,0,4.46e-06,0.0
holdout,0,2.6e-07,0.0
holdout,0,4.9e-07,0.0
holdout,0,3.8e-07,0.0
holdout,0,6.9e-07,0.0
holdout,0,1.6e-07,0.0
holdout,0,2.96e-06,0.0
holdout,0,6.8e-07,0.0
holdout,0,2.79e-06,0.0
holdout,0,5.7e-07,0.0
holdout,0,3.05e-06,0.0
holdout,0,1.34e-06,0.0
holdout,0,3.66e-06,0.0
holdout,0,1.21e-06,0.0
holdout,0,3.53e-06,0.0
holdout,0,6.3e-07,0.0
holdout,0,6.34e-06,0.0
holdout,0,1.27e-06,0.0
holdout,0,1.46e-06,0.0
holdout,0,7.6e-07,0.0
holdout,0,2.92e-06,0.0
holdout,0,1.98e-06,0.0
holdout,0,7.1e-07,0.0
holdout,0,1.32e-06,0.0
holdout,0,1.3e-06,0.0
holdout,0,1.81e-06,0.0
holdout,0,7.99e-06,0.0
holdout,0,3.5e-07,0.0
holdout,0,2.6e-07,0.0
holdout,0,9.3e-07,0.0
holdout,0,1e-06,0.0
holdout,0,2.5e-07,0.0
holdout,0,2.39e-06,0.0
holdout,0,1.89e-06,0.0
holdout,0,1.02e-06,0.0
holdout,0,8.7e-07,0.0
holdout,0,8.6e-07,0.0
holdout,0,1.24e-06,0.0
holdout,0,6.7e-07,0.0
holdout,0,1.71e-06,0.0
holdout,0,9.5e-07,0.0
holdout,0,0.00014427,0.0
holdout,0,2.15e-06,0.0
holdout,0,8.5e-07,0.0
holdout,0,3.01e-06,0.0
holdout,0,4.43e-06,0.0
holdout,0,4.1e-07,0.0
holdout,0,3.78e-06,0.0
holdout,0,3.26e-06,0.0
holdout,0,2.13e-06,0.0
holdout,0,6.9e-07,0.0
holdout,0,4.38e-06,0.0
holdout,0,7.8e-07,0.0
holdout,0,3e-07,0.0
holdout,0,2.42e-06,0.0
holdout,0,5.2e-07,0.0
holdout,0,3.54e-06,0.0
holdout,0,3.17e-06,0.0
holdout,0,3.4e-07,0.0
holdout,0,2.22e-06,0.0
holdout,0,5.82e-06,0.0
holdout,0,1.21e-06,0.0
holdout,0,3.29e-06,0.0
holdout,0,5.9e-07,0.0
holdout,0,6.81e-06,0.0
holdout,0,1.53e-06,0.0
holdout,0,3.72e-06,0.0
holdout,0,4.4e-07,0.0
holdout,0,1.16e-06,0.0
holdout,0,7e-07,0.0
holdout,0,4.3e-07,0.0
holdout,0,7.28e-06,0.0
holdout,0,2.28e-06,0.0
holdout,0,8.2e-07,0.0
holdout,0,4.79e-06,0.0
holdout,0,3.26e-06,0.0
holdout,0,4.1e-07,0.0
holdout,0,7.7e-07,0.0
holdout,0,5.83e-06,0.0
holdout,0,4.8e-07,0.0
holdout,0,2.5e-06,0.0
holdout,0,5.99e-06,0.0
holdout,0,3e-06,0.0
holdout,0,4.9e-07,0.0
holdout,0,1.59e-06,0.0
holdout,0,2.95e-06,0.0
holdout,0,1.27e-06,0.0
holdout,0,5.88e-06,0.0
holdout,0,2.244e-05,0.0
holdout,0,3.448e-05,0.0
holdout,0,4.1e-07,0.0
holdout,0,1.34e-06,0.0
holdout,0,1.46e-06,0.0
holdout,0,3.5e-06,0.0
holdout,0,1.27e-06,0.0
holdout,0,2.01e-06,0.0
holdout,0,3.39e-06,0.0
holdout,0,1.03e-06,0.0
holdout,0,2.15e-06,0.0
holdout,0,1.21e-06,0.0
holdout,0,4.3e-07,0.0
holdout,0,9.2e-07,0.0
holdout,0,4.39e-06,0.0
holdout,0,8.8e-07,0.0
holdout,0,1.71e-06,0.0
holdout,0,1.88e-06,0.0
holdout,0,4.2e-05,0.0
holdout,0,1.37e-06,0.0
holdout,0,3.33e-06,0.0
holdout,0,1.45e-06,0.0
holdout,0,1.01e-06,0.0
holdout,0,1.16e-06,0.0
holdout,0,3.29e-06,0.00087951
holdout,0,5.9e-07,0.0
holdout,0,1.75e-06,0.0
holdout,0,6.64e-06,0.00087951
holdout,0,1.07e-06,0.0
holdout,0,9.3e-07,0.0
holdout,0,1.11e-06,0.0
holdout,0,3.2e-06,0.0
holdout,0,6.01e-06,0.0
holdout,0,2.29e-06,0.0
holdout,0,3e-07,0.0
holdout,0,2.9e-07,0.0
holdout,0,1.8e-06,0.0
holdout,0,9e-07,0.0
holdout,0,7.8e-07,0.0
holdout,0,0.00010191,0.0
holdout,0,2.62e-06,0.0
holdout,0,0.00260248,0.00359354
holdout,0,7.4e-07,0.0
holdout,0,4.94e-06,0.0
holdout,0,1.178e-05,0.0
holdout,0,4.55e-06,0.0
holdout,0,1.33e-06,0.0
holdout,0,6.4e-07,0.0
holdout,0,4.28e-06,0.0
holdout,0,1.76e-06,0.0
holdout,0,2.1e-07,0.0
holdout,0,7.1e-07,0.0
holdout,0,3.25e-06,0.0
holdout,0,6.2e-07,0.0
holdout,0,1.84e-06,0.0
holdout,0,4.51e-06,0.0
holdout,0,1.12e-06,0.0
holdout,0,5.38e-06,0.0
holdout,0,7.6e-07,0.0
holdout,0,5.4e-07,0.0
holdout,0,6.32e-06,0.0
holdout,0,1.14e-06,0.0
holdout,0,8.7e-07,0.0
holdout,0,1.75e-06,0.0
holdout,0,1.003e-05,0.0
holdout,0,0.00019796,0.00447305
holdout,0,1.25e-06,0.0
holdout,0,2.87e-06,0.0
holdout,0,6.9e-07,0.0
holdout,0,2.08e-06,0.0
holdout,0,5.5e-07,0.0
holdout,0,4.4e-07,0.0
holdout,0,2.2e-07,0.0
holdout,0,1.73e-06,0.0
holdout,0,1.878e-05,0.0
holdout,0,1.19e-06,0.0
holdout,0,5.28e-06,0.0
holdout,0,0.03215459,0.00684628
holdout,0,7.7e-07,0.0
holdout,0,1.015e-05,0.0
holdout,0,2.96e-06,0.0
holdout,0,1.279e-05,0.00359354
holdout,0,6.59e-06,0.0
holdout,0,6.86e-06,0.0
holdout,0,1.43e-06,0.0
holdout,0,0.00031735,0.0
holdout,0,5.7e-07,0.0
holdout,0,2.6e-07,0.0
holdout,0,7.5e-06,0.0
holdout,0,1.3e-06,0.0
holdout,0,1.4e-06,0.0
holdout,0,7.8e-07,0.0
holdout,0,3.8e-07,0.0
holdout,0,1.92e-06,0.0
holdout,0,7.7e-07,0.0
holdout,0,1.13e-06,0.0
holdout,0,3.5e-07,0.0
holdout,0,6.5e-07,0.0
holdout,0,1.76e-06,0.0
holdout,0,1.13e-06,0.0
holdout,0,0.00022724,0.00087951
holdout,0,2.17e-06,0.0
holdout,0,5.5e-07,0.0
holdout,0,3.813e-05,0.0
holdout,0,4.85e-06,0.0
holdout,0,1.29e-06,0.0
holdout,0,3.81e-06,0.0
holdout,0,4.459e-05,0.0
holdout,0,1.22e-06,0.0
holdout,0,1.03e-06,0.0
holdout,0,1.15e-06,0.0
holdout,0,8.22e-06,0.0
holdout,0,1.68e-06,0.0
holdout,0,7e-07,0.0
holdout,0,1.927e-05,0.0
holdout,0,1.01e-06,0.0
holdout,0,4.1e-07,0.0
holdout,0,2.21e-06,0.0
holdout,0,6.621e-05,0.0
holdout,0,9.04e-06,0.00307249
holdout,0,4.4e-07,0.0
holdout,0,6.1e-07,0.0
holdout,0,7.1e-07,0.0
holdout,0,4.3e-07,0.0
holdout,0,5.3e-07,0.0
holdout,0,4.6e-07,0.0
holdout,0,2.7e-07,0.0
holdout,0,3.5e-07,0.0
holdout,0,1.25e-06,0.0
holdout,0,4.81e-06,0.0
holdout,0,4.12e-06,0.0
holdout,0,1.1e-06,0.0
holdout,0,8.5e-06,0.0
holdout,0,1.39e-06,0.0
holdout,0,1.43e-06,0.0
holdout,0,2.15e-06,0.0
holdout,0,2.49e-06,0.0
holdout,0,1.689e-05,0.00087951
holdout,0,1.84e-06,0.00087951
holdout,0,4.59e-06,0.0
holdout,0,8.64e-06,0.0
holdout,0,2.89e-06,0.0
holdout,0,7.2e-07,0.0
holdout,0,8.6e-07,0.0
holdout,0,9.5e-07,0.0
holdout,0,8.7e-07,0.0
holdout,0,7.2e-07,0.0
holdout,0,2.149e-05,0.0
holdout,0,8.7e-07,0.0
holdout,0,6.1e-07,0.0
holdout,0,2.4e-07,0.0
holdout,0,6.4e-07,0.0
holdout,0,1.698e-05,0.0
holdout,0,1.87e-06,0.0
holdout,0,1.89e-06,0.0
holdout,0,1.78e-06,0.0
holdout,0,3.44e-06,0.0
holdout,0,1.07e-06,0.0
holdout,0,1.22e-06,0.0
holdout,0,1.64e-06,0.0
holdout,0,1.2e-06,0.0
holdout,0,2.24e-06,0.0
holdout,0,0.00064877,0.0
holdout,0,6.2e-07,0.0
holdout,0,1.947e-05,0.0
holdout,0,2.3e-07,0.0
holdout,0,8.171e-05,0.0
holdout,0,1.38e-06,0.0
holdout,0,2.795e-05,0.00307249
holdout,0,3.53e-06,0.0
holdout,0,7.524e-05,0.0
holdout,0,1.18e-06,0.0
holdout,0,9e-07,0.0
holdout,0,3e-06,0.0
holdout,0,1.008e-05,0.0
holdout,0,1.774e-05,0.0
holdout,0,1.14e-06,0.0
holdout,0,9.2e-07,0.0
holdout,0,1.47e-06,0.0
holdout,0,5.83e-06,0.0
holdout,0,1.93e-06,0.0
holdout,0,5.4e-07,0.0
holdout,0,9.2e-07,0.0
holdout,0,2.18e-06,0.0
holdout,0,6.7e-07,0.0
holdout,0,5.925e-05,0.00121212
holdout,0,5.3e-07,0.0
holdout,0,1.075e-05,0.0
holdout,0,3.02e-06,0.0
holdout,0,4.66e-06,0.0
holdout,0,4.23e-06,0.0
holdout,0,4.43e-06,0.0
holdout,0,2.45e-06,0.0
holdout,0,1.66e-06,0.0
holdout,0,1.833e-05,0.0
holdout,0,1.047e-05,0.0
holdout,0,9.84e-06,0.0
holdout,0,2.98e-06,0.0
holdout,0,6.9e-07,0.0
holdout,0,3.31e-06,0.0
holdout,0,1.17e-05,0.0
holdout,0,1.35e-06,0.0
holdout,0,9.46e-06,0.0
holdout,0,1.79e-06,0.0
holdout,0,1.67e-06,0.0
holdout,0,1.93e-06,0.0
holdout,0,0.0001029,0.0
holdout,0,1.51e-06,0.0
holdout,0,2.315e-05,0.0
holdout,0,7.8e-07,0.0
holdout,0,3.67e-06,0.0
holdout,0,2.868e-05,0.0
holdout,0,0.98921515,0.9
holdout,0,1.171e-05,0.0
holdout,0,1.93e-06,0.0
holdout,0,3.06e-06,0.0
holdout,0,2.074e-05,0.0
holdout,0,4.36e-06,0.0
holdout,0,2.24e-06,0.0
holdout,0,1.19e-06,0.0
holdout,0,1.85e-06,0.0
holdout,0,2.62e-06,0.0
holdout,0,8.7e-07,0.0
holdout,0,1.323e-05,0.0
holdout,0,8.8e-07,0.0
holdout,0,3.57e-06,0.0
holdout,0,1.25e-06,0.0
holdout,0,1.154e-05,0.0
holdout,0,4.09e-06,0.0
holdout,0,1.4e-06,0.0
holdout,0,1.06e-06,0.0
holdout,0,8.4e-06,0.0
holdout,0,1.88e-06,0.0
holdout,0,0.00010537,0.0
holdout,0,2.532e-05,0.0
holdout,0,3.5e-06,0.0
holdout,0,2.02e-06,0.0
holdout,0,2.98e-06,0.0
holdout,0,8.7e-07,0.0
holdout,0,9.8e-07,0.0
holdout,0,1.34e-06,0.0
holdout,0,6.35e-06,0.0
holdout,0,9.2e-06,0.00087951
holdout,0,3.39e-06,0.0
holdout,0,6.47e-06,0.0
holdout,0,1.43e-06,0.0
holdout,0,8.9e-07,0.0
holdout,0,1.11e-06,0.0
holdout,0,1.93e-06,0.0
holdout,0,6.1e-07,0.0
holdout,0,1.589e-05,0.00219298
holdout,0,1.39e-06,0.0
holdout,0,3.8e-07,0.0
holdout,0,1.02e-06,0.0
holdout,0,2.64e-06,0.0
holdout,0,5.83e-06,0.0
holdout,0,3.91e-06,0.0
holdout,0,1.309e-05,0.00140056
holdout,0,1.56e-06,0.0
holdout,0,0.0001776,0.0
holdout,0,4.32e-06,0.0
holdout,0,1.216e-05,0.0
holdout,0,0.00322403,0.00480566
holdout,0,1.4e-06,0.0
holdout,0,1.36e-06,0.0
holdout,0,3.615e-05,0.0
holdout,0,7.471e-05,0.0
holdout,0,2e-06,0.0
holdout,0,1.85e-06,0.0
holdout,0,2.01e-06,0.0
holdout,0,2.8e-07,0.0
holdout,0,5.7e-06,0.0
holdout,0,3.88e-06,0.0
holdout,0,9.7e-07,0.0
holdout,0,1.52e-06,0.0
holdout,0,1.04e-05,0.0
holdout,0,1.964e-05,0.0
holdout,0,1.43e-06,0.0
holdout,0,4.93e-06,0.0
holdout,0,1.856e-05,0.0
holdout,0,4.86e-06,0.0
holdout,0,3.58e-06,0.0
holdout,0,3e-07,0.0
holdout,0,7.69e-06,0.0
holdout,0,7.2e-07,0.0
holdout,0,1.04e-06,0.0
holdout,0,1.27e-06,0.0
holdout,0,8.6e-07,0.0
holdout,0,9.606e-05,0.0
holdout,0,4.073e-05,0.0
holdout,0,7.45e-06,0.0
holdout,0,3.8e-07,0.0
holdout,0,7.8e-07,0.0
holdout,0,2.2e-07,0.0
holdout,0,8.8e-07,0.0
holdout,0,0.01880418,0.0
holdout,0,1.259e-05,0.0
holdout,0,4.09e-06,0.0
holdout,0,5.5e-06,0.0
holdout,0,1.149e-05,0.0
holdout,0,2.55e-06,0.0
holdout,0,4.5e-06,0.0
holdout,0,7.441e-05,0.0
holdout,0,3.99e-06,0.0
holdout,0,6.55e-06,0.0
holdout,0,5.578e-05,0.00087951
holdout,0,1.609e-05,0.0
holdout,0,2.552e-05,0.0
holdout,0,1.464e-05,0.0
holdout,0,6.99e-06,0.0
holdout,0,5.26e-06,0.0
holdout,0,5.44e-06,0.0
holdout,0,2.65e-06,0.0
holdout,0,1.47e-06,0.0
holdout,0,2.76e-06,0.0
holdout,0,8.2e-07,0.0
holdout,0,1.75e-06,0.0
holdout,0,2.23e-06,0.0
holdout,0,6.47e-06,0.0
holdout,0,2.96e-06,0.0
holdout,0,3.6e-06,0.0
holdout,0,6.2e-07,0.0
holdout,0,3.01e-06,0.0
holdout,0,1.06e-06,0.0
holdout,0,4.315e-05,0.0
holdout,0,6.62e-06,0.00140056
holdout,0,2.072e-05,0.0
holdout,0,1.089e-05,0.0
holdout,0,9.3e-07,0.0
holdout,0,0.00016214,0.00228007
holdout,0,9.7e-07,0.0
holdout,0,1.501e-05,0.0
holdout,0,7.74e-06,0.0
holdout,0,6.4e-07,0.0
holdout,0,1.37e-06,0.0
holdout,0,5.24e-06,0.0
holdout,0,7.5e-07,0.0
holdout,0,4.4e-06,0.0
holdout,0,6.44e-06,0.0
holdout,0,9.3e-07,0.0
holdout,0,1.22e-06,0.0
holdout,0,2.706e-05,0.00087951
holdout,0,2.65e-06,0.0
holdout,0,1.093e-05,0.0
holdout,0,4.05e-06,0.00307249
holdout,0,7.058e-05,0.0
holdout,0,0.00085526,0.00577833
holdout,0,1.93e-06,0.0
holdout,0,4.41e-06,0.0
holdout,0,1.95e-06,0.0
holdout,0,1.36e-06,0.0
holdout,0,5.5e-06,0.0
holdout,0,2.554e-05,0.0
holdout,0,5.68e-06,0.0
holdout,0,4.28e-06,0.0
holdout,0,5.49e-06,0.0
holdout,0,5.81e-06,0.0
holdout,0,1.124e-05,0.0
holdout,0,1.61e-06,0.0
holdout,0,1.56e-06,0.0
holdout,0,2.88e-06,0.0
holdout,0,1.29e-06,0.0
holdout,0,8.4e-07,0.0
holdout,0,5.14e-06,0.0
holdout,0,4.859e-05,0.0
holdout,0,3.8e-07,0.0
holdout,0,1.02e-06,0.0
holdout,0,4.756e-05,0.0
holdout,0,3.26e-06,0.0
holdout,0,1.018e-05,0.0
holdout,0,0.0001196,0.11232323
holdout,0,4.31e-06,0.0
holdout,0,3.78e-06,0.0
holdout,0,2.87e-06,0.0
holdout,0,5.64e-06,0.0
holdout,0,1.238e-05,0.0
holdout,0,1.42e-06,0.0
holdout,0,2.94e-06,0.00087951
holdout,0,1.55e-06,0.0
holdout,0,1.26e-06,0.0
holdout,0,9.74e-06,0.0
holdout,0,3.295e-05,0.0
holdout,0,2e-06,0.0
holdout,0,3.5e-07,0.0
holdout,0,2.82e-06,0.0
holdout,0,2.463e-05,0.0
holdout,0,1.62e-06,0.0
holdout,0,1.12e-06,0.0
holdout,0,1.391e-05,0.0
holdout,0,6.49e-06,0.0
holdout,0,6.13e-06,0.0
holdout,0,4.37e-06,0.0
holdout,0,1.22e-06,0.0
holdout,0,2.04e-06,0.0
holdout,0,1.96e-06,0.0
holdout,0,2.03e-05,0.0
holdout,0,6.5e-07,0.0
holdout,0,3.05e-06,0.0
holdout,0,1.39e-06,0.0
holdout,0,7e-07,0.0
holdout,0,6.5e-07,0.0
holdout,0,0.0005609,0.00480566
holdout,0,4.49e-06,0.0
holdout,0,1.51e-06,0.0
holdout,0,0.00011818,0.00307249
holdout,0,2.99e-05,0.0
holdout,0,6.635e-05,0.0
holdout,0,8.8e-07,0.0
holdout,0,1.635e-05,0.0
holdout,0,8.4e-06,0.0
holdout,0,2.48e-06,0.0
holdout,0,2.334e-05,0.0
holdout,0,1.618e-05,0.0
holdout,0,3.8e-07,0.0
holdout,0,3.05e-06,0.0
holdout,0,1.75e-06,0.0
holdout,0,3.2e-07,0.0
holdout,0,2.23e-06,0.0
holdout,0,5.66e-06,0.0
holdout,0,2.65e-06,0.0
holdout,0,0.00464276,0.00447305
holdout,0,1.42e-06,0.0
holdout,0,2.32e-06,0.0
holdout,0,1.12e-06,0.0
holdout,0,8.32e-06,0.0
holdout,0,3.375e-05,0.0
holdout,0,1.9e-07,0.0
holdout,0,4.61e-06,0.0
holdout,0,8.89e-06,0.0
holdout,0,3.81e-06,0.0
holdout,0,2.91e-06,0.0
holdout,0,4.45e-06,0.0
holdout,0,5.3e-07,0.0
holdout,0,8.55e-06,0.0
holdout,0,2.07e-06,0.0
holdout,0,0.00040319,0.0
holdout,0,7.6e-07,0.0
holdout,0,1.3e-06,0.0
holdout,0,2.45e-06,0.0
holdout,0,2.976e-05,0.0
holdout,0,8e-07,0.0
holdout,0,3.962e-05,0.00307249
holdout,0,1.37e-06,0.0
holdout,0,5.1e-07,0.0
holdout,0,3.68e-06,0.0
holdout,0,1.989e-05,0.0
holdout,0,6.3e-07,0.0
holdout,0,1.52e-06,0.0
holdout,0,2.36e-06,0.0
holdout,0,0.00026403,0.00228007
holdout,0,1.32e-05,0.0
holdout,0,5.67e-06,0.0
holdout,0,1.88e-06,0.0
holdout,0,3.204e-05,0.0
holdout,0,5.37e-06,0.00087951
holdout,0,1.246e-05,0.0
holdout,0,6.93e-06,0.0
holdout,0,2.38e-06,0.0
holdout,0,0.0052541,0.0
holdout,0,4.6e-07,0.0
holdout,0,2e-06,0.0
holdout,0,3.69e-06,0.0
holdout,0,3.197e-05,0.0
holdout,0,1.193e-05,0.0
holdout,0,2.083e-05,0.0
holdout,0,3.95e-06,0.0
holdout,0,3.65e-06,0.0
holdout,0,1.229e-05,0.0
holdout,0,0.00031517,0.0
holdout,0,3.018e-05,0.0
holdout,0,7.5e-07,0.0
holdout,0,5.54e-06,0.0
holdout,0,9.8e-07,0.0
holdout,0,5.71e-06,0.0
holdout,0,3.03e-06,0.0
holdout,0,1.94e-06,0.0
holdout,0,2.14e-06,0.0
holdout,0,1.173e-05,0.0
holdout,0,3.408e-05,0.0
holdout,0,8.6e-07,0.0
holdout,0,1.144e-05,0.0
holdout,0,2.14e-06,0.0
holdout,0,1.22e-05,0.0
holdout,0,2.51e-06,0.0
holdout,0,7.13e-06,0.0
holdout,0,6.79e-06,0.0
holdout,0,1.488e-05,0.0
holdout,0,1.348e-05,0.0
holdout,0,1.17e-06,0.0
holdout,0,7.6e-07,0.0
holdout,0,2.633e-05,0.0
holdout,0,6.63e-06,0.0
holdout,0,7.1e-06,0.0
holdout,0,1.569e-05,0.0
holdout,0,0.00119624,0.00261268
holdout,0,1.75e-06,0.0
holdout,0,4.59e-06,0.0
holdout,0,1.252e-05,0.0
holdout,0,3.7e-07,0.0
holdout,0,8.17e-06,0.0
holdout,0,3.827e-05,0.0
holdout,0,6.22e-06,0.0
holdout,0,8.627e-05,0.0
holdout,0,1.04e-06,0.0
holdout,0,1.803e-05,0.0
holdout,0,7.4e-07,0.0
holdout,0,1.92e-06,0.0
holdout,0,1.66e-06,0.0
holdout,0,2.85e-06,0.0
holdout,0,1.15e-06,0.0
holdout,0,2.11e-06,0.0
holdout,0,4.8e-06,0.0
holdout,0,1.54e-06,0.0
holdout,0,6.7e-07,0.0
holdout,0,1.03e-06,0.0
holdout,0,5.1e-07,0.0
holdout,0,1.42e-06,0.0
holdout,0,1.19e-06,0.0
holdout,0,1.09e-06,0.0
holdout,0,2.49e-06,0.0
holdout,0,8.9e-07,0.0
holdout,0,1.38e-05,0.0
holdout,0,3.714e-05,0.0
holdout,0,3.2e-06,0.0
holdout,0,9.5e-07,0.0
holdout,0,6.429e-05,0.0
holdout,0,5.44e-06,0.0
holdout,0,9.3e-07,0.0
holdout,0,4.7e-07,0.0
holdout,0,5.4e-07,0.0
holdout,0,2.73e-06,0.0
holdout,0,9e-07,0.0
holdout,0,1.046e-05,0.0
holdout,0,1.55e-06,0.0
holdout,0,2.15e-06,0.0
holdout,0,1.67e-06,0.0
holdout,0,8.5e-07,0.0
holdout,0,6.45e-06,0.0
holdout,0,0.00038436,0.00480566
holdout,0,1.64e-06,0.0
holdout,0,1.32e-06,0.0
holdout,0,1.51e-06,0.0
holdout,0,1.608e-05,0.0
holdout,0,1.02e-06,0.0
holdout,0,5e-06,0.0
holdout,0,5.2e-07,0.0
holdout,0,1.88e-05,0.0
holdout,0,1.677e-05,0.0
holdout,0,2.07e-06,0.0
holdout,0,3.9e-07,0.0
holdout,0,6.98e-06,0.0
holdout,0,2.76e-06,0.0
holdout,0,2.11e-06,0.0
holdout,0,1.32e-06,0.0
holdout,0,4.974e-05,0.0
holdout,0,1.517e-05,0.0
holdout,0,8.237e-05,0.0
holdout,0,1.3e-06,0.0
holdout,0,1.34e-06,0.0
holdout,0,3.62e-06,0.0
holdout,0,3.15e-06,0.0
holdout,0,7.5e-07,0.0
holdout,0,6.27e-06,0.00087951
holdout,0,5.8e-06,0.00087951
holdout,0,4.5e-07,0.0
holdout,0,1.29e-06,0.0
holdout,0,2.72e-06,0.0
holdout,0,4.1e-07,0.0
holdout,0,1.95e-06,0.0
holdout,0,3.88e-06,0.0
holdout,0,2.04e-06,0.0
holdout,0,8.8e-07,0.0
holdout,0,2.443e-05,0.0
holdout,0,8.99e-06,0.0
holdout,0,4.29e-06,0.0
holdout,0,1.03e-06,0.0
holdout,0,2.455e-05,0.0
holdout,0,7.1e-07,0.0
holdout,0,4e-07,0.0
holdout,0,3e-06,0.0
holdout,0,9.07e-06,0.0
holdout,0,9.9e-07,0.0
holdout,0,5.16e-06,0.0
holdout,0,0.00043028,0.00219298
holdout,0,5.82e-06,0.0
holdout,0,8.24e-06,0.0
holdout,0,0.00035497,0.0
holdout,0,1.8e-06,0.0
holdout,0,1.877e-05,0.0
holdout,0,7.71e-06,0.0
holdout,0,7.62e-06,0.0
holdout,0,0.00025137,0.00087951
holdout,0,5.424e-05,0.0
holdout,0,7.7e-07,0.0
holdout,0,0.00016058,0.0
holdout,0,0.00051683,0.0
holdout,0,1.27e-06,0.0
holdout,0,5.94e-06,0.0
holdout,0,2.2e-07,0.0
holdout,0,5.5e-06,0.0
holdout,0,1.392e-05,0.0
holdout,0,1.11e-06,0.0
holdout,0,3.02e-06,0.0
holdout,0,1.736e-05,0.0
holdout,0,2.401e-05,0.00121212
holdout,0,8.05e-06,0.0
holdout,0,6.7e-07,0.0
holdout,0,2.397e-05,0.0
holdout,0,1.16e-06,0.0
holdout,0,0.00012496,0.0
holdout,0,5.487e-05,0.0
holdout,0,4.19e-06,0.0
holdout,0,1.19e-06,0.0
holdout,0,7.64e-06,0.0
holdout,0,1.12e-06,0.0
holdout,0,1.02e-06,0.0
holdout,0,4.609e-05,0.0
holdout,0,2.134e-05,0.0
holdout,0,1.848e-05,0.0
holdout,0,3.71e-06,0.0
holdout,0,2.36e-06,0.0
holdout,0,4.194e-05,0.0
holdout,0,0.00019346,0.0
holdout,0,6.95e-06,0.0
holdout,0,4.5e-06,0.0
holdout,0,4.3e-07,0.0
holdout,0,5.23e-06,0.0
holdout,0,4.23e-06,0.0
holdout,0,1.89e-06,0.0
holdout,0,3.78e-06,0.0
holdout,0,1.09e-06,0.0
holdout,0,1.22e-06,0.0
holdout,0,5.73e-06,0.0
holdout,0,2.05e-06,0.0
holdout,0,2.17e-06,0.0
holdout,0,3.4e-06,0.0
holdout,0,5.1e-07,0.0
holdout,0,5.659e-05,0.00219298
holdout,0,1.605e-05,0.0
holdout,0,1.482e-05,0.0
holdout,0,5.6e-06,0.0
holdout,0,4.38e-06,0.0
holdout,0,8.7e-07,0.0
holdout,0,4.78e-06,0.0
holdout,0,1.42e-06,0.0
holdout,0,1.35e-06,0.0
holdout,0,4.7e-07,0.0
holdout,0,2.3e-06,0.0
holdout,0,5.61e-06,0.0
holdout,0,7.023e-05,0.0
holdout,0,1.38e-06,0.0
holdout,1,0.99274013,0.87786919
holdout,0,9.5e-07,0.0
holdout,0,0.00016882,0.0
holdout,0,1.9e-07,0.0
holdout,0,3.074e-05,0.0
holdout,0,3.15e-06,0.0
holdout,1,0.99961641,1.0
holdout,0,3.88e-06,0.0
holdout,0,2.49e-06,0.0
holdout,0,6.4e-07,0.0
holdout,0,6.27e-06,0.0
holdout,0,4.381e-05,0.0
holdout,0,6.26e-06,0.0
holdout,0,3.11e-06,0.0
holdout,0,0.00026579,0.00228007
holdout,0,9.17e-06,0.0
holdout,0,4.035e-05,0.00087951
holdout,0,3.48e-06,0.0
holdout,0,1.39e-06,0.0
holdout,0,4.1e-07,0.0
holdout,0,1.098e-05,0.0
holdout,0,1.3e-06,0.0
holdout,0,1.588e-05,0.0
holdout,0,1.479e-05,0.0
holdout,0,4.5e-07,0.0
holdout,0,4.24e-06,0.0
holdout,0,1.741e-05,0.0
holdout,0,2.622e-05,0.0
holdout,0,4.61e-06,0.0
holdout,0,0.15019064,0.00480566
holdout,0,6.3e-06,0.0
holdout,0,2.59e-06,0.0
holdout,0,6.91e-06,0.0
holdout,0,7.95e-06,0.0
holdout,0,5.72e-06,0.0
holdout,0,3.707e-05,0.0
holdout,0,1.21e-06,0.0
holdout,0,1e-06,0.0
holdout,0,4.1e-07,0.0
holdout,0,1.09e-06,0.0
holdout,0,1.62e-06,0.0
holdout,0,5.74e-06,0.0
holdout,0,1.64e-06,0.0
holdout,0,3.3e-06,0.0
holdout,0,2.5e-06,0.0
holdout,0,3.38e-06,0.0
holdout,0,9.8e-07,0.0
holdout,0,1.72e-06,0.0
holdout,0,1.48e-06,0.0
holdout,0,2.4e-07,0.0
holdout,0,8.5e-07,0.0
holdout,0,1.73e-06,0.0
holdout,0,1.51e-06,0.0
holdout,0,1.38e-06,0.0
holdout,0,5.81e-06,0.0
holdout,0,4.704e-05,0.0
holdout,0,7.2e-07,0.0
holdout,0,8.12e-06,0.0
holdout,0,9.11e-06,0.0
holdout,0,8e-07,0.0
holdout,0,4.8e-07,0.0
holdout,0,5.1e-07,0.0
holdout,0,8.9e-07,0.0
holdout,0,0.0001535,0.0
holdout,0,4.8e-06,0.00219298
holdout,0,6.1e-07,0.0
holdout,0,4.67e-06,0.0
holdout,0,9.5e-07,0.0
holdout,0,1.416e-05,0.0
holdout,0,3.6e-06,0.0
holdout,0,1.69e-06,0.0
holdout,0,6.31e-06,0.0
holdout,0,7.39e-06,0.0
holdout,0,2.08e-06,0.0
holdout,0,4.2e-07,0.0
holdout,0,1.87e-06,0.0
holdout,0,9.38e-06,0.0
holdout,0,3.875e-05,0.0
holdout,0,4.03e-06,0.0
holdout,0,1.72e-06,0.0
holdout,0,0.00014257,0.0
holdout,0,1.41e-05,0.0
holdout,0,7.85e-06,0.0
holdout,0,1.609e-05,0.0
holdout,0,1.08e-06,0.0
holdout,0,9.1e-07,0.0
holdout,0,1.49e-06,0.0
holdout,0,1.069e-05,0.0
holdout,0,9.1e-07,0.0
holdout,0,8.254e-05,0.0
holdout,0,3.04e-06,0.0
holdout,0,1.01e-05,0.0
holdout,0,3.12e-06,0.0
holdout,0,1.071e-05,0.0
holdout,0,4.68e-06,0.0
holdout,0,1.3e-06,0.0
holdout,0,5.508e-05,0.0
holdout,0,1.53e-05,0.0
holdout,0,4.5e-07,0.0
holdout,0,1.18e-06,0.0
holdout,0,3.19e-06,0.0
holdout,0,4.637e-05,0.0
holdout,0,7.5e-06,0.0
holdout,0,2.29e-05,0.0
holdout,0,1.13e-06,0.0
holdout,0,1.64e-06,0.0
holdout,0,2.81e-06,0.0
holdout,0,9.8e-07,0.0
holdout,0,1.172e-05,0.0
holdout,0,8.57e-06,0.0
holdout,0,3.8e-07,0.0
holdout,0,1.37e-06,0.0
holdout,0,6.38e-06,0.0
holdout,0,1.625e-05,0.0
holdout,0,1.65e-06,0.0
holdout,0,5.5e-07,0.0
holdout,0,3.33e-06,0.0
holdout,0,2.395e-05,0.0
holdout,0,9.727e-05,0.0
holdout,0,3.04e-06,0.0
holdout,0,3.579e-05,0.0
holdout,0,3.82e-06,0.0
holdout,0,4.84e-06,0.0
holdout,0,1.81e-06,0.0
holdout,0,4.57e-06,0.0
holdout,0,7.14e-06,0.0
holdout,0,1.647e-05,0.0
holdout,0,1.67e-06,0.0
holdout,0,1.75e-06,0.0
holdout,0,4.14e-06,0.0
holdout,0,2.365e-05,0.0
holdout,0,4.19e-06,0.0
holdout,0,3.71e-06,0.0
holdout,0,1.235e-05,0.0
holdout,0,3.78e-06,0.0
holdout,0,1.02e-06,0.0
holdout,0,9.56e-06,0.0
holdout,0,0.00079262,0.0
holdout,0,1.62e-06,0.0
holdout,0,2.67e-05,0.0
holdout,0,1.68e-06,0.0
holdout,0,1.89e-06,0.0
holdout,0,0.00013712,0.0
holdout,0,2.01e-06,0.0
holdout,0,3.34e-06,0.0
holdout,0,2.4e-07,0.0
holdout,0,8.23e-06,0.0
holdout,0,4.39e-06,0.0
holdout,0,7.587e-05,0.00307249
holdout,0,1.88e-06,0.0
holdout,0,3.55e-06,0.0
holdout,0,3.2e-07,0.0
holdout,0,5.28e-06,0.0
holdout,0,8.93e-06,0.0
holdout,0,3.31e-06,0.00087951
holdout,0,9.5e-07,0.0
holdout,0,1.04e-05,0.0
holdout,0,4.66e-06,0.0
holdout,0,7.06e-06,0.0
holdout,0,0.00043911,0.00717889
holdout,0,2.03e-06,0.0
holdout,0,1.785e-05,0.0
holdout,0,5.47e-06,0.0
holdout,0,1.19e-06,0.0
holdout,0,5.7e-06,0.0
holdout,0,1.45e-06,0.0
holdout,0,2.84e-05,0.0
holdout,0,4.75e-06,0.0
holdout,0,3.2e-06,0.0
holdout,0,3.34e-06,0.0
holdout,0,2.75e-06,0.0
holdout,0,6.5e-07,0.0
holdout,0,9.08e-06,0.0
holdout,0,0.0002079,0.0
holdout,0,1.546e-05,0.0
holdout,0,1.15e-06,0.0
holdout,0,1.72e-06,0.0
holdout,0,8.9e-07,0.0
holdout,0,2.98e-06,0.0
holdout,0,6.5e-07,0.0
holdout,0,1.24e-06,0.0
holdout,0,0.00481498,0.00447305
holdout,0,1.188e-05,0.0
holdout,0,5.85e-06,0.0
holdout,0,1.79e-06,0.0
holdout,0,1.929e-05,0.0
holdout,0,8.2e-07,0.0
holdout,0,3.8e-07,0.0
holdout,0,5.17e-06,0.0
holdout,0,4.28e-06,0.0
holdout,0,1.329e-05,0.0
holdout,0,1.819e-05,0.0
holdout,0,3.49e-06,0.0
holdout,0,2.77e-06,0.0
holdout,0,5.2e-06,0.0
holdout,0,1.348e-05,0.0
holdout,0,1.03e-06,0.0
holdout,0,3.55e-06,0.0
holdout,0,3.16e-06,0.0
holdout,0,1.7e-06,0.0
holdout,0,1e-06,0.0
holdout,0,7.2e-07,0.0
holdout,0,8.2e-07,0.0
holdout,0,2.77e-06,0.0
holdout,0,1.6e-06,0.0
holdout,0,7.38e-06,0.0
holdout,0,4.15e-06,0.0
holdout,0,2.56e-06,0.0
holdout,0,4.25e-06,0.0
holdout,0,2.366e-05,0.0
holdout,0,7.64e-06,0.0
holdout,0,8.57e-06,0.00087951
holdout,0,8.79e-06,0.0
holdout,0,1.81e-06,0.0
holdout,0,3.05e-06,0.0
holdout,0,3.72e-06,0.0
holdout,0,2.12e-06,0.0
holdout,0,6.1e-06,0.0
holdout,0,8.46e-06,0.0
holdout,0,1.97e-06,0.0
holdout,0,4.09e-06,0.0
holdout,0,5.73e-06,0.0
holdout,0,3.3e-07,0.0
holdout,0,3.07e-06,0.0
holdout,0,2.9e-07,0.0
holdout,0,2.213e-05,0.0
holdout,0,2.7e-07,0.0
holdout,0,7.41e-06,0.0
holdout,0,3.309e-05,0.0
holdout,0,4.36e-06,0.0
holdout,0,2.064e-05,0.0
holdout,0,7.72e-06,0.0
holdout,0,6.18e-06,0.0
holdout,0,0.00236239,0.00121212
holdout,0,4.81e-06,0.0
holdout,0,1.72e-06,0.0
holdout,0,6.9e-07,0.0
holdout,0,3.04e-06,0.0
holdout,0,2.18e-06,0.0
holdout,0,2.17e-06,0.0
holdout,0,3.72e-06,0.0
holdout,0,1.61e-06,0.0
holdout,0,4.13e-06,0.0
holdout,0,4.4e-07,0.0
holdout,0,8.8e-07,0.0
holdout,0,1.12e-06,0.0
holdout,0,1.29e-06,0.0
holdout,0,9.07e-06,0.0
holdout,0,1.506e-05,0.0
holdout,0,4.51e-06,0.0
holdout,0,2.432e-05,0.0
holdout,0,5.66e-06,0.0
holdout,0,0.00622389,0.00684628
holdout,0,1.99e-06,0.0
holdout,0,0.00014769,0.0
holdout,0,2.13e-06,0.0
holdout,0,1.25e-06,0.0
holdout,0,5.15e-06,0.0
holdout,0,1.07e-06,0.0
holdout,0,6.34e-06,0.0
holdout,0,7.73e-06,0.0
holdout,0,1.019e-05,0.0
holdout,0,1.586e-05,0.0
holdout,0,2.41e-06,0.0
holdout,0,2.7e-06,0.0
holdout,0,7.3e-07,0.0
holdout,0,3.49e-05,0.00087951
holdout,0,5.28e-06,0.0
holdout,0,3.02e-06,0.0
holdout,0,3.4e-07,0.0
holdout,0,6.47e-06,0.0
holdout,0,2.88e-06,0.0
holdout,0,8.9e-07,0.0
holdout,0,1.56e-06,0.0
holdout,0,9.1e-07,0.0
holdout,0,2.75e-06,0.0
holdout,0,3.29e-06,0.0
holdout,0,9.3e-07,0.0
holdout,0,8.74e-06,0.0
holdout,0,8.42e-06,0.0
holdout,0,4.76e-06,0.0
holdout,0,7.9e-07,0.0
holdout,0,2.66e-06,0.0
holdout,0,7.1e-07,0.0
holdout,0,3.182e-05,0.00456621
holdout,0,4.983e-05,0.0
holdout,0,0.00013935,0.0
holdout,0,7.2e-07,0.0
holdout,0,1.69e-06,0.0
holdout,0,0.00016045,0.0
holdout,0,3.139e-05,0.00087951
holdout,0,1.284e-05,0.0
holdout,0,1.03e-06,0.0
holdout,0,1.72e-06,0.0
holdout,0,1.5e-06,0.0
holdout,0,3.65e-06,0.0
holdout,0,3.42e-06,0.0
holdout,0,7.6e-07,0.0
holdout,0,0.00017739,0.0
holdout,0,2.26e-06,0.0
holdout,0,2.32e-06,0.0
holdout,0,1.31e-06,0.0
holdout,0,9.4e-07,0.0
holdout,0,2.1e-06,0.0
holdout,0,1.51e-06,0.0
holdout,0,0.00018214,0.0
holdout,0,6.42e-06,0.0
holdout,0,1.54e-06,0.0
holdout,0,1.133e-05,0.0
holdout,0,1.84e-06,0.0
holdout,0,9.8e-07,0.0
holdout,0,7.08e-06,0.0
holdout,0,2.44e-06,0.0
holdout,0,2.69e-06,0.0
holdout,0,9.776e-05,0.0
holdout,0,1.81e-06,0.0
holdout,0,6.21e-06,0.0
holdout,0,2.238e-05,0.0
holdout,0,7.5e-07,0.0
holdout,0,8.551e-05,0.00219298
holdout,0,2.95e-06,0.0
holdout,0,9e-07,0.0
holdout,0,3.8e-07,0.0
holdout,0,2.73e-06,0.0
holdout,0,2.451e-05,0.0
holdout,0,4.586e-05,0.0
holdout,0,4.8e-07,0.00087951
holdout,0,4.93e-06,0.0
holdout,0,2.298e-05,0.0
holdout,0,2.69e-06,0.0
holdout,0,1.74e-06,0.0
holdout,0,4.3e-06,0.0
holdout,0,9.1e-07,0.0
holdout,0,1.07e-06,0.0
holdout,0,4.8e-07,0.0
holdout,0,1.72e-06,0.0
holdout,0,2.8e-06,0.0
holdout,0,6.4e-07,0.0
holdout,0,3.49e-06,0.0
holdout,0,9.2e-07,0.0
holdout,0,6.535e-05,0.0
holdout,0,8.4e-07,0.0
holdout,0,3.11e-06,0.0
holdout,0,3.62e-06,0.0
holdout,0,2.49e-06,0.0
holdout,0,8.06e-06,0.0
holdout,0,5.21e-06,0.0
holdout,0,6.4e-07,0.0
holdout,0,1.42e-06,0.0
holdout,0,5e-07,0.0
holdout,0,7e-07,0.0
holdout,0,2.709e-05,0.0
holdout,0,4.63e-06,0.0
holdout,0,1.65e-06,0.0
holdout,0,1.513e-05,0.00087951
holdout,0,4.95e-06,0.0
holdout,0,5.27e-06,0.0
holdout,0,3.52e-06,0.0
holdout,0,2.37e-06,0.0
holdout,0,3.45e-06,0.0
holdout,0,3.56e-06,0.0
holdout,0,1.73e-06,0.0
holdout,0,6.68e-06,0.0
holdout,0,3.736e-05,0.0
holdout,0,1.407e-05,0.0
holdout,0,1.212e-05,0.0
holdout,0,4.66e-06,0.0
holdout,0,3.3e-07,0.0
holdout,0,4.14e-06,0.0
holdout,0,1.56e-06,0.0
holdout,0,2.471e-05,0.0034051
holdout,0,3.82e-06,0.0
holdout,0,1.18e-06,0.0
holdout,0,3.07e-06,0.0
holdout,0,2.39e-06,0.0
holdout,0,2.89e-06,0.0
holdout,0,4.161e-05,0.0
holdout,0,2.03e-06,0.0
holdout,0,1.31e-06,0.0
holdout,0,4.3e-07,0.0
holdout,0,5.34e-06,0.00087951
holdout,0,7.7e-06,0.0
holdout,0,1.79e-06,0.0
holdout,0,1.286e-05,0.0
holdout,0,9.5e-07,0.0
holdout,0,2.7e-06,0.0
holdout,0,5.33e-06,0.0
holdout,0,1.151e-05,0.0
holdout,0,1.25e-06,0.0
holdout,0,3.56e-06,0.0
holdout,0,3.86e-06,0.0
holdout,0,4.61e-06,0.0
holdout,0,6.4e-07,0.0
holdout,0,2.781e-05,0.0
holdout,0,8e-06,0.0
holdout,0,3.64e-06,0.0
holdout,0,5.82e-06,0.0
holdout,0,4.41e-06,0.0
holdout,0,9.02e-06,0.0
holdout,0,2.49e-06,0.0
holdout,0,0.00059344,0.0
holdout,0,2.89e-06,0.0
holdout,0,2.77e-06,0.0
holdout,0,1.7e-07,0.0
holdout,0,3.28e-06,0.0
holdout,0,1.05e-06,0.0
holdout,0,1.79e-06,0.0
holdout,0,9.8e-07,0.0
holdout,0,4.9e-07,0.0
holdout,0,2.27e-06,0.0
holdout,0,1.11e-06,0.0
holdout,0,6.6e-07,0.0
holdout,0,6.576e-05,0.00577833
holdout,0,1.95e-06,0.0
holdout,0,5.2e-07,0.0
holdout,0,2.65e-06,0.0
holdout,0,3.32e-06,0.0
holdout,0,1.62e-06,0.0
holdout,0,2.42e-06,0.0
holdout,0,1.426e-05,0.0
holdout,0,0.00018698,0.00121212
holdout,0,1.197e-05,0.0
holdout,0,3.041e-05,0.0
holdout,0,1.722e-05,0.0
holdout,0,5.8e-07,0.0
holdout,0,6.5e-07,0.0
holdout,0,1.64e-06,0.0
holdout,0,4.23e-06,0.0
holdout,0,1.81e-06,0.0
holdout,0,1.76e-06,0.0
holdout,0,4.26e-06,0.0
holdout,0,1.68e-05,0.0
holdout,0,6.773e-05,0.00087951
holdout,0,2.62e-06,0.0
holdout,0,3.2e-07,0.0
holdout,0,1.87e-06,0.0
holdout,0,1.362e-05,0.0
holdout,0,1.03e-06,0.0
holdout,0,6.98e-06,0.0
holdout,0,1.1e-06,0.0
holdout,0,2.67e-06,0.0
holdout,0,4.7e-07,0.0
holdout,0,1.96e-06,0.0
holdout,0,2.41e-06,0.0
holdout,0,8.9e-07,0.0
holdout,0,7.17e-06,0.00087951
holdout,0,1.01e-06,0.0
holdout,0,3.95e-06,0.0
holdout,0,4.076e-05,0.0
holdout,0,3.78e-06,0.0
holdout,0,8.37e-06,0.0
holdout,0,2.8e-07,0.0
holdout,0,4.1e-07,0.0
holdout,0,1.6e-06,0.0
holdout,0,4.9e-07,0.0
holdout,0,2.28e-06,0.0
holdout,0,1.05e-06,0.0
holdout,0,6.7e-07,0.0
holdout,0,4.26e-06,0.0
holdout,0,1.418e-05,0.0
holdout,0,1.98e-06,0.0
holdout,0,5.92e-06,0.0
holdout,0,8.4e-07,0.0
holdout,0,3.916e-05,0.00261268
holdout,0,1.35e-06,0.0
holdout,0,1.93e-06,0.0
holdout,0,1.1e-06,0.0
holdout,0,1.437e-05,0.00087951
holdout,0,6.8e-07,0.0
holdout,0,1.37e-06,0.0
holdout,0,3.9e-07,0.0
holdout,0,1.477e-05,0.0
holdout,0,5.18e-06,0.0
holdout,0,1.91e-06,0.0
holdout,0,4.4e-06,0.0
holdout,0,2.33e-06,0.0
holdout,0,5.84e-06,0.0
holdout,0,2.92e-06,0.0
holdout,0,1.12e-06,0.0
holdout,0,1.334e-05,0.0
holdout,0,9.69e-06,0.0
holdout,0,5.392e-05,0.00087951
holdout,0,7.3e-07,0.0
holdout,0,1.14e-06,0.0
holdout,0,4.03e-06,0.0
holdout,0,2.008e-05,0.0
holdout,0,1.15e-06,0.0
holdout,0,1.2e-06,0.0
holdout,0,1.924e-05,0.0
holdout,0,4.4e-06,0.0
holdout,0,6.1e-06,0.0
holdout,0,3.1e-07,0.0
holdout,0,7.32e-06,0.0
holdout,0,2.2e-06,0.0
holdout,0,1.07e-06,0.0
holdout,0,1.232e-05,0.0
holdout,0,6.4e-07,0.0
holdout,0,2.75e-06,0.0
holdout,0,6.9e-07,0.0
holdout,0,2.636e-05,0.0
holdout,0,1.05e-06,0.0
holdout,0,5e-07,0.0
holdout,0,5.82e-06,0.0
holdout,0,6.59e-06,0.0
holdout,0,9.45e-06,0.0
holdout,0,1.48e-06,0.0
holdout,0,1.26e-06,0.0
holdout,0,2.34e-06,0.0
holdout,0,7.7e-07,0.0
holdout,0,7.03e-06,0.0
holdout,0,2.23e-06,0.0
holdout,0,5.22e-06,0.0
holdout,0,1.06e-06,0.0
holdout,0,3.46e-06,0.0
holdout,0,6.6e-06,0.0
holdout,0,2.3e-06,0.0
holdout,0,3.13e-06,0.0
holdout,0,5.3e-07,0.0
holdout,0,1.04e-06,0.0
holdout,0,2.24e-06,0.0
holdout,0,2.37e-06,0.0
holdout,0,1.62e-06,0.0
holdout,0,9.52e-06,0.0034051
holdout,0,3.34e-06,0.0
holdout,0,7.11e-06,0.0
holdout,0,2.12e-06,0.0
holdout,0,1.27e-06,0.0
holdout,0,6.6e-07,0.0
holdout,0,3.25e-06,0.0
holdout,0,5.2e-07,0.0
holdout,0,6.65e-06,0.0
holdout,0,4.7e-07,0.0
holdout,0,7.1e-07,0.0
holdout,0,1.484e-05,0.00087951
holdout,0,2.966e-05,0.0
holdout,0,2.34e-06,0.0
holdout,0,7.22e-06,0.0
holdout,0,2.84e-06,0.0
holdout,0,2.31e-06,0.0
holdout,0,6.44e-06,0.0
holdout,0,1.94e-06,0.0
holdout,0,7.51e-06,0.0
holdout,0,2.71e-06,0.0
holdout,0,9.2e-07,0.0
holdout,0,4.86e-06,0.0
holdout,0,7.26e-06,0.0
holdout,0,4.71e-06,0.0
holdout,0,6.38e-06,0.0
holdout,0,2.31e-06,0.0
holdout,0,6.81e-06,0.0
holdout,0,7.6e-07,0.0
holdout,0,5.64e-06,0.0
holdout,0,6.3e-07,0.0
holdout,0,0.00013395,0.0
holdout,0,3.41e-06,0.0
holdout,0,1.53e-06,0.0
holdout,0,1.19e-06,0.0
holdout,0,2.89e-06,0.00087951
holdout,0,1.64e-06,0.0
holdout,0,1.24e-06,0.0
holdout,0,3.41e-06,0.0
holdout,0,2.02e-06,0.0
holdout,0,2.32e-06,0.0
holdout,0,2.6e-07,0.0
holdout,0,3.15e-06,0.0
holdout,0,5.26e-06,0.0
holdout,0,5.6e-07,0.0
holdout,0,5.4e-07,0.0
holdout,0,1.735e-05,0.0
holdout,0,2.204e-05,0.0
holdout,0,7.7e-07,0.0
holdout,0,2.84e-06,0.0
holdout,0,6.03e-06,0.0
holdout,0,1.52e-06,0.0
holdout,0,2.41e-06,0.0
holdout,0,1.084e-05,0.0
holdout,0,5.16e-06,0.0
holdout,0,4.26e-06,0.0
holdout,0,2.62e-06,0.0
holdout,0,2.95e-05,0.0
holdout,0,5.89e-06,0.0
holdout,0,1.11e-06,0.0
holdout,0,3.34e-06,0.0
holdout,0,1.4e-06,0.0
holdout,0,2.84e-06,0.0
holdout,0,4.1e-07,0.0
holdout,0,1.3e-06,0.0
holdout,0,2.93e-06,0.0
holdout,0,7.5e-07,0.0
holdout,0,3e-06,0.0
holdout,0,3.21e-06,0.00087951
holdout,0,5.4e-07,0.0
holdout,0,2.27e-06,0.0
holdout,0,3.88e-06,0.0
holdout,0,5e-07,0.0
holdout,0,3.4e-07,0.0
holdout,0,7.2e-07,0.0
holdout,0,9.54e-06,0.0
holdout,0,1.56e-06,0.0
holdout,0,1.33e-06,0.0
holdout,0,1.03e-06,0.0
holdout,0,1.1e-06,0.0
holdout,0,3.5e-07,0.0
holdout,0,0.00218188,0.00087951
holdout,0,1.281e-05,0.0
holdout,0,8.6e-06,0.0
holdout,0,4.32e-06,0.0
holdout,0,8.88e-06,0.0
holdout,0,1.76e-06,0.0
holdout,0,2.007e-05,0.0
holdout,0,8.22e-06,0.00087951
holdout,0,1.651e-05,0.0
holdout,0,1.311e-05,0.0
holdout,0,5.2e-07,0.0
holdout,0,9.6e-07,0.0
holdout,0,1.347e-05,0.0
holdout,0,3.9e-06,0.0
holdout,0,2.2e-06,0.0
holdout,0,1.88e-06,0.0
holdout,0,5.04e-06,0.0
holdout,0,4.39e-06,0.0
holdout,0,8.9e-07,0.0
holdout,0,9.6e-07,0.0
holdout,0,3.003e-05,0.0
holdout,0,1.08e-06,0.0
holdout,0,4.03e-06,0.0
holdout,0,2.31e-06,0.0
holdout,0,1.55e-06,0.0
holdout,0,7.81e-06,0.0
holdout,0,1.74e-06,0.0
holdout,0,0.00108704,0.00219298
holdout,0,1.97e-06,0.0
holdout,0,4.6e-07,0.0
holdout,0,1.24e-06,0.0
holdout,0,6.4e-07,0.0
holdout,0,1.31e-06,0.0
holdout,0,2.98e-06,0.0
holdout,0,1.08e-06,0.0
holdout,0,3.074e-05,0.00087951
holdout,0,1.76e-06,0.0
holdout,0,5.11e-06,0.0
holdout,0,4.53e-06,0.0
holdout,0,2.9e-07,0.0
holdout,0,1.198e-05,0.0
holdout,0,2.34e-06,0.0
holdout,0,1.457e-05,0.0
holdout,0,2.8e-07,0.0
holdout,0,2.25e-06,0.0
holdout,0,8.912e-05,0.0
holdout,0,2.94e-06,0.0
holdout,0,1.18e-06,0.0
holdout,0,2.46e-06,0.0
holdout,0,2.82e-06,0.0
holdout,0,1.28e-06,0.0
holdout,0,1.9e-06,0.0
holdout,0,2.05e-06,0.0
holdout,0,1.69e-06,0.0
holdout,0,6.28e-06,0.0
holdout,0,1.62e-06,0.0
holdout,0,2.47e-06,0.0
holdout,0,2.423e-05,0.0
holdout,0,4.1e-07,0.0
holdout,0,6.2e-07,0.0
holdout,0,1.04e-06,0.0
holdout,0,1.352e-05,0.0
holdout,0,6.9e-07,0.0
holdout,0,1.9e-07,0.0
holdout,0,2.158e-05,0.0
holdout,0,1.35e-06,0.0
holdout,0,4.913e-05,0.0
holdout,0,7.25e-06,0.0
holdout,0,3.8e-07,0.0
holdout,0,8.4e-07,0.0
holdout,0,3.2e-07,0.0
holdout,0,1.2e-06,0.0
holdout,0,5.44e-06,0.0
holdout,0,2.13e-05,0.0
holdout,0,1.5e-05,0.0
holdout,0,1.75e-06,0.0
holdout,0,1.487e-05,0.00228007
holdout,0,2.8e-06,0.0
holdout,0,2.2e-06,0.0
holdout,0,6.61e-06,0.0
holdout,0,8.1e-07,0.0
holdout,0,6.4e-07,0.0
holdout,0,9.9e-07,0.0
holdout,0,5.9e-07,0.0
holdout,0,1e-06,0.0
holdout,0,1.87e-06,0.0
holdout,0,8.6e-07,0.0
holdout,0,2.59e-06,0.0
holdout,0,2.87e-06,0.0
holdout,0,4.45e-06,0.0
holdout,0,8.37e-06,0.0
holdout,0,3.88e-06,0.0
holdout,0,0.00102861,0.0
holdout,0,5.03e-06,0.0
holdout,0,3.99e-06,0.0
holdout,0,2.17e-06,0.0
holdout,0,1.01e-06,0.0
holdout,0,3.99e-06,0.0
holdout,0,1.07e-06,0.0
holdout,0,8.843e-05,0.00456621
holdout,0,3.47e-06,0.0
holdout,0,1.522e-05,0.0
holdout,0,3.58e-06,0.0
holdout,0,1.485e-05,0.0
holdout,0,3.06e-06,0.0
holdout,0,7.9e-07,0.0
holdout,0,4.911e-05,0.0
holdout,0,1.66e-06,0.0
holdout,0,3.28e-06,0.0
holdout,0,2.47e-06,0.0
holdout,0,1.5e-06,0.0
holdout,0,4.2e-07,0.0
holdout,0,1.07e-06,0.0
holdout,0,4.9e-07,0.0
holdout,0,3.72e-06,0.0
holdout,0,5.6e-07,0.0
holdout,0,3.4e-07,0.0
holdout,0,3.9e-07,0.0
holdout,0,6.8e-07,0.0
holdout,0,2.4e-07,0.0
holdout,0,1.76e-06,0.0
holdout,0,9.8e-07,0.0
holdout,0,3.2e-07,0.0
holdout,0,4.4e-07,0.0
holdout,0,4.1e-07,0.0
holdout,0,6.4e-07,0.0
holdout,0,1.05e-06,0.0
holdout,0,3e-07,0.0
holdout,0,1.1e-06,0.0
holdout,0,3.5e-07,0.0
holdout,0,4.6e-07,0.0
holdout,0,6.7e-07,0.0
holdout,0,4.9e-07,0.0
holdout,0,9.4e-07,0.0
holdout,0,2.1e-07,0.0
holdout,0,5.7e-07,0.0
holdout,0,4.5e-07,0.0
holdout,0,7.7e-07,0.0
holdout,0,1.03e-06,0.0
holdout,0,2.7e-07,0.0
holdout,0,4.2e-07,0.0
holdout,0,7.7e-07,0.0
holdout,0,1.26e-06,0.0
holdout,0,7.8e-07,0.0
holdout,0,1.06e-06,0.0
holdout,0,3.6e-07,0.0
holdout,0,9.5e-07,0.0
holdout,0,1.89e-06,0.0
holdout,0,5.5e-07,0.0
holdout,0,6.6e-07,0.0
holdout,0,9.5e-07,0.0
holdout,0,2.91e-06,0.0
holdout,0,3.6e-07,0.0
holdout,0,4.3e-07,0.0
holdout,0,2.71e-06,0.0
holdout,0,1.57e-06,0.0
holdout,0,1.04e-06,0.0
holdout,0,1.08e-06,0.0
holdout,0,5.5e-07,0.0
holdout,0,2.1e-07,0.0
holdout,0,3.9e-07,0.0
holdout,0,1.84e-06,0.0
holdout,0,6.07e-06,0.0
holdout,0,1.42e-06,0.00418811
holdout,0,5.65e-06,0.0
holdout,0,6.05e-06,0.0
holdout,0,9.9e-07,0.0
holdout,0,3.7e-07,0.0
holdout,0,1.04e-06,0.0
holdout,0,1.35e-06,0.0
holdout,0,4.8e-07,0.0
holdout,0,2.72e-06,0.0
holdout,0,5.5e-07,0.0
holdout,0,2.49e-06,0.00087951
holdout,0,4.6e-07,0.0
holdout,0,2.06e-06,0.0
holdout,0,2.06e-06,0.0
holdout,0,8.14e-06,0.0
holdout,0,1.95e-06,0.0
holdout,0,3.2e-06,0.0
holdout,0,2.05e-06,0.0
holdout,0,7.61e-06,0.0
holdout,0,3.7e-07,0.0
holdout,0,4.9e-07,0.0
holdout,0,6.03e-06,0.0
holdout,0,2.47e-06,0.0
holdout,0,2.5e-07,0.0
holdout,0,4.2e-07,0.0
holdout,0,4.17e-06,0.0
holdout,0,6.31e-06,0.00307249
holdout,0,7.08e-06,0.0
holdout,0,6.2e-07,0.0
holdout,0,1.01e-06,0.0
holdout,0,2.64e-06,0.0
holdout,0,2.19e-06,0.0
holdout,0,9e-07,0.0
holdout,0,6.7e-07,0.0
holdout,0,3.21e-06,0.0
holdout,0,1.49e-06,0.0
holdout,0,1.56e-06,0.0
holdout,0,9.6e-07,0.0
holdout,0,4e-06,0.0
holdout,0,2.9e-07,0.0
holdout,0,2.36e-06,0.0
holdout,0,2.6e-07,0.0
holdout,0,6.5e-07,0.0
holdout,0,1.79e-06,0.0
holdout,0,2.935e-05,0.0
holdout,0,9e-07,0.0
holdout,0,3.61e-06,0.0
holdout,0,5.32e-06,0.0
holdout,0,2.44e-06,0.0
holdout,0,1.18e-06,0.0
holdout,0,1.02e-06,0.0
holdout,0,8.424e-05,0.00087951
holdout,0,5.042e-05,0.0
holdout,0,1.99e-06,0.0
holdout,0,1.9e-06,0.0
holdout,0,6.6e-07,0.0
holdout,0,1.3e-06,0.0
holdout,0,1.83e-06,0.0
holdout,0,1.88e-06,0.0
holdout,0,9.6e-07,0.0
holdout,0,1.58e-06,0.0
holdout,0,1.83e-06,0.0
holdout,0,4.6e-07,0.0
holdout,0,7.1e-07,0.0
holdout,0,2.8e-07,0.0
holdout,0,5.77e-06,0.0
holdout,0,9.7e-07,0.0
holdout,0,9.1e-07,0.0
holdout,0,5.8e-07,0.0
holdout,0,2.9e-06,0.0
holdout,0,3.44e-06,0.0
holdout,0,1.06e-06,0.0
holdout,0,1.58e-06,0.0
holdout,0,0.00015158,0.0
holdout,0,2.71e-06,0.0
holdout,0,1.58e-06,0.0
holdout,0,2.5e-06,0.0
holdout,0,1.55e-06,0.0
holdout,0,3.49e-06,0.0
holdout,0,8.2e-07,0.0
holdout,0,2.021e-05,0.0
holdout,0,1.348e-05,0.0
holdout,0,5.11e-06,0.0
holdout,0,2.12e-06,0.0
holdout,0,4.8e-06,0.0
holdout,0,1.4e-06,0.0
holdout,0,1.31e-06,0.0
holdout,0,2.297e-05,0.0
holdout,0,4.819e-05,0.02806723
holdout,0,5e-07,0.0
holdout,0,1.42e-06,0.0
holdout,0,1.15e-06,0.0
holdout,0,1.28e-06,0.0
holdout,0,1.55e-06,0.0
holdout,0,4.5e-07,0.0
holdout,0,3.6e-07,0.0
holdout,0,5.78e-06,0.0
holdout,0,2.4e-06,0.0
holdout,0,2.9e-06,0.0
holdout,0,7.5e-07,0.0
holdout,0,1.28e-06,0.0
holdout,0,1.06e-06,0.0
holdout,0,1.46e-06,0.0
holdout,0,3.2e-07,0.0
holdout,0,1.49e-06,0.0
holdout,0,5.32e-06,0.0
holdout,0,2.5e-07,0.0
holdout,0,1.69e-06,0.0
holdout,0,1.227e-05,0.0
holdout,0,2.72e-06,0.0
holdout,0,1.26e-06,0.0
holdout,0,2.05e-06,0.0
holdout,0,8.7e-07,0.0
holdout,0,4.56e-06,0.0
holdout,0,3.818e-05,0.0
holdout,0,1.585e-05,0.00307249
holdout,0,2.667e-05,0.0
holdout,0,1.97e-06,0.0
holdout,0,4.1e-07,0.0
holdout,0,7.73e-06,0.0
holdout,0,3.16e-06,0.0
holdout,0,4.671e-05,0.00261268
holdout,0,5.88e-06,0.0
holdout,0,7.2e-07,0.0
holdout,0,1.96e-06,0.0
holdout,0,1.46e-06,0.0
holdout,0,7.6e-07,0.0
holdout,0,1.6e-06,0.0
holdout,0,1.486e-05,0.0
holdout,0,2.31e-06,0.0
holdout,0,2.62e-06,0.0
holdout,0,9.6e-07,0.0
holdout,0,3.5e-07,0.0
holdout,0,2.123e-05,0.00087951
holdout,0,7.9e-07,0.0
holdout,0,4.75e-06,0.0
holdout,0,1.96e-06,0.0
holdout,0,2.61e-05,0.00087951
holdout,0,4.06e-06,0.00087951
holdout,0,3.7e-07,0.0
holdout,0,2.7e-07,0.0
holdout,0,1.9e-06,0.0
holdout,0,9.78e-06,0.0
holdout,0,3.326e-05,0.0
holdout,0,5.26e-06,0.0
holdout,0,1.017e-05,0.0
holdout,0,7.2e-07,0.0
holdout,0,4e-06,0.0
holdout,0,2.92e-06,0.0
holdout,0,4.78e-06,0.0
holdout,0,7.1e-07,0.0
holdout,0,5.3e-07,0.0
holdout,0,5.9e-07,0.0
holdout,0,1.61e-06,0.0
holdout,0,1.49e-06,0.0
holdout,0,8.8e-07,0.0
holdout,0,6.6e-07,0.0
holdout,0,1.71e-06,0.0
holdout,0,3.97e-06,0.0
holdout,0,1.29e-06,0.0
holdout,0,2.52e-06,0.0
holdout,0,3.8e-07,0.0
holdout,0,5.52e-06,0.0
holdout,0,3.6e-06,0.0
holdout,0,3e-07,0.0
holdout,0,1.541e-05,0.0
holdout,0,9.463e-05,0.0
holdout,0,4.715e-05,0.0
holdout,0,1.614e-05,0.0
holdout,0,8.8e-07,0.0
holdout,0,1.154e-05,0.0
holdout,0,9.6e-07,0.0
holdout,0,3.84e-06,0.0
holdout,0,1.81e-06,0.0
holdout,0,8.4e-07,0.0
holdout,0,8.59e-06,0.0
holdout,0,5.25e-06,0.0
holdout,0,0.00010579,0.0
holdout,0,6.1e-07,0.0
holdout,0,3.76e-06,0.0
holdout,0,5.2e-07,0.0
holdout,0,9.8e-07,0.0
holdout,0,1.92e-06,0.0
holdout,0,5.5e-07,0.0
holdout,0,4.52e-06,0.0
holdout,0,6.79e-06,0.0
holdout,0,6.26e-06,0.0
holdout,0,3.63e-06,0.0
holdout,0,6.75e-06,0.0
holdout,0,2.05e-06,0.0
holdout,0,2.9e-07,0.0
holdout,0,4.67e-06,0.0
holdout,0,2.49e-06,0.0
holdout,0,1.32e-06,0.0
holdout,0,2.07e-06,0.0
holdout,0,7.6e-07,0.0
holdout,0,3.18e-06,0.0
holdout,0,1.327e-05,0.0
holdout,0,0.00032497,0.0034051
holdout,0,8.5e-07,0.0
holdout,0,1.18e-06,0.0
holdout,0,1.3e-06,0.0
holdout,0,4.02e-06,0.0
holdout,0,1.96e-06,0.0
holdout,0,8.9e-07,0.0
holdout,0,7.63e-06,0.0
holdout,0,2.27e-06,0.0
holdout,0,6.09e-06,0.0
holdout,0,2.99e-06,0.0
holdout,0,6.53e-06,0.0
holdout,0,9.49e-06,0.0
holdout,0,7.3e-07,0.0
holdout,0,1.76e-06,0.0
holdout,0,8.6e-07,0.0
holdout,0,9e-07,0.0
holdout,0,6.33e-06,0.0
holdout,0,1.11e-06,0.0
holdout,0,1.03e-06,0.0
holdout,0,6e-06,0.0
holdout,0,6.4e-07,0.0
holdout,0,1.317e-05,0.0
holdout,0,1.84e-06,0.0
holdout,0,1.109e-05,0.0
holdout,0,2.58e-06,0.0
holdout,0,1.52e-06,0.0
holdout,0,1.15e-06,0.0
holdout,0,4.739e-05,0.0
holdout,0,2.31e-06,0.0
holdout,0,1.74e-06,0.0
holdout,0,5.3e-07,0.0
holdout,0,4.4e-06,0.0
holdout,0,1.86e-05,0.0
holdout,0,1.31e-06,0.0
holdout,0,1.019e-05,0.0
holdout,0,2.07e-06,0.0
holdout,0,3.09e-06,0.0
holdout,0,0.00011659,0.0
holdout,0,1.34e-06,0.0
holdout,0,5.2e-07,0.0
holdout,0,5.81e-06,0.0
holdout,0,4.819e-05,0.0
holdout,0,2.413e-05,0.0
holdout,0,2.22e-06,0.0
holdout,0,4.23e-06,0.0
holdout,0,6.62e-06,0.0
holdout,0,8.65e-06,0.0
holdout,0,1.51e-06,0.0
holdout,0,1.26e-06,0.0
holdout,0,1.27e-06,0.0
holdout,0,1.14e-06,0.0
holdout,0,2.94e-06,0.0
holdout,0,8e-07,0.0
holdout,0,8.4e-06,0.0
holdout,0,1.671e-05,0.0
holdout,0,1.31e-06,0.0
holdout,0,0.00014162,0.00087951
holdout,0,2.87e-06,0.0
holdout,0,1.433e-05,0.0
holdout,0,3.08e-06,0.0
holdout,0,2.75e-06,0.0
holdout,0,1.262e-05,0.0
holdout,0,7.384e-05,0.0
holdout,0,4.35e-06,0.0
holdout,0,2.61e-06,0.0
holdout,0,1.812e-05,0.0
holdout,0,1.85e-06,0.0
holdout,0,1.304e-05,0.0
holdout,0,3.5e-06,0.0
holdout,0,1.68e-06,0.0
holdout,0,2.38e-05,0.0
holdout,0,1.803e-05,0.0
holdout,0,1.106e-05,0.0
holdout,0,4.7e-07,0.0
holdout,0,3.42e-06,0.0
holdout,0,3.64e-06,0.0
holdout,0,8e-07,0.0
holdout,0,4.8e-06,0.0
holdout,0,3.743e-05,0.0
holdout,0,2.48e-06,0.0
holdout,0,6.18e-06,0.0
holdout,0,4.73e-06,0.0
holdout,0,7.01e-06,0.0
holdout,0,1.5e-06,0.0
holdout,0,4.8e-07,0.0
holdout,0,1.237e-05,0.0
holdout,0,1.559e-05,0.00121212
holdout,0,9.34e-06,0.0
holdout,0,7.57e-06,0.0
holdout,0,1.45e-06,0.0
holdout,0,4.8e-07,0.0
holdout,0,1.16e-06,0.0
holdout,0,1.86e-06,0.0
holdout,0,2.96e-06,0.0
holdout,0,6.64e-06,0.0
holdout,0,0.00070017,0.00717889
holdout,0,3.4e-06,0.00087951
holdout,0,1.38e-06,0.0
holdout,0,7.38e-06,0.0
holdout,0,4.01e-06,0.0
holdout,0,1.225e-05,0.0
holdout,0,2.31e-06,0.0
holdout,0,6.76e-06,0.0
holdout,0,1.2e-06,0.0
holdout,0,1.63e-06,0.0
holdout,0,4.63e-06,0.0
holdout,0,2.97e-06,0.0
holdout,0,1.05e-06,0.0
holdout,0,2.82e-06,0.0
holdout,0,1.03e-06,0.0
holdout,0,9.9e-07,0.0
holdout,0,8.4e-07,0.0
holdout,0,6.01e-06,0.0
holdout,0,5.21e-06,0.0
holdout,0,6.16e-06,0.0
holdout,0,2.51e-06,0.0
holdout,0,9.87e-05,0.00219298
holdout,0,2.43e-06,0.0
holdout,0,1.31e-05,0.0
holdout,0,1.816e-05,0.0
holdout,0,4.4e-07,0.0
holdout,0,1.32e-06,0.0
holdout,0,4.17e-06,0.0
holdout,0,1.185e-05,0.0
holdout,0,7.8e-07,0.0
holdout,0,1.42e-06,0.0
holdout,0,1.04e-06,0.0
holdout,0,2.97e-06,0.0
holdout,0,1.74e-06,0.0
holdout,0,9.57e-06,0.0
holdout,0,6.71e-06,0.0
holdout,0,3.302e-05,0.0
holdout,0,5.1e-07,0.0
holdout,0,4.6e-07,0.0
holdout,0,2.74e-06,0.0
holdout,0,2.478e-05,0.0
holdout,0,6.89e-06,0.0
holdout,0,1.014e-05,0.0
holdout,0,2.55e-06,0.0
holdout,0,3.18e-06,0.0
holdout,0,3.3e-07,0.0
holdout,0,2.7e-06,0.0
holdout,0,8.1e-07,0.0
holdout,0,6.95e-06,0.0
holdout,0,8.7e-07,0.0
holdout,0,0.33174021,0.13917834
holdout,0,1.07e-06,0.0
holdout,0,1.15e-06,0.0
holdout,0,2.27e-06,0.0
holdout,0,1.33e-06,0.0
holdout,0,4.03e-06,0.0
holdout,0,1.008e-05,0.0
holdout,0,1.44e-06,0.0
holdout,0,1.117e-05,0.0
holdout,0,7.5e-07,0.0
holdout,0,5.7e-06,0.0
holdout,0,3.2e-06,0.0
holdout,0,3.9e-07,0.0
holdout,0,4.6e-07,0.0
holdout,0,3.547e-05,0.0
holdout,0,2.213e-05,0.0
holdout,0,2.762e-05,0.0
holdout,0,1.03e-06,0.0
holdout,0,1.94e-06,0.00087951
holdout,0,1.748e-05,0.0
holdout,0,1.04e-06,0.0
holdout,0,8e-07,0.0
holdout,0,1.31e-06,0.0
holdout,0,7.12e-06,0.0
holdout,0,1.31e-06,0.0
holdout,0,7.8e-07,0.0
holdout,0,1.46e-06,0.0
holdout,0,1.58e-06,0.0
holdout,0,7.1e-07,0.0
holdout,0,2.8e-06,0.0
holdout,0,4.901e-05,0.0
holdout,0,7.2e-07,0.0
holdout,0,3.36e-06,0.0
holdout,0,2.08e-06,0.0
holdout,0,8.2e-07,0.0
holdout,0,8.7e-07,0.0
holdout,0,4.76e-06,0.0
holdout,0,5.76e-05,0.00307249
holdout,0,1.307e-05,0.0
holdout,0,9.93e-06,0.0
holdout,0,3.7e-07,0.0
holdout,0,6.88e-06,0.0
holdout,0,6.136e-05,0.0
holdout,0,1.38e-06,0.0
holdout,0,1.07e-06,0.0
holdout,0,4.25e-06,0.0
holdout,0,8.47e-06,0.0
holdout,0,7.97e-06,0.0
holdout,0,6.87e-06,0.0
holdout,0,5.59e-06,0.0
holdout,0,2.43e-06,0.0
holdout,0,1.588e-05,0.0
holdout,0,7.22e-06,0.0
holdout,0,4.6e-07,0.0
holdout,0,3.68e-06,0.0
holdout,0,2.51e-06,0.0
holdout,0,5.67e-06,0.0
holdout,0,1.75e-06,0.0
holdout,0,4.31e-06,0.0
holdout,0,3.66e-06,0.0
holdout,0,6.7e-06,0.0
holdout,0,2.14e-06,0.0
holdout,0,1.24e-06,0.0
holdout,0,1.89e-06,0.0
holdout,0,1.121e-05,0.0
holdout,0,1.12e-06,0.0
holdout,0,4.73e-06,0.0
holdout,0,6.32e-06,0.00087951
holdout,0,2.07e-06,0.0
holdout,0,0.00011706,0.0
holdout,0,1.09e-06,0.0
holdout,0,1.16e-06,0.0
holdout,0,1.7e-06,0.0
holdout,0,1.1e-06,0.0
holdout,0,1.614e-05,0.00219298
holdout,0,5.1e-07,0.0
holdout,0,2.09e-06,0.0
holdout,0,1.24e-06,0.0
holdout,0,2.63e-06,0.0
holdout,0,2.63e-06,0.0
holdout,0,2.39e-06,0.0
holdout,0,3.76e-06,0.0
holdout,0,4.3e-07,0.0
holdout,0,2.491e-05,0.0
holdout,0,2.67e-06,0.0
holdout,0,5.21e-05,0.00087951
holdout,0,1.406e-05,0.0
holdout,0,6.49e-06,0.0
holdout,0,8.54e-06,0.0
holdout,0,2.46e-06,0.0
holdout,0,7.7e-07,0.0
holdout,0,3.3e-07,0.0
holdout,0,8.47e-06,0.0
holdout,0,1.64e-06,0.0
holdout,1,0.73397949,1.0
holdout,1,0.99974634,1.0
holdout,1,0.99993919,1.0
holdout,1,0.77127504,0.15018307
holdout,1,0.78470859,0.13005553
holdout,1,0.99932297,1.0
holdout,1,0.99396339,1.0
holdout,1,0.9415207,0.54364154
holdout,1,0.97926603,0.91375502
holdout,1,0.99666235,0.55104895
holdout,0,1.59e-06,0.0
holdout,1,0.99975952,1.0
holdout,1,0.99610392,0.66182336
holdout,1,0.93128626,0.45104895
holdout,1,0.69687747,0.36322392
holdout,1,0.99940653,0.99821512
holdout,1,0.99847123,0.8737026
holdout,1,0.9993294,0.54364154
holdout,1,0.99249181,0.54364154
holdout,0,2.42e-06,0.0
holdout,1,0.06551095,0.03263344
holdout,1,0.99879266,0.4992899
holdout,1,0.99895586,0.93333333
holdout,1,0.9984908,1.0
holdout,1,0.99507696,0.54364154
holdout,1,0.97818191,0.54364154
holdout,1,0.99964727,0.93051999
holdout,1,0.99986863,1.0
holdout,1,0.99369984,0.96666667
holdout,1,0.99977776,1.0
holdout,1,0.9979936,0.9
holdout,1,0.99586022,1.0
holdout,1,0.99849682,1.0
holdout,1,0.9902091,0.66923077
holdout,1,0.99767492,0.96666667
holdout,1,0.97690971,0.89259259
holdout,1,0.99953247,1.0
holdout,1,0.99987678,1.0
holdout,1,0.00101877,0.11372379
holdout,1,0.99948191,0.7025641
holdout,1,0.99991761,0.75803427
holdout,1,0.9999224,0.76923077
holdout,1,0.99992115,0.61771562
holdout,1,0.99991797,0.61771562
holdout,1,0.97847419,0.58097204
holdout,1,0.38938734,0.10853087
holdout,1,0.9980729,0.96666667
holdout,1,0.6189743,0.61771562
holdout,1,0.99972701,0.54364154
holdout,1,0.9999293,1.0
holdout,1,0.9994126,0.76976034
holdout,1,0.99991628,1.0
holdout,1,0.99993006,1.0
holdout,1,0.99990769,1.0
holdout,1,0.97786194,0.54112975
holdout,1,0.99943749,0.7567172
holdout,1,0.99452453,0.63231945
holdout,1,0.99233294,0.54700855
holdout,1,0.83392692,0.81756915
holdout,1,0.68804898,0.15481205
holdout,1,0.99068908,0.54364154
holdout,1,0.99860719,1.0
holdout,1,0.91242113,0.54364154
holdout,1,0.99720605,0.83836217
holdout,1,0.99988298,1.0
holdout,1,0.99990281,1.0
holdout,1,0.99991128,1.0
holdout,1,0.99989272,0.96666667
holdout,1,0.99986486,0.96666667
holdout,1,0.99988542,0.84848485
holdout,1,0.99940861,0.84848485
train,0,0.00012367,
train,0,7.1e-07,
train,0,4.72e-06,
train,0,5.708e-05,
train,0,3.29e-06,
train,0,0.00021984,
train,0,1.31e-06,
train,0,6.41e-06,
train,0,2.97e-05,
train,0,0.00066727,
train,0,0.00018565,
train,0,0.00267327,
train,0,3.324e-05,
train,0,1.189e-05,
train,0,4.33e-06,
train,0,3.39e-06,
train,0,2.23e-06,
train,0,1.75e-06,
train,0,3.534e-05,
train,0,1.84e-06,
train,0,2.446e-05,
train,0,6.306e-05,
train,0,0.10767067,
train,0,1.15e-05,
train,0,7.3e-07,
train,0,2.51e-05,
train,0,1.3e-06,
train,0,5.683e-05,
train,0,5.9e-07,
train,0,0.00028508,
train,0,7.677e-05,
train,0,2.18e-06,
train,0,2.36e-06,
train,0,1.4e-06,
train,0,4.1e-07,
train,0,1.781e-05,
train,0,0.00016928,
train,0,0.15018528,
train,0,1.51e-06,
train,0,0.00032479,
train,0,8.339e-05,
train,0,9.8e-07,
train,0,0.00174622,
train,0,2.487e-05,
train,0,9.715e-05,
train,0,1.89e-06,
train,0,5.992e-05,
train,0,5.67e-06,
train,0,0.00018378,
train,0,8.8e-06,
train,0,8.38e-06,
train,0,0.00225886,
train,0,3.11e-06,
train,0,4.439e-05,
train,0,0.00011398,
train,0,1.278e-05,
train,0,6.71e-06,
train,0,7.826e-05,
train,0,0.00011009,
train,0,0.00180406,
train,0,6.161e-05,
train,0,1.5e-06,
train,0,7.05e-06,
train,0,5.3e-07,
train,0,3.031e-05,
train,0,2.27e-06,
train,0,1.29e-06,
train,0,3.533e-05,
train,0,0.00294614,
train,0,1.59e-06,
train,0,0.00012682,
train,0,5.08e-06,
train,0,0.00544186,
train,0,1.248e-05,
train,0,3.68e-06,
train,0,4.7e-07,
train,0,1.362e-05,
train,0,2.601e-05,
train,0,2.478e-05,
train,0,4.9e-07,
train,0,1.786e-05,
train,0,0.00057369,
train,0,8.71e-06,
train,0,5.03e-06,
train,0,0.00010994,
train,0,1.13e-06,
train,0,6.05e-06,
train,0,0.03103796,
train,0,2.71e-06,
train,0,2.31e-06,
train,0,6.4e-07,
train,0,4.2e-06,
train,0,4.88e-06,
train,0,4.55e-06,
train,0,5.78e-06,
train,0,8.718e-05,
train,0,4.9e-05,
train,0,1.229e-05,
train,0,0.00020619,
train,0,0.00389898,
train,0,1.84e-06,
train,0,4.9e-07,
train,0,1.01e-06,
train,0,2.481e-05,
train,0,5.35e-06,
train,0,1.042e-05,
train,0,5.64e-06,
train,0,1.15e-06,
train,0,3.9e-07,
train,0,8.82e-06,
train,0,0.00685518,
train,0,0.00199815,
train,0,1.447e-05,
train,0,0.00053156,
train,0,5.7e-06,
train,0,0.00170875,
train,0,3.65e-06,
train,0,7.2e-07,
train,0,3.803e-05,
train,0,1.58e-06,
train,0,4.542e-05,
train,0,0.00762548,
train,0,2.523e-05,
train,0,3.02e-06,
train,0,2.32e-06,
train,0,0.10184491,
train,0,3.7e-07,
train,0,2.99e-06,
train,0,0.00012869,
train,0,0.00019813,
train,0,1.268e-05,
train,0,4.438e-05,
train,0,1.83e-06,
train,0,3.165e-05,
train,0,2.7e-06,
train,0,4.53e-06,
train,0,8.9e-07,
train,0,0.0005244,
train,0,8.81e-06,
train,0,0.01817016,
train,0,0.03995025,
train,0,3.095e-05,
train,0,2.07e-06,
train,0,0.000154,
train,0,7.828e-05,
train,0,3.58e-06,
train,0,0.27577639,
train,0,9.612e-05,
train,0,0.01001905,
train,0,2.44e-06,
train,0,2.053e-05,
train,0,0.00015265,
train,0,1.31e-06,
train,0,0.26605448,
train,0,1.52e-06,
train,0,4.6e-06,
train,0,0.0056732,
train,0,1.14e-06,
train,0,1.86e-06,
train,0,2.22e-06,
train,0,5.64e-06,
train,0,4.42e-06,
train,0,1.152e-05,
train,0,2.92e-06,
train,0,1.298e-05,
train,0,6.74e-06,
train,0,0.00039301,
train,0,0.0006068,
train,0,0.00011193,
train,0,2.09e-06,
train,0,2.87e-06,
train,0,1.19e-06,
train,0,4.9e-07,
train,0,1.076e-05,
train,0,5.73e-06,
train,0,6.628e-05,
train,0,2.61e-06,
train,0,8.3e-07,
train,0,0.00108478,
train,0,2.86e-06,
train,0,2.18e-06,
train,0,6.42e-06,
train,0,2.457e-05,
train,0,1.72e-06,
train,0,1.81e-06,
train,0,0.00896783,
train,0,2.579e-05,
train,0,2.608e-05,
train,0,0.00018784,
train,0,3.24e-06,
train,0,3.3e-06,
train,0,0.00722883,
train,0,1.47e-06,
train,0,0.00049856,
train,0,0.00670622,
train,0,0.03510404,
train,0,1.196e-05,
train,0,7.8e-07,
train,0,2.142e-05,
train,0,6.04e-06,
train,0,0.00084775,
train,0,6.007e-05,
train,0,8e-07,
train,0,5.5e-07,
train,0,6.77e-06,
train,0,3.47e-06,
train,0,0.00022671,
train,0,5.7e-06,
train,0,8.6e-06,
train,0,5.45e-06,
train,0,8.896e-05,
train,0,5.4e-06,
train,0,0.11518336,
train,0,5.3e-06,
train,0,5.1e-07,
train,0,5.78e-06,
train,0,6.26e-05,
train,0,3.12e-06,
train,0,1.84e-06,
train,0,4.87e-06,
train,0,3.63e-06,
train,0,7.594e-05,
train,0,0.01181082,
train,0,4.25e-06,
train,0,0.02279071,
train,0,0.00022826,
train,0,1.387e-05,
train,0,4.201e-05,
train,0,0.00010776,
train,0,0.00025887,
train,0,1.58e-06,
train,0,0.00083018,
train,0,3.43e-06,
train,0,2.198e-05,
train,0,0.16243074,
train,0,6.826e-05,
train,0,2.517e-05,
train,0,5.382e-05,
train,0,9.9e-07,
train,0,3.06e-05,
train,0,4.404e-05,
train,0,0.00083972,
train,0,1.97e-06,
train,0,5.83e-06,
train,0,3.393e-05,
train,0,2.48e-06,
train,0,9.163e-05,
train,0,0.00308425,
train,0,0.09346295,
train,0,5.682e-05,
train,0,2.53e-06,
train,0,1.36e-06,
train,0,4.02e-05,
train,0,0.01160078,
train,0,8.6e-07,
train,0,8.82e-06,
train,0,1.94e-06,
train,0,5.9e-06,
train,0,0.00017982,
train,0,6.85e-06,
train,0,1.33e-06,
train,0,4.5e-05,
train,0,5.11e-06,
train,0,8.528e-05,
train,0,1.311e-05,
train,0,3.7e-07,
train,0,1.22e-06,
train,0,4.9e-07,
train,0,4.68e-06,
train,0,2.935e-05,
train,0,1.84e-06,
train,0,2.812e-05,
train,0,4.88e-06,
train,0,3.96e-06,
train,0,1.91e-06,
train,0,4.9e-06,
train,0,1.381e-05,
train,0,5.98e-06,
train,0,6.582e-05,
train,0,1.31e-06,
train,0,1.98e-05,
train,0,0.04658067,
train,0,9.35e-06,
train,0,3.25e-05,
train,0,7.1e-07,
train,0,9.45e-06,
train,0,0.00019911,
train,0,6.7e-07,
train,0,0.00075453,
train,0,9.7e-06,
train,0,0.00061668,
train,0,1.328e-05,
train,0,1.09e-06,
train,0,2.49e-06,
train,0,3.518e-05,
train,0,3.2e-06,
train,0,2.23e-06,
train,0,4.76e-06,
train,0,0.00669577,
train,0,5.164e-05,
train,0,1.199e-05,
train,0,1.1e-06,
train,0,1.36e-06,
train,0,0.00042683,
train,0,1.718e-05,
train,0,0.0791908,
train,0,5.89e-06,
train,0,4.4e-06,
train,0,3.268e-05,
train,0,2.799e-05,
train,0,2.91e-06,
train,0,2.807e-05,
train,0,1.38e-06,
train,0,7.686e-05,
train,0,3.125e-05,
train,0,7.19e-06,
train,0,1.36e-06,
train,0,2.14e-06,
train,0,1.5e-07,
train,0,2.43e-06,
train,0,5.9e-07,
train,0,0.00281284,
train,0,1.53e-06,
train,0,1.94e-06,
train,0,8.1e-07,
train,0,7.44e-06,
train,0,7.21e-06,
train,0,5.76e-06,
train,0,4.06e-06,
train,0,8.9e-07,
train,0,6.97e-06,
train,0,0.00017866,
train,0,0.0074438,
train,0,8.92e-06,
train,0,3.695e-05,
train,0,9e-07,
train,0,8.98e-06,
train,0,1.668e-05,
train,0,0.00019145,
train,0,8.427e-05,
train,0,7.6e-06,
train,0,3.2e-06,
train,0,8.69e-06,
train,0,8.57e-06,
train,0,1.6e-07,
train,0,7.26e-06,
train,0,9.6e-07,
train,0,6e-07,
train,0,9.21e-06,
train,0,1.58e-06,
train,0,0.000116,
train,0,0.00022428,
train,0,1.12e-06,
train,0,1.03e-06,
train,0,3e-07,
train,0,0.00010516,
train,0,8.39e-06,
train,0,1.5e-06,
train,0,2.015e-05,
train,0,0.00031222,
train,0,1.063e-05,
train,0,0.00118967,
train,0,3.14e-06,
train,0,7.4e-06,
train,0,3.451e-05,
train,0,0.0817634,
train,0,3.938e-05,
train,0,2.26e-06,
train,0,5.627e-05,
train,0,1.46e-06,
train,0,2.14e-06,
train,0,6.86e-06,
train,0,5.58e-06,
train,0,2.736e-05,
train,0,7.503e-05,
train,0,3.9e-07,
train,0,0.00020547,
train,0,1.51e-06,
train,0,1.82e-06,
train,0,1.18e-06,
train,0,2.67e-06,
train,0,4.83e-06,
train,0,0.00018346,
train,0,2.01e-06,
train,0,1.945e-05,
train,0,6.2e-07,
train,0,3.35e-06,
train,0,2.35e-06,
train,0,6.339e-05,
train,0,4.12e-06,
train,0,9.92e-06,
train,0,1.14e-06,
train,0,3.3e-07,
train,0,1.1e-06,
train,0,7.51e-06,
train,0,1.06e-06,
train,0,3.51e-06,
train,0,1.95e-06,
train,0,2.17e-06,
train,0,0.00018307,
train,0,2.65e-06,
train,0,0.00029738,
train,0,7.4e-07,
train,0,2.62e-06,
train,0,4.23e-06,
train,0,7.7e-07,
train,0,2.14e-06,
train,0,2.544e-05,
train,0,3.7e-07,
train,0,7.9e-07,
train,0,1.12e-06,
train,0,1.54e-06,
train,0,8.2e-07,
train,0,2.17e-06,
train,0,1.17e-06,
train,0,1.49e-06,
train,0,9.9e-07,
train,0,1.03e-06,
train,0,2.9e-07,
train,0,1.5e-07,
train,0,2.31e-06,
train,0,8.6e-07,
train,0,4.6e-07,
train,0,3.4e-07,
train,0,2.3e-07,
train,0,2.6e-06,
train,0,1.17e-06,
train,0,1.322e-05,
train,0,3.6e-07,
train,0,0.0260801,
train,0,4.35e-06,
train,0,7.9e-07,
train,0,1.07e-06,
train,0,4.31e-05,
train,0,2.271e-05,
train,0,6.62e-06,
train,0,7.1e-07,
train,0,1.89e-06,
train,0,2.74e-06,
train,0,1.03e-06,
train,0,7.1e-07,
train,0,8.8e-06,
train,0,5.5e-06,
train,0,6.8e-07,
train,0,5.97e-06,
train,0,9e-07,
train,0,8.2e-07,
train,0,7e-07,
train,0,7.907e-05,
train,0,2.51e-06,
train,0,4.969e-05,
train,0,1.5e-06,
train,0,5.58e-06,
train,0,2.96e-06,
train,0,2.04e-06,
train,0,3.31e-06,
train,0,3.71e-06,
train,0,5.49e-06,
train,0,2.543e-05,
train,0,3.21e-06,
train,0,0.00012964,
train,0,2.13e-06,
train,0,2.27e-06,
train,0,0.00046692,
train,0,3.31e-06,
train,0,1.81e-06,
train,0,0.00045722,
train,0,0.00562264,
train,0,8.9e-07,
train,0,5.33e-06,
train,0,7.94e-06,
train,0,0.000521,
train,0,5.74e-06,
train,0,3.5e-06,
train,0,8.47e-06,
train,0,4.47e-06,
train,0,1.17e-06,
train,0,1.44e-06,
train,0,1.484e-05,
train,0,1.281e-05,
train,0,3.15e-06,
train,0,7.8e-06,
train,0,2.032e-05,
train,0,8.1e-07,
train,0,1.591e-05,
train,0,0.00019667,
train,0,0.15593529,
train,0,1.522e-05,
train,0,1.42e-06,
train,0,2.11e-06,
train,0,2.21e-06,
train,0,2.73e-06,
train,0,9.47e-06,
train,0,4.77e-06,
train,0,1.19e-06,
train,0,0.00306708,
train,0,1.42e-06,
train,0,3.3e-06,
train,0,1.57e-06,
train,0,1.47e-06,
train,0,5.65e-06,
train,0,4.92e-06,
train,0,7.32e-06,
train,0,8.38e-06,
train,0,0.00039187,
train,0,7.2e-07,
train,0,3.91e-06,
train,0,7.18e-06,
train,0,1.8e-07,
train,0,2.66e-06,
train,0,1.11e-06,
train,0,1.46e-06,
train,0,1.948e-05,
train,0,9.4e-07,
train,0,1.034e-05,
train,0,7.87e-06,
train,0,1.908e-05,
train,0,7.9e-07,
train,0,1.182e-05,
train,0,1.83e-06,
train,0,9.27e-06,
train,0,2.68e-06,
train,0,1.622e-05,
train,0,0.00041624,
train,0,1.279e-05,
train,0,7.74e-06,
train,0,1.17e-06,
train,0,0.07392022,
train,0,9.05e-06,
train,0,1.575e-05,
train,0,2.15e-06,
train,0,2.8e-07,
train,0,5.4e-06,
train,0,2.64e-06,
train,0,3.65e-06,
train,0,1.653e-05,
train,0,4.02e-06,
train,0,8e-07,
train,0,1.163e-05,
train,0,4.14e-06,
train,0,7.34e-06,
train,0,1.05e-06,
train,0,2.509e-05,
train,0,3.46e-06,
train,0,2.31e-06,
train,0,4.91e-06,
train,0,3.012e-05,
train,0,1.012e-05,
train,0,0.00078331,
train,0,5.26e-06,
train,0,2.04e-06,
train,0,2.605e-05,
train,0,5.28e-06,
train,0,2.135e-05,
train,0,1.76e-06,
train,0,2.3e-06,
train,0,1.34e-06,
train,0,2.75e-06,
train,0,1.502e-05,
train,0,0.00023671,
train,0,1.463e-05,
train,0,1.54e-06,
train,0,0.00016806,
train,0,1.637e-05,
train,0,7.15e-06,
train,0,2.7e-06,
train,0,5.28e-06,
train,0,3.2e-07,
train,0,5.8e-07,
train,0,6.93e-06,
train,0,3.563e-05,
train,0,1.75e-06,
train,0,0.09285653,
train,0,0.00022987,
train,0,1.352e-05,
train,0,2.79e-06,
train,0,8.947e-05,
train,0,1.03e-06,
train,0,0.01114361,
train,0,9.11e-06,
train,0,2.72e-06,
train,0,1.928e-05,
train,0,3.3e-06,
train,0,1.133e-05,
train,0,3.57e-06,
train,0,1.488e-05,
train,0,1.546e-05,
train,0,4.034e-05,
train,0,1.097e-05,
train,0,1.96e-05,
train,0,1.947e-05,
train,0,0.00066617,
train,0,0.00096828,
train,0,3.065e-05,
train,0,7.6e-07,
train,0,3.074e-05,
train,0,2.26e-06,
train,0,2.96e-06,
train,0,7.05e-06,
train,0,3.76e-06,
train,0,0.00011355,
train,0,0.00036071,
train,0,2.01e-06,
train,0,2e-07,
train,0,8.4e-07,
train,0,2.27e-06,
train,0,3.95e-06,
train,0,3.4e-07,
train,0,8.7e-07,
train,0,2.252e-05,
train,0,0.00031408,
train,0,1.02e-06,
train,0,0.00019847,
train,0,1.02e-06,
train,0,2.3e-06,
train,0,3.216e-05,
train,0,7.81e-06,
train,0,7.48e-06,
train,0,5.65e-06,
train,0,5.2e-06,
train,0,2.44e-06,
train,0,3.13e-06,
train,0,1.188e-05,
train,0,2.56e-06,
train,0,6.11e-06,
train,0,2.92e-06,
train,0,3.069e-05,
train,0,3.589e-05,
train,0,4.45e-06,
train,0,2.034e-05,
train,0,2.99e-06,
train,0,1.496e-05,
train,0,6.23e-06,
train,0,7.12e-06,
train,0,2.369e-05,
train,0,9.6e-07,
train,0,1.18e-06,
train,0,1.77e-06,
train,0,0.02634262,
train,0,4.3e-07,
train,0,7e-07,
train,0,0.00030876,
train,0,0.00048641,
train,0,4.65e-06,
train,0,4.07e-06,
train,0,3.43e-06,
train,0,2.19e-06,
train,0,6.02e-06,
train,0,0.00018334,
train,0,0.00117093,
train,0,3.54e-06,
train,0,1.88e-06,
train,0,9.3e-06,
train,0,1.06e-06,
train,0,0.00031745,
train,0,2.39e-06,
train,0,6.2e-06,
train,0,0.00027258,
train,0,1.2e-06,
train,0,1.64e-06,
train,0,1.213e-05,
train,0,2.34e-06,
train,0,0.00666663,
train,0,6.01e-06,
train,0,1.18e-06,
train,0,3.744e-05,
train,0,7.68e-06,
train,0,0.00044458,
train,0,0.00095531,
train,0,1.681e-05,
train,0,5.78e-06,
train,0,8.604e-05,
train,0,4.9e-07,
train,0,1.175e-05,
train,0,7.1e-07,
train,0,2.87e-06,
train,0,1.42e-06,
train,0,1.1e-06,
train,0,5.5e-07,
train,0,1.9e-06,
train,0,6.69e-06,
train,0,3.07e-06,
train,0,1.253e-05,
train,0,1.96e-06,
train,0,1.24e-06,
train,0,0.00010211,
train,0,2.55e-06,
train,0,2.08e-06,
train,0,1.57e-06,
train,0,4.1e-07,
train,0,6.5e-06,
train,0,2.78e-06,
train,0,4.9e-07,
train,0,9.97e-06,
train,0,7.7e-07,
train,0,7.12e-06,
train,0,3.6e-07,
train,0,1.94e-06,
train,0,1.8e-07,
train,0,6.3e-07,
train,0,7.5e-07,
train,0,1.89e-06,
train,0,2.21e-06,
train,0,1.36e-06,
train,0,1.47e-06,
train,0,9.4e-07,
train,0,3.1e-07,
train,0,2.07e-06,
train,0,1.72e-06,
train,0,6.4e-07,
train,0,4.9e-07,
train,0,3.72e-06,
train,0,1.02e-05,
train,0,2.07e-06,
train,0,1.78e-06,
train,0,6.9e-07,
train,0,7.405e-05,
train,0,6.8e-07,
train,0,5.4e-07,
train,0,3.7e-07,
train,0,4.58e-06,
train,0,0.00012238,
train,0,1.67e-06,
train,0,1.03e-06,
train,0,6.9e-07,
train,0,4.2e-07,
train,0,7e-07,
train,0,3.9e-06,
train,0,1.42e-05,
train,0,5.3e-07,
train,0,1.09e-06,
train,0,3.66e-06,
train,0,1.26e-06,
train,0,1.04e-06,
train,0,1.54e-06,
train,0,1.12e-06,
train,0,7.5e-07,
train,0,0.00107679,
train,0,7.3e-07,
train,0,4.2e-07,
train,0,5.4e-07,
train,0,3.24e-06,
train,0,3.35e-06,
train,0,3.48e-06,
train,0,2.06e-06,
train,0,1.8e-07,
train,0,1.88e-06,
train,0,2.14e-06,
train,0,7.372e-05,
train,0,2.55e-06,
train,0,1.36e-06,
train,0,7.54e-06,
train,0,2.26e-06,
train,0,0.0243114,
train,0,0.00078138,
train,0,7.2e-07,
train,0,2.35e-05,
train,0,7.69e-06,
train,0,2.71e-06,
train,0,1.372e-05,
train,0,3.01e-06,
train,0,4.19e-06,
train,0,5.4e-07,
train,0,5.12e-06,
train,0,5.05e-06,
train,0,7.45e-06,
train,0,2.358e-05,
train,0,0.00096102,
train,0,5.33e-06,
train,0,6.03e-05,
train,0,0.0054585,
train,0,3.6e-06,
train,0,0.0001638,
train,0,4.38e-06,
train,0,0.00021661,
train,0,0.00417036,
train,0,0.00023354,
train,0,3.1e-07,
train,0,2.62e-06,
train,0,0.00011544,
train,0,7.1e-07,
train,0,0.00016183,
train,0,5.71e-06,
train,0,4.24e-06,
train,0,1.059e-05,
train,0,2.11e-05,
train,0,5e-07,
train,0,5.62e-06,
train,0,2.03e-06,
train,0,1.92e-06,
train,0,0.00011228,
train,0,1.48e-06,
train,0,2.273e-05,
train,0,0.00637895,
train,0,5.32e-06,
train,0,7e-07,
train,0,1.74e-06,
train,0,6.7e-07,
train,0,0.1311772,
train,0,1.247e-05,
train,0,1.28e-06,
train,0,9.36e-06,
train,0,3.9e-07,
train,0,4.82e-06,
train,0,2.597e-05,
train,0,3.84e-06,
train,0,4e-06,
train,0,5.12e-06,
train,0,3.12e-06,
train,0,9.4e-07,
train,0,0.00164864,
train,0,4.63e-06,
train,0,7.89e-06,
train,0,1.056e-05,
train,0,1.279e-05,
train,0,4.815e-05,
train,0,4.3e-07,
train,0,3.17e-06,
train,0,9.179e-05,
train,0,5.7e-07,
train,0,6.2e-07,
train,0,0.00015955,
train,0,6.6e-07,
train,0,0.00030805,
train,0,1.858e-05,
train,0,5.65e-06,
train,0,5.52e-06,
train,0,9.081e-05,
train,0,2.17e-06,
train,0,0.0021747,
train,0,0.00025158,
train,0,0.00038016,
train,0,7.903e-05,
train,0,1.1e-06,
train,0,1.57e-06,
train,0,1.92e-06,
train,0,0.00068278,
train,0,6.83e-06,
train,0,0.00728174,
train,0,6.91e-06,
train,0,1.93e-06,
train,0,9.52e-06,
train,0,6.3e-06,
train,0,7.4e-07,
train,0,4.44e-06,
train,1,0.9983776,
train,0,6.28e-06,
train,0,0.01250384,
train,0,4.35e-06,
train,0,1.8e-06,
train,0,0.00037535,
train,0,5.84e-06,
train,0,9.84e-06,
train,1,0.99989752,
train,0,1.183e-05,
train,0,5.98e-06,
train,0,6.8e-07,
train,0,2.776e-05,
train,0,3.72e-06,
train,0,0.00011168,
train,0,1.76e-06,
train,0,1.72e-06,
train,0,6.24e-06,
train,0,5.06e-06,
train,0,2.32e-06,
train,0,0.00169802,
train,0,2.54e-06,
train,0,4.35e-06,
train,0,6.11e-06,
train,0,7.4e-07,
train,0,4.96e-06,
train,0,1.234e-05,
train,0,8.04e-06,
train,0,0.00022754,
train,0,2.03e-05,
train,0,1.19e-06,
train,1,0.99455796,
train,1,0.99987467,
train,1,0.99993616,
train,0,2.57e-06,
train,1,0.99993674,
train,1,0.99993674,
train,0,2.01e-06,
train,0,6.8e-07,
train,0,6.6e-07,
train,0,5.53e-06,
train,0,1.791e-05,
train,0,0.04325981,
train,0,1.42e-06,
train,0,1.108e-05,
train,0,4.791e-05,
train,0,4.02e-06,
train,0,1.61e-06,
train,0,1.63e-06,
train,0,3.31e-06,
train,0,0.00105653,
train,0,3.336e-05,
train,0,1.89e-06,
train,0,0.00026948,
train,0,3.22e-06,
train,0,6.9e-07,
train,0,5.7e-06,
train,0,0.89091911,
train,0,2.99e-06,
train,0,0.12475024,
train,0,1.095e-05,
train,0,8.55e-06,
train,0,2.65e-06,
train,0,1.19e-06,
train,0,0.00339084,
train,0,1.46e-06,
train,0,3.5e-06,
train,0,0.00012822,
train,0,6.8e-06,
train,0,7.3e-07,
train,0,2.014e-05,
train,0,1.512e-05,
train,0,1.392e-05,
train,0,7.01e-06,
train,0,0.06068308,
train,0,6.93e-06,
train,0,3.31e-06,
train,0,1.4e-06,
train,0,3.57e-06,
train,0,2.77e-06,
train,0,2.58e-06,
train,0,1.25e-06,
train,0,5.018e-05,
train,0,3.1e-07,
train,0,2.92e-06,
train,0,6.428e-05,
train,0,2.99e-06,
train,0,7.3e-07,
train,0,3.512e-05,
train,0,7.85e-06,
train,0,1.69e-06,
train,0,8.501e-05,
train,0,3.779e-05,
train,0,2.33e-06,
train,0,2.02e-06,
train,0,9.384e-05,
train,0,0.00011847,
train,0,2.63e-06,
train,0,0.00028284,
train,0,5.27e-06,
train,0,0.00024199,
train,0,1.61e-06,
train,0,2.63e-06,
train,0,1.849e-05,
train,0,1.56e-06,
train,0,3.09e-06,
train,0,1.12e-06,
train,0,0.00040525,
train,0,2.34e-06,
train,0,0.00028301,
train,0,5.08e-06,
train,0,1e-05,
train,0,1.48e-06,
train,0,9.5e-07,
train,0,6.9e-06,
train,0,0.00038442,
train,0,1.62e-06,
train,0,4.327e-05,
train,0,1.61e-06,
train,0,3.29e-06,
train,0,2.03e-06,
train,0,3.25e-06,
train,0,8.95e-06,
train,0,3.6e-07,
train,0,9.8e-07,
train,0,3.27e-06,
train,0,6.76e-06,
train,0,3.81e-06,
train,0,3.94e-06,
train,0,1.75e-06,
train,0,0.00034944,
train,0,5.26e-06,
train,0,2.19e-06,
train,0,4.96e-06,
train,0,0.00343506,
train,0,6.98e-06,
train,0,2.299e-05,
train,0,9.23e-06,
train,0,4.76e-06,
train,0,2.4e-06,
train,0,1.86e-05,
train,0,0.00067448,
train,0,2.98e-06,
train,0,3.754e-05,
train,0,2.68e-06,
train,0,7.75e-06,
train,0,4.22e-06,
train,0,8.28e-06,
train,0,9.611e-05,
train,0,2.74e-06,
train,0,1.64e-05,
train,0,1.17e-06,
train,0,3.982e-05,
train,0,7.1e-07,
train,0,7.81e-06,
train,0,3.28e-06,
train,0,2.47e-06,
train,0,3.484e-05,
train,0,7.24e-06,
train,0,2.62e-06,
train,0,3.8e-07,
train,0,3.878e-05,
train,0,8.12e-06,
train,0,3.91e-06,
train,0,1.804e-05,
train,0,8.65e-06,
train,0,2.15e-06,
train,0,6.93e-06,
train,0,4.66e-06,
train,0,0.00068351,
train,0,1.171e-05,
train,0,0.00023257,
train,0,1.244e-05,
train,0,2.39e-06,
train,0,4.913e-05,
train,0,8.78e-06,
train,0,0.00016514,
train,0,5.27e-06,
train,0,6.4e-07,
train,0,6.62e-06,
train,0,4.9e-07,
train,0,2.95e-06,
train,0,1.148e-05,
train,0,3.1e-06,
train,0,1.51e-06,
train,0,4.216e-05,
train,0,1.623e-05,
train,0,5.18e-06,
train,0,1.16e-06,
train,0,3.28e-06,
train,0,4.28e-06,
train,0,5.77e-06,
train,0,1.09e-06,
train,0,1.4e-06,
train,0,9.492e-05,
train,0,1.37e-06,
train,0,1.44e-06,
train,0,2.41e-06,
train,0,5.87e-06,
train,0,2.59e-06,
train,0,0.00056869,
train,0,6.72e-06,
train,0,1.519e-05,
train,0,1.306e-05,
train,0,4.7e-07,
train,0,1.47e-06,
train,0,1.74e-06,
train,0,1.28e-06,
train,0,1.13e-06,
train,0,8.315e-05,
train,0,3.35e-06,
train,0,2.8e-06,
train,0,9e-06,
train,0,1.65e-06,
train,0,2.7e-06,
train,0,1.51e-06,
train,0,1.276e-05,
train,0,2.132e-05,
train,0,2.46e-06,
train,0,4.32e-06,
train,0,6.66e-06,
train,0,1.354e-05,
train,0,1.81e-06,
train,0,1.069e-05,
train,0,3.25e-06,
train,0,6.41e-06,
train,0,8.4e-07,
train,0,3.01e-06,
train,0,9.1e-07,
train,0,6.1e-07,
train,0,7.03e-06,
train,0,3.2e-07,
train,0,0.00014979,
train,0,5.12e-06,
train,0,4.83e-06,
train,0,1.87e-06,
train,0,1.5e-07,
train,0,6.89e-06,
train,0,2.81e-06,
train,0,9.92e-06,
train,0,1.62e-06,
train,0,3.995e-05,
train,0,3.4e-07,
train,0,1.56e-06,
train,0,0.00089165,
train,0,6.3e-07,
train,0,7.4e-07,
train,0,1.65e-06,
train,0,3.4e-07,
train,0,4.01e-06,
train,0,0.00012242,
train,0,4.29e-06,
train,0,1.8e-07,
train,0,0.00502137,
train,0,1.59e-06,
train,0,1.44e-06,
train,0,2.559e-05,
train,0,4.68e-06,
train,0,1.66e-06,
train,0,9.8e-07,
train,0,0.00720014,
train,0,9.46e-06,
train,0,8.7e-07,
train,0,3.47e-06,
train,0,1.911e-05,
train,0,8.8e-07,
train,0,1.14e-06,
train,0,8.2e-07,
train,0,3.82e-06,
train,0,4.5e-07,
train,0,1.039e-05,
train,0,2.9e-07,
train,0,4.1e-07,
train,0,2.24e-06,
train,0,1.21e-06,
train,0,5.8e-07,
train,0,0.0001268,
train,0,1.88e-06,
train,0,7.2e-07,
train,0,3.98e-06,
train,0,4.39e-06,
train,0,9.3e-07,
train,0,0.00018692,
train,0,1.29e-06,
train,0,1.27e-05,
train,0,1.548e-05,
train,0,1.72e-06,
train,0,3.25e-06,
train,0,3.28e-06,
train,0,1.26e-06,
train,0,5.43e-06,
train,0,5.57e-06,
train,0,3.86e-06,
train,0,1.12e-06,
train,0,5.35e-06,
train,0,9.7e-07,
train,0,2.46e-06,
train,0,2.127e-05,
train,0,3.15e-06,
train,0,3.07e-05,
train,0,1.88e-06,
train,0,8.4e-07,
train,0,0.00021346,
train,0,6e-07,
train,0,1.96e-06,
train,0,3.28e-06,
train,0,5.64e-06,
train,0,1.21e-06,
train,0,2.12e-06,
train,0,2.79e-06,
train,0,7.4e-07,
train,0,3.6e-06,
train,0,8.6e-07,
train,0,0.00011873,
train,0,6.27e-05,
train,0,1.87e-06,
train,0,1.66e-06,
train,0,2.762e-05,
train,0,8.8e-07,
train,0,7.48e-06,
train,0,8.77e-06,
train,0,1.663e-05,
train,0,0.41800298,
train,0,8.21e-06,
train,0,0.00051768,
train,0,3.9e-07,
train,0,5.524e-05,
train,0,3.888e-05,
train,0,6.622e-05,
train,0,2.83e-06,
train,0,1.11e-06,
train,0,4.07e-06,
train,0,2.8e-06,
train,0,1.665e-05,
train,0,1.24e-06,
train,0,0.00054418,
train,0,3.9e-07,
train,0,3.53e-06,
train,0,7.49e-06,
train,0,4.65e-06,
train,0,9.733e-05,
train,0,1.25e-06,
train,0,2.4e-06,
train,0,1.31e-06,
train,0,2.07e-06,
train,0,1.798e-05,
train,0,0.0001037,
train,0,4.1e-07,
train,0,2.16e-06,
train,0,1.84e-06,
train,0,2.53e-06,
train,0,7.2e-07,
train,0,1.48e-06,
train,0,9.04e-06,
train,0,5.299e-05,
train,0,1.14e-06,
train,0,6.06e-06,
train,0,4.38e-06,
train,0,7.69e-06,
train,0,1.698e-05,
train,0,1.174e-05,
train,0,1.85e-06,
train,0,1.53e-06,
train,0,0.00070373,
train,0,0.01382482,
train,0,0.00132357,
train,0,1.59e-06,
train,0,2.826e-05,
train,0,1.175e-05,
train,0,2.53e-06,
train,0,1.281e-05,
train,0,6.7e-07,
train,0,0.00130318,
train,0,3.42e-06,
train,0,6.18e-06,
train,0,1.29e-06,
train,0,4.83e-06,
train,0,0.00010312,
train,0,0.00011392,
train,0,2.54e-06,
train,0,6.3e-07,
train,0,2.442e-05,
train,0,0.0006039,
train,0,5.8e-07,
train,0,5e-07,
train,0,3.41e-06,
train,0,3.633e-05,
train,0,1.23e-06,
train,0,2.18e-06,
train,0,0.00011013,
train,0,5e-05,
train,0,1.53e-06,
train,0,9.59e-06,
train,0,5.39e-06,
train,0,1.32e-06,
train,0,1.64e-06,
train,0,0.00019889,
train,0,2.41e-06,
train,0,9.248e-05,
train,0,6e-07,
train,0,6.552e-05,
train,0,1.96e-06,
train,0,3.48e-06,
train,0,1.89e-06,
train,0,2.97e-06,
train,0,9.05e-05,
train,0,6.6e-07,
train,0,1.55e-06,
train,0,3.1e-07,
train,0,2.08e-06,
train,0,0.01726431,
train,0,1.349e-05,
train,0,2.9e-06,
train,0,1.82e-06,
train,0,7.5e-07,
train,0,4.16e-06,
train,0,8.1e-07,
train,0,1.16e-06,
train,0,1.1e-06,
train,0,5.73e-06,
train,0,2.98e-06,
train,0,1.267e-05,
train,0,1.968e-05,
train,0,9.5e-07,
train,0,2.47e-06,
train,0,2.76e-06,
train,0,1.77e-06,
train,0,2.4e-07,
train,0,3.732e-05,
train,0,2.57e-06,
train,0,0.00059641,
train,0,8.8e-07,
train,0,5.47e-06,
train,0,2.367e-05,
train,0,2.04e-06,
train,0,1.063e-05,
train,0,1.923e-05,
train,0,8.5e-07,
train,0,3.87e-06,
train,0,2.197e-05,
train,0,0.00018138,
train,0,0.00726576,
train,0,1.435e-05,
train,0,0.00877548,
train,0,5.04e-06,
train,0,1.02e-06,
train,0,3.87e-06,
train,0,3.31e-06,
train,0,2.185e-05,
train,0,7.2e-07,
train,0,5.69e-06,
train,0,4.52e-06,
train,0,2.27e-06,
train,0,1.64e-05,
train,0,1.76e-06,
train,0,2.05e-06,
train,0,1.82e-06,
train,0,1.06e-05,
train,0,2.02e-05,
train,0,6.4e-07,
train,0,2.36e-06,
train,0,1.309e-05,
train,0,0.01349269,
train,0,1.59e-06,
train,0,5.819e-05,
train,0,2.07e-06,
train,0,4.86e-06,
train,0,3.89e-06,
train,0,9.9e-07,
train,0,1.92e-05,
train,0,2.56e-06,
train,0,5.6e-07,
train,0,1.835e-05,
train,0,2.36e-06,
train,0,3.456e-05,
train,0,5.61e-06,
train,0,1.37e-06,
train,1,0.99946741,
train,0,1.392e-05,
train,0,7.872e-05,
train,0,0.00015171,
train,0,1.08e-05,
train,0,3.405e-05,
train,0,1.71e-06,
train,0,5.5e-06,
train,0,0.00629483,
train,0,6.16e-06,
train,0,4.25e-06,
train,0,6.02e-06,
train,0,5.4e-06,
train,0,3.69e-06,
train,0,9e-06,
train,0,3.2e-06,
train,0,9.33e-06,
train,0,1.4e-06,
train,0,6.7e-06,
train,0,0.00023527,
train,0,4.21e-06,
train,0,4.65e-06,
train,0,2.86e-06,
train,0,8.853e-05,
train,0,2.116e-05,
train,0,2.76e-06,
train,0,7.57e-06,
train,0,3.35e-06,
train,0,1.63e-06,
train,0,2.09e-06,
train,0,0.00416062,
train,0,1.1e-06,
train,0,4.643e-05,
train,0,5.93e-06,
train,0,7.925e-05,
train,0,1.8e-06,
train,0,0.00063235,
train,0,6.4e-06,
train,0,2.982e-05,
train,0,4.13e-06,
train,0,0.00022245,
train,0,2.8e-06,
train,0,1.062e-05,
train,0,1.392e-05,
train,0,2.495e-05,
train,0,3.35e-06,
train,0,0.01565911,
train,0,5.03e-06,
train,0,3.1e-06,
train,0,5.441e-05,
train,0,1.022e-05,
train,0,0.00227413,
train,0,2.63e-06,
train,0,1.06e-06,
train,0,7.39e-06,
train,0,1.9e-06,
train,0,0.00103246,
train,0,5.62e-06,
train,0,6.35e-06,
train,0,1.96e-06,
train,0,7.7e-07,
train,0,2.13e-06,
train,0,1.23e-05,
train,0,0.00232102,
train,0,0.42743535,
train,0,1.278e-05,
train,0,2.49e-06,
train,0,3.642e-05,
train,0,1.02e-06,
train,0,2.94e-06,
train,0,2.14e-06,
train,0,2.17e-06,
train,0,0.00010767,
train,0,4.6e-07,
train,0,1.22e-05,
train,0,4.41e-06,
train,0,5.26e-06,
train,0,1.278e-05,
train,0,1e-06,
train,0,2.44e-06,
train,0,1.67e-06,
train,0,1.61e-06,
train,0,5.5e-07,
train,0,8.8e-07,
train,0,0.00028799,
train,0,6.9e-07,
train,0,1.216e-05,
train,0,3.21e-06,
train,0,3.34e-06,
train,0,1.042e-05,
train,0,6.28e-06,
train,0,0.00337918,
train,0,7.75e-06,
train,0,6.74e-06,
train,0,3.87e-06,
train,0,5.14e-06,
train,0,5.06e-06,
train,0,1.327e-05,
train,0,3.02e-06,
train,0,4.111e-05,
train,0,5.217e-05,
train,0,1.12e-06,
train,0,5.188e-05,
train,0,0.13596946,
train,0,3.1e-06,
train,0,7.7e-07,
train,0,0.0003323,
train,0,2.78e-06,
train,0,1.073e-05,
train,0,9.109e-05,
train,0,2.399e-05,
train,0,1.55e-06,
train,0,2.8e-06,
train,0,2.51e-06,
train,0,2.74e-06,
train,0,0.00020981,
train,0,0.00034543,
train,0,1.142e-05,
train,0,1.39e-05,
train,0,1.165e-05,
train,0,2.21e-06,
train,0,0.00060856,
train,0,6e-07,
train,0,1.7e-06,
train,0,0.00264222,
train,0,1.773e-05,
train,0,0.0762952,
train,0,1.091e-05,
train,0,4.86e-06,
train,0,2.332e-05,
train,0,5.3e-06,
train,0,5.34e-06,
train,0,7.56e-05,
train,0,0.0006752,
train,0,1.99e-06,
train,0,2.22e-06,
train,0,1.824e-05,
train,0,0.00011144,
train,0,1.9e-06,
train,0,1.976e-05,
train,0,3.95e-06,
train,0,1.94e-06,
train,0,8.05e-05,
train,0,1.505e-05,
train,0,3.7e-07,
train,0,1.72e-06,
train,0,1.28e-06,
train,0,2.307e-05,
train,0,0.00072067,
train,0,2.7e-06,
train,0,7.7e-07,
train,0,1.02e-06,
train,0,1.39e-06,
train,0,7.57e-06,
train,0,3.195e-05,
train,0,1.47e-06,
train,0,0.0472918,
train,0,6.36e-06,
train,0,1.31e-06,
train,0,4.706e-05,
train,0,6.278e-05,
train,0,7.768e-05,
train,0,0.00033556,
train,0,5.85e-06,
train,0,5.798e-05,
train,0,4.21e-06,
train,0,1.542e-05,
train,0,2.85e-06,
train,0,5.39e-06,
train,0,5.2e-06,
train,0,6.15e-06,
train,0,7.881e-05,
train,0,1.43e-06,
train,0,3.46e-06,
train,0,2.17e-06,
train,0,1.024e-05,
train,0,4.2e-07,
train,0,2.6e-06,
train,0,9.1e-07,
train,0,3.03e-06,
train,0,6.6e-07,
train,0,5.09e-06,
train,0,3.01e-06,
train,0,4.403e-05,
train,0,1.217e-05,
train,0,2.658e-05,
train,0,2.69e-06,
train,0,4.59e-06,
train,0,1.11e-06,
train,0,7.29e-06,
train,0,3.89e-06,
train,0,8.006e-05,
train,0,2.8e-05,
train,1,0.9985652,
train,0,0.08272573,
train,0,2.733e-05,
train,0,2.41e-06,
train,0,9.24e-06,
train,0,5.12e-06,
train,0,6.044e-05,
train,0,3.6e-07,
train,0,2.07e-06,
train,0,9.44e-06,
train,0,9.7e-07,
train,0,1.381e-05,
train,0,9.7e-07,
train,0,2.533e-05,
train,0,2.94e-06,
train,0,4.06e-05,
train,0,2.34e-06,
train,0,7.76e-06,
train,0,2.443e-05,
train,0,8.6e-07,
train,0,3.7e-07,
train,0,1.47e-05,
train,0,1.6e-06,
train,0,9.43e-06,
train,0,0.37330488,
train,0,3.95e-06,
train,0,1.32e-06,
train,0,0.01434028,
train,0,3.37e-06,
train,0,9.9e-07,
train,0,7.31e-06,
train,0,1.1e-06,
train,0,0.00069148,
train,0,5.3e-07,
train,0,2.87e-06,
train,0,2.17e-06,
train,0,2.42e-06,
train,0,2.716e-05,
train,0,4.1e-07,
train,0,5.65e-06,
train,0,0.00035153,
train,0,1.07e-06,
train,0,2.59e-06,
train,0,4.85e-06,
train,0,8.16e-06,
train,0,3.25e-06,
train,0,1.84e-06,
train,0,1.85e-06,
train,0,1.45e-06,
train,0,9.42e-06,
train,0,1.54e-06,
train,0,6.9e-07,
train,0,1.5e-07,
train,0,1.42e-06,
train,0,1.37e-06,
train,0,8.3e-07,
train,0,1.51e-06,
train,0,4.56e-06,
train,0,1.28e-06,
train,0,1.092e-05,
train,0,2.61e-06,
train,0,0.00103023,
train,0,5.6e-07,
train,0,1.42e-06,
train,0,8.88e-06,
train,0,4.62e-06,
train,0,5.306e-05,
train,0,1.58e-06,
train,0,2.56e-06,
train,0,2.28e-06,
train,0,7.98e-06,
train,0,4.2e-07,
train,0,3.6e-07,
train,0,3.8e-07,
train,0,6.7e-07,
train,0,7.4e-07,
train,0,1.9e-07,
train,0,2.5e-07,
train,0,2.4e-07,
train,0,2e-07,
train,0,9.5e-07,
train,0,1.66e-06,
train,0,4.046e-05,
train,0,1.88e-06,
train,0,5.8e-07,
train,0,3.1e-07,
train,0,2.22e-06,
train,0,4.1e-07,
train,0,7.3e-07,
train,0,3.6e-07,
train,0,4.42e-06,
train,0,8.8e-07,
train,0,8.7e-07,
train,0,6.01e-06,
train,0,9.3e-07,
train,0,5e-07,
train,0,1.43e-06,
train,0,4.47e-06,
train,0,1.34e-06,
train,0,1.37e-06,
train,0,5.19e-06,
train,0,3.3e-07,
train,0,2.1e-06,
train,0,1.3e-06,
train,0,2.07e-06,
train,0,1.52e-06,
train,0,1.48e-06,
train,0,3.03e-06,
train,0,2.18e-06,
train,0,5.75e-06,
train,0,4.42e-06,
train,0,1.98e-06,
train,0,1.098e-05,
train,0,1.01e-06,
train,0,8.5e-07,
train,0,1.06e-06,
train,0,8.49e-06,
train,0,2.24e-06,
train,0,7e-07,
train,0,1.476e-05,
train,0,3.49e-06,
train,0,3.23e-06,
train,0,5.8e-07,
train,0,8.18e-06,
train,0,1.089e-05,
train,0,6.44e-06,
train,0,5.2e-07,
train,0,4.9e-07,
train,0,4.8e-07,
train,0,1.09e-06,
train,0,1.818e-05,
train,0,6.78e-06,
train,0,5.98e-06,
train,0,7.86e-06,
train,0,1.07e-06,
train,0,2.25e-06,
train,0,1.071e-05,
train,0,6.7e-07,
train,0,1.01e-06,
train,0,4.9e-07,
train,0,8.84e-05,
train,0,2.8e-06,
train,0,4.3e-07,
train,0,7.91e-06,
train,0,4.1e-06,
train,0,1.28e-06,
train,0,5.3e-07,
train,0,3.03e-06,
train,0,4.3e-07,
train,0,4.4e-07,
train,0,5.69e-06,
train,0,1.16e-06,
train,0,2.34e-06,
train,0,6.5e-07,
train,0,1e-06,
train,0,5.8e-07,
train,0,6.59e-06,
train,0,2.995e-05,
train,0,3.02e-06,
train,1,0.99373767,
train,0,5.154e-05,
train,0,3.53e-06,
train,0,0.51118802,
train,0,4.95e-06,
train,0,2.56e-06,
train,0,4.136e-05,
train,0,1.68e-06,
train,0,1.09e-05,
train,0,5.71e-06,
train,0,3.54e-06,
train,0,2.328e-05,
train,0,2.06e-06,
train,0,1.43e-06,
train,0,3.4e-07,
train,0,2.03e-06,
train,0,2.066e-05,
train,0,1.268e-05,
train,0,0.40257627,
train,0,1.29e-06,
train,0,1.54e-06,
train,0,6.93e-06,
train,0,2.84e-06,
train,0,0.00014697,
train,0,6.81e-06,
train,0,9.77e-06,
train,0,7.34e-06,
train,0,9.43e-06,
train,0,3.69e-06,
train,0,6.6e-07,
train,0,1.63e-06,
train,0,6.877e-05,
train,0,2.12e-06,
train,0,1.839e-05,
train,0,1.67e-06,
train,0,4.612e-05,
train,0,0.00547704,
train,0,1e-06,
train,0,3.55e-06,
train,0,3.23e-06,
train,0,1.54e-05,
train,0,4.61e-06,
train,0,2.14e-06,
train,0,1.09e-06,
train,0,2.27e-06,
train,0,7.43e-06,
train,0,2e-07,
train,0,6.19e-06,
train,0,2.47e-06,
train,0,1.537e-05,
train,0,4.68e-06,
train,0,2.12e-06,
train,0,6.65e-06,
train,0,7.59e-06,
train,0,3.388e-05,
train,0,3.62e-06,
train,0,6.4e-07,
train,0,3e-06,
train,0,1.137e-05,
train,0,0.00161072,
train,0,9.9e-07,
train,0,6.721e-05,
train,0,0.00011777,
train,0,2.97e-06,
train,0,2.52e-06,
train,0,5.25e-06,
train,0,9.84e-06,
train,0,2.069e-05,
train,0,1.117e-05,
train,0,1.01e-06,
train,0,7.35e-06,
train,0,1.704e-05,
train,0,1.21e-06,
train,0,2.839e-05,
train,0,9.85e-06,
train,0,1.379e-05,
train,0,3.32e-06,
train,0,2.13e-05,
train,0,1.355e-05,
train,0,7.1e-07,
train,0,2.905e-05,
train,0,2.08e-06,
train,0,0.0035031,
train,0,4.048e-05,
train,0,8.71e-06,
train,0,4.9e-07,
train,0,1.47e-06,
train,0,7.33e-06,
train,0,3.111e-05,
train,0,1.13e-06,
train,0,2.35e-06,
train,0,1.18e-06,
train,0,6.8e-07,
train,0,3.83e-06,
train,0,1.327e-05,
train,0,2.706e-05,
train,0,3.999e-05,
train,0,5.02e-06,
train,0,2.03e-05,
train,0,2.33e-06,
train,0,4.11e-06,
train,0,2.1e-06,
train,0,2.17e-06,
train,0,6.7e-07,
train,0,8e-07,
train,0,7.832e-05,
train,0,4.03e-06,
train,0,2.718e-05,
train,0,2.84e-06,
train,0,2.79e-06,
train,0,3.1e-07,
train,0,3.68e-06,
train,0,1.87e-06,
train,0,2.83e-06,
train,0,4.52e-06,
train,0,2.16e-06,
train,0,5.3e-07,
train,0,1.31e-06,
train,0,8.7e-07,
train,0,0.00030188,
train,0,2.76e-06,
train,0,1.12e-06,
train,0,2.36e-06,
train,0,1.33e-06,
train,0,7.447e-05,
train,0,1.69e-06,
train,0,4.83e-06,
train,0,2.9e-06,
train,0,1.07e-05,
train,0,1.4e-06,
train,0,1.372e-05,
train,0,1.815e-05,
train,0,1.18e-06,
train,0,3.92e-06,
train,0,2e-06,
train,0,3.86e-06,
train,0,1.8e-06,
train,0,1.587e-05,
train,0,1.41e-06,
train,0,6.93e-06,
train,0,9.32e-06,
train,0,3.26e-06,
train,0,3.334e-05,
train,0,1.37e-06,
train,0,4.61e-06,
train,0,2.61e-06,
train,0,0.00023538,
train,0,9.2e-07,
train,0,7.5e-06,
train,0,2.086e-05,
train,0,6.05e-06,
train,0,4.09e-06,
train,0,0.00084845,
train,0,5.561e-05,
train,0,8.4e-07,
train,0,2.62e-06,
train,0,1.236e-05,
train,0,8e-07,
train,0,9.3e-07,
train,0,1.95e-06,
train,0,3.1e-06,
train,0,1.97e-06,
train,0,1.1e-05,
train,0,7.44e-06,
train,0,2.642e-05,
train,0,2.57e-06,
train,0,7.7e-07,
train,0,6.18e-06,
train,0,1.976e-05,
train,0,1.617e-05,
train,0,1.95e-06,
train,0,2.95e-06,
train,0,2.06e-06,
train,0,3.217e-05,
train,0,1.597e-05,
train,0,0.85546536,
train,0,2.84e-06,
train,0,3.5e-07,
train,0,8.011e-05,
train,0,4.47e-06,
train,0,0.00011947,
train,0,3.057e-05,
train,0,5.331e-05,
train,0,1.77e-06,
train,0,6.81e-06,
train,0,2.078e-05,
train,0,1.49e-05,
train,0,1.393e-05,
train,0,2.78e-06,
train,0,1.86e-06,
train,0,9.507e-05,
train,0,1.395e-05,
train,0,5.57e-06,
train,0,1.47e-06,
train,0,0.01490753,
train,0,4.686e-05,
train,0,3.51e-06,
train,0,1.706e-05,
train,0,4.407e-05,
train,0,1.32e-06,
train,0,2.4e-07,
train,0,6.9e-07,
train,0,1.09e-06,
train,0,2.996e-05,
train,0,5.24e-06,
train,0,4.1e-06,
train,0,3.445e-05,
train,0,1.099e-05,
train,0,2.152e-05,
train,0,4.8e-07,
train,0,3.02e-06,
train,0,2.224e-05,
train,0,2.16e-06,
train,0,5.814e-05,
train,0,0.00195948,
train,0,7.2e-07,
train,0,2.824e-05,
train,0,6.8e-07,
train,0,2.58e-06,
train,0,0.01696656,
train,0,6.25e-06,
train,0,0.00010273,
train,0,1.2e-06,
train,0,0.00010272,
train,0,0.05079518,
train,0,8.11e-06,
train,0,6.3e-07,
train,0,3.55e-06,
train,0,3.293e-05,
train,0,1.74e-06,
train,0,9.49e-06,
train,0,1.31e-06,
train,0,9.138e-05,
train,0,1.02e-06,
train,0,3.08e-06,
train,0,3.75e-06,
train,0,2.24e-05,
train,0,3.62e-06,
train,0,2.38e-06,
train,0,6.49e-06,
train,0,3.7e-07,
train,0,0.00020294,
train,0,1.85e-06,
train,0,0.0002011,
train,0,5e-07,
train,0,1.08e-06,
train,0,2.27e-06,
train,0,1.13e-06,
train,0,2.93e-06,
train,0,2.37e-05,
train,0,2.055e-05,
train,0,8.5e-06,
train,0,0.00025201,
train,0,4.7e-07,
train,0,5.25e-06,
train,0,3.76e-06,
train,0,2.06e-06,
train,0,2.53e-06,
train,0,8.7e-07,
train,0,5.05e-06,
train,0,1.49e-06,
train,0,5.61e-06,
train,0,6.173e-05,
train,0,5.26e-06,
train,0,2.127e-05,
train,0,9.6e-07,
train,0,1.68e-06,
train,0,1.443e-05,
train,0,1.24e-06,
train,0,3.63e-06,
train,0,6.2e-07,
train,0,0.00015483,
train,0,9.6e-06,
train,0,2.1e-07,
train,0,5.8e-07,
train,0,2.73e-06,
train,0,2.65e-05,
train,0,1.65e-06,
train,0,1.09e-06,
train,0,1.481e-05,
train,0,3.3e-07,
train,0,1.3e-06,
train,0,1.15e-06,
train,0,3.09e-06,
train,0,8.4e-07,
train,0,8.34e-06,
train,0,3.4e-07,
train,0,3.9e-07,
train,0,6.4e-07,
train,0,8.3e-06,
train,0,6.85e-06,
train,0,3.32e-06,
train,0,3.99e-06,
train,0,0.000463,
train,0,2.01e-06,
train,0,5.594e-05,
train,0,1.138e-05,
train,0,4.41e-06,
train,0,3.12e-06,
train,0,1.36e-06,
train,0,1.78e-06,
train,0,1.444e-05,
train,0,1.68e-06,
train,0,1.6e-06,
train,0,1.48e-06,
train,0,8.5e-07,
train,0,2.1e-06,
train,0,9e-07,
train,0,4.09e-06,
train,0,1.91e-06,
train,0,8.3e-07,
train,0,8.7e-07,
train,0,1.88e-06,
train,0,6.5e-07,
train,0,3.48e-06,
train,0,5.77e-06,
train,0,3.2e-07,
train,0,1.23e-06,
train,0,1.34e-06,
train,0,4.35e-06,
train,0,8.8e-07,
train,0,1.66e-06,
train,0,8.4e-07,
train,0,1.08e-06,
train,0,9.9e-07,
train,0,5.6e-07,
train,0,5.7e-07,
train,0,6.8e-07,
train,0,8.6e-07,
train,0,3.1e-07,
train,0,1.55e-06,
train,0,2.4e-07,
train,0,3.5e-07,
train,0,0.0001272,
train,0,1.19e-06,
train,0,1.027e-05,
train,0,3.18e-06,
train,0,9.3e-07,
train,0,3.8e-07,
train,1,0.99926487,
train,0,2.9e-07,
train,1,0.99991206,
train,0,5.42e-06,
train,0,3.67e-06,
train,0,3.2e-07,
train,0,4.11e-06,
train,0,1.4e-06,
train,0,9.5e-07,
train,0,3.5e-07,
train,0,2.33e-06,
train,0,1.592e-05,
train,0,1.31e-06,
train,0,0.00044095,
train,0,5.1e-07,
train,0,3.7e-07,
train,0,3.65e-06,
train,0,1.97e-06,
train,0,9.2e-07,
train,0,7e-06,
train,0,0.00031135,
train,0,1.2e-06,
train,0,9.3e-07,
train,0,1.52e-06,
train,0,3.01e-06,
train,0,9.6e-07,
train,0,4.3e-06,
train,0,1.37e-06,
train,0,2.507e-05,
train,0,2.47e-06,
train,0,2.36e-06,
train,0,0.00080135,
train,0,3.23e-06,
train,0,1.95e-06,
train,0,8.365e-05,
train,0,3.76e-06,
train,0,0.0001273,
train,0,4.21e-06,
train,0,2.3e-07,
train,0,3.03e-06,
train,0,5.64e-06,
train,0,9.5e-07,
train,0,8.4e-07,
train,0,1.5e-06,
train,0,2.24e-06,
train,0,4.4e-07,
train,0,1.4e-07,
train,0,2.47e-06,
train,0,5.34e-06,
train,0,1.08e-06,
train,0,7.37e-06,
train,0,9.5e-06,
train,0,2.33e-06,
train,0,2.39e-06,
train,0,1.494e-05,
train,0,2.75e-06,
train,0,2.35e-06,
train,0,2.81e-06,
train,0,9.04e-06,
train,0,1.09e-06,
train,0,4.49e-06,
train,0,4.2e-07,
train,0,5.93e-06,
train,0,8.79e-06,
train,0,3.1e-06,
train,0,1.94e-06,
train,0,1.33e-06,
train,0,3.814e-05,
train,0,8.3e-07,
train,0,2.63e-06,
train,0,4.3e-06,
train,0,2.65e-06,
train,0,1.92e-06,
train,0,3.39e-06,
train,0,4.72e-06,
train,0,1.47e-06,
train,0,7.23e-06,
train,0,1.93e-06,
train,0,1.865e-05,
train,0,3.13e-05,
train,0,8.4e-07,
train,0,5.18e-06,
train,0,2.198e-05,
train,0,5.3e-07,
train,0,4.52e-06,
train,0,2.379e-05,
train,0,2.07e-06,
train,0,6.2e-06,
train,0,1.822e-05,
train,0,8e-07,
train,0,1.58e-06,
train,0,3.75e-06,
train,0,1.008e-05,
train,0,2.12e-06,
train,0,1.74e-06,
train,0,1.062e-05,
train,0,5.71e-06,
train,0,8.01e-06,
train,0,3.8e-07,
train,0,1.14e-06,
train,0,2.83e-06,
train,0,3.02e-06,
train,0,6.7e-07,
train,0,8.96e-06,
train,0,7.6e-07,
train,0,2.88e-06,
train,0,8.32e-06,
train,0,4.5e-07,
train,0,8.9e-07,
train,0,1.96e-06,
train,0,0.00017263,
train,0,1.85e-06,
train,0,1.03e-06,
train,0,5.82e-06,
train,0,8.5e-06,
train,0,1.869e-05,
train,0,5e-07,
train,0,1.4e-06,
train,0,5.33e-06,
train,0,1.48e-06,
train,0,5.47e-06,
train,0,3.11e-06,
train,0,3.58e-06,
train,0,3.57e-06,
train,0,1.14e-06,
train,0,0.00013112,
train,0,1.447e-05,
train,0,1.137e-05,
train,0,4.43e-06,
train,0,1.14e-06,
train,0,3.1e-07,
train,0,5.8e-07,
train,0,1.12e-06,
train,0,4.5e-07,
train,0,4.65e-06,
train,0,2.522e-05,
train,0,2.647e-05,
train,0,2.64e-06,
train,0,1.84e-06,
train,0,2.5e-06,
train,0,1.59e-06,
train,0,0.00240847,
train,0,1.94e-06,
train,0,3.22e-06,
train,0,2.96e-06,
train,0,1.199e-05,
train,0,2.96e-06,
train,0,4.46e-06,
train,0,1.63e-06,
train,0,7.74e-06,
train,0,2.535e-05,
train,0,1.05e-06,
train,0,0.01649156,
train,0,2.05e-06,
train,0,6.9e-07,
train,0,5e-07,
train,0,1.09e-06,
train,0,6.2e-07,
train,0,2.119e-05,
train,0,7.9e-07,
train,0,3.44e-06,
train,0,1.74e-06,
train,0,5.1e-07,
train,0,3.45e-06,
train,0,9.4e-07,
train,0,0.01380138,
train,0,1.45e-06,
train,0,1.24e-06,
train,0,8.2e-07,
train,1,0.99976981,
train,0,1.16e-06,
train,0,6.2e-07,
train,0,1.1e-07,
train,0,1.67e-06,
train,0,2.122e-05,
train,0,1.557e-05,
train,0,3.7e-07,
train,0,3.28e-06,
train,0,7.96e-06,
train,0,2.4e-07,
train,0,7.99e-06,
train,0,1.56e-06,
train,0,4.932e-05,
train,0,3.22e-05,
train,0,1.3e-06,
train,0,2.672e-05,
train,0,5.78e-06,
train,0,8.6e-07,
train,1,0.99989503,
train,0,9.41e-06,
train,0,3.74e-06,
train,0,1.67e-06,
train,0,4.89e-06,
train,0,4.594e-05,
train,0,0.00291057,
train,0,1.37e-06,
train,0,1.294e-05,
train,0,0.00010556,
train,0,1.652e-05,
train,0,8.41e-06,
train,0,5.07e-06,
train,0,0.00042758,
train,0,4.929e-05,
train,0,3.53e-06,
train,0,1.051e-05,
train,0,1.752e-05,
train,0,8.4e-06,
train,0,6.63e-06,
train,0,1.6e-06,
train,0,7.69e-06,
train,0,1.016e-05,
train,0,9.41e-06,
train,0,1.666e-05,
train,0,0.00107849,
train,0,3.92e-06,
train,0,3.022e-05,
train,0,2.463e-05,
train,0,2.14e-06,
train,0,1.269e-05,
train,0,1.342e-05,
train,0,1.097e-05,
train,0,1.99e-06,
train,0,3.06e-06,
train,0,4.89e-06,
train,0,6.1e-07,
train,0,3.06e-06,
train,0,3.7e-07,
train,0,1.28e-06,
train,0,4.4e-06,
train,0,7.2e-07,
train,0,2.135e-05,
train,0,0.00023151,
train,0,2.434e-05,
train,0,2.94e-06,
train,0,1.111e-05,
train,0,9.8e-07,
train,0,3.33e-06,
train,0,1.68e-06,
train,0,1.43e-06,
train,0,2.91e-06,
train,0,0.0002015,
train,0,4.7e-07,
train,0,0.00022949,
train,0,5e-07,
train,0,2e-06,
train,0,1.908e-05,
train,0,1.8e-06,
train,0,1.44e-06,
train,0,2.74e-06,
train,0,3.7e-06,
train,0,1.05e-06,
train,0,2.3e-06,
train,0,1.67e-06,
train,0,1.536e-05,
train,0,8.994e-05,
train,0,0.00011642,
train,0,1.71e-06,
train,0,1.88e-06,
train,0,0.17460097,
train,0,0.00014775,
train,0,3.55e-06,
train,0,1.872e-05,
train,0,1.84e-06,
train,0,2.59e-06,
train,0,1.18e-06,
train,0,7.5e-07,
train,0,3.78e-06,
train,0,2.642e-05,
train,0,0.00036832,
train,0,3.87e-06,
train,0,1.95e-06,
train,0,5.64e-06,
train,0,1.94e-06,
train,0,4.35e-06,
train,0,2.51e-06,
train,0,3.49e-06,
train,0,3.26e-06,
train,0,1.57e-06,
train,0,1.91e-06,
train,0,1.394e-05,
train,0,9.483e-05,
train,0,1.21e-06,
train,0,6.12e-06,
train,0,3.55e-06,
train,0,3.25e-06,
train,0,6.1e-07,
train,0,0.00416425,
train,0,2.07e-06,
train,0,6.3e-06,
train,0,4.61e-06,
train,0,1.89e-06,
train,0,2.08e-06,
train,0,2.91e-06,
train,0,1.02e-05,
train,0,5.57e-06,
train,0,9.4e-07,
train,0,3.994e-05,
train,0,2.72e-06,
train,0,1.15e-06,
train,0,9.2e-06,
train,0,1.11e-06,
train,0,1.717e-05,
train,0,3.13e-06,
train,0,0.1909303,
train,0,1.2e-06,
train,0,2.63e-06,
train,0,7.18e-06,
train,0,3.8e-07,
train,0,3.68e-06,
train,0,2.11e-06,
train,0,0.00359646,
train,0,2.38e-06,
train,0,2.33e-06,
train,0,7.01e-06,
train,0,1.69e-06,
train,0,2.32e-05,
train,0,9.3e-07,
train,0,0.36053049,
train,0,1.919e-05,
train,0,1.26e-06,
train,0,1.8e-06,
train,0,1.859e-05,
train,0,3.53e-06,
train,0,3.1e-07,
train,0,1.94e-06,
train,0,2.47e-06,
train,0,5.3e-07,
train,0,2.13e-06,
train,0,0.00051314,
train,0,6.74e-06,
train,0,0.55121478,
train,0,1.516e-05,
train,0,7.3e-07,
train,0,1.1e-06,
train,0,1.37e-05,
train,0,7.51e-06,
train,0,8.8e-07,
train,0,0.00024,
train,0,0.00688957,
train,0,0.00049974,
train,0,2.223e-05,
train,0,1.086e-05,
train,0,9.4e-07,
train,0,1.68e-06,
train,0,3.03e-06,
train,0,6.95e-06,
train,0,2.894e-05,
train,0,1.643e-05,
train,0,4.4e-07,
train,0,3.672e-05,
train,0,1.13e-06,
train,0,5.8e-07,
train,0,1.18e-06,
train,0,2.709e-05,
train,0,1.628e-05,
train,0,7.611e-05,
train,0,4.06e-06,
train,0,1.99e-06,
train,0,3.99e-06,
train,0,1.773e-05,
train,0,8.124e-05,
train,0,3.835e-05,
train,0,2.04e-06,
train,0,3.55e-06,
train,0,3.44e-06,
train,0,4.18e-06,
train,0,8.36e-06,
train,0,1.256e-05,
train,0,3.98e-06,
train,0,7.47e-06,
train,0,0.00062072,
train,0,2.55e-06,
train,0,2.28e-06,
train,0,1.852e-05,
train,0,1.29e-06,
train,0,2.76e-06,
train,0,1.26e-06,
train,0,4.694e-05,
train,0,7.4e-07,
train,0,4.9e-07,
train,0,1.92e-06,
train,0,2.69e-06,
train,0,1.02e-06,
train,0,2.01e-06,
train,0,2.21e-06,
train,0,1.46e-06,
train,0,1.462e-05,
train,0,0.00014074,
train,0,4.84e-06,
train,0,2.56e-06,
train,0,2.54e-06,
train,0,1.525e-05,
train,0,1.62e-06,
train,0,1.89e-06,
train,0,6e-06,
train,0,1.04e-06,
train,0,4e-07,
train,0,1.567e-05,
train,0,1.31e-06,
train,0,0.0056423,
train,0,3.26e-06,
train,0,1e-06,
train,0,1.01e-05,
train,0,3.97e-06,
train,0,5.629e-05,
train,0,1.874e-05,
train,0,2.04e-06,
train,0,2.131e-05,
train,0,1.41e-06,
train,0,2.84e-06,
train,0,2.4e-06,
train,0,7.08e-06,
train,0,7.05e-06,
train,0,2.081e-05,
train,0,9.58e-06,
train,0,3e-06,
train,0,2.74e-06,
train,0,0.08734201,
train,0,1.361e-05,
train,0,5.89e-06,
train,0,2.48e-06,
train,0,1.173e-05,
train,0,0.00011588,
train,0,3.2e-07,
train,0,8.13e-06,
train,0,4.6e-07,
train,0,6.91e-06,
train,0,1.54e-06,
train,0,1.64e-05,
train,0,2.96e-06,
train,0,2.99e-06,
train,0,1.019e-05,
train,0,1.054e-05,
train,0,1.2e-06,
train,0,3.12e-06,
train,0,1.83e-06,
train,0,3.86e-06,
train,0,6.44e-06,
train,0,5.68e-06,
train,0,1.8e-06,
train,0,0.00022026,
train,0,1.17e-06,
train,0,2.46e-06,
train,0,5.252e-05,
train,0,1.435e-05,
train,0,1.15e-06,
train,0,3.141e-05,
train,0,1.17e-06,
train,0,1.043e-05,
train,0,9.9e-07,
train,0,3.5e-06,
train,0,5.46e-06,
train,0,1.446e-05,
train,0,5.63e-06,
train,0,1.243e-05,
train,0,3.8e-06,
train,0,1.74e-06,
train,0,3.85e-06,
train,0,1.49e-06,
train,0,6.5e-07,
train,0,1.91e-06,
train,0,5.979e-05,
train,0,1.67e-06,
train,0,0.02943343,
train,0,8.51e-06,
train,0,2.207e-05,
train,0,1.44e-06,
train,0,0.00064987,
train,0,1.682e-05,
train,0,2.17e-06,
train,0,1.8e-06,
train,0,0.00012996,
train,0,2.11e-06,
train,0,1.62e-06,
train,0,3.282e-05,
train,0,2.51e-06,
train,0,8.1e-07,
train,0,1.726e-05,
train,0,4.37e-06,
train,0,7.9e-07,
train,0,1.193e-05,
train,0,3.9e-07,
train,0,3.1e-07,
train,0,1.79e-06,
train,0,1.41e-06,
train,0,0.0006697,
train,0,4.1e-07,
train,0,4.49e-06,
train,0,3.6e-07,
train,0,1.9e-07,
train,0,1.9e-07,
train,0,7.2e-07,
train,0,7.3e-07,
train,0,9.4e-07,
train,0,6.8e-07,
train,0,4.2e-07,
train,0,2.62e-06,
train,0,1.46e-06,
train,0,6.76e-06,
train,0,6.1e-07,
train,0,3.5e-07,
train,0,6.6e-07,
train,0,4.1e-07,
train,0,3.8e-07,
train,0,1.45e-06,
train,0,1.11e-06,
train,0,2.238e-05,
train,1,0.99959568,
train,0,6.7e-07,
train,0,4.59e-06,
train,0,1.06e-06,
train,0,8.3e-07,
train,0,3.41e-06,
train,0,3.87e-06,
train,0,1.46e-06,
train,0,5.5e-07,
train,0,0.00049776,
train,0,2.451e-05,
train,0,4.3e-07,
train,0,5.23e-06,
train,0,3.112e-05,
train,0,2.87e-06,
train,0,3.06e-06,
train,0,6.5e-07,
train,0,8.99e-06,
train,0,1.74e-06,
train,0,0.00044549,
train,0,2.16e-06,
train,0,1.475e-05,
train,0,1.2e-06,
train,0,1.72e-06,
train,0,9.8e-07,
train,0,1.67e-06,
train,0,1.105e-05,
train,0,1.61e-06,
train,0,2.23e-06,
train,0,6.238e-05,
train,0,1.64e-06,
train,0,1.44e-06,
train,0,2.69e-06,
train,0,1.64e-05,
train,0,5.4e-07,
train,0,1.567e-05,
train,0,1.663e-05,
train,0,1.01e-06,
train,0,9.21e-06,
train,0,9.7e-07,
train,0,4.31e-06,
train,0,1.306e-05,
train,0,1.66e-06,
train,0,1.08e-06,
train,0,1.061e-05,
train,0,1.705e-05,
train,0,7.6e-07,
train,0,7.85e-06,
train,0,1.22e-06,
train,0,1.31e-06,
train,0,2.78e-06,
train,0,4.72e-06,
train,0,2.6e-07,
train,0,8.25e-06,
train,0,3.39e-06,
train,0,0.0022696,
train,0,8.1e-07,
train,0,9.1e-07,
train,0,3.336e-05,
train,0,5.29e-06,
train,0,1.97e-06,
train,0,3.43e-06,
train,0,9.9e-07,
train,0,1.27e-06,
train,0,9.07e-06,
train,0,5.86e-06,
train,0,3.08e-06,
train,0,7e-07,
train,0,5.773e-05,
train,0,0.00099747,
train,1,0.99864388,
train,0,1.62e-06,
train,0,4.05e-06,
train,0,1.16e-06,
train,0,1.01e-06,
train,0,2.06e-06,
train,0,0.00012731,
train,0,1.16e-06,
train,0,8.6e-07,
train,0,6.12e-06,
train,0,3.25e-06,
train,0,2.5e-06,
train,0,2.043e-05,
train,0,5.59e-06,
train,0,2.7e-07,
train,0,2.28e-06,
train,0,7.1e-07,
train,0,9.85e-06,
train,0,1.11e-06,
train,0,7e-07,
train,0,4.428e-05,
train,0,4.54e-06,
train,0,8.2e-07,
train,0,1.96e-06,
train,0,1.63e-06,
train,0,2.96e-06,
train,0,1.73e-06,
train,0,3.15e-06,
train,0,6.09e-06,
train,0,1.05e-06,
train,0,4.52e-06,
train,0,2.81e-06,
train,0,2.6e-06,
train,0,5.43e-06,
train,0,2.178e-05,
train,0,1.01e-06,
train,0,5.11e-06,
train,0,0.00016627,
train,0,4.59e-06,
train,1,0.9967892,
train,0,7.7e-07,
train,0,3.3e-07,
train,1,0.99976493,
train,0,1.34e-06,
train,0,3.26e-06,
train,0,4.34e-06,
train,0,3.24e-06,
train,0,5.6e-07,
train,0,1.62e-06,
train,0,9.8e-07,
train,0,3.78e-06,
train,0,4.4e-07,
train,0,1.69e-06,
train,0,1.1e-06,
train,0,0.00087215,
train,0,1.66e-06,
train,0,2.68e-06,
train,0,2.11e-06,
train,0,9.9e-07,
train,0,6.5e-07,
train,0,3.394e-05,
train,0,1.066e-05,
train,0,1.88e-06,
train,0,1.411e-05,
train,0,6e-06,
train,0,8.04e-06,
train,0,3.45e-06,
train,0,6.47e-06,
train,0,5.54e-06,
train,0,1.316e-05,
train,0,4.98e-06,
train,0,1.35e-06,
train,0,1.2e-06,
train,0,7.73e-06,
train,0,8.88e-06,
train,0,1.94e-06,
train,0,0.00012554,
train,0,5.79e-06,
train,0,1.24e-06,
train,0,2.81e-06,
train,0,0.00042642,
train,0,6.32e-06,
train,0,7.6e-07,
train,0,2.26e-06,
train,0,5.45e-06,
train,0,1.4e-06,
train,0,2.114e-05,
train,0,3.31e-06,
train,0,1.92e-06,
train,0,1.15e-06,
train,0,1.119e-05,
train,0,1.04e-06,
train,0,1.406e-05,
train,0,2.978e-05,
train,0,1.593e-05,
train,0,4.7e-07,
train,0,5.61e-06,
train,0,9.23e-06,
train,0,1.38e-06,
train,0,3.47e-06,
train,0,2.93e-06,
train,0,1.487e-05,
train,0,2.04e-06,
train,0,2.51e-06,
train,0,2.8e-06,
train,0,5.75e-06,
train,0,8.6e-07,
train,0,6.89e-06,
train,0,1.23e-06,
train,0,2.17e-06,
train,0,1.75e-06,
train,0,9.9e-07,
train,0,2.03e-06,
train,0,9e-07,
train,0,1.66e-06,
train,0,1.98e-06,
train,0,3.16e-06,
train,0,3.54e-06,
train,0,6.111e-05,
train,0,9.85e-06,
train,0,1.09e-06,
train,0,1.18e-06,
train,0,7e-07,
train,0,2.71e-06,
train,0,7.2e-07,
train,0,6.54e-06,
train,0,1.396e-05,
train,0,0.00013892,
train,0,7.7e-07,
train,0,8.79e-06,
train,0,5.4e-07,
train,0,1.53e-06,
train,0,1.33e-06,
train,0,5.94e-06,
train,0,9.3e-07,
train,0,1.67e-06,
train,0,1.96e-06,
train,0,2.01e-06,
train,0,3.25e-06,
train,0,2.94e-06,
train,0,6.45e-06,
train,0,2.33e-06,
train,0,0.00106724,
train,0,5.7e-07,
train,0,1.07e-06,
train,0,1.07e-06,
train,0,5.73e-06,
train,0,3.82e-06,
train,0,5.47e-06,
train,0,0.00016575,
train,0,1.612e-05,
train,0,1.97e-06,
train,0,4.91e-06,
train,0,4.36e-06,
train,0,8.52e-06,
train,0,3.45e-06,
train,0,8.14e-06,
train,0,4.17e-06,
train,0,2.85e-06,
train,0,3.9e-07,
train,0,6.562e-05,
train,0,1.68e-05,
train,0,1.401e-05,
train,0,3.82e-06,
train,0,6.4e-07,
train,0,4.903e-05,
train,0,2.12e-06,
train,0,1.353e-05,
train,0,1.9e-06,
train,0,2.61e-06,
train,0,4e-06,
train,0,1.02e-06,
train,0,3.98e-06,
train,0,6.714e-05,
train,0,9.29e-06,
train,0,1.5e-06,
train,0,2.44e-06,
train,0,1.27e-06,
train,0,7.18e-06,
train,0,5.9e-07,
train,0,2.6e-07,
train,0,2.15e-06,
train,0,3.8e-07,
train,0,2.21e-06,
train,0,0.00120316,
train,0,1.51e-06,
train,0,1.64e-06,
train,0,7.46e-06,
train,0,1e-06,
train,0,8.74e-06,
train,0,1.22e-06,
train,0,7.7e-07,
train,0,3.22e-05,
train,0,2.23e-06,
train,0,5.9e-07,
train,0,1.47e-06,
train,0,9.1e-07,
train,0,9.85e-06,
train,0,2.99e-06,
train,0,5.7e-07,
train,0,1.568e-05,
train,0,1e-06,
train,0,4.79e-06,
train,0,1.03e-06,
train,0,1.77e-06,
train,0,2.51e-05,
train,0,1.71e-06,
train,0,7.82e-06,
train,0,1.38e-06,
train,0,5.4e-07,
train,0,4e-07,
train,0,1.48e-06,
train,0,5.51e-06,
train,0,2.7e-07,
train,0,1.76e-06,
train,0,2.19e-06,
train,0,2.48e-06,
train,0,2.758e-05,
train,0,4.18e-06,
train,0,4.46e-06,
train,0,2.16e-06,
train,0,1.13e-06,
train,0,3.1e-07,
train,0,1.3e-07,
train,0,6e-07,
train,0,2.51e-06,
train,0,6e-07,
train,0,3.5e-07,
train,0,2.9e-07,
train,0,4.6e-07,
train,0,6.8e-07,
train,0,1.82e-06,
train,0,1.04e-06,
train,0,1.16e-06,
train,0,6e-07,
train,0,4.02e-06,
train,0,2.61e-06,
train,0,5.2e-07,
train,0,7.6e-07,
train,0,1.92e-06,
train,0,1.8e-07,
train,0,5.5e-07,
train,0,5.2e-07,
train,0,1.92e-06,
train,0,9.48e-06,
train,0,3.9e-07,
train,0,3.2e-07,
train,0,1.2e-06,
train,0,1.57e-06,
train,0,7.42e-06,
train,0,2.04e-06,
train,0,6.6e-07,
train,0,5.305e-05,
train,0,8.5e-07,
train,0,1.65e-06,
train,0,6.3e-07,
train,0,1.66e-06,
train,0,2.3e-07,
train,0,2.56e-06,
train,0,8.9e-07,
train,0,2.73e-06,
train,0,4.5e-07,
train,0,2.84e-06,
train,0,1.09e-06,
train,0,3.2e-07,
train,0,3.7e-06,
train,0,1.741e-05,
train,0,2.81e-06,
train,0,8.6e-07,
train,0,1.35e-06,
train,0,2.6e-06,
train,0,5.24e-06,
train,0,1.193e-05,
train,0,1.095e-05,
train,0,6.2e-07,
train,0,4.08e-06,
train,0,1.69e-06,
train,0,3.88e-06,
train,0,4.43e-06,
train,0,1.43e-06,
train,0,1.44e-06,
train,0,8.8e-07,
train,0,1.13e-06,
train,0,1.123e-05,
train,0,9.3e-07,
train,0,3.6e-07,
train,0,2.69e-06,
train,0,2.43e-06,
train,0,3.1e-07,
train,0,2.07e-06,
train,0,5.13e-06,
train,0,1.29e-06,
train,0,2.53e-06,
train,0,9.2e-05,
train,0,2.86e-06,
train,0,4.52e-06,
train,0,3.12e-06,
train,0,3.9e-07,
train,0,4.51e-06,
train,0,1.08e-06,
train,0,7e-07,
train,0,5.31e-06,
train,0,1.238e-05,
train,0,1.22e-06,
train,0,5.75e-06,
train,0,1.54e-06,
train,0,1.6e-06,
train,0,1.01e-05,
train,0,4.503e-05,
train,0,1.126e-05,
train,0,9.1e-07,
train,0,1.11e-06,
train,0,2.74e-06,
train,0,8.3e-07,
train,0,3.84e-06,
train,0,1.84e-06,
train,0,1.29e-06,
train,0,4.7e-07,
train,0,7.98e-06,
train,0,1.53e-06,
train,0,1.399e-05,
train,0,0.00092628,
train,0,1.48e-06,
train,0,1.233e-05,
train,0,6.9e-07,
train,0,8.7e-07,
train,0,8.5e-06,
train,0,8.77e-06,
train,0,5.575e-05,
train,0,4.9e-07,
train,0,1.98e-06,
train,0,6.389e-05,
train,0,2.39e-06,
train,0,3.93e-05,
train,0,3.25e-06,
train,0,5.745e-05,
train,0,1.03e-06,
train,0,0.0015162,
train,0,4.09e-06,
train,0,1.73e-06,
train,0,1.706e-05,
train,0,1.07e-06,
train,0,2.35e-06,
train,0,1.84e-06,
train,0,8.3e-07,
train,0,4.11e-06,
train,0,8.7e-06,
train,0,5.253e-05,
train,0,4.529e-05,
train,0,3.27e-06,
train,0,2.33e-06,
train,0,1.186e-05,
train,0,1.9e-06,
train,0,1.2e-06,
train,0,6.37e-06,
train,0,2.92e-06,
train,0,5.74e-06,
train,0,2.99e-06,
train,0,2e-06,
train,0,2.65e-06,
train,0,0.00020202,
train,0,1.35e-06,
train,0,5.9e-07,
train,0,4.9e-07,
train,0,1.02e-06,
train,0,8.84e-06,
train,0,6.3e-07,
train,0,4.36e-06,
train,0,5.371e-05,
train,0,1.9e-06,
train,0,3.31e-06,
train,0,1.71e-06,
train,0,7e-07,
train,0,0.00025409,
train,0,7.46e-06,
train,0,1.66e-06,
train,0,5.48e-06,
train,0,3.08e-06,
train,0,5.74e-06,
train,0,2.9e-06,
train,0,5.08e-06,
train,0,2.194e-05,
train,0,2.86e-06,
train,0,1.588e-05,
train,0,1.09e-06,
train,0,2.77e-06,
train,0,1.74e-06,
train,0,3.65e-06,
train,0,0.00010389,
train,0,4.04e-06,
train,0,9.5e-07,
train,0,2.27e-06,
train,0,5.348e-05,
train,0,1.27e-06,
train,0,2.524e-05,
train,0,2.515e-05,
train,0,3.374e-05,
train,0,7.2e-07,
train,0,2.99e-06,
train,0,1.559e-05,
train,0,1.36e-06,
train,0,4.87e-06,
train,0,2.86e-06,
train,0,4.56e-06,
train,0,7.5e-07,
train,0,3.4e-07,
train,0,2.86e-06,
train,0,4.71e-06,
train,0,1.09e-06,
train,0,5.74e-06,
train,0,7.4e-07,
train,0,8.55e-06,
train,0,1.15e-06,
train,0,1.38e-06,
train,0,1.14e-06,
train,0,5.48e-06,
train,0,0.00024617,
train,0,1.86e-06,
train,0,1.324e-05,
train,0,3.268e-05,
train,0,2.89e-06,
train,0,3.39e-06,
train,0,3.686e-05,
train,0,7.77e-06,
train,0,4.16e-06,
train,0,6.6e-06,
train,0,1.9e-06,
train,0,1.68e-06,
train,0,3.87e-06,
train,0,1.309e-05,
train,0,1.09e-05,
train,0,3.79e-06,
train,0,1.065e-05,
train,0,2.95e-06,
train,0,1.599e-05,
train,0,1.51e-06,
train,0,1.392e-05,
train,0,5.2e-07,
train,0,7e-07,
train,0,1.44e-06,
train,0,6.59e-06,
train,0,2.9e-07,
train,0,7e-07,
train,0,5.9e-07,
train,0,1.02e-06,
train,0,3.77e-06,
train,0,6.56e-06,
train,0,3.7e-06,
train,0,1.49e-06,
train,0,3.1e-07,
train,0,1.85e-06,
train,0,1.14e-06,
train,0,2.96e-06,
train,0,2.9e-07,
train,0,5.66e-06,
train,0,4.5e-07,
train,0,3.9e-07,
train,0,8e-07,
train,0,3.41e-06,
train,0,3.1e-07,
train,0,8.5e-07,
train,0,4.3e-07,
train,0,2.7e-07,
train,0,8.5e-07,
train,0,2.9e-07,
train,0,1.6e-07,
train,0,8.5e-07,
train,0,3.43e-06,
train,0,1.62e-06,
train,0,3e-07,
train,0,4.8e-07,
train,0,1.77e-06,
train,0,2.34e-06,
train,0,1.67e-06,
train,0,2.153e-05,
train,0,1.25e-06,
train,0,2.526e-05,
train,0,7.8e-07,
train,0,2.416e-05,
train,0,1.26e-06,
train,0,8.2e-07,
train,0,3.79e-06,
train,0,2.42e-06,
train,0,3.6e-07,
train,0,1.07e-06,
train,0,2.265e-05,
train,0,0.01369957,
train,0,3.8e-07,
train,0,2.7e-07,
train,0,1.32e-06,
train,0,1.58e-06,
train,0,9.1e-07,
train,0,1.86e-06,
train,0,6.49e-06,
train,0,1.96e-06,
train,0,8e-07,
train,0,1.36e-06,
train,0,1.04e-06,
train,0,7.3e-07,
train,0,2.49e-06,
train,0,1.49e-06,
train,0,4.48e-06,
train,0,7.1e-07,
train,0,8.1e-07,
train,0,2.44e-06,
train,0,9.9e-07,
train,0,1.02e-06,
train,0,6.8e-07,
train,0,1.05e-06,
train,0,1.23e-06,
train,0,2.18e-06,
train,0,2.48e-06,
train,0,3.972e-05,
train,0,2.369e-05,
train,0,5.441e-05,
train,0,5.55e-06,
train,0,7e-07,
train,0,2.95e-06,
train,0,2.46e-06,
train,0,3.73e-06,
train,0,4.1e-07,
train,0,3.299e-05,
train,0,2.24e-06,
train,0,1.87e-06,
train,0,8.9e-07,
train,0,1.41e-06,
train,0,4.1e-07,
train,0,1.32e-06,
train,0,8e-07,
train,0,8.13e-06,
train,0,2.73e-06,
train,0,3.28e-06,
train,0,0.00087054,
train,0,4.56e-06,
train,0,4.44e-06,
train,0,9.2e-07,
train,0,2.02e-06,
train,0,1.669e-05,
train,0,1.77e-06,
train,0,7.8e-07,
train,0,3.07e-06,
train,0,1.77e-06,
train,0,1.3e-06,
train,1,0.99884099,
train,0,1.101e-05,
train,0,2.31e-06,
train,0,6.35e-06,
train,0,3.07e-06,
train,0,6e-06,
train,0,2.22e-06,
train,0,6.642e-05,
train,0,0.00035633,
train,0,3.96e-06,
train,0,6.33e-06,
train,0,3.045e-05,
train,0,1.068e-05,
train,0,7.65e-06,
train,0,3.987e-05,
train,0,1.39e-06,
train,0,9.63e-06,
train,0,3.41e-06,
train,0,4.39e-06,
train,0,0.00147934,
train,0,4.28e-06,
train,0,0.00011746,
train,0,1.479e-05,
train,0,8.24e-05,
train,0,9.5e-07,
train,0,1.12e-06,
train,0,1.268e-05,
train,0,5.68e-06,
train,0,4.9e-07,
train,0,8.3e-07,
train,0,7e-07,
train,0,5.47e-06,
train,0,9.55e-06,
train,0,5.12e-06,
train,0,1.03e-06,
train,0,6.8e-07,
train,0,6.77e-06,
train,0,2.6e-06,
train,0,8.3e-07,
train,0,5.69e-06,
train,0,3.21e-06,
train,0,1.118e-05,
train,0,0.0004234,
train,0,0.00016029,
train,0,1.059e-05,
train,0,0.53456072,
train,0,4.7e-07,
train,0,3.95e-06,
train,0,9.1e-06,
train,0,1.296e-05,
train,0,4.73e-06,
train,0,4.99e-06,
train,0,1.33e-06,
train,0,5.036e-05,
train,0,1.56e-05,
train,0,0.00010773,
train,0,8.74e-06,
train,0,9.2e-07,
train,0,6.572e-05,
train,0,1.719e-05,
train,0,1.6e-05,
train,0,3.49e-06,
train,0,6.7e-07,
train,0,3.52e-06,
train,0,1.46e-06,
train,0,4.77e-06,
train,0,1.4e-06,
train,0,4.065e-05,
train,0,7.18e-06,
train,0,6.747e-05,
train,0,1.87e-06,
train,0,7.671e-05,
train,0,2.632e-05,
train,0,1.77e-06,
train,0,1.11e-06,
train,0,1.47e-06,
train,0,8.1e-07,
train,0,4.4e-07,
train,0,3.84e-06,
train,0,4.11e-06,
train,0,2.133e-05,
train,0,4.605e-05,
train,0,0.11969237,
train,0,7.8e-07,
train,0,1.819e-05,
train,0,9.34e-06,
train,0,0.00036417,
train,0,1.55e-06,
train,0,2.23e-06,
train,0,7e-07,
train,0,1.85e-06,
train,0,3.199e-05,
train,0,1.45e-06,
train,0,4.26e-06,
train,0,4.82e-06,
train,0,3.5e-07,
train,0,6.3e-07,
train,0,0.00105653,
train,0,0.00034364,
train,0,0.00031086,
train,0,5.8e-07,
train,0,8.56e-06,
train,0,0.00213751,
train,0,1.044e-05,
train,0,2.77e-06,
train,0,1.173e-05,
train,0,0.00051005,
train,0,1.214e-05,
train,0,2.02e-06,
train,0,1.95e-06,
train,0,1.18e-06,
train,0,3.208e-05,
train,0,1.9e-06,
train,0,8.8e-07,
train,0,8.651e-05,
train,0,6.76e-06,
train,0,4.2e-07,
train,0,3.909e-05,
train,0,1.41e-06,
train,0,2.533e-05,
train,0,0.00010956,
train,0,0.00027797,
train,0,1.14e-06,
train,0,3.369e-05,
train,0,2.86e-06,
train,0,0.00012689,
train,0,0.00013741,
train,0,2.997e-05,
train,0,2.931e-05,
train,0,3.73e-06,
train,0,6.68e-06,
train,0,2.93e-06,
train,0,9.795e-05,
train,0,2.47e-06,
train,0,3.36e-06,
train,0,2.84e-06,
train,0,6.78e-06,
train,0,6.43e-06,
train,0,5e-07,
train,0,4.7e-07,
train,0,1.873e-05,
train,0,1.69e-06,
train,0,2.4e-06,
train,0,5.67e-06,
train,0,1.15e-06,
train,0,1.833e-05,
train,0,1.77e-06,
train,0,2.32e-06,
train,0,4.2e-06,
train,0,2.47e-06,
train,0,2.99e-06,
train,0,1.04e-05,
train,0,1.36e-06,
train,0,1.568e-05,
train,0,4.54e-06,
train,0,8.16e-06,
train,0,0.00032837,
train,0,2.8e-06,
train,0,1.25e-06,
train,0,6.7e-07,
train,0,1.315e-05,
train,0,6.03e-06,
train,0,1.14e-06,
train,0,3.32e-06,
train,0,0.0002517,
train,0,1.094e-05,
train,0,2.75e-06,
train,0,1.35e-06,
train,0,1.44e-06,
train,0,1.72e-06,
train,0,1.83e-06,
train,0,0.00010697,
train,0,2.59e-06,
train,0,3.067e-05,
train,0,1.93e-06,
train,0,6.6e-07,
train,0,2.63e-06,
train,0,9.47e-06,
train,0,3.01e-06,
train,0,3.11e-06,
train,0,1.68e-06,
train,0,1.78e-06,
train,0,1.1e-06,
train,0,1.2e-06,
train,0,6.19e-06,
train,0,9.8e-07,
train,0,4.71e-06,
train,0,2.25e-06,
train,0,2.1e-06,
train,0,2.15e-06,
train,0,9.4e-07,
train,0,4.74e-06,
train,0,1.581e-05,
train,0,1.88e-06,
train,0,1.38e-06,
train,0,8.827e-05,
train,0,3.74e-06,
train,0,1.43e-06,
train,0,2.33e-06,
train,0,9.32e-06,
train,0,1.68e-06,
train,0,2.66e-06,
train,0,2.69e-06,
train,0,3.279e-05,
train,0,7.6e-07,
train,0,3.89e-06,
train,0,7.1e-07,
train,0,4.52e-06,
train,0,8.8e-07,
train,0,4.4e-07,
train,0,2.55e-06,
train,0,8.91e-06,
train,0,4.8e-07,
train,0,1.84e-06,
train,0,2.55e-06,
train,0,2.95e-06,
train,0,1.51e-06,
train,0,1.01e-05,
train,0,9.8e-07,
train,0,1.59e-06,
train,0,1.21e-06,
train,0,3.3e-07,
train,0,1.088e-05,
train,0,4.7e-06,
train,0,0.09858557,
train,0,3.61e-06,
train,0,2.97e-06,
train,0,2.47e-06,
train,1,0.99196039,
train,0,1.05e-06,
train,0,5.1e-07,
train,0,5.16e-06,
train,0,1.64e-06,
train,0,1.68e-06,
train,0,6e-07,
train,0,2.46e-06,
train,0,6.64e-06,
train,0,1.37e-06,
train,0,2.8e-06,
train,0,4.53e-06,
train,0,2.13e-06,
train,0,1.78e-06,
train,0,2.274e-05,
train,0,1.32e-06,
train,0,3.98e-06,
train,0,5.46e-06,
train,0,3.74e-06,
train,0,2.18e-06,
train,0,1.51e-06,
train,0,1.275e-05,
train,0,3.8e-07,
train,0,1.3e-06,
train,0,4.6e-07,
train,0,1.66e-06,
train,0,5.15e-06,
train,0,2.9e-07,
train,0,4.9e-07,
train,0,7.2e-07,
train,0,8e-07,
train,0,2.5e-07,
train,0,2.8e-07,
train,0,1.37e-06,
train,0,4.5e-07,
train,0,2.29e-06,
train,0,5.1e-07,
train,0,1.36e-06,
train,0,2.49e-06,
train,0,2.47e-06,
train,0,7.7e-07,
train,0,1.53e-06,
train,0,9.2e-07,
train,0,1.45e-06,
train,0,4.407e-05,
train,0,0.02084198,
train,0,7e-07,
train,0,1.35e-06,
train,1,0.99905362,
train,0,1.51e-06,
train,0,1.23e-06,
train,0,4.6e-07,
train,0,7.1e-07,
train,0,1.8e-07,
train,0,1.62e-06,
train,0,8.3e-07,
train,0,3.3e-07,
train,0,2.4e-07,
train,0,1.06e-06,
train,0,0.00075977,
train,0,2.3e-06,
train,0,9.5e-07,
train,0,1.6e-06,
train,0,0.01020354,
train,0,5.19e-06,
train,0,5.7e-07,
train,0,1.09e-06,
train,0,8.2e-07,
train,0,1.41e-06,
train,0,1.03e-06,
train,0,1.76e-06,
train,0,7.56e-06,
train,0,8.6e-07,
train,0,9.7e-07,
train,0,1.25e-06,
train,0,1.17e-06,
train,0,0.00038994,
train,0,5.2e-07,
train,0,2.53e-06,
train,0,2.6e-07,
train,0,2.76e-06,
train,0,2.27e-06,
train,0,2.77e-06,
train,0,1.67e-06,
train,0,3.9e-07,
train,0,3.4e-07,
train,0,2.18e-06,
train,0,3e-06,
train,0,7.038e-05,
train,0,6.4e-07,
train,0,1.44e-06,
train,0,1.73e-06,
train,0,0.00020228,
train,0,1.21e-06,
train,0,2.62e-06,
train,0,3.723e-05,
train,0,2.81e-06,
train,0,8.8e-07,
train,0,1.69e-06,
train,0,0.00061989,
train,0,5.24e-06,
train,0,4.9e-07,
train,0,1.89e-06,
train,0,1.781e-05,
train,0,9.9e-07,
train,0,2.16e-06,
train,0,4.2e-07,
train,0,3.02e-06,
train,0,1.57e-06,
train,0,6.89e-06,
train,0,4.25e-06,
train,0,8.2e-07,
train,0,3.25e-06,
train,0,0.00382372,
train,0,5.17e-06,
train,0,7.64e-06,
train,0,8.08e-06,
train,0,1.12e-06,
train,0,5.47e-06,
train,0,1.52e-06,
train,0,5e-07,
train,0,9.468e-05,
train,0,1.245e-05,
train,0,4e-07,
train,0,3.23e-06,
train,0,1.933e-05,
train,0,3.84e-06,
train,0,9.37e-06,
train,0,3.168e-05,
train,0,6.6e-07,
train,0,2.3e-06,
train,0,0.00072628,
train,0,9.223e-05,
train,0,1.99e-06,
train,0,2.322e-05,
train,0,8.7e-07,
train,0,0.00146765,
train,0,0.00021764,
train,0,1.02e-06,
train,0,1.31e-06,
train,0,6.743e-05,
train,0,2.64e-06,
train,0,4.55e-06,
train,0,2e-06,
train,0,4.58e-06,
train,0,4.86e-06,
train,0,3.088e-05,
train,0,1.61e-06,
train,0,2.75e-06,
train,0,0.00038409,
train,0,7.22e-06,
train,0,5.17e-06,
train,0,3.24e-06,
train,0,2.915e-05,
train,0,1.715e-05,
train,0,6.01e-06,
train,0,3.5e-07,
train,0,1.38e-06,
train,0,1.83e-06,
train,0,1.508e-05,
train,0,1.55e-06,
train,0,7.1e-07,
train,0,2.7e-06,
train,0,4.43e-06,
train,0,2.73e-06,
train,0,9.2e-07,
train,0,0.47011103,
train,0,5.4e-07,
train,0,6.989e-05,
train,0,1.653e-05,
train,0,9.25e-06,
train,0,1e-06,
train,0,1.88e-06,
train,0,1.7e-06,
train,0,2.33e-06,
train,0,2.7e-06,
train,0,1.401e-05,
train,0,2.22e-06,
train,0,8.31e-06,
train,0,2.531e-05,
train,0,0.00010547,
train,0,1.237e-05,
train,0,1.43e-06,
train,0,2.35e-06,
train,0,1.713e-05,
train,0,8.63e-06,
train,0,2.57e-06,
train,0,3.23e-06,
train,0,0.00704067,
train,0,2.2e-06,
train,0,7.95e-06,
train,0,2.21e-06,
train,0,2.8e-07,
train,0,0.00270879,
train,0,1.28e-06,
train,0,4.58e-06,
train,0,2.076e-05,
train,0,2.72e-06,
train,0,3.91e-06,
train,0,4.81e-06,
train,0,6.5e-07,
train,0,1.001e-05,
train,0,7.94e-06,
train,0,1.54e-06,
train,0,4.98e-06,
train,0,4.44e-06,
train,0,4.5e-07,
train,0,1.56e-06,
train,0,7.85e-06,
train,0,3.004e-05,
train,0,5.3e-07,
train,0,1.99e-06,
train,0,7.7e-07,
train,0,3.62e-06,
train,0,5.61e-06,
train,0,3.66e-06,
train,0,1.19e-06,
train,0,2.03e-06,
train,0,1.796e-05,
train,0,2.48e-06,
train,0,0.00067006,
train,0,8.45e-06,
train,0,6.7e-07,
train,0,5.554e-05,
train,0,0.00088375,
train,0,3.2e-06,
train,0,3.13e-06,
train,0,1.16e-06,
train,0,1.587e-05,
train,0,2.82e-06,
train,0,8.7e-07,
train,0,1.3e-06,
train,0,2.47e-06,
train,0,1.27e-06,
train,0,1.186e-05,
train,0,7.3e-07,
train,0,6.48e-06,
train,0,5.2e-07,
train,0,0.00389284,
train,0,7.4e-07,
train,0,2.532e-05,
train,0,6.3e-07,
train,0,2.77e-06,
train,0,3.5e-07,
train,0,2.265e-05,
train,0,1.32e-06,
train,0,7.569e-05,
train,0,1.816e-05,
train,0,1.53e-06,
train,0,1.59e-06,
train,0,7.9e-07,
train,0,0.00012406,
train,0,4.25e-06,
train,0,5.223e-05,
train,0,5.802e-05,
train,0,3.3e-07,
train,0,1.96e-06,
train,0,5.05e-06,
train,0,8.54e-06,
train,0,2.99e-06,
train,0,3.88e-06,
train,0,8.2e-07,
train,0,3.01e-06,
train,0,1.078e-05,
train,0,1.261e-05,
train,0,1e-06,
train,0,7.6e-07,
train,0,5.06e-06,
train,0,8.75e-06,
train,0,1.078e-05,
train,0,1.15e-06,
train,0,3.56e-06,
train,0,1.02e-06,
train,0,6.66e-06,
train,0,1.903e-05,
train,0,1.243e-05,
train,0,1.84e-06,
train,0,2.81e-06,
train,0,1.175e-05,
train,0,3.9e-07,
train,0,2.07e-06,
train,0,6.072e-05,
train,0,1.63e-06,
train,0,3.22e-06,
train,0,1.305e-05,
train,0,5.84e-06,
train,0,5.97e-06,
train,0,2.01e-06,
train,0,7.338e-05,
train,0,0.23346193,
train,0,0.00017744,
train,0,2.193e-05,
train,0,2.77e-06,
train,0,5.77e-06,
train,0,5.6e-07,
train,0,1.51e-06,
train,0,3.8e-06,
train,0,6.01e-06,
train,0,9.71e-06,
train,0,5.202e-05,
train,0,2.369e-05,
train,0,0.00017719,
train,0,2.66e-06,
train,0,1.54e-06,
train,0,2.432e-05,
train,0,2.5e-06,
train,0,1.215e-05,
train,0,2.01e-06,
train,0,1.36e-06,
train,0,0.20915745,
train,0,7.9e-07,
train,0,2.9e-07,
train,0,3.91e-06,
train,0,1.12e-06,
train,0,3.4e-07,
train,0,1.66e-06,
train,0,2.24e-06,
train,0,4.2e-07,
train,0,2.77e-06,
train,0,2.95e-06,
train,0,1.539e-05,
train,0,1.95e-06,
train,0,2.7e-06,
train,0,3.36e-06,
train,0,1.18e-06,
train,0,5.7e-07,
train,0,9.9e-07,
train,0,1.13e-06,
train,0,6e-07,
train,0,4.17e-06,
train,0,3.68e-06,
train,0,8e-07,
train,0,6.15e-06,
train,0,3.01e-06,
train,0,6.82e-06,
train,0,4.3e-07,
train,0,1.423e-05,
train,0,4.2e-07,
train,0,9.14e-06,
train,0,1.63e-06,
train,0,3.39e-06,
train,0,2.58e-06,
train,0,2.03e-06,
train,0,8e-07,
train,0,1.3e-06,
train,0,9.6e-07,
train,0,1.24e-05,
train,0,8.5e-07,
train,0,3.89e-06,
train,0,7.44e-06,
train,0,4.35e-06,
train,0,9.8e-07,
train,0,2.39e-06,
train,0,1.22e-06,
train,0,1.83e-06,
train,0,4.6e-07,
train,0,1.6e-06,
train,0,3.6e-07,
train,0,8.4e-07,
train,0,2.17e-06,
train,0,0.00059032,
train,0,1.74e-06,
train,0,4.22e-06,
train,0,3.51e-06,
train,0,3.51e-06,
train,0,7.1e-07,
train,0,2.28e-06,
train,0,3.53e-06,
train,0,2.46e-06,
train,0,0.00011298,
train,0,1.443e-05,
train,0,5.38e-06,
train,0,9.7e-06,
train,0,4.2e-07,
train,0,1.13e-06,
train,0,1.92e-06,
train,0,1.63e-06,
train,0,5.3e-07,
train,0,2.367e-05,
train,0,3.5e-07,
train,0,3.708e-05,
train,0,8.8e-07,
train,0,2.98e-06,
train,0,3.04e-06,
train,0,6.6e-07,
train,0,1.425e-05,
train,0,2.03e-06,
train,0,3.23e-05,
train,0,0.00120472,
train,0,2.785e-05,
train,0,2.51e-06,
train,0,4.86e-06,
train,0,1.34e-06,
train,0,3.21e-06,
train,0,5.8e-06,
train,0,6.3e-07,
train,0,6.6e-07,
train,0,3.07e-06,
train,0,4.161e-05,
train,0,3.29e-06,
train,0,4.23e-06,
train,0,2.33e-06,
train,0,2.95e-06,
train,0,9.49e-06,
train,0,2.14e-06,
train,0,7.73e-06,
train,0,5.1e-06,
train,0,1.725e-05,
train,0,8.36e-06,
train,0,1.61e-06,
train,0,1.32e-06,
train,0,1.51e-06,
train,0,5.8e-07,
train,0,8.7e-07,
train,0,4.85e-06,
train,0,3.8e-07,
train,0,1.88e-06,
train,0,2.06e-06,
train,0,5.7e-07,
train,0,1.38e-06,
train,0,2.1e-06,
train,0,1.72e-06,
train,0,7.03e-06,
train,0,1.89e-06,
train,0,6.9e-07,
train,0,3.49e-06,
train,0,1.13e-06,
train,0,1.75e-06,
train,0,2.2e-07,
train,0,2.4e-07,
train,0,9e-07,
train,0,1.368e-05,
train,0,4.2e-07,
train,0,1.52e-06,
train,0,1.9e-07,
train,0,7e-07,
train,0,9.3e-07,
train,0,1.17e-06,
train,0,1.52e-06,
train,0,1.8e-07,
train,0,6.3e-07,
train,0,9.7e-07,
train,0,1.17e-06,
train,0,2.77e-06,
train,0,1.301e-05,
train,0,3.9e-07,
train,0,6.4e-07,
train,0,2.5e-07,
train,0,1.33e-06,
train,0,4e-07,
train,0,4.94e-06,
train,0,6.4e-07,
train,0,6.33e-06,
train,0,3.5e-07,
train,0,9.9e-07,
train,0,3.25e-06,
train,0,1.57e-06,
train,0,3.32e-06,
train,0,8.897e-05,
train,0,6.9e-07,
train,0,2.89e-06,
train,0,2.62e-06,
train,0,1.71e-06,
train,0,3.6e-07,
train,0,1.87e-06,
train,0,4.48e-06,
train,0,1.74e-06,
train,0,9.8e-07,
train,0,6.117e-05,
train,0,1.817e-05,
train,0,4.4e-06,
train,0,9.6e-07,
train,0,2.83e-06,
train,0,5.45e-06,
train,0,3.35e-06,
train,0,1.59e-06,
train,0,8.5e-07,
train,0,1.08e-06,
train,0,1.1e-06,
train,0,7.04e-06,
train,0,2.302e-05,
train,0,6.7e-05,
train,0,1.12e-06,
train,0,4.71e-06,
train,0,9.5e-07,
train,0,0.00012726,
train,0,6.7e-07,
train,0,1.05e-06,
train,0,1.9e-07,
train,0,8.72e-06,
train,0,3.14e-06,
train,0,8.1e-07,
train,0,9.62e-06,
train,0,7.24e-06,
train,0,5.6e-07,
train,0,3.1e-06,
train,0,2.56e-06,
train,0,2.849e-05,
train,0,5.72e-06,
train,0,7.1e-07,
train,0,6.714e-05,
train,0,1.61e-06,
train,0,8.4e-07,
train,0,2.14e-06,
train,0,2.16e-06,
train,0,3.42e-06,
train,0,1.22e-06,
train,0,1.56e-06,
train,0,9.1e-06,
train,0,1.05e-06,
train,0,9.5e-07,
train,0,5.59e-06,
train,0,2.751e-05,
train,0,1.01e-06,
train,0,3.75e-06,
train,0,1.12e-06,
train,0,3.81e-06,
train,0,7.1e-07,
train,0,1e-06,
train,0,9.9e-07,
train,0,2.641e-05,
train,0,0.00048366,
train,0,3.8e-07,
train,0,2.7e-06,
train,0,9.6e-07,
train,0,9.4e-07,
train,0,1.75e-06,
train,0,2.69e-06,
train,0,9.7e-07,
train,0,2.17e-06,
train,0,1.596e-05,
train,0,3.83e-06,
train,0,9.2e-07,
train,0,7.2e-07,
train,0,1.57e-06,
train,0,7.5e-07,
train,0,1.957e-05,
train,0,8.6e-07,
train,0,1.41e-06,
train,0,9.1e-07,
train,0,2.24e-06,
train,0,1.35e-06,
train,0,1.588e-05,
train,0,1.93e-06,
train,0,2.31e-06,
train,0,9.7e-07,
train,0,5.3e-07,
train,0,9.4e-07,
train,0,6.9e-07,
train,0,8.37e-06,
train,0,3.15e-06,
train,0,1.13e-06,
train,0,0.00155726,
train,0,1e-06,
train,0,3.46e-06,
train,0,6e-07,
train,0,1.04e-06,
train,0,6.6e-07,
train,0,6.31e-06,
train,0,5.55e-06,
train,0,1.23e-06,
train,0,1.017e-05,
train,0,9.1e-07,
train,0,9e-07,
train,0,5.7e-07,
train,0,6.64e-06,
train,0,3.2e-07,
train,0,1.149e-05,
train,0,1.675e-05,
train,0,1.07e-06,
train,0,2.34e-06,
train,0,1.48e-06,
train,0,1.69e-06,
train,0,1.935e-05,
train,0,0.00012679,
train,0,1.23e-06,
train,0,2.8e-07,
train,0,2.16e-06,
train,0,1.06e-06,
train,0,1.702e-05,
train,0,9.4e-07,
train,0,6.5e-07,
train,0,1.43e-06,
train,0,6.99e-06,
train,0,1.71e-06,
train,0,1.48e-06,
train,0,1.46e-06,
train,0,1.96e-06,
train,0,2.82e-06,
train,0,5.34e-06,
train,0,1.05e-06,
train,0,3.82e-06,
train,0,9.6e-07,
train,0,1.63e-06,
train,0,1.312e-05,
train,0,6e-07,
train,0,1.08e-06,
train,0,1.716e-05,
train,0,3.09e-06,
train,0,5.33e-06,
train,0,2.57e-06,
train,0,2.2e-06,
train,0,1.4e-06,
train,0,3.31e-06,
train,0,1.013e-05,
train,0,2.05e-06,
train,0,8.67e-06,
train,0,1.4e-06,
train,0,1.51e-06,
train,0,3.1e-07,
train,0,5.94e-06,
train,0,1.6e-07,
train,0,5.2e-07,
train,0,0.00030958,
train,0,1.79e-06,
train,0,1.57e-06,
train,0,1.87e-06,
train,0,4.92e-06,
train,0,3.401e-05,
train,0,1.116e-05,
train,0,6.217e-05,
train,0,3.64e-06,
train,0,2.829e-05,
train,0,0.00050275,
train,0,6.69e-06,
train,0,3.36e-06,
train,0,8.8e-07,
train,0,3.7e-07,
train,0,1.5e-06,
train,0,2.61e-06,
train,0,6.57e-06,
train,0,1.07e-06,
train,0,1.3e-06,
train,0,2.56e-06,
train,0,5.95e-06,
train,0,1.627e-05,
train,0,4.35e-06,
train,0,1.647e-05,
train,0,1.18e-06,
train,0,3.78e-06,
train,0,1.771e-05,
train,0,1.92e-06,
train,0,9.12e-06,
train,0,1.15e-05,
train,0,1.45e-06,
train,0,4.95e-06,
train,0,2.84e-06,
train,0,1.01e-06,
train,0,2.65e-06,
train,0,1.23e-06,
train,0,1.32e-06,
train,0,2.1e-06,
train,0,0.00012159,
train,0,4.329e-05,
train,0,1.97e-06,
train,0,2.86e-06,
train,0,2.63e-06,
train,0,1.42e-06,
train,0,6.67e-06,
train,0,2.31e-06,
train,0,4.56e-06,
train,0,7.5e-07,
train,0,1.29e-06,
train,0,3.7e-07,
train,0,3.54e-06,
train,0,3.64e-06,
train,0,3.45e-06,
train,0,2.37e-06,
train,0,2.6e-07,
train,0,1.04e-06,
train,0,7.135e-05,
train,0,3.7e-06,
train,0,0.00469314,
train,0,3.21e-06,
train,0,5.97e-06,
train,0,1.193e-05,
train,0,6.63e-06,
train,0,3.09e-06,
train,0,6.5e-07,
train,0,4.49e-06,
train,0,4.58e-06,
train,0,2.19e-06,
train,0,1.75e-06,
train,0,1.545e-05,
train,0,1.121e-05,
train,0,1.29e-06,
train,0,8.97e-06,
train,0,3.04e-06,
train,0,1.84e-06,
train,0,8.9e-07,
train,0,6.04e-06,
train,0,2.896e-05,
train,0,8.4e-07,
train,0,0.00133504,
train,0,2.98e-06,
train,0,1.104e-05,
train,0,1.83e-06,
train,0,5.5e-07,
train,0,1.88e-06,
train,0,2.06e-06,
train,0,1.57e-06,
train,0,7.133e-05,
train,0,4.55e-06,
train,0,3.61e-06,
train,0,3.54e-05,
train,0,6.3e-07,
train,0,7.7e-07,
train,0,0.0004834,
train,0,1.2e-06,
train,0,4.5e-07,
train,0,4.7e-07,
train,0,4.33e-06,
train,0,4.07e-06,
train,0,1.75e-06,
train,0,5.69e-06,
train,0,3.84e-06,
train,0,6.17e-06,
train,0,6.51e-06,
train,0,1.34e-06,
train,0,1.66e-06,
train,0,1.25e-06,
train,0,1.46e-06,
train,0,5.8e-07,
train,0,4.06e-06,
train,0,4.665e-05,
train,0,5.63e-06,
train,0,3.3e-07,
train,0,7.32e-06,
train,0,5.61e-06,
train,0,1.722e-05,
train,0,0.00015188,
train,0,1.7e-06,
train,0,9.81e-06,
train,0,5.5e-07,
train,0,5.6e-07,
train,0,6.46e-06,
train,0,6.74e-06,
train,0,2.38e-06,
train,0,3.2e-07,
train,0,4.4e-07,
train,0,7.4e-07,
train,0,2.76e-06,
train,0,1.96e-06,
train,0,1.04e-06,
train,0,9.6e-07,
train,0,2.1e-06,
train,0,6.9e-07,
train,0,2.14e-06,
train,0,9.3e-07,
train,0,8.73e-06,
train,0,1.77e-06,
train,0,5.86e-06,
train,0,1.08e-06,
train,0,3e-07,
train,0,3.8e-07,
train,0,1.18e-06,
train,0,4e-07,
train,0,7.6e-07,
train,0,3.9e-06,
train,0,3.9e-07,
train,0,2.8e-06,
train,0,1.7e-07,
train,0,4.3e-07,
train,0,8e-07,
train,0,4.9e-07,
train,0,2.22e-06,
train,0,4.4e-07,
train,0,2.6e-06,
train,0,8.1e-07,
train,0,3.2e-07,
train,0,2.67e-06,
train,0,1.6e-06,
train,0,2.881e-05,
train,0,6.8e-07,
train,0,9.2e-07,
train,0,4.6e-07,
train,0,0.00010474,
train,0,1.5e-07,
train,0,8.5e-07,
train,0,2.25e-06,
train,0,2.3e-07,
train,0,0.00014767,
train,0,2.27e-06,
train,0,4.02e-06,
train,0,1.52e-06,
train,0,3.7e-07,
train,0,0.00040807,
train,0,7.655e-05,
train,0,2.87e-06,
train,0,2e-07,
train,0,3.57e-06,
train,0,2.7e-06,
train,0,6.81e-06,
train,0,4.88e-06,
train,0,1.69e-06,
train,0,1.02e-06,
train,0,2.564e-05,
train,0,2e-07,
train,0,1.55e-06,
train,0,9e-07,
train,0,1.36e-06,
train,0,7.06e-06,
train,0,1.08e-06,
train,0,1.858e-05,
train,0,6.5e-07,
train,0,8.9e-07,
train,0,7.4e-07,
train,0,1.11e-06,
train,0,2.95e-06,
train,0,2.55e-06,
train,0,8.8e-07,
train,0,1.32e-06,
train,0,1.39e-06,
train,0,0.00386025,
train,0,2.17e-06,
train,0,6.8e-07,
train,0,2.28e-06,
train,0,1.561e-05,
train,0,1.91e-06,
train,0,5.9e-07,
train,0,2.39e-06,
train,0,9.59e-06,
train,0,1.02e-06,
train,0,0.00026762,
train,0,4.3e-07,
train,0,7.07e-06,
train,0,3.899e-05,
train,0,1.54e-06,
train,0,8.57e-06,
train,0,6.98e-06,
train,0,8.66e-06,
train,0,2.88e-06,
train,0,4.76e-06,
train,0,7.7e-07,
train,0,3.3e-05,
train,0,1.739e-05,
train,0,3.25e-06,
train,0,1.9e-06,
train,0,1.302e-05,
train,0,2.36e-06,
train,0,1.62e-06,
train,0,8.504e-05,
train,0,6.15e-06,
train,0,0.00046047,
train,0,5.6e-07,
train,0,2.349e-05,
train,0,0.00028842,
train,0,2.08e-06,
train,0,9.9e-07,
train,0,3.29e-06,
train,0,1.23e-06,
train,0,1.941e-05,
train,0,1.12e-06,
train,0,7.11e-06,
train,0,3.11e-06,
train,0,4.8e-06,
train,0,3.79e-06,
train,0,1.97e-06,
train,0,1.27e-06,
train,0,1.15e-06,
train,0,2.2e-07,
train,0,5.5e-07,
train,0,3.14e-06,
train,0,3.4e-06,
train,0,4.18e-06,
train,0,1.67e-06,
train,0,6.18e-06,
train,0,2.12e-06,
train,0,8.4e-07,
train,0,1.16e-06,
train,0,1.988e-05,
train,0,1.32e-06,
train,0,7.7e-07,
train,0,3.01e-06,
train,0,7.9e-07,
train,0,9.003e-05,
train,0,3.91e-06,
train,0,1.229e-05,
train,0,1.83e-06,
train,0,8.7e-07,
train,0,2.05e-06,
train,0,7.8e-07,
train,0,0.0001885,
train,0,6.88e-06,
train,0,8.12e-06,
train,0,1.28e-06,
train,0,3.68e-06,
train,0,6.2e-07,
train,0,9.2e-07,
train,0,5.58e-06,
train,0,3.2e-07,
train,0,5.33e-06,
train,0,1.016e-05,
train,0,3.04e-06,
train,0,8.4e-07,
train,0,0.00038551,
train,0,1.05e-06,
train,0,2.9e-06,
train,0,3.32e-06,
train,0,5.2e-07,
train,0,2.79e-06,
train,0,3.7e-07,
train,0,1.69e-06,
train,0,2.98e-06,
train,0,4.46e-06,
train,0,9.58e-06,
train,0,8.1e-06,
train,0,2.04e-06,
train,0,1.18e-06,
train,0,3.297e-05,
train,0,8.3e-07,
train,0,1.77e-06,
train,0,3.4e-07,
train,0,1e-06,
train,0,4.73e-06,
train,0,1.217e-05,
train,0,5.01e-06,
train,0,5.4e-07,
train,0,1.08e-06,
train,0,3e-07,
train,0,9.59e-06,
train,0,2.9e-07,
train,0,9.4e-07,
train,0,6.5e-07,
train,0,9.3e-07,
train,0,1.12e-06,
train,0,3.9e-07,
train,0,5.3e-07,
train,0,2.3e-07,
train,0,5.2e-07,
train,0,3.9e-07,
train,0,6.12e-06,
train,0,2.8e-07,
train,0,7.3e-07,
train,0,0.00361983,
train,0,9.3e-07,
train,0,7e-07,
train,0,1.2e-06,
train,0,4.29e-06,
train,0,4.086e-05,
train,0,6.6e-07,
train,0,1.8e-07,
train,0,1.387e-05,
train,0,9e-07,
train,0,1.36e-06,
train,0,3.49e-06,
train,0,8.034e-05,
train,0,9.1e-07,
train,0,1.91e-06,
train,0,3.93e-06,
train,0,2.717e-05,
train,0,1.78e-06,
train,0,2.52e-06,
train,0,6.4e-07,
train,0,5.04e-06,
train,0,9.39e-06,
train,0,1.327e-05,
train,0,2.67e-06,
train,0,1.78e-06,
train,0,2.07e-06,
train,0,3.56e-06,
train,0,1.48e-06,
train,0,8.6e-06,
train,0,1.41e-06,
train,0,3.4e-06,
train,0,3.6e-07,
train,0,7.6e-07,
train,0,1.2e-06,
train,0,4.3e-06,
train,0,6.88e-06,
train,0,5.6e-06,
train,0,1.79e-05,
train,0,1.46e-06,
train,0,3.79e-06,
train,0,6.1e-07,
train,0,7.3e-07,
train,0,4.885e-05,
train,0,4.8e-07,
train,0,2.3e-06,
train,0,0.00023099,
train,0,3.7e-07,
train,0,3.36e-06,
train,0,2.59e-06,
train,0,6.6e-07,
train,0,1.3e-06,
train,0,7.683e-05,
train,0,5.988e-05,
train,0,3.3e-07,
train,0,2.24e-06,
train,0,1.47e-06,
train,0,9e-07,
train,0,3.78e-06,
train,0,6.3e-07,
train,0,1.409e-05,
train,0,1.999e-05,
train,0,1.62e-06,
train,0,5.79e-06,
train,0,3.89e-06,
train,0,9.3e-07,
train,0,2.6e-07,
train,0,1.332e-05,
train,0,4.2e-07,
train,0,1.14e-06,
train,0,6.9e-07,
train,0,9.1e-07,
train,0,6.34e-06,
train,0,3.47e-05,
train,0,0.0007023,
train,0,1.69e-05,
train,0,9.5e-07,
train,0,4.28e-06,
train,0,5.07e-06,
train,0,1.57e-06,
train,0,1.085e-05,
train,0,1.47e-06,
train,0,5.25e-06,
train,0,9.6e-07,
train,0,0.00016657,
train,0,1.66e-06,
train,0,9.8e-07,
train,0,5.226e-05,
train,0,1.73e-06,
train,0,1.37e-06,
train,0,2.04e-06,
train,0,9.3e-06,
train,0,1.424e-05,
train,0,1.92e-06,
train,0,0.00014103,
train,0,0.29705603,
train,0,0.00120609,
train,0,6.8e-07,
train,0,4.58e-06,
train,0,1.95e-06,
train,0,0.00020765,
train,0,3.76e-06,
train,0,7.079e-05,
train,0,3.36e-06,
train,0,9.6e-07,
train,0,1.27e-06,
train,0,3.19e-06,
train,0,1.88e-06,
train,0,3.18e-06,
train,0,1.096e-05,
train,0,9.44e-06,
train,0,2.139e-05,
train,0,9.3e-07,
train,0,4.56e-06,
train,0,6.78e-06,
train,0,2.82e-06,
train,0,8.6e-07,
train,0,8.59e-06,
train,0,6.25e-06,
train,0,7.6e-07,
train,0,6.4e-06,
train,0,1.498e-05,
train,0,1.446e-05,
train,0,7e-07,
train,0,6.113e-05,
train,0,0.0009921,
train,0,6.5e-07,
train,0,4.4e-06,
train,0,7.1e-06,
train,0,1.11e-06,
train,0,2.494e-05,
train,0,3.36e-06,
train,0,3.64e-06,
train,0,4.13e-06,
train,0,3.043e-05,
train,0,3.2e-07,
train,0,5.135e-05,
train,0,4.1e-07,
train,0,5.871e-05,
train,0,7.2e-06,
train,0,0.04928082,
train,0,0.01191901,
train,0,4.75e-06,
train,0,6e-07,
train,0,3.73e-06,
train,0,8.6e-07,
train,0,3.16e-06,
train,0,1.285e-05,
train,0,3.74e-06,
train,0,1.7e-06,
train,0,7.9e-07,
train,0,1.24e-06,
train,0,0.00012274,
train,0,8.3e-07,
train,0,7.05e-06,
train,0,2.33e-06,
train,0,9.17e-05,
train,0,6.8e-06,
train,0,8.6e-07,
train,0,0.00016693,
train,0,1.78e-06,
train,0,2.89e-06,
train,0,4e-06,
train,1,0.99895675,
train,0,2.618e-05,
train,0,1.143e-05,
train,0,2.587e-05,
train,0,9.84e-06,
train,0,1.2e-06,
train,0,6.5e-07,
train,0,5.13e-06,
train,0,7.1e-07,
train,0,1.88e-06,
train,0,1.9e-06,
train,0,6.4e-07,
train,0,3.38e-06,
train,0,1.003e-05,
train,0,6.9e-07,
train,0,1.97e-06,
train,0,0.0003879,
train,0,1.75e-06,
train,0,9e-07,
train,0,1.681e-05,
train,0,8.88e-06,
train,0,1.36e-06,
train,0,1.24e-06,
train,0,4.14e-06,
train,0,1.504e-05,
train,0,2.2e-06,
train,0,2.96e-06,
train,0,0.00072934,
train,0,6.665e-05,
train,0,7.532e-05,
train,0,3.33e-06,
train,0,6.5e-07,
train,0,2.22e-06,
train,0,1.5e-06,
train,0,3.78e-06,
train,0,1.465e-05,
train,0,2.38e-06,
train,0,0.0009208,
train,0,8.74e-06,
train,0,4.31e-06,
train,0,1.115e-05,
train,0,1.83e-06,
train,0,5.9e-07,
train,0,0.00063077,
train,0,1.969e-05,
train,0,4.3e-07,
train,0,5.573e-05,
train,0,3.22e-06,
train,0,3.59e-06,
train,0,1.46e-06,
train,0,6.9e-07,
train,0,3.03e-06,
train,0,1.21e-06,
train,0,1.16e-06,
train,0,8.7e-07,
train,0,3.1e-07,
train,0,1.34e-06,
train,0,2.1e-07,
train,0,1.139e-05,
train,0,5.4e-07,
train,0,4e-07,
train,0,0.00021493,
train,0,1.59e-06,
train,0,3.3e-06,
train,0,7.9e-07,
train,0,4.3e-07,
train,0,4.17e-06,
train,0,6.33e-06,
train,0,4.75e-06,
train,0,2.49e-06,
train,0,9.33e-06,
train,0,5.63e-06,
train,0,8.72e-06,
train,0,7.29e-06,
train,0,4.17e-06,
train,0,7.8e-07,
train,0,2.109e-05,
train,0,5.71e-06,
train,0,0.00166131,
train,0,1.66e-06,
train,0,1.104e-05,
train,0,1.08e-06,
train,0,7.59e-06,
train,0,2.36e-06,
train,0,2.02e-06,
train,0,0.00062524,
train,0,4.6e-07,
train,0,2.63e-06,
train,0,2.56e-05,
train,0,5.23e-06,
train,0,8.4e-07,
train,0,2.609e-05,
train,0,0.06078473,
train,0,0.00105878,
train,0,3.511e-05,
train,0,1.31e-06,
train,0,1.25e-06,
train,0,7.4e-07,
train,0,1.578e-05,
train,0,1.402e-05,
train,0,2.1e-06,
train,0,3.72e-06,
train,0,4.8e-07,
train,0,1.94e-06,
train,0,2.51e-06,
train,0,6.3e-07,
train,0,1.03e-06,
train,0,8.3e-07,
train,0,1.851e-05,
train,0,7.75e-06,
train,0,1.66e-06,
train,0,1.8e-07,
train,0,3.573e-05,
train,0,3.6e-07,
train,0,3.49e-06,
train,0,1.73e-06,
train,0,2.6e-07,
train,0,7.8e-07,
train,0,5.24e-06,
train,0,8.522e-05,
train,0,8.25e-06,
train,0,8e-07,
train,0,5.25e-06,
train,0,6.5e-07,
train,0,6.33e-06,
train,0,1.45e-06,
train,0,4.1e-07,
train,0,8.1e-07,
train,0,3.4e-07,
train,0,9.9e-07,
train,0,2.3e-07,
train,0,2.17e-06,
train,0,7.5e-07,
train,0,8.8e-07,
train,0,2.45e-06,
train,0,1.25e-06,
train,0,5.36e-06,
train,0,1.92e-06,
train,0,3.289e-05,
train,0,5.5e-07,
train,0,2.74e-06,
train,0,5.9e-07,
train,0,2.16e-06,
train,0,1.95e-06,
train,0,3.34e-06,
train,0,1.04e-06,
train,0,6.6e-07,
train,0,1.96e-06,
train,0,5.39e-06,
train,0,5.9e-07,
train,0,0.00084311,
train,0,3.4e-06,
train,0,0.012506,
train,0,7e-07,
train,0,1.67e-06,
train,0,2.29e-06,
train,0,0.00010975,
train,0,2.262e-05,
train,0,1.991e-05,
train,0,2.11e-06,
train,0,1.41e-06,
train,0,6.87e-06,
train,0,2.9e-06,
train,0,1.12e-06,
train,0,1.94e-06,
train,0,8.03e-06,
train,0,9.7e-07,
train,0,6.5e-07,
train,0,4.19e-06,
train,0,0.00015724,
train,0,5.38e-06,
train,0,7.45e-06,
train,0,7.8e-07,
train,0,4.9e-07,
train,0,2.729e-05,
train,0,3.16e-06,
train,0,5.1e-07,
train,0,4.36e-06,
train,0,5.5e-06,
train,0,2.22e-06,
train,0,1.16e-06,
train,0,6.5e-07,
train,0,1.57e-06,
train,0,8.55e-06,
train,0,4.549e-05,
train,0,3.99e-06,
train,0,9.28e-06,
train,0,7.25e-06,
train,0,7.12e-06,
train,0,2.24e-06,
train,0,2.108e-05,
train,0,1.51e-06,
train,0,2.51e-06,
train,0,5.73e-06,
train,0,5.189e-05,
train,0,2.369e-05,
train,0,3.03e-06,
train,0,6.6e-07,
train,0,1.45e-06,
train,0,9.9e-07,
train,0,1.15e-06,
train,0,3.6e-07,
train,0,1.203e-05,
train,0,5.35e-06,
train,0,1.24e-06,
train,0,1.44e-06,
train,0,4.24e-06,
train,0,2.24e-06,
train,0,2.22e-06,
train,0,7.11e-06,
train,0,2.74e-06,
train,0,2.5e-06,
train,0,1.12e-06,
train,0,3.14e-06,
train,0,2.93e-06,
train,0,4.58e-06,
train,0,9.1e-07,
train,0,1.055e-05,
train,0,1.246e-05,
train,0,3.14e-06,
train,0,6.3e-07,
train,0,1.468e-05,
train,0,0.00236936,
train,0,6.6e-07,
train,0,5.43e-06,
train,0,7.8e-07,
train,0,8.51e-06,
train,0,2.457e-05,
train,0,2.191e-05,
train,0,7.02e-06,
train,0,1.245e-05,
train,0,1.37e-06,
train,0,6.3e-07,
train,0,2.668e-05,
train,0,1.54e-06,
train,0,2.34e-06,
train,0,2.36e-06,
train,0,0.00012611,
train,0,1.233e-05,
train,0,0.0003135,
train,0,2.02e-06,
train,0,2.78e-06,
train,0,0.00271178,
train,0,1.971e-05,
train,0,6.781e-05,
train,0,7.9e-07,
train,0,3.67e-06,
train,0,5.5e-07,
train,0,2.1e-06,
train,0,2.768e-05,
train,0,4.07e-06,
train,1,0.99563697,
train,0,3.93e-06,
train,0,4.41e-06,
train,0,9.459e-05,
train,0,4.86e-06,
train,0,3.36e-06,
train,0,3.96e-06,
train,0,1.3e-06,
train,0,4.46e-06,
train,0,2.98e-06,
train,0,4.5e-06,
train,0,1e-06,
train,0,9.7e-07,
train,0,0.00016382,
train,0,8.69e-06,
train,0,1.42e-06,
train,0,6.87e-06,
train,0,1.91e-06,
train,0,1.096e-05,
train,0,3.93e-06,
train,0,3.55e-06,
train,0,2.87e-06,
train,0,9.8e-07,
train,0,6.47e-06,
train,0,6.7e-07,
train,0,9.6e-06,
train,0,3.33e-06,
train,0,5.06e-06,
train,0,2.19e-06,
train,0,0.00039166,
train,1,0.99378366,
train,0,3.6e-07,
train,0,2.67e-06,
train,0,6e-07,
train,0,5.27e-06,
train,0,1.53e-06,
train,0,1.03e-06,
train,0,6.638e-05,
train,0,1.62e-06,
train,0,7.9e-07,
train,0,2.15e-06,
train,0,1.042e-05,
train,0,3.5e-07,
train,0,1.89e-06,
train,0,1.772e-05,
train,0,7.8e-07,
train,0,1.48e-06,
train,0,0.00070905,
train,0,2.45e-06,
train,0,7.14e-06,
train,0,7.9e-07,
train,0,2.31e-06,
train,0,4.661e-05,
train,0,1.76e-06,
train,0,2.31e-06,
train,0,2.77e-06,
train,0,2.239e-05,
train,0,4.01e-06,
train,0,3.386e-05,
train,0,2.25e-06,
train,0,1.51e-06,
train,0,9.4e-07,
train,0,5.8e-07,
train,0,5.57e-06,
train,0,1.41e-06,
train,0,5.6e-07,
train,0,2.38e-06,
train,0,1.26e-05,
train,0,5.48e-06,
train,0,2.45e-06,
train,0,4.6e-07,
train,0,4.41e-06,
train,0,4e-07,
train,0,1.23e-06,
train,0,2.43e-06,
train,0,3e-06,
train,0,3.179e-05,
train,0,2.3e-07,
train,0,1.33e-06,
train,0,9.95e-06,
train,0,7.25e-06,
train,0,1.62e-06,
train,0,1.24e-05,
train,0,2.14e-06,
train,0,1.959e-05,
train,0,3.11e-06,
train,0,1.896e-05,
train,0,2.09e-06,
train,0,4.58e-06,
train,0,4.1e-07,
train,0,5e-07,
train,0,2.4e-07,
train,0,1.73e-06,
train,0,9.24e-06,
train,0,2.51e-06,
train,0,4.892e-05,
train,0,5.6e-07,
train,0,4.53e-06,
train,0,1.16e-06,
train,0,3.07e-06,
train,0,2.24e-06,
train,0,3.06e-06,
train,0,9e-07,
train,0,1.26e-06,
train,0,3.68e-06,
train,0,4.34e-06,
train,0,1.42e-06,
train,0,0.00017434,
train,0,1.49e-06,
train,0,2.77e-06,
train,0,2.16e-05,
train,0,2.38e-06,
train,0,2.51e-05,
train,0,5.66e-06,
train,0,7.83e-06,
train,0,1.11e-06,
train,0,2.2e-07,
train,0,2.52e-06,
train,0,1.94e-06,
train,0,2.076e-05,
train,0,4.927e-05,
train,0,3.28e-06,
train,0,3.27e-06,
train,0,1.614e-05,
train,0,2.81e-06,
train,0,2.85e-06,
train,0,1.344e-05,
train,0,3.9e-06,
train,0,7.519e-05,
train,0,2.72e-06,
train,0,9.7e-07,
train,0,8.7e-07,
train,0,3.97e-06,
train,0,5.39e-06,
train,0,5.66e-06,
train,0,3.31e-06,
train,0,7.7e-07,
train,0,1.57e-06,
train,0,9.6e-07,
train,0,4.81e-06,
train,0,2.3e-07,
train,0,7.7e-07,
train,0,6e-07,
train,0,2.76e-06,
train,0,9.9e-07,
train,0,4.96e-06,
train,0,1.16e-06,
train,0,7.1e-07,
train,0,6.5e-07,
train,0,1.089e-05,
train,0,3.85e-06,
train,0,2.19e-06,
train,0,6.9e-07,
train,0,4.139e-05,
train,0,1.7e-07,
train,0,2.95e-06,
train,0,4.5e-07,
train,0,4.1e-07,
train,0,6.3e-07,
train,0,3.6e-07,
train,0,2.9e-07,
train,0,7e-07,
train,0,2.5e-06,
train,0,2.23e-06,
train,0,1.46e-06,
train,0,1.71e-06,
train,0,4.4e-07,
train,0,5.4e-07,
train,0,8.36e-06,
train,0,1.78e-06,
train,0,6.9e-07,
train,0,6.9e-07,
train,0,7.7e-07,
train,0,1.44e-06,
train,0,2.51e-06,
train,0,7.29e-06,
train,0,4.88e-06,
train,0,8.9e-07,
train,0,1.37e-06,
train,0,1.03e-06,
train,0,9.6e-07,
train,0,3.2e-07,
train,0,4e-07,
train,0,4.98e-05,
train,0,2.15e-06,
train,0,2.06e-06,
train,0,4.83e-06,
train,0,7.6e-07,
train,0,5.54e-06,
train,0,3.3e-07,
train,0,1.7e-06,
train,0,9.9e-07,
train,0,4.3e-07,
train,0,3.695e-05,
train,0,3e-07,
train,0,1.51e-06,
train,0,3.64e-06,
train,0,1.43e-06,
train,0,2.26e-06,
train,0,6.1e-07,
train,0,1.95e-06,
train,0,8e-07,
train,0,6.38e-06,
train,0,1.82e-06,
train,0,8.3e-07,
train,0,2.19e-06,
train,0,2.16e-06,
train,0,6.9e-07,
train,0,2.37e-06,
train,0,2.516e-05,
train,0,1.1e-06,
train,0,3.18e-06,
train,0,4.59e-05,
train,0,6.7e-06,
train,0,1.304e-05,
train,0,1.08e-06,
train,0,4.7e-06,
train,0,0.00010694,
train,0,1.514e-05,
train,0,1.38e-06,
train,0,2.5e-06,
train,0,1.2e-07,
train,0,2.2e-07,
train,0,0.00021863,
train,0,7.05e-06,
train,0,1.47e-06,
train,0,4.92e-06,
train,0,7.85e-06,
train,0,5.9e-07,
train,0,5.27e-06,
train,0,5.51e-06,
train,0,2.46e-06,
train,0,1.456e-05,
train,0,4.49e-06,
train,0,2.37e-06,
train,0,1.33e-06,
train,0,5.428e-05,
train,0,1.74e-06,
train,0,2.73e-06,
train,0,0.01316093,
train,0,2.03e-06,
train,0,5.5e-07,
train,0,3.082e-05,
train,0,4.769e-05,
train,0,9.68e-06,
train,0,4.538e-05,
train,0,2.73e-06,
train,0,1.38e-06,
train,0,5.1e-07,
train,0,2.15e-06,
train,0,4e-06,
train,0,1.119e-05,
train,0,1.867e-05,
train,0,2.53e-05,
train,0,4.546e-05,
train,0,8.2e-07,
train,0,5.868e-05,
train,0,0.01995023,
train,0,1.42e-06,
train,0,4.3e-07,
train,0,1.59e-06,
train,0,1.442e-05,
train,0,1.39e-06,
train,0,2e-06,
train,0,1.08e-06,
train,0,1.28e-06,
train,0,1.55e-06,
train,0,9.8e-07,
train,0,1.265e-05,
train,0,1.11e-06,
train,0,9.2e-07,
train,0,0.00089216,
train,0,3.1e-07,
train,0,2.2e-06,
train,0,1.07e-06,
train,0,1.99e-06,
train,0,3.83e-05,
train,0,3.44e-06,
train,0,2.39e-06,
train,0,1.05e-06,
train,0,7.75e-06,
train,0,4.87e-06,
train,0,6.656e-05,
train,0,5.128e-05,
train,0,1.46e-06,
train,0,5.1e-07,
train,0,2.06e-06,
train,0,1.438e-05,
train,0,1.217e-05,
train,0,1.53e-06,
train,0,1.72e-06,
train,0,0.00701359,
train,0,8.04e-06,
train,0,9.358e-05,
train,0,3.68e-06,
train,0,8.5e-07,
train,0,9.1e-07,
train,0,3.24e-06,
train,0,3.56e-06,
train,0,2.6e-07,
train,0,6.5e-07,
train,0,2.64e-06,
train,0,1.328e-05,
train,0,1.117e-05,
train,0,3.217e-05,
train,0,1.464e-05,
train,0,1.046e-05,
train,0,2.97e-06,
train,0,5.45e-06,
train,0,5.9e-07,
train,0,2.25e-06,
train,0,2.8e-07,
train,0,1.26e-06,
train,0,7.02e-06,
train,0,4.9e-06,
train,0,1.56e-06,
train,0,2.057e-05,
train,0,1.732e-05,
train,0,2.15e-06,
train,0,5.2e-07,
train,0,3.826e-05,
train,0,3.47e-06,
train,0,2.64e-06,
train,0,5.1e-07,
train,0,1.309e-05,
train,0,2.1e-06,
train,0,1.6e-06,
train,0,4.1e-07,
train,0,1.204e-05,
train,0,3.08e-06,
train,0,4.73e-06,
train,0,4.242e-05,
train,0,2.13e-06,
train,0,1.69e-06,
train,0,3.9e-07,
train,0,4.57e-06,
train,0,5.26e-06,
train,0,1.18e-06,
train,0,1.01e-06,
train,0,3.02e-06,
train,0,2.26e-06,
train,0,3.1e-07,
train,0,4.47e-06,
train,0,2.37e-06,
train,0,1.02e-06,
train,0,2.159e-05,
train,0,9.8e-07,
train,0,2.12e-06,
train,0,1.47e-06,
train,0,4.96e-06,
train,0,8.4e-07,
train,0,1.9e-06,
train,0,3.54e-06,
train,0,1.811e-05,
train,0,2.782e-05,
train,0,1.03e-06,
train,0,4.5e-07,
train,0,3.12e-06,
train,0,1.41e-06,
train,0,9.3e-07,
train,0,1.156e-05,
train,0,4.1e-06,
train,0,1.14e-06,
train,0,6.5e-07,
train,0,3.8e-07,
train,0,3.86e-06,
train,0,1.61e-06,
train,0,1.11e-06,
train,0,7.6e-07,
train,0,0.00583614,
train,0,1.6e-07,
train,0,8.7e-07,
train,0,2.07e-06,
train,0,1.954e-05,
train,0,5.79e-06,
train,0,4.9e-07,
train,0,7.83e-06,
train,0,1.72e-06,
train,0,1.122e-05,
train,0,9.7e-07,
train,0,1.99e-06,
train,0,1.2e-06,
train,0,3.15e-06,
train,0,5.1e-07,
train,0,2.71e-06,
train,0,2.3e-06,
train,0,6.8e-07,
train,0,1.6e-07,
train,0,5.79e-06,
train,0,7.7e-07,
train,0,8.9e-07,
train,0,1.858e-05,
train,0,6.9e-07,
train,0,6.4e-06,
train,0,4.511e-05,
train,0,3.8e-07,
train,0,1.72e-06,
train,0,1.22e-06,
train,0,9.5e-07,
train,0,9.7e-07,
train,0,2.26e-06,
train,0,2.72e-06,
train,0,5.6e-07,
train,0,6.78e-06,
train,0,3.4e-06,
train,0,4.85e-06,
train,0,4.84e-06,
train,0,6.1e-07,
train,0,6.91e-06,
train,0,3.1e-07,
train,0,8.6e-07,
train,0,1.304e-05,
train,0,3.82e-06,
train,0,1.551e-05,
train,0,1.47e-06,
train,0,8.31e-06,
train,0,2.09e-06,
train,0,0.00050956,
train,0,5.67e-06,
train,0,3.41e-06,
train,0,1.625e-05,
train,0,2.27e-06,
train,0,2.7e-07,
train,0,2.01e-06,
train,0,0.15051196,
train,0,3.426e-05,
train,0,4.06e-06,
train,0,2.57e-06,
train,0,4.2e-07,
train,0,7.15e-06,
train,0,2.417e-05,
train,0,8.864e-05,
train,0,3.27e-06,
train,0,1.23e-06,
train,0,3.1e-06,
train,0,2.51e-06,
train,0,1.371e-05,
train,0,5.6e-07,
train,0,2.26e-06,
train,0,7.7e-06,
train,0,0.00015989,
train,0,2.959e-05,
train,0,4.54e-06,
train,0,3.78e-06,
train,0,0.00010505,
train,0,1.58e-06,
train,0,4.207e-05,
train,0,7.99e-06,
train,0,9.67e-06,
train,0,6.63e-06,
train,0,8.5e-07,
train,0,7.9e-07,
train,0,1.24e-06,
train,0,1.547e-05,
train,0,4.1e-06,
train,0,3.33e-06,
train,0,3.05e-06,
train,0,3.06e-06,
train,0,2.26e-06,
train,0,2.3e-06,
train,0,6e-07,
train,0,4.59e-06,
train,0,2.7e-06,
train,0,9.3e-07,
train,0,1.77e-06,
train,0,3.7e-07,
train,0,4.1e-06,
train,0,2.8e-06,
train,0,0.00014486,
train,0,3.74e-05,
train,0,1.37e-06,
train,0,0.0074298,
train,0,0.00121241,
train,0,1.32e-06,
train,0,8.3e-07,
train,0,1.18e-06,
train,0,2.23e-06,
train,0,9.49e-06,
train,0,3.063e-05,
train,0,7.14e-06,
train,0,1.85e-06,
train,0,3.26e-06,
train,0,2.849e-05,
train,0,0.00028033,
train,0,1.55e-06,
train,0,3.82e-06,
train,0,1.007e-05,
train,0,5.9e-06,
train,0,1.9e-06,
train,0,2.09e-06,
train,0,2.004e-05,
train,0,5.7e-06,
train,0,1.55e-06,
train,0,8.58e-06,
train,0,1.65e-05,
train,0,2.68e-06,
train,0,3.14e-06,
train,0,6.667e-05,
train,0,1.67e-06,
train,0,0.00012422,
train,0,4.88e-06,
train,0,1.243e-05,
train,0,3.712e-05,
train,0,3.672e-05,
train,0,1.13e-06,
train,0,6.69e-06,
train,0,1.426e-05,
train,0,1.46e-06,
train,0,5.178e-05,
train,0,3.1e-05,
train,0,0.00071523,
train,0,4.18e-06,
train,1,0.99910424,
train,0,1.4e-05,
train,0,4.29e-06,
train,0,4.174e-05,
train,0,1.216e-05,
train,0,8.21e-06,
train,0,0.00502349,
train,0,0.00010741,
train,0,2.45e-06,
train,1,0.99984647,
train,0,3.53e-06,
train,0,4.53e-06,
train,0,1.55e-06,
train,0,4.64e-06,
train,0,5.93e-06,
train,0,3.757e-05,
train,0,4.24e-06,
train,0,4.74e-06,
train,0,4.01e-06,
train,0,1.434e-05,
train,0,2.111e-05,
train,0,7.41e-06,
train,0,4.38e-06,
train,0,2.058e-05,
train,0,4.55e-06,
train,0,4.62e-06,
train,0,9.47e-06,
train,0,2.08e-06,
train,0,1.99e-06,
train,0,6.3e-07,
train,1,0.99985237,
train,0,5.4e-07,
train,0,2.01e-06,
train,0,7.458e-05,
train,0,5.27e-06,
train,0,7.6e-07,
train,0,2.18e-06,
train,0,2.46e-05,
train,0,1.092e-05,
train,0,2.54e-06,
train,0,1.16e-06,
train,0,2.319e-05,
train,0,0.00042697,
train,0,7.2e-07,
train,0,0.00016578,
train,0,9.66e-06,
train,0,2.12e-06,
train,0,1.193e-05,
train,0,3.07e-05,
train,0,0.0006753,
train,0,1.07e-06,
train,0,2.6e-06,
train,0,1.61e-06,
train,0,1.13e-06,
train,0,1.72e-06,
train,0,4.37e-06,
train,0,1.89e-06,
train,0,2.26e-06,
train,0,7.57e-05,
train,0,1.35e-06,
train,0,1.32e-06,
train,0,4.75e-06,
train,0,1.932e-05,
train,0,0.00173891,
train,0,0.01019486,
train,0,5.33e-06,
train,0,2.34e-06,
train,0,1.16e-06,
train,0,1.66e-06,
train,0,4.97e-06,
train,0,1.86e-06,
train,0,1.72e-06,
train,0,6.56e-06,
train,0,2.98e-06,
train,0,1.77e-06,
train,0,6.01e-06,
train,0,2.38e-06,
train,0,7.26e-06,
train,0,9.2e-07,
train,0,2.602e-05,
train,0,3.96e-06,
train,0,8.3e-07,
train,0,6.3e-07,
train,0,1.524e-05,
train,0,4.91e-06,
train,0,3.552e-05,
train,0,4.63e-06,
train,0,3.35e-06,
train,0,0.00051126,
train,0,1.56e-06,
train,0,3.9e-07,
train,0,2.35e-06,
train,0,1.65e-06,
train,0,9.169e-05,
train,0,1.26e-06,
train,0,5.29e-06,
train,0,5.42e-06,
train,0,2.07e-06,
train,0,2.95e-06,
train,0,1.72e-06,
train,0,2.827e-05,
train,0,3.45e-06,
train,0,2.1e-06,
train,0,1.8e-07,
train,0,7.5e-07,
train,0,1.818e-05,
train,0,2.827e-05,
train,0,0.01134276,
train,0,1.25e-06,
train,0,9.2e-07,
train,0,0.00049871,
train,0,1.6e-06,
train,0,1.38e-06,
train,0,1.53e-06,
train,0,0.00296709,
train,0,3.74e-06,
train,0,1.139e-05,
train,0,1.02e-06,
train,0,3.688e-05,
train,0,9.2e-07,
train,0,0.35876685,
train,0,4.81e-06,
train,0,1.039e-05,
train,0,4.4e-06,
train,0,5.76e-06,
train,0,0.00038448,
train,0,6.79e-06,
train,0,1.87e-06,
train,0,6.24e-06,
train,0,8.29e-06,
train,0,3.2e-07,
train,0,3.41e-06,
train,0,8.26e-06,
train,0,2.06e-05,
train,0,1.73e-06,
train,0,4.38e-06,
train,0,2.266e-05,
train,0,1.92e-06,
train,0,2.764e-05,
train,0,1.22e-05,
train,0,4.02e-06,
train,0,7.28e-06,
train,0,1.76e-06,
train,0,6.992e-05,
train,0,0.00010107,
train,0,2.273e-05,
train,0,6.4e-07,
train,0,2.51e-06,
train,0,7.1e-07,
train,0,1.855e-05,
train,0,3.59e-06,
train,0,9.5e-06,
train,0,1.12e-06,
train,0,8.84e-06,
train,0,4.08e-06,
train,0,7.6e-07,
train,0,7.6e-07,
train,0,1.3e-06,
train,0,5.59e-06,
train,0,1.023e-05,
train,0,4.76e-06,
train,0,1.13e-06,
train,0,4e-07,
train,0,8.57e-06,
train,0,8.76e-06,
train,0,3.6e-07,
train,0,1.63e-06,
train,0,8.1e-07,
train,0,3.65e-06,
train,0,3.8e-07,
train,0,0.00017964,
train,0,6.2e-07,
train,0,1.9e-07,
train,0,1.721e-05,
train,0,0.01358623,
train,0,8e-07,
train,0,2.374e-05,
train,0,5.8e-07,
train,0,3.28e-06,
train,0,9.461e-05,
train,0,5.144e-05,
train,0,3.7e-07,
train,0,7.46e-06,
train,0,8.7e-06,
train,0,5.87e-06,
train,0,2.71e-06,
train,0,1.32e-06,
train,0,1.56e-06,
train,0,3.54e-06,
train,0,0.00160032,
train,0,8.46e-06,
train,0,1.19e-06,
train,0,3.418e-05,
train,0,9.21e-06,
train,0,1.97e-06,
train,0,5.746e-05,
train,0,5.1e-07,
train,0,0.00020979,
train,0,5.251e-05,
train,0,3.5e-07,
train,0,2.48e-06,
train,0,5.48e-06,
train,0,1.093e-05,
train,0,1.42e-06,
train,0,2.37e-06,
train,0,4.4e-07,
train,0,1.04e-06,
train,0,1.57e-06,
train,0,2.3e-06,
train,0,3.15e-06,
train,0,5.179e-05,
train,0,1.66e-06,
train,0,5.5e-07,
train,0,1.65e-06,
train,0,3.2e-06,
train,0,4.08e-06,
train,0,1.94e-06,
train,0,1.19e-06,
train,0,6.5e-07,
train,0,4.978e-05,
train,0,1.2e-06,
train,0,0.0002126,
train,0,8.1e-07,
train,0,2.16e-06,
train,0,3.5e-07,
train,0,5.03e-06,
train,0,1.97e-06,
train,0,1.04e-06,
train,0,0.00017391,
train,0,3.7e-07,
train,0,1.965e-05,
train,0,1.52e-06,
train,0,0.00018804,
train,0,4.49e-06,
train,0,1.003e-05,
train,0,1.238e-05,
train,0,8.304e-05,
train,0,1.489e-05,
train,0,1.5e-06,
train,0,1.91e-06,
train,0,4.4e-07,
train,0,1.07e-05,
train,0,1.389e-05,
train,0,3.9e-07,
train,0,6.09e-06,
train,0,5.6e-07,
train,0,2.04e-06,
train,0,3.05e-06,
train,0,1.51e-06,
train,0,7.7e-07,
train,0,8.9e-07,
train,0,7.567e-05,
train,0,6.39e-06,
train,0,6.182e-05,
train,0,1.21e-06,
train,0,5.8e-06,
train,0,1.81e-06,
train,0,1.406e-05,
train,0,2.67e-06,
train,0,1.715e-05,
train,0,7.9e-07,
train,0,2.93e-06,
train,0,3.7e-07,
train,0,1.38e-06,
train,0,1.13e-06,
train,0,5.34e-06,
train,0,7.77e-06,
train,0,5.243e-05,
train,0,0.00070304,
train,0,2.903e-05,
train,0,9.427e-05,
train,0,0.00105643,
train,0,1.343e-05,
train,0,3.9e-06,
train,1,0.99868894,
train,0,5.386e-05,
train,0,3.441e-05,
train,0,1.04e-06,
train,0,2.16e-06,
train,0,3.218e-05,
train,0,1.24e-06,
train,1,0.99988512,
train,0,1.74e-06,
train,0,7.7e-07,
train,0,4.74e-06,
train,0,1.339e-05,
train,0,6.3e-07,
train,0,1.99e-06,
train,0,9e-07,
train,0,1.048e-05,
train,0,2.04e-06,
train,1,0.99945838,
train,0,3.791e-05,
train,0,7.1e-07,
train,0,1.065e-05,
train,0,4.7e-07,
train,0,1.45e-06,
train,0,4.21e-06,
train,0,3.1e-07,
train,0,3.2e-07,
train,0,2.1e-07,
train,0,5.33e-06,
train,0,6.6e-07,
train,0,3.3e-07,
train,0,0.00235586,
train,0,1.58e-06,
train,0,1.38e-06,
train,0,4.1e-06,
train,0,6e-07,
train,0,3.9e-07,
train,0,1.034e-05,
train,0,7.6e-07,
train,0,1.176e-05,
train,0,1.476e-05,
train,0,3.8e-07,
train,0,6.11e-06,
train,0,6.52e-06,
train,0,1.11e-06,
train,0,1.3e-06,
train,0,9.8e-07,
train,0,2.32e-06,
train,0,2.6e-06,
train,0,0.0008887,
train,0,2.565e-05,
train,0,2.47e-06,
train,0,4.46e-06,
train,0,1.638e-05,
train,0,0.00016681,
train,0,1.74e-06,
train,0,7.81e-06,
train,0,0.00015823,
train,0,1.609e-05,
train,0,9.96e-06,
train,0,1.688e-05,
train,0,9.1e-07,
train,0,3e-06,
train,0,5.45e-06,
train,0,4.42e-05,
train,0,4.84e-06,
train,0,1.4e-06,
train,0,4.38e-06,
train,0,3.687e-05,
train,0,4.291e-05,
train,0,4.005e-05,
train,0,1.23e-06,
train,0,5.2e-07,
train,0,1.36e-06,
train,0,7.28e-06,
train,0,0.00229914,
train,0,0.00033831,
train,0,2.76e-06,
train,1,0.99965342,
train,0,1.49e-06,
train,0,8.7e-07,
train,0,2.6e-07,
train,0,0.00013903,
train,1,0.99976459,
train,0,6.66e-06,
train,0,3.79e-06,
train,0,3.106e-05,
train,0,1.393e-05,
train,0,0.22245816,
train,0,1.073e-05,
train,0,5.97e-06,
train,0,5.09e-06,
train,0,0.00341077,
train,0,1.04e-06,
train,0,8.4e-07,
train,0,1.7e-06,
train,0,4.858e-05,
train,0,6.484e-05,
train,0,2.77e-06,
train,0,1.89e-06,
train,0,1.44e-06,
train,0,4.6e-07,
train,0,6.8e-07,
train,0,3.7e-06,
train,0,1.56e-06,
train,0,0.00019888,
train,0,1.53e-06,
train,0,1.05e-06,
train,0,0.00021272,
train,0,0.00400493,
train,0,1.83e-06,
train,0,1.65e-06,
train,0,5.49e-06,
train,0,1.521e-05,
train,0,2.06e-06,
train,0,3.36e-06,
train,0,2.82e-06,
train,0,1.98e-06,
train,0,1.12e-06,
train,0,3.67e-06,
train,0,1.33e-06,
train,0,9.97e-06,
train,0,7.32e-06,
train,0,9.94e-06,
train,0,1.41e-06,
train,0,1.819e-05,
train,0,1.95e-06,
train,0,1.163e-05,
train,0,4.46e-06,
train,0,0.01383434,
train,0,2.61e-06,
train,0,2.33e-06,
train,0,3.35e-06,
train,0,1.41e-06,
train,0,1.48e-06,
train,0,6.08e-06,
train,0,3.11e-06,
train,0,2.32e-06,
train,0,2.667e-05,
train,0,6.52e-06,
train,0,1.19e-06,
train,0,3.01e-06,
train,0,5.1e-07,
train,0,6.5e-07,
train,0,5.21e-06,
train,0,0.00054851,
train,1,0.99784021,
train,0,7.26e-06,
train,0,5.55e-06,
train,0,7.947e-05,
train,0,1.48e-06,
train,0,3.35e-06,
train,1,0.9993091,
train,0,1.4e-06,
train,0,1.3e-06,
train,0,2.014e-05,
train,0,7.2e-07,
train,0,8.2e-07,
train,0,3.37e-06,
train,1,0.9997757,
train,0,1.052e-05,
train,0,1.53e-06,
train,1,0.99991177,
train,0,2e-06,
train,0,8.8e-07,
train,0,1.2e-06,
train,0,1.34e-06,
train,0,8.9e-07,
train,0,5.33e-06,
train,0,2.82e-06,
train,0,2.064e-05,
train,0,0.00017199,
train,0,0.00029141,
train,0,7.71e-06,
train,0,9e-07,
train,0,2.49e-06,
train,0,1.5e-06,
train,0,2.64e-06,
train,0,3.46e-06,
train,0,3.23e-06,
train,0,3.45e-06,
train,0,1.17e-06,
train,0,8.76e-06,
train,0,4.7e-07,
train,0,1.9e-07,
train,0,1.02e-06,
train,0,1.01e-06,
train,0,4.7e-07,
train,0,3.39e-06,
train,0,1.59e-06,
train,0,2.987e-05,
train,0,1.656e-05,
train,0,6.14e-06,
train,0,3.06e-06,
train,0,8e-07,
train,0,7.93e-06,
train,0,9.31e-06,
train,0,3.6e-07,
train,0,5.7e-07,
train,0,9.13e-06,
train,0,4.77e-06,
train,0,1.17e-06,
train,0,6.88e-06,
train,0,2.99e-06,
train,0,1.25e-06,
train,0,2.52e-06,
train,0,1.99e-06,
train,0,5.52e-06,
train,0,9.344e-05,
train,0,4.67e-06,
train,0,1.7e-07,
train,0,8.3e-07,
train,0,5.51e-06,
train,0,4.2e-06,
train,0,7.9e-07,
train,0,6.6e-07,
train,0,1.1e-06,
train,0,4.44e-06,
train,0,6.9e-07,
train,0,1.5e-06,
train,0,2.374e-05,
train,0,4.6e-07,
train,0,3.24e-06,
train,0,7.23e-06,
train,0,3.05e-06,
train,0,1.24e-06,
train,0,9.4e-07,
train,0,5.5e-07,
train,0,5.941e-05,
train,0,7.388e-05,
train,0,2.98e-06,
train,0,1.38e-06,
train,0,4.1e-06,
train,0,2.4e-07,
train,0,8.89e-06,
train,0,1.09e-06,
train,0,1.218e-05,
train,0,1.41e-06,
train,0,9.4e-07,
train,0,5.5e-07,
train,0,7.8e-07,
train,0,5.6e-06,
train,0,6.4e-07,
train,0,2.6e-07,
train,0,7.61e-06,
train,0,2.16e-06,
train,0,3.7e-07,
train,0,4e-07,
train,0,2.32e-06,
train,0,5.7e-07,
train,0,2.9e-07,
train,0,5.52e-06,
train,0,0.18482193,
train,0,2.77e-06,
train,0,8.4e-07,
train,0,0.00015802,
train,0,2.02e-06,
train,0,6.8e-07,
train,0,9e-07,
train,0,0.00010556,
train,0,6.64e-06,
train,0,2.8e-07,
train,0,6.74e-06,
train,0,7.24e-06,
train,0,8e-07,
train,0,7.9e-07,
train,0,1.621e-05,
train,0,1.17e-06,
train,0,1.34e-06,
train,0,3.02e-06,
train,0,4.19e-06,
train,0,0.00029791,
train,0,6.4e-07,
train,0,1.29e-06,
train,0,2.14e-06,
train,0,4e-07,
train,0,1.05e-06,
train,0,0.00072922,
train,0,4.907e-05,
train,0,4.6e-07,
train,0,1.03e-06,
train,0,3.7e-07,
train,0,5.15e-06,
train,0,2.19e-06,
train,0,3.4e-07,
train,0,8.9e-07,
train,0,2.48e-06,
train,0,1.866e-05,
train,0,4e-07,
train,0,1.84e-06,
train,0,3.377e-05,
train,0,3.206e-05,
train,0,1.02e-06,
train,0,5.16e-06,
train,0,9.3e-07,
train,0,6.7e-07,
train,0,6.3e-07,
train,0,0.00022441,
train,0,1.449e-05,
train,0,2.07e-06,
train,0,2.37e-06,
train,0,2.03e-06,
train,0,3.54e-06,
train,0,3.02e-06,
train,0,5.7e-07,
train,0,4.294e-05,
train,0,7.81e-06,
train,0,1.14e-06,
train,0,3.925e-05,
train,0,1.3e-06,
train,0,6.8e-07,
train,0,6.53e-06,
train,0,9.6e-07,
train,0,1.34e-06,
train,0,8.39e-06,
train,0,1.46e-06,
train,0,7.81e-06,
train,0,2.33e-06,
train,0,4.06e-06,
train,0,3.44e-06,
train,0,0.00278077,
train,0,9.4e-07,
train,0,7.47e-06,
train,0,3.71e-06,
train,0,3.28e-06,
train,0,2.96e-06,
train,0,0.0002901,
train,0,1.51e-06,
train,0,5.2e-06,
train,0,6.24e-06,
train,0,0.00105204,
train,0,1.595e-05,
train,0,1.89e-06,
train,0,0.00039911,
train,0,7.7e-07,
train,0,1.14e-06,
train,0,1.989e-05,
train,0,7.1e-07,
train,0,1.09e-06,
train,1,0.99875423,
train,0,1.5e-06,
train,0,1.16e-06,
train,0,0.0003923,
train,0,5.5e-06,
train,0,3e-07,
train,0,2.5e-06,
train,0,1.739e-05,
train,0,0.00018074,
train,0,1.294e-05,
train,0,8.5e-07,
train,0,2.85e-06,
train,0,1.91e-06,
train,0,2.65e-06,
train,0,0.00019514,
train,0,5.94e-06,
train,0,6.5e-07,
train,0,2.41e-06,
train,0,1.232e-05,
train,0,4.9e-07,
train,0,1.1e-07,
train,0,1.14e-06,
train,0,9.3e-07,
train,0,7.59e-06,
train,0,0.00013185,
train,0,2.97e-06,
train,0,9.26e-06,
train,0,1.861e-05,
train,0,1.837e-05,
train,0,2.7e-07,
train,0,8.03e-06,
train,0,1.86e-06,
train,0,4.81e-06,
train,0,1.9e-07,
train,0,7e-06,
train,0,5.897e-05,
train,0,0.00011915,
train,0,1.21e-05,
train,0,7.342e-05,
train,0,1.471e-05,
train,0,7.219e-05,
train,0,7.563e-05,
train,0,9.7e-07,
train,0,4.36e-06,
train,0,1.88e-06,
train,0,2.37e-06,
train,0,1.06e-06,
train,1,0.99755095,
train,0,1.54e-06,
train,0,1.17e-06,
train,0,3.29e-06,
train,0,3.9e-07,
train,0,2.95e-06,
train,0,6.01e-06,
train,0,1.55e-06,
train,0,1.03e-06,
train,0,2.16e-06,
train,0,1.285e-05,
train,0,6.17e-06,
train,0,8.6e-07,
train,0,3.8e-06,
train,0,1.024e-05,
train,0,1.129e-05,
train,0,3.41e-06,
train,0,1.93e-06,
train,0,9.33e-06,
train,0,6e-07,
train,0,4.958e-05,
train,0,2.11e-06,
train,0,6.5e-07,
train,0,9.547e-05,
train,0,3.501e-05,
train,0,4.26e-06,
train,0,4.77e-06,
train,0,2.12e-06,
train,0,1.13e-06,
train,0,2.097e-05,
train,0,3.8e-07,
train,0,1.391e-05,
train,0,5.8e-06,
train,0,3.73e-06,
train,0,1.262e-05,
train,0,2.489e-05,
train,0,1.98e-06,
train,0,1.861e-05,
train,0,0.01076705,
train,0,9.7e-07,
train,0,0.00010343,
train,0,1.076e-05,
train,0,1.9e-06,
train,0,8.1e-07,
train,0,1.084e-05,
train,0,1.224e-05,
train,0,3.83e-06,
train,0,1.08e-06,
train,0,5.14e-06,
train,0,1.16e-06,
train,0,0.00149507,
train,0,1.32e-06,
train,0,4.713e-05,
train,0,8.85e-06,
train,0,1.59e-06,
train,0,1.065e-05,
train,0,3.672e-05,
train,0,0.00032559,
train,0,2.03e-06,
train,0,2.001e-05,
train,0,0.00011163,
train,0,4.869e-05,
train,0,2.75e-06,
train,0,8.5e-07,
train,0,2.42e-06,
train,0,8.9e-07,
train,0,0.00034598,
train,0,1.336e-05,
train,0,6.51e-06,
train,0,6.1e-07,
train,0,0.11062981,
train,0,9.76e-06,
train,0,2.61e-06,
train,0,1.01e-06,
train,0,9.31e-06,
train,0,3.09e-06,
train,0,4.3e-07,
train,0,2.236e-05,
train,0,2.942e-05,
train,0,0.00606794,
train,0,1.39e-06,
train,0,0.00110804,
train,0,4.1e-07,
train,0,8.3e-07,
train,0,0.00011617,
train,0,9.8e-07,
train,0,1.81e-06,
train,0,1.79e-06,
train,0,2.63e-06,
train,0,8.034e-05,
train,0,6.52e-06,
train,0,0.0053551,
train,0,1.77e-06,
train,0,8.7e-07,
train,0,8.6e-07,
train,0,2.06e-06,
train,0,1.294e-05,
train,0,0.010952,
train,0,2.3e-06,
train,0,0.00295395,
train,0,0.00323575,
train,0,4.995e-05,
train,0,2.62e-06,
train,0,3.1e-06,
train,0,3.228e-05,
train,0,0.00255889,
train,0,0.00023341,
train,0,7.35e-06,
train,0,1.8e-06,
train,0,9.52e-06,
train,0,1.76e-06,
train,0,1.39e-05,
train,0,5.83e-06,
train,0,9.52e-06,
train,0,7.3e-07,
train,0,2.19e-06,
train,0,1.858e-05,
train,0,4.73e-06,
train,0,7.3e-07,
train,0,1.21e-06,
train,0,1.568e-05,
train,0,7.58e-06,
train,0,0.00180292,
train,0,1.1e-06,
train,0,6.8e-07,
train,0,6.46e-06,
train,0,2.12e-06,
train,0,3.04e-06,
train,0,4.8e-07,
train,0,1.603e-05,
train,0,2.66e-06,
train,0,0.00012611,
train,0,2.525e-05,
train,0,8.719e-05,
train,0,8.7e-07,
train,0,4.56e-06,
train,0,9.85e-06,
train,0,1.135e-05,
train,0,3.92e-06,
train,0,2.96e-06,
train,0,0.00011495,
train,0,4.789e-05,
train,0,4.44e-06,
train,0,6.112e-05,
train,0,1.832e-05,
train,0,2.49e-06,
train,0,5.4e-07,
train,0,2.27e-06,
train,0,7.2e-07,
train,0,0.00198326,
train,0,1.22e-06,
train,0,1.16e-06,
train,0,1.34e-06,
train,0,8.48e-06,
train,0,3.51e-06,
train,0,4.55e-06,
train,0,4e-06,
train,0,0.00012699,
train,0,3.96e-06,
train,0,3.3e-07,
train,0,8.839e-05,
train,0,9.2e-07,
train,0,0.00012969,
train,0,6.1e-07,
train,0,3.042e-05,
train,0,5.12e-06,
train,0,1.22e-05,
train,1,0.9958241,
train,0,3.28e-06,
train,0,4.41e-06,
train,0,1.509e-05,
train,0,4.06e-06,
train,0,1.071e-05,
train,0,8.6e-07,
train,0,1.233e-05,
train,0,0.00030295,
train,0,3.734e-05,
train,0,0.00511975,
train,0,1.07e-06,
train,0,4.7e-07,
train,0,1.34e-06,
train,0,7.6e-07,
train,1,0.99856639,
train,0,1.556e-05,
train,0,4.69e-06,
train,0,2.063e-05,
train,0,5.55e-06,
train,0,2.15e-06,
train,0,1.024e-05,
train,0,2.73e-06,
train,0,0.00016281,
train,0,4.89e-06,
train,0,2.158e-05,
train,0,0.94585421,
train,0,0.00109434,
train,0,0.00018482,
train,0,4.69e-06,
train,0,2.007e-05,
train,0,4.09e-06,
train,0,9.82e-06,
train,0,6.44e-06,
train,0,3.089e-05,
train,0,1.13e-06,
train,0,0.00023065,
train,0,2.84e-06,
train,0,1.048e-05,
train,0,5.37e-06,
train,1,0.99958895,
train,0,3.09e-06,
train,0,4.645e-05,
train,0,2.26e-06,
train,0,1.581e-05,
train,0,1.79e-06,
train,0,3.58e-06,
train,0,0.00021853,
train,0,4.24e-06,
train,0,3.13e-05,
train,0,3.47e-06,
train,0,5.6e-07,
train,0,2.59e-06,
train,0,8.599e-05,
train,0,0.03552404,
train,0,0.000132,
train,0,3.041e-05,
train,0,1.222e-05,
train,0,2.08e-06,
train,0,7.26e-06,
train,0,1.87e-06,
train,0,7.2e-06,
train,0,0.00034202,
train,0,2.792e-05,
train,0,1.06e-06,
train,0,4.11e-06,
train,0,3.8e-07,
train,0,1.38e-06,
train,0,4.14e-06,
train,0,7.7e-07,
train,0,1.33e-06,
train,0,2.93e-06,
train,0,1.16e-05,
train,0,1.554e-05,
train,0,1.57e-06,
train,0,4.011e-05,
train,0,3.132e-05,
train,1,0.99906048,
train,0,0.05002982,
train,0,4.1e-07,
train,0,9.7e-07,
train,0,3.66e-06,
train,0,2.88e-06,
train,0,2.28e-06,
train,0,0.0003626,
train,0,2.298e-05,
train,0,1.84e-06,
train,0,0.00088541,
train,0,7.13e-06,
train,0,1.249e-05,
train,0,4.1e-07,
train,0,1.677e-05,
train,0,2.86e-06,
train,0,1.86e-05,
train,0,0.02611491,
train,0,3.58e-06,
train,0,0.00023311,
train,0,2.9e-06,
train,0,1.41e-06,
train,0,1.07e-06,
train,0,1.351e-05,
train,0,5.1e-07,
train,0,6.2e-07,
train,0,3.2e-07,
train,0,1.384e-05,
train,0,1.64e-06,
train,0,0.08096338,
train,0,5.01e-06,
train,0,9.5e-07,
train,0,8.8e-07,
train,0,1.653e-05,
train,0,5.4e-07,
train,0,2.49e-06,
train,0,9.38e-06,
train,0,2.19e-06,
train,0,8.46e-06,
train,0,8.1e-07,
train,0,2.68e-06,
train,0,2.534e-05,
train,0,3.242e-05,
train,0,5.1e-07,
train,0,9.4e-07,
train,0,5.95e-06,
train,0,2.21e-06,
train,0,5.7e-07,
train,0,2.73e-06,
train,0,1.04e-06,
train,0,2.07e-06,
train,0,1.27e-06,
train,0,0.00018147,
train,0,6.47e-06,
train,0,1.77e-06,
train,0,1.29e-06,
train,0,8.4e-07,
train,0,3.89e-06,
train,0,2.29e-06,
train,0,4.57e-06,
train,0,0.0007913,
train,0,1.56e-06,
train,0,1.84e-06,
train,0,6.15e-06,
train,0,0.00120419,
train,0,5.51e-06,
train,0,1.45e-06,
train,0,1.037e-05,
train,0,2.56e-06,
train,0,4e-07,
train,0,0.00013879,
train,0,1.299e-05,
train,0,1.72e-06,
train,0,1.888e-05,
train,0,2.69e-06,
train,0,1.648e-05,
train,0,2.69e-05,
train,0,6.59e-06,
train,0,5.75e-06,
train,0,1.16e-06,
train,0,0.00023813,
train,0,3.44e-06,
train,0,1.8e-06,
train,0,3.51e-06,
train,0,6.844e-05,
train,0,2.53e-06,
train,0,2.79e-06,
train,0,2.14e-06,
train,0,3.2e-07,
train,0,3.82e-06,
train,0,4.7e-07,
train,0,2.183e-05,
train,0,5e-07,
train,0,5.31e-06,
train,0,2.112e-05,
train,0,4.097e-05,
train,0,1.192e-05,
train,0,6.55e-06,
train,0,7.45e-06,
train,0,1.92e-06,
train,0,2.7e-07,
train,0,8.4e-07,
train,0,1.7e-07,
train,0,3.9e-07,
train,0,3.7e-07,
train,0,1.62e-06,
train,0,8.5e-07,
train,0,2.2e-07,
train,0,1.47e-06,
train,0,2.8e-07,
train,0,7.78e-06,
train,0,0.00138887,
train,0,4.84e-06,
train,0,2.06e-06,
train,0,4.81e-06,
train,0,1.2e-06,
train,0,1.39e-06,
train,0,1e-06,
train,0,2.4e-06,
train,0,6.5e-07,
train,0,0.00563121,
train,0,3.65e-06,
train,0,4e-07,
train,0,1.01e-06,
train,0,4.2e-07,
train,0,2.72e-06,
train,0,1.1e-06,
train,0,1.9e-06,
train,0,1.78e-06,
train,0,2.5e-07,
train,0,9.271e-05,
train,0,2.9e-06,
train,0,1.27e-06,
train,0,8e-07,
train,0,1.29e-06,
train,0,0.00010388,
train,0,3.3e-06,
train,0,3.3e-06,
train,0,0.14899963,
train,0,8.6e-07,
train,0,1.02e-06,
train,0,5.76e-06,
train,0,9.5e-07,
train,0,2.34e-06,
train,0,9.3e-06,
train,0,2.09e-06,
train,0,5.5e-07,
train,0,3.08e-06,
train,0,1.448e-05,
train,0,0.34839647,
train,0,6.4e-07,
train,0,1.39e-06,
train,0,2.34e-06,
train,0,6.5e-07,
train,0,1.93e-06,
train,0,9.18e-06,
train,0,4.801e-05,
train,0,3.918e-05,
train,0,1.01e-06,
train,0,7.3e-07,
train,0,7.71e-06,
train,0,0.06941562,
train,0,2.91e-06,
train,0,1.74e-06,
train,0,1.33e-06,
train,0,1.94e-06,
train,0,4.2e-07,
train,0,4.517e-05,
train,0,6.5e-07,
train,0,1.408e-05,
train,0,7.3e-07,
train,0,0.00010657,
train,0,1.958e-05,
train,0,1.6e-06,
train,0,1.91e-06,
train,0,2e-05,
train,0,4.67e-06,
train,0,0.00629105,
train,0,0.00233302,
train,0,1.32e-06,
train,0,1.62e-06,
train,0,2.274e-05,
train,0,3.8e-07,
train,0,1.116e-05,
train,0,7.36e-06,
train,0,1.12e-06,
train,0,1.458e-05,
train,0,6.18e-06,
train,0,2.4e-06,
train,0,0.00015999,
train,0,1.1e-06,
train,0,4.8e-07,
train,0,7.2e-07,
train,0,0.00298429,
train,0,9.6e-07,
train,0,2.745e-05,
train,0,7.7e-07,
train,0,4.426e-05,
train,0,3.457e-05,
train,0,0.00025003,
train,0,3.569e-05,
train,0,3.656e-05,
train,0,6.6e-07,
train,0,6.78e-06,
train,0,7.33e-06,
train,0,1.147e-05,
train,0,3.081e-05,
train,0,1.162e-05,
train,0,2.56e-06,
train,0,3.501e-05,
train,0,6.2e-07,
train,0,1.346e-05,
train,0,7.85e-06,
train,0,4.38e-06,
train,0,3.07e-06,
train,0,1.18e-06,
train,0,0.00010763,
train,0,7.11e-06,
train,0,1.42e-06,
train,0,6.06e-06,
train,0,1.38e-06,
train,0,0.00181299,
train,0,1.27e-06,
train,0,5.67e-06,
train,0,3.741e-05,
train,0,1.473e-05,
train,0,3.56e-06,
train,0,1.63e-06,
train,0,1.64e-06,
train,0,1.37e-06,
train,0,3.16e-06,
train,0,6.63e-06,
train,0,1.82e-06,
train,0,5.74e-06,
train,0,6.11e-06,
train,0,1.58e-06,
train,0,3.7e-07,
train,0,9.1e-07,
train,0,2.08e-06,
train,0,7.9e-07,
train,0,1.4e-06,
train,0,8.51e-06,
train,0,1.228e-05,
train,0,1.27e-06,
train,0,0.00018102,
train,0,2.79e-06,
train,0,4.67e-06,
train,0,1.611e-05,
train,0,1.1e-06,
train,0,4.43e-06,
train,0,3.98e-06,
train,0,2.162e-05,
train,0,2.197e-05,
train,0,3.6e-06,
train,0,8.6e-07,
train,0,1.57e-06,
train,0,5.97e-06,
train,0,8.583e-05,
train,0,4.2e-07,
train,0,1.255e-05,
train,0,8.8e-07,
train,0,0.01570509,
train,0,1.408e-05,
train,0,3.76e-06,
train,0,0.00010553,
train,0,0.00183824,
train,0,3.85e-06,
train,0,3.88e-06,
train,0,2.22e-06,
train,0,3.24e-06,
train,0,8.6e-07,
train,0,1.57e-06,
train,0,3.79e-06,
train,0,4e-07,
train,1,0.99971077,
train,0,2.903e-05,
train,0,4.68e-06,
train,0,0.00071193,
train,0,4.98e-06,
train,0,1.99e-06,
train,0,6e-07,
train,0,6.22e-06,
train,0,4e-07,
train,0,0.00419225,
train,0,4.739e-05,
train,0,7.6e-06,
train,0,2.21e-06,
train,0,1.623e-05,
train,0,5.8e-07,
train,0,1.62e-06,
train,0,1.066e-05,
train,0,7.41e-06,
train,0,2.34e-06,
train,0,3.05e-06,
train,0,4.39e-05,
train,0,0.0005432,
train,0,1.44e-06,
train,0,5.78e-06,
train,0,4.4e-06,
train,0,1.87e-06,
train,0,8.43e-06,
train,0,3.45e-05,
train,0,2.83e-06,
train,0,4e-07,
train,0,4.3e-06,
train,0,6.89e-06,
train,0,3.2e-07,
train,0,2.3e-06,
train,0,6.2e-07,
train,0,1.222e-05,
train,0,3.01e-06,
train,0,3.6e-06,
train,0,1.45e-06,
train,0,3.64e-06,
train,0,4.09e-06,
train,0,0.00011129,
train,0,3.7e-06,
train,0,1.07e-06,
train,0,9.2e-07,
train,0,9.9e-06,
train,0,0.00070271,
train,0,1.69e-06,
train,0,5.23e-06,
train,0,3.91e-06,
train,0,5.22e-06,
train,0,3.8e-07,
train,0,1.222e-05,
train,0,1.049e-05,
train,0,7.01e-06,
train,0,3.18e-06,
train,0,1.89e-06,
train,0,7.9e-07,
train,1,0.99938681,
train,0,6.1e-07,
train,0,4.717e-05,
train,0,1.97e-06,
train,0,2.1e-06,
train,0,0.00073838,
train,0,2.222e-05,
train,0,2.492e-05,
train,0,4.8e-07,
train,0,1.031e-05,
train,0,0.00232289,
train,0,3.402e-05,
train,0,2.38e-06,
train,0,1.02e-06,
train,0,4.38e-06,
train,0,0.10014521,
train,0,8.468e-05,
train,0,2.843e-05,
train,0,3.707e-05,
train,0,1.46e-06,
train,0,8e-07,
train,0,1.009e-05,
train,0,2.08e-06,
train,0,0.00011377,
train,0,2.58e-06,
train,0,1.09e-06,
train,0,5.74e-06,
train,0,1e-06,
train,0,3.4e-07,
train,0,1.87e-06,
train,0,1.29e-06,
train,0,2.8e-06,
train,0,6.2e-06,
train,0,9.5e-07,
train,0,7.3e-06,
train,0,4.99e-06,
train,0,1.04e-06,
train,0,0.00039911,
train,0,3.453e-05,
train,0,1.583e-05,
train,0,1.463e-05,
train,0,8.8e-07,
train,0,0.00077938,
train,0,1.36e-06,
train,0,3.5e-07,
train,0,4.3e-07,
train,0,4.7e-07,
train,0,4.4e-06,
train,0,7.816e-05,
train,0,5.706e-05,
train,0,5.81e-06,
train,0,5.3e-07,
train,0,3.1e-07,
train,0,2.486e-05,
train,0,1e-05,
train,0,1.54e-06,
train,0,4.19e-06,
train,0,0.13029686,
train,0,8.83e-06,
train,0,6.8e-07,
train,0,3.6e-06,
train,1,0.99963326,
train,0,1.7e-06,
train,0,6.5e-07,
train,0,8.25e-06,
train,0,1.93e-06,
train,0,1.59e-06,
train,0,4.48e-06,
train,0,8.6e-07,
train,0,1.39e-06,
train,0,4.17e-06,
train,0,4.32e-06,
train,0,1.19e-06,
train,0,1.19e-06,
train,0,3.22e-06,
train,0,4.75e-06,
train,0,2.58e-06,
train,0,2.94e-06,
train,0,1.419e-05,
train,0,2.179e-05,
train,0,1.63e-06,
train,0,2.19e-06,
train,0,2.11e-06,
train,0,6.1e-07,
train,0,4.68e-06,
train,0,7.4e-06,
train,0,1.69e-06,
train,0,3.58e-06,
train,0,1.68e-06,
train,0,1.92e-06,
train,0,1.822e-05,
train,0,1.396e-05,
train,0,4.864e-05,
train,0,2.68e-06,
train,0,0.0222688,
train,0,6.52e-06,
train,0,5.03e-06,
train,0,1.66e-06,
train,0,3.62e-06,
train,0,2.56e-06,
train,0,1.71e-06,
train,0,3.585e-05,
train,0,8.213e-05,
train,0,8.2e-07,
train,1,0.99218156,
train,0,4.028e-05,
train,0,5.4e-07,
train,0,5.26e-06,
train,0,5.377e-05,
train,0,2.604e-05,
train,0,6.73e-06,
train,0,1.335e-05,
train,0,1.651e-05,
train,0,3.2e-06,
train,0,2.018e-05,
train,0,3.73e-06,
train,0,6.4e-07,
train,0,9.4e-07,
train,0,5.8e-07,
train,0,4e-06,
train,0,2.85e-06,
train,0,2.1e-07,
train,0,2.66e-06,
train,0,4.67e-06,
train,0,1.43e-06,
train,0,0.00057475,
train,0,4.96e-06,
train,0,1.5e-06,
train,0,5.4e-07,
train,0,4.24e-06,
train,0,0.0001055,
train,0,9.3e-07,
train,0,3.57e-06,
train,0,1.34e-06,
train,0,1.52e-06,
train,0,1.06e-06,
train,0,2.727e-05,
train,0,2.009e-05,
train,0,0.00017498,
train,0,3.88e-06,
train,0,1.35e-06,
train,0,2.72e-06,
train,0,3.99e-06,
train,0,1.841e-05,
train,0,1.63e-06,
train,0,2.85e-06,
train,0,3.51e-06,
train,0,1e-06,
train,0,2.301e-05,
train,0,2.39e-06,
train,0,6.56e-06,
train,0,6.4e-07,
train,0,2.9e-07,
train,0,2.17e-06,
train,0,6.2e-07,
train,0,5.5e-06,
train,0,2.57e-06,
train,0,6e-07,
train,0,3.42e-06,
train,0,2.949e-05,
train,0,1.097e-05,
train,0,5.16e-06,
train,0,9.3e-07,
train,0,1.86e-06,
train,0,4.41e-06,
train,0,8.1e-07,
train,0,4.28e-06,
train,0,4.56e-06,
train,0,1.198e-05,
train,0,0.00113418,
train,0,1.733e-05,
train,0,4.63e-06,
train,0,4.545e-05,
train,0,2.44e-06,
train,0,1.87e-06,
train,0,4.96e-06,
train,0,4.176e-05,
train,0,8.9e-07,
train,0,2.86e-06,
train,0,3.13e-06,
train,0,4.2e-07,
train,0,4.2e-07,
train,0,1.08e-06,
train,0,2.88e-06,
train,0,1.36e-06,
train,0,2.05e-06,
train,0,1.55e-06,
train,0,1.56e-06,
train,0,2.25e-06,
train,0,3.4e-07,
train,0,3.38e-06,
train,0,1.18e-06,
train,0,1.5e-07,
train,0,9.8e-07,
train,0,2.4e-07,
train,0,1.15e-06,
train,0,5.4e-07,
train,0,6.7e-07,
train,0,1.28e-06,
train,0,2.56e-06,
train,0,4.6e-07,
train,0,3.8e-07,
train,0,1.81e-06,
train,0,3.8e-07,
train,0,5e-07,
train,0,9.2e-07,
train,0,7e-07,
train,0,6.9e-07,
train,0,7.6e-07,
train,0,8.7e-07,
train,0,3.99e-06,
train,0,1.8e-06,
train,0,2.24e-06,
train,0,0.06151648,
train,0,4.6e-06,
train,0,1.61e-06,
train,0,9.9e-07,
train,0,1.33e-06,
train,0,3.1e-07,
train,0,0.00027505,
train,0,3.03e-06,
train,0,1.8e-07,
train,0,0.00016749,
train,0,6.7e-07,
train,0,1.88e-06,
train,0,7.9e-07,
train,0,6.38e-06,
train,0,7.8e-07,
train,0,8.6e-07,
train,0,5.4e-07,
train,0,8.3e-07,
train,0,7.3e-07,
train,0,3.4e-07,
train,0,1.956e-05,
train,0,1.78e-06,
train,0,2.687e-05,
train,0,7e-07,
train,0,1.03e-06,
train,0,1.55e-06,
train,0,4.674e-05,
train,0,5.01e-06,
train,0,2.8e-06,
train,0,6.26e-06,
train,0,1.77e-06,
train,0,1.4e-06,
train,0,2.57e-06,
train,0,4.08e-06,
train,0,1.31e-06,
train,0,1.146e-05,
train,1,0.9992373,
train,0,1.5e-07,
train,0,2.03e-06,
train,0,3.5e-07,
train,1,0.99990766,
train,0,4.9e-07,
train,0,8.8e-07,
train,0,4.32e-06,
train,0,3.35e-06,
train,0,2.83e-06,
train,0,6.08e-06,
train,0,2.55e-06,
train,0,9.3e-07,
train,0,8.8e-07,
train,0,4.47e-06,
train,0,2.399e-05,
train,0,5.5e-07,
train,0,8e-07,
train,0,8.4e-07,
train,0,6.492e-05,
train,0,1.89e-06,
train,0,9.61e-06,
train,0,1.554e-05,
train,0,8.5e-07,
train,0,1.721e-05,
train,0,3.036e-05,
train,0,1.43e-06,
train,0,5.28e-06,
train,0,3.4e-06,
train,0,9.461e-05,
train,0,1.01e-06,
train,0,8.34e-06,
train,0,3.28e-06,
train,0,5.2e-07,
train,0,1.743e-05,
train,0,1.088e-05,
train,0,1.98e-06,
train,0,8.75e-06,
train,0,8.06e-06,
train,0,1.61e-06,
train,0,3.03e-06,
train,0,7.3e-07,
train,0,0.02231236,
train,0,1.22e-06,
train,0,5.97e-06,
train,0,6.11e-05,
train,0,1.04e-06,
train,0,4.19e-06,
train,0,2.07e-06,
train,0,1.482e-05,
train,0,1.69e-06,
train,0,1.522e-05,
train,0,1.04e-06,
train,0,1.89e-06,
train,0,7.59e-06,
train,0,3.04e-06,
train,0,3.206e-05,
train,0,9.05e-06,
train,0,6.9e-07,
train,0,7.2e-07,
train,0,1.05e-05,
train,0,7.314e-05,
train,0,1.5e-06,
train,0,0.00050285,
train,0,8.5e-07,
train,0,3.9e-07,
train,0,0.00076081,
train,0,1.621e-05,
train,0,1.19e-06,
train,0,1.005e-05,
train,0,3.9e-07,
train,0,3.83e-06,
train,0,4.31e-06,
train,0,1.41e-06,
train,0,4.8e-07,
train,0,1.95e-06,
train,0,3.233e-05,
train,0,0.02227168,
train,0,0.00051189,
train,0,1.99e-06,
train,0,6.16e-06,
train,0,1.31e-06,
train,0,6.42e-06,
train,0,1.52e-06,
train,0,9.6e-07,
train,0,4.03e-06,
train,0,1.392e-05,
train,0,2.25e-06,
train,0,2.37e-06,
train,0,1.79e-06,
train,0,2.7e-06,
train,0,6.4e-07,
train,0,0.00017946,
train,0,7.35e-06,
train,0,0.00017811,
train,0,1.65e-06,
train,0,0.00015128,
train,0,1.72e-06,
train,0,8.2e-07,
train,0,3.83e-06,
train,1,0.99857176,
train,0,1.05e-05,
train,0,2.2e-06,
train,0,4.2e-06,
train,0,3.89e-06,
train,1,0.99984971,
train,0,3.77e-06,
train,0,6.556e-05,
train,0,5.02e-06,
train,0,2.09e-06,
train,0,3.3e-07,
train,0,4.22e-06,
train,0,7.71e-06,
train,0,0.00395228,
train,0,2.19e-06,
train,0,3.01e-06,
train,0,2.65e-06,
train,0,3.24e-06,
train,0,1.329e-05,
train,0,8.6e-07,
train,1,0.99681176,
train,0,0.00138101,
train,0,9.5e-07,
train,0,2.57e-06,
train,0,6.74e-06,
train,0,2.207e-05,
train,0,2.37e-06,
train,0,3.32e-06,
train,0,4.73e-06,
train,0,3.31e-06,
train,0,2.1e-06,
train,0,1.1e-06,
train,0,1.08e-06,
train,0,0.00015743,
train,0,0.0020269,
train,0,4.11e-06,
train,0,1.04e-06,
train,0,5.2e-07,
train,0,5.18e-06,
train,0,2.736e-05,
train,0,6e-06,
train,0,2.49e-06,
train,0,1.68e-06,
train,0,8.89e-06,
train,0,4.262e-05,
train,0,0.00520264,
train,0,5.2e-07,
train,0,2.01e-06,
train,0,4.83e-06,
train,0,0.00018985,
train,0,2.497e-05,
train,0,1.84e-06,
train,0,2.63e-06,
train,0,5.16e-06,
train,0,3.325e-05,
train,0,6.409e-05,
train,0,2.743e-05,
train,0,7.217e-05,
train,0,4.04e-06,
train,0,6.383e-05,
train,0,7.26e-06,
train,0,0.9636937,
train,0,3.82e-06,
train,0,2.81e-06,
train,0,9.28e-06,
train,0,0.00155821,
train,0,9.9e-07,
train,0,3.08e-06,
train,0,4.225e-05,
train,0,1.39e-06,
train,0,2.02e-06,
train,1,0.99944793,
train,0,2.59e-06,
train,0,1.118e-05,
train,0,2e-06,
train,0,3.05e-06,
train,0,1.51e-06,
train,0,9.82e-06,
train,0,8.4e-06,
train,0,8.94e-06,
train,0,6.1e-07,
train,0,2.277e-05,
train,0,1.64e-06,
train,0,0.00195186,
train,0,1.22e-06,
train,0,2.27e-06,
train,0,7.8e-07,
train,0,1.71e-06,
train,0,0.0001043,
train,0,8.3e-07,
train,0,9.729e-05,
train,0,5.54e-06,
train,0,4.8e-06,
train,0,2.7e-06,
train,0,2.072e-05,
train,1,0.9971694,
train,0,1.08e-06,
train,1,0.99981964,
train,0,1.261e-05,
train,0,2.96e-06,
train,1,0.99990849,
train,1,0.9998411,
train,0,4.31e-06,
train,0,2.93e-06,
train,0,6.51e-06,
train,1,0.99988874,
train,0,8.42e-06,
train,1,0.99989461,
train,0,1.575e-05,
train,0,2e-06,
train,0,3.579e-05,
train,1,0.99976571,
train,0,2.239e-05,
train,0,0.00060621,
train,0,7.38e-06,
train,0,8.6e-07,
train,0,5.31e-06,
train,0,1.235e-05,
train,0,5.72e-06,
train,0,5.62e-06,
train,0,4.73e-06,
train,0,2.21e-06,
train,0,4.7e-07,
train,0,2.88e-06,
train,0,0.00058447,
train,0,7.5e-07,
train,0,1.07e-06,
train,0,2.03e-06,
train,0,4.9e-07,
train,0,0.0062592,
train,0,6.2e-07,
train,0,1.86e-06,
train,0,6.57e-06,
train,0,9.36e-06,
train,0,7.303e-05,
train,0,2.94e-06,
train,0,4.95e-06,
train,0,4.32e-06,
train,0,6.44e-06,
train,0,1.09e-06,
train,0,5e-07,
train,0,7.2e-07,
train,0,8.5e-07,
train,0,7.76e-06,
train,0,1.61e-06,
train,0,0.00013451,
train,0,1.608e-05,
train,0,8.06e-06,
train,0,3.8e-07,
train,0,5.4e-06,
train,0,3.468e-05,
train,0,1.688e-05,
train,0,4.33e-06,
train,0,2.115e-05,
train,0,1.099e-05,
train,0,1.244e-05,
train,0,2.55e-06,
train,0,0.00029929,
train,0,4.78e-06,
train,0,2.59e-06,
train,0,7.061e-05,
train,0,5.71e-06,
train,0,1.08e-06,
train,0,1.459e-05,
train,0,3.04e-06,
train,0,0.00421077,
train,0,3.13e-06,
train,0,1.44e-06,
train,0,2.273e-05,
train,0,5.94e-06,
train,0,6.48e-06,
train,0,2.39e-06,
train,0,1.139e-05,
train,0,1.98e-06,
train,0,3.311e-05,
train,0,1.816e-05,
train,0,6.83e-06,
train,0,6.144e-05,
train,0,1.67e-06,
train,0,1.19e-06,
train,0,1.27e-06,
train,0,6.3e-07,
train,0,1.48e-06,
train,1,0.99861442,
train,1,0.99930362,
train,0,2.87e-06,
train,0,6e-07,
train,0,1.18e-06,
train,0,7e-07,
train,0,3.19e-06,
train,0,9.42e-06,
train,0,5e-07,
train,0,5.5e-07,
train,0,2.53e-06,
train,0,5.68e-06,
train,0,3.99e-06,
train,0,7.01e-06,
train,0,2.48e-06,
train,0,1.464e-05,
train,0,3.5e-06,
train,0,3.815e-05,
train,0,1.055e-05,
train,0,8e-07,
train,0,1.998e-05,
train,0,2.17e-06,
train,0,2.18e-06,
train,0,6.5e-07,
train,0,4.39e-06,
train,0,1.641e-05,
train,0,1.19e-06,
train,0,3.01e-06,
train,0,3.64e-06,
train,0,3.12e-06,
train,0,7e-07,
train,0,1.23e-06,
train,0,3.8e-07,
train,0,1.218e-05,
train,0,1.2e-06,
train,0,9.95e-06,
train,0,1.563e-05,
train,0,6e-07,
train,0,4.93e-06,
train,0,3e-07,
train,0,6.8e-07,
train,0,2.85e-06,
train,0,1.73e-06,
train,0,6.74e-06,
train,0,2.71e-06,
train,0,4.08e-06,
train,0,1.164e-05,
train,0,2.329e-05,
train,0,8e-07,
train,0,9.1e-07,
train,0,9.31e-06,
train,0,3.1e-06,
train,0,2.62e-06,
train,0,8.3e-07,
train,0,9.5e-07,
train,0,4.21e-06,
train,0,5.21e-06,
train,0,2.84e-06,
train,0,2.86e-06,
train,0,1.818e-05,
train,0,5.7e-07,
train,0,5.2e-07,
train,0,6.52e-06,
train,0,3.297e-05,
train,0,9.3e-06,
train,0,2.56e-06,
train,0,3.26e-06,
train,0,9.6e-07,
train,0,1.47e-06,
train,0,5e-07,
train,0,9.82e-06,
train,0,7.7e-07,
train,0,4.1e-07,
train,0,0.00070671,
train,0,2.19e-06,
train,0,7.1e-07,
train,0,2.29e-06,
train,0,4.04e-06,
train,0,1.352e-05,
train,0,5.61e-06,
train,0,5.1e-07,
train,0,7e-07,
train,0,1.22e-06,
train,0,6.5e-07,
train,0,1.47e-06,
train,0,1.162e-05,
train,0,5.56e-06,
train,0,4.17e-06,
train,0,3.37e-06,
train,0,1.31e-06,
train,0,3.3e-07,
train,0,2.9e-07,
train,0,3.36e-06,
train,0,4.3e-07,
train,0,5.32e-06,
train,0,4.2e-07,
train,0,1.03e-06,
train,0,6e-07,
train,0,4.7e-07,
train,0,4.79e-06,
train,0,2.3e-07,
train,0,2.5e-07,
train,0,3.02e-06,
train,0,2.2e-07,
train,0,1.23e-06,
train,0,5.1e-07,
train,0,9.3e-07,
train,0,2.6e-06,
train,0,1.41e-06,
train,0,9.2e-07,
train,0,2.28e-06,
train,0,6.5e-07,
train,0,1.11e-06,
train,0,1.85e-06,
train,0,3.59e-06,
train,0,1.6e-07,
train,0,2.31e-06,
train,0,3.1e-07,
train,0,9.8e-07,
train,0,2.66e-06,
train,0,9.8e-07,
train,0,2.7e-07,
train,0,1.22e-05,
train,0,5.2e-07,
train,0,1.252e-05,
train,0,8.1e-07,
train,0,3.4e-07,
train,0,9.5e-07,
train,0,1.088e-05,
train,0,5.84e-06,
train,0,1.678e-05,
train,0,1.58e-06,
train,0,1.26e-06,
train,0,1.28e-06,
train,0,7e-06,
train,0,4.39e-06,
train,0,9.1e-07,
train,0,8.22e-06,
train,0,1.57e-06,
train,0,1.84e-06,
train,0,4.9e-07,
train,0,1.97e-06,
train,0,4.21e-06,
train,0,0.20145067,
train,0,1.231e-05,
train,0,6.6e-07,
train,0,5.2e-07,
train,0,2.22e-06,
train,0,0.00067768,
train,0,1.96e-06,
train,0,3.6e-07,
train,0,8e-07,
train,0,4.01e-06,
train,0,9.6e-07,
train,0,4.474e-05,
train,0,8.13e-06,
train,0,3.2e-06,
train,0,8.22e-06,
train,0,1.315e-05,
train,0,7.6e-07,
train,0,9.3e-07,
train,0,8.58e-06,
train,0,1.44e-06,
train,0,1.783e-05,
train,0,8.6e-07,
train,0,5.023e-05,
train,0,1.026e-05,
train,0,2.79e-06,
train,0,0.001025,
train,0,8.6e-07,
train,0,6.4e-06,
train,0,5.56e-06,
train,0,1.09e-06,
train,0,7.548e-05,
train,0,1.04e-06,
train,0,1.23e-06,
train,0,9.587e-05,
train,0,1.99e-06,
train,0,4.6e-06,
train,0,6.327e-05,
train,0,7.8e-07,
train,0,2.65e-06,
train,0,3.91e-06,
train,0,3.415e-05,
train,0,2.724e-05,
train,0,3.6e-07,
train,0,5.45e-06,
train,0,1.74e-06,
train,0,5.2e-07,
train,0,6.7e-07,
train,0,0.00249661,
train,0,5e-07,
train,0,8.49e-06,
train,0,6.5e-07,
train,0,1.33e-06,
train,0,1.45e-06,
train,0,2.31e-06,
train,0,2.16e-06,
train,0,7.687e-05,
train,0,3.63e-06,
train,0,3.07e-06,
train,0,6.99e-06,
train,0,3.72e-06,
train,0,1.6e-07,
train,0,1.42e-06,
train,0,1.02e-06,
train,0,2.19e-06,
train,0,2.03e-06,
train,0,1.12e-06,
train,0,5.51e-06,
train,0,5.68e-06,
train,0,1.35e-06,
train,0,7.2e-07,
train,0,1.93e-06,
train,0,1.01e-06,
train,0,6.3e-07,
train,0,6.2e-07,
train,0,1.19e-06,
train,0,1.66e-06,
train,0,6.626e-05,
train,0,7.3e-07,
train,0,1.11e-06,
train,0,0.00056243,
train,0,1.81e-06,
train,0,1.4e-06,
train,0,1.341e-05,
train,0,5.294e-05,
train,0,2.1e-07,
train,0,7.2e-07,
train,0,5.75e-06,
train,0,4.57e-06,
train,0,2.04e-06,
train,0,7.6e-07,
train,0,4.8e-07,
train,0,1.92e-05,
train,0,4.443e-05,
train,0,1.16e-06,
train,0,4.6e-06,
train,0,1.21e-06,
train,0,8.14e-06,
train,0,2.23e-06,
train,0,5.54e-06,
train,0,6.1e-07,
train,0,1.5e-06,
train,0,1.7e-06,
train,0,7e-07,
train,0,9.95e-06,
train,0,9.2e-07,
train,0,1.89e-06,
train,0,4.3e-07,
train,0,9.47e-06,
train,0,9.2e-06,
train,0,1.499e-05,
train,0,3.4e-06,
train,0,9.64e-06,
train,0,1.14e-06,
train,0,3.9e-07,
train,0,3.68e-06,
train,0,3.97e-06,
train,0,3.85e-06,
train,0,4.9e-07,
train,0,1.615e-05,
train,0,2.43e-05,
train,0,1.52e-06,
train,0,1.054e-05,
train,0,1.14e-06,
train,0,2.75e-06,
train,0,1.24e-06,
train,0,4.33e-06,
train,0,1.91e-06,
train,0,3.2e-06,
train,0,1.04e-06,
train,0,0.00033744,
train,0,1.23e-06,
train,0,7.6e-07,
train,0,1.32e-06,
train,0,9e-07,
train,0,3.24e-06,
train,0,3.56e-06,
train,0,0.00112962,
train,0,1.272e-05,
train,0,9.36e-06,
train,0,1.23e-06,
train,0,1.68e-06,
train,0,4.342e-05,
train,0,7.47e-06,
train,0,6.69e-06,
train,0,2.39e-06,
train,0,1.5e-06,
train,0,1.85e-06,
train,0,3.9e-07,
train,0,6.84e-06,
train,0,9.39e-06,
train,0,7.6e-07,
train,0,2.39e-06,
train,0,5.7e-07,
train,0,8.65e-06,
train,0,2.29e-06,
train,0,1.88e-06,
train,0,1.16e-06,
train,0,7.58e-06,
train,0,1.685e-05,
train,0,7.9e-07,
train,0,5.42e-06,
train,0,2.85e-06,
train,0,7.4e-07,
train,0,5.9e-07,
train,0,2.181e-05,
train,0,7.342e-05,
train,0,8e-07,
train,0,3.18e-06,
train,0,1.28e-06,
train,0,2.15e-06,
train,0,1.187e-05,
train,0,5.58e-06,
train,0,7.1e-07,
train,0,2.003e-05,
train,0,3.57e-06,
train,0,1.39e-06,
train,0,3.56e-06,
train,0,7.91e-05,
train,0,2.95e-06,
train,0,1.39e-06,
train,0,2.68e-06,
train,0,2.18e-06,
train,0,4.2e-07,
train,0,1.32e-06,
train,0,9.63e-06,
train,0,3.27e-06,
train,0,6.394e-05,
train,0,8.18e-06,
train,0,6.099e-05,
train,0,1.466e-05,
train,0,7.202e-05,
train,0,1.36e-06,
train,0,4.7e-07,
train,0,1.416e-05,
train,0,3.82e-06,
train,0,4.11e-06,
train,0,1.12e-06,
train,0,1.703e-05,
train,0,2.48e-06,
train,0,1.74e-06,
train,0,1.13e-06,
train,0,1.7e-06,
train,0,1.39e-06,
train,0,8.95e-06,
train,0,1.643e-05,
train,0,4.006e-05,
train,0,1.35e-05,
train,0,3.42e-06,
train,0,5.63e-06,
train,0,5.56e-06,
train,0,5.43e-06,
train,0,2.44e-06,
train,0,1.62e-06,
train,0,3.701e-05,
train,0,3.32e-06,
train,0,2.4e-06,
train,0,3.48e-06,
train,0,1.94e-06,
train,0,4.47e-06,
train,0,2.14e-06,
train,0,2.01e-06,
train,0,4.01e-06,
train,0,1.99e-06,
train,0,4.13e-06,
train,0,1.78e-06,
train,0,1.21e-06,
train,0,1.13e-06,
train,0,4e-07,
train,0,5e-07,
train,0,1.91e-06,
train,0,6e-07,
train,0,4.4e-07,
train,0,1.37e-06,
train,0,6.37e-06,
train,0,9.1e-07,
train,0,1.26e-06,
train,0,1.52e-06,
train,0,6.37e-06,
train,0,2.94e-06,
train,0,5.618e-05,
train,0,5e-06,
train,0,0.00010384,
train,0,0.00418886,
train,0,9.376e-05,
train,0,4.65e-06,
train,0,4.053e-05,
train,0,1.905e-05,
train,0,1.453e-05,
train,0,1.009e-05,
train,0,3.399e-05,
train,0,8.8e-07,
train,0,0.00092992,
train,0,7.51e-06,
train,0,4.489e-05,
train,0,9.8e-07,
train,0,2.57e-06,
train,0,2.59e-06,
train,0,2.82e-06,
train,0,8.5e-07,
train,0,3.83e-05,
train,0,2.69e-06,
train,0,1.716e-05,
train,0,1.594e-05,
train,0,8.43e-06,
train,0,4.7e-06,
train,0,8.5e-07,
train,0,5.6e-07,
train,0,1.825e-05,
train,0,6.895e-05,
train,0,7.97e-06,
train,0,8e-07,
train,0,0.01474632,
train,0,4.7e-07,
train,0,1.29e-06,
train,0,1.75e-06,
train,0,2.486e-05,
train,0,9.8e-07,
train,0,3.37e-06,
train,0,5.5e-07,
train,0,4.51e-06,
train,0,5.03e-06,
train,0,2.4e-06,
train,0,5.199e-05,
train,0,8.2e-07,
train,0,1.39e-05,
train,0,1.78e-06,
train,0,2.13e-06,
train,0,1.017e-05,
train,0,1.811e-05,
train,0,3.11e-06,
train,0,9.38e-06,
train,0,4.25e-06,
train,0,5.4e-07,
train,0,1.72e-06,
train,0,5.11e-06,
train,0,1.644e-05,
train,0,7.27e-06,
train,0,2.6e-07,
train,0,2.1e-07,
train,0,7e-07,
train,0,2.652e-05,
train,0,6.284e-05,
train,0,4.3e-07,
train,0,2.2e-06,
train,0,1.42e-06,
train,0,1.67e-06,
train,0,3.78e-06,
train,0,2.063e-05,
train,0,5.3e-07,
train,0,1.54e-06,
train,0,1.084e-05,
train,0,1.72e-06,
train,0,1.5e-06,
train,0,3.09e-06,
train,0,1.95e-06,
train,0,2.66e-06,
train,0,1.7e-06,
train,0,2.13e-06,
train,0,8.4e-07,
train,0,3e-07,
train,0,2.92e-06,
train,0,2.39e-06,
train,0,6.67e-06,
train,0,1.06e-06,
train,0,2.75e-06,
train,0,1.72e-06,
train,0,3e-07,
train,0,4.6e-07,
train,0,1.32e-06,
train,0,1.57e-06,
train,0,1.36e-06,
train,0,8e-07,
train,0,1.05e-06,
train,0,1.063e-05,
train,0,8.8e-07,
train,0,1.6e-06,
train,0,2.67e-06,
train,0,1.2e-06,
train,0,2.34e-06,
train,0,1.15e-06,
train,0,7.36e-06,
train,0,0.00961291,
train,0,3.1e-07,
train,0,8.1e-07,
train,0,1.71e-06,
train,0,1.13e-06,
train,0,5.3e-07,
train,0,1.84e-06,
train,0,2.04e-06,
train,0,7.7e-07,
train,0,5.4e-07,
train,0,1.55e-06,
train,0,2.21e-06,
train,0,3.6e-07,
train,0,1.07e-06,
train,0,2.12e-06,
train,0,5.5e-07,
train,0,4.88e-06,
train,0,6.6e-07,
train,0,8.5e-07,
train,0,1.89e-06,
train,0,6.5e-07,
train,0,1.13e-06,
train,0,1.54e-06,
train,0,6.927e-05,
train,0,8.2e-07,
train,0,3.7e-07,
train,0,2.36e-06,
train,0,8.6e-07,
train,0,5.7e-07,
train,0,7.7e-06,
train,0,5.2e-07,
train,0,3.1e-07,
train,0,9.74e-06,
train,0,6e-07,
train,0,2.12e-06,
train,0,2.07e-06,
train,0,2.271e-05,
train,0,4.94e-06,
train,0,6.58e-06,
train,0,1.151e-05,
train,0,6e-07,
train,0,7.29e-06,
train,0,5.36e-06,
train,0,1.96e-06,
train,0,3.115e-05,
train,0,3.1e-07,
train,0,2.59e-06,
train,0,1.99e-06,
train,0,4.2e-07,
train,0,4.41e-06,
train,0,2.77e-06,
train,0,7.238e-05,
train,0,1.452e-05,
train,0,9.71e-06,
train,0,1.383e-05,
train,0,3.23e-06,
train,0,2.65e-06,
train,0,1.47e-06,
train,0,3.51e-06,
train,0,1.42e-06,
train,0,2.85e-06,
train,0,3.91e-06,
train,0,1.08e-06,
train,0,6.84e-06,
train,0,3.17e-06,
train,0,6.9e-07,
train,0,2.45e-06,
train,0,3.9e-07,
train,0,1.91e-06,
train,0,3.413e-05,
train,0,4.399e-05,
train,0,6.23e-06,
train,0,4.86e-06,
train,0,3.587e-05,
train,0,1.719e-05,
train,0,1.554e-05,
train,0,6.7e-07,
train,0,1.4e-06,
train,0,1.61e-06,
train,0,2.68e-05,
train,0,3.464e-05,
train,0,1.67e-06,
train,0,2.96e-06,
train,0,6.3e-07,
train,0,2.17e-06,
train,0,6.7e-06,
train,0,1.4e-06,
train,0,3.47e-06,
train,0,5.14e-06,
train,0,3.6e-06,
train,0,3.1e-07,
train,0,1.02e-06,
train,0,9.58e-06,
train,0,1.37e-06,
train,0,4.2e-07,
train,0,6e-07,
train,0,3.158e-05,
train,0,5.14e-06,
train,0,1.67e-06,
train,0,2.087e-05,
train,0,2.67e-06,
train,0,2.83e-06,
train,0,1.4e-06,
train,0,5.3e-07,
train,0,6.22e-06,
train,0,7.54e-06,
train,0,3.75e-05,
train,0,6.63e-06,
train,0,9.93e-06,
train,0,4.1e-06,
train,0,1.79e-06,
train,0,2.55e-06,
train,0,8.8e-07,
train,0,1.34e-06,
train,0,1.902e-05,
train,0,8.2e-07,
train,0,3.23e-06,
train,0,1.53e-06,
train,0,2.71e-06,
train,0,3.46e-06,
train,0,7.1e-07,
train,0,3.36e-06,
train,0,6.29e-06,
train,0,3.12e-05,
train,0,1.66e-06,
train,0,1.61e-06,
train,0,3.2e-07,
train,0,1.285e-05,
train,0,4.854e-05,
train,0,0.00100431,
train,0,6.19e-06,
train,0,4.19e-06,
train,0,6.02e-06,
train,0,7.9e-07,
train,0,3.58e-06,
train,0,7.4e-07,
train,0,1.8e-05,
train,0,6.77e-06,
train,0,1.687e-05,
train,0,3.75e-06,
train,0,3.834e-05,
train,0,4.43e-05,
train,0,7.3e-06,
train,0,1.086e-05,
train,0,6.64e-06,
train,0,6.2e-07,
train,0,9.7e-07,
train,0,5.18e-06,
train,0,1.86e-06,
train,0,5.05e-06,
train,0,0.00287069,
train,0,5.86e-06,
train,0,1.972e-05,
train,0,5.6e-07,
train,0,6.9e-07,
train,0,3.64e-06,
train,0,5.61e-06,
train,0,1.45e-06,
train,0,1.67e-06,
train,0,1.576e-05,
train,0,1.601e-05,
train,0,2.98e-06,
train,0,2.01e-06,
train,0,7.7e-07,
train,0,1.62e-06,
train,0,2.66e-06,
train,0,1.44e-06,
train,0,1.13e-05,
train,0,2.38e-06,
train,0,2.55e-06,
train,0,2.5e-06,
train,0,4.2e-07,
train,0,5.44e-06,
train,0,1.59e-06,
train,0,5.3e-07,
train,0,1e-06,
train,0,7.5e-06,
train,0,8.18e-06,
train,0,0.00029371,
train,0,1.131e-05,
train,0,4.35e-06,
train,0,0.00057002,
train,0,6.89e-06,
train,0,1.786e-05,
train,0,9.02e-06,
train,0,1.31e-06,
train,0,8.48e-06,
train,0,2.562e-05,
train,0,4.08e-06,
train,0,4.1e-07,
train,0,2.25e-06,
train,0,1.55e-06,
train,0,1.04e-06,
train,0,3.602e-05,
train,0,2.98e-06,
train,0,1.01e-06,
train,0,4.58e-06,
train,0,5.1e-07,
train,0,0.00029224,
train,0,6.7e-07,
train,0,1.16e-05,
train,0,2.54e-06,
train,0,1.561e-05,
train,0,8.338e-05,
train,0,5.72e-06,
train,0,3.01e-06,
train,0,2.601e-05,
train,0,1.87e-06,
train,0,1.24e-06,
train,0,4.6e-07,
train,0,8.6e-07,
train,0,2.27e-06,
train,0,2.494e-05,
train,0,1.36e-06,
train,0,1.51e-06,
train,0,7e-07,
train,0,7.66e-06,
train,0,1.73e-06,
train,0,6.9e-07,
train,0,6.3e-07,
train,0,3.3e-07,
train,0,2.95e-06,
train,0,5.2e-07,
train,0,6.3e-07,
train,0,1.51e-06,
train,0,6.3e-07,
train,0,1.29e-06,
train,0,3.41e-06,
train,0,8.62e-06,
train,0,1.06e-06,
train,0,3.067e-05,
train,0,2.71e-06,
train,0,1.93e-06,
train,0,4.53e-06,
train,0,1.173e-05,
train,0,1.93e-06,
train,0,1.186e-05,
train,0,8.8e-07,
train,0,2.85e-06,
train,0,9.6e-07,
train,0,3.84e-06,
train,0,1.51e-06,
train,0,1.19e-06,
train,0,2.03e-06,
train,0,1.59e-06,
train,0,1.94e-06,
train,0,1.04e-06,
train,0,1.44e-06,
train,0,7.88e-06,
train,0,6e-07,
train,0,1.766e-05,
train,0,7.35e-06,
train,0,9.3e-07,
train,0,6.71e-06,
train,0,5.5e-07,
train,0,2.03e-06,
train,0,4.3e-07,
train,0,6.56e-06,
train,0,7.31e-06,
train,0,3.2e-07,
train,0,1.37e-06,
train,0,1.17e-06,
train,0,2.72e-06,
train,0,4.43e-06,
train,0,1.031e-05,
train,0,5.8e-07,
train,0,1.79e-06,
train,0,6.8e-07,
train,0,3.8e-07,
train,0,4.3e-07,
train,0,4e-07,
train,0,8.5e-07,
train,0,1.05e-06,
train,0,7.9e-07,
train,0,3.1e-07,
train,0,7.4e-07,
train,0,6.9e-07,
train,0,3.4e-07,
train,0,8.8e-07,
train,0,6.8e-07,
train,0,6.6e-07,
train,0,4.1e-07,
train,0,6.5e-07,
train,0,9.5e-07,
train,0,2.6e-07,
train,0,2.96e-06,
train,0,6.2e-07,
train,0,4.27e-06,
train,0,1.79e-06,
train,0,7e-07,
train,0,9.17e-06,
train,0,2.54e-06,
train,0,3.03e-06,
train,0,4.28e-06,
train,0,6.583e-05,
train,0,2.05e-06,
train,0,4e-07,
train,0,4.24e-06,
train,0,0.00075387,
train,0,1.15e-06,
train,0,6.9e-07,
train,0,1.3e-06,
train,0,8.5e-07,
train,0,0.00183573,
train,0,3.58e-06,
train,0,5.2e-07,
train,0,5.22e-06,
train,0,1.27e-06,
train,0,1.62e-06,
train,0,6.2e-07,
train,0,2.557e-05,
train,0,7.877e-05,
train,0,6.282e-05,
train,0,0.00017812,
train,0,2.5e-07,
train,0,4.076e-05,
train,0,6.08e-06,
train,0,2.44e-06,
train,0,2.331e-05,
train,0,0.00014108,
train,0,1.89e-06,
train,0,7.2e-07,
train,0,7.12e-06,
train,0,4.78e-06,
train,0,2e-06,
train,0,9.8e-07,
train,1,0.99774403,
train,0,4.854e-05,
train,0,1.576e-05,
train,0,3.357e-05,
train,0,1.302e-05,
train,0,1.69e-06,
train,0,1.85e-06,
train,0,2.68e-06,
train,0,0.00011095,
train,0,1.088e-05,
train,0,1.04e-06,
train,0,3.7e-07,
train,0,5.18e-06,
train,0,8.8e-07,
train,0,0.00017858,
train,0,1.448e-05,
train,0,7e-07,
train,0,0.00419647,
train,0,5.1e-06,
train,0,5.35e-06,
train,0,1.413e-05,
train,0,4.43e-06,
train,0,4.46e-06,
train,0,1.23e-06,
train,0,1.506e-05,
train,0,5.72e-06,
train,0,3.84e-06,
train,0,9.48e-06,
train,0,1.527e-05,
train,0,2.45e-06,
train,0,3.38e-06,
train,0,2.131e-05,
train,0,3.92e-06,
train,0,7.7e-07,
train,0,6.6e-07,
train,0,7.2e-07,
train,0,2.5e-07,
train,0,4.4e-07,
train,0,7.12e-06,
train,0,6.36e-05,
train,0,2.51e-06,
train,0,4.08e-06,
train,0,1.43e-06,
train,0,1.31e-06,
train,0,3.58e-05,
train,0,3.08e-06,
train,0,1.37e-06,
train,0,3.11e-06,
train,0,5.84e-06,
train,0,1.285e-05,
train,0,3.61e-06,
train,0,3.63e-06,
train,0,2.49e-06,
train,0,5.59e-06,
train,0,4.4e-07,
train,0,4.7e-07,
train,0,3.67e-06,
train,0,1.52e-06,
train,0,1.136e-05,
train,0,4.46e-06,
train,0,6.77e-06,
train,0,2.01e-06,
train,0,0.00028211,
train,0,9.4e-07,
train,0,9.857e-05,
train,0,6.3e-07,
train,0,1.409e-05,
train,0,0.00026673,
train,0,0.00014412,
train,0,1.02e-05,
train,0,1.396e-05,
train,0,6.2e-07,
train,0,3.95e-06,
train,0,1.714e-05,
train,0,5.9e-06,
train,0,3.36e-06,
train,0,4.26e-06,
train,0,3.34e-06,
train,0,1.45e-06,
train,0,1.18e-06,
train,0,9.5e-07,
train,0,0.00043801,
train,0,5.13e-06,
train,0,0.00012691,
train,0,6.7e-07,
train,0,8.38e-06,
train,0,8.7e-07,
train,0,1.928e-05,
train,0,1.365e-05,
train,0,6.47e-06,
train,0,9.96e-06,
train,0,9.4e-07,
train,0,5.6e-07,
train,0,0.00132671,
train,0,0.00095058,
train,0,3.01e-06,
train,0,1.464e-05,
train,0,5.739e-05,
train,0,5.8e-07,
train,0,1.64e-06,
train,0,2.9e-07,
train,0,7.76e-06,
train,0,6.7e-07,
train,0,4.56e-06,
train,0,1.04e-06,
train,0,4.46e-06,
train,0,4.756e-05,
train,0,1.03e-06,
train,0,1.85e-06,
train,0,5.32e-06,
train,0,6.317e-05,
train,1,0.99708821,
train,0,1.31e-06,
train,0,0.00011696,
train,1,0.9998893,
train,0,3.059e-05,
train,0,2.48e-06,
train,0,4.72e-06,
train,0,1.014e-05,
train,0,5.1e-05,
train,0,1.52e-06,
train,0,7.89e-06,
train,0,7.96e-06,
train,0,2.8e-06,
train,0,9.6e-06,
train,0,4.9e-06,
train,0,4.376e-05,
train,0,1.51e-06,
train,0,3.07e-06,
train,0,1.502e-05,
train,0,1.02e-06,
train,0,1.29e-06,
train,0,5.27e-06,
train,0,0.00010356,
train,0,1.29e-06,
train,0,5.659e-05,
train,0,5.8e-07,
train,0,6.9e-07,
train,0,5.7e-06,
train,0,9.4e-07,
train,0,2.5e-07,
train,0,1.97e-06,
train,0,0.00012055,
train,0,2.16e-06,
train,0,5.3e-07,
train,0,0.00432196,
train,0,2.71e-06,
train,0,2.99e-06,
train,0,9.7e-06,
train,0,1.718e-05,
train,0,6.79e-06,
train,0,6.8e-07,
train,0,5.941e-05,
train,1,0.99741458,
train,0,6.5e-07,
train,0,2.102e-05,
train,0,2.517e-05,
train,0,2.54e-06,
train,0,1.98e-06,
train,0,6.65e-06,
train,0,6.4e-07,
train,0,0.00010237,
train,0,1.555e-05,
train,0,1.494e-05,
train,0,9.4e-07,
train,0,1.18e-06,
train,0,0.00151381,
train,0,3.93e-06,
train,0,4.11e-06,
train,0,2.319e-05,
train,0,7.41e-06,
train,0,1.268e-05,
train,0,4.26e-06,
train,0,2.73e-06,
train,0,7.02e-06,
train,0,4.22e-06,
train,0,5.4e-07,
train,0,1.08e-06,
train,0,6.8e-07,
train,0,1.07e-06,
train,0,6.688e-05,
train,0,1.855e-05,
train,0,1.92e-06,
train,0,9.19e-06,
train,0,1.38e-06,
train,0,3.62e-06,
train,0,2.496e-05,
train,0,6.04e-06,
train,0,4.2e-06,
train,0,9.1e-07,
train,0,3.85e-06,
train,0,0.00137404,
train,0,2.154e-05,
train,0,0.08864062,
train,0,2.6e-06,
train,0,2.95e-06,
train,0,5.7e-07,
train,0,7.407e-05,
train,0,8.395e-05,
train,0,7.14e-06,
train,0,3.74e-06,
train,0,1.667e-05,
train,0,5.05e-06,
train,0,3.3e-07,
train,0,1.19e-06,
train,0,9.86e-06,
train,0,4.77e-06,
train,0,4.607e-05,
train,0,2.49e-06,
train,0,4.78e-06,
train,0,7.08e-06,
train,0,1.26e-06,
train,0,3.12e-06,
train,0,5.55e-06,
train,0,2.21e-06,
train,0,3.72e-06,
train,0,1.16e-06,
train,0,4.36e-06,
train,0,3.349e-05,
train,0,1.08e-06,
train,0,7.81e-06,
train,0,3.27e-06,
train,0,3.11e-06,
train,0,2.32e-06,
train,0,3.276e-05,
train,0,1.76e-05,
train,0,3.149e-05,
train,0,1.48e-06,
train,0,1.27e-06,
train,0,3.81e-06,
train,0,1.214e-05,
train,0,5.5e-07,
train,0,9.9e-07,
train,0,7.62e-06,
train,0,5.2e-07,
train,0,2.73e-06,
train,0,3.4e-06,
train,0,1.17e-06,
train,0,8.42e-06,
train,0,1.319e-05,
train,0,1.07e-06,
train,0,2.81e-06,
train,0,2.232e-05,
train,0,5.6e-07,
train,0,2.05e-06,
train,0,4.53e-06,
train,0,4.858e-05,
train,0,1.47e-06,
train,0,3.7e-06,
train,0,1.09e-06,
train,0,1.046e-05,
train,0,8.9e-07,
train,0,1.596e-05,
train,0,5.353e-05,
train,0,3.3e-07,
train,0,4e-07,
train,0,1.88e-06,
train,0,1.338e-05,
train,0,6.3e-07,
train,0,1.156e-05,
train,0,2.27e-06,
train,0,9.8e-07,
train,0,1.09e-06,
train,0,5.8e-07,
train,0,8.2e-07,
train,0,0.00030012,
train,0,2.85e-06,
train,0,3.39e-06,
train,0,7.6e-07,
train,0,1.52e-06,
train,0,3e-07,
train,0,2.61e-06,
train,0,4.1e-07,
train,0,1.48e-06,
train,0,1.93e-06,
train,0,3.84e-06,
train,0,1.89e-06,
train,0,1.97e-06,
train,0,3.41e-06,
train,0,1.54e-06,
train,0,0.00016514,
train,0,1.8e-07,
train,0,2.78e-06,
train,0,6.7e-06,
train,0,1.31e-05,
train,0,2.17e-06,
train,0,3.17e-06,
train,0,1.75e-06,
train,0,1.94e-06,
train,0,1.42e-06,
train,0,4.3e-07,
train,0,1.13e-06,
train,0,7.8e-07,
train,0,1.84e-06,
train,0,5.04e-06,
train,0,1.113e-05,
train,0,7.3e-07,
train,0,1.95e-06,
train,0,7.6e-07,
train,1,0.99724162,
train,0,2.03e-06,
train,0,2.88e-06,
train,0,1.74e-06,
train,0,2.88e-06,
train,0,1.04e-06,
train,0,3.8e-07,
train,0,9.8e-07,
train,0,7.25e-06,
train,0,9e-07,
train,0,6.8e-07,
train,0,2.17e-06,
train,0,2.88e-06,
train,0,5.4e-07,
train,0,9.776e-05,
train,0,0.00011103,
train,0,4.7e-06,
train,0,6.15e-06,
train,0,2.58e-06,
train,0,1.502e-05,
train,0,5.4e-06,
train,0,1.55e-06,
train,0,2.4e-06,
train,0,1.587e-05,
train,0,2.263e-05,
train,0,2.19e-06,
train,0,3.61e-06,
train,0,3.54e-06,
train,0,4.2e-07,
train,0,1.909e-05,
train,0,1.48e-06,
train,0,8.13e-06,
train,0,4.4e-07,
train,0,2.91e-06,
train,0,0.00151009,
train,0,1.23e-06,
train,0,8.7e-07,
train,0,7.146e-05,
train,0,1.79e-06,
train,0,3.55e-06,
train,0,3.06e-06,
train,0,2.56e-06,
train,0,1.08e-06,
train,0,8.816e-05,
train,0,3.11e-06,
train,0,2.112e-05,
train,0,3.96e-06,
train,0,9e-07,
train,0,1.68e-06,
train,0,0.0001385,
train,0,5.3e-07,
train,0,3.6e-07,
train,0,0.0013765,
train,0,7.28e-06,
train,0,1.83e-06,
train,0,1.477e-05,
train,0,1.49e-06,
train,0,1.146e-05,
train,0,1.143e-05,
train,0,1.336e-05,
train,0,7.64e-06,
train,0,6.3e-07,
train,0,9.5e-07,
train,0,3.3e-07,
train,0,4.06e-06,
train,0,0.00017007,
train,0,1.41e-06,
train,0,1.23e-06,
train,0,0.0003668,
train,0,8.1e-07,
train,0,8.57e-06,
train,0,3.18e-06,
train,0,6.03e-06,
train,0,2.21e-06,
train,0,4.41e-06,
train,0,1.41e-06,
train,0,0.00134511,
train,0,5.4e-07,
train,0,2.01e-06,
train,0,0.00056513,
train,0,0.00168529,
train,0,5.7e-07,
train,0,8.5e-07,
train,0,4.4e-07,
train,0,4.38e-06,
train,0,4.76e-06,
train,0,8.9e-07,
train,0,2.48e-06,
train,0,1.99e-06,
train,0,6.1e-07,
train,0,2.54e-06,
train,0,4.22e-06,
train,0,0.00012018,
train,0,9.7e-07,
train,0,1.142e-05,
train,0,2.48e-06,
train,0,2.95e-05,
train,0,9.88e-06,
train,0,8.44e-06,
train,0,7.5e-07,
train,0,2.58e-06,
train,0,8.09e-06,
train,0,1.78e-06,
train,0,1.99e-06,
train,0,3.88e-06,
train,0,1.4e-06,
train,0,7.1e-07,
train,0,1.11e-06,
train,0,2.573e-05,
train,0,3.45e-06,
train,0,1.11e-06,
train,0,1.301e-05,
train,0,1.893e-05,
train,0,1.69e-06,
train,0,9.2e-07,
train,0,6.7e-07,
train,0,3.34e-06,
train,0,1.16e-06,
train,0,1.13e-06,
train,0,2.93e-06,
train,0,4.3e-06,
train,0,4.49e-06,
train,0,9.5e-07,
train,0,1.46e-06,
train,0,4.73e-06,
train,0,2.6e-07,
train,0,3.7e-06,
train,0,5.04e-06,
train,0,7.478e-05,
train,0,3.4e-06,
train,0,0.0001406,
train,0,2.89e-06,
train,0,3.88e-06,
train,0,1.33e-06,
train,0,3.06e-06,
train,0,2.16e-06,
train,0,6.04e-06,
train,0,8.6e-06,
train,0,7.81e-06,
train,0,4.57e-06,
train,0,7.7e-07,
train,0,3.42e-06,
train,0,1.34e-06,
train,0,2.42e-06,
train,0,6.54e-06,
train,0,1.69e-06,
train,0,1.685e-05,
train,0,0.01526756,
train,0,9.5e-07,
train,0,2.913e-05,
train,0,0.00016597,
train,0,8.04e-06,
train,0,4.4e-07,
train,0,1.19e-06,
train,0,6.5e-06,
train,1,0.99835617,
train,0,6.401e-05,
train,0,6.7e-06,
train,0,4.26e-06,
train,0,5e-07,
train,0,6.58e-06,
train,0,1.608e-05,
train,0,3.2e-07,
train,0,1.247e-05,
train,0,3.57e-06,
train,0,1.447e-05,
train,0,5.63e-06,
train,0,5.01e-06,
train,0,6.6e-07,
train,0,4.8e-07,
train,0,1.717e-05,
train,0,3.14e-06,
train,0,5.6e-07,
train,0,6.28e-06,
train,0,1.6e-06,
train,0,8.25e-06,
train,0,7e-07,
train,0,1.95e-06,
train,0,2.138e-05,
train,0,0.00033007,
train,0,2.33e-06,
train,0,2.36e-06,
train,0,3.15e-06,
train,0,3.76e-06,
train,0,4.1e-07,
train,0,8.6e-07,
train,0,2.44e-06,
train,0,3.66e-06,
train,0,5.54e-06,
train,0,4.29e-06,
train,0,3.97e-06,
train,0,3.27e-06,
train,0,5.53e-06,
train,0,0.0010348,
train,0,1.258e-05,
train,0,1.17e-06,
train,0,0.00010518,
train,0,3.68e-06,
train,0,2.2e-06,
train,0,1.078e-05,
train,0,4.82e-06,
train,0,1.893e-05,
train,0,4.046e-05,
train,0,1.44e-06,
train,0,1.832e-05,
train,0,4.7e-07,
train,0,3.04e-06,
train,0,2.01e-05,
train,0,6.86e-06,
train,0,2.86e-06,
train,0,1.025e-05,
train,0,1.97e-06,
train,0,3.89e-06,
train,0,0.00124179,
train,0,7.21e-06,
train,0,3.52e-06,
train,0,1.06e-06,
train,0,3.97e-06,
train,0,3.04e-06,
train,0,1.25e-06,
train,0,2.643e-05,
train,0,0.00026771,
train,0,0.00025469,
train,0,3.5e-06,
train,0,5.6e-07,
train,0,1.052e-05,
train,0,8.977e-05,
train,0,0.00208278,
train,0,5.92e-06,
train,0,4.225e-05,
train,0,2.846e-05,
train,0,1.223e-05,
train,0,4.77e-06,
train,0,3.9e-07,
train,0,8.4e-07,
train,0,1.053e-05,
train,0,3.71e-06,
train,0,3.41e-06,
train,0,1.625e-05,
train,0,9.77e-06,
train,0,1.02e-06,
train,0,2.24e-06,
train,0,5.33e-06,
train,0,1.079e-05,
train,0,4.19e-06,
train,0,2.97e-06,
train,0,0.00117373,
train,0,2.81e-06,
train,0,4.3e-07,
train,0,5.02e-06,
train,0,2.22e-06,
train,0,3.26e-06,
train,0,0.00074556,
train,0,6.42e-06,
train,0,9.4e-07,
train,0,8.3e-07,
train,0,8.83e-06,
train,0,4.2e-07,
train,0,1.08e-06,
train,0,3.12e-06,
train,0,3.17e-06,
train,0,2.41e-06,
train,0,1.518e-05,
train,0,2.754e-05,
train,0,5.68e-06,
train,0,5.94e-06,
train,0,2.13e-06,
train,0,2.74e-06,
train,0,2.64e-06,
train,0,4.7e-07,
train,0,2.94e-06,
train,0,1.88e-06,
train,0,2.06e-05,
train,0,7.2e-07,
train,0,2.2e-06,
train,0,8.1e-07,
train,0,4.43e-06,
train,0,6.06e-06,
train,0,1.88e-06,
train,0,1.591e-05,
train,0,4e-07,
train,0,1.39e-06,
train,0,2.265e-05,
train,0,2.82e-06,
train,0,3.2e-06,
train,0,1.63e-06,
train,0,2.7e-06,
train,0,3.36e-06,
train,0,3.5e-07,
train,0,2.87e-06,
train,0,2.41e-06,
train,0,4.32e-06,
train,0,1.07e-06,
train,0,8.76e-06,
train,0,7e-07,
train,0,1.865e-05,
train,0,2.6e-07,
train,0,7.3e-07,
train,0,2.379e-05,
train,0,1.47e-06,
train,0,7e-07,
train,0,1.25e-06,
train,0,1.001e-05,
train,0,1.4e-06,
train,0,1.049e-05,
train,0,9.45e-06,
train,0,6.1e-07,
train,0,1.21e-06,
train,0,9.1e-07,
train,0,1.47e-06,
train,0,1.52e-06,
train,0,1.14e-06,
train,0,7.95e-06,
train,0,4.1e-07,
train,0,6.3e-07,
train,0,5.83e-06,
train,0,9.033e-05,
train,0,0.00178987,
train,0,2.314e-05,
train,0,1.25e-06,
train,0,8.93e-06,
train,0,7.8e-07,
train,0,8.2e-07,
train,0,6.9e-07,
train,0,2.17e-06,
train,0,0.00010634,
train,0,1.48e-06,
train,0,2.3e-07,
train,0,1.5e-07,
train,0,6.4e-07,
train,0,2.16e-06,
train,0,8.9e-07,
train,0,1.04e-06,
train,0,2.6e-07,
train,0,5.9e-07,
train,0,2.76e-06,
train,0,3.2e-07,
train,0,9e-07,
train,0,4.4e-07,
train,0,3.24e-06,
train,0,1.87e-06,
train,0,1.1e-06,
train,0,3.7e-07,
train,0,8.6e-06,
train,0,7.34e-06,
train,0,2.02e-06,
train,0,3.75e-06,
train,0,1.94e-06,
train,0,5.03e-06,
train,0,4.99e-06,
train,0,9.5e-07,
train,0,2.85e-06,
train,0,1.32e-05,
train,0,1.33e-06,
train,0,1.38e-06,
train,0,7.6e-07,
train,0,1.4e-06,
train,0,3.6e-06,
train,0,3.98e-06,
train,0,4.66e-06,
train,0,3.25e-06,
train,0,9.9e-07,
train,0,4e-07,
train,0,7.6e-06,
train,0,3.67e-06,
train,0,1.01e-06,
train,0,1.7e-06,
train,0,5.3e-07,
train,0,1.103e-05,
train,0,1.57e-06,
train,0,1.292e-05,
train,0,1.57e-06,
train,0,1.63e-06,
train,0,1.3e-06,
train,0,2.44e-06,
train,0,2.6e-07,
train,0,7.6e-07,
train,0,2.55e-06,
train,0,1.5e-06,
train,0,1.07e-06,
train,0,2.4e-07,
train,0,4.87e-06,
train,0,5.62e-06,
train,0,2.76e-06,
train,0,3.62e-06,
train,0,3.249e-05,
train,0,2.223e-05,
train,0,3.14e-06,
train,0,5.676e-05,
train,0,1.48e-06,
train,0,3.25e-06,
train,0,3.81e-06,
train,0,5.74e-06,
train,0,1.05e-06,
train,0,1.19e-06,
train,0,3.4e-07,
train,0,1.002e-05,
train,0,4.5e-06,
train,0,1.42e-06,
train,0,1.58e-06,
train,0,9.51e-06,
train,0,7.1e-07,
train,0,3.09e-06,
train,0,1.63e-06,
train,0,6.9e-07,
train,0,2.55e-06,
train,0,0.00089498,
train,0,1.88e-06,
train,0,1.333e-05,
train,0,0.0001725,
train,0,1.56e-06,
train,0,4.2e-07,
train,0,4.8e-07,
train,0,1e-06,
train,0,3.25e-06,
train,0,2.013e-05,
train,0,4.12e-06,
train,0,1.488e-05,
train,0,0.00109155,
train,0,0.00026326,
train,0,3.993e-05,
train,0,1.902e-05,
train,0,1.87e-06,
train,0,1.11e-06,
train,0,1.14e-05,
train,0,2.76e-06,
train,0,0.00094713,
train,0,3.72e-06,
train,0,8.9e-07,
train,0,2.1e-06,
train,0,1.68e-06,
train,0,2.7e-06,
train,0,8.6e-07,
train,0,1.54e-06,
train,0,3.81e-06,
train,0,9.31e-06,
train,0,1.14e-06,
train,0,2.76e-06,
train,0,5.2e-07,
train,0,4.03e-06,
train,0,7e-07,
train,0,8.72e-06,
train,0,3.141e-05,
train,0,2.88e-05,
train,0,6.16e-05,
train,0,3.9e-06,
train,0,1.13e-06,
train,0,2.71e-06,
train,0,4.19e-06,
train,0,1.402e-05,
train,0,1.075e-05,
train,0,1.68e-06,
train,0,9.7e-07,
train,0,4.19e-06,
train,1,0.99852376,
train,0,9.4e-07,
train,0,1.077e-05,
train,0,0.00041492,
train,1,0.9996624,
train,0,7.4e-07,
train,0,0.0012139,
train,0,4.71e-06,
train,0,8.49e-06,
train,0,6.9e-07,
train,0,3.02e-06,
train,0,6.32e-06,
train,0,8.06e-06,
train,0,2.18e-06,
train,0,1.117e-05,
train,0,1.324e-05,
train,0,1.4e-06,
train,0,0.00026353,
train,0,1.134e-05,
train,0,0.22587462,
train,0,5.2e-07,
train,0,2.82e-06,
train,0,4.17e-06,
train,0,4.21e-06,
train,0,3.6e-07,
train,0,2.44e-06,
train,0,1.419e-05,
train,0,1.16e-06,
train,0,8.3e-07,
train,0,3.91e-06,
train,0,7.05e-06,
train,0,8.48e-06,
train,0,7.7e-07,
train,0,1.59e-06,
train,0,3.41e-06,
train,0,3.33e-06,
train,0,9.6e-07,
train,0,1.94e-06,
train,0,0.00040247,
train,0,1.4e-06,
train,0,8.656e-05,
train,0,9.14e-06,
train,0,1.143e-05,
train,0,1.1e-06,
train,0,5.68e-06,
train,0,4.65e-06,
train,0,2.13e-06,
train,0,1.06e-06,
train,0,5.9e-07,
train,0,1.51e-06,
train,0,6.02e-06,
train,0,3.01e-06,
train,0,2.15e-06,
train,0,2.91e-06,
train,0,0.00015277,
train,0,1.66e-06,
train,0,2.39e-06,
train,0,3.182e-05,
train,0,5.1e-07,
train,0,1.17e-06,
train,0,3.7e-07,
train,0,1.66e-06,
train,0,8.83e-06,
train,0,7.6e-07,
train,0,1.06e-06,
train,0,1.168e-05,
train,0,8.941e-05,
train,0,4.619e-05,
train,0,2.89e-06,
train,0,4.07e-06,
train,0,4.52e-06,
train,0,3.7e-06,
train,0,1.29e-06,
train,0,1.25e-06,
train,0,1.48e-06,
train,0,4.26e-06,
train,0,1.75e-06,
train,0,4.61e-06,
train,0,8.6e-07,
train,0,2.31e-06,
train,0,2.018e-05,
train,0,1.57e-06,
train,0,8.61e-06,
train,0,3.9e-07,
train,0,3.57e-06,
train,0,2.671e-05,
train,0,1.42e-06,
train,0,1.32e-06,
train,0,4e-07,
train,0,3.2e-07,
train,0,5.182e-05,
train,0,2.281e-05,
train,0,8.2e-07,
train,0,3.82e-06,
train,0,1.171e-05,
train,0,1.57e-06,
train,0,4.514e-05,
train,0,4.73e-06,
train,0,7.45e-06,
train,0,2.87e-06,
train,0,0.00036118,
train,0,1.004e-05,
train,0,3.38e-06,
train,0,8.705e-05,
train,0,7.2e-07,
train,0,4.47e-06,
train,1,0.99958148,
train,0,4.22e-06,
train,0,1.84e-06,
train,0,3.83e-06,
train,0,1.122e-05,
train,0,1.317e-05,
train,0,4.55e-06,
train,0,1.94e-06,
train,0,9.61e-06,
train,0,2.36e-06,
train,0,8.5e-07,
train,0,2.243e-05,
train,0,4.241e-05,
train,0,2.11e-06,
train,0,7.4e-07,
train,0,4.346e-05,
train,0,6.51e-06,
train,0,5.3e-07,
train,0,9.192e-05,
train,0,2.55e-05,
train,0,1.91e-06,
train,0,2.76e-06,
train,0,1.4e-06,
train,0,4.86e-06,
train,0,2.58e-06,
train,0,4.71e-06,
train,0,1.94e-06,
train,0,5.51e-06,
train,0,6.41e-06,
train,0,2.21e-06,
train,0,3.6e-07,
train,0,3.5e-07,
train,0,5.83e-06,
train,0,7.3e-07,
train,0,3.9e-06,
train,0,9.9e-07,
train,0,2.501e-05,
train,0,4.4e-06,
train,0,8.58e-06,
train,0,7.2e-07,
train,0,4.06e-06,
train,0,2.6e-06,
train,0,5.89e-06,
train,0,2.91e-06,
train,0,1.569e-05,
train,0,1.14e-05,
train,0,6.5e-07,
train,0,3.33e-06,
train,0,1.97e-06,
train,0,3.49e-06,
train,0,3.9e-07,
train,0,1.958e-05,
train,0,2.59e-06,
train,0,3.98e-06,
train,0,6.89e-06,
train,0,8.84e-06,
train,0,3.8e-07,
train,0,2.38e-06,
train,0,5.9e-07,
train,0,3e-07,
train,0,1.22e-06,
train,0,1.59e-06,
train,0,7.3e-07,
train,0,0.0001851,
train,0,2.6e-07,
train,0,5.8e-07,
train,0,1.8e-07,
train,0,1.72e-06,
train,0,2.44e-06,
train,0,1.3e-07,
train,0,1.23e-06,
train,0,4.84e-06,
train,0,6.1e-07,
train,0,1.33e-06,
train,0,1.56e-06,
train,0,2.6e-07,
train,0,1.5e-07,
train,0,2.03e-06,
train,0,1.68e-06,
train,0,4.1e-07,
train,0,3.54e-06,
train,0,8.1e-07,
train,0,4.1e-07,
train,0,7.8e-07,
train,0,2.7e-07,
train,0,7.6e-07,
train,0,8.9e-07,
train,0,2.72e-06,
train,0,6.57e-06,
train,0,1.045e-05,
train,0,1.97e-06,
train,0,5.35e-06,
train,0,2.31e-06,
train,0,8.8e-07,
train,0,1.03e-06,
train,0,2.55e-06,
train,0,5.4e-07,
train,0,8.146e-05,
train,0,4.31e-06,
train,0,1.916e-05,
train,0,3.3e-07,
train,0,2.33e-06,
train,0,0.00054539,
train,0,5.25e-06,
train,0,1.65e-06,
train,0,2.63e-06,
train,0,4.45e-06,
train,0,5.7e-07,
train,0,1.63e-06,
train,0,3.4e-07,
train,0,7.773e-05,
train,0,2.41e-06,
train,0,1.45e-06,
train,0,9.6e-07,
train,0,1.23e-06,
train,0,5.8e-07,
train,0,5.4e-07,
train,0,9e-07,
train,0,1.94e-06,
train,0,2.74e-06,
train,0,1.07e-06,
train,0,6.4e-07,
train,0,8.7e-07,
train,0,4.04e-06,
train,0,5.2e-07,
train,0,5.501e-05,
train,0,3.71e-06,
train,0,6.2e-07,
train,0,1.497e-05,
train,0,2.83e-06,
train,0,6.36e-06,
train,0,1.443e-05,
train,0,3.18e-06,
train,0,9.87e-06,
train,0,6.7e-07,
train,0,3.28e-06,
train,0,8.1e-07,
train,0,6.093e-05,
train,0,2.06e-06,
train,0,5.3e-07,
train,0,3.09e-06,
train,0,2.16e-06,
train,0,3.56e-06,
train,0,1.173e-05,
train,0,6.6e-07,
train,0,5.6e-07,
train,0,3.1e-07,
train,0,2.2e-07,
train,0,1.1e-06,
train,0,3.53e-06,
train,0,2.22e-06,
train,0,4.82e-06,
train,0,5.5e-07,
train,0,1.94e-06,
train,0,6.39e-06,
train,0,5.1e-07,
train,0,1.08e-06,
train,0,0.00019467,
train,0,4.9e-07,
train,0,2.815e-05,
train,0,1.8e-06,
train,0,9.7e-07,
train,0,3.9e-06,
train,0,7.06e-06,
train,0,6.9e-07,
train,0,1.291e-05,
train,1,0.99817803,
train,0,6.76e-06,
train,0,1.31e-06,
train,0,4.4e-07,
train,0,0.00055518,
train,0,9.63e-06,
train,0,3.89e-06,
train,0,1.16e-06,
train,0,7.7e-07,
train,0,0.00015236,
train,0,0.00016408,
train,0,1.61e-06,
train,0,2.6e-07,
train,0,1.803e-05,
train,0,3.46e-06,
train,0,5.5e-07,
train,0,2.65e-06,
train,0,2.63e-06,
train,0,6e-07,
train,0,6.1e-07,
train,0,5.6e-07,
train,0,4.01e-06,
train,0,1.381e-05,
train,0,9.79e-06,
train,0,9.4e-07,
train,0,7.08e-06,
train,0,1.37e-06,
train,0,3.599e-05,
train,0,5.12e-06,
train,0,2.7e-06,
train,0,3.7e-07,
train,0,5.03e-06,
train,0,4.7e-07,
train,0,1.03e-06,
train,0,1.04e-06,
train,0,1.58e-06,
train,0,1.61e-06,
train,0,1.68e-05,
train,0,7.24e-06,
train,0,1.21e-06,
train,0,8.6e-05,
train,0,4.67e-06,
train,0,1.98e-06,
train,0,1.248e-05,
train,0,2.14e-06,
train,0,4.01e-06,
train,0,2.25e-06,
train,0,1.62e-06,
train,0,1.28e-06,
train,0,8.6e-06,
train,0,3e-07,
train,0,7.3e-07,
train,0,6.83e-06,
train,0,3.45e-06,
train,0,6.2e-07,
train,0,2.59e-06,
train,0,7.71e-06,
train,0,1.197e-05,
train,0,2.51e-06,
train,0,6.9e-07,
train,0,1.66e-06,
train,0,3.82e-05,
train,0,6.1e-07,
train,0,2.16e-06,
train,0,3.943e-05,
train,0,6.744e-05,
train,0,5.37e-06,
train,0,2.45e-06,
train,1,0.99846092,
train,0,1.66e-06,
train,0,4.353e-05,
train,0,8.9e-07,
train,0,2.72e-06,
train,0,1.88e-06,
train,0,6.21e-06,
train,0,7.23e-06,
train,0,2.43e-06,
train,0,1.58e-06,
train,0,1.94e-06,
train,0,1.35e-06,
train,0,3.701e-05,
train,0,3.72e-06,
train,0,1.02e-06,
train,0,0.0047749,
train,0,2.96e-05,
train,0,1.502e-05,
train,0,4.62e-06,
train,0,2.236e-05,
train,0,3.6e-07,
train,0,5.4e-07,
train,0,2.25e-06,
train,0,2.32e-06,
train,0,5.95e-06,
train,0,1.39e-06,
train,0,1.64e-06,
train,1,0.99580035,
train,0,4.94e-06,
train,0,9.77e-06,
train,0,3.368e-05,
train,0,5.07e-06,
train,0,2.56e-05,
train,0,5.33e-06,
train,0,1.74e-06,
train,0,1.34e-06,
train,0,3.42e-06,
train,1,0.9998311,
train,0,5.15e-06,
train,0,1.106e-05,
train,0,9.21e-06,
train,0,1.05e-06,
train,0,2.05e-06,
train,1,0.99947676,
train,0,3.62e-06,
train,0,6.049e-05,
train,0,8.04e-06,
train,0,3.46e-06,
train,0,8.5e-07,
train,0,3.41e-06,
train,0,3.15e-06,
train,0,9e-07,
train,0,2.45e-06,
train,0,2.89e-06,
train,0,6.92e-06,
train,0,3.52e-06,
train,0,9.1e-07,
train,0,4.8e-07,
train,0,1.21e-06,
train,0,7.99e-06,
train,0,3.55e-06,
train,0,1.28e-06,
train,0,1.602e-05,
train,0,0.00023223,
train,0,9.717e-05,
train,0,2.45e-06,
train,0,1.396e-05,
train,0,2.17e-06,
train,0,2.46e-06,
train,0,2.345e-05,
train,0,4.166e-05,
train,0,5.44e-06,
train,0,1.065e-05,
train,0,3.8e-07,
train,0,2.66e-06,
train,0,7.8e-07,
train,0,1.56e-05,
train,0,5.01e-06,
train,0,4.2e-07,
train,0,1.303e-05,
train,0,5e-07,
train,0,5.3e-07,
train,0,3.66e-06,
train,0,2.9e-07,
train,0,5.18e-06,
train,0,1.418e-05,
train,0,6.7e-07,
train,0,7.7e-07,
train,0,5.6e-07,
train,0,1.89e-06,
train,0,2.27e-06,
train,0,4.1e-07,
train,0,7.59e-06,
train,0,9.1e-06,
train,0,7.7e-07,
train,0,1.57e-06,
train,0,1.98e-06,
train,0,4.09e-06,
train,0,3.691e-05,
train,0,2.69e-06,
train,0,1.68e-06,
train,0,5.9e-07,
train,0,2.62e-06,
train,0,3.79e-06,
train,0,2.59e-06,
train,0,0.00018633,
train,0,4.68e-06,
train,0,1.394e-05,
train,0,2.8e-07,
train,0,7.3e-07,
train,0,4.9e-07,
train,0,4.8e-07,
train,0,3.08e-06,
train,0,6.99e-06,
train,0,1.371e-05,
train,0,5.3e-07,
train,0,1.422e-05,
train,0,5.87e-06,
train,0,1.14e-06,
train,0,3.2e-07,
train,0,8.2e-07,
train,0,8.7e-07,
train,0,9.93e-06,
train,0,5.69e-06,
train,0,1.91e-06,
train,0,1.86e-06,
train,0,6.03e-06,
train,0,6.65e-06,
train,0,1.03e-06,
train,0,2.72e-06,
train,0,1.19e-06,
train,0,3.15e-06,
train,0,3.8e-07,
train,0,2.869e-05,
train,0,2.56e-06,
train,0,4.6e-06,
train,0,1.77e-06,
train,0,1.422e-05,
train,0,2.61e-06,
train,0,1.61e-06,
train,0,1.98e-06,
train,0,2.09e-06,
train,0,4.5e-06,
train,0,1.42e-06,
train,0,1.22e-06,
train,0,4.3e-07,
train,0,1.3e-06,
train,0,2.279e-05,
train,0,6.4e-07,
train,0,8.3e-07,
train,0,1.1e-06,
train,0,1.41e-06,
train,0,1.05e-06,
train,0,3.7e-07,
train,0,2.15e-06,
train,0,4.85e-06,
train,0,7.2e-07,
train,0,2.4e-07,
train,0,6.8e-07,
train,0,2.9e-07,
train,0,1.35e-06,
train,0,1.33e-06,
train,0,6.1e-07,
train,0,7.7e-07,
train,0,3.4e-07,
train,0,5.3e-07,
train,0,4.6e-07,
train,0,2.54e-06,
train,1,0.99961249,
train,0,2.04e-06,
train,0,6.1e-07,
train,0,3.8e-07,
train,0,3.12e-06,
train,0,4.2e-07,
train,0,3.51e-06,
train,0,4.5e-07,
train,0,3.76e-06,
train,0,2.28e-06,
train,0,6.8e-07,
train,0,1.197e-05,
train,0,8.8e-07,
train,0,1.28e-06,
train,0,2.09e-06,
train,0,5e-07,
train,0,3e-07,
train,0,9.7e-07,
train,0,3.32e-06,
train,0,3.3e-07,
train,0,4.6e-07,
train,0,5.8e-07,
train,0,1.65e-06,
train,0,5.2e-06,
train,0,9.52e-06,
train,0,4.5e-07,
train,0,9.1e-07,
train,0,9.05e-06,
train,0,2.85e-06,
train,0,8.6e-07,
train,0,6.12e-06,
train,0,1.7e-06,
train,0,9.79e-06,
train,0,1.66e-06,
train,0,9.8e-07,
train,0,1.71e-06,
train,0,1.235e-05,
train,0,2.2e-06,
train,0,2.16e-06,
train,0,4.017e-05,
train,0,7e-07,
train,0,3.45e-06,
train,0,1.48e-06,
train,0,1.178e-05,
train,0,1.11e-06,
train,0,1.94e-05,
train,0,0.00012018,
train,0,2.45e-06,
train,0,8.2e-07,
train,0,1.04e-06,
train,0,2.19e-06,
train,0,2.07e-06,
train,0,2.58e-06,
train,0,1.87e-06,
train,0,1.59e-06,
train,0,3.59e-06,
train,0,3.58e-06,
train,0,1.46e-06,
train,0,4.5e-06,
train,0,8.2e-07,
train,0,1.09e-06,
train,0,2.02e-06,
train,0,8.4e-07,
train,0,3.12e-06,
train,0,9.04e-06,
train,0,1.6e-07,
train,0,3.2e-07,
train,0,5.03e-06,
train,0,1.46e-06,
train,0,2.16e-06,
train,0,3.59e-06,
train,0,1.48e-06,
train,0,7.31e-06,
train,0,3.64e-06,
train,0,9.1e-07,
train,0,2.41e-06,
train,0,6.1e-07,
train,0,2.37e-06,
train,0,4e-07,
train,0,1.1e-06,
train,0,1.21e-06,
train,0,5.22e-06,
train,0,7.28e-06,
train,0,2.8e-07,
train,0,5.1e-07,
train,0,1.03e-06,
train,0,5.16e-06,
train,0,1.56e-06,
train,0,9.5e-07,
train,0,5.71e-06,
train,0,1.884e-05,
train,0,1.003e-05,
train,0,1.51e-05,
train,0,9.9e-07,
train,0,5.24e-06,
train,0,4.1e-07,
train,0,3.07e-06,
train,0,2.87e-06,
train,0,9.6e-07,
train,0,4.7e-07,
train,0,4.67e-06,
train,0,2.27e-06,
train,0,1.818e-05,
train,0,5.41e-06,
train,0,9.4e-07,
train,0,8.71e-06,
train,0,4.1e-07,
train,0,1.373e-05,
train,0,3.64e-06,
train,0,3.65e-06,
train,0,1.45e-06,
train,0,8.1e-07,
train,0,6.663e-05,
train,0,6.1e-07,
train,0,2.07e-06,
train,0,6.89e-06,
train,0,6.91e-06,
train,0,3.59e-06,
train,0,1.65e-06,
train,0,1.22e-06,
train,0,2.78e-06,
train,0,6.3e-07,
train,0,6.03e-06,
train,0,3.215e-05,
train,0,1.798e-05,
train,1,0.9944863,
train,0,2.4e-07,
train,0,1.469e-05,
train,0,4.8e-07,
train,0,5.469e-05,
train,0,1.953e-05,
train,0,2.595e-05,
train,0,2.22e-06,
train,0,3.05e-06,
train,0,3.781e-05,
train,0,5.47e-06,
train,0,3.34e-06,
train,0,3.898e-05,
train,0,2.196e-05,
train,0,4.22e-06,
train,0,2.8e-06,
train,0,0.0996152,
train,0,1.31e-06,
train,0,0.00017346,
train,0,2.42e-06,
train,0,4.85e-06,
train,0,1.91e-06,
train,0,1.96e-06,
train,0,1.61e-06,
train,0,3.41e-06,
train,0,1.21e-06,
train,0,2.86e-06,
train,0,4.07e-06,
train,0,1.07e-05,
train,0,7.6e-07,
train,0,1.51e-06,
train,0,1.35e-06,
train,0,7.9e-07,
train,0,8.4e-07,
train,0,1.13e-05,
train,0,1.47e-06,
train,0,3.95e-06,
train,0,3.97e-06,
train,0,9.38e-06,
train,0,1.166e-05,
train,0,3.156e-05,
train,0,1.585e-05,
train,0,7.08e-06,
train,0,2.93e-06,
train,0,2.436e-05,
train,0,8.74e-06,
train,0,2.55e-06,
train,0,3.93e-05,
train,0,8.1e-07,
train,0,9.9e-07,
train,0,8e-07,
train,0,4.41e-05,
train,0,1.67e-06,
train,0,1.44e-06,
train,0,3.91e-05,
train,0,7.394e-05,
train,0,9e-07,
train,0,1.05e-06,
train,0,3.93e-06,
train,0,1.63e-05,
train,0,2.98e-06,
train,0,6.5e-06,
train,0,2.16e-06,
train,0,3.13e-06,
train,0,5.75e-06,
train,0,1.134e-05,
train,0,6.9e-07,
train,0,1.813e-05,
train,0,2.349e-05,
train,0,1.47e-06,
train,0,5.43e-06,
train,0,3.5e-06,
train,0,5.94e-06,
train,0,4.89e-06,
train,0,4.31e-05,
train,0,9.2e-07,
train,0,2.995e-05,
train,0,5e-07,
train,0,1.137e-05,
train,0,8.2e-07,
train,0,7.22e-06,
train,0,5.8e-07,
train,0,1.86e-06,
train,0,8.47e-06,
train,0,6.9e-06,
train,0,3.5e-06,
train,0,2.6e-07,
train,0,1.47e-06,
train,0,1.26e-06,
train,0,6.4e-07,
train,0,2.184e-05,
train,0,1.395e-05,
train,0,1.11e-06,
train,0,1.06e-06,
train,0,2.47e-06,
train,0,5.17e-06,
train,0,2.51e-06,
train,0,1.55e-06,
train,0,5.253e-05,
train,0,1.49e-06,
train,0,5.68e-06,
train,0,6.1e-07,
train,0,8.5e-07,
train,0,2.16e-06,
train,0,7.93e-06,
train,0,1.05e-06,
train,0,5.157e-05,
train,0,6.4e-07,
train,0,2.29e-06,
train,0,0.00057251,
train,0,2.801e-05,
train,0,2.17e-06,
train,0,8.8e-07,
train,0,6.2e-07,
train,0,8.774e-05,
train,0,1.22e-06,
train,0,1.95e-06,
train,0,3.363e-05,
train,0,1.7e-06,
train,0,1.25e-05,
train,0,4.64e-06,
train,0,2.98e-06,
train,0,4.6e-07,
train,0,8.9e-07,
train,0,7.4e-06,
train,0,9.7e-07,
train,0,7.93e-06,
train,0,1.695e-05,
train,0,2.3e-06,
train,0,4.326e-05,
train,0,9.318e-05,
train,0,7.16e-06,
train,0,4.229e-05,
train,0,1.326e-05,
train,0,1.7e-06,
train,0,3.39e-06,
train,0,2.1e-06,
train,0,8.95e-06,
train,0,1.02e-06,
train,0,3.86e-06,
train,0,5.2e-07,
train,0,3.47e-06,
train,0,9.05e-06,
train,0,2.77e-06,
train,0,3.69e-06,
train,0,2.533e-05,
train,0,2.49e-06,
train,0,3.83e-06,
train,0,3.32e-06,
train,0,7e-07,
train,0,1.6e-06,
train,0,8.1e-07,
train,0,2.23e-06,
train,0,8.7e-07,
train,0,1.89e-06,
train,0,9.15e-06,
train,0,2.014e-05,
train,0,6.3e-07,
train,0,2.68e-06,
train,0,1.46e-05,
train,0,1.66e-06,
train,0,6.6e-07,
train,0,2.09e-06,
train,0,4.71e-06,
train,0,0.00016896,
train,0,2.181e-05,
train,0,2.5e-07,
train,0,5.43e-06,
train,0,3.61e-06,
train,0,1.686e-05,
train,0,3.06e-06,
train,0,1.48e-06,
train,0,3.8e-07,
train,0,3.47e-06,
train,0,1.06e-06,
train,0,2.34e-06,
train,0,4.8e-07,
train,0,1.35e-06,
train,0,6.8e-07,
train,0,3.01e-06,
train,0,4e-06,
train,0,7.5e-07,
train,0,2.7e-06,
train,0,1.6e-06,
train,0,6.85e-06,
train,0,3.67e-06,
train,0,2.02e-06,
train,0,9.2e-07,
train,0,2.81e-06,
train,0,8.24e-06,
train,0,4.8e-07,
train,0,4.14e-06,
train,0,1.48e-06,
train,0,4e-07,
train,0,1.13e-06,
train,0,9e-07,
train,0,9.1e-07,
train,0,2.3e-07,
train,0,7.5e-07,
train,0,4.59e-06,
train,0,2.08e-06,
train,0,2.1e-07,
train,0,4e-07,
train,0,1.11e-06,
train,0,2.1e-07,
train,0,3.9e-07,
train,0,7.87e-06,
train,0,4e-07,
train,0,1.66e-06,
train,0,2.34e-06,
train,0,1.22e-06,
train,0,3.3e-07,
train,0,0.00012212,
train,0,5.9e-07,
train,0,9.6e-07,
train,0,5.9e-07,
train,0,1.17e-06,
train,0,7e-07,
train,0,1.9e-07,
train,0,2.79e-06,
train,0,4.1e-07,
train,0,7.8e-07,
train,0,2.2e-06,
train,0,5.6e-07,
train,0,1e-06,
train,0,0.00010815,
train,0,1.86e-06,
train,0,5e-07,
train,0,2.42e-06,
train,0,9.4e-07,
train,0,4e-06,
train,0,7.97e-06,
train,0,1.77e-06,
train,0,1.37e-06,
train,0,4e-06,
train,0,2.01e-06,
train,0,7.2e-07,
train,0,4.88e-06,
train,0,2.13e-06,
train,0,2.8e-07,
train,0,2.56e-06,
train,0,9.23e-06,
train,0,6.7e-07,
train,0,4.71e-06,
train,0,7.3e-07,
train,0,1.16e-06,
train,0,8.8e-07,
train,0,1.99e-06,
train,0,1.22e-06,
train,0,3.2e-07,
train,0,6.3e-07,
train,0,1.27e-06,
train,0,6.3e-07,
train,0,3.1e-07,
train,0,3.659e-05,
train,0,1.5e-06,
train,0,1.35e-06,
train,0,2.146e-05,
train,0,3.99e-05,
train,0,1.76e-06,
train,0,1.24e-06,
train,0,3.22e-06,
train,0,3.63e-06,
train,0,0.00053724,
train,0,1.458e-05,
train,0,2.35e-06,
train,0,9.71e-06,
train,0,4.7e-07,
train,0,2.557e-05,
train,0,9.663e-05,
train,0,0.0001238,
train,0,4.1e-07,
train,0,4.68e-06,
train,0,4.23e-06,
train,0,7.88e-06,
train,0,6.79e-06,
train,0,1.404e-05,
train,0,1.07e-06,
train,0,6.45e-06,
train,0,4.22e-06,
train,0,7.39e-06,
train,0,4.614e-05,
train,0,3.71e-06,
train,0,4.7e-07,
train,0,8.62e-06,
train,0,8.32e-06,
train,0,6.6e-07,
train,0,1.24e-06,
train,0,6.2e-07,
train,0,1.24e-06,
train,0,1.25e-06,
train,0,4.77e-06,
train,0,1.3e-06,
train,0,1.7e-06,
train,0,1.28e-06,
train,0,1.02e-06,
train,0,6.36e-06,
train,0,0.00011047,
train,0,2.99e-06,
train,0,7.07e-06,
train,0,3.2e-07,
train,0,2.996e-05,
train,0,9.2e-07,
train,0,1.47e-06,
train,0,9.22e-06,
train,0,8.23e-06,
train,0,2.08e-06,
train,0,1.669e-05,
train,0,4.5e-07,
train,0,4.22e-06,
train,0,0.00081805,
train,0,0.00134153,
train,0,2.82e-06,
train,0,1.16e-06,
train,0,6.02e-06,
train,0,8.64e-06,
train,0,7.6e-07,
train,0,4.69e-06,
train,0,8.5e-06,
train,0,7.4e-07,
train,0,6.49e-06,
train,0,5.9e-07,
train,0,5.03e-06,
train,0,6.4e-07,
train,0,6.9e-07,
train,0,2.2e-07,
train,0,1.37e-06,
train,0,3.96e-06,
train,0,3.09e-06,
train,0,8.7e-07,
train,0,8.2e-07,
train,0,1.69e-06,
train,0,2.614e-05,
train,0,4.71e-06,
train,0,7.6e-07,
train,0,1.27e-06,
train,0,3.54e-06,
train,0,4.03e-06,
train,0,0.01142669,
train,0,3.91e-06,
train,0,7.1e-07,
train,0,2.26e-06,
train,0,1.98e-06,
train,0,1.55e-06,
train,0,1.627e-05,
train,0,4.18e-06,
train,0,1.346e-05,
train,0,2.13e-06,
train,0,2.65e-06,
train,0,4.77e-06,
train,0,7.1e-07,
train,0,1.817e-05,
train,0,2e-06,
train,0,3.88e-06,
train,0,2.42e-06,
train,0,4.13e-06,
train,0,1.357e-05,
train,0,1.92e-06,
train,0,5.5e-07,
train,0,8.7e-07,
train,0,6.28e-06,
train,0,2.15e-06,
train,0,4.64e-06,
train,0,2.17e-06,
train,0,2.213e-05,
train,0,1.712e-05,
train,0,1.16e-06,
train,0,3.64e-06,
train,0,2.625e-05,
train,0,2.724e-05,
train,0,1.353e-05,
train,0,8e-07,
train,0,3.7e-07,
train,0,1.584e-05,
train,0,2.52e-06,
train,0,2.08e-06,
train,0,2.21e-06,
train,0,1.9e-06,
train,0,1.59e-06,
train,0,4.2e-07,
train,0,8.04e-06,
train,0,6.5e-07,
train,0,1.189e-05,
train,0,7e-07,
train,0,2.255e-05,
train,0,5e-07,
train,0,2.05e-06,
train,0,1.22e-06,
train,0,7e-07,
train,0,3.81e-06,
train,0,2.9e-06,
train,0,5.5e-07,
train,0,6e-07,
train,0,2.61e-06,
train,0,8.427e-05,
train,0,6.187e-05,
train,0,1.555e-05,
train,0,2.6e-06,
train,0,8.7e-07,
train,0,2.35e-06,
train,0,2.04e-06,
train,0,1.237e-05,
train,0,2.2e-06,
train,0,1.469e-05,
train,0,2.63e-06,
train,0,1.51e-06,
train,0,1.126e-05,
train,0,2.08e-06,
train,0,8.5e-07,
train,0,7.8e-07,
train,0,1.588e-05,
train,0,8.4e-07,
train,0,3.4e-07,
train,0,2.04e-06,
train,0,1.52e-06,
train,0,5.9e-07,
train,0,0.00027016,
train,0,1.88e-06,
train,0,2.676e-05,
train,0,1.074e-05,
train,0,3.89e-06,
train,0,5.61e-06,
train,0,1.46e-06,
train,0,1.12e-06,
train,0,9.52e-06,
train,0,3.2e-07,
train,0,1.07e-06,
train,0,4e-07,
train,0,2.925e-05,
train,0,3.48e-06,
train,0,2.06e-06,
train,0,4.18e-06,
train,0,8.83e-06,
train,0,8.4e-07,
train,0,2.83e-06,
train,0,2.22e-06,
train,0,1.65e-06,
train,0,7.4e-06,
train,0,8.498e-05,
train,0,9.4e-07,
train,0,3.11e-06,
train,0,3.6e-07,
train,0,1.721e-05,
train,0,1.306e-05,
train,0,1.06e-06,
train,0,7.22e-06,
train,0,7.8e-07,
train,0,1.13e-06,
train,0,1.61e-06,
train,0,5.8e-07,
train,0,6.55e-06,
train,0,1.74e-06,
train,0,3.007e-05,
train,0,1.66e-06,
train,0,1.196e-05,
train,0,1.37e-06,
train,0,1.52e-06,
train,0,6.7e-07,
train,0,1.4e-06,
train,0,3.068e-05,
train,0,0.00019296,
train,0,2.05e-06,
train,0,8.3e-07,
train,0,5.63e-06,
train,0,9.6e-07,
train,0,4.08e-06,
train,0,5.9e-07,
train,0,2.15e-06,
train,0,5.7e-07,
train,0,1.488e-05,
train,0,6.02e-06,
train,0,1.24e-06,
train,0,2.05e-06,
train,0,3.2e-07,
train,0,6.8e-07,
train,0,6.2e-07,
train,0,5.3e-07,
train,0,7.4e-07,
train,0,1.21e-06,
train,0,8.4e-07,
train,0,1.9e-07,
train,0,6.1e-07,
train,0,8.3e-07,
train,0,7.8e-07,
train,0,7.2e-07,
train,0,3.4e-07,
train,0,1.48e-06,
train,0,6.9e-07,
train,0,8.1e-07,
train,0,5.49e-06,
train,0,5.1e-07,
train,0,1.89e-06,
train,0,1.4e-06,
train,0,1.631e-05,
train,0,2.43e-06,
train,0,1.69e-06,
train,0,4.9e-07,
train,0,6.13e-06,
train,0,6.5e-07,
train,0,3.91e-06,
train,0,6.8e-07,
train,0,8.2e-07,
train,0,5.9e-07,
train,0,1.122e-05,
train,0,1.01e-06,
train,0,7e-07,
train,0,4.24e-06,
train,0,8.4e-07,
train,0,4.8e-07,
train,0,6.1e-07,
train,0,2.08e-06,
train,0,1.6e-06,
train,0,5.6e-07,
train,0,5.3e-07,
train,0,7.8e-07,
train,0,5.5e-07,
train,0,4.5e-07,
train,0,1.39e-06,
train,0,8.5e-07,
train,0,1.18e-06,
train,0,4.9e-07,
train,0,1.047e-05,
train,0,1.34e-06,
train,0,1.23e-06,
train,0,7.8e-07,
train,0,1.58e-06,
train,0,7.75e-06,
train,0,1.55e-06,
train,0,3.9e-07,
train,0,2.73e-06,
train,0,1.4e-06,
train,0,2.368e-05,
train,0,5.8e-07,
train,0,2.2e-06,
train,0,1.13e-05,
train,0,2.1e-06,
train,0,1.353e-05,
train,0,1.76e-06,
train,0,3.95e-06,
train,0,2.21e-06,
train,0,3e-06,
train,0,5.448e-05,
train,0,7.4e-07,
train,0,3.8e-07,
train,0,9.3e-07,
train,0,8.1e-07,
train,0,1.06e-06,
train,0,5.1e-07,
train,0,1.42e-06,
train,0,2.22e-06,
train,0,6.72e-06,
train,0,7.2e-07,
train,0,4.83e-06,
train,0,4.324e-05,
train,0,8.4e-07,
train,0,1.31e-06,
train,0,3.2e-07,
train,0,9.1e-07,
train,0,2.48e-06,
train,0,1.57e-06,
train,0,3.15e-06,
train,0,8.81e-06,
train,0,3.8e-07,
train,0,9.6e-07,
train,0,2.35e-06,
train,0,1.244e-05,
train,1,0.99961444,
train,0,6.18e-06,
train,0,5.16e-06,
train,0,7.4e-07,
train,0,4.8e-07,
train,0,2.75e-06,
train,0,8.77e-06,
train,0,1.12e-06,
train,0,2.66e-06,
train,0,1.25e-06,
train,0,3.99e-06,
train,0,2.64e-06,
train,0,1.57e-06,
train,0,3.368e-05,
train,0,8.8e-07,
train,0,9.38e-06,
train,0,7.6e-06,
train,0,2.14e-06,
train,0,5.08e-06,
train,0,3.09e-06,
train,0,4.5e-07,
train,0,3.07e-06,
train,0,2.324e-05,
train,0,4.14e-06,
train,0,3.19e-06,
train,0,9.4e-07,
train,0,2.37e-06,
train,0,1.081e-05,
train,0,7.7e-07,
train,0,9.2e-07,
train,0,0.00135506,
train,0,2.76e-06,
train,0,6.36e-06,
train,0,7.99e-06,
train,0,7.1e-07,
train,0,1.17e-06,
train,0,5.5e-07,
train,0,0.00029785,
train,0,2.06e-06,
train,0,1.92e-06,
train,0,8.3e-07,
train,0,3.337e-05,
train,0,1.48e-06,
train,0,9e-07,
train,0,4.281e-05,
train,0,2.24e-06,
train,0,8.6e-07,
train,0,9.8e-07,
train,0,5.02e-06,
train,0,3.56e-06,
train,0,5.6e-06,
train,0,1.801e-05,
train,0,1.27e-06,
train,0,3.58e-06,
train,0,3.06e-06,
train,0,4.4e-06,
train,0,1.183e-05,
train,0,4.2e-07,
train,0,5.3e-07,
train,0,2.49e-06,
train,0,7.9e-07,
train,0,1.41e-06,
train,0,7.8e-07,
train,0,4e-07,
train,0,1.07e-06,
train,0,1.44e-06,
train,0,5.7e-06,
train,0,6e-07,
train,0,2.53e-06,
train,0,3.75e-06,
train,0,8.64e-06,
train,0,6.79e-06,
train,0,2.969e-05,
train,0,7.34e-06,
train,0,1e-06,
train,0,1.03e-06,
train,0,2.134e-05,
train,0,1.53e-06,
train,0,1.25e-06,
train,0,3.3e-07,
train,0,7.16e-06,
train,0,7.2e-07,
train,0,1.4e-06,
train,0,2.11e-06,
train,0,6.9e-07,
train,0,3.325e-05,
train,0,7.9e-07,
train,0,5e-07,
train,0,2.43e-06,
train,0,7e-07,
train,0,1.96e-05,
train,0,1.129e-05,
train,0,1.13e-06,
train,0,2.3e-06,
train,0,1.86e-06,
train,0,3.7e-06,
train,0,6.93e-06,
train,0,1.31e-06,
train,0,7.5e-07,
train,0,1e-06,
train,0,7.77e-06,
train,0,2.32e-06,
train,0,1.97e-06,
train,0,3.42e-06,
train,0,9.29e-06,
train,0,1.3e-06,
train,0,1.1e-06,
train,0,2.57e-06,
train,0,5.48e-06,
train,0,1.05e-06,
train,0,8.87e-06,
train,0,1.72e-06,
train,0,5.39e-06,
train,0,8.49e-06,
train,0,1.14e-06,
train,0,4.09e-06,
train,0,1.41e-06,
train,0,4.12e-06,
train,0,0.00106289,
train,0,5.7e-07,
train,0,3.18e-06,
train,0,4.6e-07,
train,0,8.2e-07,
train,0,6e-07,
train,0,9.5e-07,
train,0,1.008e-05,
train,0,1.66e-06,
train,0,1.73e-06,
train,0,4.82e-06,
train,0,2.453e-05,
train,0,1.153e-05,
train,0,6.3e-07,
train,0,3.1e-07,
train,0,6.3e-07,
train,0,1.24e-06,
train,0,5.23e-06,
train,0,6.8e-07,
train,0,1.59e-06,
train,0,1.39e-06,
train,0,9.9e-07,
train,0,1.48e-06,
train,0,2.16e-06,
train,0,2.88e-06,
train,0,8.3e-07,
train,0,9.6e-07,
train,0,7.4e-07,
train,0,6.1e-07,
train,0,5.83e-06,
train,0,4.5e-07,
train,0,2.6e-07,
train,0,5.5e-07,
train,0,2.06e-06,
train,0,3.35e-06,
train,0,5.27e-06,
train,0,2.91e-06,
train,0,3.2e-07,
train,0,3.04e-05,
train,0,1.48e-06,
train,0,7.9e-07,
train,0,6.38e-06,
train,0,6.6e-07,
train,0,6.9e-07,
train,0,2.99e-06,
train,0,8.2e-07,
train,0,4.07e-06,
train,0,1.19e-06,
train,0,3.09e-06,
train,0,2.19e-06,
train,0,4.4e-07,
train,0,1.014e-05,
train,0,1.19e-06,
train,0,9.937e-05,
train,0,7.01e-06,
train,0,8.64e-06,
train,0,2.46e-06,
train,0,9.62e-06,
train,0,2.67e-05,
train,0,9.8e-07,
train,0,2.872e-05,
train,0,1.52e-06,
train,0,3.08e-06,
train,0,6.1e-07,
train,0,1.26e-06,
train,0,5.35e-06,
train,0,1.175e-05,
train,0,1.27e-06,
train,0,2.46e-06,
train,0,0.00305862,
train,0,4.2e-07,
train,0,1.4e-06,
train,0,2.25e-06,
train,0,4.34e-06,
train,0,1.63e-06,
train,0,1.68e-06,
train,0,1.81e-06,
train,0,8.7e-07,
train,0,4.9e-07,
train,0,1e-06,
train,0,1.46e-06,
train,0,0.20835389,
train,0,1.4e-06,
train,0,1.36e-06,
train,0,3.182e-05,
train,0,1.26e-06,
train,0,9.32e-06,
train,0,1.89e-06,
train,0,1.664e-05,
train,0,8.5e-07,
train,0,1.14e-06,
train,0,1.7e-06,
train,1,0.99625911,
train,0,9.281e-05,
train,1,0.99986619,
train,0,3.75e-06,
train,1,0.99992542,
train,0,1.844e-05,
train,0,6.68e-06,
train,0,6.1e-07,
train,0,3.74e-06,
train,1,0.9999247,
train,0,5.91e-06,
train,0,1.72e-06,
train,1,0.9999182,
train,0,1.19e-05,
train,0,1.36e-06,
train,0,3.12e-06,
train,0,1.7e-06,
train,1,0.99991018,
train,0,4.328e-05,
train,0,1.45e-06,
train,0,3.06e-06,
train,0,3.23e-06,
train,0,3.02e-06,
train,0,5.51e-06,
train,0,2.642e-05,
train,0,2.33e-06,
train,0,4.07e-06,
train,0,4.9e-07,
train,0,2.47e-06,
train,0,2.179e-05,
train,0,0.0001492,
train,0,4.99e-06,
train,0,2.01e-06,
train,0,1.71e-06,
train,0,1.73e-06,
train,0,1.23e-05,
train,0,0.00091598,
train,0,3.189e-05,
train,0,1.91e-06,
train,0,4.98e-06,
train,0,1.629e-05,
train,0,2.155e-05,
train,0,2.55e-06,
train,0,1.402e-05,
train,0,2.7e-06,
train,0,4.49e-06,
train,0,3.01e-06,
train,0,1.045e-05,
train,0,2.86e-06,
train,0,3.51e-06,
train,0,2.36e-06,
train,0,0.00015184,
train,0,5e-07,
train,0,4.26e-06,
train,0,5.22e-06,
train,0,1.981e-05,
train,0,3.08e-06,
train,0,9.15e-06,
train,0,2.449e-05,
train,0,1.71e-06,
train,0,1.869e-05,
train,0,0.0001665,
train,0,6.22e-06,
train,0,5.9e-06,
train,0,1.16e-06,
train,0,6.94e-06,
train,0,3.02e-06,
train,0,1.77e-06,
train,0,0.00015792,
train,0,2.33e-06,
train,0,0.00015896,
train,0,5.15e-06,
train,0,4.037e-05,
train,0,1.002e-05,
train,0,3.19e-06,
train,0,4.095e-05,
train,0,1.29e-06,
train,0,2.05e-05,
train,0,9.29e-05,
train,1,0.9933986,
train,0,1.1e-06,
train,0,3.49e-06,
train,0,3.26e-06,
train,0,9.8e-07,
train,0,9.09e-06,
train,0,3.14e-06,
train,0,2.7e-07,
train,0,1.562e-05,
train,0,0.00026546,
train,0,7.5e-07,
train,0,5.1e-07,
train,0,1.082e-05,
train,0,7.02e-06,
train,0,3.23e-06,
train,0,0.00025073,
train,0,7.68e-06,
train,0,3.1e-06,
train,0,1.1e-06,
train,1,0.99978938,
train,0,8.5e-07,
train,0,4.1e-07,
train,0,5.03e-06,
train,0,4.4e-07,
train,0,2.96e-06,
train,0,1.496e-05,
train,0,1.63e-06,
train,0,7.81e-06,
train,0,4.5e-07,
train,0,0.00481619,
train,1,0.99788101,
train,0,6.4e-07,
train,1,0.99264773,
train,0,1.246e-05,
train,0,5.9e-07,
train,0,1.056e-05,
train,0,1.85e-06,
train,0,2.14e-06,
train,0,0.00029278,
train,0,8.12e-06,
train,0,1.24e-06,
train,0,3.48e-06,
train,0,2.027e-05,
train,0,3.69e-06,
train,0,3.48e-06,
train,0,1.42e-06,
train,0,3.33e-06,
train,0,8.25e-06,
train,0,3.03e-06,
train,0,1.365e-05,
train,0,3.3e-06,
train,0,2.8e-06,
train,0,1.71e-06,
train,1,0.99893792,
train,0,3.459e-05,
train,0,7.8e-07,
train,0,8.3e-07,
train,1,0.99966785,
train,0,4.05e-06,
train,0,0.00675117,
train,0,8.5e-07,
train,0,1.52e-06,
train,1,0.99992766,
train,0,2.95e-06,
train,0,2.527e-05,
train,0,1.06e-05,
train,0,9.8e-07,
train,0,1.63e-06,
train,0,7.2e-07,
train,0,1.796e-05,
train,0,2.38e-06,
train,0,1.62e-06,
train,0,1.004e-05,
train,0,1.405e-05,
train,0,2.44e-06,
train,0,1.269e-05,
train,0,1.822e-05,
train,0,8e-07,
train,0,2.41e-06,
train,0,1e-06,
train,0,1.19e-06,
train,0,1.04e-06,
train,0,8.3e-07,
train,0,8e-07,
train,0,3.267e-05,
train,0,1.223e-05,
train,0,1.23e-06,
train,0,3.3e-06,
train,0,1.6e-06,
train,0,1.26e-06,
train,0,9.7e-07,
train,0,2.51e-06,
train,0,6.5e-07,
train,0,1.69e-06,
train,0,7.24e-06,
train,0,5.53e-06,
train,0,4.53e-06,
train,0,1.83e-06,
train,0,1.7e-06,
train,0,3.75e-06,
train,0,2.59e-06,
train,0,6.28e-06,
train,0,2.03e-06,
train,0,5.63e-06,
train,0,6.9e-07,
train,0,2.27e-06,
train,0,2.25e-06,
train,0,2.4e-07,
train,0,0.00010377,
train,0,5.32e-06,
train,0,1.65e-06,
train,0,8.6e-07,
train,0,1.379e-05,
train,0,5.9e-07,
train,0,4.81e-06,
train,0,4.8e-07,
train,0,1.14e-06,
train,0,1.09e-06,
train,0,9.542e-05,
train,0,4.14e-06,
train,0,6.3e-07,
train,0,8.7e-07,
train,0,1.8e-07,
train,0,1.7e-07,
train,0,5.8e-07,
train,0,5e-07,
train,0,2.133e-05,
train,0,6.4e-07,
train,0,2.47e-06,
train,0,5.48e-05,
train,0,7.38e-06,
train,0,3e-07,
train,0,8.4e-07,
train,0,0.00019435,
train,0,7.01e-06,
train,0,4.61e-06,
train,0,3.5e-07,
train,0,8.3e-07,
train,0,1.5e-07,
train,0,9.31e-06,
train,0,4.739e-05,
train,0,1.95e-06,
train,0,1.28e-06,
train,0,5.9e-07,
train,0,5.13e-06,
train,0,3.8e-07,
train,0,4.5e-07,
train,0,6.9e-07,
train,0,6.4e-07,
train,0,8.92e-06,
train,0,5.05e-06,
train,0,7.1e-07,
train,0,1.9e-06,
train,0,2.27e-06,
train,0,5.071e-05,
train,0,2.5e-06,
train,0,6.79e-06,
train,0,4e-07,
train,0,1.44e-06,
train,0,3.9e-07,
train,0,9.1e-07,
train,0,1.28e-06,
train,0,9.6e-07,
train,0,5.2e-07,
train,0,3.31e-06,
train,0,5.73e-06,
train,0,3.48e-06,
train,0,6.2e-07,
train,0,2.01e-06,
train,0,8.39e-06,
train,0,5.09e-06,
train,0,6.5e-07,
train,0,1.11e-06,
train,0,9.9e-07,
train,0,4.66e-06,
train,1,0.99880566,
train,0,1.34e-06,
train,0,1.05e-06,
train,0,1.58e-06,
train,0,1.13e-06,
train,0,8.6e-07,
train,0,1.211e-05,
train,0,4.38e-06,
train,0,4.588e-05,
train,0,8.22e-06,
train,0,1.81e-06,
train,0,5.11e-06,
train,0,9.7e-07,
train,0,4.8e-07,
train,0,0.0009313,
train,0,7.4e-07,
train,0,3.28e-06,
train,0,1.45e-06,
train,0,7.201e-05,
train,0,9.152e-05,
train,0,5.5e-05,
train,0,7.7e-07,
train,0,1.38e-06,
train,0,4.05e-06,
train,0,1.67e-06,
train,0,1.49e-06,
train,0,4.21e-05,
train,0,1.874e-05,
train,0,2.716e-05,
train,0,3.74e-06,
train,0,2.57e-06,
train,0,9.1e-07,
train,0,3.15e-06,
train,0,3.03e-06,
train,0,1.36e-06,
train,0,8e-07,
train,0,5.87e-06,
train,0,8.13e-06,
train,0,3.49e-06,
train,0,1.75e-06,
train,0,1.947e-05,
train,0,5.19e-06,
train,0,8.1e-07,
train,0,8.8e-07,
train,0,2.75e-06,
train,0,1.221e-05,
train,0,3.3e-06,
train,0,1.85e-06,
train,0,1.018e-05,
train,0,2.82e-06,
train,0,1.154e-05,
train,0,3.892e-05,
train,0,4.528e-05,
train,0,8.52e-06,
train,0,1.02e-06,
train,0,5.705e-05,
train,0,3.05e-06,
train,0,7.68e-06,
train,0,5.934e-05,
train,0,6.56e-06,
train,0,5.42e-06,
train,0,8.6e-07,
train,0,2.22e-06,
train,0,2.33e-06,
train,0,4.19e-06,
train,0,9.8e-07,
train,0,2.09e-06,
train,0,6e-07,
train,0,4.4e-07,
train,1,0.99901061,
train,0,1.1e-06,
train,0,8.38e-06,
train,0,8.3e-07,
train,0,1.88e-06,
train,0,3.565e-05,
train,0,6.96e-06,
train,0,9.3e-07,
train,0,5.21e-05,
train,0,8.3e-07,
train,0,2.42e-06,
train,0,7.8e-07,
train,0,2.125e-05,
train,0,3.175e-05,
train,0,2.787e-05,
train,0,3.37e-06,
train,0,7.67e-06,
train,0,6.01e-06,
train,0,4.6e-06,
train,0,2.593e-05,
train,0,1.08e-06,
train,1,0.99950988,
train,0,0.00011213,
train,0,1.44e-06,
train,0,1.046e-05,
train,0,4.6e-07,
train,0,4.3e-06,
train,0,2.85e-06,
train,0,1.82e-06,
train,0,2.92e-06,
train,0,5.55e-06,
train,0,3.6e-07,
train,0,7.5e-07,
train,0,2.49e-06,
train,1,0.99963402,
train,0,2.714e-05,
train,0,1.18e-06,
train,0,2.2e-06,
train,0,3.54e-06,
train,1,0.99988161,
train,0,6.9e-07,
train,0,8.1e-07,
train,0,6.18e-06,
train,0,8.7e-07,
train,0,8.2e-07,
train,0,2.09e-06,
train,0,1.9e-07,
train,0,3.5e-06,
train,0,4.06e-06,
train,0,1.08e-06,
train,0,1.405e-05,
train,0,7.83e-06,
train,0,5.78e-06,
train,0,4.53e-06,
train,0,1.216e-05,
train,0,2.29e-06,
train,0,8.375e-05,
train,0,3.88e-06,
train,0,1.08e-06,
train,0,1.48e-06,
train,0,4.9e-07,
train,0,7.24e-06,
train,0,3e-06,
train,0,4.329e-05,
train,0,2.19e-06,
train,0,9.114e-05,
train,0,1.641e-05,
train,0,4.67e-06,
train,0,4.09e-06,
train,0,1.9e-06,
train,0,4.17e-06,
train,0,1.48e-06,
train,0,1.531e-05,
train,0,6.92e-06,
train,0,7.25e-06,
train,0,6.64e-06,
train,0,9.62e-06,
train,0,0.04215825,
train,1,0.99904143,
train,1,0.9998261,
train,0,3.61e-06,
train,1,0.99915937,
train,0,9.7e-07,
train,0,2.82e-06,
train,0,2.13e-06,
train,0,5.26e-06,
train,1,0.999839,
train,0,1.1e-06,
train,0,7.71e-06,
train,0,1.88e-06,
train,1,0.9996416,
train,1,0.99993528,
train,0,1.76e-06,
train,0,2.81e-06,
train,0,1.79e-06,
train,0,5.057e-05,
train,1,0.99992335,
train,0,7.63e-06,
train,0,0.00017758,
train,0,6.33e-06,
train,0,7.33e-06,
train,0,5.64e-06,
train,0,7e-07,
train,0,4.84e-06,
train,0,3.58e-06,
train,0,3.63e-06,
train,1,0.999928,
train,0,1.12e-06,
train,0,1.23e-06,
train,0,1.42e-06,
train,1,0.99977845,
train,0,5.928e-05,
train,0,2.48e-06,
train,0,2.705e-05,
train,0,6.66e-06,
train,0,5.3e-07,
train,0,2.704e-05,
train,0,5.45e-06,
train,0,6.85e-06,
train,0,1.12e-06,
train,0,7.28e-06,
train,0,8.4e-06,
train,0,1.137e-05,
train,0,4.704e-05,
train,0,8.6e-07,
train,0,4.75e-06,
train,0,1.31e-06,
train,0,1.736e-05,
train,0,9.9e-07,
train,0,1.39e-06,
train,0,9.9e-07,
train,0,2.638e-05,
train,0,2.51e-06,
train,0,9.6e-07,
train,0,1.94e-06,
train,0,1.7e-06,
train,0,2.65e-06,
train,0,1.29e-06,
train,0,9.06e-06,
train,1,0.99953563,
train,1,0.99989744,
train,0,1.48e-06,
train,1,0.99980725,
train,0,1.28e-06,
train,1,0.99986585,
train,0,1.58e-06,
train,0,1.09e-06,
train,0,5.19e-06,
train,1,0.99982554,
train,0,3.335e-05,
train,0,4.57e-06,
train,0,4.42e-06,
train,0,6.3e-07,
train,0,2.41e-06,
train,0,2.11e-06,
train,0,2.12e-06,
train,0,2.99e-06,
train,0,1.581e-05,
train,0,1.24e-06,
train,0,4.99e-06,
train,0,3.21e-06,
train,0,8.087e-05,
train,0,4.09e-06,
train,0,1.62e-06,
train,0,2.4e-06,
train,0,4.815e-05,
train,0,8e-07,
train,0,1.11e-06,
train,0,1.91e-06,
train,0,9.7e-07,
train,0,9.72e-06,
train,0,1.28e-06,
train,0,0.00013638,
train,0,2.21e-06,
train,0,6.5e-07,
train,0,2.492e-05,
train,0,3.5e-07,
train,0,4.3e-07,
train,0,3.08e-06,
train,0,2.51e-06,
train,0,1.53e-05,
train,0,1.166e-05,
train,0,1.932e-05,
train,0,1.33e-06,
train,0,2.32e-06,
train,0,1.66e-06,
train,0,4.1e-07,
train,0,7.2e-07,
train,0,4.98e-06,
train,0,4.6e-07,
train,0,1.39e-06,
train,0,1.26e-06,
train,0,8.44e-06,
train,0,1.59e-06,
train,0,2.92e-06,
train,0,5.3e-07,
train,0,1.4e-07,
train,0,8.9e-07,
train,0,3.9e-07,
train,0,7.5e-07,
train,0,1.28e-06,
train,0,7.03e-06,
train,0,4.41e-06,
train,0,1.29e-06,
train,0,5.87e-06,
train,0,1.21e-06,
train,0,6.38e-06,
train,0,4.62e-06,
train,0,4.8e-07,
train,0,5.63e-06,
train,0,3.5e-07,
train,0,4.8e-07,
train,0,1.13e-06,
train,0,4.7e-07,
train,0,5e-07,
train,0,4.8e-07,
train,0,4.2e-07,
train,0,1.506e-05,
train,0,3.26e-06,
train,0,2e-07,
train,0,0.002704,
train,0,1.894e-05,
train,0,5.6e-07,
train,0,4.5e-07,
train,0,1.079e-05,
train,0,3.3e-07,
train,0,5.7e-07,
train,0,4.12e-06,
train,0,7.76e-06,
train,0,2e-07,
train,0,1.84e-06,
train,0,1.78e-06,
train,0,5.3e-07,
train,0,1.4e-07,
train,0,2.2e-07,
train,0,2.204e-05,
train,0,4.92e-06,
train,0,1.43e-06,
train,0,1.53e-06,
train,0,1.79e-06,
train,0,1.42e-06,
train,0,1.29e-06,
train,0,9.7e-07,
train,0,1.72e-06,
train,0,8.61e-06,
train,0,1.83e-06,
train,0,1.223e-05,
train,0,1.12e-06,
train,0,7.5e-07,
train,0,3.97e-06,
train,0,1.14e-06,
train,0,6.4e-07,
train,0,7.29e-06,
train,0,2.32e-06,
train,0,7.1e-07,
train,0,2.233e-05,
train,0,1.71e-06,
train,0,1.924e-05,
train,0,2.08e-06,
train,0,3.8e-07,
train,0,1.142e-05,
train,0,1.61e-06,
train,0,3.61e-06,
train,0,1.17e-06,
train,0,4.94e-06,
train,0,6.76e-06,
train,0,9e-06,
train,0,9.2e-07,
train,0,1.25e-06,
train,0,6.6e-07,
train,0,4.38e-05,
train,0,3.8e-07,
train,0,2.305e-05,
train,0,2.58e-06,
train,0,0.00035773,
train,0,9.8e-07,
train,0,7.18e-06,
train,0,1.41e-06,
train,0,7.8e-07,
train,0,1.905e-05,
train,0,8.5e-07,
train,0,1.22e-06,
train,0,1.27e-06,
train,0,8.484e-05,
train,0,4.31e-06,
train,0,9.1e-07,
train,0,0.00037004,
train,0,6.1e-07,
train,0,9.3e-07,
train,0,6.18e-06,
train,0,2.38e-06,
train,0,2.706e-05,
train,0,4e-07,
train,0,7.78e-06,
train,0,3.5e-07,
train,0,3.37e-06,
train,0,8e-07,
train,0,2.36e-06,
train,0,1.8e-06,
train,0,1.524e-05,
train,0,4.7e-07,
train,0,2.37e-06,
train,0,9.868e-05,
train,0,1.14e-06,
train,0,1.12e-06,
train,0,1.248e-05,
train,0,1.8e-06,
train,0,7.559e-05,
train,0,8.2e-07,
train,0,1.12e-06,
train,0,3.735e-05,
train,0,5.483e-05,
train,0,4.2e-07,
train,0,7.04e-06,
train,0,1.12e-06,
train,0,9.4e-07,
train,0,6.59e-06,
train,0,1.15e-06,
train,0,1.54e-06,
train,0,9.3e-07,
train,0,8.7e-07,
train,0,0.04252629,
train,0,7.16e-06,
train,0,9.2e-06,
train,0,2.17e-06,
train,0,7.33e-06,
train,1,0.99939127,
train,0,2.56e-06,
train,0,4.32e-06,
train,0,8.269e-05,
train,0,5.92e-06,
train,0,2.05e-06,
train,0,9e-07,
train,0,9.25e-06,
train,0,7e-07,
train,0,1.259e-05,
train,0,9.2e-07,
train,0,2.01e-06,
train,0,6.01e-06,
train,0,6.44e-06,
train,0,5.08e-06,
train,0,6.372e-05,
train,0,7e-07,
train,0,1.48e-06,
train,0,1.534e-05,
train,0,1.074e-05,
train,0,6.3e-07,
train,0,1.14e-06,
train,0,0.29408661,
train,0,2.725e-05,
train,1,0.9968859,
train,0,5.9e-07,
train,0,8.3e-07,
train,1,0.9998801,
train,1,0.99991359,
train,0,9.87e-06,
train,0,7.37e-06,
train,1,0.99992083,
train,0,1.81e-06,
train,0,3.44e-06,
train,0,0.00297529,
train,0,2.62e-06,
train,0,3.462e-05,
train,0,0.00128741,
train,0,7.985e-05,
train,0,1.47e-05,
train,0,3.5e-06,
train,0,4.77e-06,
train,0,7.77e-06,
train,0,8.21e-06,
train,0,5.061e-05,
train,0,1.19e-05,
train,0,1.876e-05,
train,0,3.54e-06,
train,1,0.99826373,
train,0,1.03e-06,
train,0,5.76e-06,
train,1,0.99987228,
train,1,0.99956837,
train,1,0.99990416,
train,1,0.99967118,
train,1,0.99991276,
train,0,9.352e-05,
train,0,5.8e-07,
train,0,3.28e-06,
train,0,2.33e-06,
train,0,1.6e-06,
train,0,3.44e-06,
train,0,2.6e-06,
train,0,2.08e-06,
train,0,1.14e-06,
train,0,7.53e-06,
train,0,3.4e-05,
train,0,1.05e-06,
train,0,4.65e-06,
train,0,7.15e-06,
train,0,0.00464166,
train,0,4.72e-06,
train,0,1.69e-06,
train,0,3.06e-05,
train,0,1.193e-05,
train,1,0.99918576,
train,0,1.97e-05,
train,0,7.8e-07,
train,0,0.0108434,
train,0,4.7e-06,
train,0,3.13e-06,
train,0,1.3e-06,
train,0,0.00037888,
train,0,1.11e-06,
train,0,1.606e-05,
train,0,3.48e-06,
train,0,2.64e-06,
train,0,7.73e-06,
train,0,8.11e-06,
train,0,2.13e-06,
train,0,3.4e-07,
train,0,6.15e-06,
train,0,1.621e-05,
train,0,4.37e-06,
train,0,6.2e-07,
train,0,0.03792299,
train,0,7.5e-07,
train,0,2.48e-06,
train,0,5.2e-07,
train,0,3.23e-06,
train,0,4.5e-07,
train,0,1.002e-05,
train,0,1.8e-06,
train,0,1.02e-06,
train,0,3.65e-06,
train,0,5.154e-05,
train,0,4.9e-06,
train,0,8.9e-07,
train,0,2.87e-06,
train,0,2.675e-05,
train,0,2e-06,
train,0,5.292e-05,
train,0,3.55e-06,
train,0,2.38e-06,
train,0,1.16e-06,
train,0,3.02e-06,
train,0,2.45e-06,
train,0,1.58e-06,
train,0,1.9e-06,
train,0,3.075e-05,
train,0,8e-07,
train,0,7.99e-06,
train,0,8.6e-07,
train,0,6.93e-06,
train,0,2.08e-06,
train,0,7.4e-07,
train,0,2.54e-06,
train,0,2.19e-06,
train,0,1.07e-06,
train,0,2.25e-06,
train,0,5.27e-06,
train,0,2.22e-06,
train,0,1.311e-05,
train,0,1.77e-05,
train,0,1.515e-05,
train,0,2.22e-06,
train,0,6.7e-07,
train,0,5.7e-06,
train,0,1.88e-06,
train,0,7.6e-07,
train,0,4.4e-07,
train,0,3.26e-06,
train,0,2.6e-07,
train,0,1.16e-06,
train,0,7.3e-07,
train,0,1.04e-06,
train,0,4.73e-06,
train,0,5.7e-07,
train,0,2.1e-07,
train,0,2.3e-07,
train,0,1.28e-06,
train,0,2.483e-05,
train,0,2.2e-07,
train,0,4.8e-07,
train,0,2.77e-06,
train,0,1.93e-06,
train,0,3e-06,
train,0,7.8e-07,
train,0,1.22e-06,
train,0,1.13e-06,
train,0,3.9e-07,
train,0,1.1e-06,
train,0,2.15e-06,
train,0,4e-07,
train,0,5.7e-07,
train,0,3.3e-07,
train,0,9.2e-07,
train,0,6.509e-05,
train,0,1.56e-06,
train,0,7.9e-06,
train,0,1.67e-06,
train,0,1.54e-06,
train,0,1.72e-06,
train,0,1.475e-05,
train,0,1.436e-05,
train,0,2.11e-06,
train,0,1.01e-06,
train,0,3.1e-07,
train,0,1.05e-06,
train,0,2.415e-05,
train,0,8.69e-06,
train,0,1.11e-06,
train,0,1.82e-06,
train,0,1.17e-06,
train,0,2.7e-07,
train,0,3.22e-06,
train,0,1.42e-06,
train,0,7.1e-07,
train,0,1.44e-06,
train,0,2.2e-06,
train,0,1.47e-06,
train,0,8.17e-06,
train,0,1.19e-06,
train,0,3.42e-06,
train,0,3.57e-06,
train,0,2.11e-06,
train,0,9.4e-07,
train,0,4.7e-07,
train,0,3.41e-06,
train,0,1.18e-06,
train,0,1.17e-06,
train,0,1.347e-05,
train,0,7.43e-06,
train,0,2.08e-06,
train,0,1.31e-06,
train,0,2.07e-06,
train,0,0.000234,
train,0,6.75e-06,
train,0,1.05e-05,
train,0,3.038e-05,
train,0,1.66e-06,
train,0,6.58e-06,
train,0,1.13e-06,
train,0,5.19e-06,
train,0,5.7e-07,
train,0,9.1e-07,
train,0,4.92e-06,
train,0,1.14e-06,
train,0,7.52e-06,
train,0,2e-06,
train,0,2.173e-05,
train,0,7.21e-06,
train,1,0.99912686,
train,0,9.8e-07,
train,0,2.99e-06,
train,1,0.99987259,
train,0,3.45e-06,
train,0,3.87e-06,
train,0,2.41e-06,
train,0,3.2e-07,
train,0,1.68e-06,
train,0,3.52e-06,
train,0,1.99e-06,
train,0,8.73e-06,
train,0,8.3e-06,
train,0,3.74e-06,
train,0,2.62e-06,
train,0,2.06e-06,
train,0,5.6e-07,
train,0,6.7e-07,
train,0,1.28e-06,
train,0,1.14e-06,
train,0,4.8e-07,
train,0,2.9e-06,
train,0,2.23e-06,
train,0,2.107e-05,
train,0,6.61e-06,
train,0,2.09e-06,
train,0,1.748e-05,
train,0,5.9e-06,
train,0,1.96e-06,
train,0,2.913e-05,
train,0,3.8e-07,
train,0,7.81e-06,
train,0,7.7e-07,
train,0,2.37e-06,
train,0,8.891e-05,
train,0,2.22e-06,
train,0,3.82e-06,
train,0,3.271e-05,
train,0,2.65e-06,
train,0,1.807e-05,
train,0,6.63e-06,
train,0,2.006e-05,
train,0,1.77e-06,
train,0,5.3e-07,
train,0,4.94e-06,
train,0,6.34e-06,
train,0,3.37e-06,
train,0,1.59e-06,
train,0,0.00011049,
train,0,1.686e-05,
train,0,1.391e-05,
train,0,1.21e-06,
train,0,2.07e-06,
train,0,3.2e-07,
train,0,1.88e-06,
train,0,3.411e-05,
train,0,6.454e-05,
train,0,0.00030794,
train,0,1.35e-06,
train,1,0.99901304,
train,0,2.37e-06,
train,0,2.54e-06,
train,0,4.3e-07,
train,0,4.9e-07,
train,0,8.5e-07,
train,0,2.309e-05,
train,0,1.85e-06,
train,0,2.49e-06,
train,0,6.5e-06,
train,0,8.3e-07,
train,0,1.04e-06,
train,0,1.926e-05,
train,0,6.6e-06,
train,1,0.99651864,
train,0,1.59e-06,
train,0,1.84e-06,
train,0,3.42e-06,
train,0,7.52e-06,
train,0,1.84e-06,
train,0,4.09e-06,
train,0,2.825e-05,
train,0,6.23e-06,
train,0,4.69e-06,
train,0,4.7e-07,
train,0,4.7e-07,
train,0,7.2e-07,
train,0,3.82e-06,
train,0,8.11e-06,
train,0,1.44e-06,
train,0,9.9e-07,
train,0,3.41e-06,
train,0,3.82e-06,
train,0,2.233e-05,
train,0,9.3e-07,
train,0,3.38e-06,
train,0,6.8e-07,
train,0,1.19e-06,
train,0,7.3e-07,
train,0,1.228e-05,
train,0,1.09e-06,
train,0,1.005e-05,
train,0,5.6e-07,
train,0,5.774e-05,
train,0,1.779e-05,
train,0,1.018e-05,
train,0,3.37e-06,
train,0,1.072e-05,
train,0,4.8e-06,
train,0,2.03e-06,
train,0,8.861e-05,
train,0,6.5e-07,
train,0,2.16e-06,
train,0,1.05e-06,
train,0,1.51e-06,
train,0,6.426e-05,
train,0,2.24e-06,
train,0,2.91e-06,
train,0,1.58e-06,
train,0,2.169e-05,
train,0,2.9e-07,
train,0,4.17e-06,
train,0,9.1e-06,
train,0,1.268e-05,
train,0,4.44e-06,
train,0,2.54e-06,
train,0,1.194e-05,
train,0,1e-06,
train,0,2.86e-06,
train,0,9.9e-07,
train,0,2.98e-06,
train,0,8.39e-06,
train,0,2.58e-06,
train,0,5.41e-06,
train,0,4.69e-06,
train,0,6.2e-07,
train,0,8.8e-07,
train,0,2.167e-05,
train,0,1.23e-06,
train,0,1.74e-06,
train,0,5.395e-05,
train,0,6.6e-07,
train,0,8.5e-07,
train,0,1.257e-05,
train,0,1.95e-06,
train,0,1.427e-05,
train,0,7.53e-06,
train,0,8.28e-06,
train,0,2.39e-06,
train,0,2.332e-05,
train,0,1.16e-06,
train,0,2.07e-06,
train,0,3.9e-06,
train,0,1.28e-06,
train,0,7.3e-07,
train,0,2.122e-05,
train,0,2.01e-06,
train,0,8.2e-07,
train,0,1.45e-06,
train,0,9.1e-06,
train,0,4.8e-07,
train,0,1.03e-06,
train,0,6.1e-07,
train,0,3e-07,
train,0,0.00788444,
train,0,9.5e-07,
train,0,2.2e-07,
train,0,3.9e-06,
train,0,8.3e-07,
train,0,1.47e-06,
train,0,9.3e-07,
train,0,4.13e-06,
train,0,6.47e-06,
train,0,3.5e-07,
train,0,5e-07,
train,0,8.5e-07,
train,0,3.95e-06,
train,0,1.06e-06,
train,0,4.8e-06,
train,0,8.9e-07,
train,0,5.6e-07,
train,0,4e-06,
train,0,9.7e-06,
train,0,4.55e-06,
train,0,1.33e-06,
train,0,1.95e-06,
train,0,8.4e-07,
train,0,3.1e-06,
train,0,1.3e-06,
train,0,3.57e-06,
train,0,8.3e-07,
train,0,3.3e-07,
train,0,5.02e-06,
train,0,2.98e-06,
train,0,7.2e-06,
train,0,7.21e-06,
train,0,2.67e-06,
train,0,1.54e-06,
train,0,2.442e-05,
train,0,3.6e-07,
train,0,9.04e-06,
train,0,5.9e-06,
train,0,1.14e-06,
train,0,5.4e-07,
train,0,4.745e-05,
train,0,1.29e-06,
train,0,2.75e-06,
train,0,2.43e-06,
train,0,4.14e-06,
train,1,0.9967483,
train,1,0.99944748,
train,0,6.99e-06,
train,0,8.71e-06,
train,0,7.69e-06,
train,0,9.27e-06,
train,0,4.64e-06,
train,0,1.879e-05,
train,1,0.99979862,
train,0,1.34e-06,
train,0,2.63e-06,
train,0,0.00015532,
train,0,6.9e-07,
train,0,2.59e-06,
train,0,3.54e-06,
train,0,9.54e-06,
train,0,8.22e-06,
train,0,4.38e-06,
train,0,2.23e-06,
train,0,9.4e-07,
train,0,3.2e-07,
train,0,5.55e-06,
train,0,2.38e-06,
train,0,8.5e-07,
train,0,1.18e-06,
train,0,4.29e-06,
train,0,3.2e-06,
train,0,1.71e-06,
train,0,5.23e-06,
train,0,1.6e-06,
train,0,5.48e-06,
train,0,5.6e-07,
train,0,0.07786137,
train,1,0.99845063,
train,0,9.4e-07,
train,0,1.4e-06,
train,0,8.45e-06,
train,0,9.76e-06,
train,0,5.279e-05,
train,0,6.967e-05,
train,0,2.115e-05,
train,0,1.01e-06,
train,0,2.27e-06,
train,0,2.336e-05,
train,0,1.83e-06,
train,0,0.02928593,
train,0,4.79e-06,
train,0,6.934e-05,
train,0,1.81e-06,
train,0,9.5e-07,
train,0,0.01234507,
train,0,4.6e-07,
train,1,0.99464795,
train,0,3.78e-06,
train,0,2.86e-06,
train,0,2.33e-06,
train,0,1.76e-06,
train,0,2.897e-05,
train,0,1.87e-06,
train,0,0.00018491,
train,0,2.42e-06,
train,0,7.8e-07,
train,0,4.372e-05,
train,0,3.72e-06,
train,0,0.00027689,
train,0,5.84e-06,
train,0,0.00637305,
train,0,1.302e-05,
train,0,0.00239801,
train,0,7.143e-05,
train,0,1.71e-05,
train,0,4.19e-06,
train,0,7.9e-07,
train,0,1.3e-06,
train,0,6.9e-07,
train,0,1.33e-06,
train,0,2.662e-05,
train,0,6.6e-07,
train,0,1.21e-06,
train,0,2.489e-05,
train,0,5.3e-07,
train,0,3.07e-06,
train,0,0.00034791,
train,0,0.00032228,
train,0,1.7e-06,
train,0,9.4e-07,
train,0,2.7e-06,
train,0,5.8e-07,
train,0,8.59e-06,
train,0,4.74e-06,
train,0,4.12e-06,
train,0,1.08e-06,
train,0,2.16e-06,
train,0,1.188e-05,
train,0,2.717e-05,
train,0,0.00021433,
train,0,5.565e-05,
train,0,2.68e-06,
train,0,0.00078513,
train,0,3.51e-06,
train,0,1.145e-05,
train,0,2.334e-05,
train,0,1.87e-06,
train,0,8.31e-06,
train,0,4.37e-06,
train,0,1.543e-05,
train,0,2.88e-06,
train,0,4.57e-06,
train,0,1.88e-06,
train,0,1.434e-05,
train,0,4.458e-05,
train,0,5.428e-05,
train,1,0.9981713,
train,0,0.00461307,
train,0,1.762e-05,
train,0,8.57e-06,
train,0,1.14e-06,
train,0,8.702e-05,
train,0,2.78e-06,
train,0,1.32e-06,
train,0,2.88e-06,
train,0,6.8e-07,
train,0,5.41e-06,
train,0,8.5e-07,
train,0,9.04e-06,
train,0,7.7e-07,
train,0,1.22e-06,
train,0,1.476e-05,
train,0,4.69e-06,
train,0,1.55e-06,
train,0,2.84e-06,
train,0,3.67e-06,
train,0,1.23e-06,
train,0,1.04e-06,
train,0,2.765e-05,
train,0,6.1e-07,
train,0,4.8e-07,
train,0,4.99e-06,
train,0,7.803e-05,
train,0,1.42e-06,
train,0,8.9e-07,
train,0,1.03e-06,
train,0,2.68e-06,
train,0,2.75e-06,
train,0,1.89e-06,
train,0,3.34e-06,
train,0,8.6e-07,
train,0,1.65e-06,
train,0,4.4e-07,
train,0,9.53e-06,
train,0,4.82e-06,
train,0,2.97e-05,
train,0,1.249e-05,
train,0,1.41e-06,
train,0,4.59e-06,
train,0,2.54e-06,
train,0,2.032e-05,
train,0,8.83e-06,
train,0,2.535e-05,
train,0,7.66e-06,
train,0,3.961e-05,
train,0,4.739e-05,
train,0,2.06e-06,
train,0,3.75e-06,
train,0,2.59e-06,
train,0,3.74e-06,
train,0,9.9e-07,
train,0,3.71e-06,
train,0,1.29e-06,
train,0,1.911e-05,
train,0,1.89e-06,
train,0,1.41e-06,
train,0,2.97e-06,
train,0,5.18e-06,
train,0,9.74e-06,
train,0,1.53e-06,
train,0,7.28e-06,
train,0,4.007e-05,
train,0,4.1e-07,
train,0,1.92e-06,
train,0,7.78e-06,
train,0,0.00036143,
train,0,7.25e-06,
train,0,1.967e-05,
train,0,5.6e-07,
train,0,0.00040267,
train,0,8.433e-05,
train,0,4.67e-06,
train,0,1.58e-06,
train,0,1.14e-06,
train,0,2.01e-06,
train,0,9.1e-07,
train,0,1.36e-06,
train,0,3e-07,
train,0,2.89e-06,
train,0,8.8e-07,
train,0,9.17e-06,
train,0,3e-07,
train,0,1.01e-06,
train,0,7.1e-07,
train,0,6.38e-06,
train,0,7.7e-07,
train,0,6.3e-07,
train,0,4.89e-06,
train,0,5.7e-07,
train,0,5.98e-06,
train,0,8.022e-05,
train,0,3.69e-06,
train,0,0.00051267,
train,0,1.24e-06,
train,0,1.342e-05,
train,0,2.14e-06,
train,0,9.6e-07,
train,0,1.77e-06,
train,0,2.19e-06,
train,0,1.205e-05,
train,0,8.12e-06,
train,0,9.7e-07,
train,0,1.571e-05,
train,0,2.16e-05,
train,0,3.369e-05,
train,0,2.892e-05,
train,0,6.38e-06,
train,0,5.03e-06,
train,0,3.33e-06,
train,0,5e-07,
train,0,1.796e-05,
train,0,1.12e-06,
train,0,7.6e-07,
train,0,1.12e-06,
train,0,2.81e-06,
train,0,2.32e-06,
train,0,6.8e-07,
train,0,5.1e-07,
train,0,2.47e-06,
train,0,2.59e-06,
train,0,1.22e-06,
train,0,2.6e-07,
train,0,4.8e-07,
train,0,4.6e-07,
train,0,4.3e-07,
train,0,9.1e-07,
train,0,8.4e-07,
train,0,6.7e-06,
train,0,5.2e-07,
train,0,1.1e-06,
train,0,2.1e-07,
train,0,8.3e-07,
train,0,3.05e-06,
train,0,1.641e-05,
train,0,2.93e-06,
train,0,6.5e-07,
train,0,3.19e-06,
train,0,5.21e-06,
train,0,1.79e-06,
train,0,1.84e-06,
train,0,1.3e-07,
train,0,5.3e-07,
train,0,4.3e-07,
train,0,4.9e-07,
train,0,5.22e-06,
train,0,3.74e-06,
train,0,1e-06,
train,0,2.13e-06,
train,0,3.32e-06,
train,0,6.44e-06,
train,0,4.5e-07,
train,0,1.778e-05,
train,0,4.2e-06,
train,0,3e-06,
train,0,2.9e-06,
train,0,6.03e-06,
train,0,2.272e-05,
train,0,4.41e-06,
train,0,1.27e-05,
train,0,2.6e-07,
train,0,5.286e-05,
train,0,3.8e-07,
train,0,1.599e-05,
train,0,8.999e-05,
train,0,3.29e-06,
train,0,3.18e-06,
train,0,2.47e-06,
train,0,1.412e-05,
train,0,1.07e-06,
train,0,8.3e-07,
train,0,2.39e-06,
train,0,3.188e-05,
train,0,7.3e-07,
train,0,2.28e-06,
train,0,1.38e-06,
train,0,1.07e-06,
train,0,4.6e-07,
train,0,1.86e-06,
train,0,0.00073838,
train,0,2.37e-06,
train,0,1.18e-06,
train,0,1.13e-06,
train,0,2.94e-06,
train,0,6.02e-06,
train,0,1.21e-06,
train,0,4.38e-06,
train,0,5.27e-06,
train,0,8.9e-07,
train,0,1.417e-05,
train,0,1.57e-06,
train,0,3.33e-06,
train,0,4e-06,
train,0,0.00020863,
train,0,5.98e-06,
train,0,8.1e-07,
train,0,5.5e-07,
train,0,1.704e-05,
train,0,7.39e-06,
train,0,7.63e-06,
train,0,2.17e-05,
train,0,0.00127588,
train,0,1.74e-06,
train,0,2.18e-06,
train,0,1.081e-05,
train,0,3.44e-06,
train,0,1.043e-05,
train,0,6.6e-07,
train,0,7.5e-07,
train,0,1.52e-06,
train,0,1.69e-06,
train,0,3.84e-06,
train,0,7.5e-07,
train,0,2.28e-06,
train,0,6.4e-07,
train,0,2.31e-06,
train,0,8.72e-06,
train,0,2.3e-06,
train,0,3.099e-05,
train,0,1.21e-06,
train,0,1.42e-06,
train,0,3.747e-05,
train,0,5.88e-06,
train,0,3.01e-06,
train,0,1.14e-06,
train,0,2.04e-06,
train,0,3.08e-06,
train,0,1.39e-06,
train,0,2.76e-06,
train,0,2.16e-06,
train,0,1.988e-05,
train,0,6.41e-06,
train,0,0.00031609,
train,0,5.04e-06,
train,0,7.8e-07,
train,0,9.9e-07,
train,1,0.99744999,
train,0,7.1e-07,
train,0,4.139e-05,
train,0,3.9e-07,
train,0,3.87e-06,
train,0,1.93e-06,
train,0,1.626e-05,
train,0,6.2e-07,
train,0,1.25e-06,
train,0,9.821e-05,
train,0,4.25e-06,
train,0,2.81e-06,
train,0,1.886e-05,
train,0,3.5e-06,
train,0,5.89e-06,
train,0,4.2e-07,
train,0,2.75e-05,
train,0,2.76e-06,
train,1,0.99537103,
train,0,3.79e-06,
train,0,2.02e-06,
train,0,1.01e-06,
train,0,1.552e-05,
train,0,4.602e-05,
train,0,8.06e-06,
train,0,1.98e-06,
train,0,1.15e-06,
train,0,1.59e-06,
train,0,1.112e-05,
train,0,8.57e-06,
train,0,1.14e-06,
train,0,8.77e-06,
train,0,1.456e-05,
train,0,1.31e-06,
train,0,1.91e-06,
train,0,5.45e-06,
train,0,2.17e-06,
train,0,4.6e-07,
train,0,6.65e-06,
train,0,2.07e-05,
train,0,8.3e-07,
train,0,0.00059622,
train,0,1.47e-06,
train,0,9.37e-06,
train,0,1.73e-06,
train,0,5.9e-06,
train,0,0.00011071,
train,0,4.8e-07,
train,0,0.00348627,
train,0,1.26e-06,
train,0,1.691e-05,
train,0,5.06e-06,
train,0,3.52e-06,
train,0,1.68e-06,
train,0,5.701e-05,
train,0,3.9e-06,
train,0,8.8e-07,
train,0,9.58e-06,
train,0,1.54e-06,
train,0,1.825e-05,
train,0,6.7e-06,
train,0,1.09e-06,
train,0,1.71e-06,
train,0,3.79e-06,
train,0,4.7e-07,
train,0,1.35e-06,
train,0,8.4e-07,
train,0,7e-07,
train,0,1.7e-07,
train,0,1.88e-06,
train,0,8.8e-06,
train,0,2.17e-06,
train,0,1.07e-06,
train,0,6e-07,
train,0,2.056e-05,
train,0,1.99e-06,
train,0,2.24e-06,
train,0,1.94e-06,
train,0,7.44e-06,
train,0,1.037e-05,
train,0,1.04e-06,
train,0,1.238e-05,
train,0,3.5e-07,
train,0,2.082e-05,
train,0,9.5e-07,
train,0,5.4e-07,
train,0,7.1e-07,
train,0,4.361e-05,
train,0,1.62e-06,
train,0,3.804e-05,
train,0,4.42e-06,
train,0,3.32e-06,
train,0,5.6e-06,
train,0,2.89e-06,
train,0,4.88e-06,
train,0,3.2e-07,
train,0,1.183e-05,
train,0,7.1e-07,
train,0,1.11e-06,
train,0,1.16e-06,
train,0,6.17e-06,
train,1,0.99972589,
train,0,1.83e-06,
train,0,5.3e-06,
train,1,0.99986555,
train,1,0.99993326,
train,0,5.77e-06,
train,0,5.6e-07,
train,0,5.41e-06,
train,0,3.812e-05,
train,0,2.13e-06,
train,0,4.56e-06,
train,0,4.77e-06,
train,0,1.36e-06,
train,0,3.36e-06,
train,0,3.48e-06,
train,0,3.8e-07,
train,0,7.5e-07,
train,0,4.32e-06,
train,0,1.21e-06,
train,0,5.85e-06,
train,0,3.19e-06,
train,0,1.66e-06,
train,0,1.6e-06,
train,0,3.181e-05,
train,0,1.37e-06,
train,0,2.89e-06,
train,0,4.183e-05,
train,0,4.19e-06,
train,0,1.12e-06,
train,0,1.16e-06,
train,0,3.9e-07,
train,0,2.23e-06,
train,0,4.05e-06,
train,0,3.5e-07,
train,0,1.457e-05,
train,0,6.5e-07,
train,0,1.271e-05,
train,0,2.8e-07,
train,0,3.48e-06,
train,0,4.9e-07,
train,0,2.36e-06,
train,0,2.84e-06,
train,0,3.93e-06,
train,0,3.404e-05,
train,0,2.34e-06,
train,0,6.83e-06,
train,0,4.7e-07,
train,0,8.87e-06,
train,0,2.75e-06,
train,0,1.59e-06,
train,0,5.75e-06,
train,0,6.19e-06,
train,0,2.3e-07,
train,0,5.2e-07,
train,0,4.5e-07,
train,0,7.6e-07,
train,0,6.1e-06,
train,0,3.5e-07,
train,0,1.3e-06,
train,0,2.44e-06,
train,0,1.13e-06,
train,0,6.48e-06,
train,0,4.4e-07,
train,0,3e-07,
train,0,4e-07,
train,0,6.4e-07,
train,0,1.12e-06,
train,0,1.459e-05,
train,0,3.71e-06,
train,0,1.15e-06,
train,0,8.17e-06,
train,0,2.8e-07,
train,0,2.67e-06,
train,0,7.9e-07,
train,0,1.74e-06,
train,0,8.6e-07,
train,0,3.5e-06,
train,1,0.99978905,
train,1,0.99993545,
train,1,0.99993457,
train,1,0.99993552,
train,0,1.34e-06,
train,0,3.31e-06,
train,0,2.8e-07,
train,0,1.07e-06,
train,0,5.6e-07,
train,0,1.22e-06,
train,0,5.71e-06,
train,0,6.29e-06,
train,0,1.95e-06,
train,0,5.23e-06,
train,0,1.04e-06,
train,0,1.42e-06,
train,0,3.7e-07,
train,0,3.37e-06,
train,0,8.764e-05,
train,0,0.00019581,
train,0,2.67e-06,
train,0,2.92e-06,
train,0,0.00014557,
train,0,5.16e-06,
train,0,1.22e-06,
train,0,3.21e-06,
train,0,1.07e-06,
train,0,7.91e-06,
train,0,1.507e-05,
train,0,6.2e-07,
train,0,3.5e-07,
train,0,1.86e-06,
train,0,4.02e-06,
train,0,8.8e-07,
train,0,1.395e-05,
train,0,2.217e-05,
train,0,4.856e-05,
train,0,2.61e-06,
train,0,1.96e-06,
train,0,1.036e-05,
train,0,6.99e-06,
train,0,6.55e-06,
train,0,5.177e-05,
train,0,1.6e-06,
train,0,8.9e-07,
train,0,5.5e-07,
train,0,4.398e-05,
train,0,0.00070013,
train,0,1.36e-06,
train,0,5.6e-06,
train,0,5.8e-07,
train,0,2e-06,
train,0,1.92e-06,
train,0,1.19e-06,
train,0,8.829e-05,
train,0,4.1e-07,
train,0,2.21e-06,
train,0,1.71e-06,
train,0,4.011e-05,
train,0,0.00082086,
train,0,7.6e-06,
train,0,2.46e-06,
train,0,3.629e-05,
train,0,4.8e-07,
train,0,7.6e-07,
train,0,1.95e-06,
train,0,7.98e-06,
train,0,7.3e-06,
train,0,1.48e-06,
train,0,9.8e-07,
train,0,3.03e-06,
train,0,3.322e-05,
train,0,9.57e-06,
train,0,7.03e-06,
train,0,6.3e-07,
train,0,1.02e-06,
train,0,9.3e-07,
train,0,3.91e-06,
train,0,6.7e-07,
train,0,4.2e-06,
train,0,3.02e-06,
train,0,2.05e-06,
train,0,4.75e-06,
train,0,5.4e-07,
train,0,9.349e-05,
train,0,9.06e-06,
train,0,7.25e-06,
train,0,6.69e-06,
train,0,2.94e-06,
train,0,9.12e-06,
train,0,3.15e-06,
train,0,1.354e-05,
train,0,3.9e-07,
train,0,1.27e-06,
train,0,1.65e-06,
train,0,1.706e-05,
train,0,3.54e-06,
train,0,6.2e-07,
train,0,5.55e-06,
train,0,4.075e-05,
train,0,6.5e-06,
train,0,1.057e-05,
train,0,2.96e-06,
train,0,1.95e-06,
train,0,1e-06,
train,0,7.6e-07,
train,0,1.415e-05,
train,0,9.6e-07,
train,0,3.34e-06,
train,1,0.99936145,
train,0,3.25e-06,
train,0,3.53e-06,
train,1,0.99962502,
train,0,2.05e-06,
train,1,0.99960068,
train,1,0.99986306,
train,0,1.34e-06,
train,1,0.99991452,
train,1,0.99991645,
train,1,0.99991706,
train,0,5.52e-06,
train,0,3.054e-05,
train,0,3.33e-06,
train,1,0.99972557,
train,1,0.99988266,
train,1,0.99986974,
train,1,0.99992328,
train,1,0.99988709,
train,1,0.99988824,
train,1,0.99992527,
train,1,0.99965182,
train,1,0.99991469,
train,0,9.17e-06,
train,0,9.8e-07,
train,0,1.33e-05,
train,0,2e-06,
train,0,4.17e-06,
train,0,1.037e-05,
train,0,1.319e-05,
train,0,2.8e-06,
train,0,5.118e-05,
train,0,4.91e-06,
train,0,1.676e-05,
train,0,3.17e-06,
train,0,1.86e-06,
train,0,1.413e-05,
train,0,8.39e-06,
train,0,1e-06,
train,0,5.48e-06,
train,0,7.84e-06,
train,0,6.32e-06,
train,0,1.11e-06,
train,0,2.33e-06,
train,0,0.0002414,
train,0,1.675e-05,
train,0,3.87e-06,
train,0,5.47e-05,
train,0,5.82e-06,
train,0,2.69e-06,
train,0,1.16e-06,
train,0,2.204e-05,
train,0,3.62e-06,
train,0,9.44e-06,
train,0,4.32e-06,
train,0,1.6e-06,
train,0,1.004e-05,
train,0,7.906e-05,
train,0,1.955e-05,
train,0,9.54e-06,
train,0,9.98e-06,
train,0,3.43e-06,
train,0,7.4e-07,
train,0,1.627e-05,
train,0,5.14e-06,
train,0,2.69e-06,
train,0,6.78e-06,
train,0,9.27e-06,
train,0,7.5e-07,
train,0,2.57e-06,
train,0,1.9e-06,
train,0,1.4e-06,
train,0,6.47e-06,
train,0,2.86e-06,
train,0,3.85e-06,
train,0,1.418e-05,
train,0,4.2e-07,
train,0,6.18e-06,
train,0,5e-07,
train,0,1.359e-05,
train,0,8.3e-07,
train,0,2.4e-07,
train,0,2.99e-06,
train,0,5e-07,
train,0,5.6e-07,
train,0,1.36e-06,
train,0,1.31e-06,
train,0,6.2e-07,
train,0,9.1e-07,
train,0,1.31e-06,
train,0,1.7e-07,
train,0,1.81e-06,
train,0,3.79e-06,
train,0,6.4e-07,
train,0,4.19e-06,
train,0,7.321e-05,
train,0,7.3e-07,
train,0,2.7e-07,
train,0,4.4e-07,
train,0,5.93e-06,
train,0,2.41e-06,
train,0,6.6e-07,
train,0,1.19e-06,
train,0,2.54e-06,
train,0,1.43e-06,
train,0,9.895e-05,
train,0,5.88e-06,
train,0,1.21e-06,
train,0,1.186e-05,
train,0,4.18e-06,
train,0,6.1e-07,
train,0,2.14e-06,
train,0,5.66e-06,
train,0,4.1e-07,
train,0,6.835e-05,
train,0,3.07e-06,
train,0,1.362e-05,
train,0,1.14e-06,
train,0,1.279e-05,
train,0,2.78e-06,
train,0,1.741e-05,
train,0,3.02e-06,
train,0,8.5e-07,
train,0,1.107e-05,
train,0,2.245e-05,
train,0,9e-07,
train,0,2.59e-06,
train,0,4.31e-06,
train,0,3.509e-05,
train,0,8.04e-06,
train,0,1.753e-05,
train,0,2.12e-06,
train,0,9.24e-06,
train,0,1.52e-06,
train,0,8.5e-07,
train,0,3.5e-07,
train,0,8.37e-06,
train,0,3.057e-05,
train,0,9.146e-05,
train,0,9.8e-07,
train,0,1.191e-05,
train,0,0.00021988,
train,0,1.109e-05,
train,0,4.13e-06,
train,0,1.345e-05,
train,0,3.5e-07,
train,0,1.2e-05,
train,0,1.43e-05,
train,0,9.6e-07,
train,0,1.73e-06,
train,0,1.09e-06,
train,0,3.98e-06,
train,0,2.57e-06,
train,0,1.04e-06,
train,1,0.99940542,
train,0,6.4e-07,
train,0,3.44e-06,
train,0,6.8e-07,
train,1,0.99960469,
train,0,6.04e-05,
train,0,6.74e-06,
train,0,2.37e-06,
train,0,2.2e-07,
train,0,3.85e-06,
train,0,7.12e-06,
train,0,0.00016928,
train,0,1.338e-05,
train,0,5.7e-07,
train,0,6.93e-06,
train,0,1.05e-05,
train,0,3.98e-06,
train,0,4.44e-06,
train,0,8.3e-06,
train,0,1.636e-05,
train,0,1.6e-06,
train,0,4.35e-06,
train,1,0.99951086,
train,0,4.03e-06,
train,0,4.03e-06,
train,0,1.12e-06,
train,0,6.896e-05,
train,0,2.14e-06,
train,0,9.48e-06,
train,0,9.2e-07,
train,0,1.26e-06,
train,0,8.7e-07,
train,1,0.99825885,
train,0,1.11e-06,
train,0,8.64e-06,
train,0,1.069e-05,
train,0,4.68e-06,
train,1,0.99912202,
train,0,5.7e-06,
train,0,1.61e-06,
train,0,9.1e-07,
train,0,1.96e-06,
train,0,3.2e-06,
train,0,2.24e-06,
train,0,6.65e-06,
train,0,2.201e-05,
train,0,4.212e-05,
train,0,1.63e-06,
train,0,3.94e-06,
train,0,7.59e-06,
train,0,3.08e-06,
train,0,1.287e-05,
train,0,8.1e-07,
train,0,1.097e-05,
train,0,0.00037454,
train,0,1.59e-06,
train,0,1.57e-06,
train,0,2.19e-06,
train,0,8.07e-06,
train,0,0.0023938,
train,0,5.36e-06,
train,0,5.115e-05,
train,0,1.62e-06,
train,0,3.83e-06,
train,0,6.63e-06,
train,0,0.00017371,
train,0,9.2e-07,
train,0,0.00018297,
train,0,1.15e-05,
train,0,1.21e-06,
train,0,2.31e-06,
train,0,2.92e-06,
train,0,5.8e-07,
train,0,1.61e-06,
train,0,5.31e-06,
train,0,2.331e-05,
train,0,7.9e-07,
train,0,2.19e-06,
train,0,4.89e-06,
train,0,0.00016026,
train,0,3.82e-06,
train,0,1.26e-06,
train,0,6.26e-06,
train,0,1.87e-06,
train,0,5.52e-06,
train,0,1.73e-06,
train,0,1.081e-05,
train,0,5.34e-06,
train,0,1.73e-06,
train,0,2.35e-06,
train,0,0.00210647,
train,0,1.14e-06,
train,0,4.6e-07,
train,0,5.39e-06,
train,0,2.89e-06,
train,0,1.39e-06,
train,0,9.8e-07,
train,0,3.05e-06,
train,0,3.704e-05,
train,0,1.6e-06,
train,0,2.979e-05,
train,0,6.55e-06,
train,0,1.96e-06,
train,0,4.81e-06,
train,0,2.325e-05,
train,0,5.1e-06,
train,0,0.00083975,
train,0,3.31e-06,
train,0,3.132e-05,
train,0,1.3e-07,
train,0,2.62e-06,
train,0,7.78e-06,
train,0,2.32e-06,
train,0,1.29e-06,
train,0,7.3e-07,
train,0,5.42e-06,
train,0,1.017e-05,
train,0,6.2e-07,
train,0,5.1e-07,
train,0,6.7e-07,
train,0,2.906e-05,
train,0,1.24e-05,
train,0,0.00445161,
train,0,7.89e-06,
train,0,1.92e-06,
train,0,3e-07,
train,0,6.12e-06,
train,0,7.1e-06,
train,0,2.422e-05,
train,0,3.7e-07,
train,0,8.3e-07,
train,0,2.28e-05,
train,0,4.45e-06,
train,0,1.39e-06,
train,0,3.06e-06,
train,0,2.21e-06,
train,0,3.45e-06,
train,0,6.05e-06,
train,0,1.65e-06,
train,0,7.7e-07,
train,0,4.85e-06,
train,0,1.51e-06,
train,0,1.92e-06,
train,0,6.15e-06,
train,0,2.39e-06,
train,0,3.19e-06,
train,0,2.49e-06,
train,0,9.8e-07,
train,0,5.9e-06,
train,0,1.251e-05,
train,0,4e-07,
train,0,9.8e-07,
train,0,9.9e-07,
train,0,8.5e-07,
train,1,0.99396593,
train,0,8.9e-07,
train,0,7e-07,
train,0,7.1e-07,
train,0,1.041e-05,
train,0,2.37e-06,
train,0,4.64e-06,
train,0,2.785e-05,
train,0,3.55e-06,
train,0,1.99e-06,
train,0,2.59e-05,
train,0,2.1e-06,
train,0,3.59e-06,
train,0,2.385e-05,
train,0,2.555e-05,
train,0,3.6e-07,
train,0,4.8e-07,
train,0,3.2e-07,
train,0,6.6e-06,
train,0,2.26e-06,
train,0,3.3e-07,
train,0,1.96e-06,
train,0,2.35e-06,
train,0,2.38e-06,
train,0,1.439e-05,
train,0,5.8e-07,
train,0,6.7e-06,
train,0,2.41e-06,
train,0,3.52e-06,
train,0,1.92e-06,
train,0,8.7e-07,
train,0,3.7e-07,
train,0,2.74e-06,
train,0,6.57e-06,
train,0,1.24e-06,
train,0,1.03e-06,
train,0,2.16e-06,
train,0,6.78e-06,
train,0,3.44e-06,
train,0,8.76e-06,
train,0,7.1e-07,
train,0,7.7e-07,
train,0,1.54e-06,
train,0,1.17e-06,
train,0,4.5e-07,
train,0,1.92e-06,
train,0,2.9e-06,
train,0,3e-07,
train,0,4.05e-06,
train,0,1.8e-06,
train,0,2.935e-05,
train,0,4.02e-06,
train,0,8.13e-06,
train,0,7.1e-07,
train,0,3.85e-06,
train,0,4.8e-07,
train,0,2.657e-05,
train,0,1.34e-06,
train,0,4.7e-07,
train,0,0.00049113,
train,0,8.72e-06,
train,0,0.00098578,
train,0,4.3e-07,
train,0,4.2e-07,
train,0,1.76e-06,
train,0,6.737e-05,
train,0,5.92e-06,
train,0,4.7e-07,
train,0,2.045e-05,
train,0,1.28e-06,
train,0,6.99e-06,
train,0,2.9e-07,
train,0,9.08e-06,
train,0,4e-07,
train,0,3.8e-07,
train,0,6.314e-05,
train,0,7.5e-06,
train,0,2.19e-06,
train,0,2.04e-06,
train,0,6.103e-05,
train,0,1.09e-06,
train,0,6.41e-06,
train,0,9.3e-07,
train,0,2.67e-06,
train,0,1.287e-05,
train,0,3.78e-06,
train,0,2.94e-06,
train,0,2.45e-06,
train,0,3.98e-06,
train,0,5.4e-07,
train,0,4.1e-06,
train,0,4.023e-05,
train,0,1.88e-06,
train,0,2.2e-06,
train,0,2.52e-06,
train,0,8.8e-07,
train,0,5.07e-06,
train,0,8.01e-06,
train,0,8.9e-07,
train,0,2.04e-06,
train,0,4.138e-05,
train,0,7.1e-07,
train,0,2.5e-07,
train,0,2.54e-06,
train,0,2.24e-06,
train,0,8.1e-07,
train,0,1.16e-06,
train,0,7.78e-06,
train,0,6.18e-06,
train,0,2.91e-06,
train,0,8.2e-07,
train,0,4.232e-05,
train,0,9.058e-05,
train,0,4.71e-06,
train,0,2.02e-06,
train,0,1.38e-06,
train,0,1.11e-06,
train,0,1.41e-05,
train,0,9.7e-07,
train,0,8.2e-07,
train,0,7.42e-06,
train,0,5.97e-06,
train,0,2.186e-05,
train,0,5.64e-06,
train,0,3.49e-06,
train,0,4.84e-06,
train,0,3.39e-06,
train,0,9.8e-07,
train,0,2.48e-06,
train,0,1.41e-06,
train,0,0.00010482,
train,0,4.7e-07,
train,0,1.129e-05,
train,0,3.855e-05,
train,0,1.454e-05,
train,0,7.5e-07,
train,0,4.71e-06,
train,0,1.41e-06,
train,0,6.22e-06,
train,0,4.51e-06,
train,0,2.468e-05,
train,0,2.803e-05,
train,0,5.1e-07,
train,0,1.64e-06,
train,0,3.28e-06,
train,0,4.44e-06,
train,0,9.4e-07,
train,0,2.95e-06,
train,0,1.05e-06,
train,0,3.64e-06,
train,0,4.5e-07,
train,0,2.28e-06,
train,0,5.2e-06,
train,0,2.05e-06,
train,0,3.89e-06,
train,0,2e-07,
train,0,7.9e-07,
train,0,6.45e-06,
train,0,9.4e-07,
train,0,4.1e-07,
train,0,6.2e-07,
train,0,2.32e-06,
train,0,4.71e-06,
train,0,6.04e-06,
train,0,3.37e-06,
train,0,1.02e-06,
train,0,2.19e-06,
train,0,2.99e-06,
train,0,0.00028567,
train,0,6.17e-06,
train,0,5.35e-06,
train,0,0.00013507,
train,0,1.566e-05,
train,0,0.00013557,
train,0,1.284e-05,
train,0,1.77e-06,
train,0,2.99e-05,
train,0,7.79e-06,
train,0,6.7e-07,
train,0,1.301e-05,
train,0,6.507e-05,
train,0,2.7e-06,
train,0,7.7e-07,
train,0,3.53e-06,
train,0,5.07e-06,
train,0,2.1e-06,
train,0,6.5e-06,
train,0,1.97e-06,
train,0,7.6e-07,
train,0,1.391e-05,
train,0,1.295e-05,
train,0,2.43e-06,
train,0,2.24e-05,
train,0,4.918e-05,
train,0,2.062e-05,
train,0,7.001e-05,
train,0,2.65e-06,
train,0,1.53e-06,
train,1,0.99916883,
train,0,1.18e-06,
train,0,3.45e-06,
train,0,2.075e-05,
train,0,9.43e-06,
train,0,1.72e-06,
train,0,8.02e-06,
train,0,9.2e-07,
train,0,9.59e-06,
train,0,0.00029865,
train,0,2.656e-05,
train,0,4.87e-06,
train,0,1.43e-05,
train,0,5.95e-06,
train,0,1.57e-06,
train,0,1.65e-06,
train,0,1.58e-06,
train,0,6.2e-07,
train,0,5.9e-07,
train,0,2.558e-05,
train,0,1.7e-06,
train,0,0.00069787,
train,0,9.9e-07,
train,0,3.35e-06,
train,0,9.026e-05,
train,0,2.71e-06,
train,0,1.009e-05,
train,0,1.479e-05,
train,0,5.18e-06,
train,0,1.55e-06,
train,0,4.28e-06,
train,0,2.7e-06,
train,0,1.518e-05,
train,0,1.04e-06,
train,1,0.99907373,
train,0,1.18e-06,
train,0,2.69e-06,
train,0,0.00056775,
train,0,0.88170214,
train,0,1.98e-06,
train,0,6.35e-06,
train,0,1.33e-06,
train,0,1.815e-05,
train,0,4.05e-06,
train,0,6e-07,
train,0,2.3e-06,
train,0,8.6e-07,
train,0,1.992e-05,
train,0,4.63e-06,
train,0,0.000104,
train,0,4.65e-06,
train,0,5.82e-06,
train,0,3.74e-06,
train,0,8.36e-06,
train,0,5.14e-06,
train,0,5.61e-06,
train,0,4.1e-07,
train,0,1.59e-06,
train,0,6.41e-06,
train,0,1.805e-05,
train,0,5.71e-06,
train,0,6.1e-07,
train,0,8.3e-07,
train,0,4.583e-05,
train,0,1.437e-05,
train,0,3.05e-06,
train,0,2.39e-06,
train,0,1.564e-05,
train,0,3.6e-07,
train,0,2.12e-06,
train,0,0.00063462,
train,0,3.2e-07,
train,0,1.543e-05,
train,0,2.3e-07,
train,0,6.788e-05,
train,0,6.32e-06,
train,0,1.362e-05,
train,0,1.231e-05,
train,0,6.22e-06,
train,0,3.177e-05,
train,0,2.28e-06,
train,0,3e-06,
train,0,6.9e-07,
train,0,1.197e-05,
train,0,7e-07,
train,0,0.00010798,
train,0,6.942e-05,
train,0,2.3e-06,
train,0,1.28e-06,
train,0,1.203e-05,
train,0,1.72e-06,
train,0,8.2e-07,
train,0,4.574e-05,
train,0,1.34e-06,
train,0,6.1e-07,
train,0,1.84e-06,
train,0,1.06e-06,
train,0,3.06e-06,
train,0,1.021e-05,
train,0,4.12e-06,
train,0,2.93e-06,
train,0,1.04e-06,
train,0,9.878e-05,
train,0,9.1e-07,
train,0,1.82e-06,
train,0,1.9e-06,
train,0,5.9e-07,
train,0,7.798e-05,
train,0,4.25e-06,
train,0,0.0003713,
train,0,0.00200365,
train,0,4.7e-07,
train,0,1.76e-06,
train,0,2.05e-06,
train,0,9.5e-07,
train,0,2.8e-06,
train,0,1.71e-06,
train,0,1e-06,
train,0,4.156e-05,
train,0,1.35e-06,
train,0,1.19e-06,
train,0,6.41e-06,
train,0,7.08e-06,
train,0,1.03e-06,
train,0,2.598e-05,
train,0,1.095e-05,
train,0,1.09e-06,
train,0,6.8e-06,
train,0,1.047e-05,
train,0,8.8e-07,
train,0,2.6e-06,
train,0,1.667e-05,
train,0,1.81e-06,
train,0,2.5e-07,
train,0,2.92e-06,
train,0,3.92e-06,
train,0,9.4e-07,
train,0,2.564e-05,
train,0,6.7e-07,
train,0,2.94e-06,
train,0,3.75e-06,
train,0,0.00027915,
train,0,0.00017439,
train,0,1.72e-06,
train,0,2.497e-05,
train,0,5.02e-06,
train,0,9.51e-06,
train,0,3.7e-06,
train,0,8.1e-07,
train,0,1.333e-05,
train,0,3.034e-05,
train,0,4.03e-06,
train,0,2.12e-06,
train,0,4.741e-05,
train,0,4.6e-07,
train,0,0.00013369,
train,0,8e-06,
train,0,4.9e-07,
train,0,1.26e-06,
train,0,4.4e-07,
train,0,8.6e-07,
train,0,6.454e-05,
train,0,1.37e-06,
train,0,0.00042987,
train,0,9.61e-06,
train,0,1.18e-06,
train,0,1.92e-06,
train,0,2.35e-06,
train,0,2.57e-06,
train,0,3.24e-06,
train,0,3e-06,
train,0,7.018e-05,
train,0,3.704e-05,
train,0,6.2e-07,
train,0,1e-06,
train,0,4.67e-06,
train,0,2.46e-06,
train,0,3.69e-06,
train,0,6.4e-07,
train,0,1.5e-06,
train,0,1.222e-05,
train,0,2.935e-05,
train,0,3.61e-06,
train,0,3.128e-05,
train,0,8.93e-06,
train,0,4.782e-05,
train,0,1.112e-05,
train,0,0.00027687,
train,0,1.584e-05,
train,0,1.33e-06,
train,0,0.02758774,
train,0,1.11e-06,
train,0,1.5e-06,
train,0,2.18e-06,
train,0,8.6e-07,
train,0,0.0003824,
train,0,6.83e-06,
train,0,5.9e-07,
train,0,9.5e-07,
train,0,2.83e-06,
train,0,1.31e-06,
train,0,4.9e-07,
train,0,6.3e-06,
train,0,2.46e-06,
train,0,2.2e-06,
train,0,3.14e-06,
train,0,5.3e-06,
train,0,1.34e-06,
train,0,2.76e-06,
train,0,5.91e-06,
train,0,1.91e-06,
train,0,3.53e-06,
train,0,1.62e-06,
train,0,7.5e-07,
train,0,1.14e-06,
train,0,5.8e-07,
train,0,9.5e-07,
train,0,1.053e-05,
train,0,2.6e-07,
train,0,4.4e-07,
train,0,4.7e-07,
train,0,4.4e-07,
train,0,7.2e-07,
train,0,1.57e-06,
train,0,2.09e-06,
train,0,6.6e-07,
train,0,5.5e-07,
train,0,8.5e-07,
train,0,1.36e-06,
train,0,5.9e-07,
train,0,7.8e-07,
train,0,2.1e-06,
train,0,2.506e-05,
train,0,5.38e-06,
train,0,1.38e-06,
train,0,3.03e-06,
train,0,0.00015714,
train,0,4.94e-06,
train,0,9.7e-07,
train,0,7.1e-07,
train,0,4.8e-07,
train,0,2.17e-06,
train,0,2.65e-06,
train,0,1.2e-07,
train,0,8.6e-07,
train,0,1.18e-06,
train,0,9.84e-06,
train,0,1.87e-06,
train,0,7.23e-06,
train,0,4.87e-06,
train,0,8.69e-06,
train,0,1.79e-06,
train,0,5.59e-06,
train,0,1.91e-06,
train,0,2.46e-06,
train,0,1.01e-06,
train,0,8.7e-07,
train,0,2e-06,
train,0,1.153e-05,
train,0,1.73e-06,
train,0,2.1e-06,
train,0,2.45e-06,
train,0,2.174e-05,
train,0,2.8e-07,
train,0,1.705e-05,
train,0,3.18e-06,
train,0,4.21e-06,
train,0,7.6e-07,
train,0,1.062e-05,
train,0,2.14e-06,
train,0,2.193e-05,
train,0,0.00028459,
train,0,4.263e-05,
train,0,5.28e-06,
train,0,1.1e-06,
train,0,2.48e-06,
train,0,1.78e-06,
train,0,3.065e-05,
train,0,2.11e-06,
train,0,1.934e-05,
train,0,2.88e-06,
train,0,5.7e-07,
train,0,2.76e-06,
train,0,3.13e-06,
train,0,1.973e-05,
train,0,1.34e-06,
train,0,1.103e-05,
train,0,3.24e-05,
train,0,3.33e-06,
train,0,2.86e-06,
train,0,6.19e-06,
train,0,4.89e-06,
train,0,1.95e-06,
train,0,3e-07,
train,0,3.3e-06,
train,0,1.16e-06,
train,0,3.5e-07,
train,0,2.535e-05,
train,0,2.69e-06,
train,0,7.04e-06,
train,0,7.14e-06,
train,0,2.99e-06,
train,0,0.00010298,
train,0,3.69e-05,
train,0,1.81e-06,
train,0,1.778e-05,
train,0,8.3e-07,
train,0,3.1e-07,
train,0,1.2e-05,
train,0,6.5e-07,
train,0,0.01010475,
train,0,2.29e-06,
train,0,1.9e-06,
train,0,1.34e-06,
train,0,3.11e-06,
train,0,4.11e-06,
train,0,1.73e-06,
train,0,2.378e-05,
train,0,1.67e-06,
train,0,2.66e-06,
train,0,1.011e-05,
train,0,8.21e-06,
train,0,2.796e-05,
train,0,2.194e-05,
train,0,4.85e-06,
train,0,1.973e-05,
train,0,1.11e-06,
train,0,9.588e-05,
train,0,2.1e-06,
train,0,5.56e-06,
train,0,3.86e-06,
train,0,2.3e-07,
train,0,4.41e-06,
train,0,2.39e-06,
train,0,1.87e-06,
train,0,7.12e-05,
train,0,6.14e-06,
train,0,1.333e-05,
train,0,0.00733411,
train,0,1.585e-05,
train,0,3.067e-05,
train,0,3.258e-05,
train,0,1.901e-05,
train,0,3.15e-06,
train,0,1.433e-05,
train,0,3.03e-06,
train,0,2.747e-05,
train,0,5.1e-07,
train,0,2.7e-06,
train,0,1.056e-05,
train,0,9.2e-07,
train,0,1.04e-05,
train,0,3.3e-07,
train,0,2.503e-05,
train,0,1.17e-05,
train,0,1.646e-05,
train,0,3.32e-06,
train,0,0.00409751,
train,0,3.87e-06,
train,0,1.947e-05,
train,0,3.96e-06,
train,0,6.49e-06,
train,0,4.72e-06,
train,1,0.99804354,
train,0,1.16e-05,
train,0,3.59e-06,
train,0,1.74e-06,
train,0,4.64e-06,
train,1,0.99985242,
train,0,4.906e-05,
train,0,1.48e-06,
train,0,5.3e-07,
train,0,3.85e-06,
train,0,4.18e-06,
train,0,8.04e-06,
train,1,0.99993361,
train,0,9.43e-06,
train,0,1.35e-06,
train,0,1.483e-05,
train,0,1.022e-05,
train,0,4.17e-06,
train,0,4.94e-06,
train,0,1.183e-05,
train,0,2.12e-06,
train,0,4.95e-06,
train,0,6.48e-06,
train,0,9.2e-07,
train,0,4.88e-06,
train,0,4.961e-05,
train,1,0.99991841,
train,0,9.8e-07,
train,0,1.2e-06,
train,0,3.16e-06,
train,1,0.99991456,
train,0,2.86e-06,
train,0,3.07e-06,
train,0,1.4e-06,
train,0,3.48e-06,
train,0,2.91e-06,
train,0,2.25e-06,
train,0,0.00127883,
train,0,3.9e-07,
train,0,2.55e-06,
train,0,1.42e-06,
train,0,0.0007025,
train,0,3.624e-05,
train,0,2.76e-06,
train,0,2.38e-06,
train,0,1.104e-05,
train,0,7.9e-07,
train,0,7.1e-07,
train,0,6.73e-06,
train,0,1.52e-06,
train,0,1.39e-06,
train,0,1.58e-06,
train,0,5.51e-06,
train,0,4.1e-07,
train,0,3.97e-06,
train,0,5.705e-05,
train,0,3.97e-06,
train,0,4.869e-05,
train,0,2.928e-05,
train,0,5.6e-07,
train,0,2.26e-06,
train,0,7.8e-07,
train,0,1.1e-06,
train,0,3.64e-06,
train,0,2.15e-06,
train,0,3.59e-05,
train,0,9.9e-07,
train,0,3.69e-06,
train,0,1.8e-06,
train,0,6.5e-07,
train,0,2.52e-06,
train,0,8.8e-07,
train,0,9.05e-06,
train,0,1.48e-06,
train,0,1.447e-05,
train,0,4.722e-05,
train,0,1.79e-06,
train,0,6.07e-06,
train,0,1.72e-06,
train,0,6.01e-06,
train,0,2.403e-05,
train,0,6.42e-06,
train,0,1.52e-06,
train,0,3.1e-07,
train,0,6.96e-06,
train,0,2.861e-05,
train,0,7.85e-06,
train,0,2.378e-05,
train,0,1.071e-05,
train,0,2.659e-05,
train,0,1.71e-06,
train,0,3.63e-06,
train,0,1.014e-05,
train,0,6.06e-06,
train,0,5.1e-07,
train,0,1.3e-05,
train,0,4.92e-06,
train,0,8.6e-06,
train,0,6.55e-06,
train,0,2.148e-05,
train,0,7.6e-06,
train,0,5.75e-06,
train,0,4.081e-05,
train,0,1.12e-06,
train,0,3.05e-06,
train,0,4.48e-06,
train,0,5.76e-06,
train,0,9.43e-06,
train,0,1.32e-05,
train,0,9.3e-06,
train,0,2.41e-06,
train,0,2.079e-05,
train,0,1.48e-06,
train,0,5.51e-06,
train,0,2.18e-06,
train,0,8.61e-06,
train,0,5.234e-05,
train,0,6.6e-07,
train,0,3.67e-06,
train,0,2.576e-05,
train,0,6e-07,
train,0,4.37e-06,
train,0,2.91e-06,
train,0,1.3e-06,
train,0,1.157e-05,
train,0,8.43e-06,
train,0,6.6e-07,
train,0,3.406e-05,
train,0,7.5e-07,
train,0,2.04e-06,
train,0,2.91e-06,
train,0,1.52e-06,
train,0,4.06e-06,
train,0,2.97e-06,
train,0,1.02e-06,
train,0,9.16e-06,
train,0,5.27e-06,
train,0,6.3e-07,
train,0,7e-07,
train,0,6.36e-06,
train,0,1.59e-06,
train,0,2.63e-06,
train,0,1.492e-05,
train,0,3e-07,
train,0,2.31e-06,
train,0,9.49e-06,
train,0,3.39e-06,
train,0,9e-07,
train,0,8.3e-07,
train,0,3.16e-06,
train,0,8.9e-07,
train,0,3.6e-07,
train,0,3.2e-07,
train,0,3.5e-07,
train,0,9.2e-07,
train,0,6.8e-07,
train,0,7.9e-07,
train,0,2.76e-06,
train,0,9.6e-07,
train,0,2.04e-06,
train,0,8.8e-07,
train,0,9.4e-06,
train,0,1.3e-07,
train,0,1.409e-05,
train,0,3.22e-06,
train,0,3.8e-07,
train,0,1.47e-06,
train,0,1.77e-06,
train,0,6.3e-07,
train,0,0.3564496,
train,0,8.224e-05,
train,0,4.7e-07,
train,0,1.9e-06,
train,0,1.78e-06,
train,0,2.9e-07,
train,0,4.89e-06,
train,0,1.61e-06,
train,0,8.9e-07,
train,0,6e-07,
train,0,4.2e-07,
train,0,2.2e-07,
train,0,6.59e-06,
train,0,4.85e-06,
train,0,2.43e-06,
train,0,5.4e-07,
train,1,0.99901418,
train,0,2.95e-06,
train,0,8e-07,
train,0,2.11e-06,
train,0,0.00011531,
train,0,0.00011849,
train,0,3.53e-06,
train,0,1.59e-06,
train,0,7.2e-07,
train,0,1.253e-05,
train,0,2.82e-06,
train,0,1.53e-06,
train,0,1.07e-06,
train,0,5.4e-07,
train,0,4.5e-07,
train,0,3.9e-07,
train,0,7.6e-07,
train,0,2.4e-07,
train,0,1.366e-05,
train,0,1.82e-06,
train,0,1.41e-06,
train,0,7.3e-07,
train,0,6.28e-06,
train,1,0.99980724,
train,0,6.9e-07,
train,0,3.43e-06,
train,0,1.26e-06,
train,0,6.1e-07,
train,0,2.19e-06,
train,0,1.61e-06,
train,0,3.1e-07,
train,0,8.27e-06,
train,0,6.4e-07,
train,0,2.1e-06,
train,0,1.78e-06,
train,0,4.24e-06,
train,0,2.039e-05,
train,0,1.3e-06,
train,0,8.7e-07,
train,0,4.72e-05,
train,0,1.29e-06,
train,0,2.32e-06,
train,0,2.281e-05,
train,0,0.00016018,
train,0,2.35e-06,
train,0,6.52e-06,
train,0,3.9e-07,
train,0,0.00021988,
train,0,3.21e-06,
train,1,0.99989805,
train,0,2.22e-06,
train,0,2.99e-06,
train,0,7.36e-06,
train,0,1.42e-06,
train,0,1.27e-06,
train,0,5.16e-06,
train,0,1.661e-05,
train,0,1.331e-05,
train,0,2.34e-06,
train,0,4.55e-06,
train,0,3.6e-06,
train,0,1.066e-05,
train,0,3.7e-07,
train,0,5.44e-06,
train,0,2.06e-06,
train,0,1.66e-06,
train,0,8.25e-06,
train,0,4.7e-06,
train,0,0.00068692,
train,0,3.7e-06,
train,0,0.0185633,
train,0,4.94e-06,
train,0,1.333e-05,
train,0,1.18e-06,
train,0,1.52e-06,
train,0,2.22e-05,
train,0,3.03e-06,
train,0,2.476e-05,
train,0,2.41e-06,
train,0,8.8e-07,
train,0,1.747e-05,
train,0,1.06e-06,
train,0,5.5e-07,
train,0,5.21e-06,
train,0,0.00023274,
train,0,7.7e-07,
train,0,1.28e-06,
train,0,1.28e-06,
train,0,1.11e-05,
train,0,2.58e-06,
train,0,6.8e-06,
train,0,1.58e-06,
train,0,1.31e-06,
train,0,9.58e-06,
train,0,2.01e-06,
train,0,7.36e-06,
train,0,3.55e-06,
train,0,0.00543336,
train,0,0.0001338,
train,0,4.04e-06,
train,0,7.4e-07,
train,0,3.35e-06,
train,0,5.32e-06,
train,0,3.4e-06,
train,0,4.87e-06,
train,0,3.16e-06,
train,0,7.2e-07,
train,0,6.54e-06,
train,0,1.54e-06,
train,0,9.9e-07,
train,0,4.55e-06,
train,0,1.184e-05,
train,0,1.856e-05,
train,0,2.69e-06,
train,0,4.5e-06,
train,0,2.13e-06,
train,0,7.05e-06,
train,0,7.2e-07,
train,0,1.69e-06,
train,0,5.528e-05,
train,0,1.66e-06,
train,0,6.29e-06,
train,0,8.32e-06,
train,0,1.29e-06,
train,1,0.99810173,
train,0,8.06e-06,
train,0,8e-07,
train,0,8.5e-07,
train,0,4.65e-06,
train,0,1.184e-05,
train,1,0.99900937,
train,0,0.00059401,
train,1,0.99990114,
train,0,2.49e-06,
train,1,0.99990668,
train,0,1.09e-06,
train,1,0.99990638,
train,0,2.451e-05,
train,0,3.02e-06,
train,0,9.173e-05,
train,0,5.67e-06,
train,0,6.6e-07,
train,0,1.347e-05,
train,0,2.62e-06,
train,0,2.011e-05,
train,0,3.12e-06,
train,0,3.753e-05,
train,0,8.94e-06,
train,0,4.6e-07,
train,0,1.84e-06,
train,0,4.44e-06,
train,0,8e-07,
train,0,1.313e-05,
train,0,3.006e-05,
train,0,2.19e-06,
train,0,0.00013362,
train,0,5.85e-06,
train,0,0.06067023,
train,0,1.95e-06,
train,0,9e-07,
train,0,1.19e-06,
train,0,1.01e-06,
train,0,8.9e-07,
train,0,3.3e-07,
train,0,2.89e-06,
train,0,8.566e-05,
train,0,2.536e-05,
train,0,0.00030282,
train,0,4.59e-06,
train,0,1.53e-06,
train,0,9.32e-06,
train,0,3.03e-06,
train,0,1.169e-05,
train,0,2.33e-06,
train,0,3.6e-07,
train,0,7.4e-07,
train,0,3.15e-06,
train,0,1.5e-06,
train,0,8.7e-07,
train,0,6.9e-07,
train,0,2.65e-06,
train,0,8.9e-07,
train,0,7.51e-06,
train,1,0.99944195,
train,0,5.8e-07,
train,0,1.35e-06,
train,0,3.25e-06,
train,0,1.23e-06,
train,0,2.1e-06,
train,0,1.79e-06,
train,0,1.64e-06,
train,0,2.01e-06,
train,0,4.06e-06,
train,0,1.304e-05,
train,0,1.24e-06,
train,1,0.99858899,
train,0,1.397e-05,
train,0,2.025e-05,
train,1,0.99960431,
train,0,3.28e-06,
train,0,3.55e-06,
train,0,5.19e-06,
train,0,7.58e-06,
train,1,0.99965217,
train,0,4.06e-06,
train,1,0.99990267,
train,0,4.65e-06,
train,0,1.211e-05,
train,0,1.441e-05,
train,0,1.435e-05,
train,0,6.58e-06,
train,0,5.4e-07,
train,0,9.68e-06,
train,0,6.87e-06,
train,0,2.08e-06,
train,0,3.92e-06,
train,0,4.07e-06,
train,0,1.517e-05,
train,0,5.45e-06,
train,0,1.329e-05,
train,0,1.65e-06,
train,0,1.066e-05,
train,0,1.43e-06,
train,0,3.63e-06,
train,0,5.4e-07,
train,0,0.00681736,
train,0,1.227e-05,
train,0,3.75e-06,
train,0,3.24e-06,
train,0,4.7e-07,
train,0,8.28e-06,
train,0,2.94e-06,
train,0,5.95e-06,
train,0,6.4e-07,
train,0,2.11e-05,
train,0,4.28e-06,
train,0,9.1e-07,
train,0,1.71e-06,
train,0,1.063e-05,
train,0,2.65e-06,
train,0,1.63e-06,
train,0,5.33e-06,
train,0,4.12e-06,
train,0,1.879e-05,
train,0,1.603e-05,
train,1,0.99875212,
train,0,1.45e-05,
train,0,7.85e-06,
train,0,1.88e-06,
train,0,1.04e-06,
train,0,2.9e-07,
train,0,6.2e-07,
train,0,5.3e-06,
train,0,2.96e-06,
train,0,1.213e-05,
train,0,1.401e-05,
train,0,2.342e-05,
train,0,1.26e-06,
train,0,8.2e-07,
train,0,6.6e-07,
train,0,1.4e-06,
train,0,3.28e-06,
train,0,1.9e-06,
train,0,6.41e-06,
train,0,7.09e-06,
train,0,9.1e-07,
train,0,6.6e-07,
train,0,6.09e-06,
train,0,5.89e-06,
train,0,1.99e-06,
train,0,3.2e-07,
train,0,2.2e-06,
train,0,1.53e-06,
train,0,9.05e-06,
train,0,8.6e-07,
train,0,6.61e-06,
train,0,1.16e-06,
train,0,3.39e-06,
train,0,3.81e-06,
train,0,5.3e-06,
train,0,1.422e-05,
train,0,1.15e-06,
train,0,0.00014962,
train,0,1.061e-05,
train,0,1.61e-06,
train,0,3.27e-06,
train,0,4.6e-07,
train,0,1.57e-06,
train,0,1.8e-07,
train,0,2.44e-06,
train,0,3.98e-06,
train,0,2.67e-06,
train,0,6.92e-06,
train,0,3.79e-06,
train,0,1.11e-06,
train,0,1.43e-06,
train,0,5.91e-06,
train,0,1.902e-05,
train,0,5.97e-06,
train,0,1.27e-06,
train,0,2.36e-06,
train,0,2.36e-06,
train,0,1.069e-05,
train,0,2.5e-06,
train,0,9.4e-07,
train,0,2.46e-06,
train,0,2.01e-06,
train,0,1.45e-06,
train,0,5.7e-07,
train,0,3.9e-07,
train,0,1.343e-05,
train,0,1.45e-06,
train,0,1.03e-06,
train,0,8.5e-07,
train,0,5.1e-07,
train,0,5.3e-07,
train,0,9.628e-05,
train,0,0.00307718,
train,0,2.54e-06,
train,0,2.25e-06,
train,0,7.9e-07,
train,0,1.575e-05,
train,0,2.39e-06,
train,0,5.7e-07,
train,0,1.75e-06,
train,0,2.023e-05,
train,0,0.00909054,
train,0,3.91e-06,
train,0,1.55e-06,
train,0,0.03223267,
train,0,1.31e-05,
train,0,1.85e-06,
train,0,7.14e-06,
train,0,7.5e-07,
train,0,8.4e-07,
train,0,3.34e-06,
train,0,5.04e-06,
train,0,1.41e-06,
train,0,8.47e-06,
train,0,1.06e-05,
train,0,0.00066874,
train,0,5.6e-07,
train,0,3.9e-07,
train,0,1.36e-06,
train,0,4.7e-07,
train,0,1.16e-06,
train,0,8.33e-06,
train,0,7.4e-07,
train,0,4e-06,
train,0,0.00017487,
train,0,1.3e-07,
train,0,0.00019581,
train,0,2.483e-05,
train,0,1.8e-07,
train,0,0.00017175,
train,0,1.85e-06,
train,0,1.68e-06,
train,0,1.87e-06,
train,0,2.129e-05,
train,0,3.95e-06,
train,0,1.366e-05,
train,0,3.264e-05,
train,0,3.13e-06,
train,0,7.4e-07,
train,0,5.683e-05,
train,0,0.00059483,
train,0,4.414e-05,
train,0,4.78e-06,
train,0,1.67e-06,
train,0,0.00017566,
train,0,6.7e-07,
train,0,6.2e-07,
train,0,3.77e-06,
train,0,1.1e-06,
train,0,1.36e-06,
train,0,1.294e-05,
train,0,3.17e-06,
train,0,0.0014791,
train,0,8.5e-07,
train,0,8.12e-06,
train,0,1.22e-06,
train,0,4.7e-07,
train,0,0.00043255,
train,0,7e-07,
train,0,1.38e-06,
train,0,5.97e-06,
train,0,6.07e-06,
train,0,0.00403247,
train,0,1.119e-05,
train,0,1.47e-06,
train,0,3.03e-06,
train,0,4.92e-06,
train,0,2.008e-05,
train,0,1.36e-06,
train,0,1.56e-06,
train,0,0.07526237,
train,0,1.375e-05,
train,0,1.612e-05,
train,0,1.03e-06,
train,0,7.69e-06,
train,0,3.4e-06,
train,0,1.4e-06,
train,0,2.09e-06,
train,0,4.14e-06,
train,0,1.55e-06,
train,0,7.2e-07,
train,0,9.3e-07,
train,0,7.4e-06,
train,0,3.18e-06,
train,0,4.09e-06,
train,0,1.157e-05,
train,0,1.058e-05,
train,0,2.48e-06,
train,0,1.206e-05,
train,0,2.76e-06,
train,0,5.4e-07,
train,0,1.02e-06,
train,0,6.7e-07,
train,0,4.615e-05,
train,0,1.5e-06,
train,0,1.24e-06,
train,0,3.021e-05,
train,0,5.68e-06,
train,0,3.2e-07,
train,0,7.2e-07,
train,0,2.6e-07,
train,0,3.12e-06,
train,0,1.65e-06,
train,0,1e-06,
train,0,6.4e-07,
train,0,4.73e-06,
train,0,3.19e-06,
train,0,1.048e-05,
train,0,6.2e-07,
train,0,3.9e-07,
train,0,1.448e-05,
train,0,3.59e-06,
train,0,9.3e-07,
train,0,9.5e-07,
train,1,0.99426641,
train,0,7.66e-06,
train,0,1.6e-06,
train,0,1.51e-06,
train,0,1.12e-06,
train,0,1.34e-06,
train,0,2.93e-06,
train,0,8.02e-06,
train,0,4.73e-06,
train,0,2.78e-06,
train,0,4.001e-05,
train,0,2.24e-06,
train,0,2.467e-05,
train,0,4.061e-05,
train,0,1.32e-06,
train,0,6.3e-07,
train,0,1.301e-05,
train,0,7.7e-07,
train,0,1.129e-05,
train,0,3.01e-06,
train,0,5.5e-07,
train,0,1.561e-05,
train,0,0.00054975,
train,0,8.542e-05,
train,0,2.1e-06,
train,0,7.096e-05,
train,0,4.14e-06,
train,0,0.0003367,
train,0,2.01e-06,
train,0,1.773e-05,
train,0,2.54e-06,
train,0,1.055e-05,
train,0,5.09e-06,
train,0,1e-06,
train,0,7.73e-06,
train,0,1.425e-05,
train,0,1.45e-06,
train,0,6.79e-06,
train,0,7.3e-07,
train,0,4.747e-05,
train,0,3.457e-05,
train,0,1.599e-05,
train,0,1.79e-06,
train,0,6.115e-05,
train,0,6.15e-06,
train,0,1.54e-06,
train,1,0.99939551,
train,0,3.6e-07,
train,0,5.62e-06,
train,0,4.37e-06,
train,0,4.91e-06,
train,0,2.61e-06,
train,0,8.85e-06,
train,0,2.24e-06,
train,0,2.84e-06,
train,0,3.537e-05,
train,0,2.235e-05,
train,0,1.515e-05,
train,0,7.2e-07,
train,0,1.03e-06,
train,0,9.8e-07,
train,0,6.06e-06,
train,0,2.4e-06,
train,0,3.13e-06,
train,0,0.00019467,
train,0,1.69e-06,
train,0,8e-07,
train,0,1.17e-06,
train,1,0.99966461,
train,0,2.33e-06,
train,0,1.62e-06,
train,0,0.00012657,
train,0,1.12e-06,
train,0,2.17e-06,
train,0,5.27e-06,
train,0,2.01e-06,
train,0,2.43e-06,
train,0,1.56e-06,
train,0,0.00019701,
train,0,1.141e-05,
train,0,7.9e-07,
train,0,1.37e-06,
train,0,1.91e-06,
train,0,6.045e-05,
train,0,2.408e-05,
train,0,2.34e-05,
train,0,5.2e-07,
train,0,1.493e-05,
train,0,6.4e-07,
train,0,3.11e-06,
train,0,1.62e-06,
train,0,3.795e-05,
train,0,8.9e-07,
train,0,0.00013047,
train,0,4.1e-07,
train,0,1.61e-06,
train,0,0.00046581,
train,0,4.5e-06,
train,0,1.9e-06,
train,0,1.344e-05,
train,0,4.29e-06,
train,0,9.51e-06,
train,0,0.00040802,
train,0,6.81e-06,
train,0,1.626e-05,
train,0,8.88e-06,
train,0,8.5e-07,
train,0,0.00030532,
train,0,8.72e-06,
train,0,5.7e-07,
train,0,7.43e-06,
train,0,1.299e-05,
train,0,0.00020486,
train,0,4.2e-07,
train,0,1.62e-06,
train,0,3.22e-06,
train,1,0.99911378,
train,0,2.8e-06,
train,0,2.66e-06,
train,0,0.00015622,
train,0,0.00035441,
train,1,0.99989971,
train,0,5.19e-06,
train,0,1.825e-05,
train,0,1.03e-05,
train,0,6.6e-07,
train,0,1.36e-06,
train,0,7.24e-06,
train,0,4.21e-06,
train,1,0.99993819,
train,0,1.17e-06,
train,0,3.3e-06,
train,0,2.16e-06,
train,0,2.814e-05,
train,0,3.483e-05,
train,0,5.54e-06,
train,0,3.83e-06,
train,0,3.4e-07,
train,0,2.306e-05,
train,0,0.63436723,
train,0,7.1e-07,
train,0,5.88e-06,
train,0,2.81e-06,
train,0,6.3e-07,
train,0,1.58e-06,
train,0,1.359e-05,
train,0,3.219e-05,
train,0,1.51e-06,
train,0,1.43e-06,
train,0,7.17e-06,
train,0,1e-06,
train,0,3.89e-06,
train,0,8.3e-07,
train,0,1.452e-05,
train,0,4.94e-06,
train,0,1.761e-05,
train,0,2.45e-06,
train,0,4.87e-06,
train,0,6.37e-06,
train,0,9.2e-06,
train,0,1.274e-05,
train,0,2.59e-06,
train,0,4.37e-06,
train,0,5.28e-06,
train,0,3.41e-06,
train,0,2.15e-06,
train,0,5.8e-07,
train,0,2.455e-05,
train,0,1.09e-06,
train,0,2.22e-06,
train,0,7.15e-06,
train,0,3.397e-05,
train,0,1.614e-05,
train,0,1.062e-05,
train,0,2.85e-06,
train,0,1.155e-05,
train,0,6.39e-06,
train,0,3.52e-06,
train,0,8.1e-07,
train,0,3.35e-06,
train,0,2.252e-05,
train,0,1.256e-05,
train,0,1.16e-06,
train,0,1.48e-06,
train,0,7.9e-07,
train,0,8.2e-07,
train,0,5.45e-06,
train,0,1.515e-05,
train,0,2.71e-06,
train,0,1.76e-06,
train,0,1.54e-06,
train,0,3.67e-06,
train,0,1.55e-06,
train,0,2.51e-06,
train,0,1.37e-06,
train,0,2.58e-06,
train,0,2.171e-05,
train,0,7.63e-06,
train,0,5.68e-06,
train,0,1.479e-05,
train,0,2.47e-06,
train,0,2.55e-06,
train,0,7.7e-07,
train,0,2.02e-06,
train,0,2.31e-06,
train,0,7.19e-06,
train,0,2.42e-06,
train,0,3.9e-07,
train,0,5.6e-07,
train,0,4.08e-06,
train,0,1.75e-06,
train,0,1.65e-06,
train,0,1.36e-06,
train,0,7.45e-06,
train,0,2.61e-06,
train,0,2.547e-05,
train,0,2.85e-06,
train,0,6.65e-06,
train,0,2.13e-06,
train,0,1.343e-05,
train,0,2.15e-06,
train,0,3.175e-05,
train,0,5.63e-06,
train,0,4.33e-06,
train,0,2.74e-06,
train,0,9.7e-07,
train,0,1.71e-06,
train,0,5.08e-06,
train,0,1.27e-06,
train,0,9.65e-06,
train,0,3.69e-06,
train,0,4e-07,
train,0,9.5e-07,
train,0,1.76e-06,
train,0,2.06e-06,
train,0,5.7e-07,
train,0,2.1e-06,
train,0,1.13e-06,
train,0,7.1e-07,
train,0,4.1e-07,
train,0,9.18e-06,
train,0,8.9e-07,
train,0,5.7e-07,
train,0,1.978e-05,
train,0,2.7e-07,
train,0,1.2e-06,
train,0,9.4e-07,
train,0,1.01e-06,
train,0,1.12e-06,
train,0,5.91e-06,
train,0,6.4e-07,
train,0,1.6e-07,
train,0,2.68e-06,
train,0,2.95e-06,
train,0,2.06e-06,
train,0,5.1e-07,
train,0,3.3e-07,
train,0,9.7e-07,
train,0,4.486e-05,
train,0,6.5e-07,
train,0,2.04e-05,
train,0,4.8e-07,
train,0,9e-07,
train,0,1.82e-06,
train,0,1.74e-06,
train,0,2.49e-06,
train,0,5.4e-07,
train,0,2.07e-06,
train,0,1.132e-05,
train,0,0.00076697,
train,0,6.1e-07,
train,0,1.32e-06,
train,0,1.8e-06,
train,0,7.3e-07,
train,0,2.67e-06,
train,0,4.5e-07,
train,0,6.85e-06,
train,0,5.4e-07,
train,0,7.16e-06,
train,0,2.15e-06,
train,0,1.56e-06,
train,0,8e-07,
train,0,1.35e-06,
train,0,2.35e-06,
train,0,9.3e-07,
train,0,1.84e-06,
train,0,1.26e-06,
train,0,3.01e-06,
train,0,1.55e-06,
train,0,5e-07,
train,0,2.457e-05,
train,0,9.6e-07,
train,0,2.2e-07,
train,0,4.76e-06,
train,0,2.35e-06,
train,0,1.451e-05,
train,0,3.54e-06,
train,0,8.7e-07,
train,0,0.0010728,
train,0,0.00012838,
train,0,3.72e-06,
train,0,3.96e-06,
train,0,4.7e-06,
train,0,1.62e-06,
train,0,3.4e-07,
train,0,2.01e-06,
train,0,4.15e-06,
train,0,1.01e-06,
train,0,5.04e-06,
train,0,1.95e-06,
train,0,0.00010937,
train,0,1.59e-06,
train,0,1.86e-06,
train,0,3.02e-06,
train,0,1.83e-06,
train,0,1.61e-05,
train,0,4.53e-06,
train,0,0.00012859,
train,0,1.552e-05,
train,0,2.2e-06,
train,0,2.94e-06,
train,0,4.07e-06,
train,0,3.16e-06,
train,0,1.41e-06,
train,0,4.347e-05,
train,0,5.76e-06,
train,0,3.67e-06,
train,0,8.61e-06,
train,0,1.42e-06,
train,0,1.413e-05,
train,0,4.5e-07,
train,0,9.16e-06,
train,0,0.00091338,
train,0,1.78e-06,
train,0,9.05e-06,
train,0,1.369e-05,
train,0,6.2e-07,
train,0,3.05e-06,
train,0,5.71e-06,
train,0,4.06e-06,
train,0,3.2e-07,
train,0,1.59e-06,
train,0,6.294e-05,
train,0,9.7e-07,
train,0,1.304e-05,
train,0,1.008e-05,
train,0,5e-06,
train,0,1.183e-05,
train,0,2.65e-06,
train,0,8.7e-07,
train,0,1.4e-07,
train,0,9.527e-05,
train,0,1.41e-06,
train,0,4.17e-06,
train,0,5.102e-05,
train,0,3.09e-06,
train,0,7.29e-06,
train,0,1.431e-05,
train,0,5.61e-06,
train,0,3.18e-06,
train,0,1.063e-05,
train,0,3.8e-07,
train,0,9e-06,
train,0,0.00019468,
train,0,9.4e-07,
train,0,3.7e-07,
train,0,1.28e-06,
train,0,1.262e-05,
train,0,8.31e-06,
train,0,2.57e-06,
train,0,1.32e-06,
train,0,3.08e-06,
train,0,8.6e-07,
train,0,1.47e-06,
train,0,5.34e-06,
train,0,4.07e-06,
train,0,5.6e-07,
train,0,1.48e-06,
train,0,2.61e-06,
train,0,0.00016541,
train,0,2.89e-06,
train,0,3.13e-06,
train,0,0.68473539,
train,0,0.01263157,
train,0,6.13e-06,
train,0,7.19e-06,
train,0,6.51e-06,
train,0,3.27e-06,
train,0,1.25e-06,
train,0,0.00069704,
train,0,3.42e-06,
train,0,9.07e-06,
train,0,1.07e-06,
train,1,0.99864051,
train,0,1.551e-05,
train,0,5.6e-07,
train,0,2.1e-06,
train,0,5.14e-06,
train,0,6.505e-05,
train,0,8.06e-06,
train,0,0.00028565,
train,0,7.2e-07,
train,0,8e-07,
train,0,2.3e-06,
train,0,1.764e-05,
train,0,2.4e-06,
train,0,1.94e-06,
train,0,3.82e-06,
train,0,7.59e-06,
train,0,6.132e-05,
train,0,1.74e-06,
train,0,6.91e-06,
train,0,0.19741302,
train,0,0.0004492,
train,0,9.6e-07,
train,0,7.28e-06,
train,0,2.169e-05,
train,0,1.41e-06,
train,0,1.89e-06,
train,0,8.44e-06,
train,0,2.7e-07,
train,0,3.4e-06,
train,0,1.15e-05,
train,0,2.187e-05,
train,0,1.142e-05,
train,0,2.64e-06,
train,0,0.00019326,
train,0,6.7e-07,
train,0,0.00055623,
train,0,5.16e-06,
train,0,1.71e-06,
train,0,1.413e-05,
train,0,2.58e-06,
train,0,2.67e-06,
train,0,8.64e-06,
train,0,1.27e-06,
train,0,6.85e-06,
train,0,5.09e-06,
train,0,2.12e-06,
train,0,6.24e-06,
train,0,2.77e-06,
train,0,4.62e-06,
train,0,4.1e-07,
train,0,2.17e-06,
train,0,9.05e-06,
train,0,1.01e-05,
train,0,3.21e-06,
train,0,1.148e-05,
train,0,2.89e-06,
train,0,4.77e-06,
train,0,2.19e-06,
train,0,2.53e-06,
train,0,1.45e-06,
train,0,3.54e-06,
train,0,7.81e-06,
train,0,6.155e-05,
train,0,5.978e-05,
train,0,2.236e-05,
train,0,1.277e-05,
train,0,8.6e-07,
train,0,5.2e-06,
train,0,6.8e-07,
train,0,9.293e-05,
train,0,0.00048809,
train,0,1.15e-06,
train,0,8.19e-06,
train,0,4.73e-06,
train,0,6.47e-06,
train,0,1.7e-06,
train,0,7.8e-07,
train,0,1.335e-05,
train,0,8.9e-07,
train,0,8.7e-07,
train,0,7.6e-07,
train,0,5.8e-07,
train,0,2.45e-06,
train,0,9.6e-07,
train,0,2.59e-06,
train,0,2.49e-06,
train,0,5.96e-06,
train,0,1.48e-06,
train,0,2.5e-06,
train,0,9.3e-07,
train,0,9.1e-07,
train,0,2.795e-05,
train,0,3.34e-06,
train,0,2.23e-05,
train,0,1.09e-05,
train,0,1.01e-06,
train,0,9.8e-07,
train,0,3.43e-06,
train,0,2.14e-06,
train,0,4.23e-06,
train,0,1.841e-05,
train,0,4.19e-06,
train,0,1.96e-06,
train,0,2.428e-05,
train,0,2.22e-06,
train,0,1.98e-06,
train,0,7.14e-06,
train,0,3.45e-06,
train,0,3.99e-06,
train,0,2.47e-06,
train,0,3e-07,
train,0,9.64e-06,
train,0,6.01e-06,
train,0,5.44e-06,
train,0,2.67e-06,
train,0,1.014e-05,
train,0,2.132e-05,
train,0,9e-07,
train,0,9.86e-06,
train,0,4.68e-06,
train,0,0.00217518,
train,0,1.71e-06,
train,0,1.23e-06,
train,0,5.54e-06,
train,0,2.34e-06,
train,0,1.27e-06,
train,0,1.5e-06,
train,0,2.7e-06,
train,0,7.8e-07,
train,0,1.62e-06,
train,0,3.26e-06,
train,0,2.34e-06,
train,0,5.42e-06,
train,0,1.16e-06,
train,0,9.72e-06,
train,0,3.8e-07,
train,0,2.14e-06,
train,0,1.4e-06,
train,0,8e-07,
train,0,3.5e-07,
train,0,5.1e-07,
train,0,8.9e-07,
train,0,2.66e-06,
train,0,9.5e-07,
train,0,3e-07,
train,0,4.7e-07,
train,0,4.4e-07,
train,0,3.3e-07,
train,0,6.8e-07,
train,0,1.55e-06,
train,0,9.1e-07,
train,0,1.06e-06,
train,0,2.42e-06,
train,0,5e-07,
train,0,3.8e-07,
train,0,8.55e-06,
train,0,6.1e-07,
train,0,2.04e-06,
train,0,4.5e-07,
train,0,3.6e-07,
train,0,0.00249726,
train,0,8.7e-07,
train,0,1.02e-06,
train,0,1.57e-06,
train,0,5.2e-07,
train,0,4.77e-06,
train,0,1.934e-05,
train,0,2.3e-07,
train,0,5.8e-07,
train,0,4.5e-07,
train,0,1.63e-06,
train,0,0.00035433,
train,0,5.7e-07,
train,0,1.273e-05,
train,1,0.9993463,
train,0,1.67e-06,
train,0,4.3e-07,
train,0,1.18e-06,
train,0,1.09e-06,
train,0,7e-07,
train,0,1.02e-06,
train,0,8.38e-06,
train,0,9.6e-07,
train,0,0.00030708,
train,0,3.9e-07,
train,0,1.43e-06,
train,0,4.21e-06,
train,0,4.87e-06,
train,0,2.8e-06,
train,0,7.4e-06,
train,0,3.16e-06,
train,0,6.8e-07,
train,0,7.1e-07,
train,0,4e-06,
train,0,7.2e-07,
train,0,5.2e-06,
train,0,3.3e-07,
train,0,1.12e-06,
train,0,8.9e-07,
train,0,9.07e-06,
train,0,3.23e-06,
train,0,1.89e-06,
train,0,3.22e-06,
train,0,2.1e-06,
train,0,1.036e-05,
train,0,4.2e-07,
train,0,9.6e-07,
train,0,6.248e-05,
train,0,2.3e-07,
train,0,3.05e-06,
train,0,4.65e-06,
train,0,9.4e-07,
train,0,3.99e-06,
train,0,1.309e-05,
train,0,1.54e-06,
train,0,1.77e-06,
train,0,2.22e-06,
train,0,4.8e-07,
train,0,1.135e-05,
train,0,4.2e-07,
train,0,4e-07,
train,0,6.3e-07,
train,0,2.79e-06,
train,0,5.86e-06,
train,0,1.09e-06,
train,0,1.929e-05,
train,0,4.01e-06,
train,0,2.64e-06,
train,0,1.58e-06,
train,0,8.3e-07,
train,0,1.14e-06,
train,0,1.823e-05,
train,0,6.91e-06,
train,0,1.66e-06,
train,0,1.399e-05,
train,0,3.32e-06,
train,0,1.84e-06,
train,0,2.09e-06,
train,1,0.99892036,
train,0,8.67e-06,
train,0,4.39e-06,
train,0,7.11e-06,
train,0,3.34e-06,
train,0,4.56e-06,
train,0,2.27e-06,
train,0,6.8e-07,
train,0,3.21e-06,
train,0,9.59e-06,
train,0,9.19e-06,
train,0,1.55e-05,
train,0,1.86e-06,
train,0,2.68e-06,
train,0,5.97e-06,
train,0,6.05e-06,
train,0,6.82e-06,
train,0,2.96e-06,
train,0,5.89e-06,
train,0,9e-07,
train,0,1.341e-05,
train,0,3.92e-06,
train,0,1.67e-06,
train,0,3.051e-05,
train,0,1.464e-05,
train,0,7.16e-06,
train,0,3.6e-06,
train,0,2.17e-06,
train,0,3.68e-06,
train,0,9.9e-07,
train,0,2.4e-06,
train,0,1.59e-06,
train,0,6.57e-06,
train,0,5.93e-06,
train,0,1.42e-06,
train,0,2.77e-06,
train,0,2.18e-06,
train,0,2.172e-05,
train,0,1.91e-06,
train,0,3.402e-05,
train,0,1.048e-05,
train,0,0.00034033,
train,0,2.32e-06,
train,0,4.11e-06,
train,0,7e-07,
train,0,2.471e-05,
train,0,2.956e-05,
train,0,2.2e-07,
train,0,1e-06,
train,0,7.58e-06,
train,0,1.23e-06,
train,0,2.12e-05,
train,0,5e-07,
train,0,1.331e-05,
train,0,4.27e-06,
train,0,2.4e-07,
train,0,1.37e-06,
train,0,0.6474654,
train,0,4.626e-05,
train,0,1.03e-06,
train,0,2.41e-06,
train,0,1.21e-06,
train,0,3.721e-05,
train,0,8.64e-06,
train,0,4.35e-06,
train,0,2.11e-06,
train,0,1.03e-06,
train,0,1.44e-06,
train,0,1.26e-06,
train,0,4.87e-06,
train,0,9.6e-07,
train,0,4.11e-06,
train,0,7.7e-07,
train,0,2.45e-06,
train,0,1.768e-05,
train,0,3.6e-07,
train,0,4.3e-07,
train,0,0.00033808,
train,0,1.59e-06,
train,0,3.3e-07,
train,0,2.711e-05,
train,0,2.35e-06,
train,0,2.02e-06,
train,0,2.903e-05,
train,0,2.58e-06,
train,0,3.54e-06,
train,0,9.32e-06,
train,0,5.67e-06,
train,0,6.743e-05,
train,0,3.709e-05,
train,0,4.06e-06,
train,0,1.06e-06,
train,0,5.75e-06,
train,0,8.9e-07,
train,0,9.2e-07,
train,0,6.768e-05,
train,0,4.19e-06,
train,0,2.55e-06,
train,0,3.2e-06,
train,0,6.2e-06,
train,0,1.65e-06,
train,0,9.53e-06,
train,0,4.5e-06,
train,0,8.52e-06,
train,0,1.74e-06,
train,0,7.09e-06,
train,0,0.00010035,
train,0,6.62e-06,
train,0,1.58e-06,
train,0,1.14e-06,
train,0,1.43e-06,
train,0,3.2e-07,
train,0,2.774e-05,
train,0,6.79e-06,
train,0,4.45e-06,
train,0,8.8e-07,
train,0,3.15e-06,
train,0,7.6e-07,
train,0,5.4e-07,
train,0,1.08e-06,
train,0,5.7e-07,
train,0,1.43e-06,
train,0,2.13e-06,
train,0,4.1e-07,
train,0,2.52e-06,
train,0,5.4e-07,
train,0,2.87e-06,
train,0,2.2e-07,
train,0,2.69e-06,
train,0,4e-07,
train,0,6.2e-07,
train,0,3.9e-07,
train,0,3.08e-06,
train,0,3.3e-06,
train,0,3.29e-06,
train,0,3.739e-05,
train,0,2.31e-06,
train,0,4.2e-07,
train,0,7.3e-07,
train,0,2.8e-07,
train,0,3.8e-07,
train,0,3e-06,
train,0,1.04e-06,
train,0,2.87e-06,
train,0,1.73e-06,
train,0,1.38e-06,
train,0,2.806e-05,
train,0,3.6e-06,
train,0,1.768e-05,
train,0,2.86e-06,
train,0,4.3e-07,
train,0,6.439e-05,
train,0,2.25e-05,
train,0,4.687e-05,
train,0,7.5e-07,
train,0,9.13e-06,
train,0,4.09e-06,
train,0,9.4e-07,
train,0,2.1e-06,
train,0,0.00026856,
train,0,6.15e-06,
train,0,1.32e-06,
train,0,4.58e-06,
train,0,0.00011592,
train,0,7.1e-07,
train,0,0.00012055,
train,0,0.00016176,
train,0,3.59e-06,
train,0,2.5e-07,
train,0,5.8e-07,
train,0,2.15e-06,
train,0,3.67e-06,
train,0,2.469e-05,
train,0,3.69e-06,
train,0,1.04e-06,
train,0,1.12e-06,
train,0,6.24e-06,
train,0,1.42e-06,
train,0,5.9e-06,
train,0,1.37e-06,
train,0,1.8e-06,
train,0,9.8e-07,
train,0,2.31e-06,
train,0,4.12e-06,
train,0,8.72e-06,
train,0,1.714e-05,
train,0,5.8e-07,
train,0,7.1e-07,
train,0,5.486e-05,
train,0,4.88e-06,
train,0,5.08e-06,
train,0,6.939e-05,
train,0,1.692e-05,
train,0,4.75e-06,
train,0,7.7e-07,
train,0,2.852e-05,
train,0,2.34e-06,
train,0,6.14e-06,
train,0,6e-06,
train,0,2.22e-06,
train,0,1.484e-05,
train,0,2.02e-06,
train,0,2.22e-06,
train,0,6.25e-06,
train,0,6.39e-06,
train,0,1.07e-06,
train,0,0.0007056,
train,0,4.79e-06,
train,0,5.97e-06,
train,0,2.17e-06,
train,0,1.423e-05,
train,0,0.00010458,
train,0,5.09e-06,
train,0,1.04e-06,
train,0,3.85e-06,
train,0,6.432e-05,
train,0,1.69e-06,
train,1,0.9997465,
train,0,9.98e-06,
train,0,4.67e-06,
train,0,0.00051076,
train,0,6.2e-07,
train,0,1.56e-06,
train,0,0.00431258,
train,0,3.34e-06,
train,0,3.67e-06,
train,0,4.592e-05,
train,0,1.43e-06,
train,0,3.61e-06,
train,0,3.1e-07,
train,0,9.9e-07,
train,0,3.037e-05,
train,0,3.3e-06,
train,0,0.0001129,
train,0,1.24e-06,
train,0,1.81e-06,
train,0,2.9e-07,
train,0,1.441e-05,
train,0,9.85e-06,
train,0,7.87e-06,
train,0,1.9e-07,
train,0,1.33e-05,
train,0,6.86e-06,
train,0,0.00017662,
train,0,6.3e-07,
train,0,4.11e-06,
train,0,6.21e-06,
train,0,1.43e-06,
train,0,2.84e-06,
train,0,5.4e-07,
train,0,3.12e-06,
train,0,1.35e-06,
train,0,0.00016553,
train,0,3.68e-06,
train,0,6.746e-05,
train,0,9.6e-07,
train,1,0.99647886,
train,0,2.73e-06,
train,0,1.58e-06,
train,1,0.99906442,
train,0,1.72e-06,
train,0,6.21e-06,
train,0,1.23e-06,
train,0,6.3e-07,
train,0,2.21e-05,
train,0,1.3e-05,
train,0,9.23e-06,
train,0,0.00173316,
train,0,2.03e-06,
train,0,7.23e-06,
train,0,1.345e-05,
train,0,1.17e-06,
train,0,1.2e-06,
train,0,1e-06,
train,0,1.088e-05,
train,0,3.08e-06,
train,0,1.06e-06,
train,0,2.72e-06,
train,0,3.91e-06,
train,0,5.87e-06,
train,0,3.1e-06,
train,0,3.72e-06,
train,0,1.83e-06,
train,0,1.83e-06,
train,0,3.996e-05,
train,0,8.7e-07,
train,0,4.23e-06,
train,0,5.795e-05,
train,0,6.44e-06,
train,0,2.53e-06,
train,0,1.073e-05,
train,0,1.91e-06,
train,0,5.28e-06,
train,0,1.19e-06,
train,0,1.01e-06,
train,0,9.35e-06,
train,0,3.512e-05,
train,0,7.34e-06,
train,0,3.87e-06,
train,0,6.64e-06,
train,0,7.56e-06,
train,0,3.1e-06,
train,0,4.97e-06,
train,0,6e-06,
train,0,6.95e-06,
train,0,6.79e-06,
train,0,5.974e-05,
train,0,1.18e-06,
train,0,5.65e-06,
train,0,0.00013224,
train,0,9e-07,
train,0,4.42e-06,
train,0,2.737e-05,
train,0,2.07e-05,
train,0,1.61e-06,
train,0,3.27e-06,
train,0,0.00016626,
train,0,8.3e-07,
train,0,1.07e-06,
train,0,1.6e-06,
train,0,2.76e-06,
train,0,1.41e-06,
train,0,4.066e-05,
train,0,2.51e-06,
train,0,2.24e-06,
train,0,2.39e-06,
train,0,6.9e-07,
train,0,7.5e-07,
train,0,8.44e-06,
train,0,3.05e-06,
train,0,9e-07,
train,0,4.4e-06,
train,0,2.243e-05,
train,0,3.968e-05,
train,0,5.52e-06,
train,0,3.649e-05,
train,0,3.323e-05,
train,0,4.3e-06,
train,0,2.2e-07,
train,0,0.00046096,
train,0,0.00033722,
train,0,8e-07,
train,0,1.454e-05,
train,0,8.11e-06,
train,0,4.534e-05,
train,0,6.96e-06,
train,0,3.6e-06,
train,0,4.2e-07,
train,0,1.618e-05,
train,0,6e-06,
train,0,5.6e-07,
train,0,4.01e-06,
train,0,3.52e-06,
train,0,6.39e-06,
train,0,5.18e-06,
train,0,5.28e-06,
train,0,2.95e-06,
train,0,4.47e-06,
train,0,1.06e-06,
train,0,8.2e-07,
train,0,0.00125393,
train,0,4.87e-06,
train,0,2.1e-07,
train,0,4.47e-06,
train,0,5.25e-06,
train,0,2.327e-05,
train,0,2.44e-06,
train,0,1.4e-06,
train,0,7.3e-07,
train,0,1.25e-06,
train,0,5.4e-07,
train,0,5.62e-06,
train,0,8.1e-07,
train,0,1.22e-06,
train,0,2.18e-05,
train,0,9.6e-07,
train,0,1.36e-06,
train,0,2.18e-06,
train,0,2.14e-05,
train,0,2.011e-05,
train,0,1.723e-05,
train,0,5.6e-06,
train,0,2.577e-05,
train,0,3.39e-06,
train,0,1.49e-06,
train,0,3.45e-06,
train,0,3.615e-05,
train,0,7.51e-06,
train,0,5.03e-06,
train,0,5.16e-06,
train,0,0.3666825,
train,0,1.034e-05,
train,0,1.854e-05,
train,0,1.48e-06,
train,0,2.3e-07,
train,0,1.86e-06,
train,0,5.58e-06,
train,0,1.71e-06,
train,0,3.889e-05,
train,0,5.23e-06,
train,0,3.73e-06,
train,0,2.35e-06,
train,0,2.321e-05,
train,0,3.2e-06,
train,0,4.47e-06,
train,0,8.03e-06,
train,0,1.83e-06,
train,0,9.1e-07,
train,0,8.5e-07,
train,0,1.02e-06,
train,0,1.12e-06,
train,0,3.7e-07,
train,0,2.73e-06,
train,0,8.7e-07,
train,0,1.07e-06,
train,0,1.93e-06,
train,0,1.09e-06,
train,0,1.562e-05,
train,0,1.42e-06,
train,0,9.1e-07,
train,0,2.4e-07,
train,0,3.88e-06,
train,0,1.329e-05,
train,0,5.6e-07,
train,0,6.5e-07,
train,0,1.04e-06,
train,0,4.42e-06,
train,0,2.247e-05,
train,0,1.25e-06,
train,0,5.2e-07,
train,0,1.82e-06,
train,0,1.551e-05,
train,0,1.07e-06,
train,0,1.81e-06,
train,0,4.6e-07,
train,0,7.4e-07,
train,0,9.1e-07,
train,0,2.7e-07,
train,0,2.297e-05,
train,0,6.7e-07,
train,0,2.5e-07,
train,0,5.3e-07,
train,0,1.77e-06,
train,0,6.52e-06,
train,0,2.9e-07,
train,0,6.5e-07,
train,0,4e-07,
train,0,7.2e-07,
train,0,3.1e-07,
train,0,7.1e-07,
train,0,3.48e-06,
train,0,1.19e-06,
train,0,8.8e-07,
train,0,1.38e-06,
train,0,3.6e-07,
train,0,7.5e-06,
train,0,9.3e-07,
train,0,1.1e-06,
train,0,1.15e-06,
train,0,4.4e-07,
train,0,1.04e-06,
train,0,2.5e-07,
train,0,3.13e-06,
train,0,3.5e-07,
train,0,3.21e-06,
train,0,4.67e-06,
train,0,5.85e-06,
train,0,5.47e-06,
train,0,1.34e-06,
train,0,2.07e-06,
train,0,6.32e-06,
train,0,6.52e-06,
train,0,4.22e-06,
train,0,2.011e-05,
train,0,9.7e-07,
train,0,4.56e-06,
train,0,8.5e-06,
train,0,5.8e-07,
train,0,1.76e-06,
train,0,3.8e-07,
train,0,6.7e-07,
train,0,6.49e-06,
train,0,6.76e-06,
train,0,5.47e-06,
train,0,3.38e-06,
train,0,3.2e-07,
train,0,3.1e-07,
train,0,1.02e-06,
train,0,2.02e-06,
train,0,2.44e-06,
train,0,2.47e-06,
train,0,1.75e-06,
train,0,5.9e-07,
train,0,4.72e-06,
train,0,5e-06,
train,0,1.49e-06,
train,0,7.66e-06,
train,0,1.57e-06,
train,0,2.27e-06,
train,0,1.36e-05,
train,0,7.7e-07,
train,0,1.372e-05,
train,0,9e-07,
train,0,4.32e-06,
train,0,1.59e-06,
train,0,1.12e-06,
train,0,2.64e-06,
train,0,9.9e-07,
train,0,4.5e-07,
train,0,1.07e-06,
train,0,9.92e-06,
train,0,7.68e-06,
train,0,2.108e-05,
train,0,1.26e-06,
train,0,9.5e-07,
train,0,1.15e-06,
train,0,3.06e-06,
train,0,4.831e-05,
train,0,8.1e-07,
train,0,1.01e-06,
train,0,1.8e-06,
train,0,1.415e-05,
train,0,4.296e-05,
train,0,4.1e-07,
train,0,7.4e-07,
train,0,3.6e-07,
train,0,5.6e-07,
train,0,9.5e-07,
train,0,6e-07,
train,0,1.498e-05,
train,0,1.13e-05,
train,0,0.00306172,
train,0,2.42e-06,
train,0,1.85e-06,
train,0,2.46e-06,
train,0,1.13e-06,
train,0,1.24e-06,
train,0,4.5e-07,
train,0,2.326e-05,
train,0,1.686e-05,
train,0,9.2e-07,
train,0,7.1e-07,
train,0,6.15e-06,
train,0,3.8e-06,
train,0,9.6e-07,
train,0,7.8e-07,
train,0,4.387e-05,
train,0,9.86e-06,
train,0,2.18e-06,
train,0,2.71e-06,
train,0,6.5e-07,
train,0,7.75e-06,
train,0,1.01e-06,
train,0,9.8e-07,
train,0,3.8e-07,
train,0,1.15e-06,
train,1,0.99909635,
train,0,3.05e-06,
train,0,7.6e-07,
train,0,1.49e-06,
train,0,1.424e-05,
train,0,1.91e-06,
train,0,1.44e-06,
train,0,1.04e-06,
train,0,6.7e-07,
train,0,8.2e-07,
train,0,2.08e-06,
train,0,1.39e-06,
train,0,3.59e-06,
train,0,4.73e-06,
train,0,1.005e-05,
train,0,1.79e-06,
train,0,2e-06,
train,0,6.51e-06,
train,0,0.00020829,
train,0,7.14e-06,
train,0,5.3e-07,
train,0,6.85e-06,
train,0,1.32e-06,
train,0,0.00035027,
train,0,6.12e-06,
train,0,4.525e-05,
train,0,1.51e-06,
train,0,2.25e-06,
train,0,1.75e-06,
train,0,3.6e-07,
train,0,3.582e-05,
train,0,9e-07,
train,0,1.24e-06,
train,0,7.95e-06,
train,0,2.95e-06,
train,0,4.9e-07,
train,0,9.5e-07,
train,0,9.074e-05,
train,0,1.965e-05,
train,0,9.71e-06,
train,0,2.9e-07,
train,0,0.00010912,
train,0,2.435e-05,
train,0,2.52e-06,
train,0,1.83e-06,
train,0,8.37e-06,
train,0,1.591e-05,
train,0,5.723e-05,
train,0,2.599e-05,
train,0,4.91e-06,
train,0,1.08e-06,
train,0,1.14e-06,
train,0,2.41e-06,
train,0,6.69e-06,
train,0,0.00012096,
train,0,2.46e-06,
train,1,0.99921731,
train,0,6.1e-07,
train,0,3.6e-06,
train,0,4.15e-06,
train,0,4.25e-06,
train,0,8.4e-07,
train,0,7.273e-05,
train,0,1.79e-06,
train,0,4.78e-06,
train,0,2.12e-06,
train,0,3.03e-06,
train,0,9.9e-06,
train,0,1.22e-06,
train,0,1.717e-05,
train,0,6.78e-06,
train,0,1.07e-06,
train,0,0.00015407,
train,1,0.99906869,
train,0,1.01e-06,
train,0,7.13e-06,
train,0,1.183e-05,
train,0,2.06e-06,
train,0,3e-07,
train,0,2.54e-05,
train,0,6.4e-07,
train,0,1.73e-06,
train,0,0.00012129,
train,0,8.5e-07,
train,0,1.39e-06,
train,0,7.9e-07,
train,0,2.9e-06,
train,0,2.43e-06,
train,0,5.31e-06,
train,0,1.21e-06,
train,0,1e-06,
train,0,1.4e-06,
train,0,5.19e-05,
train,0,2.15e-06,
train,0,8.91e-06,
train,0,6.5e-07,
train,0,4.5e-06,
train,0,3.5e-07,
train,0,7.22e-06,
train,0,3.1e-06,
train,0,9.7e-07,
train,0,8e-07,
train,0,1.88e-06,
train,0,2.41e-06,
train,0,0.00465538,
train,0,5.2e-07,
train,0,8e-07,
train,0,4.01e-06,
train,0,4.51e-06,
train,0,0.02208127,
train,0,5.47e-06,
train,0,1.42e-06,
train,0,5.3e-07,
train,0,8.8e-07,
train,0,2.004e-05,
train,0,2.573e-05,
train,0,1.751e-05,
train,0,4.6e-07,
train,0,2.1e-06,
train,0,8.8e-07,
train,0,5.64e-06,
train,0,0.00026141,
train,0,6.584e-05,
train,0,3.36e-06,
train,0,1.009e-05,
train,0,4.27e-06,
train,0,4.5e-06,
train,0,2.39e-06,
train,0,1.536e-05,
train,0,1.391e-05,
train,0,8.9e-07,
train,0,6.78e-06,
train,0,6.8e-07,
train,0,1.032e-05,
train,0,2.553e-05,
train,0,2.9e-06,
train,0,4.9e-07,
train,0,1.291e-05,
train,0,3.35e-06,
train,0,2.883e-05,
train,0,3.34e-06,
train,0,2.74e-06,
train,0,2.08e-06,
train,0,4.2e-07,
train,0,7.8e-06,
train,0,1.51e-06,
train,0,4.43e-06,
train,0,1.952e-05,
train,0,4.88e-05,
train,0,2.53e-06,
train,0,2.6e-06,
train,0,0.00014281,
train,0,9.5e-07,
train,0,4.62e-06,
train,0,1.16e-06,
train,0,2.069e-05,
train,0,1.91e-06,
train,0,6.7e-07,
train,0,1.66e-06,
train,0,3e-06,
train,0,1.273e-05,
train,0,5.58e-06,
train,0,3.28e-06,
train,0,1.72e-06,
train,0,1.44e-06,
train,0,2.06e-06,
train,0,1.48e-06,
train,0,1.188e-05,
train,0,6.8e-07,
train,0,1.14e-06,
train,0,0.00861834,
train,0,2.51e-06,
train,0,1.899e-05,
train,0,8.13e-06,
train,0,2.27e-06,
train,0,1.787e-05,
train,0,1.86e-06,
train,0,3.26e-06,
train,0,8.15e-06,
train,0,2.67e-06,
train,0,0.0003198,
train,0,1.53e-06,
train,0,2.85e-06,
train,0,2.7e-06,
train,0,2.84e-06,
train,0,3.091e-05,
train,0,1.16e-06,
train,0,1.87e-06,
train,0,2.439e-05,
train,0,1.66e-06,
train,0,1.519e-05,
train,0,2.34e-06,
train,0,2.52e-06,
train,0,1.99e-06,
train,0,5.9e-07,
train,0,1.47e-05,
train,0,5.9e-07,
train,0,2.62e-06,
train,0,4e-07,
train,0,2.77e-06,
train,0,4.6e-07,
train,0,4.4e-07,
train,0,7.6e-07,
train,0,5.91e-06,
train,0,6.67e-06,
train,0,3.604e-05,
train,0,2.53e-06,
train,0,9.32e-06,
train,0,3.75e-06,
train,0,1.154e-05,
train,0,1.35e-06,
train,0,1.349e-05,
train,0,4.7e-07,
train,0,1.74e-06,
train,0,2.18e-06,
train,0,2.01e-06,
train,0,1.94e-06,
train,0,1.483e-05,
train,0,7.1e-07,
train,0,2.32e-06,
train,0,1.19e-06,
train,0,2.29e-06,
train,0,2.04e-06,
train,0,1.24e-06,
train,0,1.55e-06,
train,0,4.83e-06,
train,0,1.07e-06,
train,0,3.41e-06,
train,0,3.87e-06,
train,0,9.012e-05,
train,0,6.65e-06,
train,0,1.423e-05,
train,0,1.09e-06,
train,0,1.02e-06,
train,0,8.4e-07,
train,0,8.9e-07,
train,0,4.1e-07,
train,0,3.61e-06,
train,0,1.1e-07,
train,0,2.89e-06,
train,0,7e-07,
train,0,6.29e-06,
train,0,6e-07,
train,0,4.7e-07,
train,0,3.08e-06,
train,0,2.04e-05,
train,0,4.9e-07,
train,0,5.742e-05,
train,0,7.9e-06,
train,0,1.126e-05,
train,0,0.00175892,
train,0,2.4e-07,
train,0,4.08e-06,
train,0,3.4e-07,
train,0,2.08e-06,
train,0,9e-07,
train,0,2.32e-06,
train,0,3.1e-07,
train,0,5.36e-06,
train,0,3.73e-06,
train,0,7.2e-07,
train,0,4.9e-07,
train,0,1.824e-05,
train,0,5.1e-07,
train,0,3.01e-06,
train,0,2.2e-06,
train,0,2.31e-06,
train,0,3.69e-06,
train,0,1.101e-05,
train,0,4.1e-07,
train,0,7.32e-06,
train,0,2.95e-06,
train,0,6.404e-05,
train,0,8.63e-06,
train,0,0.00021451,
train,0,5.98e-06,
train,0,1.38e-06,
train,0,5.608e-05,
train,0,2.703e-05,
train,0,0.01828716,
train,0,9.51e-06,
train,0,7.7e-07,
train,0,1.519e-05,
train,0,2.2e-07,
train,0,3.3e-07,
train,0,4.44e-06,
train,0,3.989e-05,
train,0,4.997e-05,
train,0,1.29e-06,
train,0,9.4e-07,
train,0,9.27e-06,
train,0,2.794e-05,
train,0,1.8e-07,
train,0,3.1e-07,
train,0,2.15e-06,
train,0,1.376e-05,
train,0,8.5e-07,
train,0,4.2e-07,
train,0,3e-07,
train,0,6.7e-07,
train,0,1.37e-06,
train,0,2.7e-07,
train,0,2.93e-06,
train,0,4.68e-06,
train,0,1.91e-06,
train,0,8.4e-07,
train,0,2.85e-06,
train,0,5.2e-07,
train,0,6.59e-06,
train,0,9.5e-07,
train,0,6.451e-05,
train,0,6e-07,
train,0,1.09e-06,
train,0,3.61e-06,
train,0,9.9e-07,
train,0,2.67e-06,
train,0,1.23e-06,
train,0,4.3e-06,
train,0,4.83e-06,
train,0,4.61e-06,
train,0,1.86e-06,
train,0,4.79e-06,
train,0,6.13e-06,
train,0,3.66e-06,
train,0,7.74e-06,
train,0,8.26e-06,
train,0,6.8e-06,
train,0,5.8e-06,
train,0,6.98e-06,
train,0,5.6e-07,
train,0,1.27e-06,
train,0,1.26e-06,
train,0,6.643e-05,
train,0,2.53e-06,
train,0,3.098e-05,
train,0,2.01e-06,
train,0,4.11e-06,
train,0,3e-07,
train,0,1.56e-06,
train,0,3.04e-06,
train,0,9.98e-06,
train,0,0.00010674,
train,0,5.95e-06,
train,0,1.74e-06,
train,0,5.9e-07,
train,0,2.05e-05,
train,0,5e-07,
train,0,0.00073718,
train,0,2.17e-06,
train,0,5.477e-05,
train,0,2.95e-06,
train,0,5.859e-05,
train,0,1.431e-05,
train,0,6.85e-06,
train,0,1.527e-05,
train,0,2.56e-05,
train,0,1.534e-05,
train,0,3.81e-06,
train,0,7.6e-07,
train,0,1.183e-05,
train,0,8.8e-07,
train,0,7.99e-06,
train,0,1.213e-05,
train,0,5.3e-07,
train,0,1.965e-05,
train,0,1.955e-05,
train,0,0.00011638,
train,0,1.41e-06,
train,0,1.74e-06,
train,0,1.26e-06,
train,0,3.95e-06,
train,0,2.07e-06,
train,0,4.337e-05,
train,0,3.48e-06,
train,0,2.97e-06,
train,0,6.46e-06,
train,0,1.363e-05,
train,0,1.77e-06,
train,0,1.519e-05,
train,0,4.9e-07,
train,0,5.48e-06,
train,0,1.037e-05,
train,0,1.17e-06,
train,0,8.7e-07,
train,0,2.5e-06,
train,0,7.47e-06,
train,0,2.08e-06,
train,0,4.28e-06,
train,0,7.3e-07,
train,0,1.123e-05,
train,0,1.55e-06,
train,0,1.38e-05,
train,0,1.19e-06,
train,0,7.7e-07,
train,0,4.24e-06,
train,0,4.98e-06,
train,0,2.25e-06,
train,0,9.9e-07,
train,0,8.39e-06,
train,0,2.56e-06,
train,0,3.4e-07,
train,0,4.95e-06,
train,0,1.942e-05,
train,0,0.0005585,
train,0,4.2e-07,
train,0,5e-07,
train,0,0.44622419,
train,0,4.34e-06,
train,0,9.94e-06,
train,0,6.5e-07,
train,0,7.9e-07,
train,0,1.215e-05,
train,0,8.01e-06,
train,0,3.17e-06,
train,0,0.20048733,
train,0,1.35e-06,
train,0,3.96e-06,
train,0,2.06e-06,
train,0,0.00012208,
train,0,3.9e-07,
train,0,0.00534415,
train,0,3.42e-06,
train,0,3.9e-07,
train,0,4.314e-05,
train,0,1.05e-06,
train,0,3.64e-06,
train,0,2.736e-05,
train,0,6e-06,
train,0,6.89e-06,
train,0,4.21e-06,
train,0,1.976e-05,
train,0,1.1e-06,
train,0,6.8e-07,
train,0,5.26e-06,
train,0,3.26e-06,
train,0,1.94e-06,
train,0,2.81e-06,
train,0,8e-07,
train,0,2.3e-06,
train,0,2.768e-05,
train,0,0.00011719,
train,0,0.00251574,
train,0,2.8e-07,
train,0,8.22e-06,
train,0,4.785e-05,
train,0,7.7e-06,
train,0,3.4e-07,
train,0,2.83e-06,
train,0,8.5e-07,
train,0,3.66e-06,
train,0,2e-06,
train,0,8.3e-07,
train,0,1.63e-06,
train,0,5.8e-07,
train,0,2.332e-05,
train,0,5.16e-06,
train,0,2.52e-06,
train,0,1.091e-05,
train,0,1.3e-06,
train,0,4.62e-06,
train,0,3.66e-06,
train,0,3.75e-06,
train,0,8.9e-07,
train,0,7.36e-06,
train,0,1.701e-05,
train,0,8.4e-06,
train,0,1.104e-05,
train,0,4.24e-06,
train,0,7.3e-07,
train,0,1.88e-06,
train,0,4.64e-06,
train,0,5.9e-06,
train,0,9.332e-05,
train,0,3.09e-06,
train,0,5.178e-05,
train,0,0.00021843,
train,0,1.68e-06,
train,0,1.78e-06,
train,0,4.39e-06,
train,0,4.53e-06,
train,0,6.4e-06,
train,0,6.2e-07,
train,0,7.71e-06,
train,0,1.72e-06,
train,0,2.31e-06,
train,0,1.6e-06,
train,0,5.91e-06,
train,0,2.421e-05,
train,0,9.8e-07,
train,0,3.43e-06,
train,0,1.101e-05,
train,0,9.64e-06,
train,0,0.00039858,
train,0,3.348e-05,
train,0,2.45e-05,
train,0,0.00045062,
train,0,8.42e-06,
train,0,0.00028212,
train,0,4.25e-06,
train,0,2.19e-06,
train,0,5.7e-07,
train,0,8.432e-05,
train,0,5.5e-07,
train,0,1.898e-05,
train,0,1.3e-06,
train,0,0.00025976,
train,0,1.025e-05,
train,0,3.09e-06,
train,0,4.84e-06,
train,0,5.63e-06,
train,0,2.025e-05,
train,0,2.941e-05,
train,0,1.137e-05,
train,0,5e-07,
train,0,8.987e-05,
train,1,0.99874496,
train,0,1.09e-06,
train,0,4.02e-06,
train,0,5.27e-06,
train,0,4.07e-06,
train,1,0.9997677,
train,0,4.02e-06,
train,0,8.492e-05,
train,0,4.63e-06,
train,1,0.99992026,
train,0,0.00044649,
train,1,0.99953424,
train,0,4.77e-06,
train,0,6.37e-06,
train,0,3.98e-06,
train,0,5.4e-07,
train,0,6.6e-06,
train,0,1.48e-06,
train,0,5e-07,
train,0,5.8e-07,
train,0,1.71e-06,
train,0,3.662e-05,
train,0,1.712e-05,
train,0,3.03e-06,
train,0,8.9e-07,
train,0,6.31e-06,
train,0,1.47e-06,
train,0,5.37e-06,
train,0,2.19e-06,
train,0,1.64e-06,
train,0,8.458e-05,
train,0,1.129e-05,
train,0,8.85e-06,
train,0,8.75e-06,
train,0,6.16e-06,
train,0,3.19e-06,
train,1,0.99783142,
train,0,9.8e-07,
train,0,1.23e-05,
train,0,3.3e-07,
train,0,8.33e-06,
train,0,1.12e-06,
train,0,1.627e-05,
train,0,2.48e-06,
train,0,1.017e-05,
train,0,3.744e-05,
train,0,5.58e-06,
train,0,2.62e-06,
train,0,0.00042632,
train,0,2.96e-06,
train,0,5.09e-06,
train,0,1.13e-06,
train,0,9.9e-07,
train,0,8.59e-06,
train,0,5.99e-06,
train,0,2.08e-06,
train,0,2.57e-06,
train,0,6.14e-06,
train,0,7.26e-06,
train,0,7.42e-06,
train,0,3.87e-06,
train,0,3.63e-05,
train,0,0.00042553,
train,0,2.9e-06,
train,0,0.00013037,
train,0,6.9e-07,
train,0,1.278e-05,
train,0,4.035e-05,
train,0,1.65e-05,
train,0,7.8e-07,
train,0,2.438e-05,
train,0,1.71e-06,
train,0,3.64e-06,
train,0,5.2e-07,
train,0,1.15e-06,
train,0,6.69e-06,
train,0,2.19e-06,
train,0,6.5e-07,
train,0,9.091e-05,
train,0,2.63e-06,
train,0,9.17e-06,
train,0,3.98e-06,
train,0,8.1e-07,
train,0,7e-07,
train,0,1.631e-05,
train,0,1.383e-05,
train,0,2.52e-06,
train,0,1.818e-05,
train,0,2.94e-06,
train,0,3.664e-05,
train,0,2.9e-07,
train,0,1.08e-06,
train,0,1.368e-05,
train,0,5.1e-07,
train,0,1.34e-06,
train,0,3.57e-06,
train,0,2.82e-06,
train,0,2.34e-06,
train,0,5.5e-07,
train,0,3.11e-06,
train,0,1.8e-06,
train,0,3.33e-06,
train,0,1.1e-06,
train,0,2.22e-06,
train,0,1.53e-06,
train,0,1.194e-05,
train,0,3.73e-06,
train,0,4.56e-06,
train,0,6.64e-06,
train,0,1.03e-06,
train,0,2.46e-06,
train,0,4.17e-06,
train,0,1.9e-06,
train,0,4.325e-05,
train,0,6.86e-06,
train,0,1.37e-06,
train,0,0.00021809,
train,0,2.68e-06,
train,0,4.45e-06,
train,0,1.661e-05,
train,0,1.4e-06,
train,0,2.95e-06,
train,0,1.5e-06,
train,0,1.61e-06,
train,0,3.86e-06,
train,0,2.95e-06,
train,0,5.07e-06,
train,0,1.09e-06,
train,0,6.5e-07,
train,0,2.89e-06,
train,0,1.13e-06,
train,0,8.716e-05,
train,0,7.11e-06,
train,0,2.835e-05,
train,0,1.54e-06,
train,0,0.00016324,
train,0,6.9e-07,
train,0,8.6e-07,
train,0,1.038e-05,
train,0,2.3e-07,
train,0,2.29e-06,
train,0,2.28e-06,
train,0,6.182e-05,
train,0,3.6e-07,
train,0,1.36e-05,
train,0,2.36e-06,
train,0,1.92e-06,
train,0,1.22e-06,
train,0,1.51e-06,
train,0,2.11e-06,
train,0,1.91e-06,
train,0,1.13e-06,
train,0,1.04e-06,
train,0,3.53e-06,
train,0,6e-07,
train,0,5.38e-06,
train,0,9.4e-07,
train,0,7.463e-05,
train,0,1.5e-06,
train,0,4.527e-05,
train,0,1.23e-06,
train,0,3.11e-06,
train,0,3.17e-06,
train,0,1.14e-06,
train,0,9.1e-07,
train,0,2.37e-06,
train,1,0.99411255,
train,0,5.86e-06,
train,0,0.00042142,
train,0,2.61e-06,
train,0,2.17e-06,
train,0,5.1e-07,
train,0,1.113e-05,
train,0,8.3e-07,
train,0,5.7e-07,
train,0,1.07e-06,
train,0,8.25e-06,
train,0,1.56e-06,
train,0,5.8e-06,
train,0,8.1e-07,
train,0,2.327e-05,
train,0,1.49e-06,
train,0,0.00044564,
train,0,1.56e-06,
train,0,2.05e-06,
train,0,4e-07,
train,0,4.5e-07,
train,0,2.94e-06,
train,0,6.4e-07,
train,0,1.31e-06,
train,0,3e-07,
train,0,5.5e-07,
train,0,2.7e-07,
train,0,9.31e-06,
train,0,7.2e-07,
train,0,1.49e-06,
train,0,1.9e-07,
train,0,8.1e-07,
train,0,3.6e-07,
train,0,1.3e-06,
train,0,1.14e-06,
train,0,3.87e-06,
train,0,1.22e-06,
train,0,4.13e-06,
train,0,2.42e-06,
train,1,0.99818919,
train,0,5.2e-07,
train,0,2.12e-06,
train,0,4.8e-07,
train,0,1.265e-05,
train,1,0.99983661,
train,0,1.98e-06,
train,0,0.00835505,
train,0,0.00014104,
train,0,4.2e-07,
train,0,2.8e-06,
train,0,3.9e-07,
train,0,2.41e-06,
train,0,3.82e-06,
train,0,4.2e-07,
train,1,0.99715277,
train,0,0.00021539,
train,0,5.4e-06,
train,0,3.8e-07,
train,0,1.92e-06,
train,0,2.88e-06,
train,0,9.14e-06,
train,0,1.32e-06,
train,0,4.5e-07,
train,0,6.58e-06,
train,0,9.3e-07,
train,0,1.077e-05,
train,0,0.00013348,
train,0,4.409e-05,
train,0,6.4e-07,
train,0,5.953e-05,
train,0,2.28e-06,
train,0,2.94e-06,
train,0,0.00045942,
train,1,0.99952841,
train,1,0.99988237,
train,1,0.99992748,
train,0,2.85e-06,
train,1,0.99992751,
train,0,5.41e-06,
train,0,3.5e-07,
train,0,4.1e-07,
train,0,1.8e-07,
train,0,2.82e-06,
train,0,1.04e-06,
train,1,0.99972202,
train,0,6.1e-07,
train,0,8.74e-06,
train,0,5e-07,
train,0,2.734e-05,
train,0,6.69e-06,
train,0,1.05e-06,
train,0,1.84e-06,
train,0,1.664e-05,
train,0,6.702e-05,
train,0,4.728e-05,
train,0,5.5e-07,
train,0,4.56e-06,
train,0,4.3e-07,
train,0,5.02e-06,
train,0,1.68e-06,
train,0,8.6e-07,
train,0,1.64e-06,
train,0,1.814e-05,
train,0,4.6e-07,
train,0,7.2e-07,
train,0,1.838e-05,
train,0,3.54e-06,
train,0,4.84e-06,
train,0,1.29e-06,
train,0,1.39e-06,
train,0,5.6e-07,
train,0,2.524e-05,
train,0,8.1e-07,
train,0,0.00052747,
train,0,4.783e-05,
train,0,0.00022559,
train,0,7.6e-07,
train,0,8.5e-07,
train,0,1.09e-06,
train,0,3.48e-06,
train,0,5.4e-07,
train,0,9.32e-06,
train,0,9.4e-07,
train,0,6.4e-07,
train,0,1.03e-06,
train,0,1.8e-06,
train,0,0.0002898,
train,0,1.85e-06,
train,0,7.9e-07,
train,0,2.4e-06,
train,0,7.384e-05,
train,1,0.99720804,
train,0,7.61e-06,
train,0,3.64e-06,
train,0,4.03e-06,
train,0,2.64e-06,
train,0,6.36e-06,
train,0,7.9e-07,
train,0,1.555e-05,
train,1,0.99987361,
train,0,2.97e-06,
train,0,5.859e-05,
train,0,8.4e-07,
train,0,1.97e-06,
train,0,3.65e-06,
train,0,0.22609053,
train,0,0.00011207,
train,0,6.5e-07,
train,0,1.92e-06,
train,0,1.2e-06,
train,0,9.275e-05,
train,0,1.384e-05,
train,1,0.9996362,
train,0,0.01650055,
train,0,0.00027195,
train,0,0.00374483,
train,1,0.99953913,
train,0,9.4e-07,
train,0,1.82e-06,
train,0,5.05e-06,
train,0,5.618e-05,
train,0,4.4e-07,
train,0,1.3e-06,
train,0,3.748e-05,
train,0,4.63e-06,
train,0,1.06e-06,
train,0,3.29e-06,
train,0,1.14e-06,
train,0,1.93e-06,
train,0,0.00016995,
train,0,0.00016977,
train,0,0.00012054,
train,0,1.21e-06,
train,0,9.995e-05,
train,0,3.1e-06,
train,0,3.137e-05,
train,0,0.00015877,
train,0,2.71e-06,
train,0,2.165e-05,
train,0,1.293e-05,
train,0,5.16e-06,
train,0,1.026e-05,
train,0,1.9e-06,
train,0,3.22e-06,
train,0,1.304e-05,
train,0,8.433e-05,
train,0,7.669e-05,
train,0,5.538e-05,
train,0,1.34e-05,
train,0,1.98e-06,
train,0,3.3e-06,
train,0,5.555e-05,
train,0,2.156e-05,
train,0,0.0003718,
train,0,1.91e-06,
train,0,5.16e-06,
train,0,7.49e-06,
train,0,0.00013749,
train,0,6.5e-07,
train,0,1.91e-06,
train,0,3.23e-06,
train,0,1.56e-06,
train,0,1.22e-06,
train,0,2.649e-05,
train,0,1.43e-06,
train,0,8.86e-06,
train,0,4.78e-06,
train,0,9.09e-06,
train,0,1.65e-06,
train,0,7.05e-06,
train,0,3.588e-05,
train,0,1.79e-06,
train,0,2.59e-06,
train,0,1.336e-05,
train,0,1.285e-05,
train,0,3.55e-06,
train,0,2.33e-06,
train,1,0.99763813,
train,0,1.063e-05,
train,0,4.33e-06,
train,1,0.99980221,
train,0,2.22e-06,
train,1,0.99990894,
train,0,2.256e-05,
train,0,3.28e-06,
train,0,2.99e-06,
train,0,5.94e-06,
train,0,2.61e-06,
train,0,4.4e-07,
train,0,4.69e-06,
train,0,6.1e-07,
train,0,2.412e-05,
train,0,8.9e-07,
train,0,3.2e-07,
train,0,3.3e-07,
train,0,1.348e-05,
train,0,5.7e-07,
train,0,2.28e-06,
train,0,2.33e-06,
train,0,2.23e-06,
train,0,8.66e-06,
train,0,1.04e-06,
train,0,1.46e-06,
train,0,2.463e-05,
train,0,3.09e-06,
train,0,1.732e-05,
train,0,2.91e-06,
train,0,9.16e-06,
train,0,2.5e-06,
train,0,2.44e-06,
train,0,2.03e-06,
train,0,1.045e-05,
train,0,1.19e-06,
train,0,5.02e-06,
train,0,0.0001464,
train,0,1.797e-05,
train,0,2.52e-06,
train,0,3e-07,
train,0,4.62e-06,
train,1,0.99509203,
train,0,7.97e-06,
train,0,4.09e-06,
train,0,8e-07,
train,0,1.15e-06,
train,0,3.56e-06,
train,0,3.43e-06,
train,0,2.02e-06,
train,0,3.4e-07,
train,0,2.85e-06,
train,0,6.1e-07,
train,0,1.808e-05,
train,0,2.37e-06,
train,1,0.99682688,
train,0,3.34e-06,
train,0,5.73e-06,
train,0,0.00149745,
train,0,4.42e-06,
train,0,8.21e-06,
train,0,3.48e-06,
train,0,6.64e-06,
train,0,3.595e-05,
train,0,8.44e-06,
train,0,1.035e-05,
train,0,4.45e-06,
train,0,0.00061335,
train,0,1.322e-05,
train,0,2.79e-06,
train,0,3.7e-06,
train,0,5.52e-06,
train,0,4.835e-05,
train,0,0.00011167,
train,0,2.24e-06,
train,0,9.156e-05,
train,0,1.13e-06,
train,0,7.594e-05,
train,0,5.413e-05,
train,0,6.76e-06,
train,0,2.64e-06,
train,0,5.18e-06,
train,0,3.46e-06,
train,0,6.6e-07,
train,0,3.341e-05,
train,0,1.53e-05,
train,0,0.00028112,
train,0,2.79e-06,
train,0,1.026e-05,
train,0,4.27e-06,
train,0,5.36e-06,
train,0,1.81e-06,
train,0,1.955e-05,
train,0,7.02e-06,
train,0,1.29e-06,
train,0,4.25e-06,
train,0,1.251e-05,
train,0,4.99e-05,
train,0,3.3e-06,
train,0,6.28e-06,
train,0,1.84e-06,
train,0,5.7e-07,
train,0,4.65e-06,
train,0,6.7e-06,
train,0,2.705e-05,
train,0,8.72e-06,
train,0,1.387e-05,
train,0,5.51e-06,
train,0,7.27e-06,
train,0,1.544e-05,
train,0,1.024e-05,
train,0,5.6e-06,
train,0,1.465e-05,
train,0,2.808e-05,
train,0,2e-06,
train,0,3.62e-06,
train,0,3.68e-06,
train,0,7.89e-06,
train,0,1.87e-06,
train,0,1.536e-05,
train,0,3.37e-06,
train,0,2.43e-06,
train,0,6.83e-06,
train,0,1.28e-06,
train,0,1e-06,
train,0,6.4e-07,
train,0,1.364e-05,
train,0,1.62e-06,
train,0,1.03e-06,
train,0,5.65e-06,
train,0,1.29e-06,
train,0,8.3e-07,
train,0,7.08e-06,
train,0,4.4e-06,
train,0,1.836e-05,
train,0,5.8e-07,
train,0,6.64e-06,
train,0,8.37e-06,
train,0,3.57e-06,
train,0,2.769e-05,
train,0,2.6e-06,
train,0,4.48e-06,
train,0,1.73e-06,
train,0,0.00062776,
train,0,3.65e-06,
train,0,4.748e-05,
train,0,3.09e-06,
train,0,2.434e-05,
train,0,1.58e-06,
train,0,6.5e-07,
train,0,3.89e-06,
train,0,7.56e-06,
train,0,4.36e-06,
train,0,1.529e-05,
train,0,5.39e-06,
train,0,6.17e-05,
train,0,1.84e-06,
train,0,3.17e-06,
train,0,2.2e-06,
train,0,1.329e-05,
train,0,2.408e-05,
train,0,0.08600748,
train,0,8.88e-06,
train,0,4.1e-06,
train,0,2.95e-06,
train,0,1.265e-05,
train,0,2.71e-06,
train,0,1.348e-05,
train,0,1.17e-06,
train,0,1.28e-06,
train,0,1.079e-05,
train,0,6.95e-06,
train,0,7.942e-05,
train,0,1.56e-06,
train,0,5.9e-07,
train,0,7.99e-06,
train,0,1.547e-05,
train,0,4.763e-05,
train,0,5.39e-06,
train,0,4.2e-07,
train,0,0.00047453,
train,0,3.78e-06,
train,0,1.01e-06,
train,0,1.81e-06,
train,0,2.7e-07,
train,0,5.17e-06,
train,0,1.54e-06,
train,0,1.58e-06,
train,0,9.81e-06,
train,0,1.22e-06,
train,0,2.06e-06,
train,0,1.257e-05,
train,0,6.39e-06,
train,0,3.1e-07,
train,0,3.57e-06,
train,0,5.8e-07,
train,0,1.15e-06,
train,0,9e-07,
train,0,4.89e-06,
train,0,4.183e-05,
train,0,9.49e-06,
train,0,3.53e-06,
train,0,1.23e-06,
train,0,3.21e-06,
train,0,2.76e-06,
train,0,2.78e-06,
train,0,0.00034393,
train,0,4.2e-07,
train,0,2.487e-05,
train,0,1.71e-06,
train,0,2.9e-07,
train,0,8.65e-06,
train,0,5.818e-05,
train,0,2.463e-05,
train,0,2.265e-05,
train,0,3.39e-06,
train,0,0.00381211,
train,0,1.055e-05,
train,0,1.085e-05,
train,0,5.449e-05,
train,0,4.51e-06,
train,0,1.21e-06,
train,0,5.95e-06,
train,0,1.24e-06,
train,0,1.26e-05,
train,0,6.61e-06,
train,0,3.05e-06,
train,0,4.44e-06,
train,0,1.22e-06,
train,0,1.74e-06,
train,0,2.316e-05,
train,0,1.31e-06,
train,0,1.95e-06,
train,0,2.656e-05,
train,0,3.025e-05,
train,0,0.00018864,
train,0,7.59e-06,
train,0,4.85e-06,
train,0,5.81e-06,
train,0,2.72e-06,
train,0,1.41e-06,
train,0,1.14e-06,
train,0,7.26e-06,
train,0,4.14e-06,
train,0,9e-06,
train,0,7.39e-06,
train,0,1.026e-05,
train,0,2.7e-07,
train,0,1.028e-05,
train,0,9.22e-06,
train,0,5.9e-07,
train,0,3.21e-06,
train,0,1.39e-06,
train,0,2.96e-06,
train,0,1.02e-06,
train,0,1.31e-06,
train,0,1.29e-06,
train,0,1.6e-06,
train,0,1.06e-06,
train,0,1.149e-05,
train,0,8.5e-07,
train,0,8e-07,
train,0,1.22e-06,
train,0,7.9e-07,
train,0,1.84e-06,
train,0,8.3e-07,
train,0,1.15e-06,
train,0,6.47e-06,
train,0,3.35e-06,
train,0,5.1e-07,
train,0,2.35e-06,
train,0,4.104e-05,
train,0,2.9e-07,
train,0,1.54e-06,
train,0,1.62e-06,
train,0,2.02e-06,
train,0,8.8e-07,
train,0,1.4e-06,
train,0,1.75e-06,
train,0,0.00219197,
train,0,2.65e-05,
train,0,2.58e-06,
train,0,2.71e-06,
train,0,2.99e-06,
train,0,1.34e-06,
train,0,1.26e-06,
train,0,8.65e-06,
train,1,0.99928376,
train,0,1.24e-05,
train,0,2.072e-05,
train,0,1.34e-06,
train,0,1.5e-06,
train,0,2.28e-06,
train,0,4.06e-06,
train,0,2.379e-05,
train,0,4.369e-05,
train,0,4.6e-07,
train,0,9.392e-05,
train,0,4.9e-07,
train,0,4.4e-07,
train,0,1.62e-06,
train,0,5.8e-07,
train,0,1.78e-06,
train,0,5.2e-07,
train,0,9.2e-07,
train,0,0.00784732,
train,0,1.5e-06,
train,0,1.849e-05,
train,0,5.959e-05,
train,0,4.03e-06,
train,0,4.33e-06,
train,0,2.87e-05,
train,0,3.46e-06,
train,0,9.46e-06,
train,0,2.01e-06,
train,0,7.22e-06,
train,0,0.00043386,
train,0,7e-07,
train,0,3.324e-05,
train,0,6.6e-07,
train,0,2.53e-05,
train,0,1.87e-06,
train,0,6.8e-07,
train,0,1.962e-05,
train,0,2.911e-05,
train,0,2.1e-07,
train,0,7.5e-07,
train,0,2.1e-07,
train,0,3.096e-05,
train,0,2.06e-06,
train,0,8.1e-06,
train,0,1.908e-05,
train,0,0.00570364,
train,0,1.93e-06,
train,0,6.897e-05,
train,0,3.4e-07,
train,0,0.8365878,
train,0,2.83e-06,
train,0,1.43e-06,
train,0,0.00018933,
train,0,3.657e-05,
train,0,1.53e-06,
train,0,2.052e-05,
train,0,8e-05,
train,0,1.07e-06,
train,0,0.00261011,
train,0,1.13e-06,
train,0,2.8e-06,
train,0,2.61e-06,
train,0,2.76e-06,
train,0,0.00016688,
train,0,3.9e-07,
train,0,9.97e-06,
train,0,1.81e-06,
train,0,6.821e-05,
train,0,1.552e-05,
train,0,2.68e-06,
train,0,4.7e-07,
train,0,6.4e-07,
train,0,1.433e-05,
train,0,1.25e-06,
train,0,2.41e-06,
train,0,2.25e-06,
train,0,2.01e-06,
train,0,2.24e-06,
train,0,8.5e-07,
train,0,2.42e-06,
train,0,1.352e-05,
train,0,1.057e-05,
train,0,3.15e-06,
train,0,8.63e-06,
train,0,1.15e-05,
train,0,6e-06,
train,0,4.61e-05,
train,0,8.7e-07,
train,0,1.75e-06,
train,0,6e-07,
train,0,4.7e-06,
train,0,1.9e-06,
train,0,3.6e-06,
train,0,0.00041826,
train,0,4.769e-05,
train,0,2.1e-06,
train,0,6.95e-06,
train,0,3.1e-07,
train,0,3.68e-06,
train,0,5.284e-05,
train,0,1.03e-06,
train,0,2.9e-07,
train,0,5.677e-05,
train,0,3.04e-06,
train,0,0.000222,
train,0,8.9e-06,
train,0,0.00010139,
train,0,1.14e-06,
train,0,1.23e-06,
train,0,2.9e-07,
train,0,5.8e-07,
train,0,4.03e-06,
train,0,7.8e-07,
train,0,4.34e-06,
train,0,3.7e-07,
train,0,3.22e-06,
train,0,1.34e-06,
train,0,9.279e-05,
train,0,6.14e-06,
train,0,3.63e-06,
train,0,1.32e-06,
train,0,3.48e-06,
train,1,0.99909342,
train,0,5.93e-06,
train,0,6.29e-06,
train,0,1.2e-06,
train,0,1.16e-06,
train,0,2.85e-06,
train,0,9.8e-07,
train,0,1.39e-06,
train,0,2.122e-05,
train,0,1.478e-05,
train,0,1.247e-05,
train,0,1.288e-05,
train,0,1.683e-05,
train,0,3.7e-07,
train,0,2.7e-07,
train,0,5.22e-06,
train,0,8.4e-07,
train,0,1.47e-06,
train,0,1.892e-05,
train,0,1.26e-06,
train,0,1.113e-05,
train,0,2e-07,
train,0,6.9e-07,
train,0,1.64e-06,
train,0,2.65e-06,
train,0,1.468e-05,
train,0,3.572e-05,
train,0,0.00453112,
train,0,1.286e-05,
train,0,1.539e-05,
train,0,2.22e-06,
train,0,6.6e-06,
train,0,1.81e-06,
train,0,1.117e-05,
train,0,0.00078016,
train,0,2.16e-06,
train,0,0.00066411,
train,0,6.71e-06,
train,0,2.117e-05,
train,0,5.38e-06,
train,0,3.702e-05,
train,0,1.201e-05,
train,0,4.07e-06,
train,0,5.56e-06,
train,0,6.8e-07,
train,0,6.8e-06,
train,0,2.79e-05,
train,0,2.15e-06,
train,0,0.00140109,
train,0,3.51e-06,
train,0,0.06203614,
train,0,1.06e-06,
train,0,2.84e-06,
train,0,5.02e-06,
train,0,5.57e-06,
train,0,1.88e-06,
train,0,0.00012343,
train,0,3.41e-06,
train,0,2.793e-05,
train,0,1.66e-06,
train,0,3.61e-06,
train,0,1.87e-06,
train,0,4.113e-05,
train,0,9.35e-06,
train,0,0.00112809,
train,0,1.65e-06,
train,0,4.58e-06,
train,0,1.83e-06,
train,0,3.655e-05,
train,0,1.88e-05,
train,0,1.52e-05,
train,0,5.027e-05,
train,0,2.514e-05,
train,0,3.97e-06,
train,0,5.727e-05,
train,0,2.09e-06,
train,0,0.00017063,
train,0,3.75e-06,
train,0,2.777e-05,
train,0,1.636e-05,
train,0,0.00047609,
train,0,0.00025879,
train,0,4.35e-06,
train,0,3.657e-05,
train,1,0.99894826,
train,0,7.238e-05,
train,0,2.464e-05,
train,0,6.4e-07,
train,0,1.015e-05,
train,0,6.9e-07,
train,0,1.51e-06,
train,0,5.7e-06,
train,0,2.76e-06,
train,0,1.24e-06,
train,0,6.35e-06,
train,0,4.07e-06,
train,0,0.00040093,
train,0,0.00016318,
train,0,0.00012832,
train,0,6.6e-07,
train,0,3.38e-06,
train,0,4.9e-07,
train,0,7.778e-05,
train,0,9.89e-06,
train,0,2.04e-06,
train,0,2.41e-06,
train,0,6.003e-05,
train,0,5.15e-06,
train,0,1.253e-05,
train,0,1.795e-05,
train,0,7.5e-07,
train,0,0.00029103,
train,0,6.7e-07,
train,0,4.089e-05,
train,0,1.754e-05,
train,0,0.0005034,
train,0,1.56e-05,
train,0,9.5e-07,
train,0,1.341e-05,
train,0,2.02e-06,
train,0,0.00020019,
train,0,1.22e-06,
train,0,9.7e-07,
train,0,1.78e-06,
train,0,4.58e-06,
train,0,4.86e-06,
train,0,1.03e-06,
train,0,2.73e-06,
train,0,2.809e-05,
train,0,1.17e-06,
train,0,2.4e-06,
train,0,9.5e-07,
train,0,3e-07,
train,0,0.00268428,
train,0,7.43e-06,
train,0,1.42e-06,
train,0,0.0032811,
train,0,6.62e-06,
train,0,1.257e-05,
train,0,1.55e-06,
train,0,1.536e-05,
train,0,3.58e-06,
train,0,4.73e-06,
train,0,2.6e-06,
train,0,2.33e-06,
train,0,2.334e-05,
train,0,0.0037311,
train,0,0.00010756,
train,0,8.6e-07,
train,0,4.2e-07,
train,0,2.334e-05,
train,0,1.597e-05,
train,0,1.84e-06,
train,0,1.15e-06,
train,0,0.00052879,
train,0,0.01789698,
train,0,1.07e-06,
train,0,1.72e-06,
train,0,7.5e-07,
train,0,2.013e-05,
train,0,6.09e-06,
train,0,4.51e-06,
train,0,1.42e-05,
train,0,2.663e-05,
train,0,8.63e-06,
train,0,1.57e-06,
train,0,7.34e-06,
train,0,3.9e-06,
train,0,1.18e-06,
train,0,1.56e-06,
train,0,1.444e-05,
train,0,8.47e-06,
train,0,1.18e-05,
train,0,6e-07,
train,0,2.383e-05,
train,0,0.00018775,
train,0,1.75e-06,
train,0,8.9e-07,
train,0,2.812e-05,
train,0,1.639e-05,
train,0,2.4e-06,
train,0,3.42e-06,
train,0,4.93e-06,
train,0,6.29e-06,
train,0,1.43e-06,
train,0,1.15e-06,
train,0,4.6e-06,
train,0,0.00043754,
train,0,1.58e-06,
train,0,2.51e-06,
train,0,4.86e-06,
train,0,2.324e-05,
train,0,3.3e-06,
train,0,8.2e-06,
train,0,2.385e-05,
train,0,0.00383572,
train,0,5.6e-07,
train,0,1.028e-05,
train,0,1.93e-06,
train,0,2.73e-06,
train,0,2.64e-06,
train,0,4.14e-06,
train,0,5.15e-06,
train,0,4e-06,
train,0,1.4e-06,
train,0,4.5e-07,
train,0,5e-07,
train,0,0.00020609,
train,0,5.1e-07,
train,0,0.00018969,
train,0,0.00089095,
train,0,0.00078711,
train,0,8.8e-07,
train,0,1.727e-05,
train,0,7.3e-07,
train,0,4e-07,
train,0,1.68e-06,
train,0,1.82e-06,
train,0,3.622e-05,
train,0,5.99e-06,
train,0,2.606e-05,
train,0,1.68e-06,
train,0,3.02e-06,
train,0,1.923e-05,
train,0,5.4e-07,
train,0,5.66e-06,
train,0,4.57e-06,
train,0,1.84e-06,
train,0,1.5e-06,
train,0,1.74e-06,
train,0,9.3e-07,
train,0,9e-07,
train,0,3.7e-07,
train,0,2.33e-06,
train,0,8.3e-07,
train,0,5.45e-06,
train,0,2.69e-06,
train,0,3.23e-06,
train,0,1.15e-05,
train,0,1.29e-06,
train,0,7.69e-06,
train,0,5.6e-07,
train,0,1.362e-05,
train,0,2.56e-06,
train,0,1.01e-06,
train,0,2.71e-06,
train,0,5.7e-07,
train,0,2.593e-05,
train,0,2.46e-06,
train,0,1.54e-06,
train,0,6.8e-07,
train,0,6.6e-07,
train,0,1.41e-06,
train,0,2.49e-06,
train,0,5e-07,
train,0,4.35e-06,
train,0,2.02e-06,
train,0,2.72e-06,
train,0,2.8e-07,
train,0,1.46e-06,
train,0,7.27e-06,
train,0,5.204e-05,
train,0,1.73e-06,
train,0,4.14e-06,
train,0,1.48e-06,
train,0,2.16e-06,
train,0,6.5e-07,
train,0,1.53e-06,
train,0,1.19e-06,
train,0,2.9e-07,
train,0,1.39e-06,
train,0,1.74e-06,
train,0,1.49e-06,
train,0,3.421e-05,
train,0,4.63e-06,
train,0,4.81e-06,
train,0,8.3e-07,
train,0,5.15e-06,
train,0,3.42e-06,
train,0,9.2e-07,
train,0,2.47e-06,
train,0,4.44e-06,
train,0,8.85e-06,
train,0,1.71e-06,
train,0,4.95e-06,
train,0,1.07e-06,
train,0,3.68e-06,
train,0,4.73e-06,
train,0,1.54e-06,
train,0,1.066e-05,
train,0,2.6e-07,
train,0,3.1e-07,
train,0,3.8e-07,
train,0,3e-07,
train,0,1.04e-06,
train,0,8.6e-07,
train,0,5.5e-07,
train,0,6.1e-07,
train,0,3.5e-07,
train,0,2.473e-05,
train,0,4e-07,
train,0,3.87e-06,
train,0,5.2e-07,
train,0,4.7e-07,
train,0,8.4e-07,
train,0,1.092e-05,
train,0,6.3e-07,
train,0,8.1e-07,
train,0,5e-07,
train,0,9.4e-07,
train,0,2.93e-06,
train,0,8.8e-07,
train,0,6.6e-07,
train,0,3.2e-07,
train,0,7.13e-06,
train,0,7.9e-07,
train,0,1.06e-06,
train,0,4.36e-06,
train,0,6.41e-06,
train,0,3.8e-07,
train,0,3.95e-06,
train,0,8.1e-07,
train,0,1.42e-06,
train,0,9.17e-06,
train,0,4.03e-05,
train,0,8.1e-07,
train,0,1.89e-06,
train,0,7.6e-07,
train,0,5.1e-07,
train,0,9e-07,
train,0,9.4e-07,
train,0,1.16e-06,
train,0,8.5e-07,
train,0,4.74e-06,
train,0,7.2e-07,
train,0,5.77e-06,
train,0,1.25e-06,
train,0,4.35e-06,
train,0,1.19e-06,
train,0,5.4e-07,
train,0,3.09e-06,
train,0,6.69e-06,
train,0,3.47e-05,
train,0,0.00017843,
train,0,9.8e-07,
train,0,1.74e-06,
train,0,2.34e-06,
train,0,9e-07,
train,0,4.592e-05,
train,0,2.3e-06,
train,0,8.76e-06,
train,0,9.7e-07,
train,0,1.007e-05,
train,0,1.071e-05,
train,0,9e-07,
train,0,4.5e-07,
train,0,8.9e-07,
train,0,3.02e-06,
train,0,4.47e-06,
train,0,2.7e-07,
train,0,1.313e-05,
train,0,3.029e-05,
train,0,3.18e-06,
train,0,5.2e-07,
train,0,0.00067403,
train,0,1.62e-06,
train,0,3.31e-06,
train,0,1.002e-05,
train,0,1.09e-06,
train,0,2.57e-06,
train,0,1.72e-06,
train,0,3.7e-07,
train,0,4.4e-07,
train,0,7e-07,
train,0,2.99e-06,
train,0,1.34e-06,
train,0,7.4e-07,
train,0,2.32e-06,
train,0,6.8e-07,
train,0,2.01e-06,
train,0,4.05e-06,
train,0,2.3e-06,
train,0,1.55e-06,
train,0,9.4e-07,
train,0,1.7e-06,
train,0,1.207e-05,
train,0,5.5e-07,
train,0,6.39e-06,
train,0,6.41e-06,
train,0,2.838e-05,
train,0,1.795e-05,
train,0,3.609e-05,
train,0,2.97e-06,
train,0,1.26e-06,
train,0,5.51e-06,
train,0,1.386e-05,
train,0,4e-07,
train,0,5.894e-05,
train,0,1.77e-06,
train,0,4.9e-07,
train,0,1.88e-06,
train,0,2.83e-06,
train,0,3.09e-06,
train,0,1.91e-06,
train,0,3.5e-06,
train,0,1.28e-06,
train,0,7.1e-07,
train,0,9.9e-07,
train,0,2.6e-07,
train,0,2.064e-05,
train,0,1.2e-06,
train,0,7.2e-07,
train,0,7.39e-06,
train,0,1.41e-05,
train,0,6.53e-06,
train,0,0.00017567,
train,0,8.21e-05,
train,0,4.4e-07,
train,0,7.2e-07,
train,0,3.94e-06,
train,0,7.3e-07,
train,0,1.738e-05,
train,0,2.75e-06,
train,0,9.3e-07,
train,0,6.22e-06,
train,0,3.15e-06,
train,0,9.08e-06,
train,0,1.18e-06,
train,0,1.08e-06,
train,0,7.8e-07,
train,0,6.21e-06,
train,0,1.98e-06,
train,0,1.322e-05,
train,0,1.27e-06,
train,0,2.52e-06,
train,0,6.1e-07,
train,0,2.194e-05,
train,0,5.49e-06,
train,0,2.14e-06,
train,0,8.4e-07,
train,0,1.291e-05,
train,0,9e-07,
train,0,6.87e-06,
train,0,2.66e-06,
train,0,9.6e-07,
train,0,9.9e-07,
train,0,1.25e-06,
train,0,1.8e-06,
train,0,4e-06,
train,0,1.07e-06,
train,0,1.43e-06,
train,0,0.0028959,
train,0,1.39e-06,
train,0,3.782e-05,
train,0,3.46e-06,
train,0,1.74e-06,
train,0,1.91e-06,
train,0,8.2e-07,
train,0,1.119e-05,
train,0,2.73e-06,
train,0,1.61e-06,
train,0,8.824e-05,
train,0,4.11e-06,
train,0,3.065e-05,
train,0,3.139e-05,
train,0,3.05e-06,
train,0,3.098e-05,
train,0,2.84e-05,
train,0,8.86e-06,
train,0,1.49e-06,
train,0,4.5e-06,
train,0,2.54e-06,
train,0,1.65e-06,
train,0,8.2e-07,
train,0,1.043e-05,
train,0,0.00022554,
train,0,4.7e-06,
train,0,4.69e-06,
train,0,1.164e-05,
train,0,1.751e-05,
train,0,9.77e-06,
train,0,5.407e-05,
train,0,1.642e-05,
train,0,6.3e-07,
train,0,1.82e-06,
train,0,3.05e-06,
train,0,1.92e-06,
train,0,5.5e-07,
train,0,3.4e-07,
train,0,1.47e-06,
train,0,9.05e-06,
train,0,6.29e-06,
train,0,1.84e-06,
train,0,3e-07,
train,0,0.00055081,
train,0,2.298e-05,
train,0,9.64e-06,
train,0,2.514e-05,
train,0,4.637e-05,
train,0,1.74e-06,
train,0,2.3e-07,
train,0,1.87e-06,
train,0,3.21e-06,
train,0,2.57e-06,
train,0,1.431e-05,
train,0,2.52e-06,
train,0,0.00046,
train,0,1.81e-06,
train,0,2.12e-06,
train,0,4.04e-06,
train,0,3.56e-06,
train,0,3.05e-06,
train,0,7.7e-07,
train,0,6.22e-06,
train,0,3.058e-05,
train,0,3.86e-05,
train,0,1.231e-05,
train,0,3.202e-05,
train,0,7.02e-06,
train,0,2.354e-05,
train,0,8.4e-07,
train,0,1.23e-06,
train,0,1.41e-06,
train,0,1.301e-05,
train,0,7.32e-06,
train,0,3.05e-06,
train,0,4.5e-06,
train,0,8.5e-07,
train,0,1.18e-06,
train,0,1.989e-05,
train,0,0.0002629,
train,0,3.21e-06,
train,0,1.06e-06,
train,0,1e-06,
train,0,1.88e-06,
train,0,3.86e-06,
train,0,2.065e-05,
train,0,1.1e-06,
train,0,1.29e-06,
train,0,9.8e-07,
train,0,1.3e-06,
train,0,2.79e-06,
train,0,1.27e-06,
train,0,7.4e-06,
train,0,0.00024704,
train,0,0.59847631,
train,0,4.221e-05,
train,0,8.8e-06,
train,0,1.42e-06,
train,0,2.287e-05,
train,0,6.56e-06,
train,0,5.61e-06,
train,0,8.1e-06,
train,0,1.109e-05,
train,0,7.14e-06,
train,0,2.202e-05,
train,0,9.2e-07,
train,0,9.1e-07,
train,0,4.6e-07,
train,0,8.8e-07,
train,0,9.14e-06,
train,0,4.94e-06,
train,0,3.75e-06,
train,0,5.005e-05,
train,0,4.7e-07,
train,0,1.86e-06,
train,0,1.005e-05,
train,0,1.33e-06,
train,0,1.28e-06,
train,0,3.75e-06,
train,0,4.265e-05,
train,0,7.68e-06,
train,0,1.39e-06,
train,0,1.48e-06,
train,0,2.565e-05,
train,0,1.07e-06,
train,0,6.17e-06,
train,0,5.559e-05,
train,0,1.2e-06,
train,0,2.45e-06,
train,0,4.64e-06,
train,0,5.91e-06,
train,0,2.74e-06,
train,0,7.2e-07,
train,0,1.052e-05,
train,0,3.8e-07,
train,0,2.28e-06,
train,0,7.4e-07,
train,0,3.05e-06,
train,0,1.538e-05,
train,0,3.48e-06,
train,0,0.00989593,
train,0,0.00055846,
train,0,3.05e-06,
train,0,3.45e-06,
train,0,5.7e-07,
train,0,8.9e-07,
train,1,0.99420128,
train,1,0.99977405,
train,0,6.28e-06,
train,0,1.82e-06,
train,0,9.5e-07,
train,1,0.99988172,
train,0,1.29e-06,
train,0,4.41e-06,
train,0,1.97e-06,
train,0,4.1e-07,
train,1,0.99990439,
train,1,0.99990748,
train,0,2.044e-05,
train,0,1.51e-06,
train,0,2.08e-06,
train,0,6.6e-07,
train,1,0.9996296,
train,0,6.3e-07,
train,0,3.09e-06,
train,0,8.91e-06,
train,0,2.705e-05,
train,1,0.99940728,
train,0,7.6e-07,
train,0,1.43e-06,
train,0,7.9e-07,
train,0,1.01e-06,
train,0,2.38e-06,
train,0,2.76e-06,
train,0,1.929e-05,
train,0,5.57e-06,
train,0,1.396e-05,
train,0,8.7e-07,
train,0,1.366e-05,
train,0,1.27e-06,
train,0,2.76e-06,
train,0,2.31e-06,
train,0,1.28e-06,
train,0,4.89e-06,
train,0,3e-06,
train,0,1.79e-06,
train,0,4.73e-06,
train,0,6.94e-06,
train,0,3.38e-06,
train,0,2.49e-06,
train,1,0.99935388,
train,0,4.94e-06,
train,0,2.506e-05,
train,0,1.906e-05,
train,0,7.92e-06,
train,0,7.3e-07,
train,0,3.89e-06,
train,0,2.31e-06,
train,0,2.32e-06,
train,0,2.3e-07,
train,0,1.83e-06,
train,0,3.13e-06,
train,0,2.96e-06,
train,0,3.07e-06,
train,0,1.37e-06,
train,0,1.18e-06,
train,0,1.08e-06,
train,0,1.04e-06,
train,0,1.071e-05,
train,0,1.23e-06,
train,0,6.33e-06,
train,0,1.25e-06,
train,0,1.35e-06,
train,0,1.54e-06,
train,0,6.15e-06,
train,0,8e-07,
train,0,7.3e-06,
train,0,1.91e-06,
train,0,6.5e-07,
train,0,7.7e-07,
train,0,1.87e-06,
train,0,2.23e-06,
train,0,1.046e-05,
train,0,1.1e-07,
train,0,1.38e-06,
train,0,8.8e-07,
train,0,6.3e-07,
train,0,6.6e-07,
train,0,2.3e-06,
train,0,8.9e-07,
train,0,5.7e-07,
train,0,5.9e-07,
train,0,1.13e-06,
train,0,3.9e-07,
train,0,7.41e-06,
train,0,2.499e-05,
train,0,2.907e-05,
train,0,4.9e-07,
train,0,6.6e-07,
train,0,2.3e-06,
train,0,2.66e-06,
train,0,1.43e-06,
train,0,4.7e-06,
train,0,7.2e-07,
train,0,2.938e-05,
train,0,1.34e-05,
train,0,1.14e-06,
train,0,5.7e-07,
train,0,1.29e-06,
train,0,2.54e-06,
train,0,3.36e-06,
train,0,1.57e-06,
train,0,1.43e-06,
train,0,4.76e-06,
train,0,9.8e-07,
train,0,3.11e-06,
train,0,1.1e-06,
train,0,7.06e-06,
train,0,1.13e-06,
train,0,6.48e-06,
train,0,8.1e-07,
train,0,7.8e-07,
train,0,2.685e-05,
train,0,3.9e-07,
train,0,0.00108285,
train,0,7.5e-07,
train,0,1.09e-06,
train,0,1.83e-06,
train,0,3.44e-06,
train,0,5.146e-05,
train,0,8.8e-06,
train,0,6.7e-07,
train,0,6.8e-07,
train,0,1.01e-06,
train,0,0.00021062,
train,0,6.5e-07,
train,0,1.9e-07,
train,0,2.777e-05,
train,0,6.54e-06,
train,0,1.04e-06,
train,0,1.04e-06,
train,0,1.49e-06,
train,0,0.00011297,
train,0,2.35e-06,
train,0,9.6e-07,
train,0,4.5e-07,
train,0,4.35e-06,
train,0,9.8e-07,
train,0,7.47e-06,
train,0,0.00011404,
train,0,3.92e-05,
train,0,7.7e-07,
train,0,1.06e-06,
train,0,3.9e-06,
train,0,2e-06,
train,0,6.943e-05,
train,0,0.00026147,
train,0,4.54e-06,
train,0,1.17e-06,
train,0,6.36e-06,
train,0,3.33e-06,
train,0,9.4e-07,
train,0,2.44e-06,
train,0,1.83e-06,
train,0,6.42e-06,
train,0,1.28e-06,
train,0,7.38e-06,
train,0,2.79e-06,
train,0,1.19e-06,
train,0,1.446e-05,
train,0,9.7e-07,
train,0,1.534e-05,
train,0,2.22e-06,
train,0,5.53e-06,
train,0,2.25e-06,
train,0,2.59e-06,
train,0,4.977e-05,
train,0,2.44e-06,
train,0,1.347e-05,
train,0,1.91e-06,
train,0,1.88e-06,
train,0,2.977e-05,
train,0,8.7e-07,
train,0,8.82e-06,
train,0,1.1e-06,
train,0,3.5e-06,
train,0,2.78e-06,
train,0,5.39e-06,
train,0,4.37e-06,
train,0,8.2e-07,
train,0,2.95e-06,
train,0,9.18e-06,
train,0,2.614e-05,
train,0,5.87e-06,
train,0,4.28e-06,
train,0,3.97e-06,
train,0,7.2e-07,
train,0,1.42e-06,
train,0,1.24e-06,
train,0,3.69e-06,
train,0,2.02e-06,
train,0,2.88e-06,
train,0,1.417e-05,
train,0,3.784e-05,
train,0,7.7e-07,
train,0,6.8e-07,
train,0,2.99e-06,
train,0,1.08e-06,
train,0,1.86e-06,
train,0,2.004e-05,
train,0,2.51e-06,
train,0,2.469e-05,
train,0,2.49e-06,
train,0,2.13e-06,
train,0,1.057e-05,
train,0,4.01e-06,
train,0,7.66e-06,
train,0,9.79e-06,
train,0,5e-07,
train,0,6.21e-06,
train,0,1.31e-06,
train,0,1.457e-05,
train,0,5.1e-07,
train,0,4.39e-06,
train,0,6.8e-07,
train,0,2.47e-06,
train,0,1.06e-06,
train,0,8.14e-06,
train,0,4.38e-06,
train,0,4.03e-06,
train,0,2.915e-05,
train,0,2.45e-06,
train,0,2.7e-06,
train,0,1.49e-06,
train,0,4.55e-06,
train,0,8.771e-05,
train,0,1.06e-06,
train,0,1.628e-05,
train,0,5.8e-06,
train,0,2.198e-05,
train,0,2.41e-06,
train,0,9.58e-06,
train,0,5.17e-06,
train,0,2.748e-05,
train,0,6.8e-07,
train,0,1.66e-06,
train,0,1.87e-06,
train,0,0.00012021,
train,0,1.248e-05,
train,0,2.36e-06,
train,0,1.392e-05,
train,0,5.28e-06,
train,0,2.15e-06,
train,0,0.00013685,
train,0,5.177e-05,
train,0,4.53e-06,
train,0,3.6e-07,
train,0,4.42e-06,
train,0,1.14e-06,
train,0,1.58e-06,
train,0,1.19e-06,
train,0,3.12e-06,
train,0,7.78e-06,
train,0,4.35e-06,
train,0,2.33e-06,
train,0,5.13e-06,
train,0,1.424e-05,
train,0,1.42e-06,
train,0,1.67e-06,
train,0,1.48e-06,
train,0,2.18e-06,
train,0,6.1e-07,
train,0,8e-07,
train,0,1.194e-05,
train,0,7e-07,
train,0,2.482e-05,
train,0,3.739e-05,
train,0,1.624e-05,
train,0,3.77e-06,
train,0,4.09e-06,
train,0,2.31e-06,
train,0,1.46e-06,
train,0,1.042e-05,
train,0,2.73e-06,
train,0,7.52e-06,
train,0,6.16e-06,
train,0,1.25e-05,
train,0,3.2e-07,
train,0,3.41e-06,
train,0,6.95e-06,
train,0,2.287e-05,
train,0,8.83e-06,
train,0,6.77e-06,
train,0,0.00023876,
train,0,9.53e-06,
train,0,6.1e-07,
train,0,4.03e-06,
train,0,2.369e-05,
train,0,2.68e-06,
train,0,4.07e-06,
train,0,1.27e-06,
train,0,1.786e-05,
train,0,4.77e-06,
train,0,5.246e-05,
train,0,6.18e-06,
train,0,9.71e-06,
train,0,4.58e-06,
train,0,5.4e-07,
train,0,3.558e-05,
train,0,6.7e-07,
train,0,7.87e-06,
train,0,8.24e-06,
train,0,6.6e-07,
train,0,1.42e-06,
train,0,2.24e-06,
train,0,3.29e-06,
train,0,7.07e-06,
train,0,2.73e-06,
train,0,5.53e-06,
train,0,1.88e-06,
train,0,6.13e-06,
train,0,5.91e-06,
train,0,3.71e-06,
train,0,7.84e-06,
train,0,2.58e-06,
train,0,7e-07,
train,0,8.73e-06,
train,0,4.19e-06,
train,0,3.54e-06,
train,0,3.92e-06,
train,0,2.32e-06,
train,0,2.18e-06,
train,0,2.24e-06,
train,0,3.4e-07,
train,0,2.13e-06,
train,0,4.03e-06,
train,0,1.04e-06,
train,0,3.6e-06,
train,0,5e-07,
train,0,2.874e-05,
train,0,2.75e-06,
train,0,1.51e-06,
train,0,9.6e-07,
train,0,5.3e-07,
train,0,2.11e-06,
train,0,3.19e-06,
train,0,3.589e-05,
train,0,3.3e-07,
train,0,2.04e-06,
train,0,1.5e-07,
train,0,4.91e-06,
train,0,3.4e-07,
train,0,1.14e-06,
train,0,2.2e-07,
train,0,6.9e-07,
train,0,2.8e-07,
train,0,1.17e-06,
train,0,9.1e-07,
train,0,4.3e-07,
train,0,1.33e-06,
train,0,1.61e-06,
train,0,1.21e-06,
train,0,1.15e-06,
train,0,1.019e-05,
train,0,7.069e-05,
train,0,1.28e-06,
train,0,4.9e-07,
train,0,6.35e-06,
train,0,4.3e-07,
train,0,5.3e-07,
train,0,3.006e-05,
train,0,5.8e-07,
train,0,7e-07,
train,0,2.28e-06,
train,0,9.4e-07,
train,0,1.538e-05,
train,0,1.89e-06,
train,0,9.4e-07,
train,0,7.3e-07,
train,0,5e-07,
train,0,4.46e-06,
train,0,1.2e-06,
train,0,5.1e-07,
train,0,2.3e-07,
train,0,1.617e-05,
train,0,1.39e-06,
train,0,3.35e-06,
train,0,1.23e-06,
train,0,2.62e-06,
train,0,1.69e-05,
train,0,1.06e-06,
train,0,0.00010305,
train,0,0.00090428,
train,0,6.8e-07,
train,0,8.9e-07,
train,0,2.5e-07,
train,0,7.4e-07,
train,0,2.2e-07,
train,0,1.19e-06,
train,0,1.234e-05,
train,0,6.2e-07,
train,0,1.83e-06,
train,0,1.82e-06,
train,0,8.02e-06,
train,0,6.4e-07,
train,0,3.71e-06,
train,0,2.11e-06,
train,0,1.819e-05,
train,0,7.29e-06,
train,0,1.558e-05,
train,0,2.449e-05,
train,0,1.679e-05,
train,0,3.79e-06,
train,0,3.63e-06,
train,0,1.318e-05,
train,0,2.435e-05,
train,0,1.66e-06,
train,0,1.92e-06,
train,0,1.182e-05,
train,0,1.37e-06,
train,0,0.00010311,
train,0,9.5e-07,
train,0,3.78e-06,
train,0,1.11e-06,
train,0,2.94e-06,
train,0,4.82e-06,
train,0,5.5e-07,
train,0,0.00043733,
train,0,1.55e-06,
train,0,2.1e-06,
train,0,3.11e-06,
train,0,5.5e-07,
train,0,2.31e-06,
train,0,0.00066119,
train,0,1.08e-06,
train,0,7e-06,
train,0,1.435e-05,
train,0,1.29e-06,
train,0,0.00046855,
train,0,2.76e-06,
train,0,5.58e-06,
train,0,1.02e-06,
train,0,8.9e-07,
train,0,2.13e-06,
train,0,9.4e-07,
train,0,1.48e-06,
train,0,1.61e-06,
train,0,1.7e-05,
train,0,1.21e-05,
train,0,9.31e-06,
train,0,7.361e-05,
train,0,2.33e-06,
train,0,2.99e-06,
train,0,5.6e-07,
train,0,1.06e-06,
train,0,1.21e-06,
train,0,4.69e-06,
train,0,1.932e-05,
train,0,2.7e-06,
train,0,1.9e-06,
train,0,8.04e-06,
train,1,0.99474006,
train,0,5.27e-06,
train,0,2.44e-06,
train,1,0.9998968,
train,0,1.9e-06,
train,0,0.00029517,
train,0,1.6e-06,
train,0,1.227e-05,
train,0,1.237e-05,
train,0,1.009e-05,
train,0,6.57e-05,
train,0,2.89e-06,
train,0,9.97e-06,
train,0,5.2e-07,
train,0,6e-06,
train,0,5.3e-07,
train,0,3.22e-06,
train,0,3.69e-06,
train,0,5.469e-05,
train,0,2.42e-06,
train,0,1.316e-05,
train,0,4.92e-06,
train,0,4.42e-06,
train,0,3.53e-06,
train,0,5.85e-06,
train,0,4.4e-06,
train,0,2.104e-05,
train,0,9.49e-06,
train,0,0.000122,
train,0,9.5e-07,
train,1,0.99990172,
train,1,0.99993627,
train,0,1.359e-05,
train,1,0.99993664,
train,1,0.99993664,
train,1,0.9999348,
train,0,6.2e-07,
train,0,9.054e-05,
train,0,3.32e-06,
train,0,5.67e-06,
train,0,4.26e-06,
train,0,3.94e-06,
train,0,0.00042012,
train,0,4.35e-05,
train,0,6.91e-05,
train,0,1.26e-06,
train,0,9.4e-06,
train,0,8.7e-06,
train,0,7.6e-07,
train,0,4.021e-05,
train,0,1.36e-06,
train,0,3.037e-05,
train,0,1.228e-05,
train,0,2.782e-05,
train,0,2.28e-06,
train,0,6.701e-05,
train,0,7.7e-07,
train,0,1.92e-06,
train,0,4.22e-06,
train,0,3.93e-06,
train,0,1.67e-06,
train,0,2.5e-06,
train,0,7.4e-07,
train,0,1.092e-05,
train,0,1.51e-05,
train,0,2.157e-05,
train,0,1.776e-05,
train,0,9.1e-07,
train,0,2.72e-06,
train,0,4.641e-05,
train,0,2.11e-06,
train,0,1.867e-05,
train,0,2.175e-05,
train,0,9.07e-06,
train,0,9.28e-06,
train,0,5.8e-07,
train,0,2.01e-06,
train,0,1.52e-06,
train,0,0.00056541,
train,0,1.833e-05,
train,0,3.16e-06,
train,0,1.19e-06,
train,0,7.54e-06,
train,0,1.06e-06,
train,0,0.00029487,
train,0,5.53e-06,
train,0,3.29e-06,
train,0,1.764e-05,
train,0,1.12e-06,
train,1,0.99663378,
train,0,7.7e-07,
train,0,3.71e-05,
train,0,4.19e-06,
train,0,6.4e-07,
train,0,3.468e-05,
train,0,1.35e-06,
train,0,1.33e-06,
train,0,1.75e-06,
train,0,2.58e-06,
train,0,2.55e-06,
train,0,2.2e-06,
train,0,4.76e-06,
train,0,1.968e-05,
train,0,1.52e-06,
train,0,6.5e-07,
train,0,1.72e-06,
train,0,4e-07,
train,0,3.56e-06,
train,0,3.58e-06,
train,0,2.91e-05,
train,0,0.00042866,
train,0,6.295e-05,
train,0,3.28e-06,
train,0,8.3e-07,
train,0,0.00071236,
train,1,0.99931051,
train,0,8.4e-06,
train,0,1.19e-06,
train,0,2.69e-06,
train,0,4.42e-06,
train,0,2.84e-06,
train,0,1.598e-05,
train,0,6.4e-07,
train,0,5.23e-06,
train,0,0.00021765,
train,0,7.33e-06,
train,0,1.276e-05,
train,0,0.01320639,
train,0,0.04752217,
train,0,7.9e-07,
train,0,3.29e-06,
train,0,3.14e-06,
train,0,2.07e-06,
train,0,3.361e-05,
train,0,1.74e-06,
train,0,2.01e-06,
train,0,6.57e-06,
train,0,7.859e-05,
train,0,3.22e-06,
train,0,1.85e-06,
train,0,2.06e-06,
train,0,9.59e-06,
train,0,4.4e-07,
train,0,3.68e-06,
train,0,1.93e-06,
train,0,1.11e-06,
train,0,5.26e-06,
train,0,7.67e-06,
train,0,1.57e-05,
train,0,5.15e-06,
train,0,0.00034915,
train,0,3.77e-06,
train,0,4.74e-06,
train,0,8.88e-06,
train,0,0.00057845,
train,0,5.92e-06,
train,0,3.026e-05,
train,0,2.4e-06,
train,0,3.619e-05,
train,0,5.87e-06,
train,0,8.9e-07,
train,0,2.217e-05,
train,0,4.43e-06,
train,0,9.7e-07,
train,0,3.02e-06,
train,0,3.5e-07,
train,0,6.2e-06,
train,0,1.022e-05,
train,0,2.549e-05,
train,0,0.00105986,
train,0,3.52e-06,
train,0,1.641e-05,
train,0,2.11e-06,
train,0,1.87e-06,
train,0,0.00012331,
train,0,1.36e-06,
train,0,5.24e-06,
train,0,8.43e-06,
train,0,2.72e-06,
train,0,2.03e-06,
train,0,2.67e-06,
train,0,2.65e-06,
train,0,0.00011661,
train,0,1.17e-06,
train,0,6.4e-07,
train,0,5.13e-06,
train,0,2.23e-05,
train,0,2.01e-06,
train,0,3.03e-06,
train,0,3.143e-05,
train,0,1.412e-05,
train,0,3.029e-05,
train,0,2.705e-05,
train,0,7.42e-06,
train,0,5.1e-06,
train,0,0.00011101,
train,0,3.67e-06,
train,0,7.04e-06,
train,0,5.1e-07,
train,0,8.01e-06,
train,0,1.77e-06,
train,0,1.994e-05,
train,0,1.9e-06,
train,0,6.5e-07,
train,0,3.89e-06,
train,0,6.74e-05,
train,0,1.45e-06,
train,0,4e-07,
train,0,1.85e-06,
train,0,1.66e-06,
train,0,7.56e-06,
train,0,1.15e-06,
train,0,9.09e-06,
train,0,4.16e-06,
train,0,1e-06,
train,0,1.8e-06,
train,0,1.236e-05,
train,0,5.7e-07,
train,0,3.7e-06,
train,0,4.5e-07,
train,0,8.6e-07,
train,0,5.8e-07,
train,0,8.3e-07,
train,0,1.27e-06,
train,0,1.34e-06,
train,0,1.75e-06,
train,0,1.43e-06,
train,0,7.8e-07,
train,0,7.7e-07,
train,0,1.23e-06,
train,0,0.03135461,
train,0,5.3e-07,
train,0,1.94e-06,
train,0,1.72e-06,
train,0,5.3e-07,
train,0,3.1e-07,
train,0,1.34e-06,
train,0,9.2e-07,
train,0,1.01e-06,
train,0,6.7e-07,
train,0,6.13e-06,
train,0,4.8e-07,
train,0,4.24e-06,
train,0,2.71e-06,
train,0,0.00012691,
train,0,3e-07,
train,0,7.5e-07,
train,0,3.5e-07,
train,0,1.7e-07,
train,0,5e-07,
train,0,7.8e-07,
train,0,2.605e-05,
train,0,2.62e-06,
train,0,3.228e-05,
train,0,2.41e-06,
train,0,6.8e-07,
train,0,3.3e-07,
train,0,2.53e-06,
train,0,2.1e-07,
train,0,1.242e-05,
train,0,4.28e-06,
train,0,3.92e-06,
train,0,5.8e-06,
train,0,2.1e-07,
train,0,6.2e-07,
train,0,1.26e-06,
train,0,8.21e-05,
train,0,7.1e-07,
train,0,8.12e-06,
train,0,5.1e-07,
train,0,2.14e-06,
train,0,7.1e-07,
train,0,1.76e-06,
train,0,1.07e-06,
train,0,9.8e-07,
train,0,8.9e-07,
train,0,1.42e-06,
train,0,6.956e-05,
train,0,1.14e-06,
train,0,5.1e-07,
train,0,5.8e-06,
train,0,2.19e-06,
train,0,9e-07,
train,0,1.06e-06,
train,0,1.75e-06,
train,0,5.07e-06,
train,0,2.6e-07,
train,0,9.208e-05,
train,0,7.13e-06,
train,0,3.5e-07,
train,0,2.282e-05,
train,0,1.17e-06,
train,0,1.94e-06,
train,0,5.9e-07,
train,0,3.6e-07,
train,0,1.797e-05,
train,0,1.014e-05,
train,0,3.75e-06,
train,0,5.8e-06,
train,0,7.1e-07,
train,0,1.111e-05,
train,0,6.34e-06,
train,0,5.6e-06,
train,0,1.914e-05,
train,0,1.911e-05,
train,0,1.02e-06,
train,0,3.28e-06,
train,0,6.8e-07,
train,0,8.2e-06,
train,0,8.7e-07,
train,0,1e-06,
train,0,3.705e-05,
train,0,2.02e-06,
train,0,2.36e-05,
train,0,5e-07,
train,0,1.16e-06,
train,0,1.025e-05,
train,0,2.13e-06,
train,0,8.82e-06,
train,0,1.91e-06,
train,0,6.9e-07,
train,0,7.83e-06,
train,1,0.9992462,
train,0,2.54e-06,
train,0,5.6e-07,
train,0,3.4e-07,
train,0,1.34e-06,
train,0,1.55e-06,
train,0,5.8e-07,
train,0,2.51e-06,
train,0,9.45e-05,
train,0,9.27e-06,
train,0,1.123e-05,
train,0,1.86e-06,
train,0,2.285e-05,
train,0,8.5e-07,
train,0,1.447e-05,
train,0,3.31e-06,
train,0,0.0235832,
train,0,1.24e-06,
train,0,9.2e-07,
train,0,3.79e-06,
train,0,8.8e-07,
train,0,5.062e-05,
train,0,4.08e-06,
train,0,7.5e-07,
train,0,1.41e-06,
train,0,4.42e-06,
train,0,8.37e-06,
train,0,6.4e-07,
train,0,1.239e-05,
train,0,1.04e-06,
train,0,5.92e-06,
train,0,4.77e-06,
train,0,0.0019686,
train,0,0.0018307,
train,0,2.025e-05,
train,0,3.1e-07,
train,0,1.2e-06,
train,0,1.77e-06,
train,0,4.97e-06,
train,0,2.29e-06,
train,0,3.265e-05,
train,0,1.079e-05,
train,0,1.91e-06,
train,0,9.1e-07,
train,1,0.9991281,
train,0,3.457e-05,
train,0,4.34e-06,
train,0,3.986e-05,
train,0,2.38e-06,
train,0,2.09e-06,
train,0,3.1e-06,
train,1,0.9998254,
train,0,6e-07,
train,0,1e-05,
train,0,2.88e-06,
train,0,0.00027704,
train,0,1.37e-06,
train,0,1.193e-05,
train,0,1.96e-06,
train,0,0.00010198,
train,0,9.099e-05,
train,0,9.2e-06,
train,0,3e-07,
train,0,1.62e-06,
train,0,3.74e-06,
train,0,3.9e-05,
train,0,5.1e-07,
train,0,2.1e-06,
train,0,7e-06,
train,0,1.2e-06,
train,0,3.48e-06,
train,0,6.208e-05,
train,0,2.159e-05,
train,0,8.189e-05,
train,0,6.83e-05,
train,0,1.92e-06,
train,0,9.68e-06,
train,0,2.99e-06,
train,0,6.56e-06,
train,0,1.525e-05,
train,0,9.98e-06,
train,0,8.4e-07,
train,0,3.71e-06,
train,0,4e-07,
train,0,6.655e-05,
train,0,4.621e-05,
train,0,1.84e-06,
train,0,9.84e-06,
train,0,0.00015196,
train,0,4.32e-06,
train,0,4.304e-05,
train,0,8.13e-05,
train,0,3.1e-07,
train,0,9.331e-05,
train,0,2.1e-07,
train,0,2.846e-05,
train,0,2.601e-05,
train,0,5.79e-06,
train,0,2.86e-06,
train,0,4.32e-06,
train,0,2.089e-05,
train,0,2.76e-06,
train,0,6.42e-06,
train,0,6.3e-07,
train,0,1.26e-06,
train,0,1.654e-05,
train,0,6.04e-06,
train,0,1.052e-05,
train,0,3.46e-06,
train,0,6.29e-06,
train,0,1.61e-05,
train,0,2.86e-06,
train,0,7.375e-05,
train,0,6.629e-05,
train,0,0.00015256,
train,0,1.29e-06,
train,0,0.00025073,
train,0,4.58e-06,
train,0,2.834e-05,
train,0,7.14e-06,
train,0,2.323e-05,
train,0,2.58e-06,
train,0,3.55e-05,
train,0,3.528e-05,
train,0,2.3e-06,
train,0,1.41e-06,
train,0,1.97e-06,
train,0,9.44e-06,
train,0,0.12072532,
train,0,7.6e-07,
train,0,3.61e-06,
train,0,1.437e-05,
train,0,6.63e-06,
train,0,2.2e-06,
train,0,3.56e-06,
train,0,2.33e-05,
train,0,4.67e-06,
train,0,1.817e-05,
train,0,4e-07,
train,0,4.36e-06,
train,0,9.2e-07,
train,0,0.0001164,
train,0,9.7e-07,
train,0,2.02e-06,
train,0,2.964e-05,
train,0,2.32e-06,
train,0,2.53e-06,
train,0,1.38e-06,
train,0,6.1e-07,
train,0,1.489e-05,
train,0,1.54e-06,
train,0,9.9e-07,
train,0,1.1e-06,
train,0,2.01e-06,
train,0,3.605e-05,
train,0,8.58e-06,
train,0,4.4e-07,
train,0,1.43e-06,
train,0,3.58e-06,
train,0,2.695e-05,
train,0,0.00062094,
train,0,0.00016785,
train,0,7e-07,
train,0,1.57e-06,
train,0,2.35e-06,
train,0,1.013e-05,
train,0,1.49e-06,
train,0,2.7e-07,
train,0,9e-07,
train,0,6.57e-06,
train,0,8.16e-06,
train,0,3.69e-06,
train,0,6.89e-06,
train,0,2.26e-06,
train,0,9.06e-06,
train,0,4.99e-06,
train,0,0.00243608,
train,0,1.09e-06,
train,0,2.071e-05,
train,0,1.836e-05,
train,0,8.3e-07,
train,0,1.77e-06,
train,0,2.202e-05,
train,0,1.109e-05,
train,0,2.27e-06,
train,0,4.587e-05,
train,0,3.14e-06,
train,0,7.9e-06,
train,0,1.686e-05,
train,0,5.342e-05,
train,0,6.1e-07,
train,0,4.8e-07,
train,0,2.37e-06,
train,0,4.8e-07,
train,0,3.41e-06,
train,0,7.3e-07,
train,0,1.08e-06,
train,0,3.16e-06,
train,0,4.05e-06,
train,0,3.8e-07,
train,0,3.38e-06,
train,0,5.57e-06,
train,0,1.64e-06,
train,0,1.01e-06,
train,0,8.2e-07,
train,0,1.034e-05,
train,0,7.4e-07,
train,0,3.44e-06,
train,0,2.35e-06,
train,0,6.8e-07,
train,0,2.36e-06,
train,0,1.74e-06,
train,0,5.24e-06,
train,0,0.00211858,
train,0,1.99e-06,
train,0,2.19e-06,
train,0,3.48e-06,
train,0,1.31e-06,
train,0,1.26e-06,
train,0,6.76e-06,
train,0,1.38e-06,
train,0,9.81e-06,
train,0,1.072e-05,
train,0,2.518e-05,
train,0,3.63e-06,
train,0,1.147e-05,
train,0,1.1e-06,
train,0,3.805e-05,
train,0,3.6e-06,
train,0,1.69e-06,
train,0,8.21e-06,
train,0,3.024e-05,
train,0,3.68e-05,
train,0,1.551e-05,
train,0,6.31e-06,
train,0,1.94e-06,
train,0,2.901e-05,
train,0,1.23e-06,
train,0,3.6e-07,
train,0,8.38e-06,
train,0,4.4e-07,
train,0,1.18e-06,
train,0,4.6e-07,
train,0,4.9e-07,
train,0,1.3e-07,
train,0,8.2e-07,
train,0,6.2e-07,
train,0,3.99e-06,
train,0,1.74e-06,
train,0,2.29e-06,
train,0,3.18e-06,
train,0,3.4e-07,
train,0,1.48e-06,
train,0,2.4e-07,
train,0,0.00104979,
train,0,7.8e-07,
train,0,1.32e-06,
train,0,2.27e-06,
train,0,5.1e-07,
train,0,3.9e-07,
train,0,3.29e-06,
train,0,4.2e-07,
train,0,3.24e-06,
train,0,6.21e-06,
train,0,3.02e-06,
train,0,1.59e-06,
train,0,1.13e-06,
train,0,4.67e-06,
train,0,5.28e-06,
train,0,5.32e-06,
train,0,3.32e-06,
train,0,9.4e-07,
train,0,1.43e-06,
train,0,5.6e-07,
train,0,9.8e-07,
train,0,5.78e-06,
train,0,1.78e-06,
train,0,3.72e-06,
train,0,5.01e-06,
train,0,1.43e-06,
train,0,1.8e-06,
train,0,5.5e-07,
train,0,6.7e-07,
train,0,2.7e-07,
train,0,3.5e-07,
train,0,2.461e-05,
train,0,1.2e-06,
train,0,1.988e-05,
train,0,5.64e-06,
train,0,4.31e-06,
train,0,5.8e-07,
train,0,4.638e-05,
train,0,3.46e-06,
train,0,3.32e-06,
train,0,7.55e-06,
train,0,3.371e-05,
train,0,8.7e-07,
train,0,2.285e-05,
train,0,3.51e-06,
train,0,3.18e-06,
train,0,9.6e-07,
train,0,1.5e-06,
train,0,1.419e-05,
train,0,6.8e-07,
train,0,6.37e-06,
train,1,0.99333213,
train,0,3.5e-07,
train,0,1.14e-06,
train,0,4.888e-05,
train,0,1.71e-06,
train,1,0.99980745,
train,0,1.871e-05,
train,0,9.1e-07,
train,0,1.14e-06,
train,0,6.3e-07,
train,0,1.16e-06,
train,0,8.471e-05,
train,0,2.836e-05,
train,0,1.036e-05,
train,0,1.275e-05,
train,0,3.218e-05,
train,0,3.804e-05,
train,0,5.51e-06,
train,0,2.16e-06,
train,0,3.777e-05,
train,0,4.5e-07,
train,0,7.452e-05,
train,0,2.231e-05,
train,0,6.3e-07,
train,0,2.95e-06,
train,0,1.38e-06,
train,0,6.485e-05,
train,0,8.98e-06,
train,0,1.3e-06,
train,0,9.3e-07,
train,0,1.45e-06,
train,0,1.375e-05,
train,0,1.25e-06,
train,0,1.738e-05,
train,0,9.2e-07,
train,0,6.7e-07,
train,0,1.57e-06,
train,0,1.548e-05,
train,0,1.005e-05,
train,0,1.633e-05,
train,0,6.51e-06,
train,0,9.5e-07,
train,0,3.7e-07,
train,0,6.9e-07,
train,0,2.9e-06,
train,0,7.9e-07,
train,0,3.11e-06,
train,0,3.6e-06,
train,0,1.849e-05,
train,0,5.9e-07,
train,0,5e-07,
train,0,2.3e-05,
train,0,4.15e-06,
train,0,2.904e-05,
train,0,4.254e-05,
train,0,0.00019676,
train,0,3.55e-06,
train,0,2.52e-05,
train,0,7.43e-06,
train,0,5.33e-06,
train,0,3.21e-06,
train,0,3.31e-06,
train,0,7.69e-06,
train,0,3.71e-06,
train,0,3.771e-05,
train,0,0.00014138,
train,0,4.82e-06,
train,0,2.54e-06,
train,0,0.0039013,
train,0,1e-06,
train,0,6e-07,
train,0,7.6e-07,
train,0,6.67e-06,
train,0,8.8e-07,
train,0,3.06e-06,
train,0,1.076e-05,
train,0,2.66e-06,
train,0,2.756e-05,
train,0,0.00123469,
train,0,7.92e-06,
train,0,4.75e-06,
train,0,4.28e-06,
train,0,1.75e-06,
train,0,1.33e-06,
train,0,6.68e-06,
train,0,5.8e-07,
train,0,2.263e-05,
train,0,1.904e-05,
train,0,2.3e-06,
train,0,1.36e-06,
train,0,5.96e-06,
train,0,1.998e-05,
train,0,3.4e-06,
train,0,5.99e-06,
train,0,8.83e-06,
train,0,2.82e-06,
train,1,0.99951503,
train,0,6.08e-06,
train,0,2.9e-07,
train,0,1.09e-05,
train,0,0.00020179,
train,0,8.62e-06,
train,0,9.3e-07,
train,0,2.8e-06,
train,0,3.335e-05,
train,0,7.29e-06,
train,0,1.59e-06,
train,0,1.642e-05,
train,0,8.1e-06,
train,0,1.85e-06,
train,0,4.6e-07,
train,0,7.238e-05,
train,0,1.73e-06,
train,0,2.948e-05,
train,0,2.72e-06,
train,0,1.75e-06,
train,0,7.88e-06,
train,0,2.67e-06,
train,0,2.08e-06,
train,1,0.9993603,
train,0,3.11e-06,
train,0,2.988e-05,
train,0,1.82e-06,
train,0,9.1e-07,
train,0,9.58e-06,
train,0,3.44e-06,
train,0,1.13e-06,
train,0,5.19e-06,
train,0,8.7e-07,
train,0,1.95e-06,
train,0,1.12e-06,
train,0,7.1e-07,
train,0,1.92e-06,
train,0,3.839e-05,
train,0,4.21e-06,
train,0,1.71e-06,
train,0,1.06e-06,
train,0,5.8e-07,
train,0,1.189e-05,
train,0,4.19e-06,
train,0,3.44e-06,
train,0,1.474e-05,
train,0,5.27e-06,
train,0,3.78e-06,
train,0,1e-06,
train,0,1.17e-06,
train,0,2.2e-06,
train,0,1.226e-05,
train,0,5.472e-05,
train,0,1.95e-06,
train,0,1.521e-05,
train,0,0.00018481,
train,0,5.19e-06,
train,0,2.04e-06,
train,0,5.7e-07,
train,0,6.48e-06,
train,0,2.127e-05,
train,0,1.34e-06,
train,0,7.94e-06,
train,0,4.805e-05,
train,0,1.697e-05,
train,0,6.5e-07,
train,0,7.57e-06,
train,0,2.115e-05,
train,0,0.00067309,
train,0,7.196e-05,
train,0,1.42e-06,
train,0,4.29e-06,
train,0,1.18e-06,
train,0,5.5e-07,
train,0,3.06e-06,
train,0,4.607e-05,
train,0,3.4e-07,
train,0,9.39e-06,
train,0,6.81e-06,
train,0,3.9e-07,
train,0,5.82e-06,
train,0,6.1e-07,
train,0,0.00015784,
train,0,6.057e-05,
train,0,9.8e-07,
train,0,8.1e-07,
train,0,4.22e-06,
train,0,2.872e-05,
train,0,3.818e-05,
train,0,0.00607599,
train,0,4.92e-06,
train,0,1.1e-06,
train,0,1.03e-06,
train,0,5.14e-06,
train,0,6.2e-07,
train,0,4.97e-06,
train,0,6.5e-07,
train,0,2.08e-06,
train,0,2.74e-06,
train,0,1.55e-06,
train,0,8.87e-06,
train,0,1.15e-06,
train,0,4.15e-06,
train,0,1.45e-06,
train,0,4.24e-06,
train,0,6.8e-07,
train,0,4.27e-06,
train,0,1.693e-05,
train,0,1.153e-05,
train,0,1.78e-06,
train,0,3.038e-05,
train,0,2.58e-06,
train,0,1.79e-06,
train,0,1.98e-06,
train,0,8.6e-07,
train,0,2.047e-05,
train,0,2.49e-06,
train,0,6.71e-06,
train,0,5.5e-06,
train,0,8.14e-06,
train,0,2.89e-06,
train,0,6.313e-05,
train,0,5.87e-06,
train,0,2.151e-05,
train,0,2.53e-06,
train,0,6.36e-06,
train,0,1.82e-06,
train,0,2.93e-06,
train,0,1.05e-06,
train,0,9.4e-07,
train,0,4.4e-07,
train,0,1.488e-05,
train,0,1.51e-06,
train,0,4.9e-06,
train,0,9.6e-07,
train,0,7.3e-07,
train,0,2.84e-06,
train,0,7e-07,
train,0,6.1e-07,
train,0,2.84e-06,
train,0,7.14e-06,
train,0,8.6e-07,
train,0,8.4e-07,
train,0,3.25e-06,
train,0,4.4e-07,
train,0,4.2e-07,
train,0,9.4e-07,
train,0,2.1e-07,
train,0,8.9e-07,
train,0,1.56e-06,
train,0,5.9e-07,
train,0,8.4e-07,
train,0,2.47e-06,
train,0,7.3e-07,
train,0,8.1e-07,
train,0,6.94e-06,
train,0,4.4e-06,
train,0,8.6e-07,
train,0,5.7e-07,
train,0,1.01e-06,
train,0,3.6e-07,
train,0,1.19e-06,
train,0,2.38e-06,
train,0,2.5e-07,
train,0,4.13e-06,
train,0,3e-07,
train,0,1.07e-06,
train,0,7.2e-07,
train,0,1.13e-06,
train,0,4.6e-07,
train,0,1.82e-06,
train,0,3.53e-06,
train,0,1.19e-06,
train,0,1.86e-06,
train,0,1.05e-06,
train,0,5.31e-06,
train,0,4.71e-06,
train,0,7.2e-07,
train,0,1.21e-06,
train,0,1.697e-05,
train,0,1.43e-06,
train,0,1.36e-06,
train,0,1.914e-05,
train,0,1.58e-06,
train,0,1.87e-06,
train,0,1.06e-06,
train,0,1.679e-05,
train,0,1.43e-06,
train,1,0.99949455,
train,0,2.844e-05,
train,0,2.758e-05,
train,0,1.59e-06,
train,0,4.3e-07,
train,0,5.6e-07,
train,0,5.7e-07,
train,0,4.2e-07,
train,0,1.012e-05,
train,0,1.17e-06,
train,0,8.1e-07,
train,0,6.71e-06,
train,0,4.51e-06,
train,0,1.575e-05,
train,0,1.34e-06,
train,0,5e-07,
train,0,3.4e-06,
train,0,2.19e-06,
train,0,4.46e-06,
train,0,3.9e-07,
train,0,1.6e-06,
train,0,0.01686695,
train,0,7.62e-06,
train,0,6.9e-07,
train,0,5.73e-06,
train,0,9.47e-06,
train,0,5.56e-06,
train,0,2e-06,
train,0,2.81e-06,
train,0,1.354e-05,
train,0,2.03e-06,
train,0,2.588e-05,
train,0,9.8e-07,
train,1,0.99673697,
train,0,1.57e-06,
train,0,7.38e-06,
train,0,7.04e-06,
train,0,1.899e-05,
train,0,1.19e-06,
train,0,5.16e-06,
train,0,1.769e-05,
train,0,7.37e-06,
train,0,1.147e-05,
train,0,7.1e-07,
train,0,4.3e-07,
train,0,0.00025131,
train,0,1.88e-06,
train,0,7.28e-06,
train,0,1.33e-06,
train,0,1.01e-06,
train,0,1.06e-06,
train,0,1.35e-06,
train,0,7.5e-07,
train,0,1.36e-06,
train,0,6.13e-06,
train,0,2.078e-05,
train,0,4.958e-05,
train,0,9.86e-06,
train,0,9.19e-06,
train,0,3.916e-05,
train,0,1.27e-06,
train,0,9.62e-06,
train,0,1.61e-06,
train,0,1.46e-06,
train,0,2.03e-06,
train,0,1.75e-06,
train,0,1.5e-06,
train,0,2.12e-06,
train,0,3.72e-06,
train,0,3.581e-05,
train,0,1.1e-06,
train,0,1.129e-05,
train,0,5.51e-06,
train,0,3.475e-05,
train,0,1e-05,
train,0,8.6e-07,
train,0,1.024e-05,
train,0,0.00024728,
train,0,6.62e-06,
train,0,2.1e-06,
train,0,4.29e-06,
train,0,2.75e-06,
train,0,3.52e-06,
train,0,0.00187586,
train,0,1.206e-05,
train,0,3.13e-06,
train,0,5.45e-06,
train,0,1.69e-05,
train,0,6.51e-06,
train,0,5.897e-05,
train,0,1.02e-06,
train,0,2.11e-06,
train,0,5.1e-07,
train,0,1.532e-05,
train,0,1.09e-06,
train,0,4.709e-05,
train,0,3.063e-05,
train,0,5.62e-06,
train,0,2.72e-06,
train,0,2.249e-05,
train,0,1.449e-05,
train,0,5.55e-06,
train,0,2.46e-06,
train,0,3.68e-06,
train,0,1.99e-06,
train,0,2.83e-06,
train,0,3.53e-06,
train,0,9.66e-06,
train,0,1.84e-06,
train,0,1.87e-06,
train,0,2.3e-07,
train,0,6.9e-07,
train,0,1.27e-06,
train,0,1.19e-06,
train,0,3.93e-06,
train,0,3.01e-06,
train,0,8.8e-07,
train,0,1.755e-05,
train,0,1.92e-06,
train,0,6.95e-06,
train,0,1.03e-06,
train,0,2.55e-06,
train,0,8e-07,
train,0,2.9e-05,
train,0,1.9e-06,
train,0,2.2e-07,
train,0,2.53e-06,
train,0,9.42e-06,
train,0,1.077e-05,
train,0,8e-06,
train,0,1.169e-05,
train,0,2.71e-06,
train,0,6.17e-06,
train,0,9.14e-06,
train,0,9.2e-07,
train,0,2.38e-06,
train,0,1.29e-06,
train,0,1.41e-06,
train,0,1.74e-06,
train,0,0.0017642,
train,0,8.4e-07,
train,0,2.29e-06,
train,0,1.86e-06,
train,0,1.267e-05,
train,0,1.143e-05,
train,0,4.63e-06,
train,0,1.414e-05,
train,0,2.43e-06,
train,0,4.4e-07,
train,0,4.37e-06,
train,0,6.14e-06,
train,0,1.38e-06,
train,0,1.68e-05,
train,0,1.28e-06,
train,0,9.4e-07,
train,0,3.6e-07,
train,0,2.06e-06,
train,0,3.15e-06,
train,0,4.66e-06,
train,0,9.687e-05,
train,0,4.71e-06,
train,0,6.7e-06,
train,0,0.0001037,
train,0,2.81e-06,
train,1,0.99959375,
train,1,0.99988812,
train,0,5.309e-05,
train,0,1.1e-06,
train,0,7.06e-06,
train,0,8.1e-07,
train,0,1.96e-05,
train,0,1.76e-06,
train,0,3.6e-07,
train,0,3.04e-06,
train,0,1.89e-06,
train,0,1.17e-06,
train,0,9.8e-07,
train,0,7.7e-07,
train,0,1.99e-06,
train,0,7.57e-06,
train,0,3.17e-06,
train,0,0.00016427,
train,0,1.73e-05,
train,0,8.1e-07,
train,0,9.2e-07,
train,0,8.3e-07,
train,0,2.52e-06,
train,0,1.026e-05,
train,0,3.38e-06,
train,0,5.288e-05,
train,0,1.48e-06,
train,0,5.1e-07,
train,0,2.97e-06,
train,0,2.51e-06,
train,0,1.29e-06,
train,0,7.8e-07,
train,0,1.192e-05,
train,0,6.32e-06,
train,0,1.02e-06,
train,0,7.48e-06,
train,0,1.019e-05,
train,0,1.33e-06,
train,0,6.132e-05,
train,0,1.23e-06,
train,0,3.583e-05,
train,0,2.254e-05,
train,0,6.8e-07,
train,0,1.46e-06,
train,0,3.1e-07,
train,0,2.58e-06,
train,0,2.84e-06,
train,0,1.507e-05,
train,0,5.47e-06,
train,0,1.71e-06,
train,0,4.69e-06,
train,0,1.387e-05,
train,0,8.8e-07,
train,0,3.9e-07,
train,0,2.4e-06,
train,0,2.46e-06,
train,0,2.2e-07,
train,0,1.7e-06,
train,0,4.89e-06,
train,0,1.067e-05,
train,0,4.46e-06,
train,0,1.015e-05,
train,0,1.67e-06,
train,0,3.19e-06,
train,0,1.25e-06,
train,0,2.507e-05,
train,0,1.041e-05,
train,0,1.61e-06,
train,0,5.57e-06,
train,0,2.73e-06,
train,0,2.07e-06,
train,0,6.3e-07,
train,0,2.6e-06,
train,0,1.83e-06,
train,0,9.1e-06,
train,0,1.55e-06,
train,0,1.488e-05,
train,0,3.16e-06,
train,0,2.03e-06,
train,0,3.04e-06,
train,0,1.63e-06,
train,0,9.3e-07,
train,0,2.52e-06,
train,0,4.1e-07,
train,0,7.9e-07,
train,0,1.4e-07,
train,0,1.51e-06,
train,0,6.943e-05,
train,0,3.3e-07,
train,0,4.54e-06,
train,0,4.9e-07,
train,0,2.39e-06,
train,0,1.28e-06,
train,0,2.6e-07,
train,0,3.6e-07,
train,0,5.6e-07,
train,0,7e-07,
train,0,5.8e-07,
train,0,1.04e-06,
train,0,3.43e-06,
train,0,4.3e-07,
train,0,1.204e-05,
train,0,6.1e-07,
train,0,5.1e-07,
train,0,1.14e-06,
train,0,4.7e-07,
train,0,3.9e-06,
train,0,6.07e-06,
train,0,6.6e-07,
train,0,5.8e-07,
train,0,0.00036733,
train,0,8.18e-06,
train,0,1.53e-06,
train,0,7.2e-07,
train,0,5.74e-06,
train,0,1.49e-06,
train,0,4.62e-06,
train,0,2.691e-05,
train,0,1.2e-06,
train,0,3.08e-06,
train,0,1.02e-06,
train,0,2.57e-06,
train,0,0.00011868,
train,0,4.34e-06,
train,0,6.1e-07,
train,0,2.5e-07,
train,0,1.3e-06,
train,0,3.36e-06,
train,0,6.749e-05,
train,0,2.69e-06,
train,0,3.53e-06,
train,0,8e-07,
train,0,0.00022019,
train,0,5.98e-06,
train,0,6.8e-07,
train,0,9e-07,
train,0,1.33e-06,
train,0,9.45e-06,
train,0,1.87e-06,
train,0,1.516e-05,
train,0,2.929e-05,
train,0,3.3e-07,
train,0,5.842e-05,
train,0,1.01e-06,
train,0,9.1e-07,
train,0,3.65e-06,
train,0,1.87e-06,
train,0,8.9e-07,
train,0,2.87e-06,
train,0,7.14e-06,
train,0,0.00020795,
train,0,1.267e-05,
train,0,1.472e-05,
train,0,1.23e-06,
train,0,5.703e-05,
train,0,7.9e-07,
train,0,8.4e-07,
train,0,1.033e-05,
train,0,6.9e-07,
train,0,1.74e-06,
train,0,1.39e-06,
train,0,1.89e-06,
train,0,7.047e-05,
train,0,4.29e-06,
train,0,2.938e-05,
train,0,4.255e-05,
train,1,0.99724521,
train,0,1.833e-05,
train,0,3.433e-05,
train,0,4.9e-07,
train,0,1.737e-05,
train,0,3.8e-07,
train,0,1.58e-06,
train,0,3.6e-07,
train,0,7.5e-07,
train,0,8e-07,
train,0,2.01e-06,
train,0,5.57e-06,
train,0,2.65e-06,
train,0,1.41e-06,
train,0,1.55e-06,
train,0,8.2e-07,
train,0,2.47e-06,
train,0,2.4e-06,
train,0,9.4e-07,
train,0,2.196e-05,
train,0,7.9e-07,
train,0,0.00053256,
train,0,5.7e-07,
train,0,1.73e-06,
train,0,3.64e-06,
train,0,1.38e-06,
train,0,1.23e-06,
train,0,6.68e-06,
train,0,3.64e-06,
train,0,1.332e-05,
train,0,1.21e-06,
train,0,4e-07,
train,0,1.66e-06,
train,0,5.9e-07,
train,0,8.17e-06,
train,0,1.08e-05,
train,0,1.54e-06,
train,0,1.91e-06,
train,0,1.46e-05,
train,0,1.043e-05,
train,0,2.14e-05,
train,0,1.97e-06,
train,0,1.08e-06,
train,0,1.73e-06,
train,0,4e-07,
train,0,3.13e-06,
train,0,5.5e-07,
train,0,1.358e-05,
train,0,4.2e-07,
train,0,3.6e-07,
train,0,1.58e-06,
train,0,8.24e-06,
train,0,1.94e-06,
train,0,9.61e-06,
train,0,1.66e-06,
train,0,6.3e-07,
train,0,7.3e-07,
train,0,0.00030973,
train,0,1.51e-06,
train,0,6.6e-07,
train,0,3.62e-06,
train,0,9.2e-07,
train,0,5.57e-06,
train,0,2.19e-06,
train,0,1.91e-06,
train,0,6.1e-07,
train,0,0.08303185,
train,0,1.76e-06,
train,0,4.09e-06,
train,0,8.738e-05,
train,0,3.4e-07,
train,0,0.00017848,
train,0,1.584e-05,
train,0,0.00017453,
train,0,7.8e-07,
train,0,7.867e-05,
train,0,1.759e-05,
train,0,1.95e-06,
train,0,9.8e-07,
train,0,1.543e-05,
train,0,8.6e-07,
train,0,3.852e-05,
train,0,3.674e-05,
train,0,3.11e-06,
train,0,3.762e-05,
train,0,3.777e-05,
train,0,1.228e-05,
train,0,1.503e-05,
train,0,6.4e-07,
train,0,5.95e-06,
train,0,1.25e-06,
train,0,1.08e-06,
train,0,8.89e-05,
train,0,2.821e-05,
train,0,1.722e-05,
train,0,9.8e-07,
train,0,2.25e-06,
train,0,4.21e-06,
train,0,3.19e-06,
train,0,5.88e-06,
train,0,4.997e-05,
train,0,1.34e-06,
train,0,0.0001359,
train,0,4.24e-06,
train,0,8.7e-07,
train,0,8.7e-07,
train,0,3.4e-07,
train,0,6.442e-05,
train,0,5.281e-05,
train,0,7.53e-06,
train,0,0.00453748,
train,0,3.54e-06,
train,0,4.58e-06,
train,0,3.12e-06,
train,0,2.08e-06,
train,0,6.93e-06,
train,0,1.61e-06,
train,0,1.23e-06,
train,0,4.03e-06,
train,0,3.77e-06,
train,0,8.82e-06,
train,0,9.4e-07,
train,0,4.481e-05,
train,0,1.54e-06,
train,0,1.09e-06,
train,0,5.8e-07,
train,0,6.3e-07,
train,0,1.64e-06,
train,0,6.46e-06,
train,0,2.03e-06,
train,0,5.3e-07,
train,0,2.14e-06,
train,0,3.335e-05,
train,0,1.732e-05,
train,0,4.54e-06,
train,0,4.2e-07,
train,0,1.161e-05,
train,0,1.55e-06,
train,0,2.62e-06,
train,0,3.78e-06,
train,0,3.53e-06,
train,0,4.06e-06,
train,0,1.98e-06,
train,0,7.2e-07,
train,0,1.07e-06,
train,0,1.43e-06,
train,0,6.87e-06,
train,0,3.91e-06,
train,0,1.824e-05,
train,0,2.758e-05,
train,0,7.62e-06,
train,0,1.39e-06,
train,0,2.09e-06,
train,0,2.106e-05,
train,0,1.69e-06,
train,0,2.1e-06,
train,0,7.1e-07,
train,0,2.64e-06,
train,0,0.01203944,
train,0,1.08e-06,
train,0,2.59e-06,
train,0,4.14e-06,
train,0,3.07e-06,
train,0,8e-07,
train,0,3.04e-06,
train,0,1.72e-06,
train,0,4.367e-05,
train,0,1.22e-06,
train,0,8.8e-07,
train,0,8.2e-07,
train,0,7.4e-07,
train,0,9.78e-06,
train,0,3.064e-05,
train,0,4.2e-07,
train,0,1.48e-06,
train,0,1.47e-06,
train,0,0.00048053,
train,0,7.39e-06,
train,0,5.4e-07,
train,0,1.863e-05,
train,0,2.405e-05,
train,0,0.0001915,
train,0,1.513e-05,
train,1,0.99936748,
train,0,5.28e-06,
train,0,9.1e-07,
train,0,7.7e-07,
train,0,4.1e-07,
train,0,5.32e-06,
train,0,1.72e-06,
train,0,1.38e-06,
train,0,4.7e-07,
train,0,0.00034245,
train,0,8.1e-07,
train,0,1.654e-05,
train,0,1.88e-06,
train,0,9.483e-05,
train,0,1.24e-06,
train,0,4.8e-07,
train,0,2.25e-06,
train,0,3.29e-06,
train,0,1.68e-06,
train,0,2.96e-06,
train,0,1.25e-06,
train,0,5.9e-07,
train,0,1.47e-06,
train,0,3.55e-06,
train,0,1.407e-05,
train,0,7.2e-07,
train,0,7.98e-06,
train,0,1.66e-06,
train,0,3.13e-06,
train,0,2.147e-05,
train,0,8.6e-07,
train,0,5.6e-07,
train,0,9.92e-06,
train,0,4.5e-07,
train,0,0.00052929,
train,0,3.72e-06,
train,0,4.09e-06,
train,0,1.272e-05,
train,0,4.32e-06,
train,0,1.693e-05,
train,0,2.51e-06,
train,0,4.043e-05,
train,0,1.1e-06,
train,0,3.2e-07,
train,0,6.87e-06,
train,0,3.35e-05,
train,0,2.05e-06,
train,0,1.16e-06,
train,0,7.61e-06,
train,0,4.63e-06,
train,0,5.54e-06,
train,0,1.64e-06,
train,0,3.69e-06,
train,0,6.35e-06,
train,0,1.037e-05,
train,0,2.56e-06,
train,0,2.62e-06,
train,0,5.2e-07,
train,0,2.43e-06,
train,0,2.24e-06,
train,0,3.38e-06,
train,0,2.193e-05,
train,0,9.2e-07,
train,0,3.3e-07,
train,0,3.1e-07,
train,0,4.27e-06,
train,0,2.09e-05,
train,0,1.015e-05,
train,0,1.72e-06,
train,0,3.52e-06,
train,0,1.91e-06,
train,0,2.07e-06,
train,0,1.01e-06,
train,0,4.5e-06,
train,0,5.3e-07,
train,0,3.95e-06,
train,0,3.03e-06,
train,0,1.603e-05,
train,0,2.12e-06,
train,0,2.564e-05,
train,0,4.56e-06,
train,0,1.63e-06,
train,0,2.21e-06,
train,0,3.59e-06,
train,0,1.79e-06,
train,0,4.3e-07,
train,0,3.3e-07,
train,0,3.7e-07,
train,0,1.47e-06,
train,0,4.2e-07,
train,0,1.23e-06,
train,0,4.2e-07,
train,0,4.4e-07,
train,0,7.2e-07,
train,0,3.1e-06,
train,0,4.2e-07,
train,0,3.92e-06,
train,0,2.4e-07,
train,0,2.7e-07,
train,0,6.4e-07,
train,0,8.8e-07,
train,0,1.43e-06,
train,0,1.44e-06,
train,0,1.19e-06,
train,0,4.4e-07,
train,0,2.03e-06,
train,0,8.7e-07,
train,0,1.58e-06,
train,0,1.344e-05,
train,0,1.67e-06,
train,0,7.5e-07,
train,0,4.3e-07,
train,0,2.28e-06,
train,0,1.159e-05,
train,0,4.07e-06,
train,0,1.52e-06,
train,0,7.7e-07,
train,0,7.3e-07,
train,0,6.9e-07,
train,0,1.52e-06,
train,0,2.56e-06,
train,0,2.28e-06,
train,0,1.64e-06,
train,0,2.39e-06,
train,0,1.36e-06,
train,0,4.6e-07,
train,0,2.161e-05,
train,0,1.131e-05,
train,0,3.92e-06,
train,0,1.046e-05,
train,0,4.02e-06,
train,0,6.8e-07,
train,0,2.05e-06,
train,0,9.772e-05,
train,0,1.166e-05,
train,0,9.33e-06,
train,0,3.79e-06,
train,0,1.76e-06,
train,0,2.7e-07,
train,0,8.8e-07,
train,0,9.3e-07,
train,0,4.309e-05,
train,0,6.29e-06,
train,0,2.08e-06,
train,0,4.1e-07,
train,0,1.085e-05,
train,0,1.05e-06,
train,0,1.21e-06,
train,0,4.131e-05,
train,0,1.9e-06,
train,0,5e-07,
train,0,5.3e-07,
train,0,2.37e-06,
train,0,3.02e-06,
train,0,3.4e-07,
train,0,5.4e-07,
train,0,1.08e-06,
train,0,1.95e-06,
train,0,3.47e-06,
train,0,4.27e-06,
train,0,1.11e-06,
train,0,4.49e-06,
train,0,5.06e-06,
train,0,6.8e-07,
train,0,5.14e-05,
train,0,2.37e-06,
train,0,6.71e-06,
train,0,2.91e-06,
train,0,1.84e-06,
train,0,1.66e-06,
train,0,2.07e-06,
train,0,2.8e-06,
train,0,1.52e-06,
train,0,3.12e-06,
train,0,3.67e-06,
train,0,2.36e-06,
train,0,3.19e-06,
train,0,1.9e-06,
train,0,3.4e-07,
train,0,1.49e-06,
train,0,4.3e-07,
train,0,2.046e-05,
train,0,5.2e-07,
train,0,4.45e-06,
train,0,1.845e-05,
train,0,7.33e-06,
train,0,7.4e-07,
train,0,5e-07,
train,0,2.99e-06,
train,0,1.61e-06,
train,0,2.22e-06,
train,0,9.98e-06,
train,0,1.169e-05,
train,0,4.71e-06,
train,0,5.4e-07,
train,0,8.3e-07,
train,0,4.52e-06,
train,0,5.015e-05,
train,0,1.25e-06,
train,1,0.99733675,
train,0,6.66e-06,
train,0,3.038e-05,
train,0,1.02e-06,
train,0,3.34e-06,
train,0,1.31e-06,
train,0,2.83e-06,
train,0,3e-07,
train,0,9.91e-06,
train,0,1.65e-06,
train,0,8.59e-06,
train,0,2.15e-05,
train,0,7.426e-05,
train,0,1.77e-06,
train,0,0.00010081,
train,0,1.312e-05,
train,0,9.8e-07,
train,0,6.1e-07,
train,0,1.22e-06,
train,0,6.56e-06,
train,0,3.02e-06,
train,0,3.4e-07,
train,0,1.46e-06,
train,0,9.1e-06,
train,0,2.3e-07,
train,0,2.28e-06,
train,0,2.24e-06,
train,0,1.21e-06,
train,0,7.032e-05,
train,0,7.25e-06,
train,0,1.24e-06,
train,0,1.66e-06,
train,0,2.24e-06,
train,0,9.02e-06,
train,0,1.391e-05,
train,0,3.36e-06,
train,0,6.21e-06,
train,0,1.278e-05,
train,0,1.21e-06,
train,0,5.23e-06,
train,0,4.29e-06,
train,0,2.09e-06,
train,0,6.5e-07,
train,0,1.053e-05,
train,0,2.07e-06,
train,0,2.8e-06,
train,0,1.79e-06,
train,0,1.68e-06,
train,0,7.28e-06,
train,0,2.38e-06,
train,0,1.37e-06,
train,0,1.134e-05,
train,0,2.485e-05,
train,0,7.7e-07,
train,0,1.51e-06,
train,0,8.94e-06,
train,0,1.746e-05,
train,0,5.58e-06,
train,0,3.986e-05,
train,0,4.217e-05,
train,0,3.34e-06,
train,0,1.03e-05,
train,0,5.28e-06,
train,0,7.04e-06,
train,0,8.7e-07,
train,0,3.21e-06,
train,0,8.08e-06,
train,0,1.1e-06,
train,0,2.28e-06,
train,0,0.00025631,
train,0,3.59e-06,
train,0,1.303e-05,
train,0,8.49e-06,
train,0,1.06e-06,
train,0,2.52e-06,
train,0,6.04e-06,
train,0,1.027e-05,
train,0,4.68e-06,
train,0,1.403e-05,
train,0,1.867e-05,
train,0,2.57e-06,
train,0,4.9e-07,
train,0,5.117e-05,
train,0,1.09e-06,
train,0,1.169e-05,
train,0,5.476e-05,
train,0,3.27e-06,
train,0,3.27e-06,
train,0,1.99e-06,
train,0,4.27e-06,
train,0,1.66e-06,
train,0,2.7e-06,
train,0,1.06e-06,
train,0,2.43e-06,
train,0,7.17e-06,
train,0,1.36e-06,
train,0,1.97e-06,
train,0,2.77e-06,
train,0,4.28e-06,
train,1,0.99445375,
train,0,1.97e-06,
train,0,3.209e-05,
train,1,0.99968878,
train,0,1.45e-06,
train,0,2.19e-06,
train,0,2.507e-05,
train,0,3.188e-05,
train,0,4.38e-05,
train,0,7.59e-06,
train,0,1.74e-06,
train,0,6.03e-06,
train,0,7.79e-06,
train,0,1.048e-05,
train,0,2.18e-06,
train,0,6.62e-06,
train,0,2.24e-05,
train,0,2.7e-07,
train,0,9e-06,
train,0,1.95e-06,
train,0,2.38e-06,
train,0,2.6e-07,
train,0,6.88e-06,
train,0,5.13e-06,
train,0,6.3e-07,
train,0,1.34e-06,
train,0,2.39e-06,
train,0,3.82e-06,
train,0,1.19e-06,
train,0,3.9e-07,
train,0,2.77e-06,
train,0,1.645e-05,
train,0,4.3e-07,
train,0,1.05e-06,
train,0,9.7e-07,
train,0,7.26e-06,
train,0,8.6e-07,
train,0,4.24e-06,
train,0,4.1e-07,
train,0,7.11e-06,
train,0,1.886e-05,
train,0,4.59e-06,
train,0,1.92e-06,
train,0,3.8e-07,
train,0,1.365e-05,
train,0,4.5e-07,
train,0,1e-05,
train,0,0.0005754,
train,0,1.59e-06,
train,0,3.84e-06,
train,0,2.683e-05,
train,0,8e-07,
train,0,1.304e-05,
train,0,3.58e-06,
train,0,3.14e-06,
train,1,0.9970121,
train,0,1.02e-06,
train,0,3.61e-06,
train,0,1.06e-06,
train,0,1.21e-06,
train,0,1.56e-06,
train,0,1.028e-05,
train,0,0.00041626,
train,0,2.611e-05,
train,0,1.1e-06,
train,0,2.2e-07,
train,0,8.95e-06,
train,0,5.37e-06,
train,0,2.05e-05,
train,0,1.32e-06,
train,0,1.12e-06,
train,0,1.61e-06,
train,0,5.64e-06,
train,0,1.309e-05,
train,0,3.2e-07,
train,0,1.23e-06,
train,0,4.2e-07,
train,0,8.577e-05,
train,0,1.28e-06,
train,0,2.91e-06,
train,0,1.89e-06,
train,0,3.24e-06,
train,0,2.62e-06,
train,0,1.088e-05,
train,0,3.01e-06,
train,0,1.601e-05,
train,0,2.53e-06,
train,0,2.23e-06,
train,0,2.98e-06,
train,0,1.48e-06,
train,0,1.437e-05,
train,0,6.27e-06,
train,0,9.2e-07,
train,0,5.3e-07,
train,0,8.9e-07,
train,0,4.1e-07,
train,0,4.7e-07,
train,0,1.4e-06,
train,0,5.06e-06,
train,0,5.6e-07,
train,0,8.5e-07,
train,0,9.9e-07,
train,0,5.8e-07,
train,0,1.11e-06,
train,0,3.1e-07,
train,0,1.4e-07,
train,0,1.08e-06,
train,0,1.5e-06,
train,0,5.9e-07,
train,0,3.2e-07,
train,0,3.3e-07,
train,0,8.519e-05,
train,0,7.72e-05,
train,0,1.25e-06,
train,0,7.2e-07,
train,0,1.362e-05,
train,0,2.05e-06,
train,0,1.47e-06,
train,0,1.199e-05,
train,0,1.09e-06,
train,0,1.85e-06,
train,0,1.489e-05,
train,0,1.15e-06,
train,0,1.48e-06,
train,1,0.99040072,
train,0,3.64e-06,
train,0,1.391e-05,
train,0,2.19e-06,
train,0,0.00010364,
train,0,4.5e-07,
train,0,0.00013519,
train,0,5e-07,
train,0,1.96e-06,
train,0,1.95e-06,
train,0,1.33e-06,
train,0,5.87e-06,
train,0,5.82e-06,
train,0,1.66e-06,
train,0,1.14e-06,
train,0,2.6e-07,
train,0,2.761e-05,
train,0,1.11e-06,
train,0,1.19e-06,
train,0,4.731e-05,
train,0,2.13e-06,
train,0,2.38e-06,
train,0,8.9e-07,
train,0,1.18e-06,
train,0,5.43e-06,
train,0,1.81e-06,
train,0,2.379e-05,
train,0,4.3e-07,
train,0,2.799e-05,
train,0,2.41e-06,
train,0,5.9e-06,
train,0,1.79e-06,
train,0,7.3e-07,
train,0,6.3e-07,
train,0,1.91e-06,
train,0,1.163e-05,
train,0,2.26e-06,
train,0,0.00016657,
train,0,5.67e-06,
train,0,2.189e-05,
train,0,1.6e-06,
train,0,2.658e-05,
train,0,2.66e-06,
train,0,8.6e-07,
train,0,3.1e-07,
train,0,2.17e-06,
train,0,5.4e-07,
train,0,3.95e-06,
train,0,1.29e-06,
train,0,2.405e-05,
train,0,7.1e-07,
train,0,1.647e-05,
train,0,1.438e-05,
train,0,4.45e-06,
train,0,2.81e-06,
train,0,9.4e-07,
train,0,4.94e-06,
train,0,2.71e-06,
train,0,1.22e-06,
train,0,3.22e-06,
train,0,1.26e-06,
train,0,1.3e-06,
train,0,4.6e-06,
train,0,7.27e-06,
train,0,5.2e-07,
train,0,2.75e-06,
train,0,1.81e-06,
train,0,3.98e-06,
train,0,3.3e-06,
train,0,2.13e-06,
train,0,9.54e-06,
train,0,1.218e-05,
train,0,2.6e-07,
train,0,1.48e-06,
train,0,1.15e-06,
train,0,6.2e-07,
train,0,1.74e-06,
train,0,9.74e-06,
train,0,1.11e-06,
train,0,1.11e-06,
train,0,2.38e-06,
train,0,6.15e-06,
train,0,3.2e-07,
train,0,1.389e-05,
train,0,1.531e-05,
train,0,8.25e-06,
train,0,0.00030602,
train,0,0.00014024,
train,0,3.22e-06,
train,0,2.689e-05,
train,0,1.11e-06,
train,0,7.25e-06,
train,0,9.58e-06,
train,0,2.93e-06,
train,0,5.87e-06,
train,0,1.55e-06,
train,0,9.6e-07,
train,0,6.22e-06,
train,0,1.512e-05,
train,0,3.74e-06,
train,0,1.19e-06,
train,0,3.33e-06,
train,0,1.45e-06,
train,0,2.14e-06,
train,0,4.7e-07,
train,0,1.53e-06,
train,0,3.81e-06,
train,0,2.762e-05,
train,0,8.85e-06,
train,0,0.0006976,
train,0,1.31e-06,
train,0,3.79e-06,
train,0,4.4e-07,
train,0,2.738e-05,
train,0,3.08e-06,
train,0,1.49e-06,
train,0,1.206e-05,
train,0,1.472e-05,
train,0,2.17e-05,
train,0,2.75e-06,
train,0,1.77e-06,
train,0,5.3e-06,
train,0,2.178e-05,
train,0,0.0001537,
train,0,6.5e-07,
train,0,1.624e-05,
train,0,9.1e-07,
train,0,1.54e-06,
train,0,1.17e-06,
train,0,2.07e-06,
train,0,1.53e-06,
train,0,0.00018582,
train,0,2.69e-06,
train,0,7.8e-07,
train,0,2.8e-07,
train,0,2.63e-06,
train,0,2.308e-05,
train,0,5.91e-06,
train,0,1.557e-05,
train,0,1.04e-06,
train,0,6.41e-06,
train,0,1.6e-06,
train,0,4.02e-06,
train,0,3.51e-06,
train,0,1.75e-06,
train,0,1.36e-06,
train,0,1.77e-06,
train,0,5.61e-06,
train,0,2.36e-06,
train,0,5.14e-06,
train,0,8.7e-07,
train,0,4.3e-06,
train,0,9.2e-07,
train,0,1.11e-06,
train,0,3.73e-06,
train,0,2.02e-06,
train,0,2.64e-06,
train,0,9.52e-06,
train,0,4.35e-06,
train,0,1.91e-06,
train,0,3.69e-06,
train,0,2.19e-06,
train,0,1.43e-06,
train,0,2.06e-05,
train,0,5.7e-07,
train,0,5.2e-07,
train,0,3.415e-05,
train,0,1.27e-06,
train,0,2.35e-06,
train,0,1.886e-05,
train,0,8.52e-06,
train,0,5.3e-06,
train,0,1.34e-06,
train,0,8.48e-06,
train,0,2.24e-06,
train,0,3.33e-06,
train,0,2.74e-06,
train,0,3.22e-06,
train,0,3.2e-07,
train,0,3.471e-05,
train,0,2.05e-06,
train,0,4.7e-07,
train,0,1.47e-06,
train,0,6.697e-05,
train,0,5.9e-07,
train,0,1.15e-06,
train,0,4.9e-06,
train,0,1.06e-06,
train,0,5.9e-07,
train,0,2.96e-06,
train,0,2.08e-06,
train,0,2.4e-07,
train,0,6.9e-07,
train,0,1.3e-06,
train,0,7.2e-07,
train,0,6.4e-07,
train,0,2.85e-06,
train,0,1.741e-05,
train,0,6.9e-07,
train,0,2.313e-05,
train,0,3.3e-07,
train,0,7.3e-07,
train,0,9e-07,
train,0,3.2e-07,
train,0,3.5e-07,
train,0,1.53e-06,
train,0,1.225e-05,
train,0,1.68e-06,
train,0,9.5e-07,
train,0,2.4e-07,
train,0,1.132e-05,
train,0,2.39e-06,
train,0,1.622e-05,
train,0,5e-07,
train,0,4.1e-07,
train,0,1.39e-06,
train,0,1.033e-05,
train,0,5.897e-05,
train,0,3.95e-06,
train,0,6.2e-07,
train,0,6.4e-06,
train,0,6.9e-07,
train,0,6.4e-07,
train,0,1.54e-06,
train,0,2.16e-06,
train,0,3.51e-06,
train,0,2.479e-05,
train,0,2.377e-05,
train,0,1.21e-06,
train,0,4.12e-06,
train,0,1.27e-06,
train,0,7.52e-06,
train,0,8.7e-07,
train,0,1.806e-05,
train,0,5.4e-07,
train,0,1e-06,
train,0,1.05e-06,
train,0,4.97e-06,
train,0,8.01e-06,
train,0,2.6e-07,
train,0,7.41e-05,
train,0,1.83e-06,
train,0,5.87e-06,
train,0,3.54e-06,
train,0,5.39e-06,
train,0,1.426e-05,
train,0,1.9e-06,
train,0,1.061e-05,
train,0,1.32e-06,
train,0,1.921e-05,
train,0,6.55e-06,
train,0,5.08e-06,
train,0,2.48e-06,
train,0,4.85e-05,
train,0,2.41e-06,
train,0,8.45e-06,
train,0,4.23e-06,
train,0,2.1e-06,
train,0,3.82e-06,
train,0,5.3e-07,
train,0,0.00034905,
train,0,1.322e-05,
train,0,1.284e-05,
train,0,1.77e-06,
train,0,1.67e-06,
train,0,1.82e-06,
train,0,1.29e-06,
train,0,1.435e-05,
train,0,1.76e-06,
train,0,1.31e-06,
train,0,2.72e-06,
train,0,5.09e-06,
train,0,1.06e-06,
train,0,0.00034665,
train,0,4.39e-06,
train,0,2.83e-06,
train,0,2.62e-06,
train,0,6.28e-06,
train,0,3.55e-06,
train,0,2.19e-06,
train,0,3.62e-06,
train,0,1.277e-05,
train,0,1.306e-05,
train,0,2.157e-05,
train,0,2.123e-05,
train,0,9.63e-06,
train,0,3.891e-05,
train,0,2.83e-06,
train,0,6.12e-06,
train,0,7.57e-06,
train,0,3.55e-06,
train,0,1.77e-06,
train,0,2.45e-06,
train,0,8.1e-07,
train,0,1.06e-06,
train,0,2.33e-06,
train,0,1.83e-06,
train,0,1.44e-05,
train,0,8e-07,
train,0,1.59e-06,
train,0,1.698e-05,
train,0,2.9e-06,
train,0,4.62e-06,
train,0,1.142e-05,
train,0,8.71e-06,
train,0,9.67e-06,
train,0,2.38e-06,
train,0,2.18e-06,
train,0,3.38e-06,
train,0,2.6e-06,
train,0,2.04e-06,
train,0,6.133e-05,
train,0,3.85e-06,
train,0,1.96e-06,
train,0,1.575e-05,
train,0,1.05e-06,
train,0,1.8e-06,
train,0,1.18e-06,
train,0,3.9e-06,
train,0,2.75e-06,
train,0,1.23e-06,
train,0,1.997e-05,
train,0,1.04e-06,
train,0,3.53e-06,
train,0,1.35e-06,
train,0,1.522e-05,
train,0,1.14e-06,
train,0,4.6e-07,
train,0,1e-06,
train,0,4.6e-07,
train,0,7.68e-06,
train,0,1.99e-06,
train,0,2.26e-06,
train,0,3.1e-06,
train,0,1.43e-06,
train,0,4e-07,
train,0,4.15e-06,
train,0,4.7e-07,
train,0,4.85e-06,
train,0,6.09e-06,
train,0,1.549e-05,
train,0,7.8e-06,
train,0,7.56e-06,
train,0,2.495e-05,
train,0,4.4e-07,
train,0,1.98e-06,
train,0,5.99e-06,
train,0,1.29e-06,
train,0,5.9e-07,
train,0,9.57e-06,
train,0,3.7e-07,
train,0,3.62e-06,
train,0,2.48e-06,
train,0,0.00011564,
train,0,3.8e-07,
train,0,1.8e-06,
train,0,6e-07,
train,0,2.61e-06,
train,0,2.6e-06,
train,0,6.66e-06,
train,0,3.82e-06,
train,0,2.79e-06,
train,0,6.03e-06,
train,0,1.458e-05,
train,0,6.61e-06,
train,0,2.3e-07,
train,0,2.67e-06,
train,0,1.18e-06,
train,0,2.28e-06,
train,0,5.38e-06,
train,0,1.246e-05,
train,0,1.171e-05,
train,0,8e-07,
train,0,2.96e-06,
train,0,3.68e-06,
train,0,0.00027119,
train,0,9.31e-06,
train,0,3.89e-06,
train,0,2.85e-06,
train,0,1.24e-06,
train,0,1.166e-05,
train,0,8.92e-06,
train,0,5.6e-07,
train,0,4.3e-07,
train,0,4.6e-07,
train,0,1.54e-06,
train,0,2.29e-06,
train,0,0.00017921,
train,0,1.57e-06,
train,0,9.6e-07,
train,0,4.4e-07,
train,0,6.65e-06,
train,0,4.77e-06,
train,0,2.47e-06,
train,0,3.4e-07,
train,0,1.125e-05,
train,0,3.46e-06,
train,0,2.8e-06,
train,0,1.41e-06,
train,0,1.53e-06,
train,0,0.00052476,
train,0,1.71e-06,
train,0,6.7e-07,
train,0,6.8e-07,
train,0,2.99e-06,
train,0,5.24e-06,
train,0,9.01e-06,
train,0,1.216e-05,
train,0,5.05e-06,
train,0,6.8e-07,
train,0,5.6e-06,
train,0,1.06e-06,
train,0,2.1e-07,
train,0,4.12e-06,
train,0,8.5e-07,
train,0,1.38e-06,
train,0,7.4e-07,
train,0,1.04e-06,
train,0,1.59e-06,
train,0,1.02e-06,
train,0,1.38e-06,
train,0,6e-07,
train,0,1.69e-06,
train,0,6.21e-06,
train,0,5.7e-07,
train,0,3.4e-07,
train,0,6.8e-07,
train,0,8e-07,
train,0,4.35e-06,
train,0,6.3e-07,
train,0,1.15e-06,
train,0,9.9e-07,
train,0,2.08e-06,
train,0,0.00017689,
train,0,5.8e-07,
train,0,4.5e-07,
train,0,2.3e-07,
train,0,7.4e-07,
train,0,9.1e-07,
train,1,0.99887426,
train,0,5e-07,
train,0,3.77e-06,
train,0,5e-07,
train,0,1.867e-05,
train,0,5.73e-06,
train,0,3.07e-06,
train,1,0.99901922,
train,0,7e-07,
train,0,1.034e-05,
train,0,1.11e-06,
train,0,0.0002388,
train,0,9.5e-07,
train,0,1.741e-05,
train,0,2.58e-06,
train,0,1.19e-06,
train,1,0.99990972,
train,0,1.52e-06,
train,0,1.44e-06,
train,0,7.2e-07,
train,0,2.906e-05,
train,0,2.96e-06,
train,0,4.98e-06,
train,1,0.99990973,
train,0,7.2e-07,
train,0,3.6e-07,
train,1,0.9999091,
train,0,2.47e-06,
train,0,2.984e-05,
train,0,2.03e-06,
train,0,8.9e-07,
train,0,1.48e-06,
train,0,1.362e-05,
train,0,7.7e-07,
train,0,5.3e-07,
train,0,5.35e-06,
train,0,5.3e-07,
train,0,1.71e-06,
train,0,7.677e-05,
train,0,7.15e-06,
train,0,4.5e-07,
train,0,3.15e-06,
train,0,1.51e-06,
train,0,8.6e-06,
train,0,5.6e-07,
train,0,1.61e-06,
train,0,3.87e-06,
train,0,2.07e-06,
train,0,2.217e-05,
train,0,7.2e-07,
train,0,1.15e-06,
train,0,1.89e-06,
train,0,4.53e-06,
train,0,9.43e-06,
train,0,3.725e-05,
train,1,0.99977338,
train,0,9.9e-07,
train,0,4.18e-06,
train,0,3.34e-06,
train,0,3.5e-05,
train,0,1.38e-06,
train,0,2.05e-06,
train,0,1.107e-05,
train,0,6.3e-07,
train,0,1.93e-06,
train,0,0.00012334,
train,0,6.37e-06,
train,0,0.00011473,
train,0,1.11e-06,
train,0,3.06e-06,
train,0,1.489e-05,
train,0,0.00124973,
train,0,6.9e-07,
train,0,1.39e-06,
train,0,2.38e-06,
train,0,1.81e-06,
train,0,2.076e-05,
train,1,0.9996212,
train,0,1.79e-06,
train,0,8.3e-07,
train,0,7.66e-06,
train,0,5.45e-06,
train,0,5.84e-06,
train,0,4.44e-06,
train,0,6.77e-06,
train,0,5.82e-06,
train,0,3.02e-06,
train,0,1.72e-06,
train,0,1.553e-05,
train,0,4.06e-06,
train,0,8.9e-07,
train,0,1.186e-05,
train,0,1.08e-06,
train,0,3.38e-06,
train,0,4.72e-06,
train,0,2.55e-06,
train,0,1.51e-06,
train,0,1.15e-06,
train,0,2.251e-05,
train,0,4.33e-06,
train,0,1.13e-06,
train,0,1.02e-06,
train,0,3.11e-06,
train,0,8.71e-06,
train,0,4.44e-06,
train,0,9.2e-07,
train,0,2.93e-06,
train,0,1.12e-06,
train,0,9e-07,
train,0,7.67e-06,
train,0,0.0001294,
train,0,2.22e-06,
train,0,2.187e-05,
train,0,3.35e-06,
train,0,5.42e-06,
train,0,1.06e-06,
train,0,3.709e-05,
train,0,1.942e-05,
train,0,9.42e-06,
train,0,5.2e-07,
train,0,2.79e-06,
train,0,2.67e-06,
train,0,9.799e-05,
train,0,1.44e-06,
train,0,2.438e-05,
train,0,9.2e-07,
train,0,2.78e-06,
train,0,4.3e-07,
train,0,0.00018597,
train,0,1.61e-06,
train,0,6.537e-05,
train,0,5.64e-06,
train,0,8.74e-06,
train,0,2.67e-06,
train,0,2.22e-06,
train,0,4.404e-05,
train,0,1.42e-06,
train,0,7.09e-06,
train,0,3.96e-06,
train,0,1.55e-06,
train,0,6.86e-06,
train,0,4.57e-06,
train,0,1.269e-05,
train,0,2.73e-06,
train,0,1.43e-06,
train,0,1.64e-06,
train,0,6.54e-06,
train,0,3.02e-06,
train,0,4.42e-06,
train,0,9.7e-07,
train,0,2.657e-05,
train,0,4.9e-07,
train,0,3.31e-06,
train,0,5.387e-05,
train,0,1.009e-05,
train,0,2.63e-06,
train,0,4.9e-06,
train,0,3.67e-06,
train,0,1.63e-06,
train,0,3.02e-06,
train,0,7.9e-06,
train,0,6.64e-06,
train,0,7.35e-06,
train,0,2.64e-06,
train,0,2.13e-06,
train,0,5.4e-07,
train,0,2.934e-05,
train,0,4e-07,
train,0,4.48e-06,
train,0,1.14e-06,
train,0,3.89e-06,
train,0,5.17e-06,
train,0,2.64e-06,
train,0,1.04e-06,
train,0,7.2e-07,
train,0,3.55e-06,
train,0,6.33e-06,
train,0,2.013e-05,
train,0,1.51e-06,
train,0,2.23e-06,
train,0,1.833e-05,
train,0,8.3e-07,
train,0,1.26e-05,
train,0,1.18e-06,
train,0,8e-07,
train,0,9.33e-06,
train,0,1.44e-06,
train,0,2.63e-06,
train,0,1.889e-05,
train,0,4.4e-07,
train,0,4e-07,
train,0,1.22e-06,
train,0,5.8e-07,
train,0,9.3e-07,
train,0,6.01e-06,
train,0,8.1e-07,
train,0,2.36e-06,
train,0,3.4e-07,
train,0,2.6e-07,
train,0,4e-07,
train,0,1.06e-06,
train,0,3.8e-07,
train,0,6.4e-07,
train,0,1.22e-06,
train,0,3.09e-06,
train,0,5.6e-07,
train,0,6.3e-07,
train,0,1.04e-06,
train,0,2.82e-06,
train,0,4.14e-06,
train,0,9.9e-07,
train,0,5.4e-07,
train,0,4.72e-06,
train,0,1.09e-06,
train,0,2.4e-06,
train,0,1.93e-06,
train,0,6.26e-06,
train,0,8.6e-07,
train,0,8.6e-07,
train,0,2.02e-06,
train,0,2.55e-06,
train,0,3e-06,
train,0,5.5e-07,
train,0,3.86e-06,
train,0,6.237e-05,
train,0,2.62e-06,
train,0,8.6e-07,
train,0,2.28e-06,
train,0,3.11e-06,
train,0,1.46e-06,
train,0,5.6e-07,
train,0,1.23e-06,
train,0,8.8e-07,
train,0,1.28e-06,
train,0,1.11e-06,
train,0,2.2e-05,
train,0,5.39e-06,
train,0,2.74e-06,
train,0,1.59e-06,
train,0,3.104e-05,
train,0,3.46e-06,
train,0,6.64e-06,
train,0,5.13e-06,
train,0,2.77e-06,
train,0,1.95e-06,
train,1,0.99651817,
train,0,6.9e-07,
train,0,2.53e-06,
train,0,2.199e-05,
train,0,1.78e-06,
train,0,0.00097246,
train,0,7.7e-07,
train,0,9.5e-07,
train,0,2.7e-06,
train,0,1.256e-05,
train,0,6.1e-07,
train,0,5.1e-07,
train,0,1.806e-05,
train,0,3.53e-06,
train,0,3.055e-05,
train,0,1.6e-06,
train,0,6.38e-06,
train,0,1.741e-05,
train,0,2.65e-06,
train,0,2.26e-06,
train,0,7.8e-07,
train,0,6.8e-07,
train,0,4.8e-07,
train,1,0.99747238,
train,0,0.00024625,
train,0,0.00035658,
train,0,1.804e-05,
train,0,3.28e-06,
train,0,4.71e-06,
train,0,5.26e-06,
train,0,2.45e-06,
train,0,6.69e-06,
train,0,7.91e-06,
train,0,1.381e-05,
train,0,8.02e-06,
train,0,8.3e-07,
train,0,6.82e-06,
train,0,2.643e-05,
train,1,0.99965198,
train,0,2.13e-06,
train,0,2.55e-06,
train,0,9.3e-07,
train,0,3.73e-06,
train,0,1.64e-06,
train,0,1.08e-06,
train,0,4.33e-06,
train,0,1.217e-05,
train,0,0.0001408,
train,0,2.89e-06,
train,0,2.21e-06,
train,0,1.07e-06,
train,0,5.8e-07,
train,0,6.94e-06,
train,0,8.1e-07,
train,0,1.739e-05,
train,0,7.6e-07,
train,0,3.99e-06,
train,0,4.132e-05,
train,0,2.26e-06,
train,0,3.682e-05,
train,0,2.5e-06,
train,0,0.04715139,
train,0,3.79e-06,
train,0,3.92e-06,
train,0,7.78e-06,
train,0,9.9e-06,
train,0,4.28e-06,
train,0,5.5e-07,
train,0,6.5e-07,
train,0,7.4e-07,
train,0,1.04e-06,
train,0,2.428e-05,
train,0,1.11e-06,
train,0,8.68e-06,
train,0,1.31e-06,
train,0,4.61e-06,
train,0,1.38e-06,
train,0,1.61e-06,
train,0,1.9e-06,
train,0,0.00334454,
train,0,4.4e-07,
train,0,8.2e-07,
train,0,7.59e-06,
train,0,3.81e-06,
train,0,1.374e-05,
train,0,1.85e-06,
train,0,2.84e-06,
train,0,2.52e-06,
train,0,5.91e-06,
train,0,7.23e-06,
train,0,1.63e-05,
train,0,1.325e-05,
train,0,1.02e-06,
train,0,0.00011149,
train,0,1.424e-05,
train,0,9.1e-07,
train,0,1.43e-06,
train,0,2.98e-06,
train,0,1.39e-06,
train,0,1.574e-05,
train,0,7.928e-05,
train,0,2.49e-06,
train,0,6.8e-07,
train,0,2.481e-05,
train,0,3.998e-05,
train,0,1.863e-05,
train,0,4.312e-05,
train,0,3.28e-06,
train,0,4.65e-06,
train,0,1.057e-05,
train,0,1.72e-06,
train,0,2.41e-06,
train,0,1.229e-05,
train,0,1.78e-06,
train,0,3.48e-06,
train,0,1.03e-06,
train,0,1.853e-05,
train,0,0.00017436,
train,0,1.702e-05,
train,0,8.61e-06,
train,0,1.631e-05,
train,0,1.8e-06,
train,0,4.29e-06,
train,0,1.38e-06,
train,0,3.5e-06,
train,0,4.952e-05,
train,0,0.00010226,
train,0,1.58e-06,
train,0,2.5e-06,
train,0,2.11e-06,
train,0,3.8e-07,
train,0,1.034e-05,
train,0,1.76e-06,
train,0,2.12e-06,
train,0,4.962e-05,
train,0,1.85e-06,
train,0,7.549e-05,
train,0,4.1e-06,
train,0,3.32e-06,
train,0,1.42e-05,
train,0,1.29e-06,
train,0,9.6e-07,
train,0,2.03e-06,
train,0,3.01e-06,
train,0,4.11e-06,
train,0,1.31e-06,
train,0,6.2e-07,
train,0,4e-07,
train,0,6.51e-06,
train,0,1.06e-06,
train,0,0.00015059,
train,0,5.195e-05,
train,0,1.321e-05,
train,0,7.1e-07,
train,0,1.332e-05,
train,0,1.296e-05,
train,0,6.7e-07,
train,0,1.002e-05,
train,0,1.315e-05,
train,0,5.432e-05,
train,0,0.0012137,
train,0,0.00014345,
train,0,8.3e-07,
train,0,7.33e-06,
train,0,8.77e-06,
train,0,3.44e-06,
train,0,1.179e-05,
train,0,7.73e-06,
train,0,4.57e-06,
train,0,1.003e-05,
train,0,2.5e-07,
train,0,2.95e-06,
train,0,1.22e-06,
train,0,5.75e-06,
train,0,6.28e-06,
train,0,1.72e-06,
train,0,4.17e-06,
train,0,4.89e-06,
train,0,5.15e-06,
train,0,4.89e-06,
train,0,4.3e-07,
train,0,1.47e-06,
train,0,7.2e-07,
train,0,2.03e-06,
train,0,4.82e-06,
train,0,6.4e-06,
train,0,1.897e-05,
train,0,5.51e-06,
train,0,7.3e-07,
train,0,8.7e-07,
train,0,1.399e-05,
train,0,4.16e-06,
train,0,4.54e-06,
train,0,5.2e-07,
train,0,6.7e-07,
train,0,0.00038904,
train,0,3.33e-06,
train,0,2.62e-06,
train,0,6.3e-07,
train,0,3.9e-07,
train,0,9.02e-06,
train,0,3.61e-06,
train,0,1.421e-05,
train,0,1.87e-06,
train,0,2.98e-06,
train,0,8.7e-07,
train,0,8.91e-06,
train,0,1.21e-06,
train,0,1.35e-06,
train,0,1.22e-06,
train,0,3.66e-06,
train,0,4e-07,
train,0,7.57e-06,
train,0,2.16e-06,
train,0,1.19e-06,
train,0,3.4e-07,
train,0,1.35e-06,
train,0,4.63e-06,
train,0,2.46e-06,
train,0,2.38e-06,
train,0,1.513e-05,
train,0,1.63e-06,
train,0,1.511e-05,
train,0,1.83e-06,
train,0,2.24e-06,
train,0,1.78e-06,
train,0,7.3e-07,
train,0,3.93e-06,
train,0,3.7e-07,
train,0,1.45e-06,
train,0,2.98e-06,
train,0,2.727e-05,
train,0,2.5e-07,
train,0,1.47e-06,
train,0,3.75e-05,
train,0,2.3e-07,
train,0,2.4e-07,
train,0,5.4e-07,
train,0,1.03e-06,
train,0,1e-06,
train,0,8.9e-07,
train,0,6.3e-07,
train,0,1.87e-06,
train,0,3.7e-06,
train,0,1.11e-06,
train,0,7.6e-07,
train,0,1.99e-06,
train,0,9.8e-07,
train,0,1.94e-06,
train,0,3.36e-06,
train,0,5e-07,
train,0,8.1e-07,
train,0,3.6e-07,
train,0,3.15e-06,
train,0,1.47e-06,
train,0,6.5e-07,
train,0,3.81e-06,
train,0,1.25e-06,
train,0,1.01e-06,
train,0,1.2e-06,
train,0,6.1e-07,
train,0,2.24e-06,
train,0,1.4e-06,
train,0,4.7e-07,
train,0,1.49e-06,
train,0,1.83e-06,
train,0,4.7e-07,
train,0,3.09e-06,
train,0,1.26e-06,
train,0,3.63e-06,
train,0,1.08e-06,
train,0,1.389e-05,
train,0,8.2e-07,
train,0,9.23e-06,
train,0,6.5e-07,
train,0,5.8e-07,
train,0,1.99e-06,
train,0,7.4e-07,
train,0,4.4e-07,
train,0,4.5e-07,
train,0,4.47e-06,
train,0,4.2e-07,
train,0,3.56e-06,
train,0,4.83e-06,
train,0,4.24e-06,
train,1,0.99975779,
train,0,3.6e-07,
train,0,4.884e-05,
train,0,3.565e-05,
train,0,8e-07,
train,0,1.37e-06,
train,0,2.57e-06,
train,0,2.37e-06,
train,0,1.02e-06,
train,0,1.7e-06,
train,0,2.59e-06,
train,0,2.3e-06,
train,0,2.52e-06,
train,0,2.7e-06,
train,0,4.27e-06,
train,0,1.25e-06,
train,0,1.04e-06,
train,0,2.5e-06,
train,0,4.722e-05,
train,0,6.6e-07,
train,0,0.00013466,
train,0,1.01e-06,
train,0,2.758e-05,
train,0,1.648e-05,
train,0,8.206e-05,
train,0,3.822e-05,
train,0,4.46e-06,
train,0,1.147e-05,
train,0,1.62e-06,
train,0,3.7e-07,
train,0,7.16e-06,
train,0,2.18e-06,
train,0,6.5e-07,
train,0,1e-06,
train,0,2.33e-06,
train,0,2.13e-06,
train,0,1.65e-06,
train,0,4e-07,
train,0,2.39e-06,
train,0,2.081e-05,
train,0,2.768e-05,
train,0,1.39e-06,
train,0,1.36e-06,
train,0,1.82e-06,
train,0,1.201e-05,
train,0,7.7e-07,
train,0,4.96e-06,
train,0,4.11e-06,
train,0,2.05e-06,
train,0,1.63e-06,
train,0,2.2e-07,
train,0,3.5e-06,
train,0,1.238e-05,
train,0,2.41e-06,
train,0,1.942e-05,
train,0,0.0001134,
train,0,2.5e-06,
train,0,7.7e-07,
train,0,1.79e-06,
train,0,1.31e-06,
train,0,1.18e-06,
train,0,3.33e-06,
train,0,1.89e-06,
train,0,2.043e-05,
train,0,2.73e-06,
train,0,2.9e-07,
train,0,1.886e-05,
train,0,1.9e-06,
train,0,4.65e-05,
train,0,2.042e-05,
train,0,0.00020485,
train,0,1.12e-06,
train,0,1.13e-06,
train,0,2e-06,
train,0,3.06e-06,
train,0,2.44e-06,
train,0,1.27e-06,
train,0,0.00067787,
train,0,2.57e-06,
train,0,3.84e-06,
train,0,6.5e-07,
train,0,2.07e-06,
train,0,6.9e-07,
train,0,9.03e-06,
train,0,1.769e-05,
train,0,4.058e-05,
train,0,0.00027009,
train,0,5.088e-05,
train,0,9.03e-06,
train,0,4.5e-06,
train,0,5.08e-06,
train,0,2.85e-06,
train,0,1.52e-06,
train,0,2.4e-06,
train,0,5.1e-07,
train,0,1.22e-06,
train,0,2.3e-06,
train,0,3.71e-06,
train,0,3.18e-06,
train,0,6.9e-07,
train,0,1.017e-05,
train,0,6.267e-05,
train,0,8.794e-05,
train,0,0.00022103,
train,0,1.489e-05,
train,0,1.07e-06,
train,0,2.92e-06,
train,0,3.42e-06,
train,0,1.471e-05,
train,0,2.21e-06,
train,0,0.00046623,
train,0,4.92e-06,
train,0,3.33e-06,
train,0,2.34e-06,
train,0,9.23e-06,
train,0,2.08e-06,
train,0,6.01e-06,
train,0,3.4e-06,
train,0,9.705e-05,
train,1,0.99918799,
train,0,3.646e-05,
train,0,0.00013947,
train,0,5.552e-05,
train,0,9.46e-06,
train,0,3.05e-06,
train,0,1.019e-05,
train,0,1.569e-05,
train,0,7.33e-06,
train,0,6.27e-06,
train,1,0.99990586,
train,0,5.14e-06,
train,0,2.74e-06,
train,0,0.0004737,
train,0,1.599e-05,
train,0,1.82e-06,
train,0,4e-07,
train,0,8.2e-07,
train,0,4.8e-06,
train,0,1.32e-06,
train,0,3.57e-06,
train,0,9.35e-06,
train,0,9.6e-07,
train,0,4e-07,
train,0,3.98e-06,
train,0,7.6e-07,
train,0,3.12e-06,
train,0,1.02e-06,
train,0,1.2e-06,
train,0,1.195e-05,
train,0,8.127e-05,
train,0,3.01e-06,
train,0,0.00016755,
train,0,2.2e-06,
train,0,2.95e-06,
train,0,4.33e-06,
train,0,1.02e-06,
train,0,8.7e-07,
train,0,2.23e-06,
train,0,8.7e-07,
train,0,2.53e-06,
train,0,1.3e-06,
train,0,6.6e-07,
train,0,1.281e-05,
train,0,6.34e-06,
train,0,4.333e-05,
train,0,3.5e-07,
train,0,1.15e-06,
train,0,2.53e-06,
train,0,1.12e-06,
train,0,9.2e-07,
train,0,2.92e-06,
train,0,1.18e-06,
train,0,1.09e-06,
train,0,2.61e-06,
train,0,3.4e-07,
train,0,4.1e-07,
train,0,4.4e-07,
train,0,1.051e-05,
train,0,1.55e-06,
train,0,2.552e-05,
train,0,1.27e-06,
train,0,2.86e-06,
train,0,2.03e-06,
train,0,9.8e-07,
train,0,1.153e-05,
train,0,1.58e-06,
train,0,2.28e-06,
train,0,1.368e-05,
train,0,4.42e-06,
train,0,1.8e-06,
train,0,4.162e-05,
train,0,2.91e-06,
train,0,6.57e-06,
train,0,2.5e-06,
train,0,2.11e-06,
train,0,2.81e-06,
train,0,3.46e-06,
train,0,2.6e-07,
train,0,9.4e-07,
train,0,3.13e-06,
train,0,9.2e-07,
train,0,9.6e-07,
train,0,2.18e-06,
train,0,5.7e-07,
train,0,2.041e-05,
train,0,1.51e-06,
train,0,3.61e-06,
train,0,6.2e-07,
train,0,3.7e-07,
train,0,1.23e-06,
train,0,7.14e-06,
train,0,1.64e-06,
train,0,2.14e-06,
train,0,4.9e-07,
train,0,3.8e-07,
train,0,6.6e-07,
train,0,1.1e-07,
train,0,4.9e-07,
train,0,6.8e-07,
train,0,4.76e-06,
train,0,3e-07,
train,0,5.2e-07,
train,0,3.9e-07,
train,0,8.8e-07,
train,0,8.1e-07,
train,0,7.4e-07,
train,0,4.1e-07,
train,0,5.4e-07,
train,0,2.49e-06,
train,0,2.33e-06,
train,0,1.02e-06,
train,0,1.47e-06,
train,0,3.4e-07,
train,0,1.08e-06,
train,0,2.6e-07,
train,0,6.8e-07,
train,0,2.8e-07,
train,0,1.37e-06,
train,0,2.5e-07,
train,0,8.49e-06,
train,0,2.122e-05,
train,0,2.834e-05,
train,0,1.14e-06,
train,0,1.47e-06,
train,0,4e-07,
train,0,9.7e-07,
train,0,1.06e-06,
train,0,8e-07,
train,0,7e-07,
train,0,1.3e-06,
train,0,1.62e-06,
train,0,1.498e-05,
train,0,1.39e-06,
train,0,0.00016878,
train,0,1.72e-06,
train,0,6.8e-07,
train,0,3.3e-07,
train,0,1.08e-06,
train,0,1.94e-06,
train,0,0.00028821,
train,0,5.5e-07,
train,0,2.28e-06,
train,0,3.06e-06,
train,0,1e-06,
train,0,1.693e-05,
train,0,3.72e-06,
train,0,6.53e-06,
train,0,5.2e-07,
train,0,6.1e-07,
train,0,2.46e-06,
train,0,8.2e-07,
train,0,6.6e-07,
train,0,2.22e-06,
train,0,9.2e-07,
train,0,1.81e-06,
train,0,5.361e-05,
train,0,1.319e-05,
train,0,6.84e-06,
train,0,7.76e-06,
train,0,5.91e-06,
train,0,2.76e-06,
train,0,3.17e-06,
train,0,8.462e-05,
train,0,4.19e-06,
train,0,4.9e-07,
train,0,1.74e-06,
train,0,1.49e-06,
train,0,1.01e-06,
train,0,4.27e-06,
train,0,1.468e-05,
train,0,2.145e-05,
train,0,4.52e-06,
train,0,0.00027734,
train,0,2.648e-05,
train,0,7.3e-07,
train,0,7.76e-06,
train,0,6.6e-07,
train,0,1.01e-06,
train,0,4.704e-05,
train,0,9.38e-06,
train,0,1.05e-06,
train,0,9.2e-07,
train,0,1.41e-05,
train,0,8.34e-06,
train,0,4.29e-06,
train,0,4.6e-07,
train,0,9.4e-07,
train,0,3.78e-06,
train,0,1.215e-05,
train,0,1.35e-06,
train,0,4.055e-05,
train,0,2.92e-06,
train,0,2.85e-06,
train,0,4.9e-07,
train,0,2.82e-06,
train,0,1.455e-05,
train,0,7e-07,
train,0,2.068e-05,
train,0,1.02e-05,
train,0,1.44e-06,
train,0,3.29e-06,
train,0,1.864e-05,
train,0,8.8e-07,
train,0,6.3e-07,
train,0,2.06e-06,
train,0,1.04e-06,
train,0,6.8e-07,
train,0,2.99e-06,
train,0,4.5e-06,
train,0,1.01e-06,
train,0,2.7e-06,
train,0,7.3e-07,
train,0,1.55e-06,
train,0,2.23e-06,
train,0,5.689e-05,
train,0,6.7e-07,
train,0,9.2e-07,
train,0,1.606e-05,
train,0,4.73e-06,
train,0,1.284e-05,
train,0,2.61e-06,
train,0,3.98e-06,
train,0,2.92e-06,
train,0,4.1e-07,
train,0,1.22e-06,
train,0,8.88e-06,
train,0,6e-05,
train,0,9.4e-07,
train,0,1.28e-06,
train,0,1.5e-06,
train,0,1.522e-05,
train,0,2.2e-05,
train,0,8.08e-06,
train,0,7e-07,
train,0,5.84e-05,
train,0,3.43e-05,
train,0,1.257e-05,
train,0,3.32e-06,
train,0,1.007e-05,
train,0,2.06e-06,
train,0,3.16e-06,
train,0,4.8e-07,
train,0,3.95e-06,
train,0,3.1e-06,
train,0,8.54e-06,
train,0,7.91e-06,
train,0,3.364e-05,
train,0,7.451e-05,
train,0,1.117e-05,
train,0,1.736e-05,
train,0,2.48e-06,
train,0,6.57e-06,
train,0,2.8e-07,
train,0,6.34e-06,
train,0,7.29e-06,
train,1,0.99974513,
train,0,2.02e-06,
train,0,1.893e-05,
train,0,2.665e-05,
train,0,1.872e-05,
train,0,4.16e-06,
train,0,1.63e-06,
train,0,4.778e-05,
train,0,9.5e-07,
train,0,1.34e-06,
train,0,8.265e-05,
train,0,0.00151173,
train,0,3.2e-06,
train,0,5.19e-06,
train,0,1.57e-05,
train,0,1.03e-05,
train,0,9.3e-07,
train,0,6.17e-06,
train,0,3.12e-06,
train,0,1.53e-05,
train,0,3.19e-06,
train,0,6.9e-07,
train,0,1.76e-06,
train,0,3.711e-05,
train,0,3.05e-06,
train,0,3.51e-05,
train,0,1.33e-06,
train,0,0.00011336,
train,0,4.252e-05,
train,0,1.45e-06,
train,0,1.024e-05,
train,0,1.5e-06,
train,0,6.3e-07,
train,0,3.48e-06,
train,0,6.38e-06,
train,0,5e-07,
train,0,4.39e-06,
train,0,6.204e-05,
train,0,5.69e-06,
train,0,3.39e-06,
train,0,4.333e-05,
train,0,1.2e-06,
train,0,1.378e-05,
train,0,1.49e-06,
train,0,1.3e-06,
train,0,2.43e-06,
train,0,1.89e-06,
train,0,6.7e-07,
train,0,3.15e-06,
train,0,3.79e-06,
train,0,1.638e-05,
train,0,2.91e-06,
train,0,6.7e-07,
train,0,3.53e-06,
train,0,9.92e-06,
train,0,2.94e-06,
train,0,2.58e-06,
train,0,1.155e-05,
train,0,3.8e-07,
train,0,2.53e-06,
train,0,4.02e-06,
train,0,2.11e-06,
train,0,8.8e-07,
train,0,2.15e-06,
train,0,4.14e-06,
train,0,0.00531603,
train,0,5.38e-06,
train,0,2.07e-05,
train,0,9.832e-05,
train,0,5.68e-06,
train,0,1.99e-06,
train,0,2.8e-07,
train,0,6.61e-06,
train,0,1.618e-05,
train,0,3.15e-06,
train,0,4.48e-06,
train,0,4.01e-06,
train,0,1.69e-06,
train,0,5.83e-06,
train,0,2.32e-06,
train,0,2.12e-06,
train,0,7.3e-06,
train,0,9.75e-06,
train,0,1.98e-06,
train,0,4.33e-05,
train,0,1.81e-06,
train,0,1.08e-06,
train,0,4.1e-07,
train,0,1.547e-05,
train,0,5.362e-05,
train,0,8.82e-06,
train,0,2.13e-06,
train,0,2.17e-06,
train,0,6.325e-05,
train,0,4.39e-06,
train,0,6.7e-07,
train,0,0.00011849,
train,0,2.05e-06,
train,0,1.12e-06,
train,0,5.52e-06,
train,0,6.3e-07,
train,0,9.04e-06,
train,0,1.37e-06,
train,0,1.612e-05,
train,0,2.57e-06,
train,0,1.731e-05,
train,0,6.38e-06,
train,0,8.7e-06,
train,0,5.93e-06,
train,0,4.04e-06,
train,0,3.8e-07,
train,0,6.97e-06,
train,0,2.03e-06,
train,0,1.71e-06,
train,0,2.84e-06,
train,0,6e-07,
train,0,3.86e-06,
train,0,7.47e-06,
train,0,5.054e-05,
train,0,7.2e-07,
train,0,7e-07,
train,0,1.347e-05,
train,0,2.15e-06,
train,0,1.83e-06,
train,0,6.6e-07,
train,0,1.01e-06,
train,0,1.16e-05,
train,0,3.48e-06,
train,0,9.48e-06,
train,0,3.6e-07,
train,0,1.07e-06,
train,0,2.5e-06,
train,0,3.319e-05,
train,0,3.6e-07,
train,0,2.82e-06,
train,0,3.64e-06,
train,0,1.34e-06,
train,0,8.737e-05,
train,0,1.76e-06,
train,0,4.45e-06,
train,0,2.18e-06,
train,0,1.482e-05,
train,0,1.474e-05,
train,0,2.79e-06,
train,0,1.6e-06,
train,0,2.31e-06,
train,0,1.453e-05,
train,0,1.38e-06,
train,0,5.71e-06,
train,0,1.16e-06,
train,0,1.55e-06,
train,0,3.3e-07,
train,0,1.97e-06,
train,0,1.95e-06,
train,0,7.8e-07,
train,0,2.54e-06,
train,0,2.24e-06,
train,0,6.79e-06,
train,0,7.9e-07,
train,0,1.206e-05,
train,0,2.18e-06,
train,0,2.35e-06,
train,0,6.22e-06,
train,0,3.5e-06,
train,0,2.68e-06,
train,0,2.31e-06,
train,0,8.14e-06,
train,0,3.12e-06,
train,0,7.65e-06,
train,0,1.35e-06,
train,0,5.65e-06,
train,0,8.7e-07,
train,0,4.7e-07,
train,0,2.01e-06,
train,0,7.6e-07,
train,0,2.02e-05,
train,0,5e-07,
train,0,8.25e-06,
train,0,1.333e-05,
train,0,1.63e-06,
train,0,9.9e-07,
train,0,2.8e-07,
train,0,5.1e-07,
train,0,7.3e-07,
train,0,3.5e-07,
train,0,2.5e-07,
train,0,7.2e-07,
train,0,4.9e-07,
train,0,6.6e-07,
train,0,6.2e-07,
train,0,1.3e-07,
train,0,1.14e-06,
train,0,8.2e-07,
train,0,8.6e-07,
train,0,3.8e-07,
train,0,1.9e-07,
train,0,9.6e-07,
train,0,3.92e-06,
train,0,6.9e-07,
train,0,1.35e-06,
train,0,1.51e-06,
train,0,1.16e-06,
train,0,7.3e-07,
train,0,1.19e-06,
train,0,5.2e-07,
train,0,1.55e-06,
train,0,3.6e-07,
train,0,1.08e-06,
train,0,1.26e-06,
train,0,2.56e-06,
train,0,6e-07,
train,0,7.68e-06,
train,0,2.08e-06,
train,0,3.48e-06,
train,0,2.86e-06,
train,0,2.55e-06,
train,0,7e-06,
train,0,4.92e-06,
train,0,4.4e-07,
train,0,2.6e-07,
train,0,5.79e-05,
train,0,2.534e-05,
train,0,6.69e-06,
train,0,9.1e-07,
train,0,8.4e-07,
train,0,8.1e-07,
train,0,3.49e-06,
train,0,6.7e-07,
train,0,4e-06,
train,0,5.9e-07,
train,0,1.43e-06,
train,0,4.39e-06,
train,0,2.96e-05,
train,0,1.8e-06,
train,0,1.21e-06,
train,0,1.94e-06,
train,0,1.272e-05,
train,0,1.5e-06,
train,0,3.66e-06,
train,0,6.2e-07,
train,0,3.42e-06,
train,0,1.3e-06,
train,0,1.96e-06,
train,0,1.73e-06,
train,0,3.37e-06,
train,0,2.569e-05,
train,0,1.71e-06,
train,0,0.02613688,
train,0,2.092e-05,
train,0,0.000237,
train,0,3.08e-06,
train,0,1.99e-06,
train,0,6.74e-06,
train,0,3.081e-05,
train,0,9.6e-07,
train,0,1.74e-06,
train,0,6.04e-06,
train,0,5.8e-07,
train,0,9.4e-07,
train,0,1.78e-06,
train,0,1.204e-05,
train,0,9.7e-07,
train,0,3.204e-05,
train,1,0.99217918,
train,0,4e-07,
train,0,4.2e-07,
train,0,5e-07,
train,0,6.56e-06,
train,0,1.844e-05,
train,0,1.78e-06,
train,0,2.4e-07,
train,0,3.45e-06,
train,0,1.02e-06,
train,0,1.34e-06,
train,0,2.05e-06,
train,0,1.929e-05,
train,0,1.9e-06,
train,0,0.00019774,
train,0,7.9e-07,
train,0,8.1e-07,
train,0,4.5e-06,
train,0,1.2e-06,
train,0,2.48e-06,
train,0,4.36e-06,
train,0,3.63e-06,
train,0,7.51e-06,
train,0,3.465e-05,
train,0,6.1e-07,
train,0,1.183e-05,
train,0,7.7e-07,
train,0,1.025e-05,
train,0,3.79e-06,
train,0,1.292e-05,
train,0,5.3e-07,
train,0,0.00069633,
train,0,2.566e-05,
train,0,2.16e-06,
train,0,2.03e-06,
train,0,4.7e-07,
train,0,1.44e-06,
train,0,2.1e-06,
train,0,2.024e-05,
train,0,3.07e-06,
train,0,4.82e-06,
train,0,2.4e-07,
train,0,2e-06,
train,0,2.78e-06,
train,0,4.12e-06,
train,0,7.819e-05,
train,0,3.48e-06,
train,0,5.01e-06,
train,0,1.55e-06,
train,0,1.36e-06,
train,0,1.305e-05,
train,0,2.58e-06,
train,0,2.205e-05,
train,0,5.68e-06,
train,0,4.2e-06,
train,0,6.9e-07,
train,0,1.86e-06,
train,0,4.54e-06,
train,0,4.1e-06,
train,0,2.39e-06,
train,0,1.25e-06,
train,0,1.06e-06,
train,0,2.7e-06,
train,0,1.56e-06,
train,0,8.8e-07,
train,0,2.406e-05,
train,0,2.15e-06,
train,0,3.295e-05,
train,0,3.23e-06,
train,0,2.46e-06,
train,0,2.67e-06,
train,0,1.653e-05,
train,0,2.947e-05,
train,0,3.3e-07,
train,0,1.23e-06,
train,0,2.94e-06,
train,0,1.864e-05,
train,0,2.583e-05,
train,0,5.73e-06,
train,0,8.94e-06,
train,0,4.26e-06,
train,0,2e-06,
train,0,1.11e-06,
train,0,7e-07,
train,0,8.771e-05,
train,0,4.9e-07,
train,0,1.43e-06,
train,0,2.02e-06,
train,0,2.28e-06,
train,0,3.54e-06,
train,0,2.4e-06,
train,0,6.39e-06,
train,0,2.8e-06,
train,0,2.21e-06,
train,0,7.63e-06,
train,0,4.24e-06,
train,0,2.77e-06,
train,0,8.8e-07,
train,0,5.83e-06,
train,0,3.08e-06,
train,0,4.2e-06,
train,0,2.32e-06,
train,0,0.00219198,
train,0,4.85e-06,
train,0,1.36e-06,
train,0,2.277e-05,
train,0,3.694e-05,
