split,is_fraud,score_raw,score_calibrated
holdout,0,1.375e-05,0.0
holdout,0,1.82e-06,0.0
holdout,0,1.37e-06,0.0
holdout,0,0.00012492,0.00157978
holdout,0,3.6e-07,0.0
holdout,0,0.00153909,0.00307094
holdout,0,3.26e-06,0.0
holdout,0,1.174e-05,0.0
holdout,0,1.09e-06,0.0
holdout,0,1e-06,0.0
holdout,0,4.8e-06,0.0
holdout,0,2.35e-06,0.0
holdout,0,6.39e-06,0.0
holdout,0,1.536e-05,0.0
holdout,0,4.955e-05,0.0
holdout,0,3.6e-06,0.0
holdout,0,0.00050879,0.00103842
holdout,0,2.58e-06,0.0
holdout,0,7.95e-06,0.0
holdout,0,4.11e-06,0.0
holdout,0,6.7e-07,0.0
holdout,0,1.6e-06,0.0
holdout,0,2.69e-06,0.0
holdout,0,4.82e-06,0.0
holdout,0,1.97e-06,0.0
holdout,0,1.77e-06,0.0
holdout,0,1.29e-06,0.0
holdout,0,2.353e-05,0.0
holdout,0,5.35e-06,0.0
holdout,0,4.41e-06,0.0
holdout,0,3.08e-06,0.0
holdout,0,0.00021517,0.00207684
holdout,0,7.5e-07,0.0
holdout,0,9.49e-06,0.0
holdout,0,5.15e-06,0.0
holdout,0,7.52e-06,0.0
holdout,0,8e-07,0.0
holdout,0,9.6e-07,0.0
holdout,0,1.05e-06,0.0
holdout,0,0.00016677,0.0
holdout,0,1.27e-06,0.0
holdout,0,1.047e-05,0.0
holdout,0,1.9e-06,0.00103842
holdout,0,1.49e-06,0.0
holdout,0,0.0005951,0.00103842
holdout,0,6.97e-06,0.0
holdout,0,5.17e-06,0.0
holdout,0,4.32e-06,0.0
holdout,0,1.64e-06,0.0
holdout,0,9.8e-07,0.0
holdout,0,7.64e-06,0.0
holdout,0,8.6e-07,0.0
holdout,0,6.9e-06,0.0
holdout,0,1.29e-06,0.0
holdout,0,1.5e-06,0.0
holdout,0,9.7e-07,0.0
holdout,0,2.79e-06,0.0
holdout,0,1.79e-06,0.0
holdout,0,1.535e-05,0.0
holdout,0,1.55e-06,0.0
holdout,0,1.26e-06,0.0
holdout,0,8.87e-06,0.0
holdout,0,1.24e-06,0.0
holdout,0,1.489e-05,0.0
holdout,0,3.87e-06,0.0
holdout,0,3.43e-06,0.0
holdout,0,7.79e-06,0.0
holdout,0,1.607e-05,0.0
holdout,0,9.582e-05,0.00207684
holdout,0,2.517e-05,0.00207684
holdout,0,4.799e-05,0.0
holdout,0,6.3e-07,0.0
holdout,0,1.8e-06,0.0
holdout,0,7.13e-06,0.0
holdout,0,6.2e-06,0.0
holdout,0,4.6e-07,0.0
holdout,0,1.489e-05,0.0
holdout,0,4.646e-05,0.0
holdout,0,0.02610134,0.16794122
holdout,0,1.01e-06,0.0
holdout,0,4.4e-06,0.0
holdout,0,2.99e-06,0.0
holdout,0,8.5e-07,0.0
holdout,0,1.37e-06,0.0
holdout,0,2.09e-06,0.0
holdout,0,7.32e-06,0.0
holdout,0,4.89e-06,0.0
holdout,0,3.05e-06,0.0
holdout,0,2.23e-06,0.0
holdout,0,6.72e-06,0.0
holdout,0,5.08e-06,0.0
holdout,0,8.4e-07,0.0
holdout,0,2.68e-06,0.0
holdout,0,2.6e-06,0.0
holdout,0,7.8e-07,0.0
holdout,0,4.1e-07,0.0
holdout,0,2.139e-05,0.00103842
holdout,0,4.56e-06,0.0
holdout,0,5.107e-05,0.0
holdout,0,1.242e-05,0.0
holdout,0,4.53e-06,0.0
holdout,0,4.712e-05,0.0
holdout,0,1.544e-05,0.0
holdout,0,7.62e-06,0.0
holdout,0,2.775e-05,0.0
holdout,0,5.6e-06,0.0
holdout,0,4.34e-06,0.0
holdout,0,6.69e-06,0.0
holdout,0,2.42e-06,0.0
holdout,0,4.05e-06,0.0
holdout,0,1.17e-05,0.0
holdout,0,5.5e-07,0.0
holdout,0,1.152e-05,0.0
holdout,0,1.76e-06,0.0
holdout,0,1.14e-06,0.0
holdout,0,1.11e-06,0.0
holdout,0,1.27e-06,0.0
holdout,0,1.23e-06,0.0
holdout,0,4.674e-05,0.01262131
holdout,0,3.3e-06,0.0
holdout,0,5.5e-07,0.0
holdout,0,3.38e-06,0.0
holdout,0,6.91e-06,0.0
holdout,0,8.08e-06,0.0
holdout,0,6.7e-07,0.0
holdout,0,6.24e-06,0.0
holdout,0,9.6e-06,0.0
holdout,0,2.27e-06,0.0
holdout,0,1.15e-06,0.0
holdout,0,3.83e-06,0.0
holdout,0,9.7e-07,0.0
holdout,0,4.62e-06,0.0
holdout,0,5.1e-07,0.0
holdout,0,1.76e-05,0.0
holdout,0,6.6e-07,0.0
holdout,0,1.39e-06,0.0
holdout,0,1.48e-06,0.0
holdout,0,1.811e-05,0.0
holdout,0,1.53e-06,0.0
holdout,0,9.8e-06,0.0
holdout,0,6.3e-07,0.0
holdout,0,1.178e-05,0.0
holdout,0,1.27e-06,0.0
holdout,0,1.092e-05,0.0
holdout,0,4.78e-06,0.0
holdout,0,4e-07,0.0
holdout,0,4.18e-06,0.0
holdout,0,1.04e-06,0.0
holdout,0,5.1e-07,0.0
holdout,0,8.5e-07,0.0
holdout,0,3.15e-06,0.0
holdout,0,1e-06,0.00103842
holdout,0,9.05e-06,0.0
holdout,0,3.57e-06,0.0
holdout,0,1.86e-06,0.0
holdout,0,3.01e-06,0.0
holdout,0,2.58e-06,0.0
holdout,0,6.4e-07,0.0
holdout,0,7.3e-07,0.0
holdout,0,1.04e-06,0.0
holdout,1,0.71742112,0.14433272
holdout,0,4e-07,0.0
holdout,0,1.36e-06,0.0
holdout,0,1.31e-06,0.0
holdout,0,5.05e-06,0.0
holdout,0,6.86e-06,0.0
holdout,0,1.51e-06,0.0
holdout,0,6.08e-06,0.0
holdout,0,1.34e-06,0.0
holdout,0,5.2e-07,0.0
holdout,0,3.27e-06,0.0
holdout,0,3.74e-06,0.0
holdout,0,9.81e-06,0.0
holdout,0,0.00014724,0.00103842
holdout,0,1.17e-06,0.0
holdout,0,5.36e-06,0.0
holdout,0,9.41e-06,0.0
holdout,0,1.17e-06,0.0
holdout,0,2.46e-06,0.0
holdout,0,9.9e-07,0.0
holdout,0,5.73e-06,0.0
holdout,0,2.01e-06,0.0
holdout,0,7.1e-07,0.0
holdout,0,5.6e-07,0.0
holdout,1,0.99926083,0.24201529
holdout,0,7.31e-05,0.0
holdout,0,3.462e-05,0.00103842
holdout,0,2.55e-06,0.0
holdout,0,3.06e-06,0.0
holdout,0,4.58e-06,0.0
holdout,0,2.2e-06,0.0
holdout,0,1.57e-06,0.0
holdout,0,2.98e-06,0.0
holdout,0,8.32e-06,0.0
holdout,0,1.06e-06,0.0
holdout,0,2.43e-06,0.0
holdout,0,1.19e-06,0.0
holdout,0,1.57e-06,0.0
holdout,0,0.00477626,0.12118457
holdout,0,3.39e-06,0.0
holdout,0,1.3e-06,0.0
holdout,0,4e-07,0.0
holdout,0,2.25e-06,0.0
holdout,0,5.62e-06,0.0
holdout,0,1.13e-06,0.0
holdout,0,1.24e-06,0.0
holdout,0,3.77e-06,0.0
holdout,0,1.34e-06,0.0
holdout,0,1.49e-06,0.0
holdout,0,4.07e-06,0.0
holdout,1,0.95876882,0.18169643
holdout,0,9e-07,0.0
holdout,0,1.13e-06,0.0
holdout,0,8.7e-07,0.0
holdout,0,1.75e-06,0.0
holdout,0,4.2e-06,0.0
holdout,0,1.22e-06,0.0
holdout,0,1.28e-06,0.0
holdout,0,7.53e-05,0.0
holdout,0,1.16e-06,0.0
holdout,0,2.97e-06,0.0
holdout,0,5e-07,0.0
holdout,0,8.7e-07,0.0
holdout,0,6.8e-07,0.0
holdout,0,1.77e-06,0.0
holdout,0,3.53e-06,0.0
holdout,0,3.01e-06,0.0
holdout,0,6.4e-07,0.0
holdout,0,6.7e-07,0.0
holdout,0,2.12e-06,0.0
holdout,0,1.36e-06,0.0
holdout,0,1.7e-06,0.0
holdout,0,7.1e-07,0.0
holdout,0,1.08e-06,0.0
holdout,0,9.7e-07,0.0
holdout,0,1.05e-06,0.0
holdout,0,1.66e-06,0.0
holdout,0,1.06e-06,0.0
holdout,0,5.8e-07,0.0
holdout,0,1.657e-05,0.0
holdout,0,2.18e-06,0.0
holdout,0,8.69e-06,0.0
holdout,0,2.2e-06,0.0
holdout,0,1.43e-06,0.0
holdout,0,1.5e-06,0.0
holdout,0,5.86e-06,0.0
holdout,0,2.534e-05,0.0
holdout,0,1.89e-06,0.0
holdout,0,1.31e-06,0.0
holdout,0,2.6e-06,0.0
holdout,0,8.7e-07,0.0
holdout,0,1.31e-06,0.0
holdout,0,1.11e-06,0.0
holdout,0,1.437e-05,0.0
holdout,0,1.2e-06,0.0
holdout,0,1.39e-06,0.0
holdout,0,6.02e-06,0.0
holdout,0,2.83e-06,0.0
holdout,0,6.43e-06,0.0
holdout,0,1.14e-06,0.0
holdout,0,9.7e-07,0.0
holdout,0,1.03e-06,0.0
holdout,0,4.02e-06,0.0
holdout,0,1.11e-06,0.0
holdout,0,1.28e-06,0.0
holdout,0,5.826e-05,0.0
holdout,0,9.3e-07,0.0
holdout,0,4.72e-06,0.0
holdout,0,2.87e-06,0.0
holdout,0,1.91e-06,0.0
holdout,0,1.12e-06,0.0
holdout,0,4.25e-06,0.0
holdout,0,9.5e-07,0.0
holdout,0,2.25e-06,0.0
holdout,0,6.7e-07,0.0
holdout,0,1.8e-06,0.0
holdout,0,2.86e-06,0.0
holdout,0,1.86e-06,0.0
holdout,0,1.29e-05,0.0
holdout,0,0.00023071,0.0
holdout,0,5.1e-07,0.0
holdout,0,4.278e-05,0.00103842
holdout,0,6.7e-07,0.0
holdout,0,9.3e-07,0.0
holdout,0,1.7e-06,0.0
holdout,0,2.53e-06,0.0
holdout,0,9.9e-07,0.0
holdout,0,1.82e-06,0.0
holdout,0,1.016e-05,0.0
holdout,0,2.78e-06,0.0
holdout,0,7.63e-06,0.0
holdout,0,2.03e-06,0.0
holdout,0,1.85e-06,0.0
holdout,0,7.9e-07,0.0
holdout,0,1.3e-06,0.0
holdout,0,1.76e-06,0.0
holdout,0,9.16e-06,0.0
holdout,0,1.25e-06,0.0
holdout,0,7.6e-07,0.0
holdout,0,1.4e-06,0.0
holdout,0,2.47e-06,0.0
holdout,0,8.82e-06,0.0
holdout,0,2.39e-06,0.0
holdout,0,2.78e-06,0.0
holdout,0,1.13e-06,0.0
holdout,0,6.8e-07,0.0
holdout,0,7.27e-06,0.0
holdout,0,1.55e-06,0.0
holdout,0,3.197e-05,0.0
holdout,0,2.37e-06,0.0
holdout,0,6.25e-06,0.0
holdout,0,1.6e-06,0.0
holdout,0,1.552e-05,0.0
holdout,0,2.57e-06,0.0
holdout,0,1.04e-06,0.0
holdout,0,2.32e-06,0.0
holdout,0,1.526e-05,0.0
holdout,0,1.15e-06,0.0
holdout,0,8.23e-06,0.0
holdout,0,1.16e-06,0.0
holdout,0,4.49e-06,0.0
holdout,0,1.23e-06,0.0
holdout,0,8.9e-07,0.0
holdout,0,1.53e-06,0.0
holdout,0,1.88e-06,0.0
holdout,0,1.099e-05,0.0
holdout,0,3.4e-06,0.0
holdout,0,8.5e-07,0.0
holdout,0,1.31e-06,0.0
holdout,0,2.25e-06,0.0
holdout,0,1.61e-06,0.0
holdout,0,3.76e-06,0.0
holdout,0,7.3e-07,0.0
holdout,0,8.8e-07,0.0
holdout,0,1.2e-06,0.0
holdout,0,2.14e-06,0.0
holdout,0,1.22e-06,0.0
holdout,0,2.63e-06,0.0
holdout,0,5.22e-06,0.0
holdout,0,3.67e-06,0.0
holdout,0,1.17e-05,0.0
holdout,0,3.26e-06,0.0
holdout,0,3.09e-06,0.0
holdout,0,6.13e-06,0.0
holdout,0,3.41e-06,0.0
holdout,0,3.48e-06,0.0
holdout,0,9.2e-07,0.0
holdout,0,1.75e-06,0.0
holdout,0,2.53e-06,0.0
holdout,0,2.285e-05,0.0
holdout,0,9.62e-06,0.0
holdout,0,6.85e-06,0.0
holdout,0,6.9e-07,0.0
holdout,0,8.18e-06,0.0
holdout,0,6.4e-07,0.0
holdout,0,1.09e-06,0.0
holdout,0,4.14e-06,0.0
holdout,0,3.49e-06,0.0
holdout,0,2.02e-06,0.0
holdout,0,5.48e-06,0.0
holdout,0,4.3e-07,0.0
holdout,0,1.35e-06,0.0
holdout,0,6.9e-07,0.0
holdout,0,1.73e-06,0.0
holdout,0,2.55e-06,0.0
holdout,0,6.05e-06,0.0
holdout,0,5.97e-06,0.0
holdout,0,1.56e-06,0.0
holdout,0,2.89e-06,0.0
holdout,0,4e-07,0.0
holdout,0,1.1e-06,0.0
holdout,0,1.38e-06,0.0
holdout,0,2.5e-06,0.0
holdout,0,7.647e-05,0.0
holdout,0,3.46e-06,0.0
holdout,0,4.84e-06,0.0
holdout,0,1.89e-06,0.0
holdout,0,2.74e-06,0.0
holdout,0,1.96e-06,0.0
holdout,0,4.4e-06,0.0
holdout,0,1.71e-06,0.0
holdout,0,4.03e-06,0.0
holdout,0,5.202e-05,0.00103842
holdout,0,4.8e-07,0.0
holdout,0,1.07e-06,0.0
holdout,0,4.3e-07,0.0
holdout,0,2.91e-06,0.0
holdout,0,1.172e-05,0.0
holdout,0,1.197e-05,0.0
holdout,0,7.4e-07,0.0
holdout,0,0.00021844,0.00410936
holdout,0,1.385e-05,0.0
holdout,0,9.95e-06,0.0
holdout,0,1.16e-06,0.0
holdout,0,8.7e-07,0.0
holdout,0,1.89e-06,0.0
holdout,0,3.74e-06,0.0
holdout,0,2.63e-06,0.0
holdout,0,1.69e-06,0.0
holdout,0,4.28e-06,0.0
holdout,0,1.45e-06,0.0
holdout,0,5.63e-06,0.0
holdout,0,6.74e-06,0.0
holdout,0,1.95e-06,0.0
holdout,0,2.57e-06,0.0
holdout,0,9.89e-06,0.0
holdout,0,1.03e-06,0.0
holdout,0,4.85e-06,0.0
holdout,0,5.24e-06,0.0
holdout,0,1.46e-06,0.0
holdout,0,1.25e-06,0.0
holdout,0,1.83e-06,0.0
holdout,0,1.2e-06,0.0
holdout,0,1.29e-06,0.0
holdout,0,1.84e-06,0.0
holdout,0,2.21e-06,0.0
holdout,0,9.3e-07,0.0
holdout,0,2.62e-06,0.0
holdout,0,1.11e-06,0.0
holdout,0,3.93e-06,0.0
holdout,0,1.67e-06,0.0
holdout,0,3.7e-07,0.0
holdout,0,9.9e-07,0.0
holdout,0,6.4e-07,0.0
holdout,0,4.24e-06,0.0
holdout,0,2.03e-06,0.0
holdout,0,3.59e-06,0.0
holdout,0,6.7e-07,0.0
holdout,0,2.239e-05,0.0
holdout,0,5.5e-06,0.0
holdout,0,4.9e-07,0.0
holdout,0,1.11e-06,0.0
holdout,0,1.36e-06,0.0
holdout,0,1.43e-06,0.0
holdout,0,4.44e-06,0.0
holdout,0,5.73e-06,0.0
holdout,0,1.498e-05,0.0
holdout,0,6.8e-06,0.0
holdout,0,1.58e-06,0.0
holdout,0,7.6e-07,0.0
holdout,0,1.33e-06,0.0
holdout,0,2.3e-06,0.0
holdout,0,1.56e-06,0.0
holdout,0,1.02e-06,0.0
holdout,0,2.83e-06,0.0
holdout,0,5e-07,0.0
holdout,0,1.1e-06,0.0
holdout,0,8.96e-06,0.0
holdout,0,3.3e-07,0.0
holdout,0,3.12e-06,0.0
holdout,0,2.56e-06,0.0
holdout,0,1.67e-06,0.0
holdout,0,0.00026417,0.00465072
holdout,0,5.19e-06,0.0
holdout,0,3.18e-06,0.0
holdout,0,2.51e-06,0.0
holdout,0,2.13e-06,0.0
holdout,0,3.43e-06,0.0
holdout,0,3.93e-06,0.0
holdout,0,1.37e-06,0.0
holdout,0,1.15e-06,0.0
holdout,0,1.86e-06,0.0
holdout,0,5.13e-06,0.0
holdout,0,2.58e-06,0.0
holdout,0,1.16e-06,0.0
holdout,0,8.4e-07,0.0
holdout,0,9.4e-07,0.0
holdout,0,7.39e-06,0.0
holdout,0,6.9e-07,0.0
holdout,0,1.1e-06,0.0
holdout,0,1.01e-06,0.0
holdout,0,5.4e-07,0.0
holdout,0,7.5e-07,0.0
holdout,0,4.6e-07,0.0
holdout,0,6.4e-07,0.0
holdout,0,2.05e-06,0.0
holdout,0,5.87e-06,0.0
holdout,0,1.61e-06,0.0
holdout,0,1.752e-05,0.0
holdout,0,1.61e-06,0.0
holdout,0,2e-07,0.0
holdout,0,4.1e-07,0.0
holdout,0,7.7e-07,0.0
holdout,0,2.12e-06,0.0
holdout,0,4.9e-07,0.0
holdout,0,4.3e-07,0.0
holdout,0,4.58e-06,0.0
holdout,0,1.57e-06,0.0
holdout,0,1.32e-06,0.0
holdout,0,4.7e-07,0.0
holdout,0,2.62e-06,0.0
holdout,0,4.2e-07,0.0
holdout,0,5.48e-06,0.0
holdout,0,9.4e-07,0.0
holdout,0,1.73e-06,0.0
holdout,0,2.06e-06,0.0
holdout,0,2.11e-06,0.0
holdout,0,2.03e-06,0.00103842
holdout,0,1.69e-06,0.0
holdout,0,4.03e-06,0.0
holdout,0,1.13e-06,0.0
holdout,0,9.1e-07,0.0
holdout,0,5.2e-07,0.0
holdout,0,6.23e-06,0.0
holdout,0,6.1e-07,0.0
holdout,0,2.74e-06,0.0
holdout,0,8.2e-07,0.0
holdout,0,9.5e-07,0.0
holdout,0,7.2e-07,0.0
holdout,0,9.2e-07,0.0
holdout,0,6.4e-07,0.0
holdout,0,8.8e-07,0.0
holdout,0,3.81e-06,0.0
holdout,0,3.6e-07,0.0
holdout,0,1.01e-06,0.0
holdout,0,1.02e-06,0.0
holdout,0,1.23e-06,0.0
holdout,0,1.35e-06,0.0
holdout,0,1.36e-06,0.0
holdout,0,6.6e-07,0.0
holdout,0,1.18e-06,0.0
holdout,0,1.107e-05,0.00103842
holdout,0,1.03e-06,0.0
holdout,0,1.53e-06,0.0
holdout,0,8.9e-07,0.0
holdout,0,4.99e-06,0.0
holdout,0,1.4e-06,0.0
holdout,0,1.54e-06,0.0
holdout,0,6e-07,0.0
holdout,0,1.073e-05,0.0
holdout,0,1.31e-06,0.0
holdout,0,4.7e-07,0.0
holdout,0,1.525e-05,0.0
holdout,0,1.86e-06,0.0
holdout,0,2.7e-06,0.0
holdout,0,2.78e-06,0.0
holdout,0,5.5e-07,0.0
holdout,0,1.19e-06,0.0
holdout,0,1.84e-06,0.0
holdout,0,1.61e-06,0.0
holdout,0,1.65e-06,0.0
holdout,0,8.1e-07,0.0
holdout,0,3.4e-07,0.0
holdout,0,1.39e-06,0.0
holdout,0,1.05e-05,0.0
holdout,0,3.17e-06,0.0
holdout,0,1.4e-06,0.0
holdout,0,1.59e-06,0.0
holdout,0,1.01e-06,0.0
holdout,0,5.9e-07,0.0
holdout,0,2e-06,0.0
holdout,0,4.23e-06,0.0
holdout,0,5.8e-07,0.0
holdout,0,1.092e-05,0.0
holdout,1,0.90692748,0.01262131
holdout,0,4.1e-07,0.0
holdout,0,1.07e-06,0.0
holdout,0,2.33e-06,0.0
holdout,0,6.8e-07,0.0
holdout,0,5.2e-07,0.0
holdout,0,8.6e-07,0.0
holdout,0,1.55e-06,0.0
holdout,0,8.1e-07,0.0
holdout,0,1.27e-06,0.0
holdout,0,2.98e-06,0.0
holdout,0,6.7e-07,0.0
holdout,0,1.6e-06,0.0
holdout,0,9.2e-07,0.0
holdout,0,1.86e-06,0.0
holdout,0,1.17e-06,0.0
holdout,0,4.5e-07,0.0
holdout,0,4.2e-07,0.0
holdout,0,1.052e-05,0.00465072
holdout,0,1.03e-06,0.0
holdout,0,1.191e-05,0.0
holdout,0,7.2e-07,0.0
holdout,0,1.13e-06,0.0
holdout,0,1.07e-06,0.0
holdout,0,9.2e-07,0.0
holdout,0,3.19e-06,0.0
holdout,0,1.91e-06,0.0
holdout,0,1.33e-06,0.0
holdout,0,5.8e-07,0.0
holdout,0,3.31e-06,0.0
holdout,0,1.04e-06,0.0
holdout,0,1.54e-06,0.0
holdout,0,4e-07,0.0
holdout,0,7.2e-07,0.0
holdout,0,3.3e-07,0.0
holdout,0,3.17e-06,0.0
holdout,0,1.038e-05,0.0
holdout,0,2.14e-06,0.0
holdout,0,2.525e-05,0.0
holdout,0,7.3e-07,0.0
holdout,0,4.81e-06,0.0
holdout,0,1.16e-06,0.0
holdout,0,1.481e-05,0.0
holdout,0,6.8e-07,0.0
holdout,0,3.4e-07,0.0
holdout,0,1.09e-06,0.0
holdout,0,1.175e-05,0.0
holdout,0,5.5e-07,0.0
holdout,0,1.97e-06,0.0
holdout,0,6.6e-07,0.0
holdout,0,1.05e-06,0.0
holdout,0,9.5e-07,0.0
holdout,0,9e-07,0.0
holdout,0,1.64e-06,0.0
holdout,0,5.509e-05,0.0
holdout,0,1.26e-06,0.0
holdout,0,1.91e-06,0.0
holdout,0,1.96e-06,0.0
holdout,0,3.14e-06,0.0
holdout,0,7.6e-07,0.0
holdout,0,2.57e-06,0.0
holdout,0,2.85e-06,0.00103842
holdout,0,2.96e-06,0.0
holdout,0,8.5e-07,0.0
holdout,0,7.4e-07,0.0
holdout,0,1.57e-05,0.0
holdout,0,8.5e-07,0.0
holdout,0,1.09e-06,0.0
holdout,0,6.37e-06,0.0
holdout,0,4.4e-06,0.0
holdout,0,3.8e-07,0.0
holdout,0,9.79e-06,0.00103842
holdout,0,1.97e-06,0.0
holdout,0,8.5e-07,0.0
holdout,0,1.36e-06,0.0
holdout,0,2.49e-06,0.0
holdout,0,1.94e-06,0.0
holdout,0,1.06e-06,0.0
holdout,0,2.42e-06,0.0
holdout,0,4.58e-06,0.0
holdout,0,2.62e-06,0.0
holdout,0,2.02e-06,0.0
holdout,0,1.94e-06,0.0
holdout,0,2.6e-07,0.0
holdout,0,2.52e-06,0.0
holdout,0,1.9e-06,0.0
holdout,0,4.99e-06,0.0
holdout,0,5.034e-05,0.0
holdout,0,6.2e-07,0.0
holdout,0,8e-07,0.0
holdout,0,5.3e-06,0.0
holdout,0,9.3e-07,0.0
holdout,0,1.22e-06,0.0
holdout,0,2.46e-06,0.0
holdout,0,1.91e-06,0.0
holdout,0,3.1e-06,0.0
holdout,0,1.062e-05,0.0
holdout,0,1.59e-06,0.0
holdout,0,5.2e-06,0.0
holdout,0,6.9e-07,0.0
holdout,0,1.42e-06,0.0
holdout,0,3.3e-07,0.0
holdout,0,1.06e-05,0.0
holdout,0,1.02e-06,0.0
holdout,0,1.509e-05,0.0
holdout,0,1.49e-06,0.0
holdout,0,1.531e-05,0.0
holdout,0,9.6e-07,0.0
holdout,0,2.93e-06,0.0
holdout,0,6.1e-07,0.0
holdout,0,0.00014341,0.0
holdout,0,1.07e-06,0.0
holdout,0,8.5e-07,0.0
holdout,0,4.8e-07,0.0
holdout,0,7.17e-06,0.0
holdout,0,5.7e-07,0.0
holdout,0,1e-06,0.0
holdout,0,1.64e-06,0.0
holdout,0,6.2e-07,0.0
holdout,0,3.66e-06,0.0
holdout,0,1.02e-06,0.0
holdout,0,1.08e-06,0.0
holdout,0,1.59e-06,0.0
holdout,0,3.27e-06,0.0
holdout,0,4.48e-06,0.0
holdout,0,1.14e-06,0.0
holdout,0,5.3e-07,0.0
holdout,0,1.04e-06,0.0
holdout,0,1.73e-06,0.0
holdout,0,2.57e-06,0.0
holdout,0,2.61e-06,0.0
holdout,0,1.37e-06,0.0
holdout,0,4.3e-07,0.0
holdout,0,6.1e-07,0.0
holdout,0,4.18e-06,0.0
holdout,0,4.3e-07,0.0
holdout,0,1.69e-06,0.0
holdout,0,6e-07,0.0
holdout,0,6.7e-07,0.0
holdout,0,6.1e-07,0.0
holdout,0,1.21e-06,0.0
holdout,0,1.69e-06,0.0
holdout,0,1.78e-06,0.0
holdout,0,8.41e-06,0.0
holdout,0,1.03e-06,0.0
holdout,0,1.44e-06,0.0
holdout,0,2.06e-06,0.0
holdout,0,8e-06,0.0
holdout,0,3.08e-06,0.0
holdout,0,8.8e-07,0.0
holdout,0,1.73e-06,0.0
holdout,0,1.59e-06,0.0
holdout,0,2.44e-06,0.0
holdout,0,3.89e-06,0.0
holdout,0,1.72e-06,0.0
holdout,0,1.03e-06,0.0
holdout,0,8.5e-07,0.0
holdout,0,5.31e-06,0.0
holdout,0,8.46e-06,0.0
holdout,0,7.9e-07,0.0
holdout,0,0.00010651,0.00207684
holdout,0,2.7e-06,0.0
holdout,0,1.39e-06,0.0
holdout,0,1.088e-05,0.0
holdout,0,1.22e-06,0.0
holdout,0,7.33e-06,0.0
holdout,0,2.48e-06,0.0
holdout,0,2.653e-05,0.0
holdout,0,2.57e-06,0.0
holdout,0,5.27e-06,0.0
holdout,0,8.8e-07,0.0
holdout,0,1.21e-06,0.0
holdout,0,1.63e-06,0.0
holdout,0,7.8e-07,0.0
holdout,0,3.1e-07,0.0
holdout,0,7.78e-06,0.0
holdout,0,1.01e-06,0.0
holdout,0,1.37e-06,0.0
holdout,0,2.484e-05,0.0
holdout,0,1.22e-06,0.0
holdout,0,2.63e-06,0.0
holdout,0,0.0001459,0.0
holdout,0,1.59e-06,0.0
holdout,0,1.03e-06,0.0
holdout,0,0.00025917,0.00207684
holdout,0,2.36e-06,0.0
holdout,0,9.9e-07,0.0
holdout,0,8.9e-07,0.0
holdout,0,7.6e-07,0.0
holdout,0,4.07e-06,0.0
holdout,0,1.84e-06,0.0
holdout,0,2.24e-06,0.0
holdout,0,6.4e-07,0.0
holdout,0,3.47e-06,0.0
holdout,0,5.1e-07,0.0
holdout,0,2.75e-06,0.0
holdout,0,1.01e-06,0.0
holdout,0,7.84e-06,0.0
holdout,0,4.9e-07,0.0
holdout,0,4.34e-06,0.0
holdout,0,3.29e-06,0.0
holdout,0,1.153e-05,0.00103842
holdout,0,1.1e-06,0.0
holdout,0,4.217e-05,0.0
holdout,0,1.82e-06,0.0
holdout,0,3.59e-06,0.0
holdout,0,1.29e-06,0.0
holdout,0,1.45e-06,0.0
holdout,0,5.2e-07,0.0
holdout,0,9e-07,0.0
holdout,0,5.9e-07,0.0
holdout,0,1.678e-05,0.0
holdout,0,1.25e-06,0.0
holdout,0,4.54e-06,0.0
holdout,0,5.4e-07,0.0
holdout,0,9.2e-07,0.0
holdout,0,3.5e-07,0.0
holdout,0,2.48e-06,0.0
holdout,0,8.4e-07,0.0
holdout,0,1.2e-06,0.0
holdout,0,7.275e-05,0.0
holdout,0,1.01e-06,0.0
holdout,0,9.8e-07,0.0
holdout,0,7.2e-07,0.0
holdout,0,3.29e-06,0.0
holdout,0,5.5e-06,0.0
holdout,0,3.29e-06,0.0
holdout,0,1.79e-06,0.0
holdout,0,4.9e-07,0.0
holdout,0,2.77e-06,0.0
holdout,0,1.63e-06,0.0
holdout,0,9.1e-07,0.0
holdout,0,4.5e-07,0.0
holdout,0,2.8e-05,0.0
holdout,0,1.07e-06,0.0
holdout,0,7.76e-06,0.0
holdout,0,1.668e-05,0.00103842
holdout,0,7.8e-07,0.0
holdout,0,1.41e-06,0.0
holdout,0,7.52e-06,0.0
holdout,0,3.35e-06,0.0
holdout,0,1.5e-06,0.0
holdout,0,4.1e-06,0.0
holdout,0,3.99e-06,0.0
holdout,0,1.16e-06,0.0
holdout,0,2.04e-06,0.0
holdout,0,1.445e-05,0.0
holdout,0,1.72e-06,0.0
holdout,0,2.87e-06,0.0
holdout,0,2.33e-06,0.0
holdout,0,3.29e-06,0.0
holdout,0,1.44e-06,0.0
holdout,0,7.2e-07,0.0
holdout,0,4.15e-06,0.0
holdout,0,4.01e-06,0.0
holdout,0,2.08e-05,0.0
holdout,0,1.45e-06,0.0
holdout,0,2.413e-05,0.00207684
holdout,0,8.5e-07,0.0
holdout,0,5.8e-07,0.0
holdout,0,6.56e-06,0.0
holdout,0,5.07e-06,0.00103842
holdout,0,3.7e-07,0.0
holdout,0,1.01e-06,0.0
holdout,0,1.703e-05,0.0
holdout,0,1.33e-06,0.0
holdout,0,1.38e-06,0.0
holdout,0,2.18e-06,0.0
holdout,0,2.44e-06,0.0
holdout,0,5.19e-06,0.0
holdout,0,4.99e-06,0.0
holdout,0,3.607e-05,0.00103842
holdout,0,7.1e-07,0.0
holdout,0,1.716e-05,0.0
holdout,0,1.9e-06,0.0
holdout,0,1.18e-06,0.0
holdout,0,1.14e-06,0.0
holdout,0,1.37e-06,0.0
holdout,0,3.04e-06,0.0
holdout,0,1.18e-06,0.0
holdout,0,5.767e-05,0.00207684
holdout,0,1.09e-06,0.0
holdout,0,9.2e-07,0.0
holdout,0,2.9e-07,0.0
holdout,0,7.57e-06,0.0
holdout,0,1.14e-06,0.0
holdout,0,1.61e-06,0.0
holdout,0,1.1e-06,0.0
holdout,0,2.03e-06,0.0
holdout,0,6.94e-06,0.0
holdout,0,1.23e-06,0.0
holdout,0,3.56e-06,0.0
holdout,0,1.74e-06,0.0
holdout,0,0.00010485,0.00103842
holdout,0,1.15e-06,0.0
holdout,0,2.25e-06,0.0
holdout,0,5.5e-07,0.0
holdout,0,8.5e-07,0.0
holdout,0,5.53e-06,0.0
holdout,0,6.44e-06,0.0
holdout,0,1.85e-06,0.0
holdout,0,4.36e-06,0.0
holdout,0,1.39e-06,0.0
holdout,0,1.01e-06,0.0
holdout,0,8.6e-07,0.0
holdout,0,1.7e-06,0.0
holdout,0,9.1e-07,0.0
holdout,0,1.363e-05,0.0
holdout,0,7e-07,0.0
holdout,0,1.61e-06,0.0
holdout,0,2.63e-06,0.0
holdout,0,1.69e-06,0.0
holdout,0,1.83e-06,0.0
holdout,0,2.76e-06,0.0
holdout,0,1.15e-06,0.0
holdout,0,5.81e-06,0.0
holdout,0,8.3e-07,0.0
holdout,0,2.01e-06,0.0
holdout,0,2.65e-06,0.0
holdout,0,0.00124805,0.00103842
holdout,0,4.06e-06,0.0
holdout,0,8.77e-06,0.0
holdout,0,1.97e-06,0.0
holdout,0,1.87e-06,0.0
holdout,0,4.1e-07,0.0
holdout,0,5.21e-06,0.0
holdout,0,4.5e-06,0.0
holdout,0,0.00010292,0.00207684
holdout,0,0.00488784,0.04805414
holdout,0,6.57e-06,0.0
holdout,0,5.8e-07,0.0
holdout,0,2.42e-06,0.0
holdout,0,3.9e-06,0.0
holdout,0,1.37e-06,0.0
holdout,0,1.25e-06,0.0
holdout,0,1.64e-06,0.0
holdout,0,1.09e-06,0.0
holdout,0,3.1e-06,0.0
holdout,0,4.17e-06,0.0
holdout,0,9.47e-06,0.0
holdout,0,1.17e-06,0.0
holdout,0,1.07e-06,0.0
holdout,0,1.92e-06,0.0
holdout,0,2.29e-06,0.0
holdout,0,1.95e-06,0.0
holdout,0,1.1e-06,0.0
holdout,0,5.356e-05,0.0
holdout,0,1.33e-06,0.0
holdout,0,6.43e-06,0.0
holdout,0,3.34e-06,0.0
holdout,0,3.73e-06,0.0
holdout,0,5e-07,0.0
holdout,0,2.07e-06,0.0
holdout,0,1.86e-06,0.0
holdout,0,7.78e-06,0.0
holdout,0,1.34e-06,0.0
holdout,0,2.57e-06,0.0
holdout,0,8.5e-07,0.0
holdout,0,2.487e-05,0.0
holdout,0,3.5e-07,0.0
holdout,0,2.02e-06,0.0
holdout,0,7.5e-07,0.0
holdout,0,3.47e-06,0.0
holdout,0,9.95e-05,0.00103842
holdout,0,2.58e-06,0.0
holdout,0,3.81e-06,0.0
holdout,0,1.03e-06,0.0
holdout,0,2.106e-05,0.0
holdout,0,5.06e-06,0.0
holdout,0,5.7e-07,0.0
holdout,0,1.23e-06,0.0
holdout,0,2.718e-05,0.0
holdout,0,1.56e-06,0.0
holdout,0,2.105e-05,0.0
holdout,0,2.18e-06,0.0
holdout,0,1.028e-05,0.0
holdout,0,2.87e-06,0.0
holdout,0,1.042e-05,0.0
holdout,0,2.42e-06,0.0
holdout,0,0.00020246,0.0
holdout,0,1.88e-06,0.0
holdout,0,8.31e-06,0.0
holdout,0,2.39e-06,0.0
holdout,0,1.67e-06,0.0
holdout,0,1e-06,0.0
holdout,0,6.7e-07,0.0
holdout,0,5.14e-06,0.0
holdout,0,6.56e-06,0.0
holdout,0,2.84e-06,0.0
holdout,0,5.99e-06,0.0
holdout,0,1.938e-05,0.0
holdout,0,3.07e-06,0.0
holdout,0,3.49e-06,0.0
holdout,0,8.68e-06,0.0
holdout,0,1.44e-06,0.0
holdout,0,8.81e-06,0.0
holdout,0,3.44e-06,0.0
holdout,0,6.5e-07,0.0
holdout,0,5.6e-07,0.0
holdout,0,5.803e-05,0.0
holdout,0,7.96e-06,0.0
holdout,0,2.75e-06,0.0
holdout,0,2.11e-06,0.0
holdout,0,5.03e-06,0.0
holdout,0,1.38e-06,0.0
holdout,0,2.77e-06,0.0
holdout,0,9.5e-07,0.0
holdout,0,1.318e-05,0.0
holdout,0,7.37e-06,0.0
holdout,0,3.09e-06,0.0
holdout,0,1.27e-06,0.0
holdout,0,2.59e-06,0.0
holdout,0,2.77e-06,0.0
holdout,0,6.7e-07,0.0
holdout,0,1.89e-06,0.0
holdout,0,4.39e-06,0.0
holdout,0,1.665e-05,0.00103842
holdout,0,7.5e-06,0.0
holdout,0,2.04e-06,0.0
holdout,0,1.65e-06,0.0
holdout,0,1.33e-06,0.0
holdout,0,1.89e-06,0.0
holdout,0,3.957e-05,0.00103842
holdout,0,2.76e-06,0.0
holdout,0,1.14e-06,0.0
holdout,0,3.24e-06,0.0
holdout,0,3.69e-06,0.0
holdout,0,1.317e-05,0.0
holdout,0,1.13e-06,0.0
holdout,0,3.18e-06,0.0
holdout,0,3.25e-06,0.0
holdout,0,6.5e-06,0.0
holdout,0,1.57e-06,0.0
holdout,0,7.866e-05,0.0
holdout,0,2.61e-06,0.0
holdout,0,2.01e-06,0.0
holdout,0,1.26e-06,0.0
holdout,0,1.48e-06,0.0
holdout,0,8.5e-06,0.0
holdout,0,1.5e-06,0.0
holdout,0,4.18e-06,0.0
holdout,0,3.32e-06,0.0
holdout,0,2.25e-06,0.0
holdout,0,2.45e-06,0.0
holdout,0,8.58e-06,0.0
holdout,0,1.25e-06,0.0
holdout,0,9.7e-07,0.0
holdout,0,3.56e-06,0.0
holdout,0,5.03e-06,0.0
holdout,0,3.24e-06,0.0
holdout,0,2.26e-06,0.0
holdout,0,1.22e-06,0.0
holdout,0,1.64e-06,0.0
holdout,0,3.88e-06,0.0
holdout,0,1.71e-06,0.0
holdout,0,3.47e-06,0.0
holdout,0,2.08e-06,0.0
holdout,0,9.8e-07,0.0
holdout,0,2e-06,0.0
holdout,0,1.81e-06,0.0
holdout,0,4.8e-06,0.0
holdout,0,5.49e-06,0.0
holdout,0,3.95e-06,0.0
holdout,0,9.5e-07,0.0
holdout,0,2.75e-06,0.0
holdout,0,1.133e-05,0.0
holdout,0,5.37e-06,0.0
holdout,0,4.37e-06,0.0
holdout,0,4.61e-06,0.0
holdout,0,5.09e-06,0.0
holdout,0,3.3e-06,0.0
holdout,0,1.045e-05,0.0
holdout,0,7.23e-06,0.0
holdout,0,1.07e-06,0.0
holdout,0,1.16e-06,0.0
holdout,0,3.94e-06,0.0
holdout,0,1.29e-06,0.0
holdout,0,1.278e-05,0.0
holdout,0,7.4e-07,0.0
holdout,0,1.05e-06,0.0
holdout,0,5.92e-06,0.0
holdout,0,3.12e-06,0.0
holdout,0,7.92e-06,0.0
holdout,0,0.00015528,0.0
holdout,0,5.09e-06,0.0
holdout,0,5.8e-07,0.0
holdout,0,1.23e-06,0.0
holdout,0,1.19e-06,0.0
holdout,0,4.17e-06,0.0
holdout,0,1.24e-06,0.0
holdout,0,7.751e-05,0.0
holdout,0,2.11e-06,0.0
holdout,0,2.77e-06,0.0
holdout,0,2.1e-06,0.0
holdout,0,3.69e-06,0.0
holdout,0,3.32e-06,0.0
holdout,0,1.46e-06,0.0
holdout,0,1.08e-06,0.0
holdout,0,1.74e-06,0.0
holdout,0,1.71e-05,0.00103842
holdout,0,1.89e-06,0.0
holdout,0,7.84e-06,0.0
holdout,0,1.52e-06,0.0
holdout,0,5.41e-06,0.0
holdout,0,4.69e-06,0.0
holdout,0,2.48e-06,0.0
holdout,0,1.74e-06,0.0
holdout,0,2.43e-06,0.0
holdout,0,4.13e-06,0.0
holdout,0,2.88e-06,0.0
holdout,0,2.615e-05,0.0
holdout,0,2.36e-06,0.0
holdout,0,3.31e-06,0.0
holdout,0,1.66e-06,0.0
holdout,0,1.27e-06,0.0
holdout,0,3.6e-06,0.0
holdout,0,1.03e-06,0.0
holdout,0,2.78e-06,0.0
holdout,0,7e-07,0.0
holdout,0,8.14e-06,0.0
holdout,0,9e-07,0.0
holdout,0,4.33e-06,0.0
holdout,0,7.6e-07,0.0
holdout,0,3.07e-06,0.0
holdout,0,2.53e-06,0.0
holdout,0,3.72e-05,0.0
holdout,0,6.7e-07,0.0
holdout,0,2.385e-05,0.0
holdout,0,1.422e-05,0.0
holdout,0,7.69e-06,0.0
holdout,0,2.21e-06,0.0
holdout,0,2.99e-06,0.0
holdout,0,4.73e-06,0.0
holdout,0,3.68e-06,0.0
holdout,0,6.77e-06,0.0
holdout,0,2.95e-06,0.0
holdout,0,1.68e-06,0.0
holdout,0,7e-07,0.0
holdout,0,3.18e-06,0.0
holdout,0,6.1e-07,0.0
holdout,0,3.92e-06,0.0
holdout,0,2.48e-06,0.0
holdout,0,8.5e-07,0.0
holdout,0,1.393e-05,0.0
holdout,0,2.51e-06,0.0
holdout,0,7.8e-07,0.0
holdout,0,1.91e-06,0.0
holdout,0,2.14e-06,0.0
holdout,0,7.43e-05,0.0
holdout,0,1.17e-06,0.0
holdout,0,6.8e-07,0.0
holdout,0,1.79e-06,0.0
holdout,0,9.6e-07,0.0
holdout,0,1.51e-06,0.0
holdout,0,1.646e-05,0.0
holdout,0,6.25e-06,0.0
holdout,0,1.28e-06,0.0
holdout,0,2.88e-06,0.0
holdout,0,1.59e-06,0.0
holdout,0,5.85e-06,0.0
holdout,0,5.01e-06,0.0
holdout,0,1.136e-05,0.0
holdout,0,2.19e-06,0.0
holdout,0,1.66e-06,0.0
holdout,0,1.58e-06,0.0
holdout,0,3.96e-06,0.0
holdout,0,1.378e-05,0.0
holdout,0,2.9e-06,0.0
holdout,0,1.89e-06,0.0
holdout,0,3.24e-06,0.0
holdout,0,5.47e-06,0.0
holdout,0,4.71e-06,0.0
holdout,0,1.63e-06,0.0
holdout,0,1.11e-06,0.0
holdout,0,4.38e-06,0.0
holdout,0,6.96e-06,0.0
holdout,0,6.29e-06,0.0
holdout,0,5.15e-06,0.0
holdout,0,1.209e-05,0.0
holdout,0,2e-06,0.0
holdout,0,2.01e-06,0.0
holdout,0,2.29e-06,0.0
holdout,0,4.99e-06,0.0
holdout,0,3.7e-06,0.0
holdout,0,1.9e-06,0.0
holdout,0,4.58e-06,0.0
holdout,0,1.08e-06,0.0
holdout,0,1.447e-05,0.0
holdout,0,2.16e-06,0.0
holdout,0,2.218e-05,0.00103842
holdout,0,1.8e-06,0.0
holdout,0,1.27e-06,0.0
holdout,0,2.16e-06,0.0
holdout,0,2.36e-06,0.0
holdout,0,6.9e-07,0.0
holdout,0,3.36e-06,0.0
holdout,0,1.458e-05,0.0
holdout,0,1.374e-05,0.0
holdout,0,8.38e-06,0.0
holdout,0,3.6e-06,0.0
holdout,0,9.3e-07,0.0
holdout,0,3.53e-06,0.0
holdout,0,2.44e-06,0.0
holdout,0,4.14e-06,0.0
holdout,0,2e-06,0.0
holdout,0,5e-07,0.0
holdout,0,2.06e-06,0.0
holdout,0,2.19e-06,0.0
holdout,0,4.39e-06,0.0
holdout,0,1.28e-06,0.0
holdout,0,1.163e-05,0.0
holdout,0,6.6e-06,0.0
holdout,0,3.49e-06,0.0
holdout,0,3.36e-06,0.0
holdout,0,2.97e-06,0.0
holdout,0,6.87e-06,0.0
holdout,0,2.54e-06,0.0
holdout,0,1.47e-06,0.0
holdout,0,3.6e-06,0.0
holdout,0,2e-06,0.0
holdout,0,1.02e-06,0.0
holdout,0,4.38e-06,0.0
holdout,0,8.03e-06,0.0
holdout,0,1.67e-06,0.0
holdout,0,1.34e-06,0.0
holdout,0,9.95e-06,0.0
holdout,0,3.07e-06,0.0
holdout,0,2.38e-06,0.0
holdout,0,4.47e-06,0.0
holdout,0,7.2e-06,0.0
holdout,0,2.31e-06,0.0
holdout,0,4.9e-07,0.0
holdout,0,2.93e-06,0.0
holdout,0,2.578e-05,0.0
holdout,0,1.26e-06,0.0
holdout,0,2.47e-06,0.0
holdout,0,1.16e-06,0.0
holdout,0,1.43e-06,0.0
holdout,0,1.178e-05,0.0
holdout,0,8.67e-06,0.0
holdout,0,9.6e-07,0.0
holdout,0,9.59e-06,0.0
holdout,0,2.188e-05,0.00103842
holdout,0,1.48e-06,0.0
holdout,0,2.766e-05,0.0
holdout,0,1.05e-06,0.0
holdout,0,0.00040374,0.0
holdout,0,4.65e-06,0.0
holdout,0,2.768e-05,0.00103842
holdout,0,4.6e-07,0.0
holdout,0,7.02e-06,0.0
holdout,0,7.41e-06,0.0
holdout,0,5.3e-06,0.0
holdout,0,9.9e-07,0.0
holdout,0,8.01e-06,0.0
holdout,0,4.6e-07,0.0
holdout,0,2.1e-06,0.0
holdout,0,1.44e-06,0.0
holdout,0,4.49e-06,0.0
holdout,0,8.4e-07,0.0
holdout,0,1.63e-06,0.0
holdout,0,0.00064081,0.00103842
holdout,0,5.61e-06,0.0
holdout,0,6.72e-06,0.0
holdout,0,2.63e-06,0.0
holdout,0,2.51e-06,0.0
holdout,0,1.43e-06,0.0
holdout,0,2.67e-06,0.0
holdout,0,6.1e-07,0.0
holdout,0,3.33e-06,0.0
holdout,0,3.9e-07,0.0
holdout,0,3.98e-06,0.00103842
holdout,0,2.5e-06,0.0
holdout,0,2.64e-06,0.0
holdout,0,1.91e-06,0.0
holdout,0,7.8e-06,0.0
holdout,0,6.41e-06,0.0
holdout,0,2.35e-06,0.0
holdout,0,9.9e-07,0.0
holdout,0,1.226e-05,0.0
holdout,0,1.01e-05,0.0
holdout,0,2.77e-06,0.0
holdout,0,1.09e-06,0.0
holdout,0,2.02e-06,0.0
holdout,0,8.1e-07,0.0
holdout,0,2.85e-06,0.0
holdout,0,3.84e-06,0.0
holdout,0,1.01e-06,0.0
holdout,0,3.18e-06,0.0
holdout,0,4.2e-06,0.0
holdout,0,1.39e-06,0.0
holdout,0,3.122e-05,0.0
holdout,0,1.47e-06,0.0
holdout,0,9.9e-07,0.0
holdout,0,1.1e-05,0.0
holdout,0,2.84e-06,0.0
holdout,0,5.3e-07,0.0
holdout,0,1.94e-06,0.0
holdout,0,7.63e-06,0.0
holdout,0,1.24e-06,0.0
holdout,0,0.00031912,0.00207684
holdout,0,1.664e-05,0.0
holdout,0,1.43e-06,0.0
holdout,0,2.28e-06,0.0
holdout,0,2.26e-06,0.0
holdout,0,1.53e-06,0.0
holdout,0,1.67e-06,0.0
holdout,0,2.9e-06,0.0
holdout,0,0.00032512,0.00103842
holdout,0,1.73e-06,0.0
holdout,0,1.64e-06,0.0
holdout,0,7.5e-07,0.0
holdout,0,4.1e-06,0.0
holdout,0,3.9e-06,0.0
holdout,0,1.553e-05,0.0
holdout,0,1.84e-06,0.0
holdout,0,1.3e-06,0.0
holdout,0,6.52e-06,0.0
holdout,0,9.74e-06,0.0
holdout,0,4.2e-07,0.0
holdout,0,1.65e-06,0.0
holdout,0,5.93e-06,0.0
holdout,0,2.23e-06,0.0
holdout,0,5.241e-05,0.0
holdout,0,1.96e-06,0.0
holdout,0,8.8e-06,0.0
holdout,0,8.24e-06,0.0
holdout,0,1.6e-06,0.0
holdout,0,4.3e-06,0.0
holdout,0,1.066e-05,0.0
holdout,0,4.68e-06,0.0
holdout,0,7.79e-06,0.0026182
holdout,0,1.724e-05,0.0
holdout,0,4.95e-06,0.0
holdout,0,2.52e-06,0.0
holdout,0,5.77e-06,0.0
holdout,0,2.1e-06,0.0
holdout,0,9.2e-07,0.0
holdout,0,2.31e-06,0.0
holdout,0,7.45e-06,0.0
holdout,0,4.97e-06,0.0
holdout,0,7.3e-07,0.0
holdout,0,3.689e-05,0.0
holdout,0,1.12e-06,0.0
holdout,0,2.273e-05,0.0
holdout,0,1.7e-06,0.0
holdout,0,4.93e-06,0.0
holdout,0,2.03e-06,0.0
holdout,0,2.996e-05,0.0
holdout,0,1.36e-06,0.0
holdout,0,7.6e-07,0.0
holdout,0,4.31e-06,0.0
holdout,0,3.48e-06,0.0
holdout,0,5.24e-06,0.0
holdout,0,3.093e-05,0.0
holdout,0,0.00107137,0.0
holdout,0,1.163e-05,0.00103842
holdout,0,2.08e-06,0.0
holdout,0,6.46e-06,0.0
holdout,0,2.41e-06,0.0
holdout,0,3.6e-06,0.00103842
holdout,0,5.07e-06,0.0
holdout,0,1.56e-06,0.0
holdout,0,3.36e-06,0.0
holdout,0,1.24e-06,0.0
holdout,0,4.29e-06,0.0
holdout,0,1.106e-05,0.0
holdout,0,1.6e-06,0.0
holdout,0,1.284e-05,0.0
holdout,0,1.486e-05,0.0
holdout,0,1.83e-06,0.0
holdout,0,2.05e-06,0.0
holdout,0,1.457e-05,0.00103842
holdout,0,2.489e-05,0.0
holdout,0,7.27e-06,0.0
holdout,0,3.96e-06,0.0
holdout,0,5.62e-06,0.0
holdout,0,5.23e-06,0.0
holdout,0,1.95e-06,0.0
holdout,0,2.1e-06,0.0
holdout,0,8.3e-07,0.0
holdout,0,3.46e-06,0.0
holdout,0,1.91e-06,0.0
holdout,0,1.71e-06,0.0
holdout,0,8.68e-06,0.0
holdout,0,1.484e-05,0.0
holdout,0,5.36e-06,0.0
holdout,0,6.096e-05,0.0
holdout,0,1.49e-06,0.0
holdout,0,6.8e-06,0.0
holdout,0,3.42e-06,0.0
holdout,0,5.37e-06,0.0
holdout,0,6e-07,0.0
holdout,0,1.653e-05,0.0
holdout,0,3.29e-06,0.0
holdout,0,3.78e-06,0.0
holdout,0,6.38e-06,0.0
holdout,0,1.03e-06,0.0
holdout,0,6.1e-07,0.0
holdout,0,7.8e-07,0.0
holdout,0,4.46e-06,0.0
holdout,0,2.01e-06,0.0
holdout,0,2.25e-06,0.0
holdout,0,2.54e-06,0.0
holdout,0,6.8e-07,0.0
holdout,0,2.64e-06,0.0
holdout,0,8.45e-06,0.0
holdout,0,2.43e-06,0.0
holdout,0,4.611e-05,0.0
holdout,0,1.683e-05,0.0
holdout,0,6.48e-06,0.0
holdout,0,3.98e-06,0.00103842
holdout,0,1.88e-06,0.0
holdout,0,7.849e-05,0.0
holdout,0,8.8e-07,0.0
holdout,0,1.65e-06,0.0
holdout,0,2.92e-05,0.0
holdout,0,2.38e-06,0.0
holdout,0,9.19e-06,0.0
holdout,0,1.59e-06,0.0
holdout,0,8.46e-06,0.0
holdout,0,5.9e-07,0.0
holdout,0,1.42e-06,0.0
holdout,0,1.6e-06,0.0
holdout,0,9.02e-06,0.0
holdout,0,1.49e-05,0.0
holdout,0,3.56e-06,0.0
holdout,0,5.92e-06,0.0
holdout,0,3.78e-06,0.0
holdout,0,4e-07,0.0
holdout,0,1e-06,0.0
holdout,0,7.8e-07,0.0
holdout,0,2.55e-06,0.0
holdout,0,4.69e-06,0.0
holdout,0,6.3e-07,0.0
holdout,0,1.023e-05,0.0
holdout,0,3.53e-06,0.0
holdout,0,3.42e-06,0.0
holdout,0,7.9e-07,0.00103842
holdout,0,2.59e-06,0.0
holdout,0,3.9e-06,0.0
holdout,0,2.33e-06,0.0
holdout,0,9.8e-07,0.0
holdout,0,1.56e-06,0.0
holdout,0,1.85e-06,0.0
holdout,0,2.31e-06,0.0
holdout,0,1.43e-06,0.0
holdout,0,9.01e-06,0.0
holdout,0,6.3e-07,0.0
holdout,0,2.99e-06,0.0
holdout,0,1.38e-06,0.0
holdout,0,8.3e-07,0.0
holdout,0,7.651e-05,0.0
holdout,0,2.41e-06,0.0
holdout,0,1.04e-06,0.0
holdout,0,1.41e-06,0.0
holdout,0,5.45e-06,0.0
holdout,0,6.5e-07,0.0
holdout,0,7.2e-07,0.0
holdout,0,2.22e-06,0.0
holdout,0,9.7e-07,0.0
holdout,0,1.23e-06,0.0
holdout,0,4.31e-06,0.0
holdout,0,7.1e-07,0.0
holdout,0,1.05e-06,0.0
holdout,0,8.4e-07,0.0
holdout,0,3.1e-07,0.0
holdout,0,1.74e-06,0.0
holdout,0,8.2e-07,0.0
holdout,0,2.8e-07,0.0
holdout,0,8.8e-07,0.0
holdout,0,9.7e-07,0.0
holdout,0,3.3e-07,0.0
holdout,0,2.62e-06,0.0
holdout,0,2.58e-06,0.0
holdout,0,1.46e-06,0.0
holdout,0,1.55e-06,0.0
holdout,0,6.3e-07,0.0
holdout,0,5.14e-06,0.0
holdout,0,0.00044841,0.00103842
holdout,0,3.2e-07,0.0
holdout,0,1.4e-06,0.0
holdout,0,9.1e-07,0.0
holdout,0,1.83e-06,0.0
holdout,0,7.4e-07,0.0
holdout,0,3e-07,0.0
holdout,0,2.01e-06,0.0
holdout,0,0.00016686,0.0
holdout,0,1.03e-06,0.0
holdout,0,5.57e-06,0.0
holdout,0,6.3e-07,0.0
holdout,0,5.9e-07,0.0
holdout,0,1.094e-05,0.0
holdout,0,6.6e-07,0.0
holdout,0,1.53e-06,0.0
holdout,0,3.35e-06,0.0
holdout,0,6e-07,0.0
holdout,0,1.57e-06,0.0
holdout,0,5.8e-07,0.0
holdout,0,3.9e-07,0.0
holdout,0,5.6e-07,0.0
holdout,0,4.7e-07,0.0
holdout,0,1.23e-06,0.0
holdout,0,3.5e-07,0.0
holdout,0,8.7e-07,0.0
holdout,0,3.4e-07,0.0
holdout,0,9.3e-07,0.0
holdout,0,7.7e-07,0.0
holdout,0,8.9e-07,0.0
holdout,0,7.33e-06,0.0
holdout,0,6.1e-07,0.0
holdout,0,5.3e-07,0.0
holdout,0,1.29e-06,0.0
holdout,0,4.5e-07,0.0
holdout,0,1.34e-06,0.0
holdout,0,5.3e-07,0.0
holdout,0,1.11e-06,0.0
holdout,0,3.7e-07,0.0
holdout,0,4.32e-06,0.0
holdout,0,5.1e-07,0.0
holdout,0,3.44e-06,0.0
holdout,0,4.5e-07,0.0
holdout,0,3.32e-06,0.0
holdout,0,2.23e-06,0.0
holdout,0,3.05e-06,0.00103842
holdout,0,5.58e-06,0.0
holdout,0,3.9e-07,0.0
holdout,0,3.18e-05,0.0
holdout,0,2.38e-06,0.0
holdout,0,1.09e-06,0.0
holdout,0,1.46e-06,0.0
holdout,0,1.25e-06,0.0
holdout,0,5.7e-07,0.0
holdout,0,8.1e-07,0.0
holdout,0,2.83e-06,0.0
holdout,0,1.24e-06,0.0
holdout,0,5.2e-07,0.0
holdout,0,2.64e-06,0.0
holdout,0,2.75e-06,0.0
holdout,0,7.9e-07,0.0
holdout,0,1.291e-05,0.0
holdout,0,3.65e-06,0.0
holdout,0,4.25e-06,0.0
holdout,0,4.2e-07,0.0
holdout,0,2.64e-06,0.0
holdout,0,1.14e-06,0.0
holdout,0,3.83e-06,0.0
holdout,0,5e-07,0.0
holdout,0,4.9e-07,0.0
holdout,0,7.8e-07,0.0
holdout,0,7.5e-07,0.0
holdout,0,3.86e-05,0.0
holdout,0,1.88e-06,0.0
holdout,0,7.9e-07,0.0
holdout,0,1.45e-06,0.0
holdout,0,2.18e-06,0.0
holdout,0,3.44e-06,0.00103842
holdout,0,9.91e-06,0.0
holdout,0,2.46e-06,0.0
holdout,0,1.17e-06,0.0
holdout,0,7.6e-07,0.0
holdout,0,8.4e-07,0.0
holdout,0,1.09e-06,0.0
holdout,0,3.12e-06,0.0
holdout,0,3.59e-06,0.0
holdout,0,5.16e-06,0.0
holdout,0,1.66e-06,0.0
holdout,0,3.79e-06,0.0
holdout,0,5.7e-07,0.0
holdout,0,7.6e-07,0.0
holdout,0,1.608e-05,0.0
holdout,0,8.4e-07,0.0
holdout,0,1.38e-06,0.0
holdout,0,7.3e-07,0.0
holdout,0,2.33e-06,0.0
holdout,0,1.55e-06,0.0
holdout,0,3.2e-06,0.0
holdout,0,1.52e-06,0.0
holdout,0,1.79e-06,0.0
holdout,0,1.45e-06,0.0
holdout,0,3.073e-05,0.0
holdout,0,3.9e-07,0.0
holdout,0,1.051e-05,0.0
holdout,0,1.18e-06,0.0
holdout,0,6.8e-06,0.00103842
holdout,0,3.3e-07,0.0
holdout,0,2.92e-06,0.0
holdout,0,1.25e-06,0.0
holdout,0,4.2e-07,0.0
holdout,0,8e-07,0.0
holdout,0,1.51e-06,0.0
holdout,0,1.48e-06,0.0
holdout,0,1.02e-06,0.0
holdout,0,3.11e-06,0.0
holdout,0,7.7e-07,0.0
holdout,0,6e-07,0.0
holdout,0,1.35e-06,0.0
holdout,0,3.349e-05,0.0
holdout,0,3e-06,0.0
holdout,0,1.62e-06,0.0
holdout,0,2.01e-06,0.0
holdout,0,7.6e-07,0.0
holdout,0,1.31e-05,0.0
holdout,0,1.763e-05,0.0
holdout,0,0.00372517,0.0
holdout,0,5.1e-07,0.0
holdout,0,1.718e-05,0.0
holdout,0,2.7e-06,0.0
holdout,0,6.3e-07,0.0
holdout,0,1.48e-06,0.0
holdout,0,6.9e-07,0.0
holdout,0,1.57e-06,0.0
holdout,0,7.23e-06,0.0
holdout,0,1.01e-06,0.0
holdout,0,1.76e-06,0.0
holdout,0,6.9e-07,0.0
holdout,0,1.1e-06,0.0
holdout,0,1.48e-06,0.0
holdout,0,6.69e-06,0.0
holdout,0,1.18e-06,0.0
holdout,0,8.7e-07,0.0
holdout,0,1.212e-05,0.00203252
holdout,0,7.87e-06,0.0
holdout,0,5.09e-06,0.0
holdout,0,2.2e-06,0.0
holdout,0,3.105e-05,0.0
holdout,0,9.1e-07,0.0
holdout,0,2.66e-06,0.0
holdout,0,1.273e-05,0.0
holdout,0,1e-06,0.0
holdout,0,6.9e-07,0.0
holdout,0,3.482e-05,0.0
holdout,0,4.6e-07,0.0
holdout,0,1.7e-06,0.0
holdout,0,7.139e-05,0.00410936
holdout,0,7.95e-06,0.0
holdout,0,9.45e-06,0.0
holdout,0,1.82e-06,0.0
holdout,0,3.67e-06,0.0
holdout,0,2.21e-06,0.0
holdout,0,6.5e-07,0.0
holdout,0,8.9e-07,0.0
holdout,0,2.76e-06,0.0
holdout,0,1.756e-05,0.0
holdout,0,2.33e-06,0.0
holdout,0,0.0004857,0.01207995
holdout,0,2.59e-06,0.0
holdout,0,6.8e-07,0.0
holdout,0,4.2e-07,0.0
holdout,0,2.06e-06,0.0
holdout,0,8e-07,0.0
holdout,0,4.91e-06,0.0
holdout,0,1.55e-06,0.0
holdout,0,0.0001909,0.00307094
holdout,0,1.498e-05,0.0
holdout,0,2.39e-06,0.0
holdout,0,1.12e-06,0.0
holdout,0,5.89e-06,0.0
holdout,0,1.791e-05,0.0
holdout,0,2.325e-05,0.0
holdout,0,1.95e-06,0.0
holdout,0,1.65e-06,0.0
holdout,0,3.7e-07,0.0
holdout,0,1.61e-06,0.0
holdout,0,3.33e-06,0.0
holdout,0,1.41e-06,0.0
holdout,0,3.58e-06,0.0
holdout,0,8.9e-07,0.0
holdout,0,3.39e-06,0.0
holdout,0,5.622e-05,0.0
holdout,0,1.67e-06,0.0
holdout,0,3.06e-06,0.0
holdout,0,3.15e-06,0.0
holdout,0,3.383e-05,0.00307094
holdout,0,4.4e-07,0.0
holdout,0,4.9e-07,0.0
holdout,0,1.5e-06,0.0
holdout,0,7.624e-05,0.0
holdout,0,6.62e-06,0.0
holdout,0,0.00377392,0.02286585
holdout,0,7.3e-07,0.0
holdout,0,1.02e-06,0.0
holdout,0,1.215e-05,0.0
holdout,0,3.36e-06,0.0
holdout,0,1.795e-05,0.0
holdout,0,1.31e-06,0.0
holdout,0,1.41e-06,0.0
holdout,0,3.66e-06,0.0
holdout,0,1.017e-05,0.0
holdout,0,9.8e-07,0.0
holdout,0,1.66e-06,0.0
holdout,0,9.9e-07,0.0
holdout,0,6.72e-06,0.0
holdout,0,7.4e-06,0.0
holdout,0,3.61e-06,0.0
holdout,0,4.83e-06,0.0
holdout,0,2.09e-06,0.0
holdout,0,4.49e-06,0.0
holdout,0,1.06e-06,0.0
holdout,0,2.83e-06,0.0
holdout,0,1.17e-06,0.0
holdout,0,1.11e-06,0.0
holdout,0,1.75e-06,0.0
holdout,0,2.97e-06,0.0
holdout,0,2.89e-06,0.0
holdout,0,2.04e-06,0.0
holdout,0,2.53e-06,0.0
holdout,0,9.2e-07,0.0
holdout,0,2.6e-06,0.0
holdout,0,6.346e-05,0.00103842
holdout,0,9.1e-07,0.0
holdout,0,6.6e-07,0.0
holdout,0,1.266e-05,0.0
holdout,0,2.99e-06,0.0
holdout,0,2.17e-06,0.0
holdout,0,5e-07,0.0
holdout,0,3.61e-06,0.0
holdout,0,3.9e-06,0.0
holdout,0,6.6e-07,0.0
holdout,0,2.73e-06,0.0
holdout,0,4.41e-06,0.0
holdout,0,1.73e-06,0.0
holdout,0,4.2e-06,0.0
holdout,0,8.7e-07,0.0
holdout,0,5.9e-07,0.0
holdout,0,2.03e-05,0.0
holdout,0,4.69e-06,0.0
holdout,0,1.342e-05,0.0
holdout,0,3.6e-07,0.0
holdout,0,2.01e-06,0.0
holdout,0,2.9e-06,0.0
holdout,0,0.0001374,0.01262131
holdout,0,1.26e-06,0.0
holdout,0,7.71e-06,0.0
holdout,0,2.28e-06,0.0
holdout,0,2.3e-06,0.0
holdout,0,0.00038429,0.0026182
holdout,0,2.56e-06,0.0
holdout,0,2.79e-06,0.0
holdout,0,1.406e-05,0.0
holdout,0,5.45e-06,0.0
holdout,0,7.1e-07,0.0
holdout,0,1.19e-06,0.0
holdout,0,9.82e-06,0.0
holdout,0,1.712e-05,0.0
holdout,0,5.556e-05,0.00410936
holdout,0,1.83e-06,0.0
holdout,0,1.26e-06,0.0
holdout,0,1.219e-05,0.0
holdout,0,2.56e-06,0.0
holdout,0,3.43e-06,0.0
holdout,0,1.272e-05,0.0
holdout,0,6.92e-06,0.0
holdout,0,1.98e-06,0.0
holdout,0,3e-06,0.0
holdout,0,1.467e-05,0.0
holdout,0,4.58e-06,0.0
holdout,0,1e-06,0.0
holdout,0,3.29e-06,0.0
holdout,0,3.164e-05,0.0
holdout,0,0.00010794,0.00307094
holdout,0,9.82e-06,0.0
holdout,0,3.34e-06,0.0
holdout,0,3.8e-07,0.0
holdout,0,3.74e-06,0.00103842
holdout,0,1.47e-06,0.0
holdout,0,1.045e-05,0.00103842
holdout,0,5.32e-06,0.0
holdout,0,2.21e-06,0.0
holdout,0,9.3e-07,0.0
holdout,0,6.73e-06,0.0
holdout,0,0.00029532,0.00185122
holdout,0,5.16e-06,0.0
holdout,0,0.00014002,0.0
holdout,0,5.05e-06,0.0
holdout,0,9.2e-07,0.0
holdout,0,1.45e-06,0.0
holdout,0,7.7e-07,0.0
holdout,0,2.953e-05,0.0
holdout,0,2.57e-06,0.0
holdout,0,1.235e-05,0.0
holdout,0,1.66e-06,0.0
holdout,0,3.9e-07,0.0
holdout,0,1.315e-05,0.0
holdout,0,2.77e-06,0.0
holdout,0,1.412e-05,0.0
holdout,0,1.17e-06,0.0
holdout,0,5.359e-05,0.0026182
holdout,0,7.26e-06,0.0
holdout,0,9.2e-07,0.0
holdout,0,1.04e-06,0.0
holdout,0,1.12e-06,0.0
holdout,0,6.89e-06,0.00103842
holdout,0,3.04e-06,0.0
holdout,0,1.576e-05,0.0
holdout,0,1.17e-06,0.0
holdout,0,0.00020704,0.00103842
holdout,0,8.1e-07,0.0
holdout,0,0.01562054,0.01262131
holdout,0,1.293e-05,0.0
holdout,0,5.3e-06,0.0
holdout,0,1.48e-06,0.0
holdout,0,5.64e-06,0.0
holdout,0,5.7e-07,0.0
holdout,0,9.01e-06,0.0
holdout,0,4.825e-05,0.00103842
holdout,0,5.13e-06,0.0
holdout,0,3.18e-06,0.0
holdout,0,4.72e-06,0.0
holdout,0,1.03e-06,0.0
holdout,0,2.25e-06,0.0
holdout,0,3.2e-06,0.0
holdout,0,0.00037453,0.0
holdout,0,0.00128418,0.01004743
holdout,0,1.79e-06,0.0
holdout,0,3.9e-06,0.0
holdout,0,1.38e-06,0.0
holdout,0,1.67e-06,0.0
holdout,0,2.33e-06,0.0
holdout,0,3.75e-06,0.0
holdout,0,4.49e-06,0.0
holdout,0,1.41e-05,0.0
holdout,0,1.92e-06,0.0
holdout,0,3.03e-06,0.0
holdout,0,1.24e-06,0.0
holdout,0,5.28e-06,0.0
holdout,0,7.99e-06,0.0
holdout,0,9.02e-06,0.0
holdout,0,8.35e-06,0.0
holdout,0,2.39e-06,0.0
holdout,0,1.74e-06,0.0
holdout,0,0.00022833,0.0
holdout,0,3.5e-07,0.0
holdout,0,1.825e-05,0.0
holdout,0,1.69e-06,0.0
holdout,0,1.51e-06,0.0
holdout,0,5.97e-06,0.0
holdout,0,1.133e-05,0.0
holdout,0,8.02e-06,0.0
holdout,0,1.08e-06,0.0
holdout,0,1.81e-06,0.0
holdout,0,2.01e-05,0.0
holdout,0,1.28e-06,0.0
holdout,0,8.5e-07,0.0
holdout,0,4.99e-06,0.0
holdout,0,1.6e-06,0.0
holdout,0,1.88e-06,0.0
holdout,0,5.7e-07,0.0
holdout,0,9.7e-07,0.0
holdout,0,5.5e-07,0.0
holdout,0,6.54e-06,0.0
holdout,0,1.45e-06,0.0
holdout,0,0.000121,0.00103842
holdout,0,1.925e-05,0.0
holdout,0,4.73e-06,0.0
holdout,0,2.73e-06,0.0
holdout,0,1.18e-06,0.0
holdout,0,7e-07,0.0
holdout,0,1.3e-06,0.0
holdout,0,4.73e-06,0.0
holdout,0,5.7e-07,0.0
holdout,0,6.68e-06,0.0
holdout,0,2.795e-05,0.0
holdout,0,9.7e-07,0.0
holdout,0,2.005e-05,0.0
holdout,0,2.53e-06,0.0
holdout,0,1.07e-05,0.0
holdout,0,6.1e-07,0.0
holdout,0,1.53e-06,0.0
holdout,0,7.34e-06,0.0
holdout,0,4.7e-07,0.0
holdout,0,8.18e-06,0.0
holdout,0,7.8e-07,0.0
holdout,0,7.9e-07,0.0
holdout,0,1.06e-05,0.0
holdout,0,7.9e-07,0.0
holdout,0,1.24e-06,0.0
holdout,0,3.4e-06,0.0
holdout,0,1.087e-05,0.0
holdout,0,4.54e-06,0.0
holdout,0,1.95e-06,0.0
holdout,0,1.09e-06,0.0
holdout,0,3.91e-06,0.0
holdout,0,1.581e-05,0.0
holdout,0,6.76e-06,0.0
holdout,0,5.6e-07,0.0
holdout,0,4.58e-06,0.0
holdout,0,1.55e-06,0.0
holdout,0,4.43e-06,0.0
holdout,0,5.2e-07,0.0
holdout,0,1.37e-06,0.0
holdout,0,0.00131235,0.00103842
holdout,0,5.7e-07,0.0
holdout,0,2.21e-06,0.0
holdout,0,3.8e-07,0.0
holdout,0,0.00868935,0.00207684
holdout,0,8.21e-06,0.0
holdout,0,2.09e-06,0.0
holdout,0,9.96e-06,0.0
holdout,0,1.398e-05,0.0
holdout,0,7.2e-07,0.0
holdout,0,7.5e-07,0.0
holdout,0,3.88e-05,0.0
holdout,0,1.82e-06,0.0
holdout,0,1.14e-06,0.0
holdout,0,2.86e-06,0.0
holdout,0,6.4e-07,0.0
holdout,0,5.9e-07,0.0
holdout,0,1.247e-05,0.0
holdout,0,2.09e-06,0.0
holdout,0,3.72e-06,0.0
holdout,0,2.2e-06,0.0
holdout,0,6.92e-06,0.0
holdout,0,1.34e-06,0.0
holdout,0,6.45e-06,0.0
holdout,0,6.3e-07,0.0
holdout,0,2.12e-06,0.0
holdout,0,3.74e-06,0.0
holdout,0,1.31e-06,0.0
holdout,0,6.05e-06,0.0
holdout,0,1.29e-06,0.0
holdout,0,5.3e-07,0.0
holdout,0,2.98e-06,0.0
holdout,0,1.324e-05,0.0
holdout,0,1.07e-06,0.0
holdout,0,8.5e-07,0.0
holdout,0,2.084e-05,0.0
holdout,0,6.72e-06,0.0
holdout,0,1.88e-06,0.0
holdout,0,1.19e-06,0.0
holdout,0,9e-07,0.0
holdout,0,1.84e-06,0.0
holdout,0,5.4e-07,0.0
holdout,0,9.3e-07,0.0
holdout,0,4.38e-06,0.0
holdout,0,3.06e-06,0.0
holdout,0,1.001e-05,0.0
holdout,0,1.68e-06,0.0
holdout,0,1.35e-06,0.0
holdout,0,5.1e-07,0.0
holdout,0,7e-07,0.0
holdout,0,4.89e-06,0.0
holdout,0,8.1e-07,0.0
holdout,0,0.00017027,0.0
holdout,0,1.16e-06,0.0
holdout,0,9.4e-07,0.0
holdout,0,2.831e-05,0.0
holdout,0,2.52e-06,0.0
holdout,0,2.994e-05,0.0
holdout,0,2.91e-05,0.0
holdout,0,1.4e-06,0.0
holdout,0,1.06e-06,0.0
holdout,0,2.99e-06,0.0
holdout,0,1.67e-06,0.0
holdout,0,5.6e-07,0.0
holdout,0,3.75e-06,0.0
holdout,0,1.2e-06,0.0
holdout,0,5.77e-06,0.0
holdout,0,9.9e-07,0.0
holdout,0,0.000111,0.00410936
holdout,0,2e-06,0.0
holdout,0,1.32e-06,0.0
holdout,0,7.74e-06,0.0
holdout,0,6.41e-06,0.0
holdout,0,8.06e-06,0.0
holdout,0,2.825e-05,0.0
holdout,0,6.28e-06,0.0
holdout,0,4.81e-06,0.0
holdout,0,6.7e-07,0.0
holdout,0,4e-07,0.0
holdout,0,7.9e-07,0.0
holdout,0,1.22e-06,0.0
holdout,0,1.92e-06,0.0
holdout,0,5.25e-06,0.0
holdout,0,2.124e-05,0.0
holdout,0,5.18e-06,0.0
holdout,0,3.28e-06,0.0
holdout,0,3.582e-05,0.0
holdout,0,1.39e-05,0.0
holdout,0,1.28e-05,0.0
holdout,0,1.02e-06,0.0
holdout,0,1.29e-06,0.0
holdout,0,1.73e-06,0.0
holdout,0,4.13e-06,0.0
holdout,0,1.42e-06,0.0
holdout,0,7.4e-07,0.0
holdout,0,2.14e-06,0.0
holdout,0,4.24e-06,0.0
holdout,0,1.36e-06,0.0
holdout,0,1.59e-06,0.0
holdout,0,6.74e-06,0.0
holdout,0,5.2e-07,0.0
holdout,0,3.95e-06,0.0
holdout,0,0.00024319,0.0
holdout,0,6.21e-06,0.0
holdout,0,1.15e-06,0.0
holdout,0,5.15e-06,0.0
holdout,0,3.51e-06,0.0
holdout,0,1.211e-05,0.0
holdout,0,2.619e-05,0.0
holdout,0,7.1e-07,0.0
holdout,0,0.00180964,0.02390428
holdout,0,3.62e-06,0.0
holdout,0,2.89e-06,0.0
holdout,0,2.49e-06,0.0
holdout,0,1.081e-05,0.0
holdout,0,4.8e-06,0.0
holdout,0,3.3e-06,0.0
holdout,0,3.212e-05,0.0
holdout,0,1.5e-06,0.0
holdout,0,8.9e-07,0.0
holdout,0,4.17e-06,0.0
holdout,0,3.64e-06,0.0
holdout,0,0.00023671,0.00307094
holdout,0,7.31e-06,0.0
holdout,0,0.00126365,0.04010798
holdout,0,3.87e-06,0.0
holdout,0,1.61e-06,0.0
holdout,0,1.867e-05,0.0
holdout,0,5.8e-07,0.0
holdout,0,4.82e-06,0.0
holdout,0,0.00010804,0.0
holdout,0,0.00298864,0.00103842
holdout,0,3.01e-06,0.0
holdout,0,3.93e-06,0.0
holdout,0,7.3e-07,0.0
holdout,0,5.31e-06,0.00103842
holdout,0,5.25e-06,0.0
holdout,0,0.00013772,0.00103842
holdout,0,1.5e-06,0.0
holdout,0,9.81e-06,0.0
holdout,0,9.762e-05,0.0026182
holdout,0,7e-07,0.0
holdout,0,1.38e-06,0.0
holdout,0,2.75e-06,0.0
holdout,0,7.49e-06,0.0
holdout,0,1.18e-06,0.0
holdout,0,5.295e-05,0.00103842
holdout,0,6.28e-06,0.0
holdout,0,2.71e-06,0.0
holdout,0,0.00054998,0.00410936
holdout,0,4.46e-06,0.0
holdout,0,4.93e-06,0.0
holdout,0,8.91e-06,0.0
holdout,0,5e-07,0.0
holdout,0,0.00032943,0.00103842
holdout,0,1.547e-05,0.0
holdout,0,2.92e-06,0.0
holdout,0,2.127e-05,0.0
holdout,0,1.48e-06,0.0
holdout,0,6.03e-06,0.0
holdout,0,3.71e-06,0.0
holdout,0,1.033e-05,0.0
holdout,0,7.75e-06,0.0
holdout,0,6.2e-07,0.0
holdout,0,2.084e-05,0.0
holdout,0,2.94e-06,0.0
holdout,0,1.29e-06,0.0
holdout,0,4.72e-06,0.0
holdout,0,2.319e-05,0.0
holdout,0,2.94e-06,0.0
holdout,0,3.11e-06,0.0
holdout,0,6.9e-07,0.0
holdout,0,5.135e-05,0.0
holdout,0,3.431e-05,0.0
holdout,0,0.0012107,0.00465072
holdout,0,1e-06,0.0
holdout,0,4.33e-06,0.0
holdout,0,1.45e-06,0.0
holdout,0,5.855e-05,0.00207684
holdout,0,5.13e-06,0.0
holdout,0,5.24e-06,0.0
holdout,0,4.13e-06,0.0
holdout,0,1.889e-05,0.0
holdout,0,0.00016225,0.00103842
holdout,0,2.57e-06,0.0
holdout,0,5.03e-06,0.0
holdout,0,1.91e-06,0.0
holdout,0,0.71755918,0.10887546
holdout,0,1.58e-06,0.0
holdout,0,1.11e-06,0.0
holdout,0,4.115e-05,0.0
holdout,0,3.13e-05,0.0
holdout,0,7.13e-06,0.0
holdout,0,9.5e-07,0.0
holdout,0,5.4e-06,0.0
holdout,0,7.33e-06,0.0
holdout,0,8.7e-07,0.0
holdout,0,7.95e-06,0.0
holdout,0,4.01e-06,0.0
holdout,0,1.95e-06,0.0
holdout,0,7.91e-06,0.0
holdout,0,5.724e-05,0.0
holdout,0,7.55e-06,0.0
holdout,0,1.59e-06,0.0
holdout,0,2.36e-06,0.0
holdout,0,6.33e-06,0.0
holdout,0,1.24e-06,0.0
holdout,0,2.12e-06,0.0
holdout,0,3.2e-06,0.00103842
holdout,0,0.0002832,0.0
holdout,0,6.6e-06,0.0
holdout,0,1.25e-06,0.0
holdout,0,8.5e-07,0.0
holdout,0,8.44e-06,0.0
holdout,0,3.87e-06,0.0
holdout,0,1.063e-05,0.0
holdout,0,1.149e-05,0.0
holdout,0,7.2e-07,0.0
holdout,0,2.886e-05,0.0
holdout,0,3.23e-06,0.0
holdout,0,0.00051629,0.00307094
holdout,0,7.43e-06,0.0
holdout,0,0.00014009,0.0
holdout,0,1.74e-06,0.0
holdout,0,1.44e-06,0.0
holdout,0,1.66e-06,0.0
holdout,0,2.411e-05,0.0
holdout,0,1.04e-06,0.0
holdout,0,2.07e-06,0.0
holdout,0,1.078e-05,0.0
holdout,0,3.21e-06,0.0
holdout,0,8.11e-06,0.0
holdout,0,4.3e-07,0.0
holdout,0,5.53e-06,0.0
holdout,0,8.36e-06,0.0
holdout,0,7.914e-05,0.0
holdout,0,1.93e-06,0.0
holdout,0,1.54e-06,0.0
holdout,0,9.76e-06,0.0
holdout,0,2e-06,0.0
holdout,0,2.606e-05,0.0
holdout,0,7.5e-07,0.0
holdout,0,3.87e-06,0.0
holdout,0,0.000217,0.0
holdout,0,6.61e-06,0.0
holdout,0,1.147e-05,0.0
holdout,0,1.541e-05,0.0
holdout,0,1.86e-06,0.0
holdout,0,1.204e-05,0.0
holdout,0,9.1e-07,0.0
holdout,0,1.67e-06,0.0
holdout,0,1.56e-06,0.0
holdout,0,1.238e-05,0.0
holdout,0,2.74e-06,0.0
holdout,0,4.4e-07,0.0
holdout,0,6.73e-06,0.0
holdout,0,1.71e-06,0.0
holdout,0,1.97e-06,0.0
holdout,0,7.2e-07,0.0
holdout,0,0.00611837,0.02444563
holdout,0,1.2e-06,0.0
holdout,0,1.28e-06,0.0
holdout,0,1.43e-06,0.0
holdout,0,1.26e-06,0.0
holdout,0,7.71e-06,0.0
holdout,0,3.82e-06,0.0
holdout,0,2.012e-05,0.0
holdout,0,5.01e-06,0.0
holdout,0,1.401e-05,0.0
holdout,0,7.12e-06,0.0
holdout,0,1.082e-05,0.0
holdout,0,0.00062859,0.02444563
holdout,0,6.9e-07,0.0
holdout,0,6.805e-05,0.00900901
holdout,0,2.13e-06,0.0
holdout,0,1.13e-06,0.0
holdout,0,4.779e-05,0.0
holdout,0,4.775e-05,0.0
holdout,0,1.28e-06,0.0
holdout,0,1.74e-06,0.0
holdout,0,1.64e-06,0.0
holdout,0,1.361e-05,0.0
holdout,0,1.479e-05,0.0
holdout,0,2.158e-05,0.0
holdout,0,0.00018452,0.0
holdout,0,0.00013871,0.0
holdout,0,2.858e-05,0.0
holdout,0,3.55e-06,0.0
holdout,0,6.65e-06,0.0
holdout,0,1.538e-05,0.0
holdout,0,5.72e-06,0.0
holdout,0,4.18e-06,0.0
holdout,0,2.48e-06,0.0
holdout,0,4.88e-06,0.0
holdout,0,1.221e-05,0.0
holdout,0,1.32e-06,0.0
holdout,0,1.2e-06,0.0
holdout,0,6.05e-06,0.0
holdout,0,1.34e-06,0.0
holdout,0,1.61e-06,0.0
holdout,0,8.78e-06,0.0
holdout,0,2.61e-06,0.0
holdout,0,7.87e-06,0.0
holdout,0,7.3e-07,0.0
holdout,0,3.55e-06,0.0
holdout,0,2.16e-06,0.0
holdout,0,5.63e-06,0.0
holdout,0,3.05e-06,0.0
holdout,0,0.00011396,0.0
holdout,0,4.34e-06,0.0
holdout,0,2.544e-05,0.0
holdout,0,1.467e-05,0.0
holdout,0,3.618e-05,0.0
holdout,0,4.7e-07,0.0
holdout,0,1.58e-06,0.0
holdout,0,4.36e-06,0.0
holdout,0,6.7e-06,0.0
holdout,0,4.23e-06,0.0
holdout,0,4.68e-06,0.0
holdout,0,0.00016158,0.0
holdout,0,2.369e-05,0.0
holdout,0,4.02e-06,0.0
holdout,0,7.5e-07,0.0
holdout,0,1.206e-05,0.0
holdout,0,5.06e-06,0.0
holdout,0,8.2e-07,0.0
holdout,0,1.94e-06,0.0
holdout,0,9.718e-05,0.0
holdout,0,3.36e-06,0.0
holdout,0,6e-07,0.0
holdout,0,0.00074219,0.02083333
holdout,0,7.3e-06,0.0
holdout,0,5.7e-07,0.0
holdout,0,3.68e-06,0.0
holdout,0,9.85e-06,0.0
holdout,0,2.47e-06,0.0
holdout,0,0.00012704,0.0
holdout,0,7.95e-06,0.00103842
holdout,0,0.00045987,0.03457103
holdout,0,5.28e-06,0.0
holdout,0,5.42e-06,0.0
holdout,0,3.12e-06,0.0
holdout,0,4.17e-06,0.0
holdout,0,4.06e-06,0.0
holdout,0,7.45e-06,0.0
holdout,0,3.332e-05,0.0
holdout,0,1.44e-06,0.0
holdout,0,1.32e-06,0.0
holdout,0,1.92e-06,0.0
holdout,0,5.55e-06,0.0
holdout,0,5.28e-06,0.0
holdout,0,6.07e-06,0.0
holdout,0,7.12e-06,0.0
holdout,0,2.51e-06,0.0
holdout,0,1.722e-05,0.0
holdout,0,9.4e-07,0.0
holdout,0,1.44e-06,0.0
holdout,0,1.186e-05,0.0
holdout,0,1.506e-05,0.0
holdout,0,2.25e-06,0.0
holdout,0,9.04e-06,0.0
holdout,0,2.34e-06,0.0
holdout,0,1.609e-05,0.00103842
holdout,0,1.46e-05,0.0
holdout,0,9.39e-06,0.0
holdout,0,2.032e-05,0.0
holdout,0,2.69e-06,0.0
holdout,0,9.33e-06,0.0
holdout,0,2.2e-06,0.0
holdout,0,1.17e-06,0.0
holdout,0,3.35e-06,0.0
holdout,0,6.7e-07,0.0
holdout,0,0.00012501,0.0
holdout,0,3.64e-06,0.0
holdout,0,1.63e-06,0.0
holdout,0,7e-07,0.0
holdout,0,3.14e-06,0.0
holdout,0,1.01e-06,0.0
holdout,0,9.46e-06,0.0
holdout,0,3.18e-06,0.0
holdout,0,0.00071243,0.00203252
holdout,0,3.53e-06,0.0
holdout,0,9.7e-07,0.0
holdout,0,6.45e-06,0.0
holdout,0,0.00023455,0.00307094
holdout,0,6.66e-06,0.0
holdout,0,1.294e-05,0.0
holdout,0,6.65e-06,0.0
holdout,0,2.35e-06,0.0
holdout,0,2.04e-06,0.0
holdout,0,1.342e-05,0.0
holdout,0,4.46e-06,0.0
holdout,0,8.4e-07,0.0
holdout,0,2.278e-05,0.00207684
holdout,0,1.12e-06,0.0
holdout,0,3.14e-06,0.0
holdout,0,5.63e-06,0.0
holdout,0,5.19e-06,0.0
holdout,0,0.00041526,0.00103842
holdout,0,7.6e-07,0.0
holdout,0,0.98284819,0.14410075
holdout,0,4.64e-06,0.0
holdout,0,3.78e-06,0.0
holdout,0,6.13e-06,0.0
holdout,0,1.614e-05,0.0
holdout,0,0.00039852,0.01207995
holdout,0,2.34e-06,0.0
holdout,0,1.4e-06,0.0
holdout,0,5.8e-07,0.0
holdout,0,3.72e-06,0.0
holdout,0,1.22e-06,0.0
holdout,0,1.19e-06,0.0
holdout,0,1.312e-05,0.0
holdout,0,6.777e-05,0.0
holdout,0,1.3e-06,0.0
holdout,0,1.9e-06,0.0
holdout,0,8.62e-06,0.0
holdout,0,1.49e-06,0.0
holdout,0,2.751e-05,0.0
holdout,0,6.44e-06,0.0
holdout,0,0.00162212,0.01104153
holdout,0,1.2e-06,0.0
holdout,0,1.83e-06,0.0
holdout,0,5.5e-07,0.0
holdout,0,1.54e-05,0.0
holdout,0,9.123e-05,0.00103842
holdout,0,1.49e-06,0.0
holdout,0,3.86e-06,0.0
holdout,0,2.09e-06,0.0
holdout,0,1.29e-06,0.0
holdout,0,6e-07,0.0
holdout,0,4.29e-06,0.0
holdout,0,6.34e-06,0.0
holdout,0,8.9e-07,0.0
holdout,0,1.215e-05,0.0
holdout,0,1.21e-06,0.0
holdout,0,0.00021995,0.0
holdout,0,2.24e-06,0.0
holdout,0,2.9e-06,0.0
holdout,0,2.45e-06,0.0
holdout,0,1.59e-06,0.0
holdout,0,7.44e-06,0.0
holdout,0,1.154e-05,0.0
holdout,0,5.6e-07,0.0
holdout,0,1.07e-06,0.0
holdout,0,9.5e-07,0.0
holdout,0,3.75e-06,0.0
holdout,0,1.802e-05,0.0
holdout,0,2.74e-06,0.0
holdout,0,7.16e-06,0.0
holdout,0,1.18e-06,0.0
holdout,0,9.26e-06,0.0
holdout,0,5.91e-06,0.0
holdout,0,8.5e-07,0.0
holdout,0,1.5e-06,0.0
holdout,0,6.21e-06,0.0
holdout,0,1.76e-06,0.0
holdout,0,1.56e-06,0.0
holdout,0,6.32e-06,0.0
holdout,0,7.5e-06,0.0
holdout,0,9.4e-07,0.0
holdout,0,1.4e-06,0.0
holdout,0,1.36e-06,0.0
holdout,0,1.935e-05,0.00103842
holdout,0,3.94e-06,0.0
holdout,0,1.98e-06,0.0
holdout,0,1.06e-06,0.0
holdout,0,1.69e-06,0.0
holdout,0,0.00037601,0.00410936
holdout,0,1.077e-05,0.0
holdout,0,1.71e-06,0.0
holdout,0,2.2e-06,0.0
holdout,0,6.7e-06,0.0
holdout,0,3.14e-06,0.0
holdout,0,3.04e-06,0.0
holdout,0,7e-07,0.0
holdout,0,2.71e-06,0.0
holdout,0,8.12e-06,0.0
holdout,0,1.577e-05,0.0
holdout,0,4.01e-06,0.0
holdout,0,1.17e-06,0.0
holdout,0,1.75e-06,0.0
holdout,0,1.28e-06,0.0
holdout,0,7.03e-06,0.0
holdout,0,1.27e-06,0.0
holdout,0,7.4e-07,0.0
holdout,0,2.24e-06,0.0
holdout,0,6.7e-07,0.0
holdout,0,5.8e-07,0.0
holdout,0,4.271e-05,0.0
holdout,0,8.4e-07,0.0
holdout,0,3.53e-06,0.0
holdout,0,3.02e-06,0.0
holdout,0,7.9e-06,0.0
holdout,0,1.1e-06,0.0
holdout,0,7.8e-07,0.0
holdout,0,2.41e-06,0.0
holdout,0,3.137e-05,0.0
holdout,0,6.8e-06,0.0
holdout,0,1.79e-06,0.0
holdout,0,2.38e-06,0.00103842
holdout,0,6.2e-07,0.0
holdout,0,8.1e-07,0.0
holdout,0,2.18e-06,0.0
holdout,0,0.00043868,0.01104153
holdout,0,6e-07,0.0
holdout,0,2.09e-06,0.0
holdout,0,2.34e-06,0.0
holdout,0,7.5e-07,0.0
holdout,0,2.672e-05,0.00103842
holdout,0,6.09e-06,0.0
holdout,0,9.7e-07,0.0
holdout,0,3.8e-07,0.0
holdout,0,7.6e-07,0.0
holdout,0,2.04e-06,0.0
holdout,0,1.54e-06,0.0
holdout,0,1.6e-06,0.0
holdout,0,1.07e-06,0.0
holdout,0,1.903e-05,0.0026182
holdout,0,5.88e-05,0.0
holdout,0,3.53e-06,0.0
holdout,0,4.6e-07,0.0
holdout,0,3.5e-07,0.0
holdout,0,4.461e-05,0.0
holdout,0,1.06e-06,0.0
holdout,0,1.188e-05,0.0
holdout,0,1.31e-06,0.0
holdout,0,1.696e-05,0.0
holdout,0,3.16e-06,0.0
holdout,0,8.13e-06,0.0
holdout,0,0.00091937,0.14433272
holdout,0,8.5e-07,0.0
holdout,0,2.279e-05,0.0
holdout,0,4.53e-06,0.0
holdout,0,9.46e-06,0.0
holdout,0,1.815e-05,0.0
holdout,0,2.595e-05,0.00103842
holdout,0,1.747e-05,0.0
holdout,0,9.48e-06,0.0
holdout,0,1.23e-06,0.0
holdout,0,5.354e-05,0.0
holdout,0,2.65e-06,0.0
holdout,0,4.526e-05,0.0
holdout,0,1.13e-06,0.0
holdout,0,4.9e-07,0.0
holdout,0,1.94e-06,0.0
holdout,0,2.59e-06,0.0
holdout,0,1.83e-06,0.0
holdout,0,1.11e-06,0.0
holdout,0,3.56e-06,0.0
holdout,0,1.709e-05,0.0
holdout,0,2.46e-06,0.0
holdout,0,1.49e-06,0.0
holdout,0,1.45e-06,0.0
holdout,0,2.28e-06,0.0
holdout,0,4.17e-06,0.0
holdout,0,8.48e-06,0.0
holdout,0,1.12e-06,0.0
holdout,0,8.7e-07,0.0
holdout,0,3.99e-06,0.0
holdout,0,3.01e-06,0.0
holdout,0,4.9e-07,0.0
holdout,0,2.5e-06,0.0
holdout,0,1.51e-06,0.0
holdout,0,9.2e-06,0.00103842
holdout,0,9.63e-06,0.0
holdout,0,4.17e-06,0.0
holdout,0,1.63e-06,0.0
holdout,0,1.48e-06,0.0
holdout,0,9.4e-07,0.0
holdout,0,1.79e-06,0.0
holdout,0,1.212e-05,0.0
holdout,0,1.028e-05,0.0
holdout,0,2.12e-05,0.0
holdout,0,9.96e-06,0.0
holdout,0,0.00028228,0.0
holdout,0,4.702e-05,0.00207684
holdout,0,7.68e-06,0.0
holdout,0,3.71e-06,0.0
holdout,0,5.5e-07,0.0
holdout,0,2.755e-05,0.0
holdout,0,1.624e-05,0.0
holdout,0,8.4e-07,0.0
holdout,0,1.64e-06,0.0
holdout,0,0.00206376,0.02390428
holdout,0,2.735e-05,0.0
holdout,0,9.25e-06,0.0
holdout,0,1.35e-06,0.0
holdout,0,1.435e-05,0.0
holdout,0,4.33e-06,0.0
holdout,0,9.2e-07,0.0
holdout,0,2.04e-06,0.0
holdout,0,7.29e-06,0.0
holdout,0,2.79e-06,0.0
holdout,0,8.124e-05,0.00103842
holdout,0,1.102e-05,0.0
holdout,0,1.149e-05,0.0
holdout,0,4.79e-06,0.0
holdout,0,1.05e-06,0.0
holdout,0,8.6e-07,0.0
holdout,0,4.04e-06,0.0
holdout,0,2.91e-06,0.0
holdout,1,0.99938033,0.96969697
holdout,0,7.66e-05,0.00103842
holdout,0,2.43e-06,0.0
holdout,0,4.7e-07,0.0
holdout,0,9.1e-07,0.0
holdout,0,4.25e-06,0.0
holdout,0,2.07e-06,0.0
holdout,0,1.91e-06,0.0
holdout,0,1.39e-06,0.0
holdout,0,8.5e-07,0.0
holdout,0,0.73167913,0.53254688
holdout,0,3.02e-05,0.0
holdout,0,7.3e-07,0.0
holdout,0,1.74e-06,0.0
holdout,0,1.148e-05,0.0
holdout,0,6.14e-06,0.0
holdout,0,6.16e-06,0.00103842
holdout,0,1.47e-06,0.0
holdout,0,1.41e-06,0.0
holdout,0,4.94e-06,0.0
holdout,0,1.21e-06,0.0
holdout,0,5e-07,0.0
holdout,0,4.27e-06,0.0
holdout,0,8.4e-07,0.0
holdout,0,0.00123325,0.01262131
holdout,0,3.91e-06,0.0
holdout,0,2.63e-06,0.0
holdout,0,2.03e-06,0.0
holdout,0,9.5e-06,0.0
holdout,0,8.1e-07,0.0
holdout,0,1.2e-06,0.0
holdout,0,1.11e-06,0.0
holdout,0,1.94e-06,0.0
holdout,0,8.8e-07,0.0
holdout,0,1.493e-05,0.0
holdout,0,1.81e-06,0.0
holdout,0,1.86e-05,0.0
holdout,0,7.7e-07,0.0
holdout,0,1.15e-06,0.0
holdout,0,0.00017531,0.0
holdout,0,1.745e-05,0.0
holdout,0,1.78e-06,0.0
holdout,0,3.12e-06,0.0
holdout,0,7.49e-06,0.0
holdout,0,5.37e-05,0.0
holdout,0,1.449e-05,0.0
holdout,0,2.574e-05,0.0026182
holdout,0,1.62e-06,0.0
holdout,0,0.00010494,0.0036123
holdout,0,6.04e-06,0.0
holdout,0,1.57e-06,0.0
holdout,0,9.7e-07,0.0
holdout,0,3.49e-06,0.0
holdout,0,2.74e-06,0.0
holdout,0,1.72e-06,0.0
holdout,0,3.84e-06,0.0
holdout,0,9.6e-07,0.0
holdout,0,4.777e-05,0.0
holdout,0,0.00039588,0.00103842
holdout,0,9.9e-06,0.0
holdout,0,2.46e-06,0.0
holdout,0,2.21e-06,0.0
holdout,0,9.9e-07,0.0
holdout,0,2.392e-05,0.0
holdout,0,2.22e-06,0.0
holdout,0,5.44e-06,0.0
holdout,0,3.27e-06,0.0
holdout,0,2.85e-06,0.0
holdout,0,2.09e-06,0.0
holdout,0,6.3e-07,0.0
holdout,0,4.07e-06,0.0
holdout,0,3.81e-06,0.0
holdout,0,8.69e-06,0.0
holdout,0,2.12e-06,0.0
holdout,0,3.741e-05,0.0
holdout,0,5.6e-07,0.0
holdout,0,2.95e-06,0.0
holdout,0,2.59e-06,0.0
holdout,0,8.39e-06,0.0
holdout,0,8.45e-06,0.0
holdout,0,1.7e-06,0.0
holdout,0,1.829e-05,0.0
holdout,0,1.98e-06,0.0
holdout,0,3.52e-06,0.0
holdout,0,6.87e-06,0.0
holdout,0,1.2e-06,0.0
holdout,0,1.74e-06,0.0
holdout,0,7.13e-06,0.00207684
holdout,0,1.43e-05,0.0
holdout,0,1.58e-06,0.0
holdout,0,3.88e-06,0.0
holdout,0,5e-07,0.0
holdout,0,1.23e-06,0.0
holdout,0,5.7e-07,0.0
holdout,0,5.47e-06,0.0
holdout,0,7.1e-07,0.0
holdout,0,4.87e-06,0.0
holdout,0,2.08e-06,0.0
holdout,0,3.47e-06,0.0
holdout,0,1.78e-06,0.0
holdout,0,2.13e-06,0.0
holdout,0,1.318e-05,0.0
holdout,0,4.15e-06,0.0
holdout,0,8.85e-06,0.0
holdout,0,1.17e-06,0.0
holdout,0,1.77e-06,0.0
holdout,0,5.46e-06,0.0
holdout,0,9.21e-06,0.0
holdout,0,1.03e-06,0.0
holdout,0,0.00016742,0.00103842
holdout,0,7.7e-07,0.0
holdout,0,4.12e-06,0.0
holdout,0,4.24e-06,0.0
holdout,0,5.36e-06,0.0
holdout,0,6.3e-07,0.0
holdout,0,8.6e-07,0.0
holdout,0,2.89e-06,0.0
holdout,0,1.56e-06,0.0
holdout,0,2.06e-06,0.0
holdout,0,9.1e-07,0.0
holdout,0,2.094e-05,0.0
holdout,0,3.4e-06,0.0
holdout,0,7.3e-07,0.0
holdout,0,6.6e-07,0.0
holdout,0,5.9e-07,0.0
holdout,0,3.63e-06,0.0
holdout,0,7.28e-06,0.0
holdout,0,1.102e-05,0.0
holdout,0,2.037e-05,0.0
holdout,0,1.685e-05,0.0
holdout,0,3.33e-06,0.0
holdout,0,6.73e-06,0.0
holdout,0,8e-07,0.0
holdout,0,0.00087354,0.00465072
holdout,0,3.064e-05,0.0
holdout,0,2.546e-05,0.0
holdout,0,0.00033307,0.02644608
holdout,0,2.49e-06,0.0
holdout,0,1.105e-05,0.0
holdout,0,3.053e-05,0.0
holdout,0,1.57e-06,0.0
holdout,0,7.66e-06,0.0
holdout,0,2.39e-06,0.0
holdout,0,2.186e-05,0.0
holdout,0,0.00018016,0.0
holdout,0,2.06e-06,0.0
holdout,0,6.48e-06,0.0
holdout,0,2.42e-06,0.0
holdout,0,9.7e-07,0.0
holdout,0,4.6e-07,0.0
holdout,0,1.69e-06,0.0
holdout,0,4.44e-06,0.0
holdout,0,1.2e-06,0.0
holdout,0,3.32e-06,0.0
holdout,0,1.858e-05,0.0
holdout,0,8.549e-05,0.00103842
holdout,0,1.11e-06,0.0
holdout,0,1.44e-06,0.0
holdout,0,4.97e-06,0.0
holdout,0,1.6e-06,0.0
holdout,0,1.77e-06,0.0
holdout,0,2e-06,0.0
holdout,0,1.67e-06,0.0
holdout,0,1.81e-06,0.0
holdout,0,1.73e-06,0.0
holdout,0,2.05e-06,0.0
holdout,0,2.18e-06,0.0
holdout,0,1.15e-06,0.0
holdout,0,1.58e-06,0.0
holdout,0,3.94e-06,0.0
holdout,0,2.049e-05,0.0
holdout,0,2.368e-05,0.0
holdout,0,4.04e-06,0.0
holdout,0,1.43e-06,0.0
holdout,0,8.99e-06,0.0
holdout,0,7.32e-06,0.0
holdout,0,3.71e-06,0.0
holdout,0,2.39e-06,0.0
holdout,0,5.2e-07,0.0
holdout,0,1.343e-05,0.0
holdout,0,1e-05,0.0
holdout,0,3.77e-06,0.0
holdout,0,3.08e-06,0.0
holdout,0,4.58e-06,0.0
holdout,0,2.711e-05,0.0
holdout,0,3.23e-06,0.00103842
holdout,0,5.6e-07,0.0
holdout,0,8.2e-07,0.0
holdout,0,7.2e-07,0.0
holdout,0,4.1e-07,0.0
holdout,0,5.1e-07,0.0
holdout,0,6.2e-07,0.0
holdout,0,0.00012046,0.00103842
holdout,0,1.04e-06,0.0
holdout,0,1.59e-06,0.0
holdout,0,3.3e-07,0.0
holdout,0,5.3e-07,0.0
holdout,0,2.35e-06,0.0
holdout,0,1.21e-06,0.0
holdout,0,7.7e-07,0.0
holdout,0,1e-06,0.0
holdout,0,9.9e-07,0.0
holdout,0,6.7e-07,0.0
holdout,0,1.329e-05,0.0
holdout,0,1.69e-06,0.0
holdout,0,5.4e-07,0.0
holdout,0,5.9e-07,0.0
holdout,0,5.3e-07,0.0
holdout,0,5.1e-07,0.0
holdout,0,1.41e-06,0.0
holdout,0,7.4e-07,0.0
holdout,0,5.5e-07,0.0
holdout,0,4.4e-07,0.0
holdout,0,6.6e-07,0.0
holdout,0,8.1e-07,0.0
holdout,0,2.68e-06,0.0
holdout,0,6.1e-07,0.0
holdout,0,7.4e-07,0.0
holdout,0,1.07e-06,0.0
holdout,0,1e-06,0.0
holdout,0,1.39e-06,0.0
holdout,0,5.6e-07,0.0
holdout,0,7.5e-07,0.0
holdout,0,5e-07,0.0
holdout,0,4.57e-06,0.0
holdout,0,6.5e-07,0.0
holdout,0,5.3e-07,0.0
holdout,0,8.9e-07,0.0
holdout,0,1.25e-06,0.0
holdout,0,6.9e-07,0.0
holdout,0,7.7e-07,0.0
holdout,0,1.07e-06,0.0
holdout,0,2.18e-06,0.0
holdout,0,5.5e-07,0.0
holdout,0,3.6e-07,0.0
holdout,0,1.01e-06,0.0
holdout,0,1.37e-06,0.0
holdout,0,2.7e-07,0.0
holdout,0,6.26e-06,0.0
holdout,0,1.3e-06,0.0
holdout,0,3.6e-07,0.0
holdout,0,8.236e-05,0.0
holdout,0,1.124e-05,0.0
holdout,0,1.13e-06,0.0
holdout,0,6.6e-07,0.0
holdout,0,1.69e-06,0.0
holdout,0,1.15e-06,0.0
holdout,0,1.41e-06,0.0
holdout,0,6.1e-07,0.0
holdout,0,4.232e-05,0.00207684
holdout,0,6.2e-07,0.0
holdout,0,8.2e-07,0.0
holdout,0,5.5e-07,0.0
holdout,0,2.08e-06,0.0
holdout,0,5.7e-07,0.0
holdout,0,7.7e-07,0.0
holdout,0,2.27e-06,0.0
holdout,0,5.1e-07,0.0
holdout,0,1.73e-06,0.0
holdout,0,1.346e-05,0.0
holdout,0,5.1e-07,0.0
holdout,0,1.19e-06,0.0
holdout,0,1.23e-06,0.0
holdout,0,7.4e-06,0.0
holdout,0,2.39e-06,0.0
holdout,0,6.7e-07,0.0
holdout,0,6.32e-06,0.0
holdout,0,1.51e-06,0.0
holdout,0,9.8e-07,0.0
holdout,0,8.8e-07,0.0
holdout,0,3.7e-07,0.0
holdout,0,3.1e-07,0.0
holdout,0,2.533e-05,0.0
holdout,0,6.2e-07,0.0
holdout,0,6.9e-07,0.0
holdout,0,5.13e-06,0.0
holdout,0,6.7e-07,0.0
holdout,0,7.8e-07,0.0
holdout,0,4.33e-06,0.0
holdout,0,9.3e-07,0.0
holdout,0,1.32e-06,0.0
holdout,0,7.5e-07,0.0
holdout,0,1.18e-06,0.0
holdout,0,4.6e-07,0.0
holdout,0,7.2e-07,0.0
holdout,0,1.24e-06,0.0
holdout,0,1.07e-06,0.0
holdout,0,5.8e-07,0.0
holdout,0,2.53e-06,0.0
holdout,0,4.85e-06,0.00103842
holdout,0,9.7e-07,0.0
holdout,0,5.7e-07,0.0
holdout,0,8.9e-07,0.0
holdout,0,6.4e-07,0.0
holdout,0,6.02e-06,0.0
holdout,0,6.74e-06,0.0
holdout,0,1.33e-06,0.0
holdout,0,3.82e-06,0.0
holdout,0,6.41e-05,0.0
holdout,0,7.6e-07,0.0
holdout,0,1.1e-06,0.0
holdout,0,7.6e-07,0.0
holdout,0,3.34e-06,0.0
holdout,0,5.3e-07,0.0
holdout,0,4.7e-07,0.0
holdout,0,1.93e-06,0.0
holdout,0,5.2e-07,0.0
holdout,0,3.41e-06,0.0
holdout,0,8.7e-07,0.0
holdout,0,1.18e-06,0.0
holdout,0,1.83e-06,0.0
holdout,0,0.0023793,0.0036123
holdout,0,9.5e-07,0.0
holdout,0,8.5e-07,0.0
holdout,0,7.67e-06,0.0
holdout,0,1.554e-05,0.0
holdout,0,1.94e-06,0.0
holdout,0,1.374e-05,0.0
holdout,0,5.6e-07,0.0
holdout,0,1.49e-06,0.0
holdout,0,2.06e-06,0.0
holdout,0,7.8e-07,0.0
holdout,0,9.2e-07,0.0
holdout,0,1.564e-05,0.0
holdout,0,7.8e-06,0.0
holdout,0,7.2e-07,0.0
holdout,0,7e-07,0.0
holdout,0,5.214e-05,0.0
holdout,0,1.65e-06,0.0
holdout,0,1.34e-06,0.0
holdout,0,8.7e-07,0.0
holdout,0,9.43e-06,0.0
holdout,0,1.6e-06,0.0
holdout,0,0.01040317,0.00103842
holdout,0,3.6e-07,0.0
holdout,0,2.36e-06,0.0
holdout,0,2.44e-06,0.0
holdout,0,2.58e-06,0.0
holdout,0,3.84e-06,0.0
holdout,0,5.79e-06,0.0
holdout,0,1.463e-05,0.0
holdout,0,5.7e-07,0.0
holdout,0,5.1e-07,0.0
holdout,0,5.9e-07,0.0
holdout,0,1.58e-06,0.0
holdout,0,5e-07,0.0
holdout,0,8.5e-07,0.0
holdout,0,1.06e-06,0.0
holdout,0,2.66e-06,0.0
holdout,0,8.8e-07,0.0
holdout,0,2.008e-05,0.0
holdout,0,2.43e-06,0.0
holdout,0,6.8e-07,0.0
holdout,0,1.13e-06,0.0
holdout,0,1.83e-06,0.0
holdout,0,7.5e-07,0.0
holdout,0,1.08e-05,0.0
holdout,0,1.18e-06,0.0
holdout,0,9.09e-06,0.0
holdout,0,7.1e-07,0.0
holdout,0,3.9e-07,0.0
holdout,0,1.88e-06,0.0
holdout,0,1.59e-06,0.0
holdout,0,1.23e-06,0.0
holdout,0,2.35e-06,0.0
holdout,0,1.74e-06,0.0
holdout,0,2.5e-06,0.0
holdout,0,7.8e-07,0.0
holdout,0,2.13e-06,0.0
holdout,0,1.99e-06,0.0
holdout,0,6.83e-06,0.0
holdout,0,2.168e-05,0.0
holdout,0,4.29e-06,0.0
holdout,0,8.4e-07,0.0
holdout,0,1.4e-06,0.0
holdout,0,1.125e-05,0.00103842
holdout,0,1.65e-06,0.0
holdout,0,1.53e-06,0.0
holdout,0,1.3e-06,0.0
holdout,0,1.42e-06,0.0
holdout,0,1.32e-06,0.0
holdout,0,9e-07,0.0
holdout,0,1.09e-05,0.0
holdout,0,3.6e-07,0.0
holdout,0,8e-07,0.0
holdout,0,3.53e-06,0.0
holdout,0,6.41e-06,0.0
holdout,0,4e-07,0.0
holdout,0,1.08e-06,0.0
holdout,0,9.2e-07,0.0
holdout,0,8.5e-07,0.0
holdout,0,3.05e-06,0.0
holdout,0,1.56e-06,0.0
holdout,0,5.5e-07,0.0
holdout,0,0.00055214,0.00103842
holdout,0,1.12e-06,0.0
holdout,0,2.18e-06,0.0
holdout,0,1.52e-06,0.0
holdout,0,9.7e-07,0.0
holdout,0,2.48e-06,0.0
holdout,0,2.3e-06,0.0
holdout,0,2.03e-06,0.0
holdout,0,1.51e-06,0.0
holdout,0,1.83e-06,0.0
holdout,0,3.7e-07,0.0
holdout,0,8.6e-07,0.0
holdout,0,5.2e-06,0.0
holdout,0,3.4e-07,0.0
holdout,0,3.45e-06,0.0
holdout,0,2.37e-06,0.0
holdout,0,6e-06,0.0
holdout,0,8.2e-07,0.0
holdout,0,6.44e-06,0.0
holdout,0,9.6e-07,0.0
holdout,0,6.8e-07,0.0
holdout,0,1.46e-06,0.0
holdout,0,8.73e-06,0.0
holdout,0,2.3e-06,0.0
holdout,0,0.00018669,0.00103842
holdout,0,1.03e-06,0.0
holdout,0,1.19e-06,0.0
holdout,0,1.49e-06,0.0
holdout,0,4e-07,0.0
holdout,0,7.573e-05,0.00103842
holdout,0,9.6e-07,0.0
holdout,0,1.7e-06,0.0
holdout,0,8.014e-05,0.0
holdout,0,6.5e-07,0.0
holdout,0,2.61e-06,0.0
holdout,0,0.0010969,0.01058879
holdout,0,5.4e-07,0.0
holdout,0,1.12e-06,0.0
holdout,0,5.5e-07,0.0
holdout,0,2.79e-06,0.0
holdout,0,1.26e-06,0.0
holdout,0,0.00031077,0.00207684
holdout,0,3.4e-07,0.0
holdout,0,4.44e-06,0.0
holdout,0,1.64e-05,0.0
holdout,0,1.7e-06,0.0
holdout,0,9.1e-06,0.0
holdout,0,1.33e-06,0.0
holdout,0,2.43e-06,0.0
holdout,0,4.4e-07,0.0
holdout,0,2.32e-06,0.0
holdout,0,6.9e-07,0.0
holdout,0,2.77e-06,0.0
holdout,0,1.39e-06,0.0
holdout,0,2.65e-06,0.0
holdout,0,5.092e-05,0.0
holdout,0,1.15e-06,0.0
holdout,0,5.2e-07,0.0
holdout,0,4.8e-07,0.0
holdout,0,1.77e-06,0.0
holdout,0,2e-06,0.0
holdout,0,0.00062505,0.00465072
holdout,0,1.03e-06,0.0
holdout,0,2.7e-06,0.0
holdout,0,1.996e-05,0.0
holdout,0,2.1e-06,0.0
holdout,0,3.964e-05,0.0
holdout,0,3.63e-06,0.0
holdout,0,2.43e-06,0.0
holdout,0,3.07e-06,0.0
holdout,0,2.21e-06,0.0
holdout,0,3.66e-06,0.0
holdout,0,1.24e-06,0.0
holdout,0,3.73e-06,0.0
holdout,0,3.43e-06,0.0
holdout,0,1.22e-06,0.0
holdout,0,1.8e-06,0.0
holdout,0,3.1e-07,0.0
holdout,0,1.8e-06,0.0
holdout,0,1.88e-06,0.0
holdout,0,3.64e-06,0.0
holdout,0,4.656e-05,0.0
holdout,0,1.17e-06,0.0
holdout,0,3.71e-06,0.0
holdout,0,4.39e-06,0.0
holdout,0,2.99e-06,0.0
holdout,0,4.3e-07,0.0
holdout,0,2.23e-06,0.0
holdout,0,8.6e-07,0.0
holdout,0,7.45e-06,0.0
holdout,0,5.07e-06,0.0
holdout,0,1.025e-05,0.0
holdout,0,4.27e-06,0.0
holdout,0,8.9e-07,0.0
holdout,0,4.23e-06,0.0
holdout,0,2.967e-05,0.0
holdout,0,6.7e-07,0.0
holdout,0,2.13e-06,0.0
holdout,0,8.5e-06,0.0
holdout,0,6.61e-06,0.0
holdout,0,5.329e-05,0.0
holdout,0,1.285e-05,0.0
holdout,0,1.02e-06,0.0
holdout,0,4.67e-06,0.0
holdout,0,2.43e-06,0.0
holdout,0,1.216e-05,0.0
holdout,0,7.24e-06,0.0
holdout,0,8e-07,0.0
holdout,0,8.4e-07,0.0
holdout,0,1.31e-06,0.0
holdout,0,4e-06,0.0
holdout,0,6.61e-06,0.0
holdout,0,6.86e-06,0.0
holdout,0,1.847e-05,0.0
holdout,0,9.8e-07,0.0
holdout,0,1.009e-05,0.0
holdout,0,2.42e-06,0.0
holdout,0,1.06e-06,0.0
holdout,0,1.42e-06,0.0
holdout,0,4.01e-06,0.00103842
holdout,0,1.004e-05,0.0
holdout,0,0.00092649,0.01262131
holdout,0,4.61e-06,0.0
holdout,0,5.9e-07,0.0
holdout,0,5.09e-06,0.0
holdout,0,2.27e-06,0.0
holdout,0,7.31e-06,0.0
holdout,0,8e-07,0.0
holdout,0,1.414e-05,0.0
holdout,0,2.313e-05,0.0
holdout,0,7.9e-07,0.0
holdout,0,4.27e-06,0.0
holdout,0,3.48e-06,0.0
holdout,0,5.67e-06,0.0
holdout,0,2.2e-06,0.0
holdout,0,3.25e-06,0.0
holdout,0,2.94e-06,0.0
holdout,0,1.002e-05,0.0
holdout,0,3.82e-06,0.0
holdout,0,1.97e-06,0.0
holdout,0,1.258e-05,0.0
holdout,0,1.765e-05,0.0
holdout,0,1.063e-05,0.0
holdout,0,1.96e-06,0.0
holdout,0,2.69e-06,0.0
holdout,0,0.00048221,0.0
holdout,0,1.49e-06,0.0
holdout,0,8.21e-06,0.0
holdout,0,1.532e-05,0.0
holdout,0,2.67e-06,0.0
holdout,0,8.5e-07,0.0
holdout,0,1.88e-06,0.0
holdout,0,2.21e-06,0.0
holdout,0,1.72e-06,0.0
holdout,0,3.93e-06,0.0
holdout,0,1.043e-05,0.0
holdout,0,9.78e-06,0.0
holdout,0,1.3e-06,0.0
holdout,0,2.09e-06,0.0
holdout,0,6.41e-06,0.0
holdout,0,2.98e-06,0.0
holdout,0,1.21e-05,0.0
holdout,0,2.76e-06,0.0
holdout,0,3.71e-06,0.0
holdout,0,3.866e-05,0.0
holdout,0,4.84e-06,0.0
holdout,0,8.71e-06,0.0
holdout,0,9.7e-07,0.0
holdout,0,3.08e-06,0.0
holdout,0,1.42e-06,0.0
holdout,0,6e-07,0.0
holdout,0,1.551e-05,0.0
holdout,0,4.33e-06,0.0
holdout,0,6.664e-05,0.00103842
holdout,0,0.00211012,0.0
holdout,0,5.19e-06,0.0
holdout,0,1.169e-05,0.0
holdout,0,5.594e-05,0.0
holdout,0,7.92e-06,0.0
holdout,0,0.00225632,0.00900901
holdout,0,7.28e-06,0.0
holdout,0,7.81e-06,0.0
holdout,0,2.03e-06,0.0
holdout,0,1.5e-06,0.0
holdout,0,8.8e-07,0.0
holdout,0,2.33e-06,0.0
holdout,0,4.86e-06,0.0
holdout,0,1.272e-05,0.00103842
holdout,0,2.52e-06,0.0
holdout,0,4.42e-06,0.0
holdout,0,6.7e-07,0.0
holdout,0,7.4e-06,0.0
holdout,0,1.105e-05,0.0
holdout,0,1.15e-06,0.0
holdout,0,1.42e-06,0.0
holdout,0,1.91e-06,0.0
holdout,0,0.00070552,0.00103842
holdout,0,2.22e-06,0.0
holdout,0,0.00018418,0.01104153
holdout,0,0.00277516,0.00207684
holdout,0,9.3e-07,0.0
holdout,0,3.61e-06,0.0
holdout,0,0.8786506,0.1083341
holdout,0,2.15e-06,0.0
holdout,0,4.7e-07,0.0
holdout,0,1.91e-06,0.0
holdout,0,8.5e-07,0.0
holdout,0,2.3e-06,0.0
holdout,0,5.77e-06,0.0
holdout,0,2.03e-06,0.0
holdout,0,0.00010422,0.0
holdout,0,1.251e-05,0.0
holdout,0,2.129e-05,0.0
holdout,0,7.11e-06,0.0
holdout,0,4.91e-06,0.0
holdout,0,3.41e-06,0.0
holdout,0,5.98e-06,0.0
holdout,0,2.652e-05,0.0
holdout,0,2.261e-05,0.0
holdout,0,3.19e-06,0.0
holdout,0,3.35e-06,0.0
holdout,0,8e-07,0.0
holdout,0,1.33e-06,0.0
holdout,0,1.301e-05,0.0
holdout,0,7.12e-06,0.0
holdout,0,3.77e-06,0.0
holdout,0,3.695e-05,0.0
holdout,0,6.36e-06,0.0
holdout,0,1.39e-06,0.0
holdout,0,3.3e-07,0.0
holdout,0,0.00128929,0.02390428
holdout,0,7.96e-06,0.0
holdout,0,3.24e-06,0.0
holdout,0,2.63e-06,0.0
holdout,0,3.54e-06,0.0
holdout,0,6.22e-06,0.0
holdout,0,2.85e-06,0.0
holdout,0,6.08e-06,0.0
holdout,0,5.93e-06,0.0
holdout,0,1.07e-06,0.0
holdout,0,7.1e-07,0.0
holdout,0,3.78e-06,0.0
holdout,0,1.546e-05,0.0
holdout,0,1.48e-06,0.0
holdout,0,5.4e-07,0.0
holdout,0,3.35e-06,0.0
holdout,0,1.39e-06,0.0
holdout,0,1.3e-05,0.0
holdout,0,5.8e-07,0.0
holdout,0,0.00019754,0.00103842
holdout,0,0.0060111,0.15135714
holdout,0,1.117e-05,0.0
holdout,0,8.4e-07,0.0
holdout,0,5.73e-06,0.0
holdout,0,2.73e-06,0.0
holdout,0,5.07e-06,0.0
holdout,0,2.9e-06,0.0
holdout,0,2.98e-06,0.0
holdout,0,2.091e-05,0.0
holdout,0,7.1e-07,0.0
holdout,0,2.97e-06,0.0
holdout,0,2.01e-06,0.0
holdout,0,5.56e-06,0.0
holdout,0,1.435e-05,0.0
holdout,0,0.00018217,0.00207684
holdout,0,1.36e-06,0.0
holdout,0,0.00023559,0.0
holdout,0,8.41e-06,0.0
holdout,0,1.33e-06,0.0
holdout,0,5.5e-07,0.0
holdout,0,6.25e-06,0.0
holdout,0,2.183e-05,0.0
holdout,0,0.00010052,0.0
holdout,0,1.372e-05,0.0
holdout,0,2.901e-05,0.0
holdout,0,1.16e-06,0.0
holdout,0,1.302e-05,0.0
holdout,0,3.81e-06,0.0
holdout,0,3.18e-06,0.0
holdout,0,1.65e-06,0.0
holdout,0,0.00044886,0.0
holdout,0,0.99258818,1.0
holdout,0,8.9e-07,0.0
holdout,0,0.00281042,0.01262131
holdout,0,8.9e-07,0.0
holdout,0,1.946e-05,0.00103842
holdout,0,1.54e-05,0.0
holdout,0,2.16e-06,0.0
holdout,0,1.339e-05,0.0
holdout,0,1.018e-05,0.0
holdout,0,5.47e-06,0.0
holdout,0,1.8e-06,0.0
holdout,0,3.48e-06,0.0
holdout,0,1.438e-05,0.0
holdout,0,7.59e-06,0.0
holdout,0,3.57e-06,0.0
holdout,0,2.7e-06,0.0
holdout,0,2.71e-06,0.0
holdout,0,2.2e-06,0.0
holdout,0,5.96e-06,0.0
holdout,0,2.86e-06,0.0
holdout,0,1.17e-06,0.0
holdout,0,3.27e-06,0.00103842
holdout,0,6.57e-06,0.0
holdout,0,3.36e-06,0.0
holdout,0,1.3e-06,0.0
holdout,0,4.97e-06,0.0
holdout,0,1.46e-05,0.0
holdout,0,9.3e-07,0.0
holdout,0,3.754e-05,0.0
holdout,0,5.14e-06,0.0
holdout,0,7.78e-06,0.0
holdout,0,5.7e-07,0.0
holdout,0,4.8e-07,0.0
holdout,0,4.34e-06,0.0
holdout,0,2.8e-06,0.0
holdout,0,3.64e-06,0.0
holdout,0,7.19e-06,0.0
holdout,0,7.3e-07,0.0
holdout,0,1.06e-06,0.0
holdout,0,5.8e-07,0.0
holdout,0,6.3e-07,0.0
holdout,0,9.82e-06,0.0
holdout,0,5.651e-05,0.00103842
holdout,0,4.33e-06,0.0
holdout,0,1.74e-06,0.0
holdout,0,2.07e-06,0.0
holdout,0,6.89e-05,0.0
holdout,0,3.113e-05,0.0
holdout,0,5.212e-05,0.00103842
holdout,0,6.2e-07,0.0
holdout,0,4.19e-06,0.0
holdout,0,6.05e-06,0.0
holdout,0,5.1e-07,0.0
holdout,0,5.26e-06,0.0
holdout,0,5e-07,0.0
holdout,0,3.17e-06,0.0
holdout,0,0.00095543,0.0
holdout,0,3.977e-05,0.0
holdout,0,5.83e-06,0.0
holdout,0,2.06e-05,0.0
holdout,0,1.692e-05,0.00103842
holdout,0,7.7e-07,0.0
holdout,0,1.25e-06,0.0
holdout,0,5.652e-05,0.0
holdout,0,1.95e-06,0.0
holdout,0,3.996e-05,0.0
holdout,0,2.92e-06,0.0
holdout,0,1.61e-06,0.0
holdout,0,3.45e-06,0.0
holdout,0,1.623e-05,0.0
holdout,0,3.2e-06,0.0
holdout,0,2.009e-05,0.0
holdout,0,6.821e-05,0.0
holdout,0,1.119e-05,0.0
holdout,0,1.65e-06,0.0
holdout,0,1.25e-06,0.0
holdout,0,2.59e-06,0.0
holdout,0,1.81e-06,0.0
holdout,0,5e-07,0.0
holdout,0,2.91e-06,0.0
holdout,0,1.29e-05,0.0
holdout,0,3.22e-06,0.0
holdout,0,7.31e-06,0.0
holdout,0,1.31e-06,0.0
holdout,0,8.05e-06,0.0
holdout,0,5.41e-06,0.0
holdout,0,6.3e-07,0.0
holdout,0,1.64e-06,0.0
holdout,0,0.02104109,0.13397696
holdout,0,2.686e-05,0.00103842
holdout,0,4.99e-06,0.0
holdout,0,4.77e-06,0.0
holdout,0,1.08e-06,0.0
holdout,0,6.7e-07,0.0
holdout,0,2.01e-06,0.0
holdout,0,1.12e-06,0.0
holdout,0,3.4e-06,0.0
holdout,0,4.23e-05,0.0
holdout,0,6.7e-07,0.0
holdout,0,1.18e-06,0.0
holdout,0,4.11e-06,0.0
holdout,0,3.9e-07,0.0
holdout,0,2.18e-06,0.0
holdout,0,7.7e-07,0.0
holdout,0,1.557e-05,0.0
holdout,0,6.3e-07,0.0
holdout,0,3.07e-06,0.0
holdout,0,1.52e-06,0.0
holdout,0,7.21e-06,0.0
holdout,0,1.42e-06,0.0
holdout,0,7.98e-06,0.0
holdout,0,5.4e-07,0.0
holdout,0,3.576e-05,0.0
holdout,0,2.77e-06,0.0
holdout,0,2.26e-06,0.0
holdout,0,3.56e-06,0.0
holdout,0,3.213e-05,0.0
holdout,0,1.353e-05,0.0
holdout,0,2.315e-05,0.0
holdout,0,2.86e-06,0.0
holdout,0,0.00010637,0.00207684
holdout,0,1.54e-06,0.0
holdout,0,1.59e-06,0.0
holdout,0,2.03e-06,0.0
holdout,0,2.32e-06,0.0
holdout,0,9.18e-06,0.0
holdout,0,1.524e-05,0.0
holdout,0,3.66e-06,0.0
holdout,0,1.44e-06,0.0
holdout,0,9.5e-06,0.0
holdout,0,1.73e-06,0.0
holdout,0,2.95e-06,0.0
holdout,0,3.08e-06,0.0
holdout,0,6.7e-06,0.0
holdout,0,9.22e-06,0.0
holdout,0,1.19e-06,0.0
holdout,0,1.27e-06,0.0
holdout,0,4.2e-07,0.0
holdout,0,1.62e-06,0.0
holdout,0,2.69e-06,0.0
holdout,0,9.76e-06,0.0
holdout,0,1.87e-06,0.0
holdout,0,7.46e-06,0.0
holdout,0,9.5e-07,0.0
holdout,0,6.41e-06,0.0
holdout,0,1.44e-06,0.0
holdout,0,2.265e-05,0.0
holdout,0,2.9e-07,0.0
holdout,0,2.91e-06,0.0
holdout,0,1.16e-06,0.0
holdout,0,5.6e-06,0.0
holdout,0,6.3e-06,0.0
holdout,0,3.79e-06,0.0
holdout,0,0.00014081,0.0
holdout,0,2.253e-05,0.0
holdout,0,8.19e-06,0.0
holdout,0,5.5e-07,0.0
holdout,0,1.85e-06,0.0
holdout,0,7.51e-06,0.0
holdout,0,1.84e-06,0.0
holdout,0,4.3e-06,0.0
holdout,0,2.35e-06,0.0
holdout,0,2.89e-06,0.0
holdout,0,8.7e-07,0.0
holdout,0,8.91e-06,0.0
holdout,0,2.33e-06,0.0
holdout,0,9.5e-06,0.0
holdout,0,0.00020506,0.00207684
holdout,0,1.78e-06,0.0
holdout,0,1.97e-06,0.0
holdout,0,3.99e-06,0.0
holdout,0,5.42e-06,0.0
holdout,0,8.34e-06,0.0
holdout,0,1.61e-06,0.0
holdout,0,5.87e-06,0.0
holdout,0,9.73e-06,0.0
holdout,0,3.45e-06,0.0
holdout,0,7.7e-07,0.0
holdout,0,1.01e-06,0.0
holdout,0,2.364e-05,0.00103842
holdout,0,5.026e-05,0.0
holdout,0,1.086e-05,0.0
holdout,0,1.395e-05,0.0
holdout,0,2.67e-06,0.0
holdout,0,2.49e-06,0.0
holdout,0,8.4e-07,0.0
holdout,0,6.708e-05,0.00274044
holdout,0,3.19e-06,0.0
holdout,0,2.95e-06,0.0
holdout,0,3.83e-06,0.00103842
holdout,0,2.05e-06,0.0
holdout,0,1.51e-06,0.0
holdout,0,2.36e-06,0.0
holdout,0,1.46e-06,0.0
holdout,0,9.9e-07,0.0
holdout,0,5.44e-06,0.0
holdout,0,8.25e-06,0.0
holdout,0,9.64e-06,0.0
holdout,0,0.00025992,0.0
holdout,0,2.34e-06,0.0
holdout,0,1.71e-06,0.0
holdout,0,1e-06,0.0
holdout,0,1.15e-06,0.0
holdout,0,8.2e-07,0.0
holdout,0,2.91e-06,0.0
holdout,0,5e-07,0.0
holdout,0,3.02e-06,0.0
holdout,0,6.5e-07,0.0
holdout,0,7e-07,0.0
holdout,0,2.18e-06,0.0
holdout,0,3.46e-05,0.0
holdout,0,6.5e-07,0.0
holdout,0,2.56e-06,0.0
holdout,0,1.58e-06,0.0
holdout,0,1.83e-06,0.0
holdout,0,9.2e-07,0.0
holdout,0,2.49e-06,0.0
holdout,0,2.75e-06,0.0
holdout,0,5.6e-07,0.0
holdout,0,8.1e-07,0.0
holdout,0,2.21e-06,0.0
holdout,0,9.3e-07,0.0
holdout,0,5.1e-06,0.0
holdout,0,5.9e-06,0.0
holdout,0,0.00227749,0.10887546
holdout,0,4.65e-06,0.0
holdout,0,1.1e-06,0.0
holdout,0,7.45e-06,0.0
holdout,0,2.44e-06,0.0
holdout,0,4.69e-06,0.0
holdout,0,3.51e-06,0.0
holdout,0,3.93e-06,0.0
holdout,1,0.01258069,0.02825923
holdout,0,1.78e-06,0.0
holdout,0,1.937e-05,0.0
holdout,0,2.033e-05,0.0
holdout,0,1.12e-06,0.0
holdout,0,1.22e-06,0.0
holdout,0,1.38e-06,0.0
holdout,0,3.02e-06,0.0
holdout,0,1.1e-06,0.0
holdout,0,4.85e-06,0.0
holdout,0,3.04e-06,0.0
holdout,0,1.39e-06,0.0
holdout,0,3.79e-06,0.0
holdout,0,1.442e-05,0.0
holdout,0,1.46e-06,0.0
holdout,0,0.00120034,0.0026182
holdout,0,9.7e-07,0.0
holdout,0,4.11e-06,0.0
holdout,0,1.3e-06,0.0
holdout,0,3.59e-06,0.0
holdout,0,4.22e-06,0.0
holdout,0,1.475e-05,0.0
holdout,0,2.85e-06,0.0
holdout,0,3.14e-06,0.0
holdout,0,1.75e-06,0.0
holdout,0,7.06e-06,0.0
holdout,0,2.4e-06,0.0
holdout,0,0.00017263,0.00103842
holdout,0,7.7e-07,0.0
holdout,0,2.944e-05,0.0026182
holdout,0,1.82e-06,0.0
holdout,0,3.68e-06,0.0
holdout,0,2.44e-06,0.0
holdout,0,1.22e-06,0.0
holdout,0,0.00049529,0.00103842
holdout,0,4.532e-05,0.0
holdout,0,1.557e-05,0.0
holdout,0,1.313e-05,0.0
holdout,0,2.61e-06,0.0
holdout,0,3.8e-06,0.0
holdout,0,1.036e-05,0.0
holdout,0,0.00061012,0.0
holdout,0,4.55e-06,0.0
holdout,0,2.19e-06,0.0
holdout,0,2.04e-06,0.0
holdout,0,3.19e-06,0.0
holdout,0,4.51e-06,0.0
holdout,0,2.82e-06,0.0
holdout,0,4.98e-06,0.0
holdout,0,3.14e-06,0.0
holdout,0,1.23e-06,0.0
holdout,0,6.3e-07,0.0
holdout,0,2.37e-06,0.0
holdout,0,1.46e-06,0.0
holdout,0,0.00016633,0.00103842
holdout,0,0.00028405,0.00207684
holdout,0,1.46e-06,0.0
holdout,0,3.898e-05,0.0
holdout,0,3.16e-06,0.0
holdout,0,3.31e-06,0.0
holdout,0,1.17e-06,0.0
holdout,0,1.22e-06,0.0
holdout,0,5.2e-07,0.0
holdout,0,2.082e-05,0.00103842
holdout,0,7.21e-06,0.0
holdout,0,6.43e-06,0.0
holdout,0,3e-06,0.0
holdout,0,6e-07,0.0
holdout,0,5e-07,0.0
holdout,0,1.77e-06,0.0
holdout,0,2.73e-06,0.0
holdout,0,1.66e-06,0.0
holdout,0,6.2e-07,0.0
holdout,0,1.58e-06,0.0
holdout,0,3.97e-06,0.0
holdout,0,7.37e-06,0.0
holdout,0,1.6e-06,0.0
holdout,0,8.6e-05,0.0
holdout,0,7.17e-06,0.0
holdout,0,5.24e-06,0.0
holdout,0,2.22e-06,0.0
holdout,0,1.84e-06,0.0
holdout,0,2.63e-06,0.0
holdout,0,1.33e-06,0.0
holdout,0,3.2e-06,0.0
holdout,0,7.02e-06,0.0
holdout,0,3.79e-06,0.0
holdout,0,1.014e-05,0.0
holdout,0,2.88e-06,0.0
holdout,0,1.35e-06,0.0
holdout,0,7.2e-07,0.0
holdout,0,3.03e-06,0.0
holdout,0,9.9e-07,0.0
holdout,0,3.03e-06,0.0
holdout,0,6.32e-06,0.0
holdout,0,1.1e-06,0.0
holdout,0,1.29e-06,0.0
holdout,0,1.76e-06,0.0
holdout,0,1.45e-06,0.0
holdout,0,3.16e-06,0.0
holdout,0,1.799e-05,0.0
holdout,0,1.2e-06,0.0
holdout,0,4.22e-06,0.0
holdout,0,3.34e-06,0.0
holdout,0,1.456e-05,0.0
holdout,0,1.25e-06,0.0
holdout,0,1.23e-06,0.0
holdout,0,1.34e-06,0.0
holdout,0,1.8e-06,0.0
holdout,0,1.02e-06,0.0
holdout,0,1.35e-06,0.0
holdout,0,9.75e-06,0.0
holdout,0,1.88e-06,0.0
holdout,0,2.31e-06,0.0
holdout,0,5.1e-07,0.0
holdout,0,8.2e-07,0.0
holdout,0,1.063e-05,0.0
holdout,0,1.681e-05,0.00103842
holdout,0,1.06e-06,0.0
holdout,0,1.04e-06,0.0
holdout,0,7.3e-07,0.0
holdout,0,8.79e-06,0.0
holdout,0,1.34e-06,0.0
holdout,0,1.67e-05,0.0
holdout,0,1.024e-05,0.00103842
holdout,0,2.41e-06,0.0
holdout,0,5.82e-06,0.0
holdout,0,4.3e-07,0.0
holdout,0,1.06e-06,0.0
holdout,0,1.44e-06,0.0
holdout,0,3.82e-06,0.0
holdout,0,2.85e-06,0.0
holdout,0,3.01e-06,0.0
holdout,0,2.26e-05,0.0
holdout,0,4.185e-05,0.0
holdout,0,1.243e-05,0.0
holdout,0,2.13e-06,0.0
holdout,0,2.108e-05,0.00103842
holdout,0,1.22e-06,0.0
holdout,0,3.53e-06,0.0
holdout,0,3.53e-06,0.0
holdout,0,1.27e-06,0.0
holdout,0,5.22e-06,0.0
holdout,0,0.00014415,0.00103842
holdout,0,1.19e-06,0.0
holdout,0,6.49e-06,0.0
holdout,0,3.84e-06,0.0
holdout,0,1.73e-06,0.0
holdout,0,5.89e-06,0.0
holdout,0,1.992e-05,0.0
holdout,0,3.06e-06,0.0
holdout,0,8.9e-07,0.0
holdout,0,2.87e-06,0.0
holdout,0,8.4e-07,0.0
holdout,0,4.35e-06,0.0
holdout,0,2.41e-06,0.0
holdout,0,1.78e-06,0.0
holdout,0,1.992e-05,0.0
holdout,0,1.83e-06,0.0
holdout,0,1.05e-06,0.0
holdout,0,1.62e-06,0.0
holdout,0,2.37e-06,0.0
holdout,0,2.41e-06,0.0
holdout,0,1.58e-06,0.0
holdout,0,2.3e-06,0.0
holdout,0,1.45e-06,0.0
holdout,0,1.19e-06,0.0
holdout,0,1.44e-06,0.0
holdout,0,2.07e-06,0.0
holdout,0,2.23e-06,0.0
holdout,0,3.19e-06,0.0
holdout,0,1.44e-06,0.0
holdout,0,6.7e-06,0.0
holdout,0,1.74e-06,0.0
holdout,0,1.46e-06,0.0
holdout,0,8.4e-07,0.0
holdout,0,3.13e-06,0.0
holdout,0,7.3e-07,0.0
holdout,0,3.1e-06,0.00103842
holdout,0,1.79e-06,0.0
holdout,0,7.1e-06,0.0
holdout,0,7.9e-07,0.0
holdout,0,4.726e-05,0.00103842
holdout,0,4e-07,0.0
holdout,0,9.4e-07,0.0
holdout,0,1.88e-06,0.0
holdout,0,3.23e-06,0.0
holdout,0,3.24e-06,0.0
holdout,0,1.085e-05,0.0
holdout,0,1.17e-06,0.0
holdout,0,1.54e-06,0.0
holdout,0,2.34e-06,0.0
holdout,0,0.00011738,0.0
holdout,0,1.144e-05,0.0
holdout,0,2.527e-05,0.0
holdout,0,5.2e-07,0.0
holdout,0,1.64e-06,0.0
holdout,0,2.86e-06,0.0
holdout,0,8.89e-06,0.0
holdout,0,1.417e-05,0.0
holdout,0,1.46e-06,0.0
holdout,0,1.21e-06,0.0
holdout,0,9.9e-07,0.0
holdout,0,2.25e-06,0.0
holdout,0,6.54e-06,0.0
holdout,0,3.421e-05,0.0
holdout,0,8.56e-06,0.0
holdout,0,1.5e-06,0.0
holdout,0,7.9e-07,0.0
holdout,0,4.01e-06,0.0
holdout,0,3.23e-06,0.0
holdout,0,6.844e-05,0.0
holdout,0,3.54e-06,0.0
holdout,0,1.254e-05,0.0
holdout,0,9.03e-06,0.0
holdout,0,1.6e-06,0.0
holdout,0,1.14e-06,0.0
holdout,0,6.3e-07,0.0
holdout,0,7.45e-06,0.0
holdout,0,1.55e-06,0.0
holdout,0,3.2e-06,0.0
holdout,0,8.4e-06,0.0
holdout,0,2.4e-06,0.0
holdout,0,3.19e-06,0.0
holdout,0,2.45e-06,0.0
holdout,0,6.117e-05,0.00084312
holdout,0,7.67e-06,0.0
holdout,0,6.6e-07,0.0
holdout,0,3.01e-06,0.0
holdout,0,1.73e-06,0.0
holdout,0,1.71e-06,0.0
holdout,0,1.7e-06,0.0
holdout,0,1.89e-06,0.0
holdout,0,4.96e-06,0.0
holdout,0,2.11e-06,0.0
holdout,0,1.48e-05,0.0
holdout,0,1.35e-06,0.0
holdout,0,4.2e-07,0.0
holdout,0,9.86e-06,0.0
holdout,0,0.00122808,0.02108867
holdout,0,6.14e-06,0.0
holdout,0,4.767e-05,0.0
holdout,0,2.61e-06,0.0
holdout,0,6.1e-05,0.0
holdout,0,2.125e-05,0.00103842
holdout,0,3.77e-06,0.0
holdout,0,1.46e-06,0.0
holdout,0,1.42e-05,0.0
holdout,0,2.36e-06,0.0
holdout,0,6.09e-06,0.0
holdout,0,5.4e-07,0.0
holdout,0,1.24e-06,0.0
holdout,0,5.83e-06,0.0
holdout,0,3.11e-06,0.0
holdout,0,3.96e-06,0.0
holdout,0,8.23e-06,0.0
holdout,0,1.056e-05,0.0
holdout,0,2.04e-06,0.0
holdout,0,1.13e-06,0.0
holdout,0,1.139e-05,0.00103842
holdout,0,4.49e-06,0.0
holdout,0,1.16e-06,0.0
holdout,0,1.04e-06,0.0
holdout,0,4.94e-06,0.0
holdout,0,3.01e-06,0.0
holdout,0,4e-07,0.0
holdout,0,9.1e-07,0.0
holdout,0,2.41e-06,0.0
holdout,0,3.7e-07,0.0
holdout,0,9.6e-07,0.0
holdout,0,1.33e-06,0.0
holdout,0,5.2e-07,0.0
holdout,0,1.92e-06,0.0
holdout,0,5e-07,0.0
holdout,0,2.086e-05,0.00157978
holdout,0,1.53e-06,0.0
holdout,0,4.3e-07,0.0
holdout,0,6e-07,0.0
holdout,0,1.05e-06,0.0
holdout,0,3e-06,0.0
holdout,0,6.3e-07,0.0
holdout,0,1.03e-06,0.0
holdout,0,7.7e-07,0.0
holdout,0,6.2e-07,0.0
holdout,0,1.92e-06,0.0
holdout,0,9.6e-07,0.0
holdout,0,8.13e-06,0.00103842
holdout,0,1.04e-06,0.0
holdout,0,7.5e-07,0.0
holdout,0,1.43e-06,0.0
holdout,0,6e-07,0.0
holdout,0,8e-07,0.0
holdout,0,5.1e-07,0.0
holdout,0,1.72e-06,0.0
holdout,0,1.05e-06,0.0
holdout,0,5.48e-06,0.0
holdout,0,3.9e-07,0.0
holdout,0,2.16e-06,0.0
holdout,0,6.3e-07,0.0
holdout,0,3.28e-06,0.0
holdout,0,5.2e-07,0.0
holdout,0,2.52e-06,0.0
holdout,0,3.84e-06,0.0
holdout,0,6.7e-07,0.0
holdout,0,8.4e-07,0.0
holdout,0,9.9e-07,0.0
holdout,0,9.4e-07,0.0
holdout,0,3e-07,0.0
holdout,0,1.29e-06,0.0
holdout,0,1.03e-06,0.0
holdout,0,6.2e-07,0.0
holdout,0,1.19e-06,0.0
holdout,0,2.87e-06,0.0
holdout,0,1.34e-06,0.0
holdout,0,1.26e-06,0.0
holdout,0,1.298e-05,0.0036123
holdout,0,7.87e-06,0.0
holdout,0,1.14e-06,0.0
holdout,0,8.41e-06,0.0
holdout,0,1.08e-06,0.0
holdout,0,1.12e-06,0.0
holdout,0,5.38e-06,0.0
holdout,0,4.6e-07,0.0
holdout,0,9.2e-07,0.0
holdout,0,5.75e-06,0.0
holdout,0,7e-07,0.0
holdout,0,8.1e-07,0.0
holdout,0,1.48e-06,0.0
holdout,0,1.82e-06,0.0
holdout,0,9.9e-07,0.0
holdout,0,2.5e-06,0.0
holdout,0,1.52e-06,0.0
holdout,0,3.54e-06,0.0
holdout,0,8.7e-07,0.0
holdout,0,9.01e-06,0.0
holdout,0,9.18e-06,0.0
holdout,0,6.9e-07,0.0
holdout,0,1.61e-06,0.0
holdout,0,1.22e-06,0.0
holdout,0,2.76e-06,0.0
holdout,0,8.8e-07,0.0
holdout,0,1.16e-06,0.0
holdout,0,1.15e-06,0.0
holdout,0,2.56e-06,0.0
holdout,0,1.01e-06,0.0
holdout,0,1.47e-06,0.0
holdout,0,7.4e-07,0.0
holdout,0,5.5e-07,0.0
holdout,0,5e-07,0.0
holdout,0,3.9e-07,0.0
holdout,0,5.25e-06,0.0
holdout,0,5.57e-06,0.0
holdout,0,2.19e-06,0.0
holdout,0,7e-07,0.0
holdout,0,9.2e-07,0.0
holdout,0,2.28e-05,0.0
holdout,0,2.45e-06,0.0
holdout,0,1.04e-06,0.0
holdout,0,4.77e-06,0.0
holdout,0,8.69e-06,0.0
holdout,0,8.4e-07,0.0
holdout,0,9.13e-06,0.0
holdout,0,6.72e-06,0.0
holdout,0,3.021e-05,0.0
holdout,0,8.8e-07,0.0
holdout,0,4.8e-07,0.0
holdout,0,7.8e-07,0.0
holdout,0,4.84e-06,0.0
holdout,0,1.18e-06,0.0
holdout,0,8.3e-07,0.0
holdout,0,7.73e-06,0.0
holdout,0,8.2e-07,0.0
holdout,0,5.42e-06,0.0
holdout,0,8.29e-06,0.0
holdout,0,5.4e-07,0.0
holdout,0,2.15e-06,0.0
holdout,0,7.2e-07,0.0
holdout,0,4.59e-06,0.0
holdout,0,4.7e-07,0.0
holdout,0,6.87e-06,0.0
holdout,0,1.59e-06,0.0
holdout,0,1.02e-06,0.0
holdout,0,4.42e-06,0.0
holdout,0,1.8e-06,0.0
holdout,0,6.9e-07,0.0
holdout,0,1.255e-05,0.0
holdout,0,4.7e-07,0.0
holdout,0,6e-07,0.0
holdout,0,1.358e-05,0.0
holdout,0,1.41e-06,0.0
holdout,0,1.18e-06,0.0
holdout,0,4.3e-07,0.0
holdout,0,1.21e-06,0.00103842
holdout,0,8.7e-07,0.0
holdout,0,1.91e-06,0.0
holdout,0,0.00071511,0.00465072
holdout,0,4e-07,0.0
holdout,0,7e-07,0.0
holdout,0,4.6e-07,0.0
holdout,0,1.33e-06,0.0
holdout,0,0.00025237,0.00103842
holdout,0,0.00014053,0.00207684
holdout,0,6.8e-07,0.0
holdout,0,7.3e-07,0.0
holdout,0,3.13e-06,0.0
holdout,0,4.64e-06,0.0
holdout,0,7.2e-07,0.0
holdout,0,2.04e-06,0.0
holdout,0,1.09e-06,0.0
holdout,0,1.78e-06,0.0
holdout,0,6.47e-06,0.0
holdout,0,1.86e-06,0.0
holdout,0,1.072e-05,0.0
holdout,0,1.52e-06,0.0
holdout,0,4.07e-06,0.0
holdout,0,2.47e-06,0.0
holdout,0,2.59e-06,0.0
holdout,0,3.09e-06,0.0
holdout,0,4.7e-07,0.0
holdout,0,6.6e-07,0.0
holdout,0,7.5e-07,0.0
holdout,0,1.01e-06,0.0
holdout,0,9e-07,0.0
holdout,0,1.83e-06,0.0
holdout,0,1.392e-05,0.0
holdout,0,5.1e-07,0.0
holdout,0,0.00023028,0.00103842
holdout,0,1.82e-06,0.0
holdout,0,1.06e-06,0.0
holdout,0,3.2e-07,0.0
holdout,0,2.22e-06,0.0
holdout,0,3.07e-06,0.0
holdout,0,1.1e-06,0.0
holdout,0,2.68e-06,0.0
holdout,0,1.26e-06,0.0
holdout,0,1.42e-06,0.0
holdout,0,4.61e-06,0.0
holdout,0,7.12e-06,0.0
holdout,0,1e-06,0.0
holdout,0,6.54e-06,0.0
holdout,0,6.5e-06,0.0
holdout,0,8.9e-07,0.0
holdout,0,5.1e-07,0.0
holdout,0,9.7e-07,0.0
holdout,0,7.76e-06,0.0
holdout,0,1.56e-06,0.0
holdout,0,5.2e-07,0.0
holdout,0,2.68e-06,0.0
holdout,0,7.65e-06,0.0
holdout,0,7.26e-06,0.0
holdout,0,2.32e-06,0.00103842
holdout,0,2.02e-06,0.0
holdout,0,6.24e-06,0.0
holdout,0,3.567e-05,0.0
holdout,0,5.4e-07,0.0
holdout,0,2.85e-06,0.0
holdout,0,2.36e-06,0.0
holdout,0,9.55e-06,0.0
holdout,0,1.31e-06,0.0
holdout,0,1.52e-06,0.0
holdout,0,4.6e-07,0.0
holdout,0,1.83e-06,0.0
holdout,0,7.4e-07,0.0
holdout,0,8.9e-07,0.0
holdout,0,2.24e-06,0.0
holdout,0,0.00021026,0.0
holdout,0,2.53e-05,0.01592141
holdout,0,1.91e-06,0.0
holdout,0,1.18e-06,0.0
holdout,0,1.49e-06,0.0
holdout,0,9.35e-06,0.0
holdout,0,6.4e-07,0.0
holdout,0,8.7e-07,0.0
holdout,0,5.7e-07,0.0
holdout,0,3.6e-07,0.0
holdout,0,6.56e-06,0.0
holdout,0,3.15e-06,0.0
holdout,0,6.6e-06,0.0
holdout,0,5.9e-07,0.0
holdout,0,1.233e-05,0.0
holdout,0,4.5e-06,0.0
holdout,0,3.03e-06,0.0
holdout,0,1.86e-06,0.0
holdout,0,6.477e-05,0.0
holdout,0,1.16e-06,0.0
holdout,0,3.71e-06,0.0
holdout,0,9.18e-06,0.0
holdout,0,1.179e-05,0.0
holdout,0,1.64e-06,0.0
holdout,0,1.21e-06,0.0
holdout,0,1.69e-06,0.0
holdout,0,2.862e-05,0.00103842
holdout,0,5.92e-06,0.0
holdout,0,6e-07,0.0
holdout,0,2.06e-06,0.0
holdout,0,2.08e-06,0.0
holdout,0,6.85e-06,0.0
holdout,0,2.661e-05,0.0
holdout,0,5.08e-06,0.0
holdout,0,7.4e-07,0.0
holdout,0,1.05e-06,0.0
holdout,0,6.67e-06,0.0
holdout,0,1.51e-06,0.0
holdout,0,1e-06,0.0
holdout,0,6.9e-07,0.0
holdout,0,2.34e-06,0.0
holdout,0,3.396e-05,0.0
holdout,0,1.54e-06,0.0
holdout,0,1.46e-06,0.0
holdout,0,7.286e-05,0.0
holdout,0,2.09e-06,0.0
holdout,0,2.15e-06,0.0
holdout,0,1.096e-05,0.0
holdout,0,1.41e-06,0.0
holdout,0,8.2e-07,0.0
holdout,0,2.22e-06,0.0
holdout,0,4.59e-06,0.0
holdout,0,9.6e-07,0.0
holdout,0,1.67e-06,0.0
holdout,0,2.49e-06,0.0
holdout,0,9e-06,0.0
holdout,0,5.6e-07,0.0
holdout,0,6.1e-07,0.0
holdout,0,6.98e-06,0.0
holdout,0,1.529e-05,0.00103842
holdout,0,3.272e-05,0.0
holdout,0,1.19e-06,0.0
holdout,0,1.76e-06,0.0
holdout,0,1.29e-06,0.0
holdout,0,9.7e-07,0.0
holdout,0,6.3e-07,0.0
holdout,0,2.202e-05,0.0
holdout,0,7.07e-06,0.0
holdout,0,2.35e-06,0.0
holdout,0,8.8e-07,0.0
holdout,0,5.7e-07,0.0
holdout,0,2.89e-06,0.0
holdout,0,4.05e-06,0.0
holdout,0,3.18e-06,0.0
holdout,0,4.68e-06,0.0
holdout,0,2.45e-06,0.0
holdout,0,1.797e-05,0.00103842
holdout,0,7.44e-06,0.0
holdout,0,4.217e-05,0.0
holdout,0,3.74e-06,0.0
holdout,0,2.6e-06,0.0
holdout,0,8.6e-07,0.0
holdout,0,2.4e-06,0.0
holdout,0,8.32e-06,0.00103842
holdout,0,5.8e-07,0.0
holdout,0,1.052e-05,0.0
holdout,0,1.569e-05,0.0
holdout,0,1.07e-06,0.0
holdout,0,6.17e-06,0.0
holdout,0,1.8e-06,0.0
holdout,0,2.8e-06,0.0
holdout,0,1.47e-06,0.0
holdout,0,5.495e-05,0.0
holdout,0,0.00010511,0.00307094
holdout,0,2.37e-06,0.0
holdout,0,4.86e-06,0.0
holdout,0,7.4e-07,0.0
holdout,0,3.74e-06,0.0
holdout,0,4.25e-06,0.0
holdout,0,5.28e-06,0.00103842
holdout,0,7.14e-06,0.0
holdout,0,1.237e-05,0.0
holdout,0,1.17e-06,0.0
holdout,0,2.612e-05,0.00103842
holdout,0,2.01e-06,0.0
holdout,0,1.85e-06,0.0
holdout,0,7.8e-07,0.0
holdout,0,5.1e-06,0.00103842
holdout,0,6.5e-07,0.0
holdout,0,7.19e-06,0.0
holdout,0,1.49e-06,0.0
holdout,0,3.39e-06,0.0
holdout,0,1.52e-06,0.0
holdout,0,1.24e-05,0.0
holdout,0,3.4e-07,0.0
holdout,0,9.5e-07,0.0
holdout,0,1.79e-06,0.0
holdout,0,1.54e-06,0.0
holdout,0,1.16e-06,0.0
holdout,0,1.183e-05,0.00465072
holdout,0,2.637e-05,0.0
holdout,0,2e-06,0.0
holdout,0,7.8e-07,0.0
holdout,0,1.35e-06,0.0
holdout,0,1.09e-06,0.0
holdout,0,1.44e-06,0.0
holdout,0,5.8e-07,0.0
holdout,0,3.22e-06,0.0
holdout,0,3.46e-06,0.0
holdout,0,4.9e-06,0.0
holdout,0,5.125e-05,0.0
holdout,0,4.33e-06,0.0
holdout,0,2.5e-06,0.0
holdout,0,2.37e-06,0.0
holdout,0,3.114e-05,0.0
holdout,0,1.7e-06,0.0
holdout,0,3.62e-05,0.0
holdout,0,1.41e-06,0.0
holdout,0,2.51e-06,0.0
holdout,0,2.4e-05,0.0
holdout,0,2.6e-06,0.0
holdout,0,2.92e-06,0.0
holdout,0,9e-07,0.0
holdout,0,2.16e-06,0.0
holdout,0,1.794e-05,0.0
holdout,0,6.71e-06,0.00103842
holdout,0,6.4e-07,0.0
holdout,0,2.11e-06,0.0
holdout,0,9.6e-07,0.0
holdout,0,1.804e-05,0.0
holdout,0,8.4e-07,0.0
holdout,0,7.95e-06,0.0
holdout,0,7.3e-07,0.0
holdout,0,2.44e-06,0.0
holdout,0,1.7e-06,0.0
holdout,0,8.7e-07,0.0
holdout,0,1.55e-06,0.0
holdout,0,1.966e-05,0.0
holdout,0,4.07e-06,0.0
holdout,0,1.17e-06,0.0
holdout,0,1.572e-05,0.0
holdout,0,2.38e-06,0.0
holdout,0,4.16e-06,0.0
holdout,0,4.47e-06,0.00207684
holdout,0,1.022e-05,0.0
holdout,0,5.07e-06,0.0
holdout,0,9.6e-07,0.0
holdout,0,1.99e-06,0.0
holdout,0,5.04e-06,0.0
holdout,0,1.08e-06,0.0
holdout,0,8.87e-06,0.0
holdout,0,2.02e-06,0.0
holdout,0,1.34e-06,0.0
holdout,0,4.167e-05,0.0
holdout,0,0.00028202,0.00410936
holdout,0,4.62e-06,0.0
holdout,0,4.35e-06,0.0
holdout,0,4.3e-07,0.0
holdout,0,1.47e-06,0.0
holdout,0,1.58e-06,0.0
holdout,0,1.017e-05,0.0
holdout,0,8.61e-06,0.0
holdout,0,3.414e-05,0.0
holdout,0,3.5e-06,0.0
holdout,0,1.09e-06,0.0
holdout,0,2.72e-06,0.0
holdout,0,8.2e-07,0.0
holdout,0,3.88e-06,0.0
holdout,0,1e-06,0.0
holdout,0,8.4e-07,0.0
holdout,0,1.36e-06,0.0
holdout,0,1.18e-06,0.0
holdout,0,1.22e-06,0.0
holdout,0,7.5e-07,0.0
holdout,0,0.00013603,0.00410936
holdout,0,1.59e-06,0.0
holdout,0,8.6e-07,0.0
holdout,0,1.27e-06,0.0
holdout,0,1.45e-06,0.0
holdout,0,7.3e-07,0.0
holdout,0,1.3e-06,0.0
holdout,0,4.4e-07,0.0
holdout,0,6.3e-07,0.0
holdout,0,5.6e-07,0.0
holdout,0,1.89e-06,0.0
holdout,0,1.362e-05,0.0
holdout,0,0.00016237,0.00303057
holdout,0,9.93e-06,0.0
holdout,0,8.7e-07,0.0
holdout,0,1.21e-06,0.0
holdout,0,2.88e-06,0.0
holdout,0,1.7e-06,0.0
holdout,0,6.43e-06,0.0
holdout,0,7.44e-06,0.0
holdout,0,3.05e-06,0.0
holdout,0,3.02e-06,0.0
holdout,0,7.7e-07,0.0
holdout,0,1.01e-06,0.0
holdout,0,9.1e-07,0.0
holdout,0,1.75e-05,0.0
holdout,0,1.804e-05,0.0
holdout,0,7.8e-07,0.0
holdout,0,4.141e-05,0.0
holdout,0,1.151e-05,0.0
holdout,0,4.8e-07,0.0
holdout,0,2.39e-06,0.0
holdout,0,1.02e-06,0.0
holdout,0,5.6e-07,0.0
holdout,0,3.47e-06,0.0
holdout,0,9.2e-07,0.0
holdout,0,1.7e-06,0.0
holdout,0,0.00027142,0.01004743
holdout,0,3.01e-06,0.0
holdout,0,1.601e-05,0.00103842
holdout,0,7.9e-07,0.0
holdout,0,0.00394725,0.00410936
holdout,0,7.78e-06,0.0
holdout,0,1.695e-05,0.0
holdout,0,1.88e-06,0.0
holdout,0,8.14e-06,0.0
holdout,0,5.8e-07,0.0
holdout,0,1.545e-05,0.0
holdout,0,1.97e-06,0.0
holdout,0,1.87e-06,0.0
holdout,0,2.476e-05,0.0
holdout,0,1.88e-06,0.0
holdout,0,9.2e-07,0.0
holdout,0,0.00082929,0.0
holdout,0,7.75e-06,0.0
holdout,0,1.12e-06,0.0
holdout,0,2.84e-06,0.0
holdout,0,4.668e-05,0.00103842
holdout,0,9.64e-06,0.0
holdout,0,1.09e-06,0.0
holdout,0,3.62e-06,0.0
holdout,0,6.2e-07,0.0
holdout,0,1.3e-05,0.0
holdout,0,7.2e-07,0.0
holdout,0,3.8e-06,0.0
holdout,0,2.538e-05,0.0
holdout,0,4.15e-06,0.0
holdout,0,4.7e-07,0.0
holdout,0,4.63e-05,0.00103842
holdout,0,9.3e-07,0.0
holdout,0,7.8e-07,0.0
holdout,0,1.31e-06,0.0
holdout,0,6.78e-06,0.0
holdout,0,1.43e-06,0.0
holdout,0,7.7e-07,0.0
holdout,0,2.34e-05,0.0
holdout,0,2.63e-06,0.0
holdout,0,1.7e-06,0.0
holdout,0,1.012e-05,0.00103842
holdout,0,8.6e-07,0.0
holdout,0,1.199e-05,0.0
holdout,0,9.5e-07,0.0
holdout,0,1.936e-05,0.0
holdout,0,4.5e-07,0.0
holdout,0,5.13e-06,0.0
holdout,0,1.93e-06,0.0
holdout,0,4.29e-06,0.0
holdout,0,1.789e-05,0.00169137
holdout,0,7.85e-06,0.0
holdout,0,6.206e-05,0.00103842
holdout,0,4.73e-06,0.0
holdout,0,2e-06,0.0
holdout,0,7e-07,0.0
holdout,0,2.373e-05,0.00203252
holdout,0,1.68e-06,0.0
holdout,0,2.3e-05,0.0
holdout,0,1.45e-06,0.0
holdout,0,2.12e-06,0.0
holdout,0,1.403e-05,0.0
holdout,0,7.7e-07,0.0
holdout,0,5.99e-06,0.0
holdout,0,1.53e-06,0.0
holdout,0,1.25e-06,0.0
holdout,0,8.6e-07,0.0
holdout,0,2.26e-06,0.0
holdout,0,1.56e-06,0.0
holdout,0,6.45e-06,0.0
holdout,0,1.13e-06,0.0
holdout,0,1.569e-05,0.0
holdout,0,2.06e-06,0.0
holdout,0,1.02e-06,0.0
holdout,0,1.57e-06,0.0
holdout,0,8.87e-06,0.0
holdout,0,7.85e-06,0.0
holdout,0,5.8e-07,0.0
holdout,0,7.31e-06,0.0
holdout,0,3.02e-06,0.0
holdout,0,0.00012816,0.0
holdout,0,4.59e-06,0.0
holdout,0,8.24e-06,0.0
holdout,0,0.00021337,0.0
holdout,0,2.39e-06,0.0
holdout,0,2.16e-06,0.0
holdout,0,1.94e-06,0.0
holdout,0,3.8e-06,0.0
holdout,0,1.02e-06,0.0
holdout,0,3.31e-06,0.0
holdout,0,6.5e-07,0.0
holdout,0,2.29e-06,0.0
holdout,0,0.03109584,0.28137788
holdout,0,0.00035059,0.0
holdout,0,2.72e-06,0.0
holdout,0,2.83e-06,0.0
holdout,0,2.089e-05,0.0
holdout,0,1.45e-06,0.0
holdout,0,1.8e-06,0.0
holdout,0,1.36e-06,0.0
holdout,0,2.51e-06,0.0
holdout,0,8.527e-05,0.0026182
holdout,0,1.41e-06,0.0
holdout,0,5.9e-07,0.0
holdout,0,4.093e-05,0.00410936
holdout,0,1.004e-05,0.0
holdout,0,2.07e-06,0.0
holdout,0,2.98e-06,0.0
holdout,0,1.11e-06,0.0
holdout,0,1.42e-06,0.0
holdout,0,2.29e-06,0.0
holdout,0,3.617e-05,0.0
holdout,0,1.653e-05,0.0
holdout,0,1.041e-05,0.0
holdout,0,1.56e-06,0.0
holdout,0,3.08e-06,0.0
holdout,0,3.27e-06,0.0
holdout,0,1.41e-06,0.0
holdout,0,1.07e-06,0.0
holdout,0,7.9e-07,0.0
holdout,0,8.1e-07,0.0
holdout,0,7.7e-07,0.0
holdout,0,1.05e-05,0.0
holdout,0,0.0002706,0.0
holdout,0,1.13e-06,0.0
holdout,0,8.815e-05,0.00103842
holdout,0,7.52e-06,0.0
holdout,0,3.05e-06,0.0
holdout,0,1.143e-05,0.0
holdout,0,7.87e-06,0.0
holdout,0,1.48e-06,0.0
holdout,0,8.13e-06,0.0
holdout,0,4.04e-06,0.0
holdout,0,1.46e-06,0.0
holdout,0,2.27e-05,0.0
holdout,0,1.38e-06,0.0
holdout,0,3.57e-06,0.0
holdout,0,1.81e-06,0.0
holdout,0,0.0016668,0.00465072
holdout,0,1.18e-06,0.0
holdout,0,1.02e-06,0.0
holdout,0,3.13e-06,0.0
holdout,0,1.93e-06,0.0
holdout,0,3.92e-06,0.0
holdout,0,8.1e-06,0.0
holdout,0,1.25e-06,0.0
holdout,0,4.9e-07,0.0
holdout,0,1.279e-05,0.00103842
holdout,0,3.457e-05,0.00103842
holdout,0,2.84e-06,0.0
holdout,0,8.81e-06,0.0
holdout,0,3.5e-07,0.0
holdout,0,5.6e-07,0.0
holdout,0,4.91e-06,0.0
holdout,0,4.5e-06,0.0
holdout,0,4.36e-06,0.0
holdout,0,4.2e-07,0.0
holdout,0,1.13e-06,0.0
holdout,0,2.564e-05,0.0
holdout,0,8.72e-06,0.0
holdout,0,0.00011721,0.0
holdout,0,1.78e-06,0.0
holdout,0,2.61e-06,0.0
holdout,0,0.00047192,0.0
holdout,0,1.78e-06,0.0
holdout,0,7.8e-07,0.0
holdout,0,8.48e-06,0.0
holdout,0,9.8e-07,0.0
holdout,0,4.35e-06,0.00103842
holdout,0,8.95e-06,0.0
holdout,0,2.8e-07,0.0
holdout,0,2.513e-05,0.0
holdout,0,5.69e-06,0.0
holdout,0,2.68e-06,0.0
holdout,0,4.22e-06,0.0
holdout,0,6.87e-06,0.0
holdout,0,2.9e-06,0.0
holdout,0,3.445e-05,0.0
holdout,0,1.01e-06,0.0
holdout,0,8.7e-07,0.0
holdout,0,1.122e-05,0.0
holdout,0,0.00016621,0.0
holdout,0,2.14e-06,0.0
holdout,0,5.33e-06,0.0
holdout,0,3.16e-06,0.0
holdout,0,4.86e-06,0.0
holdout,0,8.24e-06,0.0
holdout,0,5.3e-07,0.0
holdout,0,8.7e-07,0.0
holdout,0,1.7e-06,0.0
holdout,0,2.04e-06,0.0
holdout,0,1.05e-06,0.0
holdout,0,8.4e-06,0.0
holdout,0,4.33e-06,0.0
holdout,0,1.279e-05,0.0
holdout,0,1.274e-05,0.0
holdout,0,3.65e-06,0.0
holdout,0,0.00056873,0.00465072
holdout,0,1.67e-06,0.0
holdout,0,6e-07,0.0
holdout,0,4.13e-06,0.0
holdout,0,3.28e-06,0.0
holdout,0,1.75e-06,0.0
holdout,0,2.68e-06,0.0
holdout,0,3.21e-06,0.0
holdout,0,2.9e-06,0.0
holdout,0,0.00022724,0.00900901
holdout,0,1.032e-05,0.0
holdout,0,8.84e-06,0.0
holdout,0,3.19e-06,0.0
holdout,0,7.17e-06,0.0
holdout,0,8.7e-07,0.0
holdout,0,1.62e-06,0.0
holdout,0,2.915e-05,0.0
holdout,0,6.49e-06,0.0
holdout,0,0.00012024,0.0
holdout,0,2.25e-06,0.0
holdout,0,0.00029955,0.0
holdout,0,5.56e-06,0.0
holdout,0,2.544e-05,0.0
holdout,0,1.221e-05,0.0
holdout,0,4.32e-06,0.0
holdout,0,2.253e-05,0.0
holdout,0,1.35e-05,0.0
holdout,0,1.77e-06,0.0
holdout,0,1.324e-05,0.0
holdout,0,4.33e-06,0.0
holdout,0,1.84e-06,0.0
holdout,0,2.19e-06,0.0
holdout,0,1.41e-06,0.0
holdout,0,0.00029547,0.0
holdout,0,8.67e-06,0.0
holdout,0,6.49e-06,0.0
holdout,0,7.1e-07,0.0
holdout,0,1.08e-06,0.0
holdout,0,1.043e-05,0.0
holdout,0,2.86e-06,0.0
holdout,0,3.35e-06,0.0
holdout,0,1.49e-06,0.0
holdout,0,6.73e-06,0.0
holdout,0,2.85e-06,0.0
holdout,0,0.00023832,0.00103842
holdout,0,4.55e-06,0.0
holdout,0,3.38e-06,0.0
holdout,0,5.1e-07,0.0
holdout,0,2.68e-06,0.0
holdout,0,1.82e-06,0.0
holdout,0,8.9e-07,0.0
holdout,0,2.31e-06,0.0
holdout,0,3.41e-06,0.0
holdout,0,1.72e-06,0.0
holdout,0,8.073e-05,0.0
holdout,0,1.24e-06,0.0
holdout,0,9.3e-07,0.0
holdout,0,4.37e-06,0.0
holdout,0,2.5e-06,0.0
holdout,0,6.8e-07,0.0
holdout,0,2.42e-06,0.0
holdout,0,1.93e-06,0.0
holdout,0,3.91e-06,0.0
holdout,0,1.48e-06,0.0
holdout,0,1.46e-06,0.0
holdout,0,2.27e-06,0.0
holdout,0,0.00027635,0.0
holdout,0,6.17e-06,0.0
holdout,0,3.62e-06,0.0
holdout,0,6.3e-07,0.0
holdout,0,1.27e-06,0.0
holdout,0,1.32e-06,0.0
holdout,0,2.52e-06,0.0
holdout,0,4.093e-05,0.0
holdout,0,3.34e-06,0.0
holdout,0,2.88e-06,0.0
holdout,0,1.12e-06,0.0
holdout,0,1.27e-05,0.0
holdout,0,2.11e-06,0.0
holdout,0,2.848e-05,0.0
holdout,0,4.78e-06,0.0
holdout,0,5.06e-06,0.0
holdout,0,8.85e-06,0.0
holdout,0,6.3e-07,0.0
holdout,0,5.5e-07,0.0
holdout,0,1.75e-06,0.0
holdout,0,2.04e-06,0.0
holdout,0,5.25e-06,0.00103842
holdout,0,1.072e-05,0.0
holdout,0,8.82e-06,0.0
holdout,0,1.96e-06,0.0
holdout,0,4.48e-06,0.0
holdout,0,2.53e-06,0.0
holdout,0,1.732e-05,0.0
holdout,0,5.25e-06,0.0
holdout,0,2.06e-06,0.0
holdout,0,7.4e-07,0.0
holdout,0,9.3e-07,0.0
holdout,0,3.56e-06,0.0
holdout,0,9.17e-06,0.0
holdout,0,1.31e-06,0.0
holdout,0,6.93e-06,0.0
holdout,0,0.00018607,0.00103842
holdout,0,0.00314293,0.00465072
holdout,0,1.89e-06,0.0
holdout,0,1.54e-06,0.0
holdout,0,2.01e-06,0.0
holdout,0,1.74e-06,0.0
holdout,0,1.51e-06,0.0
holdout,0,1.506e-05,0.0
holdout,0,4.18e-06,0.0
holdout,0,1.5e-06,0.0
holdout,0,2.34e-06,0.0
holdout,0,2.347e-05,0.0
holdout,0,7.294e-05,0.00103842
holdout,0,1.84e-06,0.0
holdout,0,9.9e-06,0.0
holdout,0,6.81e-06,0.0
holdout,0,3.41e-06,0.0
holdout,0,4.2e-06,0.0
holdout,0,2.33e-06,0.0
holdout,0,1.73e-06,0.0
holdout,0,1.67e-06,0.0
holdout,0,2.66e-06,0.0
holdout,0,1.61e-06,0.0
holdout,0,1.99e-06,0.0
holdout,0,2.36e-06,0.0
holdout,0,7.68e-06,0.0
holdout,0,7.3e-07,0.0
holdout,0,1.97e-06,0.0
holdout,0,1.89e-06,0.0
holdout,0,1.65e-06,0.0
holdout,0,2.42e-06,0.0
holdout,0,5.01e-06,0.0
holdout,0,2.164e-05,0.0
holdout,0,1.297e-05,0.0
holdout,0,2.571e-05,0.0
holdout,0,4.84e-06,0.0
holdout,0,1.54e-05,0.0
holdout,0,5.5e-07,0.0
holdout,0,2.23e-06,0.0
holdout,0,1.02e-06,0.0
holdout,0,1.43e-06,0.0
holdout,0,5.8e-07,0.0
holdout,0,1.2e-06,0.0
holdout,0,6.74e-06,0.0
holdout,0,7.65e-06,0.0
holdout,0,0.00031186,0.00203252
holdout,0,4.6e-06,0.0
holdout,0,2.26e-06,0.0
holdout,0,4.95e-06,0.0
holdout,0,1.75e-06,0.0
holdout,0,2.492e-05,0.0
holdout,0,7.7e-07,0.0
holdout,0,6.3e-07,0.0
holdout,0,3.88e-06,0.0
holdout,0,1.82e-06,0.0
holdout,0,4.352e-05,0.0
holdout,0,1.34e-06,0.0
holdout,0,5.7e-07,0.0
holdout,0,1.55e-06,0.0
holdout,0,4.56e-06,0.0
holdout,0,4.385e-05,0.00103842
holdout,0,6.27e-06,0.0
holdout,0,1.75e-06,0.0
holdout,0,6.2e-07,0.0
holdout,0,1.07e-06,0.0
holdout,0,0.00016283,0.00103842
holdout,0,1.423e-05,0.0
holdout,0,1.312e-05,0.0
holdout,0,3.46e-06,0.0
holdout,0,1.06e-06,0.0
holdout,0,1.88e-06,0.0
holdout,0,5.77e-06,0.0
holdout,0,3.24e-06,0.0
holdout,0,2.45e-06,0.0
holdout,0,1.02e-06,0.0
holdout,0,4.463e-05,0.0
holdout,0,1.858e-05,0.0
holdout,0,2.212e-05,0.0
holdout,0,2.72e-06,0.0
holdout,0,2.01e-06,0.0
holdout,0,1.51e-06,0.0
holdout,0,6.27e-06,0.0
holdout,0,2.265e-05,0.00307094
holdout,0,9.1e-07,0.0
holdout,0,1.92e-06,0.0
holdout,0,1.28e-06,0.0
holdout,0,4.4e-06,0.0
holdout,0,1.13e-06,0.0
holdout,0,2.88e-06,0.0
holdout,0,7.7e-07,0.0
holdout,0,1.65e-06,0.0
holdout,0,1.03e-06,0.0
holdout,0,9.132e-05,0.0
holdout,0,3.26e-06,0.0
holdout,0,7.72e-06,0.0
holdout,0,5.92e-06,0.0
holdout,0,2.7e-07,0.0
holdout,0,0.0008192,0.01262131
holdout,0,2.54e-06,0.0
holdout,0,3.286e-05,0.0
holdout,0,1.98e-06,0.0
holdout,0,8.22e-06,0.0
holdout,0,9.2e-07,0.0
holdout,0,1.9e-06,0.0
holdout,0,7.8e-07,0.0
holdout,0,1.29e-06,0.0
holdout,0,7.5e-07,0.0
holdout,0,1.11e-06,0.0
holdout,0,2.46e-06,0.0
holdout,0,2.23e-06,0.0
holdout,0,9.1e-07,0.0
holdout,0,5.3e-07,0.0
holdout,0,2.12e-06,0.0
holdout,0,3.03e-06,0.0
holdout,0,1.06e-06,0.0
holdout,0,2.25e-06,0.0
holdout,0,1.21e-06,0.0
holdout,0,9.53e-06,0.0
holdout,0,1.43e-06,0.0
holdout,0,0.98721196,0.35892971
holdout,0,1.69e-06,0.0
holdout,0,1.936e-05,0.0
holdout,0,2.97e-06,0.0
holdout,0,7.36e-06,0.0
holdout,0,5.8e-07,0.0
holdout,0,6.31e-06,0.0
holdout,0,4.19e-06,0.0
holdout,0,1.25e-06,0.0
holdout,0,1.316e-05,0.0
holdout,0,3.056e-05,0.0
holdout,0,2.55e-06,0.0
holdout,0,1.58e-06,0.0
holdout,0,2.67e-06,0.0
holdout,0,4.27e-06,0.0
holdout,0,7.6e-07,0.0
holdout,0,1.23e-06,0.0
holdout,0,4.79e-06,0.0
holdout,0,1.64e-06,0.0
holdout,0,1.16e-06,0.0
holdout,0,5.92e-06,0.0
holdout,0,4.57e-06,0.0
holdout,0,1.07e-06,0.0
holdout,0,6.9e-07,0.0
holdout,0,5.2e-07,0.0
holdout,0,8.69e-06,0.0
holdout,0,1.47e-06,0.0
holdout,0,1.227e-05,0.00103842
holdout,0,3.42e-06,0.0
holdout,0,1.33e-06,0.0
holdout,0,1.14e-06,0.0
holdout,0,2.79e-06,0.0
holdout,0,2.71e-06,0.0
holdout,0,7.61e-06,0.0
holdout,0,8.76e-06,0.0
holdout,0,3.59e-06,0.0
holdout,0,4.83e-06,0.0
holdout,0,8.03e-06,0.0
holdout,0,9.3e-07,0.0
holdout,0,0.00022507,0.00207684
holdout,0,4.01e-06,0.0
holdout,0,2.432e-05,0.0
holdout,0,5.26e-06,0.0
holdout,0,4.83e-06,0.0
holdout,0,7.68e-06,0.0
holdout,0,1.27e-06,0.0
holdout,0,1.067e-05,0.0
holdout,0,1.476e-05,0.0
holdout,0,2.62e-06,0.0
holdout,0,3.69e-06,0.0
holdout,0,1.17e-06,0.0
holdout,0,2.55e-06,0.0
holdout,0,3.2e-06,0.0
holdout,0,2.794e-05,0.0
holdout,0,3.091e-05,0.00103842
holdout,0,1.27e-06,0.0
holdout,0,1.33e-06,0.0
holdout,0,6.09e-06,0.0
holdout,0,2.35e-06,0.0
holdout,0,1.503e-05,0.00103842
holdout,0,1.96e-06,0.0
holdout,0,6.87e-06,0.0
holdout,0,1.2e-06,0.0
holdout,0,3.52e-06,0.0
holdout,0,1.27e-06,0.0
holdout,0,2.393e-05,0.0
holdout,0,1.36e-06,0.0
holdout,0,9.9e-07,0.0
holdout,0,7.81e-06,0.0
holdout,0,1.52e-06,0.0
holdout,0,2.51e-06,0.0
holdout,0,1.63e-06,0.0
holdout,0,2.91e-06,0.0
holdout,0,1.56e-06,0.0
holdout,0,2.71e-06,0.0
holdout,0,1.97e-06,0.0
holdout,0,0.00013656,0.00103842
holdout,0,8.3e-07,0.0
holdout,0,3.74e-06,0.0
holdout,0,2.63e-06,0.0
holdout,0,6.2e-07,0.0
holdout,0,6.01e-06,0.0
holdout,0,3.69e-06,0.0
holdout,0,7.86e-06,0.0
holdout,0,4.41e-06,0.0
holdout,0,2.21e-05,0.0
holdout,0,2.212e-05,0.0
holdout,0,2.75e-06,0.0
holdout,0,7.1e-07,0.0
holdout,0,4.07e-06,0.0
holdout,0,9.4e-07,0.0
holdout,0,2.367e-05,0.00103842
holdout,0,1.13e-06,0.0
holdout,0,7.4e-07,0.0
holdout,0,3.37e-06,0.0
holdout,0,2.85e-06,0.0
holdout,0,3.18e-06,0.0
holdout,0,5.42e-06,0.0
holdout,0,2.29e-06,0.0
holdout,0,1.39e-06,0.0
holdout,0,1.86e-06,0.0
holdout,0,1.89e-06,0.0
holdout,0,2.974e-05,0.00089478
holdout,0,1.08e-06,0.0
holdout,0,1.36e-06,0.0
holdout,0,1.57e-06,0.00207684
holdout,0,7.5e-07,0.0
holdout,0,1.27e-06,0.0
holdout,0,4.8e-07,0.0
holdout,0,8.8e-07,0.0
holdout,0,2.75e-06,0.0
holdout,0,1.68e-06,0.0
holdout,0,1.56e-06,0.0
holdout,0,6.22e-06,0.0
holdout,0,2.18e-06,0.0
holdout,0,0.00019882,0.0
holdout,0,7.779e-05,0.02444563
holdout,0,3.03e-06,0.0
holdout,0,1.86e-06,0.0026182
holdout,0,1.55e-06,0.0
holdout,0,1.48e-06,0.0
holdout,0,9.5e-07,0.0
holdout,0,4.69e-06,0.0
holdout,0,2.13e-06,0.0
holdout,0,3e-06,0.0
holdout,0,7.78e-06,0.0
holdout,0,1.57e-06,0.0
holdout,0,8.91e-06,0.0
holdout,0,1.48e-06,0.0
holdout,0,5.5e-07,0.0
holdout,0,6.47e-06,0.0
holdout,0,4.33e-06,0.0
holdout,0,8.6e-07,0.0
holdout,0,4.85e-06,0.0
holdout,0,3.83e-06,0.0
holdout,0,9.43e-06,0.0
holdout,0,2.36e-06,0.0
holdout,0,2.38e-06,0.0
holdout,0,6.74e-06,0.0
holdout,0,2.99e-06,0.0
holdout,0,3.213e-05,0.00103842
holdout,0,4.43e-06,0.0
holdout,0,3.2e-06,0.0
holdout,0,2.438e-05,0.0
holdout,0,1.92e-06,0.0
holdout,0,5e-07,0.0
holdout,0,1.646e-05,0.0
holdout,0,1.741e-05,0.0
holdout,0,3.04e-06,0.0
holdout,0,1.94e-06,0.0
holdout,0,1.23e-06,0.0
holdout,0,2.87e-06,0.0
holdout,0,8.75e-06,0.0
holdout,0,1.75e-06,0.0
holdout,0,6.6e-07,0.0
holdout,0,1.34e-06,0.0
holdout,0,1.56e-06,0.0
holdout,0,3.62e-06,0.0
holdout,0,7.83e-06,0.0
holdout,0,2.96e-06,0.0
holdout,0,8.79e-06,0.0
holdout,0,1.86e-06,0.0
holdout,0,0.00022197,0.00465072
holdout,0,0.00199958,0.00103842
holdout,0,1.821e-05,0.0
holdout,0,6.7e-07,0.0
holdout,0,1.39e-06,0.0
holdout,0,9.8e-07,0.0
holdout,0,5.68e-06,0.0
holdout,0,7.93e-06,0.0
holdout,0,1.66e-06,0.0
holdout,0,6.9e-07,0.0
holdout,0,7.2e-07,0.0
holdout,0,1.94e-06,0.0
holdout,0,1.02e-06,0.0
holdout,0,6.9e-07,0.0
holdout,0,9.6e-07,0.0
holdout,0,2.42e-06,0.0
holdout,0,4e-07,0.0
holdout,0,8.1e-07,0.0
holdout,0,3.93e-06,0.0
holdout,0,4.691e-05,0.0
holdout,0,1.39e-06,0.0
holdout,0,6.12e-06,0.0
holdout,0,2.63e-06,0.0
holdout,0,8.63e-06,0.0
holdout,0,1.21e-06,0.0
holdout,0,3.84e-06,0.0
holdout,0,1.53e-06,0.0
holdout,0,2.68e-05,0.0
holdout,0,7.4e-07,0.0
holdout,0,1.13e-06,0.0
holdout,0,1.94e-06,0.0
holdout,0,2.09e-06,0.0
holdout,0,0.00080199,0.0
holdout,0,6.07e-06,0.0
holdout,0,6.1e-07,0.0
holdout,0,4.95e-06,0.0
holdout,0,2.54e-06,0.0
holdout,0,3.85e-06,0.0
holdout,0,7e-07,0.0
holdout,0,2.75e-06,0.0
holdout,0,4.74e-05,0.00103842
holdout,0,3.7e-07,0.0
holdout,0,1.017e-05,0.0
holdout,0,8.9e-07,0.0
holdout,0,3.18e-06,0.0
holdout,0,2.08e-06,0.0
holdout,0,4.63e-06,0.0
holdout,0,2.4e-06,0.0
holdout,0,1.07e-06,0.0
holdout,0,1.19e-06,0.0
holdout,0,1.612e-05,0.0
holdout,0,1.845e-05,0.00103842
holdout,0,6.27e-06,0.0
holdout,0,8.35e-06,0.0
holdout,0,1.791e-05,0.00103842
holdout,0,2.83e-06,0.0
holdout,0,1.33e-06,0.0
holdout,0,2.32e-06,0.0
holdout,0,2.173e-05,0.00103842
holdout,0,1.59e-06,0.0
holdout,0,2.68e-06,0.0
holdout,0,9.03e-06,0.0
holdout,0,1.18e-06,0.0
holdout,0,1.54e-06,0.0
holdout,0,1.088e-05,0.0
holdout,0,5.9e-07,0.0
holdout,0,9.5e-07,0.0
holdout,0,4.57e-06,0.0
holdout,0,3.28e-06,0.0
holdout,0,1.46e-06,0.0
holdout,0,8.99e-06,0.0
holdout,0,4.48e-06,0.0
holdout,0,4.096e-05,0.0
holdout,0,3.874e-05,0.0
holdout,0,3.905e-05,0.00103842
holdout,0,6.66e-06,0.0
holdout,0,8.4e-07,0.0
holdout,0,1.27e-06,0.0
holdout,0,1.41e-06,0.0
holdout,0,1.177e-05,0.0
holdout,0,3.22e-06,0.0
holdout,0,9.7e-07,0.0
holdout,0,1.29e-06,0.0
holdout,0,1.29e-06,0.0
holdout,0,2.39e-06,0.0
holdout,0,1.08e-06,0.0
holdout,0,1.444e-05,0.0
holdout,0,1.34e-06,0.0
holdout,0,4.27e-06,0.0
holdout,0,2.41e-06,0.0
holdout,0,1.223e-05,0.0
holdout,0,2.01e-06,0.0
holdout,0,4.13e-06,0.0
holdout,0,5.68e-06,0.0
holdout,0,4.1e-07,0.0
holdout,0,2.14e-06,0.0
holdout,0,5.33e-05,0.00307094
holdout,0,5.936e-05,0.0
holdout,0,2.215e-05,0.0
holdout,0,7.26e-06,0.0
holdout,0,9.956e-05,0.0
holdout,0,6.43e-06,0.0
holdout,0,5.57e-06,0.0
holdout,0,2.6e-06,0.0
holdout,0,2.95e-06,0.0
holdout,0,2.92e-06,0.0
holdout,0,5.45e-06,0.0
holdout,0,1.66e-06,0.0
holdout,0,1.14e-06,0.0
holdout,0,2.47e-06,0.0
holdout,0,6.2e-07,0.0
holdout,0,1.83e-06,0.0
holdout,0,3.65e-06,0.0
holdout,0,7.47e-06,0.0
holdout,0,2.29e-06,0.0
holdout,0,9.2e-07,0.0
holdout,0,2.56e-06,0.0
holdout,0,2.41e-06,0.0
holdout,0,4.3e-07,0.0
holdout,0,1.088e-05,0.0
holdout,0,1.26e-06,0.0
holdout,0,2.2e-06,0.0
holdout,0,1.62e-06,0.0
holdout,0,1.2e-06,0.0
holdout,0,7.3e-07,0.0
holdout,0,6.49e-06,0.0
holdout,0,3.346e-05,0.0
holdout,0,1.25e-06,0.0
holdout,0,1.01e-06,0.0
holdout,0,8.3e-07,0.0
holdout,0,9.4e-07,0.0
holdout,0,6e-07,0.0
holdout,0,8.2e-07,0.0
holdout,0,2.1e-06,0.0
holdout,0,5.67e-06,0.0
holdout,0,1.17e-06,0.0
holdout,0,2.187e-05,0.0
holdout,0,1.57e-06,0.0
holdout,0,2.65e-06,0.0
holdout,0,1.125e-05,0.0
holdout,0,1.11e-06,0.0
holdout,0,1.93e-06,0.0
holdout,0,6.41e-06,0.0
holdout,0,1.24e-06,0.0
holdout,0,3.44e-06,0.0
holdout,0,1.329e-05,0.0
holdout,0,9.5e-07,0.0
holdout,0,1.66e-06,0.0
holdout,0,2.41e-06,0.0
holdout,0,8.68e-06,0.00103842
holdout,0,7.28e-06,0.0
holdout,0,1.99e-06,0.0
holdout,0,6.16e-06,0.0
holdout,0,3.888e-05,0.0
holdout,0,1.13e-06,0.0
holdout,0,1.88e-06,0.0
holdout,0,1.29e-06,0.0
holdout,0,1.152e-05,0.0
holdout,0,3.306e-05,0.00103842
holdout,0,7.96e-06,0.0
holdout,0,6e-07,0.0
holdout,0,4.383e-05,0.0
holdout,0,0.00010608,0.0
holdout,0,8e-07,0.0
holdout,0,1.27e-06,0.0
holdout,0,4.1e-07,0.0
holdout,0,2e-07,0.0
holdout,0,4.7e-07,0.0
holdout,0,5.9e-07,0.0
holdout,0,5.3e-07,0.0
holdout,0,1.96e-06,0.0
holdout,0,7.9e-07,0.0
holdout,0,7.5e-07,0.0
holdout,0,6.2e-07,0.0
holdout,0,4.82e-06,0.0
holdout,0,5.1e-07,0.0
holdout,0,5.7e-07,0.0
holdout,0,9.8e-07,0.0
holdout,0,4.845e-05,0.0
holdout,0,1.6e-06,0.0
holdout,0,4.3e-07,0.0
holdout,0,1.55e-06,0.0
holdout,0,9.4e-07,0.0
holdout,0,4.6e-07,0.0
holdout,0,2.78e-06,0.0
holdout,0,3.8e-07,0.0
holdout,0,6.1e-07,0.0
holdout,0,9e-07,0.0
holdout,0,2.54e-06,0.0
holdout,0,2.616e-05,0.0
holdout,0,1.11e-06,0.0
holdout,0,4.7e-07,0.0
holdout,0,3.72e-06,0.0
holdout,0,7.5e-07,0.0
holdout,0,1.14e-06,0.0
holdout,0,2.55e-06,0.0
holdout,0,5.16e-06,0.0
holdout,0,6.6e-07,0.0
holdout,0,9.5e-07,0.0
holdout,0,5.9e-07,0.0
holdout,0,1.459e-05,0.0
holdout,0,1.52e-06,0.0
holdout,0,1.76e-06,0.0
holdout,0,1.44e-06,0.0
holdout,0,0.00579942,0.16794122
holdout,0,1.944e-05,0.0
holdout,0,1.76e-06,0.0
holdout,0,1.24e-06,0.0
holdout,0,7e-07,0.0
holdout,0,2.57e-06,0.0
holdout,0,6.1e-07,0.0
holdout,0,1.32e-06,0.0
holdout,0,1.71e-06,0.0
holdout,0,1.65e-06,0.0
holdout,0,3.3e-07,0.0
holdout,0,3.3e-06,0.0
holdout,0,5.7e-07,0.0
holdout,0,7.6e-07,0.0
holdout,0,3.9e-07,0.0
holdout,0,7.7e-07,0.0
holdout,0,1.614e-05,0.0
holdout,0,2.32e-06,0.0
holdout,0,1.34e-06,0.0
holdout,0,2.01e-06,0.0
holdout,0,4e-07,0.0
holdout,0,7.2e-07,0.0
holdout,0,1.31e-06,0.0
holdout,0,5.22e-06,0.0
holdout,0,1.38e-06,0.0
holdout,0,6.5e-07,0.0
holdout,0,6.9e-07,0.0
holdout,0,3.97e-06,0.0
holdout,0,1.27e-06,0.0
holdout,0,1.24e-06,0.0
holdout,0,0.00023205,0.0
holdout,0,7.05e-06,0.0
holdout,0,5e-07,0.0
holdout,0,9e-07,0.0
holdout,0,6.2e-07,0.0
holdout,0,2.45e-06,0.0
holdout,0,0.0001219,0.0
holdout,0,7.64e-06,0.00307094
holdout,0,6.118e-05,0.00103842
holdout,0,2.41e-06,0.0
holdout,0,1.652e-05,0.0
holdout,0,6.712e-05,0.00410936
holdout,0,6.9e-07,0.0
holdout,0,6.34e-06,0.0
holdout,0,4.9e-07,0.0
holdout,0,5.15e-06,0.0
holdout,0,7.1e-07,0.0
holdout,0,2.6e-07,0.0
holdout,0,6.22e-06,0.0
holdout,0,4.99e-06,0.0
holdout,0,3.97e-06,0.0
holdout,0,8.45e-06,0.0
holdout,0,8e-07,0.0
holdout,0,4.05e-06,0.0
holdout,0,9.9e-07,0.0
holdout,0,1.34e-06,0.0
holdout,0,6.09e-06,0.0
holdout,0,1.1e-06,0.0
holdout,0,1.32e-06,0.0
holdout,0,1.03e-06,0.0
holdout,0,8e-07,0.0
holdout,0,8.5e-07,0.0
holdout,0,1.12e-06,0.0
holdout,0,8.2e-07,0.0
holdout,0,4.62e-06,0.0
holdout,0,1.204e-05,0.0
holdout,0,5.7e-07,0.0
holdout,0,4.87e-06,0.0
holdout,0,1.18e-06,0.0
holdout,0,1.91e-06,0.0
holdout,0,1.35e-06,0.0
holdout,0,2.94e-06,0.0
holdout,0,4.08e-06,0.0
holdout,0,4.48e-06,0.0
holdout,0,4.89e-06,0.0
holdout,0,7.7e-07,0.0
holdout,0,2.59e-06,0.0
holdout,0,1.41e-06,0.0
holdout,0,0.0015532,0.00307094
holdout,0,2.24e-06,0.0
holdout,0,7.7e-07,0.0
holdout,0,0.0002273,0.0
holdout,0,2.25e-06,0.0
holdout,0,1.02e-06,0.0
holdout,0,0.00013357,0.00207684
holdout,0,2.18e-06,0.0
holdout,0,9.57e-06,0.0
holdout,0,5.96e-06,0.0
holdout,0,1.344e-05,0.0
holdout,0,8.97e-06,0.0
holdout,0,3.15e-06,0.0
holdout,0,1.02e-06,0.0
holdout,0,1.84e-06,0.0
holdout,0,1.04e-06,0.0
holdout,0,2.04e-06,0.0
holdout,0,3.4e-07,0.0
holdout,0,1.11e-06,0.0
holdout,0,3.62e-06,0.0
holdout,0,9.2e-07,0.0
holdout,0,3.09e-06,0.0
holdout,0,1.23e-06,0.0
holdout,0,4.37e-06,0.0
holdout,0,5.6e-07,0.0
holdout,0,7e-07,0.0
holdout,0,2.36e-06,0.0
holdout,0,1.44e-06,0.0
holdout,0,4.3e-07,0.0
holdout,0,1.29e-06,0.0
holdout,0,1.056e-05,0.0
holdout,0,1.68e-06,0.0
holdout,0,1.21e-06,0.0
holdout,0,1.611e-05,0.0
holdout,0,6.1e-06,0.0
holdout,0,1.016e-05,0.0
holdout,0,1.832e-05,0.00103842
holdout,0,6.56e-06,0.0
holdout,0,2.815e-05,0.0
holdout,0,3.78e-06,0.0
holdout,0,0.73547264,0.16794122
holdout,0,3.25e-06,0.0
holdout,0,2.51e-06,0.0
holdout,0,2.3e-06,0.0
holdout,0,1.27e-06,0.0
holdout,0,1.88e-06,0.0
holdout,0,4.26e-06,0.0
holdout,0,1.27e-06,0.0
holdout,0,8.7e-07,0.0
holdout,0,1.09e-05,0.0
holdout,0,8.1e-07,0.0
holdout,0,8.5e-07,0.0
holdout,0,4.9e-07,0.0
holdout,0,4.6e-07,0.0
holdout,0,8.552e-05,0.0
holdout,0,1.554e-05,0.0
holdout,0,4.41e-06,0.0
holdout,0,1.909e-05,0.0
holdout,0,1.81e-06,0.0
holdout,0,1.34e-06,0.0
holdout,0,1.99e-06,0.0
holdout,0,2.49e-06,0.0
holdout,0,5.85e-06,0.0
holdout,0,8.36e-06,0.0
holdout,0,0.00075454,0.0
holdout,0,8.8e-07,0.0
holdout,0,6.4e-07,0.0
holdout,0,1.28e-06,0.0
holdout,0,4.7e-07,0.0
holdout,0,5.349e-05,0.0
holdout,0,1.13e-06,0.0
holdout,0,1.011e-05,0.0
holdout,0,2.32e-06,0.0
holdout,0,2.54e-06,0.0
holdout,0,5.28e-06,0.0
holdout,0,8.61e-06,0.0
holdout,0,1.072e-05,0.0
holdout,0,1.39e-06,0.0
holdout,0,5.33e-06,0.0
holdout,0,4.774e-05,0.0
holdout,0,3.39e-06,0.0
holdout,0,6.1e-07,0.0
holdout,0,6.19e-06,0.0
holdout,0,8.6e-07,0.0
holdout,0,2.91e-06,0.0
holdout,0,1.33e-06,0.0
holdout,0,1.14e-06,0.0
holdout,0,7.27e-06,0.00103842
holdout,0,3.73e-06,0.0
holdout,0,1.19e-06,0.0
holdout,0,0.00010105,0.0
holdout,0,1.77e-06,0.0
holdout,0,6.71e-06,0.0
holdout,0,5.738e-05,0.0
holdout,0,1.417e-05,0.0
holdout,0,4.09e-06,0.0
holdout,0,8.4e-07,0.0
holdout,0,5.4e-07,0.0
holdout,0,3.25e-06,0.0
holdout,0,4.52e-06,0.0
holdout,0,1.116e-05,0.0
holdout,0,2.04e-06,0.0
holdout,0,4.1e-07,0.0
holdout,0,9.8e-07,0.0
holdout,0,1.67e-06,0.0
holdout,0,1.22e-06,0.0
holdout,0,3.235e-05,0.0
holdout,0,4.37e-06,0.0
holdout,0,2.16e-06,0.0
holdout,0,1.05e-06,0.0
holdout,0,2.15e-06,0.0
holdout,0,3.7e-06,0.0
holdout,0,2.29e-06,0.0
holdout,0,1.766e-05,0.0
holdout,0,6.91e-06,0.0
holdout,0,3.229e-05,0.0
holdout,0,5e-07,0.0
holdout,0,1.129e-05,0.0
holdout,0,1.68e-06,0.0
holdout,0,2.9e-07,0.0
holdout,0,3.9e-07,0.0
holdout,0,2.21e-06,0.0
holdout,0,8.35e-06,0.0
holdout,0,1.4e-06,0.0
holdout,0,1.02e-06,0.0
holdout,0,1.71e-06,0.0
holdout,0,2.52e-06,0.0
holdout,0,1.257e-05,0.0
holdout,0,6.1e-07,0.0
holdout,0,3.1e-06,0.0
holdout,0,6.43e-06,0.0
holdout,0,8.94e-06,0.0
holdout,0,5.1e-06,0.0
holdout,0,1.95e-06,0.0
holdout,0,1.75e-06,0.0
holdout,0,3.05e-06,0.0
holdout,0,3.87e-06,0.0
holdout,0,2.65e-06,0.0
holdout,0,0.0001758,0.0
holdout,0,8.023e-05,0.0
holdout,0,2.05e-06,0.0
holdout,0,5.24e-06,0.0
holdout,0,4.15e-06,0.0
holdout,0,3.3e-07,0.0
holdout,0,8.98e-06,0.0
holdout,0,5.4e-07,0.0
holdout,0,7.43e-06,0.0
holdout,0,1.32e-06,0.0
holdout,0,6.046e-05,0.0
holdout,0,1.66e-06,0.0
holdout,0,4.82e-06,0.0
holdout,0,2.46e-06,0.0
holdout,0,4.93e-06,0.0
holdout,0,3.56e-06,0.0
holdout,0,1.23e-06,0.0
holdout,0,1.01e-06,0.0
holdout,0,3.14e-06,0.0
holdout,0,1.55e-06,0.0
holdout,0,6e-07,0.0
holdout,0,1.97e-06,0.0
holdout,0,1.05e-06,0.0
holdout,0,2.41e-06,0.0
holdout,0,8.4e-07,0.0
holdout,0,2.93e-06,0.0
holdout,0,3.43e-06,0.0
holdout,0,2.34e-06,0.0
holdout,0,1.31e-06,0.0
holdout,0,1.8e-06,0.0
holdout,0,3.07e-06,0.0
holdout,0,1.1e-06,0.0
holdout,0,1.53e-06,0.0
holdout,0,7.15e-06,0.0
holdout,0,3.7e-06,0.0
holdout,0,1.81e-06,0.0
holdout,0,4.7e-07,0.0
holdout,0,7.31e-06,0.0
holdout,0,1.37e-06,0.0
holdout,0,2.76e-06,0.0
holdout,0,7.3e-07,0.0
holdout,0,7.6e-07,0.0
holdout,0,1.265e-05,0.00157978
holdout,0,1.38e-06,0.0
holdout,0,4.3e-06,0.0
holdout,0,2.44e-06,0.0
holdout,0,0.00057131,0.02444563
holdout,0,1.088e-05,0.0
holdout,0,6.42e-06,0.0
holdout,0,9.6e-07,0.0
holdout,0,0.00027105,0.0
holdout,0,1.49e-06,0.0
holdout,0,1.263e-05,0.0
holdout,0,1.52e-06,0.0
holdout,0,1.74e-06,0.0
holdout,0,5.188e-05,0.0
holdout,0,5e-07,0.0
holdout,0,2.35e-06,0.0
holdout,0,8.72e-06,0.0
holdout,0,0.00016697,0.00207684
holdout,0,0.00015306,0.00103842
holdout,0,0.00018527,0.0
holdout,0,8.3e-07,0.0
holdout,0,4.028e-05,0.0
holdout,0,9.87e-06,0.0
holdout,0,9.01e-06,0.0
holdout,0,1.43e-06,0.0
holdout,0,1.7e-06,0.0
holdout,0,1.969e-05,0.0
holdout,0,1.98e-06,0.0
holdout,0,2.01e-06,0.0
holdout,0,1.205e-05,0.0
holdout,0,0.0001538,0.0
holdout,0,1.42e-06,0.0
holdout,0,1.96e-06,0.0
holdout,0,1.33e-06,0.0
holdout,0,2.03e-06,0.0
holdout,0,1.95e-06,0.0
holdout,0,1.87e-06,0.0
holdout,0,6.4e-07,0.0
holdout,0,7.93e-06,0.0
holdout,0,2.62e-06,0.0
holdout,0,9.2e-07,0.0
holdout,0,6.02e-06,0.0
holdout,0,2.78e-06,0.0
holdout,0,4.61e-06,0.0
holdout,0,6.187e-05,0.0
holdout,0,2.49e-06,0.0
holdout,0,2e-06,0.0
holdout,0,1.73e-06,0.0
holdout,0,2.916e-05,0.0
holdout,0,2.84e-06,0.0
holdout,0,1.259e-05,0.0
holdout,0,1.11e-06,0.0
holdout,0,3.45e-06,0.0
holdout,0,0.00062674,0.07168707
holdout,0,1.61e-06,0.0
holdout,0,8e-07,0.0
holdout,0,2.82e-06,0.0
holdout,0,8e-07,0.0
holdout,0,4.77e-06,0.0
holdout,0,3.5e-06,0.0
holdout,0,1.4e-06,0.0
holdout,0,5.299e-05,0.00103842
holdout,0,1.98e-06,0.0
holdout,0,5.62e-06,0.0
holdout,0,3.29e-06,0.0
holdout,0,4.29e-06,0.0
holdout,0,0.00012694,0.0
holdout,0,1.65e-06,0.0
holdout,0,1.75e-06,0.0
holdout,0,3.78e-06,0.0
holdout,0,2.04e-06,0.0
holdout,0,9.04e-06,0.0
holdout,0,4.72e-06,0.0
holdout,0,0.00114852,0.02493042
holdout,0,2.61e-06,0.0
holdout,0,7.4e-07,0.0
holdout,0,3.9e-07,0.0
holdout,0,7.97e-06,0.0
holdout,0,2.8e-06,0.0
holdout,0,9.4e-07,0.0
holdout,0,1.16e-06,0.0
holdout,0,1.18e-06,0.0
holdout,0,2.01e-06,0.0
holdout,0,6.68e-06,0.0
holdout,0,3.59e-06,0.0
holdout,0,0.0002094,0.0
holdout,0,3.52e-06,0.00103842
holdout,0,1.22e-06,0.0
holdout,0,1.76e-06,0.0
holdout,0,2.62e-06,0.0
holdout,0,2.43e-06,0.0
holdout,0,1.15e-06,0.0
holdout,0,2.085e-05,0.0
holdout,0,7.8e-07,0.0
holdout,0,1.53e-05,0.00103842
holdout,0,9.31e-06,0.0
holdout,0,1.05e-06,0.0
holdout,0,6.49e-06,0.0
holdout,0,3.94e-06,0.0
holdout,0,4.65e-06,0.0
holdout,0,9.102e-05,0.00103842
holdout,0,0.00045524,0.00465072
holdout,0,8.5e-07,0.0
holdout,0,1.58e-06,0.0
holdout,0,3.3e-07,0.0
holdout,0,4.99e-06,0.0
holdout,0,1.402e-05,0.0
holdout,0,1.77e-06,0.0
holdout,0,0.00016287,0.0
holdout,0,2.41e-06,0.0
holdout,0,1.176e-05,0.0
holdout,0,5.5e-07,0.0
holdout,0,1.677e-05,0.0
holdout,0,9.4e-07,0.0
holdout,0,1.54e-06,0.0
holdout,0,8.3e-07,0.0
holdout,0,1.57e-06,0.0
holdout,0,2.48e-06,0.0
holdout,0,2.07e-06,0.0
holdout,0,1.04e-06,0.0
holdout,0,3.65e-06,0.0
holdout,0,7.259e-05,0.00103842
holdout,0,1.4e-06,0.0
holdout,0,4.69e-06,0.0
holdout,0,2.69e-06,0.0
holdout,0,1.2e-06,0.0
holdout,0,4.07e-06,0.0
holdout,0,3.68e-06,0.0
holdout,0,1.15e-06,0.0
holdout,0,2.23e-06,0.0
holdout,0,4.11e-06,0.0
holdout,0,5.8e-07,0.0
holdout,0,1.32e-06,0.0
holdout,0,1.292e-05,0.0
holdout,0,1.26e-06,0.0
holdout,0,1.571e-05,0.0
holdout,0,6.97e-06,0.0
holdout,0,1.88e-06,0.0
holdout,0,1.1e-05,0.0
holdout,0,8.7e-07,0.0
holdout,0,8e-07,0.0
holdout,0,5.9e-07,0.0
holdout,0,0.00021827,0.00465072
holdout,0,2.2e-06,0.0
holdout,0,1.43e-05,0.0
holdout,0,3.97e-06,0.0
holdout,0,1.98e-06,0.0
holdout,0,2.76e-06,0.0
holdout,0,3.789e-05,0.0
holdout,0,4.14e-06,0.0
holdout,0,8.525e-05,0.0
holdout,0,0.00015386,0.0
holdout,0,8.4e-07,0.0
holdout,0,4.706e-05,0.0
holdout,0,6.2e-07,0.0
holdout,0,1.563e-05,0.0
holdout,0,4.69e-05,0.0
holdout,0,6.89e-06,0.0
holdout,0,1.45e-06,0.0
holdout,0,1.109e-05,0.0
holdout,0,1e-06,0.0
holdout,0,3.024e-05,0.00410936
holdout,0,1.92e-06,0.0
holdout,0,6.03e-06,0.00307094
holdout,0,7.6e-07,0.0
holdout,0,2.21e-06,0.0
holdout,0,1.32e-06,0.0
holdout,0,8.8e-07,0.0
holdout,0,6.4e-07,0.0
holdout,0,2.33e-06,0.0
holdout,0,4.9e-07,0.0
holdout,0,2.23e-06,0.0
holdout,0,2.22e-06,0.0
holdout,0,5.41e-06,0.0
holdout,0,1.227e-05,0.0
holdout,0,3.07e-06,0.0
holdout,0,4e-06,0.0
holdout,0,3.873e-05,0.00103842
holdout,0,2.76e-06,0.0
holdout,0,0.00015368,0.0
holdout,0,2.38e-06,0.0
holdout,0,4.62e-06,0.0
holdout,0,5.8e-07,0.0
holdout,0,1.74e-06,0.0
holdout,0,4.61e-06,0.0
holdout,0,1.5e-06,0.0
holdout,0,2.169e-05,0.0
holdout,0,1.83e-06,0.0
holdout,0,1.03e-06,0.0
holdout,0,4.12e-06,0.0
holdout,0,1.98e-06,0.0
holdout,0,2.04e-06,0.0
holdout,0,6.1e-07,0.0
holdout,0,3.541e-05,0.00203252
holdout,0,9.68e-06,0.0
holdout,0,1.29e-06,0.0
holdout,0,1.05e-06,0.0
holdout,0,5.92e-06,0.0
holdout,0,1.186e-05,0.0
holdout,0,4.64e-06,0.0
holdout,0,1.53e-06,0.0
holdout,0,8.4e-07,0.0
holdout,0,2.14e-06,0.0
holdout,0,9e-07,0.0
holdout,0,6.71e-06,0.0
holdout,0,0.00042457,0.00465072
holdout,0,2.94e-06,0.0
holdout,0,1.17e-06,0.0
holdout,0,8.7e-07,0.0
holdout,0,9.3e-07,0.0
holdout,0,2.46e-06,0.0
holdout,0,1.74e-06,0.0
holdout,0,3.75e-06,0.0
holdout,0,8.1e-07,0.0
holdout,0,1.17e-06,0.0
holdout,0,1.83e-06,0.0
holdout,0,1.91e-06,0.0
holdout,0,1.93e-06,0.0
holdout,0,2.97e-06,0.0
holdout,0,2.296e-05,0.00103842
holdout,0,1.4e-06,0.0
holdout,0,4.6e-07,0.0
holdout,0,2.61e-06,0.0
holdout,0,6.83e-06,0.0
holdout,0,6.1e-07,0.0
holdout,0,1.45e-06,0.0
holdout,0,2.6e-07,0.0
holdout,0,3.59e-06,0.0
holdout,0,3.1e-07,0.0
holdout,0,1.8e-06,0.0
holdout,0,1.32e-06,0.0
holdout,0,2.43e-06,0.0
holdout,0,2.358e-05,0.0
holdout,0,5.393e-05,0.00103842
holdout,0,2.197e-05,0.0
holdout,0,3.01e-06,0.0
holdout,0,2.67e-06,0.0
holdout,0,1.7e-06,0.0
holdout,0,2.36e-06,0.0
holdout,0,1.9e-06,0.0
holdout,0,4.73e-06,0.0
holdout,0,2.63e-06,0.0
holdout,0,0.00035582,0.00410936
holdout,0,0.00010763,0.01262131
holdout,0,3.32e-06,0.00103842
holdout,0,2.55e-06,0.0
holdout,0,3.38e-06,0.0
holdout,0,1.187e-05,0.0
holdout,0,0.10109153,0.00410936
holdout,0,6.77e-06,0.0
holdout,0,2.74e-06,0.0
holdout,0,2.34e-06,0.0
holdout,0,1.07e-06,0.0
holdout,0,5e-06,0.0
holdout,0,1.01e-06,0.0
holdout,0,1.641e-05,0.0
holdout,0,1.661e-05,0.0
holdout,0,7.39e-06,0.0
holdout,0,3.55e-06,0.0
holdout,0,1.84e-06,0.0
holdout,0,7.96e-06,0.0
holdout,0,4.08e-06,0.0
holdout,0,3.2e-07,0.0
holdout,0,5.5e-07,0.0
holdout,0,1.92e-06,0.0
holdout,0,1.83e-06,0.0
holdout,0,2.377e-05,0.00410936
holdout,0,9.7e-07,0.0
holdout,0,3.27e-06,0.0
holdout,0,2.752e-05,0.0
holdout,0,9.2e-07,0.0
holdout,0,9.5e-07,0.0
holdout,0,7.304e-05,0.0
holdout,0,2.26e-06,0.0
holdout,0,3.34e-05,0.0
holdout,0,3.9e-07,0.0
holdout,0,1.51e-06,0.0
holdout,0,5.68e-06,0.0
holdout,0,0.00014874,0.0
holdout,0,0.00112757,0.02241311
holdout,0,2.36e-06,0.0
holdout,0,1.29e-05,0.0
holdout,0,1.46e-06,0.0
holdout,0,7.6e-07,0.0
holdout,0,1.532e-05,0.0
holdout,0,2.14e-06,0.0
holdout,0,1.26e-06,0.0
holdout,0,2.25e-06,0.0
holdout,0,1.44e-06,0.0
holdout,0,6.14e-06,0.0
holdout,0,2.14e-06,0.0
holdout,0,5.91e-06,0.0
holdout,0,1.29e-06,0.0
holdout,0,6.4e-07,0.0
holdout,0,3.8e-07,0.0
holdout,0,4.21e-06,0.0
holdout,0,0.000377,0.01104153
holdout,0,5e-07,0.0
holdout,0,9.1e-07,0.0
holdout,0,7.837e-05,0.0
holdout,0,1.41e-06,0.0
holdout,0,6.5e-07,0.0
holdout,0,0.00039372,0.0
holdout,0,8.9e-07,0.0
holdout,0,5.8e-07,0.0
holdout,0,1.02e-06,0.0
holdout,0,7.58e-06,0.0
holdout,0,3.53e-06,0.0
holdout,0,2.87e-06,0.0
holdout,0,0.00016653,0.00103842
holdout,0,3.33e-06,0.0
holdout,0,5.7e-07,0.0
holdout,0,1.435e-05,0.0
holdout,0,1.26e-06,0.0
holdout,0,3.079e-05,0.0
holdout,0,7.2e-07,0.0
holdout,0,1.43e-06,0.0
holdout,0,4.2e-07,0.0
holdout,0,7.6e-07,0.0
holdout,0,5.5e-07,0.0
holdout,0,0.00016812,0.0
holdout,0,1.87e-06,0.0
holdout,0,1.38e-06,0.0
holdout,0,1.14e-05,0.0
holdout,0,7.132e-05,0.00103842
holdout,0,2.51e-06,0.0
holdout,0,6.79e-06,0.0
holdout,0,1.22e-06,0.0
holdout,0,1.92e-06,0.0
holdout,0,4.9e-07,0.0
holdout,0,1.172e-05,0.0
holdout,0,1.19e-06,0.0
holdout,0,8.84e-06,0.0
holdout,0,2.901e-05,0.0
holdout,0,4.35e-06,0.0
holdout,0,1.99e-06,0.0
holdout,0,6.5e-07,0.0
holdout,0,1.85e-06,0.0
holdout,0,1.17e-06,0.0
holdout,0,1.226e-05,0.0
holdout,0,2.404e-05,0.0
holdout,0,6.89e-06,0.0
holdout,0,5.844e-05,0.0
holdout,0,7.37e-06,0.0
holdout,0,1.33e-06,0.0
holdout,0,6.961e-05,0.0
holdout,0,2.627e-05,0.0
holdout,0,1.83e-06,0.0
holdout,0,2.81e-06,0.0
holdout,0,3e-06,0.0
holdout,0,1.85e-06,0.0
holdout,0,6.35e-06,0.0
holdout,0,1.675e-05,0.0
holdout,0,3.09e-06,0.0
holdout,0,8.6e-07,0.0
holdout,0,5.9e-07,0.0
holdout,0,9.6e-07,0.0
holdout,0,5.25e-06,0.0
holdout,0,2.24e-06,0.0
holdout,0,9.98e-06,0.0
holdout,0,1.805e-05,0.00103842
holdout,0,3.58e-06,0.0
holdout,0,1.1e-06,0.0
holdout,0,7.81e-06,0.0
holdout,0,0.00057828,0.00465072
holdout,0,5.9e-07,0.0
holdout,0,6.98e-06,0.00103842
holdout,0,0.00017461,0.0
holdout,0,6.2e-07,0.0
holdout,0,0.0001264,0.0
holdout,0,1.62e-06,0.0
holdout,0,3.6e-06,0.0
holdout,0,2.89e-06,0.0
holdout,0,2.369e-05,0.0
holdout,0,4e-07,0.0
holdout,0,7.18e-06,0.0
holdout,0,2.71e-06,0.0
holdout,0,8.7e-07,0.0
holdout,0,6.741e-05,0.00103842
holdout,0,3.193e-05,0.0
holdout,0,5.69e-06,0.0
holdout,0,3.595e-05,0.0
holdout,0,1.97e-06,0.0
holdout,0,2.07e-06,0.0
holdout,0,6.3e-06,0.0
holdout,0,3.03e-06,0.0
holdout,0,9.53e-06,0.0
holdout,0,1.41e-06,0.0
holdout,0,1.24e-06,0.0
holdout,0,8.57e-06,0.0
holdout,0,1.38e-06,0.0
holdout,0,2.56e-06,0.0
holdout,0,2.18e-06,0.0
holdout,0,3.82e-05,0.0
holdout,0,0.00012321,0.00103842
holdout,0,1.63e-06,0.0
holdout,0,1.6e-06,0.0
holdout,0,3.3e-06,0.0
holdout,0,3.15e-06,0.0
holdout,0,4.6e-07,0.0
holdout,0,4.1e-07,0.0
holdout,0,3.427e-05,0.0
holdout,0,1.855e-05,0.0
holdout,0,5.96e-06,0.0
holdout,0,5.795e-05,0.00103842
holdout,0,4.51e-06,0.0
holdout,0,8.4e-07,0.0
holdout,0,0.00153566,0.00207684
holdout,0,2.91e-06,0.0
holdout,0,7.24e-06,0.0
holdout,0,1.15e-06,0.0
holdout,0,4.42e-06,0.0
holdout,0,0.0001123,0.0
holdout,0,1.59e-05,0.0
holdout,0,2.34e-06,0.0
holdout,0,1.2e-06,0.0
holdout,0,4.43e-06,0.0
holdout,0,4.01e-06,0.0
holdout,0,1.906e-05,0.0
holdout,0,4.71e-06,0.0
holdout,0,6.49e-05,0.0
holdout,0,3.9e-06,0.0
holdout,0,0.0004071,0.00103842
holdout,0,4.29e-06,0.0
holdout,0,3.24e-06,0.0
holdout,0,9.5e-07,0.0
holdout,0,1.377e-05,0.0
holdout,0,1.66e-06,0.0
holdout,0,4.15e-06,0.0
holdout,0,8.3e-07,0.0
holdout,0,1.649e-05,0.0
holdout,0,4.19e-06,0.0
holdout,0,1.904e-05,0.0
holdout,0,0.00064393,0.00207684
holdout,0,1.588e-05,0.0
holdout,0,1.93e-05,0.0
holdout,0,2.22e-06,0.0
holdout,0,3.827e-05,0.00103842
holdout,0,2.498e-05,0.0
holdout,0,1.116e-05,0.0
holdout,0,0.00014461,0.0
holdout,0,0.00027933,0.00103842
holdout,0,2.8e-06,0.0
holdout,0,3.27e-06,0.0
holdout,0,1.01e-06,0.0
holdout,0,7.21e-06,0.0
holdout,0,3.29e-06,0.0
holdout,0,0.00041298,0.0
holdout,0,4.16e-06,0.0
holdout,0,4.01e-06,0.0
holdout,0,6.3e-07,0.0
holdout,0,1.37e-06,0.0
holdout,0,5.87e-06,0.0
holdout,0,0.0004963,0.0
holdout,0,5.73e-06,0.00103842
holdout,0,3.22e-06,0.0
holdout,0,2.71e-06,0.0
holdout,0,2.37e-06,0.0
holdout,0,7.2e-07,0.0
holdout,0,2.45e-06,0.0
holdout,0,3.36e-06,0.0
holdout,0,0.0001803,0.0
holdout,0,1.43e-06,0.0
holdout,0,2.71e-06,0.0
holdout,0,1.72e-06,0.0
holdout,0,7.9e-07,0.0
holdout,0,8.27e-06,0.0
holdout,0,7.7e-07,0.0
holdout,0,4e-06,0.0
holdout,0,5.09e-06,0.0
holdout,0,1.05e-06,0.0
holdout,0,3.89e-06,0.0
holdout,0,6.26e-06,0.0
holdout,0,2.35e-06,0.0
holdout,0,1.543e-05,0.0
holdout,0,4.351e-05,0.0
holdout,0,7.16e-06,0.0
holdout,0,2.21e-06,0.0
holdout,0,0.99679112,0.55555556
holdout,0,2.21e-06,0.0
holdout,0,1.16e-06,0.0
holdout,0,7.2e-07,0.0
holdout,0,1.08e-06,0.0
holdout,0,7.59e-06,0.0
holdout,0,3.15e-06,0.0
holdout,0,4.57e-06,0.0
holdout,0,9.85e-06,0.0
holdout,0,7e-07,0.0
holdout,0,3.92e-06,0.0
holdout,0,8.149e-05,0.0
holdout,0,5e-07,0.0
holdout,0,7.3e-07,0.0
holdout,0,5.35e-06,0.0
holdout,0,1.814e-05,0.0
holdout,0,1.313e-05,0.0
holdout,0,9e-07,0.0
holdout,0,5.265e-05,0.00207684
holdout,0,7.7e-07,0.0
holdout,0,5.55e-06,0.0
holdout,0,3.51e-06,0.0
holdout,0,4.2e-07,0.0
holdout,0,7.64e-06,0.0
holdout,0,2.087e-05,0.0
holdout,0,5.82e-06,0.0
holdout,0,6.27e-06,0.0
holdout,0,8.8e-07,0.0
holdout,0,3.59e-06,0.0
holdout,0,9.32e-06,0.0
holdout,0,5.86e-06,0.0
holdout,0,5.64e-06,0.0
holdout,0,4.13e-06,0.0
holdout,0,1.56e-06,0.0
holdout,0,2.804e-05,0.0
holdout,0,2.49e-06,0.0
holdout,0,7.99e-06,0.0
holdout,0,9.1e-07,0.0
holdout,0,2.21e-06,0.0
holdout,0,6.03e-06,0.00307094
holdout,0,7.72e-06,0.0
holdout,0,1.32e-06,0.0
holdout,0,3.31e-06,0.0
holdout,0,3.22e-06,0.0
holdout,0,1.436e-05,0.0
holdout,0,3.04e-06,0.0
holdout,0,1e-06,0.0
holdout,0,7.21e-05,0.0
holdout,0,9.37e-06,0.0
holdout,0,0.00021801,0.00410936
holdout,0,3.53e-06,0.0
holdout,0,1.008e-05,0.0
holdout,0,5.24e-06,0.0
holdout,0,2.29e-06,0.0
holdout,0,9.46e-06,0.0
holdout,0,2.57e-05,0.0
holdout,0,0.00019092,0.00900901
holdout,0,1.69e-06,0.0
holdout,0,7.5e-07,0.0
holdout,0,2.169e-05,0.0
holdout,0,1.64e-06,0.0
holdout,0,1.978e-05,0.0
holdout,0,1.09e-06,0.0
holdout,0,0.01698319,0.02444563
holdout,0,7.78e-06,0.0
holdout,0,1.85e-06,0.0
holdout,0,4.243e-05,0.0
holdout,0,2.7e-07,0.0
holdout,0,1.823e-05,0.0
holdout,0,3.28e-06,0.0
holdout,0,1.12e-06,0.0
holdout,0,4.41e-06,0.0
holdout,0,1.06e-06,0.0
holdout,0,1.41e-06,0.0
holdout,0,1.16e-05,0.0
holdout,0,1.072e-05,0.0
holdout,0,4.9e-07,0.0
holdout,0,2.19e-06,0.0
holdout,0,1.65e-06,0.0
holdout,0,0.00074758,0.0026182
holdout,0,4.79e-06,0.0
holdout,0,8e-07,0.0
holdout,0,2.082e-05,0.0
holdout,0,8.83e-06,0.0
holdout,0,1.54e-06,0.0
holdout,0,8.7e-07,0.0
holdout,0,0.00033543,0.02825923
holdout,0,1.94e-06,0.0
holdout,0,2.81e-06,0.00103842
holdout,0,1.6e-06,0.0
holdout,0,1.62e-06,0.0
holdout,0,2.94e-06,0.0
holdout,0,3.82e-06,0.0
holdout,0,1.72e-06,0.0
holdout,0,3.91e-06,0.0
holdout,0,8.71e-06,0.0
holdout,0,1.25e-06,0.0
holdout,0,1.64e-06,0.0
holdout,0,1.94e-06,0.0
holdout,0,3.17e-06,0.0
holdout,0,1.22e-06,0.0
holdout,0,4.98e-06,0.0
holdout,0,6.44e-06,0.0
holdout,0,1.01e-06,0.0
holdout,0,3.65e-06,0.0
holdout,0,3.044e-05,0.0
holdout,0,3.16e-06,0.0
holdout,0,2.37e-06,0.0
holdout,0,4.07e-06,0.0
holdout,0,9.76e-06,0.0
holdout,0,8.39e-06,0.0
holdout,0,1.659e-05,0.0
holdout,0,3.67e-06,0.0
holdout,0,6.337e-05,0.0
holdout,0,1.148e-05,0.0
holdout,0,1.68e-06,0.0
holdout,0,3.42e-06,0.0
holdout,0,8.7e-07,0.0
holdout,0,1.26e-06,0.0
holdout,0,1.801e-05,0.0
holdout,0,2.056e-05,0.0
holdout,0,1.02e-06,0.0
holdout,0,1.89e-06,0.0
holdout,0,2.68e-06,0.0
holdout,0,3.71e-06,0.0
holdout,0,1.02e-06,0.0
holdout,0,3.26e-06,0.0
holdout,0,1.23e-06,0.0
holdout,0,1.73e-06,0.0
holdout,0,2.16e-06,0.0
holdout,0,6.1e-07,0.0
holdout,0,1.621e-05,0.0
holdout,0,6.52e-06,0.0
holdout,0,2.616e-05,0.0
holdout,0,4.99e-06,0.01207995
holdout,0,2.68e-06,0.0
holdout,0,2.25e-06,0.0
holdout,0,2.855e-05,0.00103842
holdout,0,3.2e-07,0.0
holdout,0,6.2e-07,0.0
holdout,0,2.74e-06,0.0
holdout,0,0.02967073,0.10887546
holdout,0,1.6e-06,0.0
holdout,0,9.84e-06,0.0
holdout,0,7.16e-06,0.0
holdout,0,4.71e-06,0.0
holdout,0,1.449e-05,0.01104153
holdout,0,2.316e-05,0.0
holdout,0,6.998e-05,0.0
holdout,0,1.163e-05,0.0
holdout,0,8.88e-06,0.0
holdout,0,8e-07,0.0
holdout,0,4.32e-06,0.0
holdout,0,2.121e-05,0.0
holdout,0,2.09e-05,0.0
holdout,0,1.95e-06,0.0
holdout,0,2.51e-06,0.0
holdout,0,1.66e-06,0.0
holdout,0,7e-07,0.0
holdout,0,5.17e-06,0.0
holdout,0,8.48e-06,0.0
holdout,0,1.6e-06,0.0
holdout,0,4.68e-06,0.0
holdout,0,2.52e-06,0.0
holdout,0,1.74e-06,0.00103842
holdout,0,4.15e-06,0.00103842
holdout,0,3.61e-06,0.0
holdout,0,5.23e-06,0.0
holdout,0,0.00167902,0.0
holdout,0,1.4e-06,0.0
holdout,0,3.07e-06,0.0
holdout,0,0.00015543,0.02286585
holdout,0,3.75e-06,0.0
holdout,0,4.67e-06,0.0
holdout,0,6.974e-05,0.00103842
holdout,0,8.5e-07,0.0
holdout,0,1.834e-05,0.0
holdout,0,1.13e-06,0.0
holdout,0,8.9e-07,0.0
holdout,0,4.275e-05,0.0
holdout,0,2.037e-05,0.0
holdout,0,1.52e-06,0.0
holdout,0,8.1e-07,0.0
holdout,0,2.44e-06,0.0
holdout,0,2.58e-06,0.0
holdout,0,9e-07,0.0
holdout,0,6.5e-07,0.0
holdout,0,8.055e-05,0.0
holdout,0,1.31e-06,0.0
holdout,0,2.93e-06,0.00103842
holdout,0,2.712e-05,0.0
holdout,0,5.64e-06,0.0
holdout,0,1.98e-06,0.0
holdout,0,6.8e-07,0.0
holdout,0,5e-07,0.0
holdout,0,3.993e-05,0.0
holdout,0,1.6e-06,0.0
holdout,0,2.9e-06,0.0
holdout,0,5.04e-06,0.0
holdout,0,5.13e-06,0.0
holdout,0,2.83e-06,0.0
holdout,0,5.8e-07,0.0
holdout,0,7e-06,0.00103842
holdout,0,0.00032886,0.0
holdout,0,1.23e-06,0.0
holdout,0,1.08e-06,0.0
holdout,0,1.65e-05,0.0
holdout,0,1.36e-06,0.0
holdout,0,5.1e-07,0.0
holdout,0,8e-07,0.0
holdout,0,2.24e-06,0.0
holdout,0,6.75e-06,0.0
holdout,0,1.38e-06,0.0
holdout,0,1.9e-06,0.0
holdout,0,1.55e-06,0.0
holdout,0,4.71e-06,0.0
holdout,0,9.6e-07,0.0
holdout,0,8.8e-07,0.0
holdout,0,2.57e-06,0.0
holdout,0,1.06e-06,0.0
holdout,0,7.5e-07,0.0
holdout,0,8.27e-06,0.0
holdout,0,4.34e-06,0.0
holdout,0,1.25e-06,0.0
holdout,0,4.2e-07,0.0
holdout,0,0.00030827,0.00207684
holdout,0,0.00012134,0.0
holdout,0,0.00017999,0.00207684
holdout,0,6.46e-06,0.0
holdout,0,0.00044596,0.02444563
holdout,0,1.172e-05,0.00103842
holdout,0,1.143e-05,0.0
holdout,0,1.161e-05,0.0
holdout,0,5.46e-06,0.0
holdout,0,3.56e-06,0.0
holdout,0,8.73e-06,0.0
holdout,0,7.87e-06,0.0
holdout,0,8.31e-06,0.0
holdout,0,7.89e-06,0.0
holdout,0,2.47e-06,0.0
holdout,0,3.88e-06,0.0
holdout,0,4.8e-07,0.0
holdout,0,1.18e-06,0.0
holdout,0,3.47e-06,0.0
holdout,0,4.7e-07,0.0
holdout,0,3.526e-05,0.0
holdout,0,5.99e-06,0.0
holdout,0,2.68e-06,0.0
holdout,0,0.00013766,0.00103842
holdout,0,2.42e-06,0.0
holdout,0,3.74e-06,0.0
holdout,0,1.017e-05,0.0
holdout,0,2.73e-06,0.0
holdout,0,1.01e-06,0.0
holdout,0,1.75e-06,0.0
holdout,0,7.9e-07,0.0
holdout,0,2.798e-05,0.00103842
holdout,0,8.2e-07,0.0
holdout,0,6.93e-06,0.0
holdout,0,1e-06,0.0
holdout,0,1.04e-06,0.0
holdout,0,1.26e-06,0.0
holdout,0,7e-07,0.0
holdout,0,4.3e-06,0.0
holdout,0,2.3e-06,0.0
holdout,0,5.09e-06,0.0
holdout,0,6.49e-06,0.0
holdout,0,1.503e-05,0.0
holdout,0,2.23e-06,0.0
holdout,0,3.86e-06,0.0
holdout,0,3.65e-06,0.0
holdout,0,1.95e-06,0.0
holdout,0,0.00012957,0.0
holdout,0,4.14e-06,0.0
holdout,0,2.03e-06,0.0
holdout,0,9.7e-07,0.0
holdout,0,9.9e-07,0.0
holdout,0,1.56e-06,0.0
holdout,0,0.00045109,0.00207684
holdout,0,1.624e-05,0.0
holdout,0,1.46e-06,0.0
holdout,0,1.61e-06,0.0
holdout,0,2.16e-06,0.0
holdout,0,6.93e-06,0.0
holdout,0,9.13e-06,0.0
holdout,0,1.24e-06,0.0
holdout,0,9.3e-07,0.0
holdout,0,2.74e-06,0.0
holdout,0,1.78e-06,0.0
holdout,0,0.00679374,0.00410936
holdout,0,4.9e-07,0.0
holdout,0,3.287e-05,0.0
holdout,0,9.7e-07,0.0
holdout,0,2.5e-06,0.0
holdout,0,6.34e-06,0.0
holdout,0,2.99e-06,0.0
holdout,0,1.09e-06,0.0
holdout,0,2.45e-06,0.0
holdout,0,2.35e-05,0.0
holdout,0,7.63e-06,0.0
holdout,0,7.5e-06,0.0
holdout,0,4.26e-06,0.0
holdout,0,4.33e-06,0.0
holdout,0,3.8e-07,0.0
holdout,0,6.91e-06,0.0
holdout,0,1.95e-06,0.0
holdout,0,9.31e-06,0.0
holdout,0,6.2e-07,0.0
holdout,0,3.721e-05,0.0
holdout,0,5.4e-07,0.0
holdout,0,8.619e-05,0.0
holdout,0,1.63e-06,0.0
holdout,0,1.225e-05,0.0
holdout,0,3.38e-06,0.0
holdout,0,1.429e-05,0.0
holdout,0,6.09e-06,0.00103842
holdout,0,3.447e-05,0.0
holdout,0,0.06735793,0.00465072
holdout,0,6.47e-06,0.0
holdout,0,1.52e-06,0.0
holdout,0,3.91e-06,0.0
holdout,0,5.19e-06,0.0
holdout,0,6.2e-07,0.0
holdout,0,6.6e-07,0.0
holdout,0,1.43e-06,0.0
holdout,0,1.19e-06,0.0
holdout,0,1.77e-06,0.0
holdout,0,1.577e-05,0.0
holdout,0,1.758e-05,0.0
holdout,0,3.859e-05,0.00103842
holdout,0,5.06e-06,0.0
holdout,0,1.81e-06,0.0
holdout,0,1.15e-06,0.0
holdout,0,9.4e-07,0.0
holdout,0,1.421e-05,0.0
holdout,0,4.2e-07,0.0
holdout,0,1.39e-06,0.0
holdout,0,2.2e-06,0.0
holdout,0,1.65e-06,0.0
holdout,0,1.46e-06,0.0
holdout,0,3.66e-06,0.0
holdout,0,3.05e-06,0.0
holdout,0,4.39e-06,0.0
holdout,0,2.842e-05,0.0
holdout,0,6.19e-06,0.0
holdout,0,5.13e-06,0.0
holdout,0,1.11e-06,0.0
holdout,0,2.117e-05,0.0
holdout,0,1.802e-05,0.0
holdout,0,1.74e-06,0.0
holdout,0,5.7e-07,0.0
holdout,0,2.77e-06,0.00103842
holdout,0,1.8e-06,0.0
holdout,0,5.01e-06,0.0
holdout,0,1.3e-06,0.0
holdout,0,1.74e-06,0.0
holdout,0,5.5e-07,0.0
holdout,0,1.468e-05,0.0
holdout,0,2.37e-06,0.0
holdout,0,6.7e-07,0.0
holdout,0,7.31e-06,0.0
holdout,0,1.9e-06,0.0
holdout,0,3.99e-06,0.0
holdout,0,2.43e-06,0.0
holdout,0,2.11e-06,0.0
holdout,0,0.00072232,0.00157978
holdout,0,1.5e-06,0.0
holdout,0,2.01e-05,0.0
holdout,0,7.14e-06,0.0
holdout,0,4.91e-06,0.0
holdout,0,1.57e-06,0.0
holdout,0,1.11e-06,0.0
holdout,0,2.46e-06,0.0
holdout,0,7.05e-06,0.0
holdout,0,8.529e-05,0.00103842
holdout,0,6.4e-07,0.0
holdout,0,1.264e-05,0.0
holdout,0,1.67e-06,0.0
holdout,0,3.32e-06,0.0
holdout,0,1.423e-05,0.0
holdout,0,1.88e-06,0.0
holdout,0,1.137e-05,0.0
holdout,0,3.88e-06,0.00103842
holdout,0,1.33e-06,0.0
holdout,0,1.68e-06,0.0
holdout,0,6.1e-07,0.0
holdout,0,2.247e-05,0.0
holdout,0,9.05e-06,0.0
holdout,0,4.41e-05,0.00465072
holdout,0,2.048e-05,0.0
holdout,0,4.94e-06,0.0
holdout,0,3.64e-06,0.0
holdout,0,4.22e-06,0.0
holdout,0,1.063e-05,0.0
holdout,0,8.86e-06,0.0
holdout,0,4.82e-06,0.0
holdout,0,5.27e-06,0.0
holdout,0,3.496e-05,0.0
holdout,0,2.59e-06,0.0
holdout,0,4.54e-06,0.0
holdout,0,4.3e-07,0.0
holdout,0,2.3e-06,0.0
holdout,0,8.2e-07,0.0
holdout,0,3.07e-05,0.00103842
holdout,0,7.82e-06,0.0
holdout,0,1.07e-06,0.0
holdout,0,8.85e-06,0.0
holdout,0,6.73e-06,0.0
holdout,0,2.29e-06,0.0
holdout,0,4.17e-06,0.0
holdout,0,3.37e-06,0.0
holdout,0,2.95e-06,0.0
holdout,0,3.558e-05,0.0
holdout,0,1.54e-06,0.0
holdout,0,1.75e-06,0.0
holdout,0,6.3e-07,0.0
holdout,0,4.32e-06,0.0
holdout,0,9.21e-06,0.0
holdout,0,1.16e-06,0.0
holdout,0,2.91e-06,0.0
holdout,0,0.00015028,0.0
holdout,0,1.85e-06,0.0
holdout,0,9.2e-07,0.0
holdout,0,2.23e-06,0.0
holdout,0,1.66e-06,0.0
holdout,0,2.38e-06,0.0
holdout,0,6.73e-06,0.0
holdout,0,5.2e-07,0.0
holdout,0,6.727e-05,0.0026182
holdout,0,1.03e-06,0.0
holdout,0,4.12e-06,0.0
holdout,0,3.1e-06,0.0
holdout,0,2.737e-05,0.00207684
holdout,0,1.358e-05,0.0
holdout,0,5.3e-07,0.0
holdout,0,2.7e-06,0.0
holdout,0,5.22e-06,0.0
holdout,0,5.8e-07,0.0
holdout,0,3.71e-06,0.0
holdout,0,1.17e-06,0.0
holdout,0,1.31e-06,0.0
holdout,0,1.26e-06,0.0
holdout,0,2.675e-05,0.0
holdout,0,3.168e-05,0.0
holdout,0,2.86e-06,0.0
holdout,0,2.5e-06,0.0
holdout,0,1.9e-06,0.0
holdout,0,3.18e-06,0.0
holdout,0,3.706e-05,0.0
holdout,0,5.58e-06,0.0
holdout,0,2.28e-06,0.0
holdout,0,1.55e-06,0.0
holdout,0,1.304e-05,0.0
holdout,0,3.48e-06,0.0
holdout,0,2.01e-06,0.0
holdout,0,2.64e-06,0.0
holdout,0,1.56e-06,0.0
holdout,0,2e-06,0.0
holdout,0,2.44e-06,0.0
holdout,0,6.5e-07,0.0
holdout,0,2.41e-06,0.0
holdout,0,8.2e-07,0.0
holdout,0,8.36e-06,0.0
holdout,0,6.72e-06,0.0
holdout,0,6e-07,0.0
holdout,0,4.37e-06,0.0
holdout,0,4.468e-05,0.0
holdout,0,5.88e-06,0.0
holdout,0,4.33e-06,0.0
holdout,0,2.34e-06,0.0
holdout,0,4.4e-07,0.0
holdout,0,1.913e-05,0.0
holdout,0,1.15e-06,0.0
holdout,0,9.4e-07,0.0
holdout,0,1.84e-06,0.0
holdout,0,2.12e-06,0.0
holdout,0,1.962e-05,0.0
holdout,0,2.69e-06,0.0
holdout,0,1.08e-06,0.0
holdout,0,3.03e-06,0.0
holdout,0,0.00017775,0.0
holdout,0,7.3e-07,0.0
holdout,0,2.4e-06,0.0
holdout,0,2.999e-05,0.0
holdout,0,4.6e-07,0.0
holdout,0,2.08e-06,0.0
holdout,0,3.88e-06,0.0
holdout,0,1.18e-06,0.0
holdout,0,5.4e-07,0.0
holdout,0,4.9e-07,0.0
holdout,0,5.59e-06,0.0
holdout,0,1.54e-06,0.0
holdout,0,1.03e-06,0.0
holdout,0,2.58e-06,0.0
holdout,0,4.9e-06,0.0
holdout,0,8.9e-07,0.0
holdout,0,9.39e-06,0.0
holdout,0,6.77e-06,0.0
holdout,0,3.49e-06,0.0
holdout,0,9.2e-07,0.0
holdout,0,1.69e-06,0.0
holdout,0,5.04e-06,0.0
holdout,0,2.19e-06,0.0
holdout,0,1.2e-06,0.0
holdout,0,1.21e-06,0.0
holdout,0,7.2e-07,0.0
holdout,0,1.05e-06,0.0
holdout,0,5.71e-06,0.0
holdout,0,2.79e-06,0.0
holdout,0,3.901e-05,0.0
holdout,0,3.18e-06,0.0
holdout,0,2e-07,0.0
holdout,0,6.1e-07,0.0
holdout,0,1.34e-06,0.0
holdout,0,3.32e-06,0.0
holdout,0,1.54e-06,0.0
holdout,0,1.7e-06,0.0
holdout,0,1.26e-06,0.0
holdout,0,1.148e-05,0.0
holdout,0,8e-07,0.0
holdout,0,8.66e-06,0.0
holdout,0,8.18e-06,0.0
holdout,0,1.47e-06,0.0
holdout,0,1.32e-06,0.0
holdout,0,7.9e-07,0.0
holdout,0,5.15e-06,0.0
holdout,0,2.35e-06,0.0
holdout,0,1.19e-06,0.0
holdout,0,1.447e-05,0.00307094
holdout,0,2.87e-06,0.0
holdout,0,5.6e-07,0.0
holdout,0,4.96e-06,0.0
holdout,0,7.32e-06,0.0
holdout,0,1.641e-05,0.0
holdout,0,5.17e-06,0.0
holdout,0,4.58e-06,0.0
holdout,0,1.072e-05,0.0
holdout,0,7.69e-06,0.0
holdout,0,9.79e-06,0.0
holdout,0,2.811e-05,0.0
holdout,0,2.39e-06,0.0
holdout,0,3.49e-06,0.0
holdout,0,9.1e-07,0.0
holdout,0,1.25e-06,0.0
holdout,0,7.4e-07,0.0
holdout,0,3.07e-06,0.0
holdout,0,6.56e-06,0.0
holdout,0,1.87e-06,0.0
holdout,0,8.4e-07,0.0
holdout,0,4.62e-06,0.0
holdout,0,1.44e-06,0.0
holdout,0,1.01e-06,0.0
holdout,0,4.66e-06,0.00103842
holdout,0,6.71e-06,0.0
holdout,0,1.04e-06,0.0
holdout,0,1.77e-06,0.0
holdout,0,8.3e-07,0.0
holdout,0,6.3e-07,0.0
holdout,0,1.055e-05,0.0
holdout,0,2.27e-06,0.0
holdout,0,1.724e-05,0.0
holdout,0,3.28e-06,0.0
holdout,0,3.53e-06,0.0
holdout,0,7.2e-07,0.0
holdout,0,1.43e-06,0.0
holdout,0,7.5e-07,0.0
holdout,0,5.72e-06,0.0
holdout,0,8.885e-05,0.0
holdout,0,2.16e-06,0.0
holdout,0,2.42e-06,0.0
holdout,0,1.91e-06,0.0
holdout,0,1.6e-06,0.0
holdout,0,3.35e-06,0.0
holdout,0,1.12e-06,0.0
holdout,0,1.69e-06,0.0
holdout,0,5.02e-06,0.0
holdout,0,9.3e-07,0.0
holdout,0,1.54e-06,0.0
holdout,0,4.33e-05,0.0
holdout,0,1.728e-05,0.0
holdout,0,1.02e-06,0.0
holdout,0,4.63e-06,0.0
holdout,0,1.46e-06,0.0
holdout,0,2.35e-06,0.0
holdout,0,6.6e-07,0.0
holdout,0,3.34e-06,0.0
holdout,0,7.5e-07,0.0
holdout,0,5.97e-06,0.0
holdout,0,1.56e-06,0.0
holdout,0,2.19e-06,0.0
holdout,0,5.02e-06,0.0
holdout,0,3.85e-06,0.0
holdout,0,2.959e-05,0.0
holdout,0,1.31e-06,0.0
holdout,0,7.9e-07,0.0
holdout,0,2.5e-06,0.0
holdout,0,6.32e-06,0.0
holdout,0,1.01e-06,0.0
holdout,0,1.164e-05,0.0
holdout,0,1.11e-05,0.0
holdout,0,7.46e-06,0.0
holdout,0,2.04e-06,0.0
holdout,0,2.486e-05,0.0
holdout,0,5.1e-07,0.0
holdout,0,3.81e-06,0.0
holdout,0,7.4e-07,0.0
holdout,0,1.42e-06,0.0
holdout,0,1.09e-06,0.0
holdout,0,1.1e-06,0.0
holdout,0,8.33e-06,0.0
holdout,0,2.66e-06,0.0
holdout,0,1.56e-06,0.0
holdout,0,8.13e-06,0.0
holdout,0,1.88e-06,0.0
holdout,0,1.84e-06,0.0
holdout,0,9.67e-06,0.0
holdout,0,3.13e-06,0.0
holdout,0,1.03e-06,0.0
holdout,0,7.05e-06,0.0
holdout,0,8.6e-07,0.0
holdout,0,2.46e-06,0.0
holdout,0,8.2e-07,0.0
holdout,0,6.87e-06,0.0
holdout,0,3.57e-06,0.0
holdout,0,0.00023725,0.00465072
holdout,0,3.77e-06,0.0
holdout,0,2.97e-06,0.0
holdout,0,2.21e-06,0.0
holdout,0,4.97e-06,0.0
holdout,0,1.58e-06,0.0
holdout,0,1.33e-06,0.0
holdout,0,1.3e-06,0.0
holdout,0,1.11e-06,0.0
holdout,0,2.65e-06,0.0
holdout,0,1.87e-06,0.0
holdout,0,1.12e-06,0.0
holdout,0,2.728e-05,0.0
holdout,0,4.4e-06,0.0
holdout,0,5.33e-06,0.0
holdout,0,1.93e-06,0.0
holdout,0,1.111e-05,0.0
holdout,0,5e-07,0.0
holdout,0,3.09e-06,0.0
holdout,0,1.67e-06,0.0
holdout,0,6e-07,0.0
holdout,0,8.461e-05,0.0
holdout,0,1.95e-06,0.0
holdout,0,8.1e-07,0.0
holdout,0,7.5e-07,0.00103842
holdout,0,4.84e-06,0.0
holdout,0,5.93e-06,0.0
holdout,0,5.9e-07,0.0
holdout,0,2.24e-06,0.0
holdout,0,1.51e-06,0.0
holdout,0,3.562e-05,0.0
holdout,0,1.39e-06,0.0
holdout,0,2.56e-06,0.0
holdout,0,9.9e-07,0.0
holdout,0,9.2e-07,0.0
holdout,0,3.28e-06,0.0
holdout,0,8.73e-06,0.0
holdout,0,4.8e-07,0.0
holdout,0,4.6e-07,0.0
holdout,0,2.81e-06,0.0
holdout,0,1.34e-06,0.0
holdout,0,2.738e-05,0.0
holdout,0,9.9e-06,0.0
holdout,0,2.551e-05,0.0
holdout,0,2.89e-06,0.0
holdout,0,7e-07,0.0
holdout,0,8.9e-07,0.0
holdout,0,9.5e-07,0.0
holdout,0,6e-07,0.0
holdout,0,4.52e-06,0.0
holdout,0,5.48e-06,0.0
holdout,0,4.35e-06,0.0
holdout,0,6.1e-07,0.0
holdout,0,5.9e-07,0.0
holdout,0,5.7e-07,0.0
holdout,0,8.2e-07,0.0
holdout,0,5e-07,0.0
holdout,0,5.6e-07,0.0
holdout,0,2.487e-05,0.0
holdout,0,5.7e-07,0.0
holdout,0,3.04e-06,0.0
holdout,0,5.9e-07,0.0
holdout,0,5e-07,0.0
holdout,0,9.83e-06,0.0
holdout,0,1.17e-06,0.0
holdout,0,3.37e-06,0.0
holdout,0,1.24e-06,0.0
holdout,0,6e-07,0.0
holdout,0,3e-07,0.0
holdout,0,7.3e-07,0.0
holdout,0,6.78e-06,0.0
holdout,0,4e-06,0.0
holdout,0,6.1e-07,0.0
holdout,0,1.03e-06,0.0
holdout,0,4.4e-07,0.0
holdout,0,7.8e-07,0.0
holdout,0,1.38e-06,0.0
holdout,0,1.58e-06,0.0
holdout,0,5.4e-07,0.0
holdout,0,4.57e-06,0.0
holdout,0,8.8e-07,0.0
holdout,0,8.6e-07,0.0
holdout,0,3.4e-07,0.0
holdout,0,1.81e-06,0.0
holdout,0,6.5e-07,0.0
holdout,0,5.145e-05,0.0
holdout,0,7.2e-07,0.0
holdout,0,1.32e-06,0.0
holdout,0,1.68e-06,0.0
holdout,0,2.7e-06,0.0
holdout,0,4e-07,0.0
holdout,0,2.292e-05,0.0
holdout,0,1.085e-05,0.0
holdout,0,3.8e-07,0.0
holdout,0,4e-07,0.0
holdout,0,5.9e-07,0.0
holdout,0,3.9e-07,0.0
holdout,0,2.2e-07,0.0
holdout,0,7.2e-07,0.0
holdout,0,1.48e-06,0.0
holdout,0,1.48e-06,0.0
holdout,0,1.82e-06,0.0
holdout,0,8e-07,0.0
holdout,0,2.47e-06,0.0
holdout,0,3.897e-05,0.0
holdout,0,3.23e-06,0.0
holdout,0,0.15532152,0.55555556
holdout,0,2.286e-05,0.0
holdout,0,4.8e-07,0.0
holdout,0,4.34e-06,0.0
holdout,0,2.49e-06,0.0
holdout,0,1.14e-06,0.0
holdout,0,1e-06,0.0
holdout,0,1.95e-06,0.0
holdout,0,1.35e-06,0.0
holdout,0,1.49e-06,0.0
holdout,0,6.4e-07,0.0
holdout,0,1.035e-05,0.0
holdout,0,6.7e-07,0.0
holdout,0,1.02e-06,0.0
holdout,0,1.38e-06,0.0
holdout,0,4.4e-07,0.0
holdout,0,8.2e-07,0.0
holdout,0,8.9e-07,0.0
holdout,0,2.875e-05,0.0
holdout,0,1.95e-06,0.0
holdout,0,9.32e-06,0.0
holdout,0,1.33e-06,0.0
holdout,0,6.37e-06,0.0
holdout,0,1.38e-06,0.0
holdout,0,1.24e-06,0.0
holdout,0,1.03e-06,0.0
holdout,0,7.83e-06,0.0
holdout,0,1.08e-06,0.0
holdout,0,3.3e-07,0.0
holdout,0,5e-07,0.0
holdout,0,1.8e-06,0.0
holdout,0,0.00012501,0.00410936
holdout,0,5.6e-07,0.0
holdout,0,6.82e-06,0.0
holdout,0,5.75e-06,0.0
holdout,0,8.9e-07,0.0
holdout,0,5.6e-07,0.0
holdout,0,6.26e-06,0.0
holdout,0,5.78e-06,0.0
holdout,0,2.609e-05,0.00103842
holdout,0,3.42e-06,0.0
holdout,0,1.26e-06,0.0
holdout,0,2.75e-06,0.0
holdout,0,1.1e-06,0.0
holdout,0,1.83e-06,0.0
holdout,0,4.77e-06,0.0
holdout,0,2.78e-06,0.0
holdout,0,4.2e-07,0.0
holdout,0,1.39e-06,0.0
holdout,0,4.14e-06,0.0
holdout,0,1.05e-06,0.0
holdout,0,1.77e-06,0.0
holdout,0,0.00177154,0.00103842
holdout,0,2e-06,0.0
holdout,0,7.3e-06,0.0
holdout,0,1.85e-06,0.0
holdout,0,1.16e-06,0.0
holdout,0,8.65e-06,0.0
holdout,0,2.06e-06,0.0
holdout,0,3.3e-07,0.0
holdout,0,3.05e-06,0.0
holdout,0,7e-07,0.0
holdout,0,6.8e-07,0.0
holdout,0,6.2e-07,0.0
holdout,0,9.2e-07,0.0
holdout,0,1.74e-06,0.0
holdout,0,6e-07,0.0
holdout,0,9.4e-07,0.0
holdout,0,2.05e-06,0.0
holdout,0,4.37e-06,0.0
holdout,0,8.5e-07,0.0
holdout,0,0.00032773,0.02444563
holdout,0,5.1e-06,0.0
holdout,0,7.2e-07,0.0
holdout,0,5.82e-06,0.0
holdout,0,1.51e-06,0.0
holdout,0,8.3e-07,0.0
holdout,0,1.83e-06,0.0
holdout,0,2.43e-06,0.0
holdout,0,1.487e-05,0.0
holdout,0,6.9e-07,0.0
holdout,0,6.9e-07,0.0
holdout,0,4.05e-06,0.0
holdout,0,6.1e-07,0.0
holdout,0,8.1e-07,0.0
holdout,0,6.1e-07,0.0
holdout,0,3.258e-05,0.0
holdout,0,0.00010793,0.00465072
holdout,0,1.03e-06,0.0
holdout,0,1.23e-06,0.0
holdout,0,5.334e-05,0.0026182
holdout,0,1.28e-06,0.0
holdout,0,9.4e-07,0.0
holdout,0,2.96e-06,0.0
holdout,0,1.02e-06,0.0
holdout,0,5.7e-07,0.0
holdout,0,1.31e-06,0.0
holdout,0,1.39e-06,0.0
holdout,0,2.37e-06,0.0
holdout,0,1.1e-06,0.0
holdout,0,1.34e-06,0.0
holdout,0,6.9e-07,0.0
holdout,0,4.44e-06,0.0
holdout,0,3.61e-06,0.0
holdout,0,1.9e-06,0.0
holdout,0,2.08e-06,0.0
holdout,0,0.19677558,0.33675214
holdout,0,1.64e-06,0.0
holdout,0,1.7e-06,0.0
holdout,0,3.824e-05,0.00103842
holdout,0,2.9e-05,0.0
holdout,0,1.75e-06,0.0
holdout,0,9.58e-06,0.0
holdout,0,0.00018136,0.00410936
holdout,0,2.77e-06,0.0
holdout,0,9.1e-07,0.0
holdout,0,2.45e-06,0.0
holdout,0,9.5e-07,0.0
holdout,0,3.1e-07,0.0
holdout,0,1.44e-06,0.0
holdout,0,0.00015858,0.00410936
holdout,0,8.89e-06,0.0
holdout,0,1.69e-06,0.00103842
holdout,0,7.1e-07,0.0
holdout,0,6.6e-07,0.0
holdout,0,6.22e-06,0.0
holdout,0,1.69e-06,0.0
holdout,0,1.19e-06,0.0
holdout,0,1.38e-06,0.0
holdout,0,1.32e-06,0.0
holdout,0,1.999e-05,0.0
holdout,0,5.923e-05,0.0
holdout,0,3.44e-06,0.0
holdout,0,3.57e-06,0.0
holdout,0,1.08e-06,0.0
holdout,0,9.7e-07,0.0
holdout,0,2.534e-05,0.0
holdout,0,2.825e-05,0.0
holdout,0,1.43e-06,0.0
holdout,0,9.43e-06,0.0
holdout,0,3.37e-06,0.0
holdout,0,4.62e-06,0.0
holdout,0,1.51e-06,0.0
holdout,0,2.61e-06,0.0
holdout,0,1.5e-06,0.0
holdout,0,9.9e-07,0.0
holdout,0,1.01e-06,0.0
holdout,0,8.98e-06,0.0
holdout,0,1.07e-06,0.0
holdout,0,7.6e-07,0.0
holdout,0,8.8e-07,0.0
holdout,0,8.82e-06,0.0
holdout,0,8.3e-07,0.0
holdout,0,5.5e-07,0.0
holdout,0,2.55e-06,0.0
holdout,0,2.02e-06,0.0
holdout,0,1.94e-06,0.0
holdout,0,6.4e-07,0.0
holdout,0,3.522e-05,0.00207684
holdout,0,2.26e-06,0.0
holdout,0,5.345e-05,0.0
holdout,0,4.46e-06,0.0
holdout,0,4.34e-06,0.0
holdout,0,4e-07,0.0
holdout,0,1.81e-06,0.0
holdout,0,1.13e-06,0.0
holdout,0,8.1e-07,0.0
holdout,0,1e-06,0.0
holdout,0,5.33e-06,0.0
holdout,0,3.807e-05,0.0
holdout,0,3.2e-07,0.0
holdout,0,6e-07,0.0
holdout,0,2.02e-06,0.0
holdout,0,2.36e-06,0.0
holdout,0,2.41e-06,0.0
holdout,0,4.74e-05,0.0
holdout,0,2.22e-06,0.0
holdout,0,5.11e-06,0.0
holdout,0,1.02e-06,0.0
holdout,0,1.814e-05,0.0
holdout,0,2.645e-05,0.0
holdout,0,1.03e-06,0.0
holdout,0,1.064e-05,0.0
holdout,0,1.36e-06,0.0
holdout,0,1.06e-06,0.0
holdout,0,1.31e-06,0.0
holdout,0,8e-07,0.0
holdout,0,8.87e-06,0.0
holdout,0,1.412e-05,0.00900901
holdout,0,1.018e-05,0.0
holdout,0,1.27e-06,0.0
holdout,0,1.022e-05,0.00103842
holdout,0,5.88e-06,0.0
holdout,0,4.87e-06,0.0
holdout,0,1.44e-06,0.0
holdout,0,2.73e-06,0.0
holdout,0,2.103e-05,0.0
holdout,0,1.52e-06,0.0
holdout,0,3.34e-06,0.0
holdout,0,3.45e-06,0.0
holdout,0,5.9e-07,0.0
holdout,0,6.2e-07,0.0
holdout,0,4.86e-06,0.0
holdout,0,1.02e-06,0.0
holdout,0,1.56e-06,0.0
holdout,0,3.76e-06,0.0
holdout,0,4.25e-05,0.0
holdout,0,4.97e-06,0.0
holdout,0,5.02e-06,0.0
holdout,0,8.7e-07,0.0
holdout,0,4.5e-07,0.0
holdout,0,1.28e-06,0.0
holdout,0,0.00062828,0.00410936
holdout,0,1.147e-05,0.0
holdout,0,2.69e-06,0.0
holdout,0,5.38e-06,0.0
holdout,0,1.56e-06,0.0
holdout,0,4.3e-07,0.0
holdout,0,9.75e-06,0.0
holdout,0,8e-07,0.0
holdout,0,8.3e-07,0.0
holdout,0,5.85e-06,0.0
holdout,0,1.9e-06,0.0
holdout,0,5.1e-07,0.0
holdout,0,8.8e-07,0.0
holdout,0,0.00029194,0.0
holdout,0,9.5e-07,0.0
holdout,0,1.05e-06,0.0
holdout,0,7.8e-07,0.0
holdout,0,2.4e-06,0.0
holdout,0,2.887e-05,0.0
holdout,0,8.7e-07,0.0
holdout,0,9.6e-07,0.0
holdout,0,1.09e-06,0.0
holdout,0,8.2e-07,0.0
holdout,0,7.1e-07,0.0
holdout,0,7.7e-07,0.0
holdout,0,7.6e-07,0.0
holdout,0,5.62e-06,0.0
holdout,0,3.86e-06,0.0
holdout,0,2.49e-06,0.0
holdout,0,0.00013686,0.0
holdout,0,7.5e-07,0.0
holdout,0,1.08e-06,0.0
holdout,0,1.34e-06,0.0
holdout,0,3.28e-06,0.0
holdout,0,2.24e-06,0.0
holdout,0,1.61e-06,0.0
holdout,0,1.495e-05,0.0
holdout,0,2.331e-05,0.0
holdout,0,7.3e-07,0.0
holdout,0,3.7e-07,0.0
holdout,0,3.83e-06,0.0
holdout,0,2.08e-06,0.0
holdout,0,6e-07,0.0
holdout,0,7.76e-06,0.0
holdout,0,2.73e-06,0.0
holdout,0,6.41e-06,0.0
holdout,0,1.19e-06,0.0
holdout,0,5.1e-06,0.0
holdout,0,5.98e-06,0.0
holdout,0,1.41e-06,0.0
holdout,0,2.76e-06,0.0
holdout,0,1.315e-05,0.0
holdout,0,1.65e-06,0.0
holdout,0,1.18e-06,0.0
holdout,0,1.78e-06,0.0
holdout,0,1.5e-06,0.0
holdout,0,8.72e-06,0.0
holdout,0,1.3e-06,0.0
holdout,0,6.1e-06,0.0
holdout,0,1.319e-05,0.0
holdout,0,0.00012296,0.0
holdout,0,2.98e-06,0.0
holdout,0,8.1e-07,0.0
holdout,0,4.83e-06,0.0
holdout,0,7.38e-06,0.0
holdout,0,6.16e-06,0.0
holdout,0,1.09e-06,0.0
holdout,0,9.2e-07,0.0
holdout,0,2.89e-05,0.0
holdout,0,0.00025247,0.00207684
holdout,0,4.545e-05,0.0
holdout,0,1.081e-05,0.0
holdout,0,2.22e-06,0.0
holdout,0,9.2e-07,0.0
holdout,0,2.18e-06,0.0
holdout,0,3.8e-07,0.0
holdout,0,2.5e-06,0.0
holdout,0,8.84e-06,0.00207684
holdout,0,1.03e-06,0.0
holdout,0,9e-07,0.0
holdout,0,2.54e-06,0.0
holdout,0,1.14e-06,0.0
holdout,0,1.75e-06,0.0
holdout,0,0.00013425,0.0
holdout,0,0.00294662,0.00307094
holdout,0,3.67e-06,0.0
holdout,0,1.87e-06,0.0
holdout,0,9.08e-06,0.0
holdout,0,5.72e-06,0.0
holdout,0,1e-06,0.0
holdout,0,1.85e-06,0.0
holdout,0,1.8e-06,0.0
holdout,0,1.225e-05,0.0
holdout,0,4.306e-05,0.0
holdout,0,0.00015759,0.00207684
holdout,0,1.411e-05,0.0
holdout,0,3.32e-06,0.0
holdout,0,2.09e-06,0.0
holdout,0,1.62e-06,0.0
holdout,0,0.0003363,0.0
holdout,0,0.00049708,0.0
holdout,0,1.17e-06,0.0
holdout,0,1.876e-05,0.0
holdout,0,2.29e-06,0.0
holdout,0,1.63e-06,0.0
holdout,0,6.53e-06,0.0
holdout,0,5.72e-06,0.0
holdout,0,1.93e-06,0.0
holdout,0,8.1e-07,0.0
holdout,0,5.5e-07,0.0
holdout,0,1.21e-06,0.0
holdout,0,1.21e-06,0.0
holdout,0,9.61e-06,0.0
holdout,0,2.18e-05,0.0
holdout,0,2.69e-06,0.0
holdout,0,1.048e-05,0.0
holdout,0,1.14e-05,0.0
holdout,0,5.8e-06,0.0
holdout,0,3.94e-06,0.0
holdout,0,1.81e-06,0.0
holdout,0,7.245e-05,0.0
holdout,0,8.1e-07,0.0
holdout,0,6.5e-07,0.0
holdout,0,8.49e-06,0.0
holdout,0,3.378e-05,0.0
holdout,0,6.54e-06,0.0
holdout,0,9.5e-07,0.0
holdout,0,3.92e-06,0.0
holdout,0,3.849e-05,0.00103842
holdout,0,1.58e-06,0.0
holdout,0,2.93e-06,0.0
holdout,0,2.02e-06,0.0
holdout,0,0.00065343,0.00103842
holdout,0,8.52e-06,0.0
holdout,0,2.09e-06,0.0
holdout,0,4.687e-05,0.0
holdout,0,8.32e-06,0.0
holdout,0,1.08e-06,0.0
holdout,0,2.42e-06,0.0
holdout,0,0.00179822,0.00103842
holdout,0,3.01e-06,0.0
holdout,0,1.15e-06,0.0
holdout,0,2.99e-06,0.0
holdout,0,1.85e-06,0.0
holdout,0,6.059e-05,0.0
holdout,0,2.54e-06,0.0
holdout,0,3.707e-05,0.0
holdout,0,1.477e-05,0.0
holdout,0,1.236e-05,0.0
holdout,0,6.2e-06,0.0
holdout,0,1.691e-05,0.0
holdout,0,8.53e-06,0.0
holdout,0,2.528e-05,0.0
holdout,0,6.65e-06,0.0
holdout,0,1.99e-06,0.0
holdout,0,1.17e-05,0.0
holdout,0,0.00012211,0.0036123
holdout,0,1.6e-06,0.0
holdout,0,9.2e-07,0.0
holdout,0,1.739e-05,0.0
holdout,0,3.3e-07,0.0
holdout,0,2.79e-06,0.0
holdout,0,6.1e-07,0.0
holdout,0,1.64e-06,0.0
holdout,0,2.43e-06,0.0
holdout,0,1.73e-06,0.0
holdout,0,8.747e-05,0.00103842
holdout,0,1.93e-06,0.0
holdout,0,6.36e-06,0.0
holdout,0,1.24e-06,0.0
holdout,0,1.3e-06,0.0
holdout,0,6.9e-07,0.0
holdout,0,0.00011446,0.0
holdout,0,7e-07,0.0
holdout,0,9.2e-07,0.0
holdout,0,1.2e-06,0.0
holdout,0,1.164e-05,0.0
holdout,0,1.91e-06,0.0
holdout,0,3.04e-06,0.0
holdout,0,3.23e-06,0.0
holdout,0,2.53e-06,0.0
holdout,0,7.2e-07,0.0
holdout,0,0.0029001,0.00465072
holdout,0,6.64e-06,0.0
holdout,0,2.38e-06,0.0
holdout,0,4.21e-06,0.0
holdout,0,2.86e-06,0.0
holdout,0,7.05e-06,0.0
holdout,0,1.14e-06,0.0
holdout,0,2.86e-06,0.0
holdout,0,1.388e-05,0.0
holdout,0,1.46e-06,0.0
holdout,0,3.26e-06,0.0
holdout,0,8.99e-06,0.0
holdout,0,6.47e-06,0.0
holdout,0,0.00030144,0.00103842
holdout,0,5e-07,0.0
holdout,0,4.71e-06,0.0
holdout,0,0.00041422,0.00465072
holdout,0,1.27e-06,0.0
holdout,0,1.59e-06,0.0
holdout,0,4.436e-05,0.0
holdout,0,7.6e-07,0.0
holdout,0,7e-07,0.0
holdout,0,3.535e-05,0.0
holdout,0,2.41e-06,0.0
holdout,0,1.4e-06,0.0
holdout,0,6.8e-07,0.0
holdout,0,7.5e-07,0.0
holdout,0,1.46e-06,0.0
holdout,0,1.42e-06,0.0
holdout,0,5.36e-06,0.0
holdout,0,1.056e-05,0.0
holdout,0,3.39e-06,0.0
holdout,0,6.3e-07,0.0
holdout,0,1.066e-05,0.0026182
holdout,0,3.77e-06,0.0
holdout,0,1.5e-06,0.0
holdout,0,0.00019428,0.0036123
holdout,0,1.328e-05,0.0
holdout,0,2.23e-06,0.0
holdout,0,1.98e-06,0.0
holdout,0,1.88e-06,0.0
holdout,0,2.91e-06,0.0
holdout,0,3.81e-06,0.00103842
holdout,0,7.83e-06,0.0
holdout,0,5e-07,0.0
holdout,0,1.12e-06,0.0
holdout,0,8.2e-07,0.0
holdout,0,2.36e-06,0.0
holdout,0,5.56e-06,0.0
holdout,0,4.92e-06,0.0
holdout,0,3.3e-07,0.0
holdout,0,8.3e-07,0.0
holdout,0,8.6e-07,0.0
holdout,0,0.12489527,0.24201529
holdout,0,3.719e-05,0.00103842
holdout,0,4.51e-06,0.0
holdout,0,1.32e-06,0.0
holdout,0,1.07e-06,0.0
holdout,0,1.356e-05,0.00465072
holdout,0,3.27e-06,0.0
holdout,0,9.72e-06,0.0
holdout,0,1.94e-06,0.0
holdout,0,2.52e-06,0.0
holdout,0,3.03e-06,0.0
holdout,0,1.124e-05,0.0
holdout,0,2.22e-06,0.0
holdout,0,9.62e-05,0.0
holdout,0,1.54e-06,0.0
holdout,0,0.00338616,0.0036123
holdout,0,1.24e-06,0.0
holdout,0,1.412e-05,0.0
holdout,0,3.44e-06,0.0
holdout,0,6.3e-07,0.0
holdout,0,1e-06,0.0
holdout,0,1.41e-06,0.0
holdout,0,1.48e-06,0.0
holdout,0,0.00015403,0.0
holdout,0,1.15e-06,0.0
holdout,0,2.15e-06,0.0
holdout,0,4.32e-06,0.0
holdout,0,3.3e-06,0.0
holdout,0,3.03e-06,0.0
holdout,0,1.34e-06,0.0
holdout,0,4.775e-05,0.00103842
holdout,0,1.96e-06,0.0
holdout,0,1.46e-06,0.0
holdout,0,3.7e-07,0.0
holdout,0,4.77e-06,0.0
holdout,0,1.09e-06,0.0
holdout,0,3.68e-06,0.0
holdout,0,2.032e-05,0.0
holdout,0,5.2e-07,0.0
holdout,0,2.49e-06,0.0
holdout,0,2.11e-06,0.0
holdout,0,4.7e-07,0.0
holdout,0,3.45e-06,0.0
holdout,0,5.8e-07,0.0
holdout,0,1.59e-06,0.0
holdout,0,8.41e-06,0.0
holdout,0,1.77e-06,0.0
holdout,0,1.41e-06,0.0
holdout,0,1.76e-06,0.0
holdout,0,6.448e-05,0.0
holdout,0,1.25e-06,0.0
holdout,0,4.05e-06,0.0
holdout,0,4.3e-07,0.0
holdout,0,8.7e-07,0.0
holdout,0,6.78e-06,0.0
holdout,0,1.46e-06,0.0
holdout,0,1.75e-06,0.0
holdout,0,1.5e-06,0.0
holdout,0,8.54e-06,0.0
holdout,0,4.9e-07,0.0
holdout,0,6.5e-07,0.0
holdout,0,7.4e-07,0.0
holdout,0,1.41e-06,0.0
holdout,0,2.83e-06,0.0
holdout,0,1.64e-06,0.0
holdout,0,1.543e-05,0.0
holdout,0,2.165e-05,0.0
holdout,0,2.01e-06,0.0
holdout,0,3.79e-06,0.0
holdout,0,6.15e-06,0.0
holdout,0,5.9e-07,0.0
holdout,0,2.777e-05,0.0
holdout,0,1.683e-05,0.00103842
holdout,0,2.1e-06,0.0
holdout,0,1.28e-06,0.0
holdout,0,2.495e-05,0.0
holdout,0,2.58e-06,0.0
holdout,0,6.736e-05,0.0
holdout,0,2.85e-06,0.0
holdout,0,0.00031698,0.00307094
holdout,0,6.1e-07,0.0
holdout,0,2.17e-06,0.0
holdout,0,1.78e-06,0.0
holdout,0,2.12e-06,0.0
holdout,0,1.75e-06,0.0
holdout,0,1.29e-06,0.0
holdout,0,5.83e-06,0.0
holdout,0,2.06e-06,0.0
holdout,0,7.263e-05,0.00207684
holdout,0,1.86e-06,0.0
holdout,0,6.18e-06,0.0
holdout,0,1.086e-05,0.00103842
holdout,0,8.1e-07,0.0
holdout,0,2.253e-05,0.0
holdout,0,1.12e-06,0.0
holdout,0,1.88e-06,0.0
holdout,0,1.7e-06,0.0
holdout,0,6.3e-07,0.0
holdout,0,5e-06,0.0
holdout,0,1.474e-05,0.0
holdout,0,1.305e-05,0.0
holdout,0,1.43e-06,0.0
holdout,0,2.31e-06,0.0
holdout,0,1.64e-06,0.0
holdout,0,2.95e-06,0.0
holdout,0,1.05e-06,0.0
holdout,0,1.3e-06,0.0
holdout,0,2.32e-06,0.0
holdout,0,2.46e-06,0.0
holdout,0,0.00023426,0.0
holdout,0,2.68e-06,0.0
holdout,0,6.8e-07,0.0
holdout,0,1.25e-06,0.0
holdout,0,2.91e-06,0.0
holdout,0,5.89e-06,0.0
holdout,0,1.66e-06,0.0
holdout,0,8.49e-06,0.0
holdout,0,3.83e-06,0.0
holdout,0,1.47e-06,0.0
holdout,0,9.98e-06,0.0
holdout,0,1.62e-06,0.0
holdout,0,2.718e-05,0.0
holdout,0,8.51e-06,0.0
holdout,0,3.26e-06,0.0
holdout,0,8.4e-07,0.0
holdout,0,7.4e-07,0.0
holdout,0,2.34e-06,0.0
holdout,0,2.94e-06,0.0
holdout,0,1.59e-06,0.0
holdout,0,3.74e-06,0.0
holdout,0,6.781e-05,0.00203252
holdout,0,1.36e-06,0.0
holdout,0,9.4e-07,0.0
holdout,0,6.25e-06,0.0
holdout,0,8.14e-06,0.0
holdout,0,3.07e-06,0.0
holdout,0,3.04e-06,0.0
holdout,0,0.98899906,0.43859649
holdout,0,4.36e-06,0.0
holdout,0,2.488e-05,0.0
holdout,0,2.28e-06,0.0
holdout,0,8.47e-05,0.0
holdout,0,2.896e-05,0.0
holdout,0,2.618e-05,0.0
holdout,0,2.2e-06,0.0
holdout,0,9.5e-07,0.0
holdout,0,6.28e-06,0.0
holdout,0,8.4e-07,0.0
holdout,0,6.3e-07,0.0
holdout,0,1.962e-05,0.00103842
holdout,0,1.186e-05,0.0
holdout,0,4.7e-07,0.0
holdout,0,9.61e-06,0.00103842
holdout,0,4.3e-06,0.0
holdout,0,7.7e-07,0.0
holdout,0,4.1e-07,0.0
holdout,0,2.93e-06,0.0
holdout,0,1.75e-06,0.0
holdout,0,4.84e-06,0.0
holdout,0,9.67e-06,0.0
holdout,0,3.68e-06,0.0
holdout,0,5.6e-07,0.0
holdout,0,0.00011095,0.00410936
holdout,0,8.4e-07,0.0
holdout,0,2.2e-06,0.0
holdout,0,1.326e-05,0.0
holdout,0,1.025e-05,0.0
holdout,0,4.8e-07,0.0
holdout,0,1.95e-06,0.0
holdout,0,1.41e-06,0.0
holdout,0,2.84e-06,0.0
holdout,0,1.08e-06,0.0
holdout,0,9.7e-07,0.0
holdout,0,1.04e-05,0.0
holdout,0,1.21e-06,0.0
holdout,0,9.13e-06,0.0
holdout,0,3.26e-06,0.0
holdout,0,1.211e-05,0.0
holdout,0,5.2e-07,0.0
holdout,0,9.86e-06,0.0
holdout,0,3.76e-06,0.0
holdout,0,3.04e-06,0.0
holdout,0,6.81e-06,0.0
holdout,0,9.4e-07,0.0
holdout,0,5.59e-06,0.0
holdout,0,2.08e-06,0.0
holdout,0,1.901e-05,0.0
holdout,0,5.8e-07,0.0
holdout,0,3.97e-06,0.0
holdout,0,3.13e-06,0.0
holdout,0,6.9e-07,0.0
holdout,0,0.00052407,0.00410936
holdout,0,1.561e-05,0.0
holdout,0,8.3e-07,0.0
holdout,0,2.86e-06,0.0
holdout,0,1.21e-06,0.0
holdout,0,2.05e-06,0.0
holdout,0,2.343e-05,0.0
holdout,0,3.02e-06,0.0
holdout,0,0.00013257,0.0
holdout,0,2.49e-06,0.0
holdout,0,2.76e-06,0.0
holdout,0,1.907e-05,0.0
holdout,0,2.47e-06,0.0
holdout,0,1.68e-06,0.0
holdout,0,8.7e-07,0.0
holdout,0,3.9e-07,0.0
holdout,0,1.56e-06,0.0
holdout,0,0.00045977,0.0026182
holdout,0,2.556e-05,0.0
holdout,0,1.34e-06,0.0
holdout,0,4.9e-07,0.0
holdout,0,0.20282647,0.16794122
holdout,0,1.06e-06,0.0
holdout,0,1.07e-06,0.0
holdout,0,3.7e-06,0.0
holdout,0,3.2e-06,0.0
holdout,0,5.85e-06,0.0
holdout,0,1.26e-06,0.0
holdout,0,1.506e-05,0.0
holdout,0,9.58e-06,0.0
holdout,0,1.69e-06,0.0
holdout,0,1.107e-05,0.0
holdout,0,2.65e-06,0.0
holdout,0,0.00014535,0.00410936
holdout,0,3.32e-06,0.0
holdout,0,2.04e-06,0.0
holdout,0,1.07e-06,0.0
holdout,0,7.325e-05,0.0
holdout,0,1.11e-06,0.0
holdout,0,0.00595428,0.04807857
holdout,0,2.53e-06,0.0
holdout,0,5.5e-07,0.0
holdout,0,2.73e-06,0.0
holdout,0,3.5e-07,0.0
holdout,0,4.14e-06,0.0
holdout,0,8.5e-07,0.0
holdout,0,5.77e-06,0.0
holdout,0,1.08e-06,0.0
holdout,0,0.00186455,0.00103842
holdout,0,2.72e-06,0.0
holdout,0,8.423e-05,0.0
holdout,0,2.14e-06,0.0
holdout,0,1.45e-06,0.0
holdout,0,3.151e-05,0.0
holdout,0,1.67e-06,0.0
holdout,0,2.42e-06,0.0
holdout,0,7.89e-06,0.0
holdout,0,4.373e-05,0.0
holdout,0,7.2e-07,0.0
holdout,0,7.76e-06,0.0
holdout,0,3.22e-06,0.0
holdout,0,7.37e-06,0.0
holdout,0,7.89e-06,0.0
holdout,0,4.591e-05,0.0
holdout,0,5.36e-06,0.0
holdout,0,1.34e-06,0.0
holdout,0,7.82e-06,0.0
holdout,0,2.339e-05,0.00103842
holdout,0,2.308e-05,0.0
holdout,0,2.62e-06,0.0
holdout,0,4.03e-06,0.0
holdout,0,1.355e-05,0.0
holdout,0,3.83e-06,0.0
holdout,0,1.942e-05,0.00103842
holdout,0,3.027e-05,0.0
holdout,0,2.93e-06,0.0
holdout,0,2.075e-05,0.00103842
holdout,0,1.85e-06,0.0
holdout,0,7.11e-06,0.0
holdout,0,1.452e-05,0.0
holdout,0,1.65e-05,0.0
holdout,0,1.08e-06,0.0
holdout,0,1.162e-05,0.0
holdout,0,6.73e-06,0.0
holdout,0,1.47e-06,0.0
holdout,0,4.35e-06,0.0
holdout,0,6.348e-05,0.0
holdout,0,1.095e-05,0.0
holdout,0,1.6e-06,0.0
holdout,0,1.871e-05,0.0
holdout,0,5.4e-06,0.0
holdout,0,1.153e-05,0.0
holdout,0,9.77e-06,0.0
holdout,0,3.33e-06,0.0
holdout,0,2.14e-06,0.0
holdout,0,7.92e-06,0.0
holdout,0,1.66e-06,0.0
holdout,0,6.31e-06,0.0
holdout,0,3.228e-05,0.0
holdout,0,3.907e-05,0.00207684
holdout,0,3.42e-06,0.0
holdout,0,2.93e-06,0.00103842
holdout,0,9.653e-05,0.0
holdout,0,1.597e-05,0.0
holdout,0,7.56e-06,0.0
holdout,0,0.00053435,0.0
holdout,0,3.16e-06,0.0
holdout,0,1.918e-05,0.0
holdout,0,3.05e-06,0.00103842
holdout,0,7.83e-06,0.0
holdout,0,6.4e-07,0.0
holdout,0,8.384e-05,0.0
holdout,0,1.691e-05,0.0
holdout,0,2.008e-05,0.0
holdout,0,6.2e-07,0.0
holdout,0,1.364e-05,0.0
holdout,0,4.08e-06,0.0
holdout,0,8.577e-05,0.0
holdout,0,3.05e-06,0.0
holdout,0,2.54e-06,0.0
holdout,0,2.93e-06,0.0
holdout,0,6.45e-06,0.0
holdout,0,0.0024679,0.01160975
holdout,0,1.932e-05,0.00103842
holdout,0,1.66e-06,0.0
holdout,0,6.02e-06,0.0
holdout,0,1.59e-06,0.0
holdout,0,4.89e-06,0.0
holdout,0,3.95e-06,0.0
holdout,0,1.633e-05,0.0
holdout,0,3.27e-05,0.0
holdout,0,3.122e-05,0.0
holdout,0,6.15e-06,0.0
holdout,0,1.12e-06,0.0
holdout,0,7.08e-06,0.0
holdout,0,4.26e-06,0.0
holdout,0,0.0727864,0.04010798
holdout,0,6.71e-06,0.0
holdout,0,1.574e-05,0.0
holdout,0,1.51e-06,0.0
holdout,0,6.59e-06,0.0
holdout,0,7.02e-06,0.0
holdout,0,0.00017732,0.0
holdout,0,1.166e-05,0.0
holdout,1,0.28094042,0.13248396
holdout,0,1.02e-06,0.0
holdout,0,1.04e-06,0.0
holdout,0,1.7e-06,0.0
holdout,0,4.03e-06,0.0
holdout,0,3.66e-06,0.0
holdout,0,2.91e-06,0.0
holdout,0,0.00101705,0.00465072
holdout,0,8.7e-07,0.0
holdout,1,0.99450962,0.62252815
holdout,0,1.11e-06,0.0
holdout,0,6.5e-07,0.0
holdout,0,5.85e-06,0.0
holdout,0,0.62174494,0.02083333
holdout,0,2.25e-06,0.0
holdout,0,6e-07,0.0
holdout,0,2.16e-06,0.0
holdout,0,4.05e-06,0.00103842
holdout,0,1.19e-06,0.0
holdout,0,6.296e-05,0.00410936
holdout,0,5.425e-05,0.0
holdout,0,7.52e-06,0.0
holdout,0,4.51e-06,0.0
holdout,0,1.4e-05,0.0
holdout,0,3.63e-06,0.00103842
holdout,0,1.627e-05,0.0
holdout,0,3e-06,0.0
holdout,0,7.44e-06,0.00103842
holdout,0,5.8e-06,0.0
holdout,0,5.807e-05,0.00103842
holdout,0,2.439e-05,0.0
holdout,0,2.01e-06,0.0
holdout,0,6.5e-06,0.00103842
holdout,0,5.45e-06,0.0
holdout,0,1.18e-06,0.0
holdout,0,1.14e-06,0.0
holdout,0,2.25e-06,0.0
holdout,0,6.01e-06,0.0
holdout,0,7.871e-05,0.00207684
holdout,0,4.66e-06,0.0
holdout,0,1.676e-05,0.0
holdout,0,6.31e-05,0.0
holdout,0,1.199e-05,0.0
holdout,0,2.846e-05,0.0
holdout,0,2.16e-06,0.0
holdout,0,1.827e-05,0.0
holdout,0,2.946e-05,0.0
holdout,0,9.36e-06,0.0
holdout,0,2.28e-06,0.0
holdout,0,2.08e-06,0.0
holdout,0,1.05e-06,0.0
holdout,0,5.23e-06,0.0
holdout,0,6.82e-06,0.0
holdout,0,1.609e-05,0.0
holdout,0,1.579e-05,0.0
holdout,0,3.66e-06,0.0
holdout,0,1.184e-05,0.0
holdout,0,1.52e-06,0.0
holdout,0,7.7e-07,0.0
holdout,0,6.3e-07,0.0
holdout,0,5.35e-06,0.0
holdout,0,7.8e-07,0.0
holdout,0,1.39e-05,0.0
holdout,0,2.07e-06,0.0
holdout,0,3.9e-07,0.0
holdout,0,1.382e-05,0.0
holdout,0,1.29e-06,0.0
holdout,0,4.4e-06,0.0
holdout,0,8.92e-06,0.0
holdout,0,7.5e-07,0.0
holdout,0,5.303e-05,0.0
holdout,0,4.695e-05,0.0
holdout,0,0.00019964,0.00103842
holdout,0,0.98976529,0.55555556
holdout,0,1.811e-05,0.0
holdout,0,9.2e-07,0.0
holdout,0,2.04e-06,0.0
holdout,0,3.53e-05,0.0
holdout,0,0.00013148,0.0
holdout,0,9.2e-07,0.0
holdout,0,1.499e-05,0.0
holdout,0,1.56e-06,0.0
holdout,0,8.21e-06,0.0
holdout,0,6.18e-06,0.0
holdout,0,1.53e-06,0.0
holdout,0,8.74e-06,0.0
holdout,0,2.27e-06,0.0
holdout,0,3.54e-06,0.0
holdout,0,5.18e-06,0.0
holdout,0,4.229e-05,0.0
holdout,0,1.62e-06,0.0
holdout,0,4.57e-06,0.0
holdout,0,0.00013909,0.01058879
holdout,0,0.00023275,0.0
holdout,0,5.18e-06,0.0
holdout,0,1.37e-06,0.0
holdout,0,2.29e-06,0.0
holdout,0,3.24e-06,0.0
holdout,0,3.24e-06,0.0
holdout,0,7.45e-06,0.0
holdout,0,9.095e-05,0.00465072
holdout,0,8.69e-06,0.0
holdout,0,9.3e-07,0.0
holdout,0,1.209e-05,0.0
holdout,0,6.9e-07,0.0
holdout,0,4.06e-06,0.0
holdout,0,4.14e-06,0.0
holdout,0,1.71e-06,0.0
holdout,0,6.63e-06,0.0
holdout,0,2.15e-06,0.0
holdout,0,2.67e-06,0.0
holdout,0,1.17e-06,0.0
holdout,0,1.73e-06,0.0
holdout,0,1.09e-06,0.0
holdout,0,8.37e-06,0.0
holdout,0,8.6e-06,0.0
holdout,0,3.93e-06,0.0
holdout,0,5.55e-06,0.0
holdout,0,1.54e-06,0.0
holdout,0,3.444e-05,0.0
holdout,0,7.38e-06,0.0
holdout,0,1.736e-05,0.0
holdout,0,1.36e-06,0.0
holdout,0,3.46e-06,0.0
holdout,0,7.4e-07,0.0
holdout,0,1.181e-05,0.0
holdout,0,3.157e-05,0.00103842
holdout,0,7.69e-06,0.0
holdout,0,4.18e-06,0.0
holdout,0,7.61e-06,0.0
holdout,0,3.3e-06,0.0
holdout,0,4.36e-06,0.0
holdout,0,1.715e-05,0.0
holdout,0,5.3e-06,0.0
holdout,0,2.591e-05,0.0
holdout,0,1.637e-05,0.0
holdout,0,2.28e-06,0.0
holdout,0,4.93e-06,0.0
holdout,0,1.44e-06,0.0
holdout,0,1.8e-06,0.0
holdout,0,0.00011228,0.0
holdout,0,5.15e-06,0.0
holdout,0,9e-07,0.0
holdout,0,4.04e-06,0.0
holdout,0,3.87e-06,0.0
holdout,0,1.46e-06,0.0
holdout,0,1.26e-06,0.0
holdout,0,2.95e-06,0.0
holdout,0,7.6e-07,0.0
holdout,0,6.259e-05,0.00103842
holdout,0,8.03e-06,0.0
holdout,0,1.274e-05,0.0
holdout,0,2.775e-05,0.0
holdout,0,2.99e-06,0.0
holdout,0,2.74e-06,0.0
holdout,0,1.7e-06,0.0
holdout,0,1.139e-05,0.0
holdout,0,1.187e-05,0.0
holdout,0,3.627e-05,0.00103842
holdout,0,0.00025297,0.00410936
holdout,0,2.489e-05,0.0
holdout,0,5.323e-05,0.00103842
holdout,0,1.323e-05,0.0
holdout,0,6.35e-06,0.0
holdout,0,5.33e-06,0.0
holdout,0,1.72e-06,0.0
holdout,0,7.82e-06,0.0
holdout,0,0.00016232,0.00410936
holdout,0,7e-07,0.0
holdout,0,3.808e-05,0.0
holdout,0,6.07e-06,0.0
holdout,0,3.899e-05,0.0
holdout,0,1.499e-05,0.0
holdout,0,8.8e-07,0.0
holdout,0,1.817e-05,0.0
holdout,0,1.27e-06,0.0
holdout,0,6.83e-06,0.0
holdout,0,1.064e-05,0.0
holdout,0,5.4e-06,0.0
holdout,0,2.413e-05,0.0
holdout,0,1.36e-06,0.0
holdout,0,2.09e-06,0.0
holdout,0,2.68e-06,0.0
holdout,0,1.109e-05,0.0
holdout,0,2.137e-05,0.0
holdout,0,4.725e-05,0.0
holdout,0,6.91e-06,0.0
holdout,0,6.35e-06,0.0
holdout,0,4.69e-06,0.0
holdout,0,1.69e-06,0.0
holdout,0,2.581e-05,0.00207684
holdout,0,6.073e-05,0.00307094
holdout,0,5.93e-06,0.0
holdout,0,8.12e-06,0.0
holdout,0,8e-07,0.0
holdout,0,2.94e-06,0.0
holdout,0,1.932e-05,0.0
holdout,0,3.86e-06,0.0
holdout,0,1.583e-05,0.0
holdout,0,2.73e-06,0.0
holdout,0,8.14e-06,0.0
holdout,0,7.8e-07,0.0
holdout,0,1.47e-06,0.0
holdout,0,9.5e-06,0.0
holdout,0,0.00042526,0.0026182
holdout,0,7.3e-07,0.0
holdout,0,0.0055776,0.01262131
holdout,0,1.756e-05,0.0
holdout,0,1.948e-05,0.00103842
holdout,0,5.428e-05,0.0
holdout,0,5.32e-06,0.0
holdout,0,1.25e-06,0.0
holdout,0,3.58e-06,0.0
holdout,0,8e-07,0.0
holdout,0,2.74e-06,0.0
holdout,0,3.85e-06,0.0
holdout,0,1.3e-06,0.0
holdout,0,2.23e-06,0.0
holdout,0,1.717e-05,0.0
holdout,0,1.23e-06,0.0
holdout,0,2.89e-06,0.0
holdout,0,3.31e-06,0.0
holdout,0,9.5e-06,0.0
holdout,0,3.21e-06,0.0
holdout,0,1.66e-06,0.0
holdout,0,7.8e-07,0.0
holdout,0,1.65e-06,0.0
holdout,0,1.01e-06,0.0
holdout,0,1.19e-06,0.0
holdout,0,5.36e-06,0.0
holdout,0,0.00095982,0.00103842
holdout,0,9.5e-07,0.0
holdout,0,1.69e-06,0.0
holdout,0,1.52e-06,0.0
holdout,0,7.7e-06,0.0
holdout,0,1.97e-06,0.0
holdout,0,5.685e-05,0.0
holdout,0,3.088e-05,0.0
holdout,0,2.97e-06,0.0
holdout,0,5.32e-06,0.0
holdout,0,2.44e-06,0.0
holdout,0,1.678e-05,0.0
holdout,0,0.00035497,0.02241311
holdout,0,1.31e-06,0.0
holdout,0,6.7e-06,0.0
holdout,0,2.92e-06,0.0
holdout,0,1.382e-05,0.0
holdout,0,1.03e-06,0.0
holdout,0,7.95e-06,0.0
holdout,0,0.00185361,0.00410936
holdout,0,0.000139,0.00142512
holdout,0,1.92e-06,0.0
holdout,0,1.295e-05,0.0
holdout,0,2.26e-06,0.0
holdout,0,7.95e-06,0.0
holdout,0,1.977e-05,0.0
holdout,0,1.114e-05,0.0
holdout,0,3.89e-06,0.0
holdout,0,7.71e-06,0.0
holdout,0,1.19e-06,0.0
holdout,0,8.17e-06,0.0
holdout,0,1.19e-05,0.0
holdout,0,3.03e-06,0.0
holdout,0,3.08e-06,0.0
holdout,0,1.94e-06,0.0
holdout,0,3.581e-05,0.00207684
holdout,0,1.663e-05,0.0
holdout,0,0.00017036,0.01058879
holdout,0,8.3e-07,0.0
holdout,0,5.99e-06,0.0
holdout,0,2.95e-06,0.0
holdout,0,4.379e-05,0.0
holdout,0,1.98e-06,0.0
holdout,0,3.29e-06,0.0
holdout,0,2.169e-05,0.0
holdout,0,2.68e-06,0.0
holdout,0,7e-07,0.0
holdout,0,2.991e-05,0.0
holdout,0,0.0002417,0.0
holdout,0,1.36e-06,0.0
holdout,0,3.62e-06,0.0
holdout,0,1.565e-05,0.0
holdout,0,7.4e-07,0.0
holdout,0,1.166e-05,0.0
holdout,0,0.00039264,0.00207684
holdout,0,1.15e-06,0.0
holdout,0,1.08e-06,0.00307094
holdout,0,1e-06,0.0
holdout,0,5.18e-06,0.0
holdout,0,0.00030183,0.0
holdout,0,5.52e-06,0.0
holdout,0,6.45e-06,0.0
holdout,0,1.17e-06,0.0
holdout,0,3.42e-06,0.0
holdout,0,5.56e-06,0.0
holdout,0,1.2e-06,0.0
holdout,0,1.7e-06,0.0
holdout,0,3.11e-06,0.0
holdout,0,8.81e-06,0.0
holdout,0,9.359e-05,0.0
holdout,0,5.18e-06,0.0
holdout,0,6.248e-05,0.0
holdout,0,0.00017772,0.0
holdout,0,9.1e-07,0.0
holdout,0,5.56e-06,0.0
holdout,0,4.663e-05,0.0
holdout,0,1.418e-05,0.0
holdout,0,3.17e-06,0.0
holdout,0,9.713e-05,0.0
holdout,0,4.82e-06,0.0
holdout,0,3.26e-06,0.0
holdout,0,1.345e-05,0.0
holdout,0,1.35e-06,0.0
holdout,0,1.36e-06,0.0
holdout,0,3.625e-05,0.0
holdout,0,7.328e-05,0.0
holdout,0,8.6e-07,0.0
holdout,0,2.47e-06,0.0
holdout,0,4.94e-06,0.0
holdout,0,1.483e-05,0.0
holdout,0,0.00014974,0.00103842
holdout,0,0.00019834,0.0
holdout,0,2.385e-05,0.00103842
holdout,0,1.72e-06,0.0
holdout,0,4.49e-06,0.0
holdout,0,2.21e-06,0.0
holdout,0,4.6e-07,0.0
holdout,0,1.84e-06,0.0
holdout,0,2.219e-05,0.00103842
holdout,0,3e-06,0.0
holdout,0,8.948e-05,0.0
holdout,0,3.261e-05,0.0
holdout,0,1.02e-06,0.0
holdout,0,4.9e-07,0.0
holdout,0,1.599e-05,0.0
holdout,0,0.00023072,0.0
holdout,0,6.1e-07,0.0
holdout,0,1.438e-05,0.0
holdout,0,7.78e-06,0.0
holdout,0,2.25e-06,0.0
holdout,0,1.725e-05,0.0
holdout,0,7.801e-05,0.0
holdout,0,8.172e-05,0.0
holdout,0,3.25e-06,0.0
holdout,0,0.00021132,0.00207684
holdout,0,4.62e-06,0.0
holdout,0,0.00075409,0.0
holdout,0,9.27e-06,0.0
holdout,0,4.94e-06,0.0
holdout,0,3.01e-06,0.0
holdout,0,2.183e-05,0.0
holdout,0,0.01043116,0.04807857
holdout,0,4.88e-06,0.0
holdout,0,9.71e-06,0.0
holdout,0,0.00027639,0.00207684
holdout,0,1.23e-06,0.0
holdout,0,1.39e-06,0.0
holdout,0,9.25e-06,0.0
holdout,0,4.99e-06,0.0
holdout,0,5.62e-06,0.0
holdout,0,2.28e-06,0.0
holdout,1,0.99659052,0.68745392
holdout,0,7.4e-07,0.0
holdout,0,8.6e-07,0.0
holdout,0,0.00017557,0.0
holdout,0,0.00016679,0.0
holdout,0,2.44e-06,0.0
holdout,0,1.11e-06,0.0
holdout,0,2.85e-06,0.0
holdout,0,0.00011914,0.00103842
holdout,0,0.00014185,0.00103842
holdout,0,2.95e-06,0.0
holdout,0,2.61e-06,0.0
holdout,0,7.109e-05,0.0
holdout,0,6.31e-06,0.0
holdout,0,2.9e-06,0.0
holdout,0,9.2e-07,0.0
holdout,0,9.65e-06,0.0
holdout,0,3.71e-06,0.0
holdout,0,1.64e-06,0.0
holdout,0,0.00116523,0.00410936
holdout,0,1.98e-05,0.0
holdout,0,2.51e-06,0.0
holdout,0,1.207e-05,0.0
holdout,0,2.16e-06,0.0
holdout,0,5.3e-07,0.0
holdout,0,4.6e-07,0.0
holdout,0,0.00065966,0.00465072
holdout,0,1.02e-06,0.0
holdout,0,6.5e-07,0.0
holdout,0,2.31e-06,0.0
holdout,0,1.51e-06,0.0
holdout,0,1.162e-05,0.0
holdout,0,8.2e-07,0.0
holdout,0,1.71e-06,0.0
holdout,0,1.711e-05,0.0
holdout,0,5.4e-06,0.0
holdout,0,7.38e-05,0.0
holdout,0,1.47e-06,0.0
holdout,0,3.92e-06,0.0
holdout,0,1.29e-06,0.0
holdout,0,1.79e-06,0.0
holdout,0,2.24e-06,0.0
holdout,0,0.00039784,0.00207684
holdout,0,7.602e-05,0.00103842
holdout,0,7.9e-07,0.0
holdout,0,1.515e-05,0.00103842
holdout,0,1.93e-06,0.0
holdout,0,3.51e-06,0.0
holdout,0,2.179e-05,0.0
holdout,0,2.91e-06,0.0
holdout,0,4.47e-06,0.0
holdout,0,4.89e-06,0.0
holdout,0,1.96e-06,0.0
holdout,0,1.107e-05,0.0
holdout,0,2.62e-06,0.0
holdout,0,1.589e-05,0.0
holdout,0,3.476e-05,0.0
holdout,0,1.74e-06,0.0
holdout,0,2.79e-06,0.0
holdout,0,6.727e-05,0.0
holdout,0,1.38e-06,0.0
holdout,0,9.9e-07,0.0
holdout,0,2.25e-06,0.0
holdout,0,6.2e-07,0.0
holdout,0,8.06e-06,0.0
holdout,0,1.024e-05,0.0
holdout,0,1.624e-05,0.0
holdout,0,5.35e-06,0.0
holdout,0,1.64e-06,0.0
holdout,0,1.63e-06,0.0
holdout,0,6.4e-07,0.0
holdout,0,6.8e-07,0.0
holdout,0,1.88e-06,0.0
holdout,0,1.75e-06,0.0
holdout,0,1.495e-05,0.0
holdout,0,1.588e-05,0.0
holdout,0,1.12e-06,0.0
holdout,0,3.69e-06,0.0
holdout,0,1.214e-05,0.0
holdout,0,6.61e-06,0.0
holdout,0,4.68e-06,0.0
holdout,0,9.9e-07,0.0
holdout,0,2.66e-06,0.0
holdout,0,1.039e-05,0.0
holdout,0,1.02e-06,0.0
holdout,0,0.00025582,0.00103842
holdout,0,1.59e-06,0.0
holdout,0,2.03e-06,0.0
holdout,0,6.31e-05,0.0
holdout,0,7.5e-07,0.0
holdout,0,3.52e-06,0.0
holdout,0,2.13e-06,0.0
holdout,0,3.376e-05,0.00103842
holdout,0,3.22e-06,0.0
holdout,0,6.402e-05,0.0
holdout,0,4.98e-06,0.0
holdout,0,4.64e-06,0.0
holdout,0,1.35e-06,0.0
holdout,0,1.03e-06,0.0
holdout,0,1.324e-05,0.00307094
holdout,0,5.33e-06,0.0
holdout,0,1.001e-05,0.0
holdout,0,8.06e-06,0.0
holdout,0,5.94e-06,0.0
holdout,0,2.22e-06,0.0
holdout,0,1.9e-06,0.0
holdout,0,9.8e-07,0.0
holdout,0,3.05e-06,0.0
holdout,0,1.233e-05,0.0
holdout,0,2.69e-06,0.0
holdout,0,9e-07,0.0
holdout,0,1.558e-05,0.0
holdout,0,1.028e-05,0.0
holdout,0,2.185e-05,0.0
holdout,0,2.47e-06,0.0
holdout,0,0.00011075,0.0
holdout,0,5.8e-07,0.0
holdout,0,8.6e-07,0.0
holdout,0,1.81e-06,0.0
holdout,0,1.484e-05,0.00103842
holdout,0,1.14e-06,0.0
holdout,0,9.2e-07,0.0
holdout,0,6.8e-07,0.0
holdout,0,3.29e-06,0.0
holdout,0,9.17e-06,0.0
holdout,0,1.81e-06,0.0
holdout,0,8.62e-06,0.0
holdout,0,3.84e-06,0.0
holdout,0,2.79e-06,0.0
holdout,0,1.85e-06,0.0
holdout,0,1.11e-05,0.0
holdout,0,8.03e-06,0.0
holdout,0,2.32e-06,0.0
holdout,0,3.21e-06,0.0
holdout,0,1.491e-05,0.0
holdout,0,6.32e-06,0.0
holdout,0,9.2e-07,0.0
holdout,0,4.9e-07,0.0
holdout,0,4.66e-06,0.0
holdout,0,6.9e-07,0.0
holdout,0,3.23e-06,0.0
holdout,0,3.86e-06,0.0
holdout,0,2.431e-05,0.0
holdout,0,2.65e-06,0.0
holdout,0,2.027e-05,0.0
holdout,0,1.56e-06,0.0
holdout,0,1.56e-06,0.0
holdout,0,9e-07,0.0
holdout,0,6.6e-07,0.0
holdout,0,2.78e-06,0.0
holdout,0,1.11e-06,0.0
holdout,0,1.504e-05,0.00207684
holdout,0,8.76e-06,0.0
holdout,0,8.45e-06,0.0
holdout,0,3.2e-07,0.0
holdout,0,5.7e-07,0.0
holdout,0,1.63e-06,0.0
holdout,0,2.03e-06,0.0
holdout,0,1.399e-05,0.0
holdout,0,2.21e-06,0.0
holdout,0,2.92e-06,0.0
holdout,0,7e-07,0.0
holdout,0,9.5e-07,0.0
holdout,0,1e-06,0.0
holdout,0,8.4e-07,0.0
holdout,0,9.9e-07,0.0
holdout,0,1.275e-05,0.0
holdout,0,1.606e-05,0.0
holdout,0,6.64e-06,0.0
holdout,0,5.1e-07,0.0
holdout,0,1.266e-05,0.0
holdout,0,1.12e-06,0.0
holdout,0,2.038e-05,0.0
holdout,0,4.41e-06,0.0
holdout,0,2.683e-05,0.0
holdout,0,8.37e-06,0.0
holdout,0,2.42e-06,0.0
holdout,0,0.00147336,0.02444563
holdout,0,2.75e-06,0.0
holdout,0,2.59e-06,0.0
holdout,0,1.51e-06,0.0
holdout,0,5.5e-07,0.0
holdout,0,2.652e-05,0.0
holdout,0,4.44e-06,0.0
holdout,0,9.38e-06,0.00103842
holdout,0,4.81e-06,0.0
holdout,0,5.093e-05,0.00103842
holdout,0,1.56e-06,0.0
holdout,0,9.5e-07,0.0
holdout,0,3.21e-06,0.0
holdout,0,3.49e-06,0.0
holdout,0,2.41e-06,0.0
holdout,0,1.85e-06,0.0
holdout,0,6.42e-06,0.0
holdout,0,7.4e-07,0.0
holdout,0,0.00020579,0.00103842
holdout,0,9.04e-06,0.0
holdout,0,1.13e-06,0.0
holdout,0,8.8e-07,0.0
holdout,0,0.00021185,0.01207995
holdout,0,6.71e-06,0.0
holdout,0,3.19e-06,0.0
holdout,0,1.6e-06,0.0
holdout,0,2.42e-06,0.0
holdout,0,7.2e-07,0.0
holdout,0,1.23e-06,0.0
holdout,0,3.8e-07,0.0
holdout,0,5.39e-06,0.0
holdout,0,1.819e-05,0.0
holdout,0,6.5e-07,0.0
holdout,0,1.03e-05,0.0
holdout,0,5.23e-06,0.0
holdout,0,1.162e-05,0.0
holdout,0,8.61e-06,0.0
holdout,0,8.6e-07,0.0
holdout,0,1.62e-06,0.0
holdout,0,8e-07,0.0
holdout,0,3.29e-05,0.0
holdout,0,4.1e-06,0.0
holdout,0,2.23e-06,0.0
holdout,0,1.68e-06,0.0
holdout,0,1.81e-06,0.00103842
holdout,0,5.67e-06,0.0
holdout,0,1.54e-06,0.0
holdout,0,0.00016661,0.00103842
holdout,0,3.19e-06,0.0
holdout,0,4.6e-07,0.0
holdout,0,5.49e-06,0.0
holdout,0,2.12e-06,0.0
holdout,0,4.29e-06,0.0
holdout,0,5.212e-05,0.00207684
holdout,0,2.373e-05,0.0
holdout,0,1.01e-06,0.0
holdout,0,4.8e-07,0.0
holdout,0,4.1e-07,0.0
holdout,0,8.3e-07,0.0
holdout,0,3.61e-06,0.0
holdout,0,1.1e-06,0.0
holdout,0,2.697e-05,0.0
holdout,0,2.34e-06,0.00103842
holdout,0,2.342e-05,0.0
holdout,0,0.0003013,0.0
holdout,0,6.73e-06,0.0
holdout,0,4.1e-07,0.0
holdout,0,1.79e-06,0.0
holdout,0,9.33e-06,0.0
holdout,0,8.8e-07,0.0
holdout,0,4.5e-07,0.0
holdout,0,2.45e-06,0.0
holdout,0,7.098e-05,0.00103842
holdout,0,6.56e-06,0.0
holdout,0,8.9e-07,0.0
holdout,0,1.26e-06,0.0
holdout,0,1.216e-05,0.0
holdout,0,1.82e-06,0.0
holdout,0,3.141e-05,0.0
holdout,0,2.51e-06,0.0
holdout,0,1.58e-06,0.0
holdout,0,9.85e-06,0.0
holdout,0,5.9e-07,0.0
holdout,0,4.013e-05,0.01262131
holdout,0,4.808e-05,0.0
holdout,0,2.64e-06,0.0
holdout,0,3.9e-07,0.0
holdout,0,8.9e-07,0.0
holdout,0,3.66e-06,0.0
holdout,0,1.29e-06,0.0
holdout,0,4.38e-06,0.0
holdout,0,4.92e-06,0.0
holdout,0,5.313e-05,0.0
holdout,0,8.01e-06,0.0
holdout,0,7.58e-06,0.0
holdout,0,2.37e-06,0.00103842
holdout,0,4.18e-06,0.0
holdout,0,4e-07,0.0
holdout,0,1.88e-06,0.0
holdout,0,1.87e-06,0.0
holdout,0,2.78e-06,0.0
holdout,0,8.9e-07,0.0
holdout,0,1.83e-06,0.0
holdout,0,2.97e-06,0.0
holdout,0,1.23e-06,0.0
holdout,0,8.9e-06,0.0
holdout,0,4.8e-07,0.0
holdout,0,7.9e-07,0.0
holdout,0,1.73e-06,0.0
holdout,0,1.16e-06,0.0
holdout,0,2.91e-06,0.0
holdout,0,1.74e-06,0.0
holdout,0,1.89e-06,0.0
holdout,0,6.18e-06,0.0
holdout,0,5.76e-06,0.00103842
holdout,0,0.00167264,0.00900901
holdout,0,9.25e-06,0.0
holdout,0,2.85e-06,0.00103842
holdout,0,6.27e-06,0.0
holdout,0,1.29e-06,0.0
holdout,0,1.14e-06,0.0
holdout,0,1.95e-06,0.0
holdout,0,8e-07,0.0
holdout,0,1.012e-05,0.0
holdout,0,2.06e-06,0.0
holdout,0,0.00024274,0.00103842
holdout,0,2.16e-06,0.0
holdout,0,1.13e-06,0.0
holdout,0,5.9e-07,0.0
holdout,0,3.61e-06,0.0
holdout,0,0.00026381,0.00103842
holdout,0,1.265e-05,0.0
holdout,0,3.49e-06,0.0
holdout,0,3.91e-06,0.0
holdout,0,1.5e-06,0.0
holdout,0,3.92e-06,0.00103842
holdout,0,2.13e-06,0.0
holdout,0,2.82e-06,0.0
holdout,0,2.33e-06,0.0
holdout,0,3.12e-06,0.0
holdout,0,4.06e-06,0.0
holdout,0,4.01e-06,0.0
holdout,0,9.8e-07,0.0
holdout,0,8.89e-06,0.0
holdout,0,3.92e-06,0.0
holdout,0,3.338e-05,0.00103842
holdout,0,6.8e-07,0.0
holdout,0,5.24e-06,0.00103842
holdout,0,8.39e-06,0.0
holdout,0,5.5e-07,0.0
holdout,0,9.4e-06,0.0
holdout,0,7.71e-06,0.0
holdout,0,1.41e-06,0.0
holdout,0,3.9e-06,0.0
holdout,0,6.2e-07,0.0
holdout,0,2.04e-06,0.0
holdout,0,1.03e-06,0.0
holdout,0,4.231e-05,0.0
holdout,0,3.5e-06,0.0
holdout,0,9.9e-07,0.0
holdout,0,6.3e-07,0.0
holdout,0,3.41e-06,0.0
holdout,0,2.58e-06,0.0
holdout,0,8.8e-07,0.0
holdout,0,0.00083706,0.0
holdout,0,4.02e-06,0.0
holdout,0,9.2e-07,0.0
holdout,0,0.00011326,0.0
holdout,0,5.93e-06,0.0
holdout,0,5.212e-05,0.0
holdout,0,1.27e-06,0.0
holdout,0,5.9e-06,0.0
holdout,0,1.34e-06,0.0
holdout,0,1.97e-06,0.0
holdout,0,3.43e-06,0.0
holdout,0,2.049e-05,0.0
holdout,0,5e-07,0.0
holdout,0,3.8e-06,0.0
holdout,0,4.76e-06,0.0
holdout,0,1.82e-06,0.0
holdout,0,3.18e-06,0.0
holdout,0,3e-07,0.0
holdout,0,1.113e-05,0.0
holdout,0,1.85e-06,0.0
holdout,0,7.23e-06,0.0
holdout,0,5.5e-06,0.0
holdout,0,8.31e-06,0.0
holdout,0,1.368e-05,0.0
holdout,0,3.03e-06,0.0
holdout,0,2.13e-05,0.0
holdout,0,3.22e-06,0.0
holdout,0,0.00019501,0.0
holdout,0,4.709e-05,0.0
holdout,0,1.295e-05,0.0
holdout,0,1.503e-05,0.0
holdout,0,3.98e-06,0.0
holdout,0,7.5e-07,0.0
holdout,0,2.97e-06,0.0
holdout,0,1.89e-06,0.0
holdout,0,0.00019821,0.0
holdout,0,3.49e-06,0.0
holdout,0,4.58e-06,0.0
holdout,0,7.13e-06,0.0
holdout,0,2.756e-05,0.0
holdout,0,8.91e-06,0.0
holdout,0,5.57e-06,0.0
holdout,0,5.4e-07,0.0
holdout,0,9.7e-07,0.0
holdout,0,8.97e-06,0.0
holdout,0,1.534e-05,0.0
holdout,0,1.6e-06,0.0
holdout,0,3.73e-06,0.0
holdout,0,9.4e-07,0.0
holdout,0,6.56e-06,0.0
holdout,0,2.419e-05,0.0
holdout,0,1.266e-05,0.0
holdout,0,1.08e-06,0.0
holdout,0,3.79e-06,0.00103842
holdout,0,2.21e-05,0.0
holdout,0,1.04e-06,0.0
holdout,0,1.45e-06,0.0
holdout,0,1.852e-05,0.0
holdout,0,3.37e-06,0.0
holdout,0,7.27e-06,0.0
holdout,0,1.69e-06,0.0
holdout,0,1.65e-06,0.0
holdout,0,6.3e-07,0.0
holdout,0,1.247e-05,0.0
holdout,0,2.75e-06,0.0
holdout,0,5.1e-07,0.0
holdout,0,7.33e-06,0.0
holdout,0,1.23e-06,0.0
holdout,0,1.23e-05,0.0
holdout,0,1.63e-06,0.0
holdout,0,4.8e-07,0.0
holdout,0,6.32e-06,0.0
holdout,0,6.263e-05,0.0
holdout,0,2.44e-06,0.0
holdout,0,1.38e-06,0.0
holdout,0,1.28e-05,0.0
holdout,0,6.31e-06,0.0
holdout,0,6.2e-07,0.0
holdout,0,4.8e-07,0.0
holdout,0,3.72e-06,0.0
holdout,0,1.83e-06,0.0
holdout,0,8.56e-06,0.0
holdout,0,0.00067204,0.02187175
holdout,0,1.18e-06,0.0
holdout,0,1.439e-05,0.00103842
holdout,0,1.154e-05,0.0
holdout,0,2.101e-05,0.0
holdout,0,1.14e-06,0.0
holdout,0,0.00096812,0.00207684
holdout,0,1.93e-06,0.0
holdout,0,6.8e-07,0.0
holdout,0,1.03e-06,0.0
holdout,0,1.87e-06,0.0
holdout,0,1.31e-06,0.0
holdout,0,8.414e-05,0.00307094
holdout,0,3.02e-06,0.0
holdout,0,6.41e-06,0.0
holdout,0,4.48e-06,0.0
holdout,0,1.22e-06,0.0
holdout,0,2.37e-06,0.0
holdout,0,8.6e-07,0.0
holdout,0,6.6e-06,0.0
holdout,0,1.68e-06,0.0
holdout,0,0.00559588,0.01058879
holdout,0,1.7e-06,0.0
holdout,0,1.26e-06,0.0
holdout,0,8.77e-06,0.0
holdout,0,7.5e-07,0.0
holdout,0,1.14e-06,0.0
holdout,0,3.51e-06,0.0
holdout,0,2.4e-06,0.0
holdout,0,4.66e-06,0.0
holdout,0,1.37e-06,0.0
holdout,0,1.17e-06,0.0
holdout,0,4.9e-06,0.0
holdout,0,9.7e-07,0.0
holdout,0,2.18e-06,0.0
holdout,0,3.71e-06,0.0
holdout,0,2.13e-06,0.0
holdout,0,9.57e-06,0.0
holdout,0,1.034e-05,0.0
holdout,0,2.06e-06,0.0
holdout,0,1.71e-06,0.0
holdout,0,0.00019226,0.00207684
holdout,0,6.7e-07,0.0
holdout,0,6.6e-07,0.0
holdout,0,2.24e-06,0.0
holdout,0,6e-07,0.0
holdout,0,4.4e-07,0.0
holdout,0,1.59e-06,0.0
holdout,0,9.8e-07,0.0
holdout,0,4.81e-06,0.0
holdout,0,1.87e-06,0.0
holdout,0,1.81e-06,0.0
holdout,0,3.51e-06,0.0
holdout,0,2.31e-06,0.0
holdout,0,5.6e-07,0.0
holdout,0,2.03e-06,0.0
holdout,0,2.34e-06,0.0
holdout,0,5.8e-06,0.0
holdout,0,1.17e-06,0.0
holdout,0,1.654e-05,0.0
holdout,0,9.93e-06,0.0
holdout,0,7.02e-06,0.0
holdout,0,8.5e-07,0.0
holdout,0,2.45e-06,0.0
holdout,0,1.82e-06,0.0
holdout,0,4.39e-06,0.0
holdout,0,5.057e-05,0.0
holdout,0,3.65e-06,0.0
holdout,0,1.04e-06,0.0
holdout,0,2.94e-06,0.0
holdout,0,2.48e-06,0.0
holdout,0,1.23e-06,0.0
holdout,0,4.2e-07,0.0
holdout,0,7.32e-06,0.0
holdout,0,9.5e-07,0.0
holdout,0,7.5e-07,0.0
holdout,0,2.7e-06,0.00410936
holdout,0,1.53e-06,0.0
holdout,0,1.368e-05,0.0
holdout,0,2.17e-06,0.0
holdout,0,1.64e-06,0.0
holdout,0,1.47e-06,0.0
holdout,0,1.49e-06,0.0
holdout,0,6e-07,0.0
holdout,0,1.1e-06,0.0
holdout,0,3.43e-06,0.0
holdout,0,3.4e-07,0.0
holdout,0,1.13e-06,0.0
holdout,0,4.2e-07,0.0
holdout,0,4e-07,0.0
holdout,0,4e-07,0.0
holdout,0,6.27e-06,0.0
holdout,0,3.3e-07,0.0
holdout,0,1.01e-05,0.0
holdout,0,5.9e-07,0.0
holdout,0,2.72e-06,0.00103842
holdout,0,1.229e-05,0.0
holdout,0,0.00017535,0.0
holdout,0,1.27e-06,0.0
holdout,0,1.01e-06,0.0
holdout,0,4.8e-07,0.0
holdout,0,8.3e-07,0.0
holdout,0,6.4e-07,0.0
holdout,0,7.5e-07,0.0
holdout,0,1.64e-06,0.0
holdout,0,3.9e-07,0.0
holdout,0,7.4e-07,0.0
holdout,0,5.23e-06,0.0
holdout,0,1.34e-06,0.0
holdout,0,4.8e-07,0.0
holdout,0,1.57e-06,0.0
holdout,0,6.6e-07,0.0
holdout,0,6.1e-07,0.0
holdout,0,4.16e-06,0.00103842
holdout,0,1.52e-06,0.0
holdout,0,2.76e-06,0.0
holdout,0,5.6e-07,0.0
holdout,0,1.13e-06,0.0
holdout,0,8.8e-07,0.0
holdout,0,1.3e-06,0.0
holdout,0,1.22e-06,0.0
holdout,0,7.87e-06,0.0
holdout,0,9.973e-05,0.0
holdout,0,1.57e-06,0.0
holdout,0,2.02e-06,0.0
holdout,0,6.6e-07,0.0
holdout,0,3.66e-06,0.00103842
holdout,0,5.1e-07,0.0
holdout,0,7.5e-07,0.0
holdout,0,1.2e-06,0.0
holdout,0,4.19e-06,0.0
holdout,0,9.5e-07,0.0
holdout,0,1.73e-06,0.0
holdout,0,2.97e-06,0.0
holdout,0,6.9e-07,0.0
holdout,0,5.1e-07,0.0
holdout,0,6.9e-07,0.0
holdout,0,3.5e-07,0.0
holdout,0,6.6e-07,0.0
holdout,0,7.2e-07,0.0
holdout,0,1.21e-06,0.0
holdout,0,6e-07,0.0
holdout,0,6.9e-07,0.0
holdout,0,4.8e-07,0.0
holdout,0,3.3e-07,0.0
holdout,0,8.2e-07,0.0
holdout,0,1.03e-06,0.0
holdout,0,1.02e-06,0.0
holdout,0,9.6e-07,0.0
holdout,0,3.3e-07,0.0
holdout,0,2.6e-07,0.0
holdout,0,8.3e-07,0.0
holdout,0,8.82e-06,0.0
holdout,0,1.08e-06,0.0
holdout,0,1.63e-06,0.0
holdout,0,6.7e-07,0.0
holdout,0,5.56e-06,0.0
holdout,0,3.7e-07,0.0
holdout,0,6.8e-07,0.0
holdout,0,6.4e-07,0.0
holdout,0,1.01e-06,0.0
holdout,0,8.5e-07,0.0
holdout,0,1.76e-06,0.0
holdout,0,6.5e-07,0.0
holdout,0,3.15e-06,0.0
holdout,0,6.9e-07,0.0
holdout,0,3.4e-06,0.0
holdout,0,9.2e-07,0.0
holdout,0,7.96e-06,0.0
holdout,0,1.25e-06,0.0
holdout,0,2.06e-06,0.0
holdout,0,1.48e-06,0.0
holdout,0,7.81e-06,0.0
holdout,0,8e-07,0.0
holdout,0,3.58e-06,0.0
holdout,0,8.8e-07,0.0
holdout,0,4.86e-06,0.0
holdout,0,1.91e-06,0.0
holdout,0,6.5e-07,0.0
holdout,0,3.38e-06,0.0
holdout,0,1.03e-06,0.0
holdout,0,1.02e-06,0.0
holdout,0,1.588e-05,0.0
holdout,0,5.3e-07,0.0
holdout,0,4.7e-07,0.0
holdout,0,1.57e-06,0.0
holdout,0,2.7e-06,0.0
holdout,0,1.06e-06,0.0
holdout,0,5.8e-06,0.0
holdout,0,1.57e-06,0.0
holdout,0,7.3e-07,0.0
holdout,0,9.2e-07,0.0
holdout,0,8.2e-07,0.0
holdout,0,1.46e-06,0.0
holdout,0,1.03e-06,0.0
holdout,0,2.42e-06,0.0
holdout,0,1.36e-06,0.0
holdout,0,0.00041964,0.0
holdout,0,1.05e-06,0.0
holdout,0,1.22e-06,0.0
holdout,0,1.75e-06,0.0
holdout,0,2.41e-06,0.0
holdout,0,4.4e-07,0.0
holdout,0,4.94e-06,0.0
holdout,0,2.33e-06,0.0
holdout,0,1.69e-06,0.0
holdout,0,6.7e-07,0.0
holdout,0,2.7e-06,0.0
holdout,0,1.12e-06,0.0
holdout,0,3.2e-07,0.0
holdout,0,3.79e-06,0.0
holdout,0,6.7e-07,0.0
holdout,0,6.33e-06,0.0
holdout,0,2.86e-06,0.0
holdout,0,4.6e-07,0.0
holdout,0,1.38e-06,0.0
holdout,0,1.342e-05,0.0
holdout,0,1.27e-06,0.0
holdout,0,3.46e-06,0.0
holdout,0,5.2e-07,0.0
holdout,0,7.52e-06,0.0
holdout,0,1.83e-06,0.0
holdout,0,4.02e-06,0.0
holdout,0,5.3e-07,0.0
holdout,0,1.14e-06,0.0
holdout,0,7.4e-07,0.0
holdout,0,8e-07,0.0
holdout,0,2.808e-05,0.0
holdout,0,8.3e-07,0.0
holdout,0,1.07e-06,0.0
holdout,0,3.44e-06,0.0
holdout,0,9.04e-06,0.0
holdout,0,5.8e-07,0.0
holdout,0,9.2e-07,0.0
holdout,0,6.56e-06,0.0
holdout,0,8.6e-07,0.0
holdout,0,1.93e-06,0.0
holdout,0,4.18e-06,0.00103842
holdout,0,3.65e-06,0.0
holdout,0,5.7e-07,0.0
holdout,0,1.6e-06,0.0
holdout,0,1.33e-06,0.0
holdout,0,1.31e-06,0.0
holdout,0,4.48e-06,0.0
holdout,0,0.00014516,0.0
holdout,0,5.365e-05,0.0
holdout,0,3.9e-07,0.0
holdout,0,2.74e-06,0.0
holdout,0,2.76e-06,0.0
holdout,0,2.61e-06,0.0
holdout,0,2.36e-06,0.0
holdout,0,1.68e-06,0.0
holdout,0,3.67e-06,0.0
holdout,0,6.2e-07,0.0
holdout,0,6.41e-06,0.0
holdout,0,2.95e-06,0.0
holdout,0,5e-07,0.0
holdout,0,9.2e-07,0.0
holdout,0,1.53e-06,0.0
holdout,0,1.258e-05,0.0
holdout,0,1.24e-06,0.0
holdout,0,1.27e-06,0.0
holdout,0,1.188e-05,0.0
holdout,0,1.53e-06,0.0
holdout,0,3.2e-06,0.0
holdout,0,1.88e-06,0.0
holdout,0,1.07e-06,0.0
holdout,0,2.02e-06,0.0
holdout,0,7.87e-06,0.0
holdout,0,8.3e-07,0.0
holdout,0,3.41e-06,0.0
holdout,0,6.84e-06,0.00307094
holdout,0,1.18e-06,0.0
holdout,0,7.2e-07,0.0
holdout,0,7.2e-07,0.0
holdout,0,4.58e-06,0.0
holdout,0,3.32e-06,0.0
holdout,0,1.32e-06,0.0
holdout,0,6.3e-07,0.0
holdout,0,4.1e-07,0.0
holdout,0,1.49e-06,0.0
holdout,0,1.13e-06,0.0
holdout,0,1.01e-06,0.0
holdout,0,7.57e-05,0.0
holdout,0,0.00194637,0.00307094
holdout,0,8.33e-06,0.0
holdout,0,1.81e-06,0.0
holdout,0,3.02e-06,0.0
holdout,0,5.61e-06,0.0
holdout,0,7.35e-06,0.0
holdout,0,3.03e-06,0.0
holdout,0,9.1e-07,0.0
holdout,0,1.382e-05,0.00103842
holdout,0,1.68e-06,0.0
holdout,0,6.1e-07,0.0
holdout,0,1.81e-06,0.0
holdout,0,3.85e-06,0.0
holdout,0,8.2e-07,0.0
holdout,0,1.47e-06,0.0
holdout,0,1.83e-06,0.0
holdout,0,1.48e-06,0.0
holdout,0,6.93e-06,0.0
holdout,0,1.43e-06,0.0
holdout,0,1.17e-06,0.0
holdout,0,1.273e-05,0.0
holdout,0,1.2e-06,0.0
holdout,0,9e-07,0.0
holdout,0,1.62e-06,0.0
holdout,0,5.74e-06,0.0
holdout,0,6.646e-05,0.00410936
holdout,0,2.72e-06,0.0
holdout,0,1.4e-06,0.0
holdout,0,9.4e-07,0.0
holdout,0,1.84e-06,0.0
holdout,0,5.5e-07,0.0
holdout,0,3.4e-07,0.0
holdout,0,4.5e-07,0.0
holdout,0,1.64e-06,0.0
holdout,0,3.343e-05,0.0
holdout,0,8.4e-07,0.0
holdout,0,2.45e-06,0.0
holdout,0,0.01376643,0.10630158
holdout,0,7.5e-07,0.0
holdout,0,3.94e-06,0.0
holdout,0,1.63e-06,0.0
holdout,0,8.775e-05,0.00103842
holdout,0,2.67e-06,0.0
holdout,0,3.7e-06,0.0
holdout,0,1.71e-06,0.0
holdout,0,0.00044542,0.00103842
holdout,0,5.2e-07,0.0
holdout,0,7.1e-07,0.0
holdout,0,6.5e-07,0.0
holdout,0,8.4e-07,0.0
holdout,0,1.51e-06,0.0
holdout,0,1.42e-06,0.0
holdout,0,6.5e-07,0.0
holdout,0,4.17e-06,0.0
holdout,0,1.69e-06,0.0
holdout,0,6.7e-07,0.0
holdout,0,5.5e-07,0.0
holdout,0,9.8e-07,0.0
holdout,0,1.12e-06,0.0
holdout,0,1.48e-06,0.0
holdout,0,8.931e-05,0.00103842
holdout,0,9.87e-06,0.0
holdout,0,6.8e-07,0.0
holdout,0,4.48e-06,0.0
holdout,0,4.363e-05,0.0
holdout,0,2.28e-06,0.0
holdout,0,4.9e-06,0.0
holdout,0,3.278e-05,0.00103842
holdout,0,8.9e-07,0.0
holdout,0,1.37e-06,0.0
holdout,0,5.8e-07,0.0
holdout,0,1.012e-05,0.0
holdout,0,1.56e-06,0.0
holdout,0,9.7e-07,0.0
holdout,0,2.745e-05,0.0
holdout,0,3.52e-06,0.0
holdout,0,6.5e-07,0.0
holdout,0,3.36e-06,0.0
holdout,0,3.5e-05,0.0
holdout,0,1.148e-05,0.00207684
holdout,0,6.1e-07,0.0
holdout,0,3.21e-06,0.0
holdout,0,9.4e-07,0.0
holdout,0,2.38e-06,0.0
holdout,0,6.8e-07,0.0
holdout,0,3.6e-07,0.0
holdout,0,4.5e-07,0.0
holdout,0,4.2e-07,0.0
holdout,0,7.2e-07,0.0
holdout,0,9.18e-06,0.0
holdout,0,7e-06,0.0
holdout,0,1.83e-06,0.0
holdout,0,6.69e-06,0.0
holdout,0,1.55e-06,0.0
holdout,0,1.11e-06,0.0
holdout,0,1.91e-06,0.0
holdout,0,5.2e-06,0.0
holdout,0,1.185e-05,0.00103842
holdout,0,1.9e-06,0.0
holdout,0,9.66e-06,0.0
holdout,0,2.46e-05,0.0
holdout,0,3.25e-06,0.0
holdout,0,1.32e-06,0.0
holdout,0,6.9e-07,0.0
holdout,0,5.4e-07,0.0
holdout,0,5.1e-07,0.0
holdout,0,1.31e-06,0.0
holdout,0,5.549e-05,0.0
holdout,0,1.46e-06,0.0
holdout,0,1.06e-06,0.0
holdout,0,5.5e-07,0.0
holdout,0,6.6e-07,0.0
holdout,0,1.185e-05,0.0
holdout,0,6.78e-06,0.0
holdout,0,1.66e-06,0.0
holdout,0,9.2e-07,0.0
holdout,0,2.31e-06,0.0
holdout,0,7.7e-07,0.0
holdout,0,1.23e-06,0.0
holdout,0,4.21e-06,0.0
holdout,0,1.22e-06,0.0
holdout,0,4.37e-06,0.0
holdout,0,0.00024459,0.00103842
holdout,0,1.46e-06,0.0
holdout,0,1.364e-05,0.0
holdout,0,3.6e-07,0.0
holdout,0,6.694e-05,0.0
holdout,0,1.33e-06,0.0
holdout,0,4.891e-05,0.00207684
holdout,0,9.93e-06,0.0
holdout,0,2.61e-06,0.0
holdout,0,1.36e-06,0.0
holdout,0,9.3e-07,0.0
holdout,0,2.76e-06,0.0
holdout,0,5.98e-06,0.0
holdout,0,1.389e-05,0.0
holdout,0,1.4e-06,0.0
holdout,0,1.17e-06,0.0
holdout,0,2.01e-06,0.0
holdout,0,4.17e-06,0.0
holdout,0,7.26e-06,0.0
holdout,0,5.4e-07,0.0
holdout,0,1.3e-06,0.0
holdout,0,1.03e-06,0.0
holdout,0,4.6e-07,0.0
holdout,0,5.81e-05,0.00207684
holdout,0,7.2e-07,0.0
holdout,0,5.86e-06,0.0
holdout,0,4.54e-06,0.0
holdout,0,3.55e-06,0.0
holdout,0,4.57e-06,0.0
holdout,0,2.56e-06,0.0
holdout,0,2.11e-06,0.0
holdout,0,1.11e-06,0.0
holdout,0,4.68e-06,0.0
holdout,0,1.004e-05,0.0
holdout,0,1.17e-05,0.0
holdout,0,2.77e-06,0.0
holdout,0,6.9e-07,0.0
holdout,0,2.41e-06,0.0
holdout,0,5.1e-06,0.0
holdout,0,1.02e-06,0.0
holdout,0,8.61e-06,0.0
holdout,0,1.5e-06,0.0
holdout,0,1.26e-06,0.0
holdout,0,2.52e-06,0.0
holdout,0,0.00017394,0.0
holdout,0,1.81e-06,0.0
holdout,0,2.261e-05,0.0
holdout,0,6.8e-07,0.0
holdout,0,2.18e-06,0.0
holdout,0,3.62e-05,0.0
holdout,0,0.99246428,0.88636364
holdout,0,3.18e-06,0.0
holdout,0,2e-06,0.0
holdout,0,2.46e-06,0.0
holdout,0,4.12e-06,0.0
holdout,0,6.9e-06,0.0
holdout,0,2.3e-06,0.0
holdout,0,1.34e-06,0.0
holdout,0,1.55e-06,0.0
holdout,0,1.48e-06,0.0
holdout,0,8.6e-07,0.0
holdout,0,3.85e-06,0.0
holdout,0,1.22e-06,0.0
holdout,0,3e-06,0.0
holdout,0,7.4e-07,0.0
holdout,0,4.77e-06,0.0
holdout,0,3.08e-06,0.0
holdout,0,1.51e-06,0.0
holdout,0,9.5e-07,0.0
holdout,0,4.69e-06,0.0
holdout,0,1.21e-06,0.0
holdout,0,0.00010237,0.00103842
holdout,0,2.03e-05,0.0
holdout,0,1.93e-06,0.0
holdout,0,2.01e-06,0.0
holdout,0,2.19e-06,0.0
holdout,0,2.88e-06,0.0
holdout,0,1.87e-06,0.0
holdout,0,1.22e-06,0.0
holdout,0,5.46e-06,0.0
holdout,0,6.33e-06,0.00103842
holdout,0,9.86e-06,0.0
holdout,0,6.92e-06,0.0
holdout,0,7.2e-07,0.0
holdout,0,1.03e-06,0.0
holdout,0,1.38e-06,0.0
holdout,0,1.16e-06,0.0
holdout,0,1.07e-06,0.0
holdout,0,1.2e-05,0.00103842
holdout,0,3.91e-06,0.0
holdout,0,5.2e-07,0.0
holdout,0,6e-07,0.0
holdout,0,3.27e-06,0.0
holdout,0,3.32e-06,0.0
holdout,0,1.12e-06,0.0
holdout,0,8.43e-06,0.0
holdout,0,2.85e-06,0.0
holdout,0,0.00028539,0.0
holdout,0,3.73e-06,0.0
holdout,0,9.03e-06,0.0
holdout,0,0.00069963,0.00465072
holdout,0,1.46e-06,0.0
holdout,0,1.71e-06,0.0
holdout,0,3.796e-05,0.0
holdout,0,6.923e-05,0.0
holdout,0,2.47e-06,0.0
holdout,0,9.5e-07,0.0
holdout,0,1.35e-06,0.0
holdout,0,5.9e-07,0.0
holdout,0,6.84e-06,0.0
holdout,0,3.02e-06,0.0
holdout,0,1.53e-06,0.0
holdout,0,3.53e-06,0.0
holdout,0,8.5e-06,0.0
holdout,0,1.064e-05,0.0
holdout,0,8.1e-07,0.0
holdout,0,3.17e-06,0.00103842
holdout,0,2.214e-05,0.0
holdout,0,5.18e-06,0.0
holdout,0,8.17e-06,0.0
holdout,0,4.7e-07,0.0
holdout,0,4.14e-06,0.0
holdout,0,9.8e-07,0.0
holdout,0,5.9e-07,0.0
holdout,0,1.58e-06,0.0
holdout,0,1.47e-06,0.0
holdout,0,0.00019116,0.0
holdout,0,2.333e-05,0.0
holdout,0,4.11e-06,0.0
holdout,0,4.4e-07,0.0
holdout,0,2.64e-06,0.0
holdout,0,6.3e-07,0.0
holdout,0,7e-07,0.0
holdout,0,0.00414848,0.00410936
holdout,0,3.034e-05,0.0
holdout,0,3.61e-06,0.0
holdout,0,9.82e-06,0.0
holdout,0,8.89e-06,0.0
holdout,0,1.59e-06,0.0
holdout,0,8.87e-06,0.0
holdout,0,0.00010894,0.0
holdout,0,3.22e-06,0.0
holdout,0,3.47e-06,0.0
holdout,0,4.444e-05,0.00103842
holdout,0,1.259e-05,0.0
holdout,0,3.996e-05,0.00103842
holdout,0,1.183e-05,0.0
holdout,0,3.83e-06,0.0
holdout,0,4.94e-06,0.00103842
holdout,0,2.57e-06,0.0
holdout,0,3.16e-06,0.0
holdout,0,1.22e-06,0.0
holdout,0,2.07e-06,0.0
holdout,0,9.6e-07,0.0
holdout,0,7.5e-07,0.0
holdout,0,6.75e-06,0.0
holdout,0,4.4e-06,0.0
holdout,0,1.38e-06,0.0
holdout,0,3.78e-06,0.0
holdout,0,3.2e-07,0.0
holdout,0,3.14e-06,0.0
holdout,0,2.2e-06,0.0
holdout,0,3.381e-05,0.0
holdout,0,7.93e-06,0.0
holdout,0,8.83e-06,0.0
holdout,0,8.2e-06,0.0
holdout,0,1.09e-06,0.0
holdout,0,1.313e-05,0.00103842
holdout,0,1.54e-06,0.0
holdout,0,5.13e-06,0.0
holdout,0,4.42e-06,0.0
holdout,0,1.18e-06,0.0
holdout,0,1.68e-06,0.0
holdout,0,3.86e-06,0.0
holdout,0,1.09e-06,0.0
holdout,0,2.35e-06,0.0
holdout,0,3.17e-06,0.0
holdout,0,2.88e-06,0.0
holdout,0,6.1e-07,0.0
holdout,0,2.635e-05,0.0
holdout,0,1.745e-05,0.0
holdout,0,4.46e-06,0.0
holdout,0,1.145e-05,0.00207684
holdout,0,4.182e-05,0.0
holdout,0,0.00013565,0.0026182
holdout,0,2.27e-06,0.0
holdout,0,3.39e-06,0.0
holdout,0,3.86e-06,0.0
holdout,0,3.19e-06,0.0
holdout,0,5.4e-06,0.0
holdout,0,3.298e-05,0.00103842
holdout,0,7.43e-06,0.0
holdout,0,2.94e-06,0.0
holdout,0,1.609e-05,0.0
holdout,0,3.34e-06,0.0
holdout,0,7.73e-06,0.0
holdout,0,1.1e-06,0.0
holdout,0,2.71e-06,0.0
holdout,0,2.43e-06,0.0
holdout,0,4.22e-06,0.0
holdout,0,1.04e-06,0.0
holdout,0,2.83e-06,0.0
holdout,0,5.225e-05,0.0
holdout,0,4.8e-07,0.0
holdout,0,1.11e-06,0.0
holdout,0,1.321e-05,0.0
holdout,0,1.31e-06,0.0
holdout,0,6.09e-06,0.0
holdout,0,0.00405934,0.01058879
holdout,0,3.36e-06,0.0
holdout,0,2.44e-06,0.0
holdout,0,2.04e-06,0.0
holdout,0,9.3e-06,0.0
holdout,0,6.55e-06,0.0
holdout,0,1.36e-06,0.0
holdout,0,9.57e-06,0.00103842
holdout,0,1.42e-06,0.0
holdout,0,1e-06,0.0
holdout,0,6.17e-06,0.0
holdout,0,1.705e-05,0.0
holdout,0,2.83e-06,0.0
holdout,0,4.8e-07,0.0
holdout,0,4.76e-06,0.0
holdout,0,1.673e-05,0.0
holdout,0,2.93e-06,0.0
holdout,0,1.84e-06,0.0
holdout,0,1.214e-05,0.0
holdout,0,5.79e-06,0.0
holdout,0,4.41e-06,0.0
holdout,0,3.77e-06,0.0
holdout,0,9.8e-07,0.0
holdout,0,1.14e-06,0.0
holdout,0,1.51e-06,0.0
holdout,0,2.097e-05,0.0
holdout,0,6.3e-07,0.0
holdout,0,1.87e-06,0.0
holdout,0,2.01e-06,0.0
holdout,0,9.1e-07,0.0
holdout,0,1.65e-06,0.0
holdout,0,0.00073299,0.0026182
holdout,0,2.36e-06,0.0
holdout,0,1.66e-06,0.0
holdout,0,0.00023412,0.00103842
holdout,0,1.556e-05,0.0
holdout,0,2.747e-05,0.0
holdout,0,7.8e-07,0.0
holdout,0,1.09e-05,0.0
holdout,0,5.19e-06,0.0
holdout,0,2.67e-06,0.0
holdout,0,2.047e-05,0.0
holdout,0,3.169e-05,0.00103842
holdout,0,6.9e-07,0.0
holdout,0,3.47e-06,0.0
holdout,0,1.68e-06,0.0
holdout,0,2.5e-07,0.0
holdout,0,1.91e-06,0.0
holdout,0,5.2e-06,0.0
holdout,0,7.16e-06,0.0
holdout,0,0.0039191,0.00465072
holdout,0,1.34e-06,0.0
holdout,0,1.52e-06,0.0
holdout,0,1.61e-06,0.0
holdout,0,1.358e-05,0.0
holdout,0,7.69e-06,0.0
holdout,0,3e-07,0.0
holdout,0,4.2e-06,0.0
holdout,0,3.72e-06,0.0
holdout,0,2.22e-06,0.0
holdout,0,2.17e-06,0.0
holdout,0,7.95e-06,0.0
holdout,0,1.63e-06,0.0
holdout,0,1.044e-05,0.0
holdout,0,1.34e-06,0.0
holdout,0,0.00245256,0.00410936
holdout,0,9.8e-07,0.0
holdout,0,1.21e-06,0.0
holdout,0,2.33e-06,0.0
holdout,0,2.524e-05,0.0
holdout,0,8.5e-07,0.0
holdout,0,0.00010412,0.00103842
holdout,0,5.3e-07,0.0
holdout,0,8.2e-07,0.0
holdout,0,3.88e-06,0.0
holdout,0,1.314e-05,0.0
holdout,0,8.4e-07,0.0
holdout,0,1.05e-06,0.0
holdout,0,1.21e-06,0.0
holdout,0,3.073e-05,0.00103842
holdout,0,1.374e-05,0.0
holdout,0,1.308e-05,0.0
holdout,0,1.4e-06,0.0
holdout,0,5.357e-05,0.0
holdout,0,7.37e-06,0.0
holdout,0,1.97e-05,0.0
holdout,0,4.61e-06,0.0
holdout,0,2.27e-06,0.0
holdout,0,0.0014429,0.0
holdout,0,4.5e-07,0.0
holdout,0,1.98e-06,0.0
holdout,0,4.01e-06,0.0
holdout,0,1.773e-05,0.0
holdout,0,1.03e-05,0.0
holdout,0,8.294e-05,0.0
holdout,0,2.62e-06,0.0
holdout,0,4.83e-06,0.0
holdout,0,5.34e-06,0.0
holdout,0,0.00010155,0.0
holdout,0,1.597e-05,0.0
holdout,0,2.11e-06,0.0
holdout,0,4.42e-06,0.0
holdout,0,8.7e-07,0.0
holdout,0,7.92e-06,0.0
holdout,0,2.81e-06,0.0
holdout,0,6.4e-07,0.0
holdout,0,1.67e-06,0.0
holdout,0,3.73e-06,0.0
holdout,0,2.01e-05,0.0
holdout,0,1e-06,0.0
holdout,0,5.4e-06,0.0
holdout,0,1.03e-06,0.0
holdout,0,7.83e-06,0.0
holdout,0,5.28e-06,0.0
holdout,0,1.14e-06,0.0
holdout,0,3.31e-06,0.0
holdout,0,1.242e-05,0.0
holdout,0,1.132e-05,0.0
holdout,0,9.7e-07,0.0
holdout,0,3.8e-07,0.0
holdout,0,3.397e-05,0.0
holdout,0,6.75e-06,0.0
holdout,0,4.75e-06,0.0
holdout,0,1.59e-05,0.0
holdout,0,0.00082816,0.00300728
holdout,0,7.5e-06,0.0
holdout,0,3.1e-06,0.0
holdout,0,1.162e-05,0.0
holdout,0,5.8e-07,0.0
holdout,0,4.29e-06,0.0
holdout,0,3.02e-05,0.0
holdout,0,6.43e-06,0.0
holdout,0,9.86e-06,0.0
holdout,0,9.8e-07,0.0
holdout,0,9.824e-05,0.0
holdout,0,1.27e-06,0.0
holdout,0,1.36e-06,0.0
holdout,0,9e-07,0.0
holdout,0,4.52e-06,0.0
holdout,0,9.6e-07,0.0
holdout,0,3.15e-06,0.0
holdout,0,8.32e-06,0.0
holdout,0,1.85e-06,0.0
holdout,0,7.9e-07,0.0
holdout,0,7.8e-07,0.0
holdout,0,4.8e-07,0.0
holdout,0,1.61e-06,0.0
holdout,0,6.1e-07,0.0
holdout,0,1.31e-06,0.0
holdout,0,1.78e-06,0.0
holdout,0,1.27e-06,0.0
holdout,0,6.82e-06,0.0
holdout,0,2.926e-05,0.0
holdout,0,2.49e-06,0.0
holdout,0,2.32e-06,0.0
holdout,0,2.791e-05,0.0
holdout,0,1.52e-06,0.0
holdout,0,1.14e-06,0.0
holdout,0,6.8e-07,0.0
holdout,0,6.4e-07,0.0
holdout,0,2.93e-06,0.0
holdout,0,1.36e-06,0.0
holdout,0,1.479e-05,0.0
holdout,0,1.82e-06,0.0
holdout,0,6.9e-07,0.0
holdout,0,2.54e-06,0.0
holdout,0,8.3e-07,0.0
holdout,0,5.13e-06,0.0
holdout,0,0.00117368,0.00465072
holdout,0,1.61e-06,0.0
holdout,0,1.61e-06,0.0
holdout,0,1.32e-06,0.0
holdout,0,1.819e-05,0.0
holdout,0,1.13e-06,0.0
holdout,0,2.94e-06,0.0
holdout,0,1.12e-06,0.0
holdout,0,1.065e-05,0.0
holdout,0,1.065e-05,0.0
holdout,0,7.99e-06,0.0
holdout,0,4.4e-07,0.0
holdout,0,3.83e-06,0.0
holdout,0,2.8e-06,0.0
holdout,0,2.42e-06,0.0
holdout,0,7.3e-07,0.0
holdout,0,3.107e-05,0.0
holdout,0,2.176e-05,0.0
holdout,0,8.023e-05,0.0
holdout,0,1.11e-06,0.0
holdout,0,1.97e-06,0.0
holdout,0,2.52e-06,0.0
holdout,0,2.36e-06,0.0
holdout,0,1.31e-06,0.0
holdout,0,5.01e-06,0.00103842
holdout,0,4.05e-06,0.0
holdout,0,4.5e-07,0.0
holdout,0,3.428e-05,0.0
holdout,0,1.55e-06,0.0
holdout,0,1.16e-06,0.0
holdout,0,9.7e-07,0.0
holdout,0,5.45e-06,0.0
holdout,0,1.02e-06,0.0
holdout,0,8e-07,0.0
holdout,0,1.18e-05,0.0
holdout,0,6.77e-06,0.0
holdout,0,5.37e-06,0.0
holdout,0,2.18e-06,0.0
holdout,0,1.855e-05,0.0
holdout,0,2.56e-06,0.0
holdout,0,4.3e-07,0.0
holdout,0,5.81e-06,0.0
holdout,0,5.86e-06,0.0
holdout,0,1.45e-06,0.0
holdout,0,3.24e-06,0.0
holdout,0,0.00019815,0.00103842
holdout,0,2.98e-06,0.0
holdout,0,9.7e-06,0.0
holdout,0,0.00022875,0.00103842
holdout,0,2.33e-06,0.0
holdout,0,1.743e-05,0.0
holdout,0,1.233e-05,0.0
holdout,0,1.004e-05,0.0
holdout,0,0.00016325,0.00103842
holdout,0,3.736e-05,0.0
holdout,0,7.2e-07,0.0
holdout,0,5.004e-05,0.0
holdout,0,3.058e-05,0.0
holdout,0,1.25e-06,0.0
holdout,0,7.54e-06,0.0
holdout,0,3.5e-07,0.0
holdout,0,3.08e-06,0.0
holdout,0,5.22e-06,0.0
holdout,0,1.58e-06,0.0
holdout,0,4.53e-06,0.0
holdout,0,1.119e-05,0.0
holdout,0,1.785e-05,0.00103842
holdout,0,5.31e-06,0.0
holdout,0,6.2e-07,0.0
holdout,0,1.573e-05,0.0
holdout,0,1.74e-06,0.0
holdout,0,0.00014297,0.0
holdout,0,2.56e-05,0.0
holdout,0,6.38e-06,0.0
holdout,0,1.18e-06,0.0
holdout,0,6.37e-06,0.0
holdout,0,7.9e-07,0.0
holdout,0,1.05e-06,0.0
holdout,0,3.531e-05,0.0
holdout,0,1.654e-05,0.0
holdout,0,2.159e-05,0.0
holdout,0,4.46e-06,0.0
holdout,0,2.04e-06,0.0
holdout,0,2.529e-05,0.0
holdout,0,0.00010736,0.0
holdout,0,2.31e-05,0.0
holdout,0,3.65e-06,0.0
holdout,0,8.2e-07,0.0
holdout,0,3.26e-06,0.0
holdout,0,2.12e-06,0.0
holdout,0,1.09e-06,0.0
holdout,0,4.35e-06,0.0
holdout,0,3.34e-06,0.0
holdout,0,1.52e-06,0.0
holdout,0,1.169e-05,0.0
holdout,0,2.5e-06,0.0
holdout,0,1.54e-06,0.0
holdout,0,3.77e-06,0.0
holdout,0,7.4e-07,0.0
holdout,0,6.907e-05,0.00103842
holdout,0,9.1e-06,0.0
holdout,0,4.45e-05,0.0
holdout,0,4.81e-06,0.0
holdout,0,4.51e-06,0.0
holdout,0,1.09e-06,0.0
holdout,0,2.05e-06,0.0
holdout,0,1.48e-06,0.0
holdout,0,1.27e-06,0.0
holdout,0,3.7e-07,0.0
holdout,0,3.93e-06,0.0
holdout,0,9.85e-06,0.0
holdout,0,7.393e-05,0.0
holdout,0,1.3e-06,0.0
holdout,1,0.99322774,0.83636364
holdout,0,6.2e-07,0.0
holdout,0,3.802e-05,0.0
holdout,0,2.6e-07,0.0
holdout,0,2.453e-05,0.0
holdout,0,6.48e-06,0.0
holdout,1,0.99966586,0.99631536
holdout,0,3.58e-06,0.0
holdout,0,3.93e-06,0.0
holdout,0,1.19e-06,0.0
holdout,0,8.76e-06,0.0
holdout,0,1.586e-05,0.0
holdout,0,9.87e-06,0.0
holdout,0,2.37e-06,0.0
holdout,0,0.00013209,0.00203252
holdout,0,7.08e-06,0.0
holdout,0,4.419e-05,0.00207684
holdout,0,7.11e-06,0.0
holdout,0,3.83e-06,0.0
holdout,0,5.3e-07,0.0
holdout,0,4.11e-05,0.0
holdout,0,1.31e-06,0.0
holdout,0,7.17e-06,0.0
holdout,0,9.05e-06,0.0
holdout,0,1.06e-06,0.0
holdout,0,4.44e-06,0.0
holdout,0,1.075e-05,0.0
holdout,0,2.919e-05,0.0
holdout,0,4.75e-06,0.0
holdout,0,0.15477416,0.00465072
holdout,0,6.03e-06,0.0
holdout,0,2.38e-06,0.0
holdout,0,4.96e-06,0.0
holdout,0,6.37e-06,0.0
holdout,0,5.87e-06,0.0
holdout,0,5.624e-05,0.0
holdout,0,1.49e-06,0.0
holdout,0,2.13e-06,0.0
holdout,0,5.6e-07,0.0
holdout,0,9.1e-07,0.0
holdout,0,3.03e-06,0.0
holdout,0,6.38e-06,0.0
holdout,0,1.68e-06,0.0
holdout,0,6.74e-06,0.0
holdout,0,1.676e-05,0.0
holdout,0,2.97e-06,0.0
holdout,0,8.5e-07,0.0
holdout,0,1.78e-06,0.0
holdout,0,1.43e-06,0.0
holdout,0,3.6e-07,0.0
holdout,0,2.22e-06,0.0
holdout,0,2.34e-06,0.0
holdout,0,8.5e-07,0.0
holdout,0,1.22e-06,0.0
holdout,0,4.9e-06,0.0
holdout,0,7.238e-05,0.0
holdout,0,1.13e-06,0.0
holdout,0,5.17e-06,0.0
holdout,0,4.91e-06,0.0
holdout,0,9.7e-07,0.0
holdout,0,1.15e-06,0.0
holdout,0,8.7e-07,0.0
holdout,0,1.23e-06,0.0
holdout,0,2.688e-05,0.0
holdout,0,2.14e-06,0.00103842
holdout,0,9.5e-07,0.0
holdout,0,4.47e-06,0.0
holdout,0,1.1e-06,0.0
holdout,0,2.6e-05,0.0
holdout,0,3.23e-06,0.0
holdout,0,5.98e-06,0.0
holdout,0,5.06e-06,0.0
holdout,0,6.15e-06,0.0
holdout,0,4.14e-06,0.0
holdout,0,4.1e-07,0.0
holdout,0,3.43e-06,0.0
holdout,0,5.38e-06,0.0
holdout,0,8.631e-05,0.00207684
holdout,0,2.84e-06,0.0
holdout,0,1.66e-06,0.0
holdout,0,5.602e-05,0.0
holdout,0,7.78e-06,0.0
holdout,0,4.15e-06,0.0
holdout,0,2.657e-05,0.0
holdout,0,8.8e-07,0.0
holdout,0,8.6e-07,0.0
holdout,0,3.02e-06,0.0
holdout,0,1.076e-05,0.0
holdout,0,1.04e-06,0.0
holdout,0,5.922e-05,0.00103842
holdout,0,4.93e-06,0.0
holdout,0,1.407e-05,0.0
holdout,0,1.75e-06,0.0
holdout,0,5.63e-06,0.0
holdout,0,3.61e-06,0.0
holdout,0,2.4e-06,0.0
holdout,0,3.655e-05,0.0
holdout,0,1.386e-05,0.0
holdout,0,4.3e-07,0.0
holdout,0,1.84e-06,0.0
holdout,0,2.48e-06,0.0
holdout,0,1.582e-05,0.0
holdout,0,3.94e-06,0.0
holdout,0,1.046e-05,0.0
holdout,0,1.2e-06,0.0
holdout,0,2.07e-06,0.0
holdout,0,8.4e-07,0.0
holdout,0,9.2e-07,0.0
holdout,0,0.00018512,0.0
holdout,0,4.95e-06,0.0
holdout,0,4.7e-07,0.0
holdout,0,1.45e-06,0.0
holdout,0,1.237e-05,0.0
holdout,0,1.622e-05,0.0
holdout,0,1.2e-06,0.0
holdout,0,1.35e-06,0.0
holdout,0,2.92e-06,0.0
holdout,0,6.527e-05,0.0
holdout,0,0.00019864,0.0
holdout,0,1.95e-06,0.0
holdout,0,2.133e-05,0.0
holdout,0,2.01e-06,0.0
holdout,0,2.99e-06,0.0
holdout,0,1.94e-06,0.0
holdout,0,2.56e-06,0.0
holdout,0,4.01e-06,0.0
holdout,0,1.777e-05,0.0
holdout,0,4.41e-06,0.0
holdout,0,1.69e-06,0.0
holdout,0,2.2e-06,0.0
holdout,0,2.047e-05,0.0
holdout,0,5.85e-06,0.0
holdout,0,3.99e-06,0.0
holdout,0,1.46e-05,0.0
holdout,0,3.94e-06,0.0
holdout,0,1.7e-06,0.0
holdout,0,5.92e-06,0.0
holdout,0,3.066e-05,0.00103842
holdout,0,5e-06,0.0
holdout,0,5.786e-05,0.0
holdout,0,1.13e-06,0.0
holdout,0,9.2e-07,0.0
holdout,0,1.59e-06,0.0
holdout,0,0.00014385,0.0
holdout,0,4.26e-06,0.0
holdout,0,4.2e-07,0.0
holdout,0,4.52e-06,0.0
holdout,0,6.56e-06,0.0
holdout,0,7.097e-05,0.00207684
holdout,0,1.41e-06,0.0
holdout,0,2.77e-06,0.0
holdout,0,5.2e-07,0.0
holdout,0,5.54e-06,0.0
holdout,0,7.23e-06,0.0
holdout,0,5.85e-06,0.00103842
holdout,0,8.6e-07,0.0
holdout,0,6.14e-06,0.0
holdout,0,3.87e-06,0.0
holdout,0,4.24e-06,0.0
holdout,0,0.00096772,0.02444563
holdout,0,3.06e-06,0.0
holdout,0,1.397e-05,0.0
holdout,0,5.59e-06,0.0
holdout,0,1.24e-06,0.0
holdout,0,3.94e-06,0.0
holdout,0,2.01e-06,0.0
holdout,0,2.777e-05,0.0
holdout,0,3.96e-06,0.0
holdout,0,3.96e-06,0.0
holdout,0,3.68e-06,0.0
holdout,0,3.33e-06,0.0
holdout,0,7e-07,0.0
holdout,0,3.995e-05,0.0
holdout,0,0.00011478,0.0
holdout,0,1.928e-05,0.0
holdout,0,1.07e-06,0.0
holdout,0,1.78e-06,0.0
holdout,0,9.2e-07,0.0
holdout,0,4.52e-06,0.0
holdout,0,7.2e-07,0.0
holdout,0,6.8e-07,0.0
holdout,0,0.00199313,0.00465072
holdout,0,6.85e-06,0.0
holdout,0,6.53e-06,0.0
holdout,0,2.85e-06,0.0
holdout,0,3.275e-05,0.0
holdout,0,8.3e-07,0.0
holdout,0,3.7e-07,0.0
holdout,0,4.87e-06,0.0
holdout,0,4.71e-06,0.0
holdout,0,7.65e-06,0.0
holdout,0,2.444e-05,0.0
holdout,0,3.53e-06,0.0
holdout,0,2.43e-06,0.0
holdout,0,4.43e-06,0.0
holdout,0,1.184e-05,0.0
holdout,0,9.6e-07,0.0
holdout,0,3.18e-06,0.0
holdout,0,1.46e-06,0.0
holdout,0,1.24e-06,0.0
holdout,0,1.09e-06,0.0
holdout,0,1.46e-06,0.0
holdout,0,8.3e-07,0.0
holdout,0,1.77e-06,0.0
holdout,0,1.52e-06,0.0
holdout,0,3.86e-06,0.0
holdout,0,1.712e-05,0.00103842
holdout,0,2.02e-06,0.0
holdout,0,6.75e-06,0.0
holdout,0,1.09e-05,0.0
holdout,0,1.011e-05,0.0
holdout,0,6.44e-06,0.00207684
holdout,0,6.03e-06,0.0
holdout,0,2.59e-06,0.0
holdout,0,1.9e-06,0.0
holdout,0,3.09e-06,0.0
holdout,0,5.07e-06,0.0
holdout,0,4.72e-06,0.0
holdout,0,7.68e-06,0.0
holdout,0,2.77e-06,0.0
holdout,0,2.42e-06,0.0
holdout,0,3.43e-06,0.0
holdout,0,7e-07,0.0
holdout,0,2.76e-06,0.0
holdout,0,3.8e-07,0.0
holdout,0,1.57e-06,0.0
holdout,0,1.12e-06,0.0
holdout,0,2.87e-06,0.0
holdout,0,1.714e-05,0.0
holdout,0,3.77e-06,0.0
holdout,0,8.88e-06,0.0
holdout,0,6.3e-06,0.0
holdout,0,4.31e-06,0.0
holdout,0,0.00111061,0.00207684
holdout,0,2.61e-06,0.0
holdout,0,1.36e-06,0.0
holdout,0,9.5e-07,0.0
holdout,0,3.17e-06,0.0
holdout,0,2.18e-06,0.0
holdout,0,1.26e-06,0.0
holdout,0,2.48e-06,0.0
holdout,0,1.83e-06,0.0
holdout,0,4.89e-06,0.0
holdout,0,3.3e-07,0.0
holdout,0,3.8e-07,0.0
holdout,0,1.24e-06,0.0
holdout,0,1.22e-06,0.0
holdout,0,8.14e-06,0.0
holdout,0,7.67e-06,0.0
holdout,0,5.48e-06,0.0
holdout,0,0.0004039,0.00465072
holdout,0,2.02e-06,0.0
holdout,0,0.01179241,0.02390428
holdout,0,3.08e-06,0.0
holdout,0,6.422e-05,0.00103842
holdout,0,1.64e-06,0.0
holdout,0,1.61e-06,0.0
holdout,0,3.97e-06,0.0
holdout,0,7e-07,0.0
holdout,0,5.49e-06,0.0
holdout,0,4.43e-06,0.0
holdout,0,4.31e-06,0.0
holdout,0,1.307e-05,0.0
holdout,0,1.27e-06,0.0
holdout,0,3.67e-06,0.0
holdout,0,1e-06,0.0
holdout,0,3.518e-05,0.0
holdout,0,3.75e-06,0.0
holdout,0,2.79e-06,0.0
holdout,0,3.2e-07,0.0
holdout,0,6.46e-06,0.0
holdout,0,2.02e-06,0.0
holdout,0,1.39e-06,0.0
holdout,0,1.46e-06,0.0
holdout,0,8.7e-07,0.0
holdout,0,2.73e-06,0.0
holdout,0,2.43e-06,0.0
holdout,0,7.6e-07,0.0
holdout,0,8.9e-06,0.0
holdout,0,8.26e-06,0.0
holdout,0,8.07e-06,0.0
holdout,0,6.4e-07,0.0
holdout,0,2.72e-06,0.0
holdout,0,1.14e-06,0.0
holdout,0,2.443e-05,0.00103842
holdout,0,4.431e-05,0.0
holdout,0,0.00010775,0.0
holdout,0,2.8e-06,0.0
holdout,0,3.83e-06,0.0
holdout,0,0.00013159,0.0
holdout,0,4.374e-05,0.00103842
holdout,0,7.21e-06,0.0
holdout,0,1.34e-06,0.0
holdout,0,1.96e-06,0.0
holdout,0,1.33e-06,0.0
holdout,0,3.15e-06,0.0
holdout,0,5.4e-06,0.0
holdout,0,1.36e-06,0.0
holdout,0,0.00020502,0.0
holdout,0,1.45e-06,0.0
holdout,0,4.23e-06,0.0
holdout,0,1.47e-06,0.0
holdout,0,1.56e-06,0.0
holdout,0,1.62e-06,0.0
holdout,0,1.74e-06,0.0
holdout,0,7.4e-05,0.0
holdout,0,1.074e-05,0.0
holdout,0,1.57e-06,0.0
holdout,0,1.251e-05,0.0
holdout,0,1.69e-06,0.0
holdout,0,8.3e-07,0.0
holdout,0,4.07e-06,0.0
holdout,0,3.31e-06,0.0
holdout,0,2.82e-06,0.0
holdout,0,5.748e-05,0.0
holdout,0,1.84e-06,0.0
holdout,0,3.14e-06,0.0
holdout,0,5.512e-05,0.00307094
holdout,0,9.6e-07,0.0
holdout,0,2.885e-05,0.00103842
holdout,0,1.82e-06,0.0
holdout,0,8.1e-07,0.0
holdout,0,1.12e-06,0.0
holdout,0,7.56e-06,0.0
holdout,0,1.175e-05,0.0
holdout,0,2.002e-05,0.0
holdout,0,2.07e-06,0.00103842
holdout,0,1.1e-05,0.0
holdout,0,6.55e-06,0.0
holdout,0,3.6e-06,0.0
holdout,0,6.8e-07,0.0
holdout,0,5.08e-06,0.0
holdout,0,1.37e-06,0.0
holdout,0,9.8e-07,0.0
holdout,0,6.1e-07,0.0
holdout,0,1.57e-06,0.0
holdout,0,1.59e-06,0.0
holdout,0,6.4e-07,0.0
holdout,0,2.11e-06,0.0
holdout,0,1.42e-06,0.0
holdout,0,3.29e-05,0.00103842
holdout,0,1.08e-06,0.0
holdout,0,1.66e-06,0.0
holdout,0,4.04e-06,0.0
holdout,0,8.5e-07,0.0
holdout,0,9.62e-06,0.0
holdout,0,6.25e-06,0.0
holdout,0,5.4e-07,0.0
holdout,0,5.19e-06,0.0
holdout,0,8e-07,0.0
holdout,0,1.03e-06,0.0
holdout,0,1.483e-05,0.0
holdout,0,4.89e-06,0.0
holdout,0,2.21e-06,0.0
holdout,0,4.21e-05,0.00103842
holdout,0,3.93e-06,0.0
holdout,0,2.87e-06,0.0
holdout,0,2.28e-06,0.0
holdout,0,2.62e-06,0.0
holdout,0,1.52e-06,0.0
holdout,0,2.21e-06,0.0
holdout,0,1.16e-06,0.0
holdout,0,7.24e-06,0.0
holdout,0,3.734e-05,0.0
holdout,0,2.164e-05,0.0
holdout,0,1.08e-05,0.0
holdout,0,3.5e-06,0.0
holdout,0,6.1e-07,0.0
holdout,0,2.68e-06,0.0
holdout,0,2.22e-06,0.0
holdout,0,5.563e-05,0.00207684
holdout,0,2.58e-06,0.0
holdout,0,2.05e-06,0.0
holdout,0,4.33e-06,0.0
holdout,0,3.2e-06,0.0
holdout,0,2.75e-06,0.0
holdout,0,3.811e-05,0.0
holdout,0,5.31e-06,0.0
holdout,0,1.8e-06,0.0
holdout,0,6.1e-07,0.0
holdout,0,1.39e-06,0.00103842
holdout,0,8.13e-06,0.0
holdout,0,2.28e-06,0.0
holdout,0,1.575e-05,0.0
holdout,0,9.2e-07,0.0
holdout,0,1.52e-06,0.0
holdout,0,4.58e-06,0.0
holdout,0,1.014e-05,0.0
holdout,0,1.35e-06,0.0
holdout,0,3.03e-06,0.0
holdout,0,4.11e-06,0.0
holdout,0,3.28e-06,0.0
holdout,0,1.97e-06,0.0
holdout,0,0.00010707,0.0
holdout,0,1.074e-05,0.0
holdout,0,5.85e-06,0.0
holdout,0,5.89e-06,0.0
holdout,0,4.39e-06,0.0
holdout,0,3.98e-06,0.0
holdout,0,1.154e-05,0.0
holdout,0,0.00019605,0.00103842
holdout,0,5.19e-06,0.0
holdout,0,4.38e-06,0.0
holdout,0,2.9e-07,0.0
holdout,0,1.73e-06,0.0
holdout,0,1.54e-06,0.0
holdout,0,2.88e-06,0.0
holdout,0,2.06e-06,0.0
holdout,0,6.5e-07,0.0
holdout,0,1.57e-06,0.0
holdout,0,1.65e-06,0.0
holdout,0,8.8e-07,0.0
holdout,0,0.00023923,0.01004743
holdout,0,1.09e-06,0.0
holdout,0,9e-07,0.0
holdout,0,6.01e-06,0.0
holdout,0,2.53e-06,0.0
holdout,0,1.53e-06,0.0
holdout,0,1.7e-06,0.0
holdout,0,1.429e-05,0.0
holdout,0,0.0004002,0.00207684
holdout,0,6.05e-06,0.0
holdout,0,2.76e-05,0.0
holdout,0,1.84e-05,0.0
holdout,0,1.25e-06,0.0
holdout,0,1.55e-06,0.0
holdout,0,1.32e-06,0.0
holdout,0,4.47e-06,0.0
holdout,0,3.48e-06,0.0
holdout,0,1.73e-06,0.0
holdout,0,3.83e-06,0.0
holdout,0,1.124e-05,0.0
holdout,0,5.65e-05,0.0
holdout,0,4.26e-06,0.0
holdout,0,5.9e-07,0.0
holdout,0,2.49e-06,0.0
holdout,0,1.528e-05,0.0
holdout,0,1.33e-06,0.0
holdout,0,4.78e-06,0.0
holdout,0,1.94e-06,0.00103842
holdout,0,4.01e-06,0.0
holdout,0,8.7e-07,0.0
holdout,0,1.55e-06,0.0
holdout,0,1.78e-06,0.0
holdout,0,7.9e-07,0.0
holdout,0,7.33e-06,0.0
holdout,0,5.6e-07,0.0
holdout,0,1.8e-06,0.0
holdout,0,2.141e-05,0.0
holdout,0,8.78e-06,0.0
holdout,0,6.05e-06,0.0
holdout,0,4.5e-07,0.0
holdout,0,5.7e-07,0.0
holdout,0,2.54e-06,0.0
holdout,0,1.34e-06,0.0
holdout,0,2.48e-06,0.0
holdout,0,1.05e-06,0.0
holdout,0,9.9e-07,0.0
holdout,0,4.32e-06,0.0
holdout,0,7.74e-06,0.0
holdout,0,2.07e-06,0.0
holdout,0,3.34e-06,0.0
holdout,0,9.1e-07,0.0
holdout,0,5.194e-05,0.00465072
holdout,0,1.91e-06,0.0
holdout,0,2.24e-06,0.0
holdout,0,1.26e-06,0.0
holdout,0,2.198e-05,0.0
holdout,0,7.9e-07,0.0
holdout,0,2.13e-06,0.0
holdout,0,6.6e-07,0.0
holdout,0,4.91e-06,0.0
holdout,0,6.32e-06,0.0
holdout,0,3.89e-06,0.0
holdout,0,2.44e-06,0.0
holdout,0,3.1e-06,0.0
holdout,0,5.92e-06,0.0
holdout,0,6.82e-06,0.0
holdout,0,8.8e-07,0.0
holdout,0,1.276e-05,0.0
holdout,0,8.68e-06,0.0
holdout,0,3.304e-05,0.0
holdout,0,1.26e-06,0.0
holdout,0,1.29e-06,0.0
holdout,0,3.21e-06,0.0
holdout,0,8.51e-06,0.0
holdout,0,9e-07,0.0
holdout,0,2.63e-06,0.0
holdout,0,7.85e-06,0.0
holdout,0,3.63e-06,0.0
holdout,0,5.46e-06,0.0
holdout,0,5.1e-07,0.0
holdout,0,1.337e-05,0.0
holdout,0,2.21e-06,0.0
holdout,0,9.2e-07,0.0
holdout,0,2.885e-05,0.0
holdout,0,9.5e-07,0.0
holdout,0,2.89e-06,0.0
holdout,0,1.23e-06,0.0
holdout,0,2.743e-05,0.0
holdout,0,8.3e-07,0.0
holdout,0,9e-07,0.0
holdout,0,4.36e-06,0.0
holdout,0,4.67e-06,0.0
holdout,0,1.029e-05,0.0
holdout,0,1.03e-06,0.0
holdout,0,2.28e-06,0.0
holdout,0,1.64e-06,0.0
holdout,0,1e-06,0.0
holdout,0,4.03e-06,0.0
holdout,0,4.57e-06,0.0
holdout,0,1.078e-05,0.0
holdout,0,1.6e-06,0.0
holdout,0,2.31e-06,0.0
holdout,0,7.41e-06,0.0
holdout,0,4.48e-06,0.0
holdout,0,4.3e-06,0.0
holdout,0,8.2e-07,0.0
holdout,0,1.83e-06,0.0
holdout,0,4.52e-06,0.0
holdout,0,2.12e-06,0.0
holdout,0,1.48e-06,0.0
holdout,0,2.4e-06,0.0026182
holdout,0,4.41e-06,0.0
holdout,0,5.71e-06,0.0
holdout,0,2.72e-06,0.0
holdout,0,4.513e-05,0.0
holdout,0,1.22e-06,0.0
holdout,0,1.82e-06,0.0
holdout,0,9.7e-07,0.0
holdout,0,1.333e-05,0.0
holdout,0,1.04e-06,0.0
holdout,0,2.89e-06,0.0
holdout,0,1.456e-05,0.0
holdout,0,1.814e-05,0.0
holdout,0,1.2e-06,0.0
holdout,0,1.005e-05,0.0
holdout,0,4.84e-06,0.0
holdout,0,2.5e-06,0.0
holdout,0,6.83e-06,0.0
holdout,0,4.64e-06,0.0
holdout,0,4.18e-06,0.0
holdout,0,2.97e-06,0.0
holdout,0,9.2e-07,0.0
holdout,0,4.06e-06,0.0
holdout,0,5.53e-06,0.0
holdout,0,2.7e-06,0.0
holdout,0,5.89e-06,0.0
holdout,0,1.89e-06,0.0
holdout,0,6.01e-06,0.0
holdout,0,1.11e-06,0.0
holdout,0,8.8e-06,0.0
holdout,0,1.65e-06,0.0
holdout,0,6.931e-05,0.0
holdout,0,2.33e-06,0.0
holdout,0,2.77e-06,0.0
holdout,0,1.02e-06,0.0
holdout,0,3.91e-06,0.0
holdout,0,5.11e-06,0.0
holdout,0,2.52e-06,0.0
holdout,0,8.7e-06,0.0
holdout,0,3.05e-06,0.0
holdout,0,1.56e-06,0.0
holdout,0,2.8e-07,0.0
holdout,0,4.26e-06,0.0
holdout,0,5.08e-06,0.0
holdout,0,1.31e-06,0.0
holdout,0,6.6e-07,0.0
holdout,0,3.498e-05,0.0
holdout,0,2.397e-05,0.0
holdout,0,1.4e-06,0.0
holdout,0,4.78e-06,0.0
holdout,0,5.6e-06,0.0
holdout,0,1.41e-06,0.0
holdout,0,5.39e-06,0.0
holdout,0,7.97e-06,0.0
holdout,0,3.38e-06,0.0
holdout,0,4.44e-06,0.0
holdout,0,1.71e-06,0.0
holdout,0,1.311e-05,0.0
holdout,0,7.5e-06,0.0
holdout,0,1.74e-06,0.0
holdout,0,2.92e-06,0.0
holdout,0,1.55e-06,0.0
holdout,0,1.41e-06,0.0
holdout,0,8.1e-07,0.0
holdout,0,1.18e-06,0.0
holdout,0,3.67e-06,0.0
holdout,0,7.8e-07,0.0
holdout,0,3.98e-06,0.0
holdout,0,2.33e-06,0.00103842
holdout,0,1.16e-06,0.0
holdout,0,9.2e-07,0.0
holdout,0,3.49e-06,0.0
holdout,0,7.5e-07,0.0
holdout,0,5.6e-07,0.0
holdout,0,1.41e-06,0.0
holdout,0,4.91e-06,0.0
holdout,0,2.03e-06,0.0
holdout,0,1.41e-06,0.0
holdout,0,2.72e-06,0.0
holdout,0,1.06e-06,0.0
holdout,0,6.6e-07,0.0
holdout,0,0.0002242,0.00103842
holdout,0,4.3e-06,0.0
holdout,0,1.021e-05,0.0
holdout,0,4.24e-06,0.0
holdout,0,3.95e-06,0.0
holdout,0,2.33e-06,0.0
holdout,0,6.39e-06,0.0
holdout,0,2.192e-05,0.0
holdout,0,9.68e-06,0.0
holdout,0,7.98e-06,0.0
holdout,0,6.8e-07,0.0
holdout,0,6.1e-07,0.0
holdout,0,8.22e-06,0.0
holdout,0,2.24e-06,0.0
holdout,0,1.97e-06,0.0
holdout,0,1.5e-06,0.0
holdout,0,4.14e-06,0.0
holdout,0,4.15e-06,0.0
holdout,0,1.53e-06,0.0
holdout,0,1.89e-06,0.0
holdout,0,1.493e-05,0.0
holdout,0,9.6e-07,0.0
holdout,0,2.41e-06,0.0
holdout,0,2.54e-06,0.0
holdout,0,1.17e-06,0.0
holdout,0,4.91e-06,0.0
holdout,0,1.88e-06,0.0
holdout,0,0.00094853,0.00103842
holdout,0,5.16e-06,0.0
holdout,0,7.1e-07,0.0
holdout,0,1.5e-06,0.0
holdout,0,8.5e-07,0.0
holdout,0,2.2e-06,0.0
holdout,0,2.92e-06,0.0
holdout,0,9.8e-07,0.0
holdout,0,1.697e-05,0.0
holdout,0,2.3e-06,0.0
holdout,0,3.44e-06,0.0
holdout,0,2.19e-06,0.0
holdout,0,5.9e-07,0.0
holdout,0,4.84e-06,0.0
holdout,0,2.67e-06,0.0
holdout,0,5.51e-06,0.0
holdout,0,6.2e-07,0.0
holdout,0,2.85e-06,0.0
holdout,0,7.706e-05,0.0
holdout,0,2.06e-06,0.0
holdout,0,1.67e-06,0.0
holdout,0,3.8e-06,0.0
holdout,0,2.52e-06,0.0
holdout,0,7.7e-07,0.0
holdout,0,1.42e-06,0.0
holdout,0,1.71e-06,0.0
holdout,0,8.3e-07,0.0
holdout,0,3.91e-06,0.0
holdout,0,2.02e-06,0.0
holdout,0,1.98e-06,0.0
holdout,0,9.96e-06,0.0
holdout,0,5.5e-07,0.0
holdout,0,7.9e-07,0.0
holdout,0,1.31e-06,0.0
holdout,0,4.86e-06,0.0
holdout,0,6.8e-07,0.0
holdout,0,2.2e-07,0.0
holdout,0,1.489e-05,0.0
holdout,0,2.92e-06,0.0
holdout,0,1.494e-05,0.0
holdout,0,2.5e-06,0.0
holdout,0,6.6e-07,0.0
holdout,0,6.8e-07,0.0
holdout,0,6.1e-07,0.0
holdout,0,1.38e-06,0.0
holdout,0,1.43e-06,0.0
holdout,0,1.25e-05,0.0
holdout,0,8.82e-06,0.0
holdout,0,2.37e-06,0.0
holdout,0,6.06e-06,0.00103842
holdout,0,1.37e-06,0.0
holdout,0,1.63e-06,0.0
holdout,0,5.57e-06,0.0
holdout,0,5.8e-07,0.0
holdout,0,8.8e-07,0.0
holdout,0,1.64e-06,0.0
holdout,0,7.7e-07,0.0
holdout,0,6.1e-07,0.0
holdout,0,8.9e-07,0.0
holdout,0,1.23e-06,0.0
holdout,0,1.42e-06,0.0
holdout,0,2.39e-06,0.0
holdout,0,4.29e-06,0.0
holdout,0,5.94e-06,0.0
holdout,0,5.83e-06,0.0
holdout,0,0.00066613,0.00150745
holdout,0,2.71e-06,0.0
holdout,0,5.42e-06,0.0
holdout,0,2.1e-06,0.0
holdout,0,1.13e-06,0.0
holdout,0,2.19e-06,0.0
holdout,0,6.8e-07,0.0
holdout,0,3.202e-05,0.00103842
holdout,0,1.87e-06,0.0
holdout,0,8.9e-06,0.0
holdout,0,1.87e-06,0.0
holdout,0,1.449e-05,0.0
holdout,0,2.16e-06,0.0
holdout,0,1.48e-06,0.0
holdout,0,4.098e-05,0.0
holdout,0,2.4e-06,0.0
holdout,0,3.03e-06,0.0
holdout,0,5.51e-06,0.0
holdout,0,7.5e-07,0.0
holdout,0,5.9e-07,0.0
holdout,0,7.7e-07,0.0
holdout,0,1.41e-06,0.0
holdout,0,1.81e-06,0.0
holdout,0,8.9e-07,0.0
holdout,0,5.5e-07,0.0
holdout,0,6e-07,0.0
holdout,0,9.1e-07,0.0
holdout,0,6.4e-07,0.0
holdout,0,1.57e-06,0.0
holdout,0,8.7e-07,0.0
holdout,0,3.4e-07,0.0
holdout,0,4e-07,0.0
holdout,0,7.5e-07,0.0
holdout,0,1.11e-06,0.0
holdout,0,4.6e-07,0.0
holdout,0,8.8e-07,0.0
holdout,0,1.16e-06,0.0
holdout,0,1.04e-06,0.0
holdout,0,5.1e-07,0.0
holdout,0,5.4e-07,0.0
holdout,0,4.9e-07,0.0
holdout,0,9.5e-07,0.0
holdout,0,7e-07,0.0
holdout,0,7.2e-07,0.0
holdout,0,5.8e-07,0.0
holdout,0,6.3e-07,0.0
holdout,0,4.8e-07,0.0
holdout,0,4.6e-07,0.0
holdout,0,4.4e-07,0.0
holdout,0,1.87e-06,0.0
holdout,0,3e-06,0.0
holdout,0,6.2e-07,0.0
holdout,0,1.1e-06,0.0
holdout,0,5.2e-07,0.0
holdout,0,1.26e-06,0.0
holdout,0,1.71e-06,0.0
holdout,0,4.9e-07,0.0
holdout,0,5.3e-07,0.0
holdout,0,8.6e-07,0.0
holdout,0,2.37e-06,0.0
holdout,0,5.5e-07,0.0
holdout,0,7.4e-07,0.0
holdout,0,3.22e-06,0.0
holdout,0,9.6e-07,0.0
holdout,0,6.8e-07,0.0
holdout,0,3.99e-06,0.0
holdout,0,6.5e-07,0.0
holdout,0,4.3e-07,0.0
holdout,0,4.8e-07,0.0
holdout,0,1.99e-06,0.0
holdout,0,4.34e-06,0.0
holdout,0,1.2e-06,0.00103842
holdout,0,1.78e-06,0.0
holdout,0,3.63e-06,0.0
holdout,0,3.08e-06,0.0
holdout,0,5.2e-07,0.0
holdout,0,1.01e-06,0.0
holdout,0,1.05e-06,0.0
holdout,0,1.12e-06,0.0
holdout,0,2.53e-06,0.0
holdout,0,7.6e-07,0.0
holdout,0,3.2e-06,0.00103842
holdout,0,6e-07,0.0
holdout,0,1.3e-06,0.0
holdout,0,2.53e-06,0.0
holdout,0,5.92e-06,0.0
holdout,0,3.44e-06,0.0
holdout,0,4.6e-06,0.0
holdout,0,1.76e-06,0.0
holdout,0,1.048e-05,0.0
holdout,0,7.7e-07,0.0
holdout,0,6.3e-07,0.0
holdout,0,4.72e-06,0.0
holdout,0,3.7e-06,0.0
holdout,0,5.5e-07,0.0
holdout,0,5.8e-07,0.0
holdout,0,2.41e-06,0.0
holdout,0,2.879e-05,0.00207684
holdout,0,2.16e-06,0.0
holdout,0,2.4e-06,0.0
holdout,0,1.34e-06,0.0
holdout,0,2.57e-06,0.0
holdout,0,4.81e-06,0.0
holdout,0,1.05e-06,0.0
holdout,0,7.2e-07,0.0
holdout,0,6.76e-06,0.0
holdout,0,9.8e-07,0.0
holdout,0,8.2e-07,0.0
holdout,0,7e-07,0.0
holdout,0,1.99e-06,0.0
holdout,0,3.2e-07,0.0
holdout,0,2.96e-06,0.0
holdout,0,3.7e-07,0.0
holdout,0,3.9e-07,0.0
holdout,0,8.4e-07,0.0
holdout,0,1.718e-05,0.0
holdout,0,9.9e-07,0.0
holdout,0,1.53e-06,0.0
holdout,0,6.87e-06,0.0
holdout,0,3.48e-06,0.0
holdout,0,1.3e-06,0.0
holdout,0,3.5e-06,0.0
holdout,0,0.0001262,0.00103842
holdout,0,3.49e-06,0.0
holdout,0,9.6e-07,0.0
holdout,0,2.19e-06,0.0
holdout,0,8.9e-07,0.0
holdout,0,1.58e-06,0.0
holdout,0,1.55e-06,0.0
holdout,0,1.89e-06,0.0
holdout,0,1.28e-06,0.0
holdout,0,1.53e-06,0.0
holdout,0,1.4e-06,0.0
holdout,0,1.01e-06,0.0
holdout,0,1.1e-06,0.0
holdout,0,6.1e-07,0.0
holdout,0,9.91e-06,0.0
holdout,0,1.73e-06,0.0
holdout,0,8.1e-07,0.0
holdout,0,4e-07,0.0
holdout,0,6.41e-06,0.0
holdout,0,2.53e-06,0.0
holdout,0,2.97e-06,0.0
holdout,0,1.63e-06,0.0
holdout,0,3.828e-05,0.0
holdout,0,1.51e-06,0.0
holdout,0,1.31e-06,0.0
holdout,0,7.67e-06,0.0
holdout,0,3.07e-06,0.0
holdout,0,1.82e-06,0.0
holdout,0,8.6e-07,0.0
holdout,0,1.325e-05,0.0
holdout,0,2.144e-05,0.00103842
holdout,0,3.63e-06,0.0
holdout,0,1.89e-06,0.0
holdout,0,4.75e-06,0.0
holdout,0,2.38e-06,0.0
holdout,0,2.31e-06,0.0
holdout,0,1.542e-05,0.0
holdout,0,0.00044918,0.0036123
holdout,0,5.6e-07,0.0
holdout,0,2.4e-06,0.0
holdout,0,3.08e-06,0.0
holdout,0,1.47e-06,0.0
holdout,0,1.58e-06,0.0
holdout,0,5.4e-07,0.0
holdout,0,7e-07,0.0
holdout,0,3.62e-06,0.0
holdout,0,1.89e-06,0.0
holdout,0,3.34e-06,0.0
holdout,0,1.66e-06,0.0
holdout,0,1.08e-06,0.0
holdout,0,1.38e-06,0.0
holdout,0,1.2e-06,0.0
holdout,0,5.6e-07,0.0
holdout,0,1.77e-06,0.0
holdout,0,5.15e-06,0.0
holdout,0,6e-07,0.0
holdout,0,5.49e-06,0.0
holdout,0,1.809e-05,0.0
holdout,0,2.65e-06,0.0
holdout,0,6.2e-07,0.0
holdout,0,1.76e-06,0.0
holdout,0,1.68e-06,0.0
holdout,0,3.12e-06,0.0
holdout,0,3.019e-05,0.0
holdout,0,4.296e-05,0.0
holdout,0,1.491e-05,0.0
holdout,0,1.1e-06,0.0
holdout,0,5.8e-07,0.0
holdout,0,2.58e-06,0.0
holdout,0,6.95e-06,0.0
holdout,0,0.00011306,0.0026182
holdout,0,9.04e-06,0.0
holdout,0,8.6e-07,0.0
holdout,0,1.09e-06,0.0
holdout,0,1.26e-06,0.0
holdout,0,4.9e-07,0.0
holdout,0,1.9e-06,0.0
holdout,0,2.35e-05,0.0
holdout,0,2.63e-06,0.0
holdout,0,3.85e-06,0.0
holdout,0,1.01e-06,0.0
holdout,0,6.8e-07,0.0
holdout,0,7.101e-05,0.0
holdout,0,7.4e-07,0.0
holdout,0,1.78e-06,0.0
holdout,0,1.31e-06,0.0
holdout,0,7.062e-05,0.00207684
holdout,0,2.89e-06,0.0
holdout,0,6.1e-07,0.0
holdout,0,5.2e-07,0.0
holdout,0,4.34e-06,0.0
holdout,0,5.45e-06,0.0
holdout,0,5.065e-05,0.0
holdout,0,3.3e-06,0.0
holdout,0,7.42e-06,0.0
holdout,0,1.03e-06,0.0
holdout,0,5.57e-06,0.0
holdout,0,2.71e-06,0.0
holdout,0,3.44e-06,0.0
holdout,0,8.6e-07,0.0
holdout,0,8.3e-07,0.0
holdout,0,4.8e-07,0.0
holdout,0,2.21e-06,0.0
holdout,0,1.19e-06,0.0
holdout,0,1e-06,0.0
holdout,0,7.3e-07,0.0
holdout,0,1.12e-06,0.0
holdout,0,3.46e-06,0.0
holdout,0,1.64e-06,0.0
holdout,0,2.26e-06,0.0
holdout,0,1.02e-06,0.0
holdout,0,3.81e-06,0.0
holdout,0,4.53e-06,0.0
holdout,0,4.3e-07,0.0
holdout,0,1.327e-05,0.0
holdout,0,3.327e-05,0.0
holdout,0,5.825e-05,0.0
holdout,0,9.64e-06,0.0
holdout,0,5.5e-07,0.0
holdout,0,2.77e-06,0.0
holdout,0,9.2e-07,0.0
holdout,0,3.02e-06,0.0
holdout,0,1.53e-06,0.0
holdout,0,5.6e-07,0.0
holdout,0,4.13e-06,0.0
holdout,0,3.32e-06,0.0
holdout,0,6.762e-05,0.0
holdout,0,7.7e-07,0.0
holdout,0,2.73e-06,0.0
holdout,0,6.7e-07,0.0
holdout,0,1.1e-06,0.0
holdout,0,9.7e-07,0.0
holdout,0,1.72e-06,0.0
holdout,0,1.67e-06,0.0
holdout,0,6.11e-06,0.0
holdout,0,3.21e-06,0.0
holdout,0,2.05e-06,0.0
holdout,0,5.61e-06,0.0
holdout,0,1.53e-06,0.0
holdout,0,7.2e-07,0.0
holdout,0,1.03e-05,0.0
holdout,0,2.01e-06,0.0
holdout,0,1.06e-06,0.0
holdout,0,1.21e-06,0.0
holdout,0,1.36e-06,0.0
holdout,0,2.96e-06,0.0
holdout,0,4.85e-06,0.0
holdout,0,0.00028816,0.0026182
holdout,0,1.49e-06,0.0
holdout,0,1.31e-06,0.0
holdout,0,2.19e-06,0.0
holdout,0,2.68e-06,0.0
holdout,0,1.12e-06,0.0
holdout,0,1.32e-06,0.0
holdout,0,8.89e-06,0.0
holdout,0,1.69e-06,0.0
holdout,0,1.6e-06,0.0
holdout,0,2.88e-06,0.0
holdout,0,1.6e-06,0.0
holdout,0,3.36e-06,0.0
holdout,0,1.01e-06,0.0
holdout,0,2.49e-06,0.0
holdout,0,1.89e-06,0.0
holdout,0,6.5e-07,0.0
holdout,0,3.17e-06,0.0
holdout,0,7.4e-07,0.0
holdout,0,1.47e-06,0.0
holdout,0,9.75e-06,0.0
holdout,0,6.9e-07,0.0
holdout,0,8.89e-06,0.0
holdout,0,1.26e-06,0.0
holdout,0,5.29e-06,0.0
holdout,0,1.13e-06,0.0
holdout,0,1.14e-06,0.0
holdout,0,9.5e-07,0.0
holdout,0,2.168e-05,0.0
holdout,0,3.66e-06,0.0
holdout,0,3.77e-06,0.0
holdout,0,1.22e-06,0.0
holdout,0,4.72e-06,0.0
holdout,0,8.58e-06,0.0
holdout,0,2.13e-06,0.0
holdout,0,8.92e-06,0.0
holdout,0,2.17e-06,0.0
holdout,0,4.45e-06,0.0
holdout,0,7.006e-05,0.0
holdout,0,7.2e-07,0.0
holdout,0,6.3e-07,0.0
holdout,0,2.19e-06,0.0
holdout,0,0.0001606,0.0
holdout,0,1.537e-05,0.0
holdout,0,1.95e-06,0.0
holdout,0,6.22e-06,0.0
holdout,0,4.21e-06,0.0
holdout,0,8.61e-06,0.0
holdout,0,3.11e-06,0.0
holdout,0,1.45e-06,0.0
holdout,0,3.91e-06,0.0
holdout,0,1.53e-06,0.0
holdout,0,3.05e-06,0.0
holdout,0,9.8e-07,0.0
holdout,0,5.57e-06,0.0
holdout,0,2.113e-05,0.0
holdout,0,1.21e-06,0.0
holdout,0,0.00019224,0.0
holdout,0,7.82e-06,0.0
holdout,0,2.61e-06,0.0
holdout,0,1.09e-06,0.0
holdout,0,4.43e-06,0.0
holdout,0,4.03e-06,0.0
holdout,0,6.549e-05,0.0
holdout,0,5.9e-06,0.0
holdout,0,3.01e-06,0.0
holdout,0,1.455e-05,0.0
holdout,0,1.79e-06,0.0
holdout,0,4.44e-06,0.0
holdout,0,3.98e-06,0.0
holdout,0,2.36e-06,0.0
holdout,0,2.439e-05,0.0
holdout,0,4.6e-06,0.0
holdout,0,1.818e-05,0.0
holdout,0,2.42e-06,0.0
holdout,0,2.69e-06,0.0
holdout,0,3.66e-06,0.0
holdout,0,9e-07,0.0
holdout,0,2.93e-06,0.0
holdout,0,2.303e-05,0.0
holdout,0,2.09e-06,0.0
holdout,0,7.44e-06,0.0
holdout,0,3.83e-06,0.0
holdout,0,9.406e-05,0.0
holdout,0,1.39e-06,0.0
holdout,0,3.7e-07,0.0
holdout,0,1.115e-05,0.0
holdout,0,1.989e-05,0.0
holdout,0,9.94e-06,0.0
holdout,0,6.44e-06,0.0
holdout,0,3.22e-06,0.0
holdout,0,6.6e-07,0.0
holdout,0,1.58e-06,0.0
holdout,0,2e-06,0.0
holdout,0,2.49e-06,0.0
holdout,0,3.31e-06,0.0
holdout,0,0.00149355,0.0026182
holdout,0,8.67e-06,0.0
holdout,0,1.04e-06,0.0
holdout,0,3.57e-06,0.0
holdout,0,4.61e-06,0.0
holdout,0,3.79e-06,0.0
holdout,0,7.29e-06,0.0
holdout,0,1.016e-05,0.0
holdout,0,4.3e-06,0.0
holdout,0,1.15e-06,0.0
holdout,0,2.7e-06,0.0
holdout,0,3.19e-06,0.0
holdout,0,2.15e-06,0.0
holdout,0,2.52e-06,0.0
holdout,0,1.23e-06,0.0
holdout,0,8.8e-07,0.0
holdout,0,4.6e-07,0.0
holdout,0,4.74e-06,0.0
holdout,0,5.81e-06,0.0
holdout,0,4.12e-06,0.0
holdout,0,7.48e-06,0.0
holdout,0,9.964e-05,0.00103842
holdout,0,3.57e-06,0.0
holdout,0,2.043e-05,0.0
holdout,0,1.004e-05,0.0
holdout,0,1.02e-06,0.0
holdout,0,1.84e-06,0.0
holdout,0,2.56e-06,0.0
holdout,0,9.06e-06,0.0
holdout,0,8.3e-07,0.0
holdout,0,1.71e-06,0.0
holdout,0,1.99e-06,0.0
holdout,0,4.54e-06,0.0
holdout,0,1.85e-06,0.0
holdout,0,5.55e-06,0.0
holdout,0,2.7e-06,0.0
holdout,0,3.814e-05,0.0
holdout,0,1.25e-06,0.0
holdout,0,9.8e-07,0.0
holdout,0,6.56e-06,0.0
holdout,0,3.656e-05,0.0
holdout,0,6.28e-06,0.0
holdout,0,1.045e-05,0.0
holdout,0,1.39e-06,0.0
holdout,0,3.5e-06,0.0
holdout,0,2.9e-07,0.0
holdout,0,2.88e-06,0.0
holdout,0,9.4e-07,0.0
holdout,0,8.92e-06,0.0
holdout,0,1e-06,0.0
holdout,0,0.26984955,0.16794122
holdout,0,1.87e-06,0.0
holdout,0,9.2e-07,0.0
holdout,0,1.39e-06,0.0
holdout,0,1.49e-06,0.0
holdout,0,2.42e-06,0.0
holdout,0,5.42e-06,0.0
holdout,0,8.5e-07,0.0
holdout,0,3.12e-06,0.0
holdout,0,9.7e-07,0.0
holdout,0,2.39e-06,0.0
holdout,0,7.48e-06,0.0
holdout,0,1.77e-06,0.0
holdout,0,5.7e-07,0.0
holdout,0,4.411e-05,0.0
holdout,0,1.454e-05,0.0
holdout,0,7.45e-06,0.0
holdout,0,1.11e-06,0.0
holdout,0,1.59e-06,0.0
holdout,0,9.89e-06,0.0
holdout,0,1.14e-06,0.0
holdout,0,6.6e-07,0.0
holdout,0,1.08e-06,0.0
holdout,0,2.08e-06,0.0
holdout,0,9.9e-07,0.0
holdout,0,1.45e-06,0.0
holdout,0,1.35e-06,0.0
holdout,0,1.21e-06,0.0
holdout,0,8.5e-07,0.0
holdout,0,6.77e-06,0.0
holdout,0,3.649e-05,0.0
holdout,0,7.6e-07,0.0
holdout,0,1.57e-06,0.0
holdout,0,8.3e-07,0.0
holdout,0,9.7e-07,0.0
holdout,0,1.041e-05,0.0
holdout,0,2.67e-06,0.0
holdout,0,0.00019379,0.00207684
holdout,0,1.102e-05,0.0
holdout,0,2.99e-06,0.0
holdout,0,1.86e-06,0.0
holdout,0,5.83e-06,0.0
holdout,0,7.616e-05,0.0
holdout,0,1.01e-06,0.0
holdout,0,1.23e-06,0.0
holdout,0,2.75e-06,0.0
holdout,0,5.6e-06,0.0
holdout,0,7.41e-06,0.0
holdout,0,8.1e-06,0.0
holdout,0,3.07e-06,0.0
holdout,0,2.54e-06,0.0
holdout,0,1.235e-05,0.0
holdout,0,1.051e-05,0.0
holdout,0,1.07e-06,0.0
holdout,0,3.8e-06,0.0
holdout,0,2.47e-06,0.0
holdout,0,6.75e-06,0.0
holdout,0,7.4e-07,0.0
holdout,0,1.99e-06,0.0
holdout,0,2.59e-06,0.0
holdout,0,3.08e-06,0.0
holdout,0,1.55e-06,0.0
holdout,0,1.62e-06,0.0
holdout,0,1.52e-06,0.0
holdout,0,3.683e-05,0.0
holdout,0,1.41e-06,0.0
holdout,0,4.44e-06,0.0
holdout,0,2.98e-06,0.00207684
holdout,0,1.83e-06,0.0
holdout,0,5.643e-05,0.00103842
holdout,0,1.29e-06,0.0
holdout,0,9e-07,0.0
holdout,0,1.56e-06,0.0
holdout,0,9.7e-07,0.0
holdout,0,4.216e-05,0.00103842
holdout,0,7.1e-07,0.0
holdout,0,2.43e-06,0.0
holdout,0,1.03e-06,0.0
holdout,0,1.75e-06,0.0
holdout,0,2.3e-06,0.0
holdout,0,3.62e-06,0.0
holdout,0,2.79e-06,0.0
holdout,0,1.66e-06,0.0
holdout,0,7.6e-06,0.0
holdout,0,2.06e-06,0.0
holdout,0,2.773e-05,0.00207684
holdout,0,1.474e-05,0.0
holdout,0,2.55e-06,0.0
holdout,0,8.83e-06,0.0
holdout,0,5.52e-05,0.0
holdout,0,6.7e-07,0.0
holdout,0,4.1e-07,0.0
holdout,0,1.028e-05,0.0
holdout,0,1.61e-06,0.0
holdout,1,0.63916388,0.96969697
holdout,1,0.99972947,1.0
holdout,1,0.99988747,1.0
holdout,1,0.40172932,0.16794122
holdout,1,0.79351628,0.13248396
holdout,1,0.99947647,1.0
holdout,1,0.99902699,1.0
holdout,1,0.9986429,0.5
holdout,1,0.98292539,0.88885447
holdout,1,0.99621436,0.93979877
holdout,0,1.77e-06,0.0
holdout,1,0.99965829,1.0
holdout,1,0.99840683,0.54028297
holdout,1,0.98015945,0.75555556
holdout,1,0.91326758,0.33536585
holdout,1,0.99946163,0.96969697
holdout,1,0.99846791,0.84219208
holdout,1,0.99947148,0.53333333
holdout,1,0.99904448,0.33675214
holdout,0,1.89e-06,0.0
holdout,1,0.06658527,0.03675474
holdout,1,0.99845831,0.53333333
holdout,1,0.99633945,0.91666667
holdout,1,0.99876321,1.0
holdout,1,0.99610631,0.44444444
holdout,1,0.99084445,0.5731467
holdout,1,0.99927529,0.88636364
holdout,1,0.99986108,1.0
holdout,1,0.99831231,0.96969697
holdout,1,0.99985655,1.0
holdout,1,0.98690649,0.82288335
holdout,1,0.99664205,1.0
holdout,1,0.9984037,0.96969697
holdout,1,0.99493692,0.93811779
holdout,1,0.99703095,0.96969697
holdout,1,0.97474179,0.83636364
holdout,1,0.99957785,1.0
holdout,1,0.9998404,0.96969697
holdout,1,0.00191589,0.13248396
holdout,1,0.99939713,0.74747475
holdout,1,0.99986723,0.74747475
holdout,1,0.99988303,0.77777778
holdout,1,0.99987237,0.66666667
holdout,1,0.99987237,0.66666667
holdout,1,0.99008195,0.74747475
holdout,1,0.47331185,0.46423752
holdout,1,0.99882726,0.96969697
holdout,1,0.39232759,0.66666667
holdout,1,0.99945376,0.37037037
holdout,1,0.99987038,0.96969697
holdout,1,0.99965063,0.88636364
holdout,1,0.99988782,1.0
holdout,1,0.99988914,1.0
holdout,1,0.99985599,1.0
holdout,1,0.98858151,0.53333333
holdout,1,0.99964192,0.96969697
holdout,1,0.99852693,0.65789734
holdout,1,0.98334082,0.74162679
holdout,1,0.69281987,0.96969697
holdout,1,0.85277949,0.07168707
holdout,1,0.9971303,0.29964197
holdout,1,0.99907995,1.0
holdout,1,0.85392092,0.35686093
holdout,1,0.99795966,0.75136489
holdout,1,0.99983838,1.0
holdout,1,0.99984153,1.0
holdout,1,0.99988538,0.96969697
holdout,1,0.99984167,0.88888889
holdout,1,0.99984042,0.88888889
holdout,1,0.99984243,0.77777778
holdout,1,0.99935403,0.88888889
train,0,7.304e-05,
train,0,8.8e-07,
train,0,5.46e-06,
train,0,2.252e-05,
train,0,5.08e-06,
train,0,0.00035727,
train,0,1.05e-06,
train,0,7.86e-06,
train,0,2.291e-05,
train,0,0.00022122,
train,0,0.00015454,
train,0,0.00262881,
train,0,2.506e-05,
train,0,9.33e-06,
train,0,1.64e-06,
train,0,1.98e-06,
train,0,1.52e-06,
train,0,1.437e-05,
train,0,5.2e-05,
train,0,2.34e-06,
train,0,1.679e-05,
train,0,8.206e-05,
train,0,0.10545138,
train,0,3.52e-06,
train,0,5.6e-07,
train,0,1.854e-05,
train,0,1.32e-06,
train,0,5.325e-05,
train,0,1.01e-06,
train,0,0.00034623,
train,0,7.99e-05,
train,0,2.15e-06,
train,0,3.2e-06,
train,0,1.57e-06,
train,0,4.8e-07,
train,0,1.68e-05,
train,0,0.00021696,
train,0,0.09679074,
train,0,1.05e-06,
train,0,0.000296,
train,0,1.873e-05,
train,0,1.2e-06,
train,0,0.00264407,
train,0,1.43e-05,
train,0,4.459e-05,
train,0,6.1e-06,
train,0,2.084e-05,
train,0,4.26e-06,
train,0,0.00039876,
train,0,4.33e-06,
train,0,4.47e-06,
train,0,0.00102895,
train,0,1.04e-06,
train,0,2.172e-05,
train,0,0.00017058,
train,0,9.35e-06,
train,0,7.39e-06,
train,0,0.00030326,
train,0,0.00039711,
train,0,0.00194437,
train,0,1.46e-06,
train,0,1.2e-06,
train,0,3.39e-06,
train,0,5.6e-07,
train,0,2.38e-05,
train,0,3.85e-06,
train,0,1.67e-06,
train,0,1.807e-05,
train,0,0.00098747,
train,0,2.25e-06,
train,0,0.00022475,
train,0,3.81e-06,
train,0,0.01009441,
train,0,6.14e-06,
train,0,1.69e-06,
train,0,1.9e-06,
train,0,7.154e-05,
train,0,3.178e-05,
train,0,1.601e-05,
train,0,8.4e-07,
train,0,1.162e-05,
train,0,0.00044262,
train,0,0.00676291,
train,0,4.27e-06,
train,0,0.0002246,
train,0,1.85e-06,
train,0,1.513e-05,
train,0,0.03306132,
train,0,1.43e-06,
train,0,1.67e-06,
train,0,1.31e-06,
train,0,3.69e-06,
train,0,2.34e-06,
train,0,4.27e-06,
train,0,1.025e-05,
train,0,7.616e-05,
train,0,5.52e-05,
train,0,8.6e-06,
train,0,6.99e-05,
train,0,0.00896605,
train,0,3.36e-06,
train,0,9.7e-07,
train,0,4.69e-06,
train,0,1.416e-05,
train,0,1.901e-05,
train,0,1.176e-05,
train,0,4.99e-06,
train,0,1.28e-06,
train,0,8.2e-07,
train,0,6.94e-06,
train,0,0.00601908,
train,0,0.00108081,
train,0,5.93e-06,
train,0,0.00017803,
train,0,5.54e-06,
train,0,0.00192838,
train,0,3.28e-06,
train,0,9.1e-07,
train,0,0.00013285,
train,0,1.54e-06,
train,0,0.00013449,
train,0,0.00913793,
train,0,4.617e-05,
train,0,5.89e-06,
train,0,2.13e-06,
train,0,0.65453498,
train,0,4.8e-07,
train,0,3.34e-06,
train,0,0.00039209,
train,0,0.00011185,
train,0,0.00034405,
train,0,6.121e-05,
train,0,1.35e-06,
train,0,1.549e-05,
train,0,3.1e-06,
train,0,4.5e-06,
train,0,7e-07,
train,0,0.00038379,
train,0,1.629e-05,
train,0,0.00563879,
train,0,0.02661799,
train,0,4.625e-05,
train,0,2.82e-06,
train,0,0.00029208,
train,0,6.617e-05,
train,0,5.44e-06,
train,0,0.1230188,
train,0,4.979e-05,
train,0,0.00807404,
train,0,1.91e-06,
train,0,1.284e-05,
train,0,8.809e-05,
train,0,2.32e-06,
train,0,0.2865436,
train,0,1.62e-06,
train,0,2.38e-06,
train,0,0.00360946,
train,0,9.8e-07,
train,0,1.38e-06,
train,0,3.71e-06,
train,0,1.617e-05,
train,0,2.536e-05,
train,0,1.353e-05,
train,0,4.92e-06,
train,0,5.23e-06,
train,0,2.43e-06,
train,0,0.00016391,
train,0,0.00064615,
train,0,0.00017081,
train,0,1.03e-06,
train,0,2.89e-06,
train,0,1.55e-06,
train,0,1.19e-06,
train,0,1.221e-05,
train,0,1.091e-05,
train,0,3.246e-05,
train,0,3.29e-06,
train,0,2.24e-06,
train,0,0.00092721,
train,0,1.36e-06,
train,0,1.39e-06,
train,0,4.49e-06,
train,0,1.679e-05,
train,0,1.66e-06,
train,0,4.11e-06,
train,0,0.01219777,
train,0,2.055e-05,
train,0,1.709e-05,
train,0,0.00035879,
train,0,5.62e-06,
train,0,3.745e-05,
train,0,0.00203773,
train,0,1.82e-06,
train,0,0.00060882,
train,0,0.00814428,
train,0,0.06441151,
train,0,9.21e-06,
train,0,9.7e-07,
train,0,2.235e-05,
train,0,4.21e-06,
train,0,0.00041455,
train,0,4.367e-05,
train,0,1.42e-06,
train,0,4.8e-07,
train,0,2.79e-06,
train,0,3.65e-06,
train,0,7.069e-05,
train,0,2.71e-06,
train,0,4.488e-05,
train,0,4.38e-06,
train,0,4.948e-05,
train,0,6.58e-06,
train,0,0.11313215,
train,0,4.56e-06,
train,0,6.1e-07,
train,0,2.87e-06,
train,0,5.071e-05,
train,0,3.7e-06,
train,0,1.99e-06,
train,0,3.35e-06,
train,0,4.45e-06,
train,0,6.067e-05,
train,0,0.0003625,
train,0,3.03e-06,
train,0,0.01969835,
train,0,7.16e-05,
train,0,1.028e-05,
train,0,3.393e-05,
train,0,5.417e-05,
train,0,0.00015649,
train,0,1.5e-06,
train,0,0.00168589,
train,0,3.2e-06,
train,0,1.616e-05,
train,0,0.08753384,
train,0,9.408e-05,
train,0,0.00012046,
train,0,2.155e-05,
train,0,1.36e-06,
train,0,3.591e-05,
train,0,2.706e-05,
train,0,0.00098547,
train,0,1.86e-06,
train,0,9.87e-06,
train,0,4.453e-05,
train,0,1.137e-05,
train,0,0.00014969,
train,0,0.00408032,
train,0,0.04768396,
train,0,0.00035917,
train,0,2.38e-06,
train,0,1.29e-06,
train,0,6.097e-05,
train,0,0.03366914,
train,0,1.09e-06,
train,0,6.78e-06,
train,0,2.6e-06,
train,0,4.76e-06,
train,0,0.00094037,
train,0,5.55e-06,
train,0,1.21e-06,
train,0,2.479e-05,
train,0,3.46e-06,
train,0,8.488e-05,
train,0,1.523e-05,
train,0,5.6e-07,
train,0,1.46e-06,
train,0,1.08e-06,
train,0,7.55e-06,
train,0,1.958e-05,
train,0,2.54e-06,
train,0,3.626e-05,
train,0,8.77e-06,
train,0,9.12e-06,
train,0,3.59e-06,
train,0,5.16e-06,
train,0,1.366e-05,
train,0,8.42e-06,
train,0,6.482e-05,
train,0,1.61e-06,
train,0,8.89e-06,
train,0,0.05100702,
train,0,6.88e-06,
train,0,2.277e-05,
train,0,1.66e-06,
train,0,8.22e-06,
train,0,0.00027135,
train,0,9.8e-07,
train,0,0.00024487,
train,0,4.85e-06,
train,0,0.00467681,
train,0,1.457e-05,
train,0,8.8e-07,
train,0,3.91e-06,
train,0,0.00028245,
train,0,1.38e-06,
train,0,2.95e-06,
train,0,2.467e-05,
train,0,0.00589967,
train,0,3.361e-05,
train,0,1.505e-05,
train,0,1.37e-06,
train,0,1.07e-06,
train,0,0.000529,
train,0,7.84e-06,
train,0,0.08460028,
train,0,3.32e-06,
train,0,3.82e-06,
train,0,1.925e-05,
train,0,2.693e-05,
train,0,1.43e-06,
train,0,0.00028652,
train,0,1.33e-06,
train,0,0.00023377,
train,0,2.048e-05,
train,0,3.12e-06,
train,0,1.61e-06,
train,0,2.86e-06,
train,0,3e-07,
train,0,2.6e-06,
train,0,9.6e-07,
train,0,0.00281582,
train,0,2.13e-06,
train,0,2.14e-06,
train,0,7.9e-07,
train,0,1.005e-05,
train,0,5.9e-06,
train,0,6.36e-06,
train,0,2.94e-06,
train,0,1.19e-06,
train,0,2.61e-06,
train,0,0.0002773,
train,0,0.01074794,
train,0,6.65e-06,
train,0,2.162e-05,
train,0,9.5e-07,
train,0,3.298e-05,
train,0,1.16e-05,
train,0,0.00018343,
train,0,6.256e-05,
train,0,5.05e-06,
train,0,1.5e-06,
train,0,2.589e-05,
train,0,1.301e-05,
train,0,2.9e-07,
train,0,9.22e-06,
train,0,1.05e-06,
train,0,7.1e-07,
train,0,2.56e-06,
train,0,3.33e-06,
train,0,0.00014731,
train,0,0.00011398,
train,0,6.4e-07,
train,0,1.66e-06,
train,0,6.2e-07,
train,0,5.389e-05,
train,0,7.85e-06,
train,0,1.35e-06,
train,0,1.794e-05,
train,0,0.00025915,
train,0,9.99e-06,
train,0,0.00096947,
train,0,2.62e-06,
train,0,1.089e-05,
train,0,2.909e-05,
train,0,0.0545586,
train,0,2.348e-05,
train,0,4.23e-06,
train,0,3.202e-05,
train,0,9.2e-07,
train,0,1.94e-06,
train,0,7.81e-06,
train,0,5.68e-06,
train,0,1.214e-05,
train,0,4.512e-05,
train,0,7.6e-07,
train,0,0.0001458,
train,0,2.59e-06,
train,0,1.16e-06,
train,0,1.35e-06,
train,0,9.7e-07,
train,0,4.09e-06,
train,0,0.00026656,
train,0,2.06e-06,
train,0,8.51e-06,
train,0,5.8e-07,
train,0,2.94e-06,
train,0,3.71e-06,
train,0,1.664e-05,
train,0,3.8e-06,
train,0,7.92e-06,
train,0,3.51e-06,
train,0,6e-07,
train,0,1.87e-06,
train,0,3.6e-06,
train,0,1.2e-06,
train,0,2.46e-06,
train,0,1.02e-06,
train,0,2.92e-06,
train,0,0.00045941,
train,0,2.41e-06,
train,0,0.00079757,
train,0,6.8e-07,
train,0,1.09e-06,
train,0,1.87e-06,
train,0,7.4e-07,
train,0,9.3e-07,
train,0,7.603e-05,
train,0,5e-07,
train,0,1.52e-06,
train,0,8.2e-07,
train,0,1.42e-06,
train,0,9e-07,
train,0,2.34e-06,
train,0,1.2e-06,
train,0,1.02e-06,
train,0,1.11e-06,
train,0,7.9e-07,
train,0,6.7e-07,
train,0,5.1e-07,
train,0,1.83e-06,
train,0,1.42e-06,
train,0,7.9e-07,
train,0,3.7e-07,
train,0,5.6e-07,
train,0,2.61e-06,
train,0,2.1e-06,
train,0,4.112e-05,
train,0,4.4e-07,
train,0,0.02633435,
train,0,4.44e-06,
train,0,1.62e-06,
train,0,4.24e-06,
train,0,1.828e-05,
train,0,2.556e-05,
train,0,1.076e-05,
train,0,1.22e-06,
train,0,1.89e-06,
train,0,2e-06,
train,0,1.1e-06,
train,0,1e-06,
train,0,4.62e-06,
train,0,2.78e-06,
train,0,1.4e-06,
train,0,3.25e-06,
train,0,1.75e-06,
train,0,8.8e-07,
train,0,1.25e-06,
train,0,0.00048996,
train,0,1.37e-06,
train,0,6.892e-05,
train,0,1.65e-06,
train,0,5.95e-06,
train,0,3.75e-06,
train,0,1.03e-06,
train,0,3.48e-06,
train,0,3.33e-06,
train,0,1.61e-06,
train,0,2.012e-05,
train,0,1.08e-06,
train,0,0.00013222,
train,0,1.78e-06,
train,0,2.5e-06,
train,0,0.00116327,
train,0,3.96e-06,
train,0,1.41e-06,
train,0,0.00024247,
train,0,0.00438405,
train,0,9.7e-07,
train,0,5.52e-06,
train,0,3.53e-06,
train,0,0.00016347,
train,0,4.11e-06,
train,0,2.48e-06,
train,0,2.99e-06,
train,0,3.76e-06,
train,0,2.71e-06,
train,0,4.42e-06,
train,0,6.04e-06,
train,0,3.45e-06,
train,0,5.91e-06,
train,0,5.61e-06,
train,0,2.208e-05,
train,0,7.4e-07,
train,0,6.66e-06,
train,0,0.00072306,
train,0,0.05977826,
train,0,8.78e-06,
train,0,2.25e-06,
train,0,2.75e-06,
train,0,1.81e-06,
train,0,4.92e-06,
train,0,3.76e-06,
train,0,2.29e-06,
train,0,1.91e-06,
train,0,0.01471588,
train,0,1.05e-06,
train,0,2.1e-06,
train,0,1.49e-06,
train,0,1.36e-06,
train,0,2.86e-06,
train,0,3.6e-06,
train,0,2.03e-06,
train,0,4.22e-06,
train,0,0.00014006,
train,0,2.63e-06,
train,0,1.74e-06,
train,0,2.97e-06,
train,0,4e-07,
train,0,2.18e-06,
train,0,1.19e-06,
train,0,1.78e-06,
train,0,1.107e-05,
train,0,6.6e-07,
train,0,7.16e-06,
train,0,3.4e-06,
train,0,1.131e-05,
train,0,8.4e-07,
train,0,5.51e-06,
train,0,1.72e-06,
train,0,3.824e-05,
train,0,1.28e-06,
train,0,4.98e-06,
train,0,0.00031521,
train,0,1.426e-05,
train,0,1.125e-05,
train,0,1.52e-06,
train,0,0.12298595,
train,0,4.83e-06,
train,0,7.76e-06,
train,0,1.88e-06,
train,0,7.9e-07,
train,0,2.8e-06,
train,0,2.05e-06,
train,0,3.29e-06,
train,0,3.65e-06,
train,0,5.76e-06,
train,0,1.03e-06,
train,0,8.31e-06,
train,0,3.81e-06,
train,0,3.3e-06,
train,0,1.46e-06,
train,0,1.52e-05,
train,0,1.62e-06,
train,0,1.25e-06,
train,0,3.6e-06,
train,0,2.625e-05,
train,0,1.251e-05,
train,0,0.0006282,
train,0,4.13e-06,
train,0,2.17e-06,
train,0,1.539e-05,
train,0,3.51e-06,
train,0,8.389e-05,
train,0,1.03e-06,
train,0,1.94e-06,
train,0,0.00052247,
train,0,5.34e-06,
train,0,4.38e-06,
train,0,0.00018899,
train,0,6.75e-06,
train,0,9.8e-07,
train,0,9.993e-05,
train,0,1.095e-05,
train,0,7.19e-06,
train,0,2.83e-06,
train,0,5.17e-06,
train,0,1.28e-06,
train,0,7.6e-07,
train,0,3.75e-06,
train,0,2.653e-05,
train,0,1.27e-06,
train,0,0.06433956,
train,0,0.00084072,
train,0,0.00066983,
train,0,1.39e-06,
train,0,0.00011532,
train,0,3.01e-06,
train,0,0.03262271,
train,0,1.015e-05,
train,0,2.7e-06,
train,0,1.047e-05,
train,0,1.086e-05,
train,0,1.046e-05,
train,0,6e-06,
train,0,1.357e-05,
train,0,7.21e-06,
train,0,2.796e-05,
train,0,8.23e-06,
train,0,1.688e-05,
train,0,1.269e-05,
train,0,0.00077137,
train,0,0.00260384,
train,0,3.5e-05,
train,0,9.1e-07,
train,0,1.93e-05,
train,0,2.61e-06,
train,0,3.44e-06,
train,0,1.126e-05,
train,0,1.07e-06,
train,0,6.572e-05,
train,0,0.00037928,
train,0,3.02e-06,
train,0,4.6e-07,
train,0,9.7e-07,
train,0,2.1e-06,
train,0,3.01e-06,
train,0,5.2e-07,
train,0,1.09e-06,
train,0,1.43e-05,
train,0,0.00029976,
train,0,2.45e-06,
train,0,0.0001417,
train,0,2.41e-06,
train,0,3.19e-06,
train,0,2.975e-05,
train,0,5.53e-06,
train,0,7.67e-06,
train,0,5.51e-06,
train,0,6.55e-06,
train,0,2.71e-06,
train,0,2.77e-06,
train,0,1.04e-05,
train,0,1.86e-06,
train,0,4.03e-06,
train,0,1.93e-06,
train,0,1.058e-05,
train,0,2.603e-05,
train,0,5.12e-06,
train,0,6.2e-06,
train,0,2.91e-06,
train,0,9.65e-06,
train,0,3.97e-06,
train,0,7.35e-06,
train,0,3.558e-05,
train,0,7.9e-07,
train,0,1.53e-06,
train,0,1.72e-06,
train,0,0.03233531,
train,0,5.6e-07,
train,0,1.55e-06,
train,0,0.00037756,
train,0,0.00021661,
train,0,6.75e-06,
train,0,3.05e-06,
train,0,4.1e-06,
train,0,3.51e-06,
train,0,6.84e-06,
train,0,0.00019445,
train,0,0.00095918,
train,0,1.56e-06,
train,0,2.24e-06,
train,0,5.7e-06,
train,0,1.67e-06,
train,0,2.02e-05,
train,0,2.28e-06,
train,0,4.04e-06,
train,0,6.386e-05,
train,0,1.03e-06,
train,0,1.68e-06,
train,0,9.66e-06,
train,0,1.7e-06,
train,0,0.00958868,
train,0,6.7e-06,
train,0,1.12e-06,
train,0,4.215e-05,
train,0,8.26e-06,
train,0,0.00018824,
train,0,0.00082428,
train,0,1.679e-05,
train,0,5.35e-06,
train,0,8.613e-05,
train,0,6.9e-07,
train,0,7.47e-06,
train,0,1.26e-06,
train,0,5.47e-06,
train,0,2.3e-06,
train,0,2.51e-06,
train,0,8.3e-07,
train,0,2.7e-06,
train,0,4.88e-06,
train,0,2.19e-06,
train,0,7.94e-06,
train,0,2.03e-06,
train,0,1.44e-06,
train,0,0.00016328,
train,0,1.79e-06,
train,0,2.33e-06,
train,0,2.33e-06,
train,0,5.4e-07,
train,0,2.91e-06,
train,0,2.21e-06,
train,0,6.3e-07,
train,0,6.65e-06,
train,0,5.9e-07,
train,0,6.12e-06,
train,0,1.03e-06,
train,0,1.41e-06,
train,0,4e-07,
train,0,6.4e-07,
train,0,1.08e-06,
train,0,1.04e-06,
train,0,8.5e-07,
train,0,1.24e-06,
train,0,1.14e-06,
train,0,8.9e-07,
train,0,5.1e-07,
train,0,1.07e-06,
train,0,8.5e-07,
train,0,1.25e-06,
train,0,9.6e-07,
train,0,4.35e-06,
train,0,3.86e-06,
train,0,1.23e-06,
train,0,9e-07,
train,0,5.9e-07,
train,0,0.00012699,
train,0,7.9e-07,
train,0,7.2e-07,
train,0,5.9e-07,
train,0,6.47e-06,
train,0,2.76e-06,
train,0,1.58e-06,
train,0,8.9e-07,
train,0,3.24e-06,
train,0,1.23e-06,
train,0,1.65e-06,
train,0,2.62e-06,
train,0,1.043e-05,
train,0,4.6e-07,
train,0,1.13e-06,
train,0,2.92e-06,
train,0,1.27e-06,
train,0,7.6e-07,
train,0,2.12e-06,
train,0,2.05e-06,
train,0,8.6e-07,
train,0,0.00134504,
train,0,6e-07,
train,0,9.9e-07,
train,0,8.7e-07,
train,0,3.76e-06,
train,0,3.15e-06,
train,0,3.69e-06,
train,0,1.26e-06,
train,0,3e-07,
train,0,9.8e-07,
train,0,1.17e-06,
train,0,0.00010967,
train,0,2.32e-06,
train,0,1.81e-06,
train,0,7.71e-06,
train,0,3.59e-06,
train,0,0.02911468,
train,0,0.00011525,
train,0,9.7e-07,
train,0,3.711e-05,
train,0,3.79e-06,
train,0,2.05e-06,
train,0,8.59e-06,
train,0,2.31e-06,
train,0,3.45e-06,
train,0,7.4e-07,
train,0,5.94e-06,
train,0,3.25e-06,
train,0,8.92e-06,
train,0,3.385e-05,
train,0,0.0009151,
train,0,2.93e-06,
train,0,0.00016449,
train,0,0.00625548,
train,0,2.42e-06,
train,0,0.00030919,
train,0,4.15e-06,
train,0,0.00028826,
train,0,0.00221151,
train,0,0.00026079,
train,0,1.49e-06,
train,0,2.47e-06,
train,0,0.00012227,
train,0,1.25e-06,
train,0,0.00034682,
train,0,4.89e-06,
train,0,2.05e-06,
train,0,1.647e-05,
train,0,8.61e-06,
train,0,1.47e-06,
train,0,2.25e-06,
train,0,2.12e-06,
train,0,2.63e-06,
train,0,9.848e-05,
train,0,1.3e-06,
train,0,1.435e-05,
train,0,0.00360432,
train,0,3.62e-06,
train,0,5.55e-06,
train,0,1.19e-06,
train,0,7.6e-07,
train,0,0.03249599,
train,0,1.199e-05,
train,0,1.31e-06,
train,0,8.78e-06,
train,0,5.2e-07,
train,0,5.03e-06,
train,0,2.618e-05,
train,0,2.22e-06,
train,0,2.34e-06,
train,0,4.46e-06,
train,0,4.02e-06,
train,0,9.9e-07,
train,0,0.00119204,
train,0,3.54e-06,
train,0,3.67e-06,
train,0,1.217e-05,
train,0,2.439e-05,
train,0,3.776e-05,
train,0,8.5e-07,
train,0,2.01e-06,
train,0,0.00020946,
train,0,1.3e-06,
train,0,7.1e-07,
train,0,0.00021335,
train,0,1.03e-06,
train,0,0.00081062,
train,0,1.904e-05,
train,0,2.92e-06,
train,0,5.35e-06,
train,0,0.00041711,
train,0,4.05e-06,
train,0,0.00078905,
train,0,0.00040386,
train,0,0.00013041,
train,0,3.683e-05,
train,0,8.4e-07,
train,0,9.7e-07,
train,0,1.11e-06,
train,0,0.0013211,
train,0,0.00024755,
train,0,0.00468058,
train,0,5.41e-06,
train,0,3.38e-06,
train,0,5.72e-06,
train,0,4.86e-06,
train,0,8.9e-07,
train,0,5.27e-06,
train,1,0.99858903,
train,0,4.31e-06,
train,0,0.01113363,
train,0,3.1e-06,
train,0,1.31e-06,
train,0,0.00021126,
train,0,3.17e-06,
train,0,6.54e-06,
train,1,0.99984632,
train,0,1.192e-05,
train,0,4.72e-06,
train,0,5.6e-07,
train,0,1.917e-05,
train,0,6.93e-06,
train,0,8.415e-05,
train,0,1.16e-06,
train,0,2.21e-06,
train,0,5.06e-06,
train,0,3.27e-06,
train,0,4.64e-06,
train,0,0.00059255,
train,0,2.26e-06,
train,0,1.5e-06,
train,0,1.015e-05,
train,0,5.7e-07,
train,0,4.31e-06,
train,0,1.674e-05,
train,0,7.49e-06,
train,0,9.615e-05,
train,0,6.738e-05,
train,0,6.6e-07,
train,1,0.99543598,
train,1,0.99983514,
train,1,0.99988369,
train,0,2.72e-06,
train,1,0.99988441,
train,1,0.99988849,
train,0,7.082e-05,
train,0,1.95e-06,
train,0,8.8e-07,
train,0,3.93e-06,
train,0,1.409e-05,
train,0,1.217e-05,
train,0,1.92e-06,
train,0,1.325e-05,
train,0,6.009e-05,
train,0,5.5e-06,
train,0,1.72e-06,
train,0,4.18e-06,
train,0,3.49e-06,
train,0,0.00050759,
train,0,2.811e-05,
train,0,1.62e-06,
train,0,0.00015734,
train,0,3.55e-06,
train,0,1.08e-06,
train,0,4.41e-06,
train,0,0.9487213,
train,0,2.93e-06,
train,0,0.10087167,
train,0,6.05e-06,
train,0,4.57e-06,
train,0,3.87e-06,
train,0,2.24e-06,
train,0,0.00376975,
train,0,2.14e-06,
train,0,1.64e-06,
train,0,5.73e-05,
train,0,9.14e-06,
train,0,7.8e-07,
train,0,1.654e-05,
train,0,9.26e-06,
train,0,7.55e-06,
train,0,6.16e-06,
train,0,0.06228126,
train,0,0.00071274,
train,0,3.54e-06,
train,0,1.25e-06,
train,0,4.82e-06,
train,0,1.75e-06,
train,0,4.52e-06,
train,0,1.22e-06,
train,0,4.739e-05,
train,0,7.3e-07,
train,0,1.138e-05,
train,0,0.00056833,
train,0,2.92e-06,
train,0,1.32e-06,
train,0,1.774e-05,
train,0,1.332e-05,
train,0,1.56e-06,
train,0,2.55e-05,
train,0,3.075e-05,
train,0,1.44e-06,
train,0,3.61e-06,
train,0,7.323e-05,
train,0,5.973e-05,
train,0,5.169e-05,
train,0,9.734e-05,
train,0,5.6e-06,
train,0,0.00018728,
train,0,4e-07,
train,0,1.95e-06,
train,0,1.645e-05,
train,0,8.7e-07,
train,0,2.03e-06,
train,0,1.48e-06,
train,0,0.00025473,
train,0,1.37e-06,
train,0,0.00092428,
train,0,4.76e-06,
train,0,7.55e-06,
train,0,1.02e-06,
train,0,9.4e-07,
train,0,8.79e-06,
train,0,0.00068973,
train,0,1.53e-06,
train,0,1.09e-05,
train,0,1.61e-06,
train,0,4.2e-06,
train,0,2.17e-06,
train,0,2.14e-06,
train,0,1.375e-05,
train,0,5.1e-07,
train,0,7.8e-07,
train,0,2.49e-06,
train,0,2.66e-06,
train,0,8.14e-06,
train,0,2.7e-06,
train,0,2.12e-06,
train,0,0.00040031,
train,0,4.7e-06,
train,0,3.59e-06,
train,0,8.38e-06,
train,0,0.00312675,
train,0,4.44e-06,
train,0,7.26e-06,
train,0,1.223e-05,
train,0,1.479e-05,
train,0,2.21e-06,
train,0,7.34e-06,
train,0,0.00825304,
train,0,2.07e-06,
train,0,3.5e-05,
train,0,1.6e-06,
train,0,9.18e-06,
train,0,4.64e-06,
train,0,6.73e-06,
train,0,0.00026554,
train,0,2.64e-06,
train,0,1.174e-05,
train,0,1.08e-06,
train,0,4.716e-05,
train,0,1.12e-06,
train,0,1.238e-05,
train,0,3.64e-06,
train,0,2e-06,
train,0,4.142e-05,
train,0,0.0003301,
train,0,2.13e-06,
train,0,4.7e-07,
train,0,9.65e-06,
train,0,5.61e-06,
train,0,2.66e-06,
train,0,9.69e-06,
train,0,9.26e-06,
train,0,2.02e-06,
train,0,1.021e-05,
train,0,4.36e-06,
train,0,0.00068554,
train,0,8.33e-06,
train,0,0.00072245,
train,0,1.203e-05,
train,0,2.58e-06,
train,0,2.504e-05,
train,0,5.07e-06,
train,0,0.00025717,
train,0,4.03e-06,
train,0,1.06e-06,
train,0,4.25e-06,
train,0,7e-07,
train,0,1.15e-06,
train,0,9.74e-06,
train,0,3.52e-06,
train,0,2.58e-06,
train,0,3.947e-05,
train,0,5.856e-05,
train,0,6.53e-06,
train,0,3.96e-06,
train,0,4.17e-06,
train,0,2.46e-06,
train,0,3.01e-06,
train,0,1.07e-06,
train,0,2.15e-06,
train,0,0.00010468,
train,0,1.2e-06,
train,0,5.4e-07,
train,0,4.49e-06,
train,0,1.047e-05,
train,0,5.22e-06,
train,0,0.00164392,
train,0,3.85e-06,
train,0,1.157e-05,
train,0,8.046e-05,
train,0,1.04e-06,
train,0,1.76e-06,
train,0,2.34e-06,
train,0,1.204e-05,
train,0,1.39e-06,
train,0,4.265e-05,
train,0,3.54e-06,
train,0,6.23e-06,
train,0,7.96e-06,
train,0,2.4e-06,
train,0,1.94e-06,
train,0,1.7e-06,
train,0,1.068e-05,
train,0,6.93e-06,
train,0,2.622e-05,
train,0,3.44e-06,
train,0,6.3e-07,
train,0,3.033e-05,
train,0,1.58e-06,
train,0,8.25e-06,
train,0,3.01e-06,
train,0,4.79e-06,
train,0,1.47e-06,
train,0,1.27e-06,
train,0,1.45e-06,
train,0,8.1e-07,
train,0,3.5e-06,
train,0,4.5e-07,
train,0,0.00012504,
train,0,3.72e-06,
train,0,5e-06,
train,0,1.91e-06,
train,0,5.1e-07,
train,0,1.78e-06,
train,0,1.58e-06,
train,0,5.33e-06,
train,0,2.03e-06,
train,0,2.029e-05,
train,0,7.7e-07,
train,0,1.03e-06,
train,0,0.00029998,
train,0,6.5e-07,
train,0,1.76e-06,
train,0,1.15e-06,
train,0,7.1e-07,
train,0,4.33e-06,
train,0,9.842e-05,
train,0,5.95e-06,
train,0,5.5e-07,
train,0,0.00284443,
train,0,1.7e-06,
train,0,2.02e-06,
train,0,2.417e-05,
train,0,6.18e-06,
train,0,1.59e-06,
train,0,1.51e-06,
train,0,0.00598534,
train,0,9.22e-06,
train,0,1.21e-06,
train,0,2.96e-06,
train,0,1.457e-05,
train,0,1.06e-06,
train,0,1.35e-06,
train,0,1.11e-06,
train,0,3.487e-05,
train,0,1.04e-06,
train,0,9.33e-06,
train,0,1.36e-06,
train,0,5.7e-07,
train,0,1.33e-06,
train,0,1.36e-06,
train,0,1.14e-06,
train,0,0.00015287,
train,0,3.8e-06,
train,0,1.22e-06,
train,0,2.35e-06,
train,0,1.86e-06,
train,0,1.38e-06,
train,0,0.00010102,
train,0,6.4e-07,
train,0,1.138e-05,
train,0,1.03e-05,
train,0,2.03e-06,
train,0,3.39e-06,
train,0,3.3e-06,
train,0,9.2e-07,
train,0,5.2e-06,
train,0,2.69e-06,
train,0,5.25e-06,
train,0,2.63e-06,
train,0,3.21e-06,
train,0,1.17e-06,
train,0,2.21e-06,
train,0,1.77e-05,
train,0,1.78e-06,
train,0,4.649e-05,
train,0,5.45e-06,
train,0,8.6e-07,
train,0,0.00010046,
train,0,7.7e-07,
train,0,3.29e-06,
train,0,1.71e-06,
train,0,2.439e-05,
train,0,1.6e-06,
train,0,1.86e-06,
train,0,8.1e-06,
train,0,1.18e-06,
train,0,1.72e-06,
train,0,1.27e-06,
train,0,0.00036174,
train,0,8.793e-05,
train,0,2.42e-06,
train,0,1.89e-06,
train,0,1.244e-05,
train,0,9.1e-07,
train,0,4.06e-06,
train,0,5.43e-06,
train,0,1.537e-05,
train,0,0.46965612,
train,0,3.56e-06,
train,0,0.00022896,
train,0,5.5e-07,
train,0,6.451e-05,
train,0,5.963e-05,
train,0,3.392e-05,
train,0,1.95e-06,
train,0,1.06e-06,
train,0,2.74e-06,
train,0,1.18e-06,
train,0,1.27e-05,
train,0,4.11e-06,
train,0,0.00031942,
train,0,4.5e-07,
train,0,5.48e-06,
train,0,3.98e-06,
train,0,8.13e-06,
train,0,9.503e-05,
train,0,2.17e-06,
train,0,2.78e-06,
train,0,1.71e-06,
train,0,2.01e-06,
train,0,1.896e-05,
train,0,1.746e-05,
train,0,7.3e-07,
train,0,1.8e-06,
train,0,2.42e-06,
train,0,8.3e-07,
train,0,2.02e-06,
train,0,3.29e-06,
train,0,7.45e-06,
train,0,0.00034132,
train,0,8.4e-07,
train,0,9.48e-06,
train,0,3.66e-06,
train,0,3.88e-06,
train,0,1.264e-05,
train,0,2.845e-05,
train,0,2.02e-06,
train,0,6.27e-06,
train,0,0.00015463,
train,0,0.00861704,
train,0,0.0016001,
train,0,1.61e-06,
train,0,3.024e-05,
train,0,5.65e-06,
train,0,2.21e-06,
train,0,9.07e-06,
train,0,6.3e-07,
train,0,0.00229599,
train,0,4.44e-06,
train,0,8.91e-06,
train,0,3.04e-06,
train,0,3.71e-06,
train,0,0.00018635,
train,0,0.00042964,
train,0,2.39e-06,
train,0,6.2e-07,
train,0,2.247e-05,
train,0,0.00037438,
train,0,5.2e-07,
train,0,4.9e-07,
train,0,4.5e-06,
train,0,1.625e-05,
train,0,6.2e-07,
train,0,1.41e-06,
train,0,3.625e-05,
train,0,1.489e-05,
train,0,1.39e-06,
train,0,1.604e-05,
train,0,2.031e-05,
train,0,2.29e-06,
train,0,1.29e-06,
train,0,9.637e-05,
train,0,3.85e-06,
train,0,9.506e-05,
train,0,7.3e-07,
train,0,0.0003885,
train,0,1.53e-06,
train,0,2.02e-06,
train,0,1.79e-06,
train,0,3.53e-06,
train,0,0.0005198,
train,0,4.13e-06,
train,0,2.77e-06,
train,0,4.3e-07,
train,0,1.58e-06,
train,0,0.00789547,
train,0,5.13e-06,
train,0,1.88e-06,
train,0,1.45e-06,
train,0,1.13e-06,
train,0,3.65e-06,
train,0,1.07e-06,
train,0,2.63e-06,
train,0,1.74e-06,
train,0,1.299e-05,
train,0,1.49e-06,
train,0,2.838e-05,
train,0,9.98e-06,
train,0,2.22e-06,
train,0,2.6e-06,
train,0,2.37e-06,
train,0,2.78e-06,
train,0,4.9e-07,
train,0,2.705e-05,
train,0,3.15e-06,
train,0,0.00033498,
train,0,6.5e-07,
train,0,5.31e-06,
train,0,1.31e-06,
train,0,2.4e-06,
train,0,3.193e-05,
train,0,1.815e-05,
train,0,1.16e-06,
train,0,8.47e-06,
train,0,9.57e-06,
train,0,1.59e-06,
train,0,0.00635665,
train,0,7.6e-07,
train,0,0.00625343,
train,0,2.59e-06,
train,0,1.05e-06,
train,0,2.33e-06,
train,0,1.73e-06,
train,0,8.53e-06,
train,0,7.7e-07,
train,0,2.37e-06,
train,0,3.43e-06,
train,0,2.09e-06,
train,0,1.039e-05,
train,0,2.49e-06,
train,0,6.11e-06,
train,0,4.08e-06,
train,0,2.699e-05,
train,0,1.332e-05,
train,0,7.3e-07,
train,0,2.07e-06,
train,0,1.108e-05,
train,0,0.01540096,
train,0,1.33e-06,
train,0,6.853e-05,
train,0,9.3e-07,
train,0,3.59e-06,
train,0,2.99e-05,
train,0,1.48e-06,
train,0,1.181e-05,
train,0,1.45e-06,
train,0,7e-07,
train,0,1.569e-05,
train,0,2.23e-06,
train,0,8.971e-05,
train,0,4.29e-06,
train,0,2.25e-06,
train,1,0.99953343,
train,0,1.149e-05,
train,0,0.0001037,
train,0,9.441e-05,
train,0,7.5e-06,
train,0,1.835e-05,
train,0,4.28e-06,
train,0,4.6e-06,
train,0,0.00333096,
train,0,4.57e-06,
train,0,8.43e-06,
train,0,5.8e-06,
train,0,4.63e-06,
train,0,3.06e-06,
train,0,7.4e-06,
train,0,2.59e-06,
train,0,6.4e-06,
train,0,2.64e-06,
train,0,7.27e-06,
train,0,0.00022692,
train,0,4.46e-06,
train,0,2.29e-06,
train,0,3.08e-06,
train,0,3.57e-05,
train,0,1.588e-05,
train,0,2.69e-06,
train,0,9.59e-06,
train,0,2.75e-06,
train,0,2.7e-06,
train,0,3.03e-06,
train,0,0.00167164,
train,0,1.22e-06,
train,0,2.778e-05,
train,0,5e-06,
train,0,5.682e-05,
train,0,1.94e-06,
train,0,0.00111748,
train,0,7.17e-06,
train,0,2.091e-05,
train,0,6.93e-06,
train,0,0.00084039,
train,0,2.9e-06,
train,0,7.53e-06,
train,0,7.71e-06,
train,0,1.463e-05,
train,0,2.83e-06,
train,0,0.0083674,
train,0,3.53e-06,
train,0,2.02e-06,
train,0,3.883e-05,
train,0,2.948e-05,
train,0,0.00071056,
train,0,3.22e-06,
train,0,2.16e-06,
train,0,9.24e-06,
train,0,1.47e-06,
train,0,0.00037975,
train,0,4.21e-06,
train,0,6.48e-06,
train,0,2.21e-06,
train,0,1.38e-06,
train,0,2.83e-06,
train,0,1.144e-05,
train,0,0.00309018,
train,0,0.34703351,
train,0,4.58e-06,
train,0,1.9e-06,
train,0,9.088e-05,
train,0,1.54e-06,
train,0,2.66e-06,
train,0,1.78e-06,
train,0,2.58e-06,
train,0,0.00013332,
train,0,1.25e-06,
train,0,8.67e-06,
train,0,3.13e-06,
train,0,4.54e-06,
train,0,1.248e-05,
train,0,1.43e-06,
train,0,2.38e-06,
train,0,1.45e-06,
train,0,3.26e-06,
train,0,6.9e-07,
train,0,8.1e-07,
train,0,0.00017366,
train,0,1.2e-06,
train,0,4.551e-05,
train,0,2.62e-06,
train,0,6.5e-06,
train,0,7.42e-06,
train,0,1.154e-05,
train,0,0.00059834,
train,0,7.53e-06,
train,0,9.38e-06,
train,0,2.35e-06,
train,0,2.81e-06,
train,0,3.18e-06,
train,0,3.07e-05,
train,0,2.476e-05,
train,0,0.000146,
train,0,0.00036718,
train,0,1.25e-06,
train,0,7.605e-05,
train,0,0.17703176,
train,0,3.39e-06,
train,0,9.9e-07,
train,0,0.00027648,
train,0,6.24e-06,
train,0,6.13e-06,
train,0,0.00014791,
train,0,1.018e-05,
train,0,2.1e-06,
train,0,2.6e-06,
train,0,1.96e-06,
train,0,7.38e-06,
train,0,0.00015178,
train,0,0.00029151,
train,0,1.076e-05,
train,0,9.35e-06,
train,0,1.32e-05,
train,0,2.51e-06,
train,0,0.00084693,
train,0,1.36e-06,
train,0,2.93e-06,
train,0,0.0019228,
train,0,8.979e-05,
train,0,0.04332356,
train,0,9.31e-06,
train,0,6.93e-06,
train,0,1.824e-05,
train,0,5.29e-06,
train,0,3.85e-06,
train,0,0.00010072,
train,0,0.00081047,
train,0,4.1e-06,
train,0,2.98e-06,
train,0,1.565e-05,
train,0,0.00058218,
train,0,2.48e-06,
train,0,1.007e-05,
train,0,2.77e-06,
train,0,7.9e-07,
train,0,4.858e-05,
train,0,2.46e-05,
train,0,8.1e-07,
train,0,1.62e-06,
train,0,2.22e-06,
train,0,2.838e-05,
train,0,0.00165235,
train,0,2.65e-06,
train,0,1.05e-06,
train,0,1.93e-06,
train,0,2.81e-06,
train,0,6.15e-06,
train,0,3.21e-05,
train,0,1.8e-06,
train,0,0.10977532,
train,0,9.15e-06,
train,0,3.75e-06,
train,0,4.504e-05,
train,0,5.237e-05,
train,0,4.304e-05,
train,0,0.00115983,
train,0,7.68e-06,
train,0,0.00015294,
train,0,4.64e-06,
train,0,1.387e-05,
train,0,1.63e-06,
train,0,7.16e-06,
train,0,6.81e-06,
train,0,3.08e-06,
train,0,0.00042173,
train,0,2.86e-06,
train,0,3.57e-06,
train,0,1.91e-06,
train,0,9.42e-06,
train,0,7.5e-07,
train,0,2.39e-06,
train,0,1.27e-06,
train,0,7.04e-06,
train,0,9.3e-07,
train,0,4.84e-06,
train,0,1.43e-06,
train,0,6.062e-05,
train,0,8.36e-06,
train,0,1.711e-05,
train,0,3.69e-06,
train,0,6.51e-06,
train,0,2.02e-06,
train,0,2.59e-06,
train,0,6.77e-06,
train,0,0.00078658,
train,0,3.968e-05,
train,1,0.99869161,
train,0,0.08939704,
train,0,1.098e-05,
train,0,1.52e-06,
train,0,1.023e-05,
train,0,5.28e-06,
train,0,3.737e-05,
train,0,9.6e-07,
train,0,3.84e-06,
train,0,8.41e-06,
train,0,1.17e-06,
train,0,1.215e-05,
train,0,9.3e-07,
train,0,2.905e-05,
train,0,3.3e-06,
train,0,2.755e-05,
train,0,2.67e-06,
train,0,6.52e-06,
train,0,2.338e-05,
train,0,8.7e-07,
train,0,5.3e-07,
train,0,9.92e-06,
train,0,1.31e-06,
train,0,7.49e-06,
train,0,0.42315126,
train,0,4.84e-06,
train,0,1.46e-06,
train,0,0.03617446,
train,0,4.91e-06,
train,0,1.47e-06,
train,0,3.22e-06,
train,0,1.76e-06,
train,0,0.00027757,
train,0,7.3e-07,
train,0,3.4e-06,
train,0,3.45e-06,
train,0,5.52e-06,
train,0,2.441e-05,
train,0,8.6e-07,
train,0,5.74e-06,
train,0,0.00024497,
train,0,3.07e-06,
train,0,4.54e-06,
train,0,3.69e-06,
train,0,5.66e-06,
train,0,1.4e-06,
train,0,3.48e-06,
train,0,3.08e-06,
train,0,1.1e-06,
train,0,7.68e-06,
train,0,2.96e-06,
train,0,6.2e-07,
train,0,3.1e-07,
train,0,1.63e-06,
train,0,1.69e-06,
train,0,8.6e-07,
train,0,2.08e-06,
train,0,3.35e-06,
train,0,2.05e-06,
train,0,1.017e-05,
train,0,3.66e-06,
train,0,0.00093128,
train,0,8.1e-07,
train,0,2.49e-06,
train,0,9.77e-06,
train,0,1.421e-05,
train,0,0.00015283,
train,0,2.74e-06,
train,0,3.27e-06,
train,0,2.77e-06,
train,0,8.62e-06,
train,0,6.5e-07,
train,0,7.1e-07,
train,0,6.5e-07,
train,0,8.5e-07,
train,0,6.8e-07,
train,0,4.5e-07,
train,0,3.7e-07,
train,0,7.5e-07,
train,0,5.7e-07,
train,0,1.06e-06,
train,0,1.23e-06,
train,0,5.02e-06,
train,0,5.31e-06,
train,0,5.6e-07,
train,0,4.6e-07,
train,0,9.4e-07,
train,0,9.5e-07,
train,0,1.95e-06,
train,0,4.1e-07,
train,0,2.77e-06,
train,0,1.22e-06,
train,0,8e-07,
train,0,1.293e-05,
train,0,1.85e-06,
train,0,6.9e-07,
train,0,2.02e-06,
train,0,4.79e-06,
train,0,1.72e-06,
train,0,1.33e-06,
train,0,5.46e-06,
train,0,7e-07,
train,0,4.53e-06,
train,0,1.37e-06,
train,0,2.11e-06,
train,0,1.7e-06,
train,0,2.05e-06,
train,0,3.22e-06,
train,0,1.71e-06,
train,0,2.5e-06,
train,0,1.373e-05,
train,0,1.49e-06,
train,0,1.193e-05,
train,0,1.12e-06,
train,0,2.23e-06,
train,0,2.24e-06,
train,0,5.3e-06,
train,0,2.19e-06,
train,0,6.4e-07,
train,0,9.42e-06,
train,0,3.9e-06,
train,0,1.09e-06,
train,0,7.9e-07,
train,0,0.00011502,
train,0,1.21e-05,
train,0,3.55e-06,
train,0,9.5e-07,
train,0,6e-07,
train,0,1.56e-06,
train,0,7.8e-07,
train,0,2.626e-05,
train,0,5.1e-07,
train,0,3.9e-06,
train,0,7.46e-06,
train,0,1.04e-06,
train,0,1.48e-06,
train,0,1.377e-05,
train,0,6.6e-07,
train,0,9.9e-07,
train,0,7.8e-07,
train,0,4.97e-05,
train,0,2.16e-06,
train,0,1.06e-06,
train,0,3.67e-06,
train,0,1.15e-06,
train,0,1.06e-06,
train,0,6.3e-07,
train,0,2.64e-06,
train,0,7.5e-07,
train,0,1.25e-06,
train,0,3.02e-06,
train,0,8.7e-07,
train,0,2.72e-06,
train,0,7.6e-07,
train,0,5.9e-07,
train,0,2.62e-06,
train,0,4.2e-06,
train,0,2.501e-05,
train,0,3.22e-06,
train,1,0.99381901,
train,0,5.024e-05,
train,0,2.26e-06,
train,0,0.40855128,
train,0,6.19e-06,
train,0,1.964e-05,
train,0,1.542e-05,
train,0,1.88e-06,
train,0,8.616e-05,
train,0,5.08e-06,
train,0,3.08e-06,
train,0,1.793e-05,
train,0,1.26e-06,
train,0,1.09e-06,
train,0,5.4e-07,
train,0,2.95e-06,
train,0,8.67e-06,
train,0,5.27e-06,
train,0,0.51752305,
train,0,1.87e-06,
train,0,1.97e-06,
train,0,7.85e-06,
train,0,1.8e-06,
train,0,3.637e-05,
train,0,3.66e-06,
train,0,5.58e-06,
train,0,7.37e-06,
train,0,6.11e-06,
train,0,3.51e-06,
train,0,4.2e-07,
train,0,1.8e-06,
train,0,2.89e-05,
train,0,3.57e-06,
train,0,4.61e-06,
train,0,1.39e-06,
train,0,1.994e-05,
train,0,0.00650541,
train,0,9.1e-07,
train,0,2.5e-06,
train,0,3.11e-06,
train,0,1.383e-05,
train,0,4.13e-06,
train,0,9.8e-07,
train,0,1.09e-06,
train,0,1.56e-06,
train,0,5.19e-06,
train,0,7e-07,
train,0,7.34e-06,
train,0,1.1e-06,
train,0,5.74e-06,
train,0,2.33e-06,
train,0,6.51e-06,
train,0,2.77e-06,
train,0,4.93e-06,
train,0,6.402e-05,
train,0,2.88e-06,
train,0,1.35e-06,
train,0,2.24e-06,
train,0,6.63e-06,
train,0,0.00074507,
train,0,7.3e-07,
train,0,2.052e-05,
train,0,0.00022835,
train,0,2.81e-06,
train,0,2.77e-06,
train,0,3.27e-06,
train,0,1.24e-05,
train,0,1.909e-05,
train,0,2.52e-06,
train,0,9e-07,
train,0,3.57e-06,
train,0,1.89e-05,
train,0,1.98e-06,
train,0,1.653e-05,
train,0,4.89e-06,
train,0,1.513e-05,
train,0,2.36e-06,
train,0,2.036e-05,
train,0,5.79e-06,
train,0,8.9e-07,
train,0,2.594e-05,
train,0,2.06e-06,
train,0,0.00163105,
train,0,2.341e-05,
train,0,6.23e-06,
train,0,8.1e-07,
train,0,1.13e-06,
train,0,3.44e-06,
train,0,3.132e-05,
train,0,2.2e-06,
train,0,4.58e-06,
train,0,1.55e-06,
train,0,6.2e-07,
train,0,1.16e-06,
train,0,6.46e-06,
train,0,1.324e-05,
train,0,2.211e-05,
train,0,4.44e-06,
train,0,1.625e-05,
train,0,1.34e-06,
train,0,3.01e-06,
train,0,2.54e-06,
train,0,1.82e-06,
train,0,9.7e-07,
train,0,1.04e-06,
train,0,4.396e-05,
train,0,1.99e-06,
train,0,1.785e-05,
train,0,4.03e-06,
train,0,3.17e-06,
train,0,3.5e-07,
train,0,4.36e-06,
train,0,2.36e-06,
train,0,3.54e-06,
train,0,6.58e-06,
train,0,2.77e-06,
train,0,1.6e-06,
train,0,1.21e-06,
train,0,8.4e-07,
train,0,0.00030892,
train,0,3.2e-06,
train,0,6.6e-07,
train,0,2.13e-06,
train,0,1.31e-06,
train,0,5.899e-05,
train,0,2.2e-06,
train,0,5.58e-06,
train,0,1.91e-06,
train,0,3.484e-05,
train,0,1.82e-06,
train,0,8.47e-06,
train,0,3.97e-06,
train,0,1.248e-05,
train,0,1.207e-05,
train,0,1.26e-06,
train,0,8.11e-06,
train,0,4.59e-06,
train,0,9.34e-06,
train,0,1.99e-06,
train,0,6.87e-06,
train,0,9.7e-06,
train,0,2.38e-06,
train,0,2.142e-05,
train,0,1.36e-06,
train,0,4.35e-06,
train,0,3.24e-06,
train,0,0.00020925,
train,0,1.05e-06,
train,0,5.47e-06,
train,0,2.451e-05,
train,0,3.67e-06,
train,0,8.35e-06,
train,0,0.00037707,
train,0,5.399e-05,
train,0,8.4e-07,
train,0,2.75e-06,
train,0,1.257e-05,
train,0,6.9e-07,
train,0,7.1e-07,
train,0,1.28e-06,
train,0,3.26e-06,
train,0,2.54e-06,
train,0,6.62e-06,
train,0,3.75e-06,
train,0,0.00015133,
train,0,1.42e-06,
train,0,6.4e-07,
train,0,5.89e-06,
train,0,1.103e-05,
train,0,2.749e-05,
train,0,2e-06,
train,0,1.38e-06,
train,0,2.65e-06,
train,0,3.227e-05,
train,0,1.514e-05,
train,0,0.73531509,
train,0,8.59e-06,
train,0,4.6e-07,
train,0,8.644e-05,
train,0,4.71e-06,
train,0,0.00063909,
train,0,1.046e-05,
train,0,0.00015344,
train,0,2.98e-06,
train,0,4.89e-06,
train,0,2.191e-05,
train,0,5.9e-06,
train,0,2.366e-05,
train,0,3.57e-06,
train,0,2.47e-06,
train,0,0.00051753,
train,0,6.52e-06,
train,0,9e-06,
train,0,6.41e-06,
train,0,0.00436465,
train,0,1.37e-05,
train,0,1.262e-05,
train,0,1.7e-05,
train,0,3.148e-05,
train,0,1.2e-06,
train,0,4.4e-07,
train,0,2.49e-06,
train,0,8.2e-07,
train,0,2.274e-05,
train,0,3.36e-06,
train,0,4.04e-06,
train,0,1.022e-05,
train,0,1.132e-05,
train,0,1.579e-05,
train,0,5.1e-07,
train,0,1.55e-06,
train,0,1.799e-05,
train,0,4.13e-06,
train,0,4.81e-05,
train,0,0.0014781,
train,0,2.02e-06,
train,0,1.773e-05,
train,0,9.5e-07,
train,0,3.04e-06,
train,0,0.01130625,
train,0,4.24e-06,
train,0,7.485e-05,
train,0,8.9e-07,
train,0,0.00015887,
train,0,0.02461575,
train,0,5.34e-06,
train,0,8.7e-07,
train,0,1.6e-06,
train,0,1.834e-05,
train,0,1.84e-06,
train,0,3.95e-06,
train,0,9.8e-07,
train,0,0.00010215,
train,0,1.42e-06,
train,0,2.28e-06,
train,0,4.01e-06,
train,0,1.291e-05,
train,0,3.07e-06,
train,0,3.84e-06,
train,0,3.31e-06,
train,0,4.8e-07,
train,0,8.122e-05,
train,0,1.81e-06,
train,0,0.00012061,
train,0,7.4e-07,
train,0,1.22e-06,
train,0,4.65e-06,
train,0,1.06e-06,
train,0,3.03e-06,
train,0,1.588e-05,
train,0,1.749e-05,
train,0,7.8e-06,
train,0,0.00078432,
train,0,1.12e-06,
train,0,3.61e-06,
train,0,2.69e-06,
train,0,3.04e-06,
train,0,2.25e-06,
train,0,8.2e-07,
train,0,2.6e-06,
train,0,1.06e-06,
train,0,6.11e-06,
train,0,3.491e-05,
train,0,4.59e-06,
train,0,1.106e-05,
train,0,1.25e-06,
train,0,2.01e-06,
train,0,1.687e-05,
train,0,2.09e-06,
train,0,2.28e-06,
train,0,1.14e-06,
train,0,0.00038458,
train,0,3.541e-05,
train,0,4.9e-07,
train,0,1.27e-06,
train,0,2.03e-06,
train,0,8.27e-06,
train,0,2.05e-06,
train,0,1.93e-06,
train,0,1.22e-06,
train,0,5.8e-07,
train,0,1.35e-06,
train,0,1.92e-06,
train,0,2.42e-06,
train,0,9e-07,
train,0,4.06e-06,
train,0,7e-07,
train,0,5.1e-07,
train,0,8.7e-07,
train,0,1.027e-05,
train,0,8.37e-06,
train,0,3.28e-06,
train,0,3.33e-06,
train,0,0.00043265,
train,0,3.32e-06,
train,0,3.604e-05,
train,0,6.16e-06,
train,0,4.67e-06,
train,0,4.12e-06,
train,0,1.88e-06,
train,0,2.36e-06,
train,0,1.067e-05,
train,0,1.36e-06,
train,0,9.3e-07,
train,0,1.38e-06,
train,0,4.9e-07,
train,0,2.49e-06,
train,0,1.76e-06,
train,0,7.44e-06,
train,0,1.57e-06,
train,0,7.4e-07,
train,0,1.07e-06,
train,0,1.6e-06,
train,0,8.7e-07,
train,0,3.2e-06,
train,0,1.299e-05,
train,0,3.9e-07,
train,0,1e-06,
train,0,1.44e-06,
train,0,2.2e-06,
train,0,9.4e-07,
train,0,1.19e-06,
train,0,6.2e-07,
train,0,6.97e-06,
train,0,8.4e-07,
train,0,6.1e-07,
train,0,6.6e-07,
train,0,6.8e-07,
train,0,8.4e-07,
train,0,5.6e-07,
train,0,2.37e-06,
train,0,7.2e-07,
train,0,4.7e-07,
train,0,5.28e-06,
train,0,1.14e-06,
train,0,4.4e-06,
train,0,3.17e-06,
train,0,1.19e-06,
train,0,5.4e-07,
train,1,0.9994872,
train,0,7.2e-07,
train,1,0.99985213,
train,0,2.3e-06,
train,0,3.73e-06,
train,0,4.9e-07,
train,0,2.71e-06,
train,0,1.29e-06,
train,0,8.3e-07,
train,0,6.8e-07,
train,0,1.79e-06,
train,0,1.159e-05,
train,0,1.14e-06,
train,0,0.00027134,
train,0,1.05e-06,
train,0,1.89e-06,
train,0,5.19e-06,
train,0,2.16e-06,
train,0,1.23e-06,
train,0,1.717e-05,
train,0,0.00018382,
train,0,1.02e-06,
train,0,9e-07,
train,0,1.72e-06,
train,0,2.36e-06,
train,0,9.6e-07,
train,0,1.19e-05,
train,0,1.06e-06,
train,0,4.172e-05,
train,0,1.9e-06,
train,0,2.39e-06,
train,0,0.00202466,
train,0,3.31e-06,
train,0,2.43e-06,
train,0,3.605e-05,
train,0,3e-06,
train,0,6.734e-05,
train,0,1.35e-06,
train,0,4.7e-07,
train,0,2.98e-06,
train,0,3.96e-06,
train,0,8.3e-07,
train,0,9.2e-07,
train,0,1.91e-06,
train,0,2.97e-06,
train,0,4.9e-07,
train,0,3.2e-07,
train,0,3.25e-06,
train,0,3.21e-06,
train,0,1.46e-06,
train,0,7.61e-06,
train,0,5.16e-06,
train,0,2.82e-06,
train,0,1.03e-06,
train,0,1.915e-05,
train,0,3.22e-06,
train,0,2.15e-06,
train,0,1.78e-06,
train,0,3.36e-06,
train,0,7.4e-07,
train,0,1.77e-06,
train,0,8.5e-07,
train,0,1.323e-05,
train,0,8.39e-06,
train,0,1.93e-06,
train,0,6.94e-06,
train,0,1.73e-06,
train,0,2.429e-05,
train,0,6.7e-07,
train,0,1.82e-06,
train,0,3.6e-06,
train,0,1.2e-06,
train,0,2.29e-06,
train,0,4.04e-06,
train,0,3.18e-06,
train,0,2.5e-06,
train,0,5.76e-06,
train,0,1.93e-06,
train,0,1.474e-05,
train,0,1.06e-05,
train,0,1.15e-06,
train,0,6.13e-06,
train,0,2.706e-05,
train,0,1.07e-06,
train,0,7.13e-06,
train,0,1.419e-05,
train,0,1.05e-06,
train,0,4.354e-05,
train,0,1.318e-05,
train,0,7.4e-07,
train,0,1.1e-06,
train,0,5.36e-06,
train,0,2.91e-06,
train,0,1.58e-06,
train,0,3.01e-06,
train,0,5.33e-06,
train,0,2.34e-06,
train,0,7.12e-06,
train,0,6e-07,
train,0,6.8e-07,
train,0,2e-06,
train,0,5.68e-06,
train,0,1.44e-06,
train,0,5.58e-06,
train,0,1.27e-06,
train,0,5.3e-06,
train,0,2.67e-06,
train,0,6.1e-07,
train,0,1.02e-06,
train,0,1.1e-06,
train,0,0.00010627,
train,0,1.88e-06,
train,0,8.7e-07,
train,0,3.14e-06,
train,0,1.164e-05,
train,0,1.571e-05,
train,0,6.6e-07,
train,0,1.4e-06,
train,0,3.23e-06,
train,0,1.07e-06,
train,0,3.75e-06,
train,0,2.61e-06,
train,0,3.44e-06,
train,0,2.8e-06,
train,0,1.18e-06,
train,0,5.814e-05,
train,0,1.651e-05,
train,0,8.22e-06,
train,0,4.01e-06,
train,0,1.29e-06,
train,0,4.9e-07,
train,0,9.8e-07,
train,0,1.19e-06,
train,0,8.4e-07,
train,0,5.36e-06,
train,0,1.701e-05,
train,0,3.937e-05,
train,0,2.19e-06,
train,0,1.8e-06,
train,0,3.67e-06,
train,0,1.46e-06,
train,0,0.00052154,
train,0,2.69e-06,
train,0,4.54e-06,
train,0,1.47e-06,
train,0,7.97e-06,
train,0,1.57e-06,
train,0,4.86e-06,
train,0,3.2e-06,
train,0,6.93e-06,
train,0,1.972e-05,
train,0,1.09e-06,
train,0,0.01544966,
train,0,1.49e-05,
train,0,1.11e-06,
train,0,1.15e-06,
train,0,1.04e-06,
train,0,1.08e-06,
train,0,1.247e-05,
train,0,8.9e-07,
train,0,1.79e-06,
train,0,1.57e-06,
train,0,9.4e-07,
train,0,3.11e-06,
train,0,6.7e-07,
train,0,0.00419518,
train,0,1.57e-06,
train,0,8.5e-07,
train,0,1.42e-06,
train,1,0.99959154,
train,0,2.3e-06,
train,0,7.8e-07,
train,0,2.9e-07,
train,0,2.16e-06,
train,0,6.293e-05,
train,0,1.838e-05,
train,0,6.3e-07,
train,0,2.36e-06,
train,0,6.97e-06,
train,0,3.9e-07,
train,0,1.346e-05,
train,0,1.85e-06,
train,0,3.21e-05,
train,0,2.492e-05,
train,0,9.2e-07,
train,0,5.978e-05,
train,0,5.45e-06,
train,0,9.5e-07,
train,1,0.99983733,
train,0,1.517e-05,
train,0,3.49e-06,
train,0,2.24e-06,
train,0,2.86e-06,
train,0,0.00019969,
train,0,0.00021394,
train,0,1.1e-06,
train,0,5.35e-06,
train,0,2.959e-05,
train,0,1.775e-05,
train,0,7.11e-06,
train,0,2.94e-06,
train,0,0.00074818,
train,0,2.37e-05,
train,0,6.72e-06,
train,0,1.174e-05,
train,0,1.216e-05,
train,0,1.27e-05,
train,0,7.58e-06,
train,0,1.13e-06,
train,0,3.82e-06,
train,0,1.091e-05,
train,0,4.69e-06,
train,0,2.602e-05,
train,0,0.00158125,
train,0,3.04e-06,
train,0,2.624e-05,
train,0,1.168e-05,
train,0,3.26e-06,
train,0,6.87e-06,
train,0,3.584e-05,
train,0,1.597e-05,
train,0,1.68e-06,
train,0,2.66e-06,
train,0,3.55e-06,
train,0,3.78e-06,
train,0,3.83e-06,
train,0,2.77e-06,
train,0,2.24e-06,
train,0,2.09e-06,
train,0,5.7e-07,
train,0,1.969e-05,
train,0,0.00016357,
train,0,1.083e-05,
train,0,2.03e-06,
train,0,7.2e-06,
train,0,1.05e-06,
train,0,2.825e-05,
train,0,2.01e-06,
train,0,9.4e-07,
train,0,1.81e-06,
train,0,0.00034473,
train,0,5.5e-07,
train,0,0.00016968,
train,0,6e-07,
train,0,2.3e-06,
train,0,1.272e-05,
train,0,2.21e-06,
train,0,8.5e-07,
train,0,1.72e-06,
train,0,4.73e-06,
train,0,8.5e-07,
train,0,1.87e-06,
train,0,1.23e-06,
train,0,1.106e-05,
train,0,2.504e-05,
train,0,0.00015834,
train,0,3.15e-06,
train,0,1.93e-06,
train,0,0.17601867,
train,0,6.933e-05,
train,0,2.61e-06,
train,0,1.849e-05,
train,0,1.72e-06,
train,0,6.58e-06,
train,0,6.5e-07,
train,0,1e-06,
train,0,2.6e-06,
train,0,2.005e-05,
train,0,0.00022796,
train,0,2.99e-06,
train,0,4.47e-06,
train,0,5.01e-06,
train,0,1.75e-06,
train,0,2e-06,
train,0,2.15e-06,
train,0,3.6e-06,
train,0,2.24e-06,
train,0,1.11e-06,
train,0,3.09e-06,
train,0,1.233e-05,
train,0,6.554e-05,
train,0,9.8e-07,
train,0,3.66e-06,
train,0,1.93e-06,
train,0,2.46e-06,
train,0,6.7e-07,
train,0,0.0012362,
train,0,1.34e-06,
train,0,3.75e-06,
train,0,2.35e-06,
train,0,2.82e-06,
train,0,2.72e-06,
train,0,1.27e-06,
train,0,1.206e-05,
train,0,4.95e-06,
train,0,1e-06,
train,0,4.865e-05,
train,0,1.21e-06,
train,0,7.7e-07,
train,0,7.84e-06,
train,0,2.97e-06,
train,0,1.893e-05,
train,0,3.57e-06,
train,0,0.09179839,
train,0,2.68e-06,
train,0,5.26e-06,
train,0,4.22e-06,
train,0,1.76e-06,
train,0,7.22e-06,
train,0,3.28e-06,
train,0,0.05102415,
train,0,2.4e-06,
train,0,2.24e-06,
train,0,2.51e-05,
train,0,2.04e-06,
train,0,1.022e-05,
train,0,9.9e-07,
train,0,0.43724134,
train,0,1.558e-05,
train,0,1.32e-06,
train,0,1.9e-06,
train,0,2.688e-05,
train,0,2.07e-06,
train,0,2.8e-07,
train,0,1.97e-06,
train,0,3.35e-06,
train,0,5.9e-07,
train,0,3.84e-06,
train,0,0.00094488,
train,0,3.83e-06,
train,0,0.5785346,
train,0,1.974e-05,
train,0,1.21e-06,
train,0,1.53e-06,
train,0,9.5e-06,
train,0,2.33e-06,
train,0,1.02e-06,
train,0,0.00027504,
train,0,0.00565601,
train,0,2.311e-05,
train,0,9.77e-06,
train,0,1.134e-05,
train,0,9.6e-07,
train,0,1.35e-06,
train,0,3.17e-06,
train,0,1.2e-05,
train,0,3.767e-05,
train,0,1.084e-05,
train,0,6.4e-07,
train,0,2.348e-05,
train,0,1.65e-06,
train,0,5.25e-06,
train,0,1.47e-06,
train,0,3.337e-05,
train,0,1.728e-05,
train,0,6.997e-05,
train,0,2.4e-06,
train,0,5.11e-06,
train,0,4.05e-06,
train,0,1.115e-05,
train,0,9.338e-05,
train,0,1.865e-05,
train,0,1.36e-06,
train,0,1.51e-06,
train,0,3.9e-06,
train,0,5.01e-06,
train,0,6.19e-06,
train,0,4.93e-06,
train,0,1.79e-06,
train,0,1.491e-05,
train,0,0.00026061,
train,0,3.61e-06,
train,0,2.93e-06,
train,0,7.18e-06,
train,0,1.59e-06,
train,0,3.48e-06,
train,0,1.08e-06,
train,0,4.54e-05,
train,0,1.12e-06,
train,0,4.3e-07,
train,0,1.22e-06,
train,0,3.28e-06,
train,0,2.96e-06,
train,0,2.58e-06,
train,0,2.21e-06,
train,0,8e-07,
train,0,1.406e-05,
train,0,0.00010194,
train,0,3.79e-06,
train,0,2.92e-06,
train,0,3.72e-06,
train,0,1.59e-05,
train,0,3.94e-06,
train,0,1.13e-06,
train,0,4.92e-06,
train,0,1.03e-06,
train,0,4.8e-07,
train,0,6.6e-06,
train,0,1.32e-06,
train,0,0.0115591,
train,0,1.78e-06,
train,0,7.9e-07,
train,0,6.48e-06,
train,0,5.68e-06,
train,0,2.348e-05,
train,0,1.033e-05,
train,0,1.79e-06,
train,0,1.659e-05,
train,0,1.31e-06,
train,0,1.61e-06,
train,0,3.06e-06,
train,0,5.99e-06,
train,0,6.82e-06,
train,0,1.17e-05,
train,0,6.21e-06,
train,0,2.1e-06,
train,0,2.07e-06,
train,0,0.13591743,
train,0,7.56e-06,
train,0,4.77e-06,
train,0,3.15e-06,
train,0,1.139e-05,
train,0,0.0001801,
train,0,6.4e-07,
train,0,1.259e-05,
train,0,7.1e-07,
train,0,2.241e-05,
train,0,1.58e-06,
train,0,0.0001251,
train,0,2.98e-06,
train,0,3.46e-06,
train,0,7.46e-06,
train,0,6e-06,
train,0,2.73e-06,
train,0,2.01e-06,
train,0,3.2e-06,
train,0,3.78e-06,
train,0,3.88e-06,
train,0,4.2e-06,
train,0,1.26e-06,
train,0,0.00012341,
train,0,9.9e-07,
train,0,2.95e-06,
train,0,3.323e-05,
train,0,2.628e-05,
train,0,1.36e-06,
train,0,8.302e-05,
train,0,1.84e-05,
train,0,4.49e-06,
train,0,1.44e-06,
train,0,3.58e-06,
train,0,4.9e-06,
train,0,2.605e-05,
train,0,4.69e-06,
train,0,9.7e-06,
train,0,3.17e-06,
train,0,2.79e-06,
train,0,2.68e-06,
train,0,3.03e-06,
train,0,8.8e-07,
train,0,1.85e-06,
train,0,2.808e-05,
train,0,1.87e-06,
train,0,0.14998121,
train,0,1.102e-05,
train,0,1.306e-05,
train,0,3.33e-06,
train,0,7.25e-05,
train,0,0.00010308,
train,0,2.42e-06,
train,0,2.38e-06,
train,0,0.00011373,
train,0,3.62e-06,
train,0,1.99e-06,
train,0,1.499e-05,
train,0,2.95e-06,
train,0,8.5e-07,
train,0,8.37e-06,
train,0,4.84e-06,
train,0,6.5e-07,
train,0,1.382e-05,
train,0,1.33e-06,
train,0,4.8e-07,
train,0,1.6e-06,
train,0,1.34e-06,
train,0,0.00429793,
train,0,1.08e-06,
train,0,1.058e-05,
train,0,7.9e-07,
train,0,4.1e-07,
train,0,3.5e-07,
train,0,4e-07,
train,0,1.01e-06,
train,0,6.3e-07,
train,0,6.4e-07,
train,0,4.1e-07,
train,0,3.04e-06,
train,0,4.08e-06,
train,0,5.13e-06,
train,0,5.8e-07,
train,0,4.8e-07,
train,0,8.9e-07,
train,0,1.16e-06,
train,0,1.03e-06,
train,0,1.51e-06,
train,0,1.6e-06,
train,0,9.1e-07,
train,1,0.99949505,
train,0,1.58e-06,
train,0,4.91e-06,
train,0,1.18e-06,
train,0,1.04e-06,
train,0,9.64e-06,
train,0,4.02e-06,
train,0,1.28e-06,
train,0,7.6e-07,
train,0,0.00060105,
train,0,1.844e-05,
train,0,6.5e-07,
train,0,3.77e-06,
train,0,1.492e-05,
train,0,3.28e-06,
train,0,7.25e-06,
train,0,8.7e-07,
train,0,3.47e-06,
train,0,1.64e-06,
train,0,0.00039186,
train,0,1.8e-06,
train,0,1.885e-05,
train,0,3.29e-06,
train,0,1.47e-06,
train,0,1.19e-06,
train,0,3.65e-06,
train,0,8.71e-06,
train,0,1.75e-06,
train,0,9.87e-06,
train,0,4.578e-05,
train,0,1.8e-06,
train,0,2.08e-06,
train,0,1.44e-06,
train,0,1.966e-05,
train,0,1.24e-06,
train,0,7.24e-06,
train,0,7.24e-06,
train,0,1.32e-06,
train,0,5.06e-06,
train,0,1.51e-06,
train,0,1.791e-05,
train,0,4.45e-06,
train,0,1.74e-06,
train,0,1.43e-06,
train,0,1.501e-05,
train,0,1.385e-05,
train,0,1.82e-06,
train,0,4.217e-05,
train,0,1.42e-06,
train,0,1.1e-06,
train,0,2.25e-06,
train,0,2.38e-06,
train,0,3.9e-07,
train,0,6.53e-06,
train,0,3.04e-06,
train,0,0.00286371,
train,0,2.26e-06,
train,0,7.3e-07,
train,0,3.324e-05,
train,0,2.32e-06,
train,0,1.77e-06,
train,0,3.78e-06,
train,0,1.12e-06,
train,0,4.9e-06,
train,0,3.19e-06,
train,0,6.15e-06,
train,0,8.92e-06,
train,0,6.7e-07,
train,0,2.956e-05,
train,0,0.00156735,
train,1,0.9988054,
train,0,1.21e-06,
train,0,2.51e-06,
train,0,9.6e-07,
train,0,1.72e-06,
train,0,2.17e-06,
train,0,0.00038008,
train,0,1.22e-06,
train,0,1.78e-06,
train,0,2.79e-06,
train,0,6.18e-06,
train,0,1.97e-06,
train,0,7.657e-05,
train,0,2.69e-06,
train,0,7e-07,
train,0,1.58e-06,
train,0,6.8e-07,
train,0,8.09e-06,
train,0,9.9e-07,
train,0,2.84e-06,
train,0,1.293e-05,
train,0,3.02e-06,
train,0,1.15e-06,
train,0,2.55e-06,
train,0,1.27e-06,
train,0,3.12e-06,
train,0,2.59e-06,
train,0,3.75e-06,
train,0,8.3e-06,
train,0,6.9e-07,
train,0,2.07e-06,
train,0,3.73e-06,
train,0,2.49e-06,
train,0,6.67e-06,
train,0,2.177e-05,
train,0,8.7e-07,
train,0,2.86e-06,
train,0,0.00011897,
train,0,3.12e-06,
train,1,0.99662705,
train,0,8.5e-07,
train,0,3.6e-07,
train,1,0.99976385,
train,0,1.4e-06,
train,0,3.5e-06,
train,0,3.16e-06,
train,0,3.3e-06,
train,0,4.3e-07,
train,0,1.4e-06,
train,0,9.6e-07,
train,0,2.89e-06,
train,0,6.3e-07,
train,0,2.37e-06,
train,0,7.7e-07,
train,0,0.00037445,
train,0,1.37e-06,
train,0,1.75e-06,
train,0,2.48e-06,
train,0,1.49e-06,
train,0,7.2e-07,
train,0,2.965e-05,
train,0,9.21e-06,
train,0,4.06e-06,
train,0,3.11e-06,
train,0,3.49e-06,
train,0,8.47e-06,
train,0,4.55e-06,
train,0,3.54e-06,
train,0,3.71e-06,
train,0,1.092e-05,
train,0,1.261e-05,
train,0,1.33e-06,
train,0,8.5e-07,
train,0,4.53e-06,
train,0,3.97e-06,
train,0,2.33e-06,
train,0,7.979e-05,
train,0,2.6e-06,
train,0,1.52e-06,
train,0,2.46e-06,
train,0,0.00101009,
train,0,4.23e-06,
train,0,1.24e-06,
train,0,2.49e-06,
train,0,3.83e-06,
train,0,1.31e-06,
train,0,2.176e-05,
train,0,2.73e-06,
train,0,2.59e-06,
train,0,8.1e-07,
train,0,9.33e-06,
train,0,1.69e-06,
train,0,8.3e-07,
train,0,2.362e-05,
train,0,1.025e-05,
train,0,4.9e-07,
train,0,5.42e-06,
train,0,9.02e-06,
train,0,1.78e-06,
train,0,1.76e-06,
train,0,3.74e-06,
train,0,1.032e-05,
train,0,2.32e-06,
train,0,2.07e-06,
train,0,2.92e-06,
train,0,6.85e-06,
train,0,2.054e-05,
train,0,4.72e-06,
train,0,1.36e-06,
train,0,2.98e-06,
train,0,3.77e-06,
train,0,1.49e-06,
train,0,2.23e-06,
train,0,2.53e-06,
train,0,2.08e-06,
train,0,1.95e-06,
train,0,1.42e-06,
train,0,1.6e-06,
train,0,7.178e-05,
train,0,7.93e-06,
train,0,1.63e-06,
train,0,1.69e-06,
train,0,1.91e-06,
train,0,2.58e-06,
train,0,9.5e-07,
train,0,3.54e-06,
train,0,9.24e-06,
train,0,0.00021881,
train,0,8.2e-07,
train,0,1.235e-05,
train,0,5.4e-07,
train,0,1.94e-06,
train,0,1.39e-06,
train,0,6.16e-06,
train,0,2.29e-06,
train,0,1.55e-06,
train,0,1.31e-06,
train,0,1.66e-06,
train,0,1.19e-06,
train,0,2.4e-06,
train,0,5.28e-06,
train,0,2.13e-06,
train,0,0.00104538,
train,0,8.7e-07,
train,0,1.27e-06,
train,0,7.5e-07,
train,0,5.52e-06,
train,0,7.04e-06,
train,0,8.15e-06,
train,0,3.872e-05,
train,0,1.683e-05,
train,0,1.85e-06,
train,0,3.95e-06,
train,0,2.13e-06,
train,0,9.98e-06,
train,0,2.18e-06,
train,0,6.74e-06,
train,0,1.62e-06,
train,0,1.18e-06,
train,0,6.6e-07,
train,0,4.94e-05,
train,0,1.069e-05,
train,0,9.19e-06,
train,0,6.35e-06,
train,0,1.21e-06,
train,0,3.995e-05,
train,0,4.43e-06,
train,0,9.46e-06,
train,0,1.87e-06,
train,0,8.77e-06,
train,0,2.81e-06,
train,0,1.57e-06,
train,0,4.4e-06,
train,0,1.23e-06,
train,0,1.485e-05,
train,0,2.2e-06,
train,0,2.04e-06,
train,0,1.47e-06,
train,0,3.67e-06,
train,0,1.25e-06,
train,0,5.3e-07,
train,0,1.43e-06,
train,0,6.8e-07,
train,0,2.79e-06,
train,0,0.00090672,
train,0,2.31e-06,
train,0,1.26e-06,
train,0,2.83e-06,
train,0,1.04e-06,
train,0,1.76e-05,
train,0,6e-07,
train,0,9.3e-07,
train,0,7.63e-06,
train,0,2.44e-06,
train,0,9.5e-07,
train,0,1.55e-06,
train,0,1.67e-06,
train,0,7.23e-06,
train,0,2.24e-06,
train,0,8.7e-07,
train,0,9.94e-06,
train,0,8.2e-07,
train,0,4.44e-06,
train,0,2.03e-06,
train,0,1.11e-06,
train,0,3.194e-05,
train,0,2.44e-06,
train,0,6.01e-06,
train,0,2.3e-06,
train,0,1.17e-06,
train,0,8.5e-07,
train,0,1.54e-06,
train,0,5.66e-06,
train,0,4.4e-07,
train,0,1.61e-06,
train,0,1.76e-06,
train,0,3.5e-06,
train,0,1.905e-05,
train,0,3.88e-06,
train,0,4.6e-06,
train,0,2.09e-06,
train,0,9.4e-07,
train,0,6e-07,
train,0,3e-07,
train,0,9.5e-07,
train,0,1.16e-06,
train,0,7.4e-07,
train,0,8.7e-07,
train,0,3.9e-07,
train,0,8.4e-07,
train,0,7.1e-07,
train,0,3.2e-06,
train,0,7.8e-07,
train,0,4.1e-07,
train,0,7.9e-07,
train,0,3.36e-06,
train,0,1.65e-06,
train,0,4.6e-07,
train,0,7.6e-07,
train,0,1.92e-06,
train,0,5e-07,
train,0,8e-07,
train,0,1.21e-06,
train,0,3.43e-06,
train,0,4.03e-06,
train,0,6.4e-07,
train,0,6.9e-07,
train,0,1.02e-06,
train,0,1.23e-06,
train,0,8.5e-06,
train,0,1.08e-06,
train,0,9e-07,
train,0,3.347e-05,
train,0,1.21e-06,
train,0,2.72e-06,
train,0,1.02e-06,
train,0,3.06e-06,
train,0,4.8e-07,
train,0,1.28e-06,
train,0,1.29e-06,
train,0,2.92e-06,
train,0,5.2e-07,
train,0,3.04e-06,
train,0,2.21e-06,
train,0,1.25e-06,
train,0,2.15e-06,
train,0,4.032e-05,
train,0,2.67e-06,
train,0,8.5e-07,
train,0,9.3e-07,
train,0,3.27e-06,
train,0,2.38e-06,
train,0,4.31e-06,
train,0,4.74e-06,
train,0,5.4e-07,
train,0,4.7e-06,
train,0,1.4e-06,
train,0,2.71e-06,
train,0,2.73e-06,
train,0,1.9e-06,
train,0,1.17e-06,
train,0,1.05e-06,
train,0,1.83e-06,
train,0,1.237e-05,
train,0,8.7e-07,
train,0,5e-07,
train,0,2.45e-06,
train,0,1.48e-06,
train,0,1.15e-06,
train,0,1.74e-06,
train,0,2.514e-05,
train,0,6.6e-07,
train,0,3.57e-06,
train,0,0.0001146,
train,0,2.78e-06,
train,0,4.7e-06,
train,0,3.58e-06,
train,0,4.9e-07,
train,0,1.81e-06,
train,0,8.8e-07,
train,0,1.22e-06,
train,0,3.94e-06,
train,0,1.227e-05,
train,0,1.78e-06,
train,0,5.13e-06,
train,0,1.53e-06,
train,0,2.56e-06,
train,0,3.99e-06,
train,0,4.013e-05,
train,0,3.73e-06,
train,0,2.06e-06,
train,0,9.8e-07,
train,0,2.65e-06,
train,0,1.68e-06,
train,0,4.64e-06,
train,0,2.26e-06,
train,0,1.13e-06,
train,0,4.4e-07,
train,0,1.303e-05,
train,0,1.48e-06,
train,0,6.03e-06,
train,0,0.00072674,
train,0,1.39e-06,
train,0,4.04e-06,
train,0,1.67e-06,
train,0,1.89e-06,
train,0,1.123e-05,
train,0,5.76e-06,
train,0,8.894e-05,
train,0,7.6e-07,
train,0,5.81e-06,
train,0,3.336e-05,
train,0,2.09e-06,
train,0,3.353e-05,
train,0,1.32e-06,
train,0,4.535e-05,
train,0,6.2e-07,
train,0,0.00092056,
train,0,8.21e-06,
train,0,2.49e-06,
train,0,8.64e-06,
train,0,1.82e-06,
train,0,2.58e-06,
train,0,3.24e-06,
train,0,1.29e-06,
train,0,7.62e-06,
train,0,5.54e-06,
train,0,3.164e-05,
train,0,2.046e-05,
train,0,3.41e-06,
train,0,5.76e-06,
train,0,1.15e-05,
train,0,2.77e-06,
train,0,1.46e-06,
train,0,2.64e-06,
train,0,5.81e-06,
train,0,2.5e-06,
train,0,5.98e-06,
train,0,6.6e-06,
train,0,2.11e-06,
train,0,0.00023009,
train,0,2.83e-06,
train,0,1.46e-06,
train,0,8.4e-07,
train,0,1.54e-06,
train,0,7.41e-06,
train,0,6.6e-07,
train,0,1.83e-06,
train,0,3.225e-05,
train,0,1.58e-06,
train,0,5.67e-06,
train,0,1.84e-06,
train,0,1.07e-06,
train,0,0.00010474,
train,0,2.61e-06,
train,0,2.16e-06,
train,0,5.03e-06,
train,0,3.42e-06,
train,0,5.49e-06,
train,0,2.8e-06,
train,0,3.96e-06,
train,0,1.299e-05,
train,0,7.471e-05,
train,0,1.366e-05,
train,0,1.3e-06,
train,0,2.42e-06,
train,0,1.92e-06,
train,0,2.59e-06,
train,0,4.791e-05,
train,0,1.29e-06,
train,0,2.46e-06,
train,0,2.56e-06,
train,0,8.939e-05,
train,0,1.84e-06,
train,0,1.9e-05,
train,0,2.697e-05,
train,0,1.537e-05,
train,0,8.9e-07,
train,0,2.25e-06,
train,0,1.396e-05,
train,0,2.48e-06,
train,0,4.63e-06,
train,0,9.19e-06,
train,0,3.58e-06,
train,0,9.3e-07,
train,0,5.7e-07,
train,0,1.6e-06,
train,0,4.53e-06,
train,0,1.41e-06,
train,0,2.37e-06,
train,0,8.9e-07,
train,0,1.173e-05,
train,0,1.63e-06,
train,0,1.35e-06,
train,0,1.37e-06,
train,0,6.79e-06,
train,0,0.00010873,
train,0,2.47e-06,
train,0,6.71e-06,
train,0,2.421e-05,
train,0,5.88e-06,
train,0,1.76e-06,
train,0,3.32e-05,
train,0,1.1e-05,
train,0,4.21e-06,
train,0,1.151e-05,
train,0,1.61e-06,
train,0,2.69e-06,
train,0,1.48e-06,
train,0,6.43e-06,
train,0,4.47e-06,
train,0,3.9e-06,
train,0,1.245e-05,
train,0,2.96e-06,
train,0,5.04e-06,
train,0,2.96e-06,
train,0,1.139e-05,
train,0,1.19e-06,
train,0,1.02e-06,
train,0,7.8e-07,
train,0,4.8e-06,
train,0,8.3e-07,
train,0,1.21e-06,
train,0,6e-07,
train,0,1.59e-06,
train,0,2.82e-06,
train,0,5.17e-06,
train,0,1.52e-06,
train,0,2.46e-06,
train,0,5.7e-07,
train,0,2.07e-06,
train,0,1.59e-06,
train,0,2.35e-06,
train,0,5.3e-07,
train,0,1.592e-05,
train,0,5e-07,
train,0,4e-07,
train,0,2.09e-06,
train,0,5.3e-06,
train,0,2.9e-07,
train,0,4.8e-07,
train,0,5.2e-07,
train,0,5.7e-07,
train,0,1.06e-06,
train,0,3.4e-07,
train,0,3e-07,
train,0,8.4e-07,
train,0,1.53e-06,
train,0,5.19e-06,
train,0,8.7e-07,
train,0,5.9e-07,
train,0,9e-07,
train,0,2.33e-06,
train,0,1.48e-06,
train,0,0.0001116,
train,0,3.99e-06,
train,0,1.328e-05,
train,0,1.01e-06,
train,0,1.956e-05,
train,0,1.13e-06,
train,0,1.45e-06,
train,0,2.43e-06,
train,0,2.54e-06,
train,0,8.6e-07,
train,0,1.42e-06,
train,0,8.759e-05,
train,0,0.01187254,
train,0,6.8e-07,
train,0,3.3e-07,
train,0,7.8e-07,
train,0,4.58e-06,
train,0,9.6e-07,
train,0,2.05e-06,
train,0,3.991e-05,
train,0,1.68e-06,
train,0,8.6e-07,
train,0,2.9e-06,
train,0,2.53e-06,
train,0,3.16e-06,
train,0,1.98e-06,
train,0,1.2e-06,
train,0,2e-06,
train,0,9.1e-07,
train,0,5e-07,
train,0,7.7e-06,
train,0,1.04e-06,
train,0,7.3e-07,
train,0,7.9e-07,
train,0,1.01e-06,
train,0,8.9e-07,
train,0,3.73e-06,
train,0,1.68e-06,
train,0,2.668e-05,
train,0,2.194e-05,
train,0,3.765e-05,
train,0,4.29e-06,
train,0,9.9e-07,
train,0,1.74e-06,
train,0,1.4e-06,
train,0,3.84e-06,
train,0,1.4e-06,
train,0,2.181e-05,
train,0,1.92e-06,
train,0,2.08e-06,
train,0,1.06e-06,
train,0,1.39e-06,
train,0,5.2e-07,
train,0,4.98e-06,
train,0,1.11e-06,
train,0,3e-06,
train,0,1.33e-06,
train,0,1.97e-06,
train,0,0.00100773,
train,0,2.96e-06,
train,0,3.6e-06,
train,0,1.79e-06,
train,0,1.51e-06,
train,0,7.29e-06,
train,0,1.76e-06,
train,0,7.8e-07,
train,0,3.65e-06,
train,0,2.44e-06,
train,0,8.1e-07,
train,1,0.99926613,
train,0,7.89e-06,
train,0,5.69e-06,
train,0,5.07e-06,
train,0,1.25e-06,
train,0,4.72e-06,
train,0,2.18e-06,
train,0,0.00014131,
train,0,0.00035459,
train,0,2.33e-06,
train,0,3.34e-06,
train,0,3.191e-05,
train,0,8.28e-06,
train,0,4.09e-06,
train,0,2.564e-05,
train,0,1.02e-06,
train,0,2.57e-06,
train,0,4.43e-06,
train,0,3.33e-06,
train,0,0.00132078,
train,0,3.84e-06,
train,0,3.763e-05,
train,0,1.043e-05,
train,0,0.00011057,
train,0,1.12e-06,
train,0,9.9e-07,
train,0,2.523e-05,
train,0,5.36e-06,
train,0,7.4e-07,
train,0,8.3e-07,
train,0,6.5e-07,
train,0,2.92e-06,
train,0,5.39e-06,
train,0,3.91e-06,
train,0,1.66e-06,
train,0,1.27e-06,
train,0,5.33e-06,
train,0,1.83e-06,
train,0,5.9e-07,
train,0,2.79e-06,
train,0,3.77e-06,
train,0,1.604e-05,
train,0,0.00017084,
train,0,4.38e-05,
train,0,1.554e-05,
train,0,0.41491882,
train,0,5.1e-07,
train,0,9.05e-06,
train,0,4.28e-06,
train,0,6.32e-06,
train,0,8.17e-06,
train,0,6.37e-06,
train,0,1.61e-06,
train,0,8.839e-05,
train,0,5.008e-05,
train,0,0.00013131,
train,0,9.34e-06,
train,0,9.8e-07,
train,0,4.464e-05,
train,0,5.14e-06,
train,0,1.841e-05,
train,0,2.8e-06,
train,0,2.11e-06,
train,0,3.75e-06,
train,0,2.16e-06,
train,0,3.68e-06,
train,0,1.22e-06,
train,0,3.766e-05,
train,0,6.46e-06,
train,0,0.00017637,
train,0,1.99e-06,
train,0,0.00011997,
train,0,2.033e-05,
train,0,1.33e-06,
train,0,8.5e-07,
train,0,1.12e-06,
train,0,7.1e-07,
train,0,5.9e-07,
train,0,4.1e-06,
train,0,1.69e-06,
train,0,8.43e-06,
train,0,3.135e-05,
train,0,0.20300006,
train,0,1.01e-06,
train,0,1.208e-05,
train,0,7.35e-06,
train,0,0.00024111,
train,0,2.06e-06,
train,0,2.02e-06,
train,0,1.07e-06,
train,0,6.81e-06,
train,0,3.562e-05,
train,0,1.29e-06,
train,0,5.06e-06,
train,0,3.62e-06,
train,0,3.4e-07,
train,0,8.4e-07,
train,0,0.00202039,
train,0,0.00022698,
train,0,0.0002677,
train,0,8.1e-07,
train,0,6.89e-06,
train,0,0.00071393,
train,0,1.124e-05,
train,0,2.56e-06,
train,0,1.341e-05,
train,0,0.00044378,
train,0,5.68e-06,
train,0,2.26e-06,
train,0,2.33e-06,
train,0,8.9e-07,
train,0,2.445e-05,
train,0,2.27e-06,
train,0,2.46e-06,
train,0,3.62e-05,
train,0,6.13e-06,
train,0,6.4e-07,
train,0,3.236e-05,
train,0,1.09e-06,
train,0,3.632e-05,
train,0,0.00057384,
train,0,2.296e-05,
train,0,1.46e-06,
train,0,3.203e-05,
train,0,2.42e-06,
train,0,6.229e-05,
train,0,0.00014415,
train,0,1.27e-05,
train,0,1.859e-05,
train,0,2.51e-06,
train,0,3.75e-06,
train,0,1.88e-06,
train,0,3.178e-05,
train,0,2.43e-06,
train,0,8.39e-06,
train,0,3.27e-06,
train,0,6.88e-06,
train,0,3.9e-06,
train,0,6.8e-07,
train,0,9.6e-07,
train,0,3.138e-05,
train,0,2.07e-06,
train,0,4.22e-06,
train,0,4.45e-06,
train,0,4.13e-06,
train,0,1.12e-05,
train,0,2.64e-06,
train,0,1.36e-06,
train,0,6.62e-06,
train,0,3.74e-06,
train,0,0.00016236,
train,0,5.15e-06,
train,0,4.83e-06,
train,0,1.254e-05,
train,0,4.59e-06,
train,0,4.14e-06,
train,0,0.00015283,
train,0,2.44e-06,
train,0,1.56e-06,
train,0,7.4e-07,
train,0,1.862e-05,
train,0,3.41e-06,
train,0,1.63e-06,
train,0,3.42e-06,
train,0,0.00012011,
train,0,1.661e-05,
train,0,2.02e-06,
train,0,1.24e-06,
train,0,2.46e-06,
train,0,1.37e-06,
train,0,1.72e-06,
train,0,0.00011347,
train,0,5.56e-06,
train,0,2.229e-05,
train,0,1.31e-06,
train,0,6.8e-07,
train,0,1.3e-06,
train,0,7.67e-06,
train,0,3.49e-06,
train,0,1.84e-06,
train,0,4.36e-06,
train,0,2.31e-06,
train,0,1.04e-06,
train,0,8.4e-07,
train,0,4.8e-06,
train,0,9.7e-07,
train,0,3.61e-06,
train,0,2.04e-06,
train,0,1.7e-06,
train,0,3.21e-06,
train,0,1.2e-06,
train,0,6.65e-06,
train,0,9.682e-05,
train,0,1.84e-06,
train,0,1.67e-06,
train,0,6.966e-05,
train,0,3.59e-06,
train,0,1.19e-06,
train,0,3.5e-06,
train,0,3.63e-06,
train,0,2.07e-06,
train,0,2.4e-06,
train,0,3.9e-06,
train,0,5.762e-05,
train,0,8.4e-07,
train,0,4.74e-06,
train,0,8.7e-07,
train,0,3.2e-06,
train,0,7.5e-07,
train,0,1.02e-06,
train,0,2.96e-06,
train,0,6.44e-06,
train,0,6.5e-07,
train,0,9.7e-07,
train,0,1.89e-06,
train,0,4.43e-06,
train,0,2.61e-06,
train,0,4.315e-05,
train,0,1.09e-06,
train,0,2.1e-06,
train,0,2.5e-06,
train,0,4.9e-07,
train,0,7.24e-06,
train,0,1.126e-05,
train,0,0.08019821,
train,0,2.1e-06,
train,0,2.06e-06,
train,0,4.39e-06,
train,1,0.992466,
train,0,1.12e-06,
train,0,6.1e-07,
train,0,4.77e-06,
train,0,1.78e-06,
train,0,1.95e-06,
train,0,9.4e-07,
train,0,3.02e-06,
train,0,3.51e-06,
train,0,1.28e-06,
train,0,2.82e-06,
train,0,1.85e-06,
train,0,1.01e-06,
train,0,1.57e-06,
train,0,3.153e-05,
train,0,1.7e-06,
train,0,2.41e-06,
train,0,7.75e-06,
train,0,2.58e-06,
train,0,1.47e-06,
train,0,1.29e-06,
train,0,6.09e-06,
train,0,5.9e-07,
train,0,1.8e-06,
train,0,1.37e-06,
train,0,1.38e-06,
train,0,8.06e-06,
train,0,6.1e-07,
train,0,6.9e-07,
train,0,5.1e-07,
train,0,7.6e-07,
train,0,4.8e-07,
train,0,4.9e-07,
train,0,9.9e-07,
train,0,8.8e-07,
train,0,3.42e-06,
train,0,7.9e-07,
train,0,8.1e-07,
train,0,2.84e-06,
train,0,1.47e-06,
train,0,1.03e-06,
train,0,1.23e-06,
train,0,9.2e-07,
train,0,1.24e-06,
train,0,8.534e-05,
train,0,0.02046071,
train,0,6.2e-07,
train,0,9.2e-07,
train,1,0.99880118,
train,0,1.66e-06,
train,0,3.02e-06,
train,0,9.6e-07,
train,0,1.15e-06,
train,0,5.5e-07,
train,0,1.62e-06,
train,0,1.42e-06,
train,0,6.3e-07,
train,0,1.24e-06,
train,0,4.7e-07,
train,0,0.00016122,
train,0,1.67e-06,
train,0,8e-07,
train,0,1.35e-06,
train,0,0.0183539,
train,0,4.16e-06,
train,0,9.2e-07,
train,0,2.85e-06,
train,0,9.7e-07,
train,0,2.05e-06,
train,0,9.1e-07,
train,0,2.56e-06,
train,0,1.525e-05,
train,0,5.9e-07,
train,0,7.4e-07,
train,0,8.6e-07,
train,0,9.9e-07,
train,0,2.53e-05,
train,0,5.7e-07,
train,0,1.61e-06,
train,0,3.9e-07,
train,0,1.78e-06,
train,0,1e-06,
train,0,2.19e-06,
train,0,1.43e-06,
train,0,2.77e-06,
train,0,3.6e-07,
train,0,2.25e-06,
train,0,2.55e-06,
train,0,7.768e-05,
train,0,6.9e-07,
train,0,6.6e-07,
train,0,1.08e-06,
train,0,0.00046709,
train,0,1.44e-06,
train,0,2.77e-06,
train,0,2.174e-05,
train,0,2.26e-06,
train,0,1.03e-06,
train,0,1.06e-06,
train,0,0.00086652,
train,0,3.69e-06,
train,0,7.9e-07,
train,0,9.4e-07,
train,0,1.584e-05,
train,0,1.07e-06,
train,0,1.83e-06,
train,0,3.9e-07,
train,0,1.52e-06,
train,0,1.48e-06,
train,0,2.27e-06,
train,0,1.68e-06,
train,0,1.15e-06,
train,0,2.1e-06,
train,0,0.00589966,
train,0,5.36e-06,
train,0,3.57e-06,
train,0,3.28e-06,
train,0,1.04e-06,
train,0,4.86e-06,
train,0,1.19e-06,
train,0,1.25e-06,
train,0,0.00016095,
train,0,5.32e-06,
train,0,6.926e-05,
train,0,4.14e-06,
train,0,3.195e-05,
train,0,2.79e-06,
train,0,1.505e-05,
train,0,2.628e-05,
train,0,7.3e-07,
train,0,2.3e-06,
train,0,0.00026537,
train,0,7.356e-05,
train,0,2.45e-06,
train,0,1.859e-05,
train,0,1.9e-06,
train,0,0.00121654,
train,0,0.00019149,
train,0,1.15e-06,
train,0,1.2e-06,
train,0,3.571e-05,
train,0,2.04e-06,
train,0,3.48e-06,
train,0,5.56e-06,
train,0,2.72e-06,
train,0,2.54e-06,
train,0,2.759e-05,
train,0,2.48e-06,
train,0,3.46e-06,
train,0,0.00010608,
train,0,8.7e-06,
train,0,2.36e-06,
train,0,3.42e-06,
train,0,3.564e-05,
train,0,6.66e-06,
train,0,4.27e-06,
train,0,3.6e-07,
train,0,2.44e-06,
train,0,1.99e-06,
train,0,1.723e-05,
train,0,1.05e-06,
train,0,7.1e-07,
train,0,2.42e-06,
train,0,1.66e-05,
train,0,5.9e-06,
train,0,1.12e-06,
train,0,0.6525732,
train,0,7.4e-07,
train,0,0.00011604,
train,0,7.75e-06,
train,0,1.099e-05,
train,0,1.01e-06,
train,0,5.18e-06,
train,0,1.96e-06,
train,0,2.27e-06,
train,0,1.55e-06,
train,0,2.55e-06,
train,0,1.52e-06,
train,0,1.169e-05,
train,0,1.871e-05,
train,0,7.091e-05,
train,0,2.31e-06,
train,0,1.45e-06,
train,0,1.87e-06,
train,0,1.389e-05,
train,0,1.066e-05,
train,0,3.03e-06,
train,0,2.08e-06,
train,0,0.00398753,
train,0,8.99e-06,
train,0,2.18e-06,
train,0,1.78e-06,
train,0,5e-07,
train,0,0.00149338,
train,0,1.75e-06,
train,0,3.69e-06,
train,0,1.019e-05,
train,0,2.81e-06,
train,0,4.77e-06,
train,0,2.76e-06,
train,0,8.8e-07,
train,0,1.292e-05,
train,0,2.53e-06,
train,0,1.25e-06,
train,0,5.57e-06,
train,0,2.38e-06,
train,0,4.3e-07,
train,0,2.93e-06,
train,0,3.37e-06,
train,0,1.547e-05,
train,0,6.4e-07,
train,0,4.74e-06,
train,0,1.79e-06,
train,0,3.25e-06,
train,0,7.4e-06,
train,0,4.01e-06,
train,0,3.97e-06,
train,0,2.69e-06,
train,0,1.2e-05,
train,0,2.75e-06,
train,0,0.00037698,
train,0,7.42e-06,
train,0,8.6e-07,
train,0,6.853e-05,
train,0,0.00171618,
train,0,2.02e-06,
train,0,1.2e-05,
train,0,2e-06,
train,0,1.446e-05,
train,0,4.31e-06,
train,0,1.82e-06,
train,0,1.75e-06,
train,0,1.6e-06,
train,0,1.04e-06,
train,0,6.45e-06,
train,0,9.1e-07,
train,0,3.49e-06,
train,0,4.1e-07,
train,0,0.00468946,
train,0,1.85e-06,
train,0,2.644e-05,
train,0,1.1e-06,
train,0,1.82e-06,
train,0,4.2e-07,
train,0,0.00017777,
train,0,2.23e-06,
train,0,7.351e-05,
train,0,8.27e-06,
train,0,2.67e-06,
train,0,1.93e-06,
train,0,2.34e-06,
train,0,5.187e-05,
train,0,3.68e-06,
train,0,6.341e-05,
train,0,2.848e-05,
train,0,5.9e-07,
train,0,1.57e-06,
train,0,6.5e-06,
train,0,3.75e-06,
train,0,1.92e-06,
train,0,4.18e-06,
train,0,7.2e-07,
train,0,1.5e-06,
train,0,1.181e-05,
train,0,1.146e-05,
train,0,7.2e-07,
train,0,1.26e-06,
train,0,5.67e-06,
train,0,3.66e-06,
train,0,5.75e-06,
train,0,1.66e-06,
train,0,2.18e-06,
train,0,2.16e-06,
train,0,9.29e-06,
train,0,1.827e-05,
train,0,6.74e-06,
train,0,2.76e-06,
train,0,2.44e-06,
train,0,3.38e-05,
train,0,5.1e-07,
train,0,2.13e-06,
train,0,4.233e-05,
train,0,3.7e-06,
train,0,1.94e-06,
train,0,5.88e-06,
train,0,4.25e-06,
train,0,3.52e-06,
train,0,5.532e-05,
train,0,1.637e-05,
train,0,0.11802983,
train,0,0.00018102,
train,0,1.214e-05,
train,0,3.4e-06,
train,0,2.86e-06,
train,0,7.8e-07,
train,0,2.23e-06,
train,0,2.07e-06,
train,0,8.09e-06,
train,0,5.46e-06,
train,0,1.307e-05,
train,0,2.863e-05,
train,0,0.00024662,
train,0,2.47e-06,
train,0,1.83e-06,
train,0,1.69e-05,
train,0,4.01e-06,
train,0,1.04e-06,
train,0,1.18e-06,
train,0,1.92e-06,
train,0,0.18452697,
train,0,7.7e-07,
train,0,5.8e-07,
train,0,2.89e-06,
train,0,8.9e-07,
train,0,1.67e-06,
train,0,2.75e-06,
train,0,1.81e-06,
train,0,8.6e-07,
train,0,1.72e-06,
train,0,1.48e-06,
train,0,1.3e-05,
train,0,4.78e-06,
train,0,6.195e-05,
train,0,2.62e-06,
train,0,2.46e-06,
train,0,7.8e-07,
train,0,9.2e-07,
train,0,9e-07,
train,0,9.5e-07,
train,0,3.63e-06,
train,0,2.21e-06,
train,0,6.3e-07,
train,0,4.99e-06,
train,0,3.55e-06,
train,0,6.3e-06,
train,0,7.4e-07,
train,0,1.647e-05,
train,0,5.7e-07,
train,0,5.07e-06,
train,0,1.63e-06,
train,0,2.86e-06,
train,0,2.24e-06,
train,0,1.56e-06,
train,0,1.41e-06,
train,0,1.48e-06,
train,0,1.01e-06,
train,0,9.31e-06,
train,0,9.6e-07,
train,0,2.24e-06,
train,0,1.018e-05,
train,0,1.91e-06,
train,0,1.61e-06,
train,0,2.34e-06,
train,0,1e-06,
train,0,1.83e-06,
train,0,5.3e-07,
train,0,1.28e-06,
train,0,5.7e-07,
train,0,9.4e-07,
train,0,2.22e-06,
train,0,0.00167803,
train,0,1.34e-06,
train,0,4.58e-06,
train,0,2.96e-06,
train,0,3.85e-06,
train,0,8.1e-07,
train,0,2.54e-06,
train,0,5.65e-06,
train,0,1.02e-06,
train,0,9.425e-05,
train,0,1.731e-05,
train,0,6.62e-06,
train,0,5.01e-06,
train,0,8.9e-07,
train,0,2.65e-06,
train,0,3.6e-06,
train,0,1.29e-06,
train,0,8.9e-07,
train,0,7.435e-05,
train,0,7.4e-07,
train,0,3.955e-05,
train,0,1.72e-06,
train,0,3.37e-06,
train,0,3.03e-06,
train,0,8.1e-07,
train,0,1.119e-05,
train,0,3.58e-06,
train,0,2.331e-05,
train,0,0.00073318,
train,0,1.621e-05,
train,0,7.78e-06,
train,0,2.93e-06,
train,0,1.4e-06,
train,0,2.43e-06,
train,0,7.69e-06,
train,0,8.9e-07,
train,0,1.42e-06,
train,0,4.11e-06,
train,0,1.728e-05,
train,0,6.42e-06,
train,0,4.96e-06,
train,0,2.1e-06,
train,0,2.4e-06,
train,0,1.885e-05,
train,0,5.24e-06,
train,0,5.55e-06,
train,0,4.6e-06,
train,0,1.236e-05,
train,0,4.25e-06,
train,0,1.33e-06,
train,0,1.42e-06,
train,0,1.37e-06,
train,0,4.5e-07,
train,0,4e-07,
train,0,2.74e-06,
train,0,7.6e-07,
train,0,1.83e-06,
train,0,1.11e-06,
train,0,6.5e-07,
train,0,1.14e-06,
train,0,2.49e-06,
train,0,2e-06,
train,0,3.75e-06,
train,0,1.17e-06,
train,0,6.3e-07,
train,0,3.17e-06,
train,0,1.1e-06,
train,0,2.01e-06,
train,0,7.2e-07,
train,0,3.6e-07,
train,0,1.31e-06,
train,0,8.43e-06,
train,0,4.9e-07,
train,0,1.82e-06,
train,0,6.2e-07,
train,0,9.3e-07,
train,0,1.67e-06,
train,0,1.21e-06,
train,0,2.94e-06,
train,0,5.6e-07,
train,0,1.22e-06,
train,0,1.67e-06,
train,0,1.29e-06,
train,0,2.93e-06,
train,0,2.679e-05,
train,0,3.8e-07,
train,0,1.63e-06,
train,0,5.7e-07,
train,0,1.38e-06,
train,0,7.9e-07,
train,0,5.15e-06,
train,0,1.79e-06,
train,0,6.88e-06,
train,0,7.6e-07,
train,0,1.5e-06,
train,0,2.21e-06,
train,0,2.61e-06,
train,0,4.21e-06,
train,0,8.183e-05,
train,0,9.1e-07,
train,0,2.59e-06,
train,0,2.05e-06,
train,0,9.9e-07,
train,0,3.8e-07,
train,0,2.07e-06,
train,0,2.8e-06,
train,0,2.81e-06,
train,0,5.9e-07,
train,0,0.00010744,
train,0,7.35e-06,
train,0,2.74e-06,
train,0,1.06e-06,
train,0,2.49e-06,
train,0,4.74e-06,
train,0,8.47e-06,
train,0,1.11e-06,
train,0,9.1e-07,
train,0,1.1e-06,
train,0,8.9e-07,
train,0,2.459e-05,
train,0,3.39e-06,
train,0,8.019e-05,
train,0,1.09e-06,
train,0,1.89e-06,
train,0,2.7e-06,
train,0,0.0001461,
train,0,1.07e-06,
train,0,1.17e-06,
train,0,3.3e-07,
train,0,7.14e-06,
train,0,2.59e-06,
train,0,1.12e-06,
train,0,5.13e-06,
train,0,6.89e-06,
train,0,5.1e-07,
train,0,2.54e-06,
train,0,3.08e-06,
train,0,2.507e-05,
train,0,3.09e-06,
train,0,1.11e-06,
train,0,2.395e-05,
train,0,9.1e-07,
train,0,7.9e-07,
train,0,2.55e-06,
train,0,2.25e-06,
train,0,2.79e-06,
train,0,1.08e-06,
train,0,4.95e-06,
train,0,2.98e-06,
train,0,1.53e-06,
train,0,8.6e-07,
train,0,3.44e-06,
train,0,9.563e-05,
train,0,1e-06,
train,0,1.78e-06,
train,0,7.7e-07,
train,0,3.141e-05,
train,0,4.6e-07,
train,0,1.32e-06,
train,0,1.01e-06,
train,0,4.463e-05,
train,0,0.0002823,
train,0,1.75e-06,
train,0,3.93e-06,
train,0,1.56e-06,
train,0,1.15e-06,
train,0,2.97e-06,
train,0,1.8e-06,
train,0,1.27e-06,
train,0,1.87e-06,
train,0,4.87e-06,
train,0,3.29e-06,
train,0,9.3e-07,
train,0,1.83e-06,
train,0,1.56e-06,
train,0,2.647e-05,
train,0,6.59e-06,
train,0,6.5e-07,
train,0,1.3e-06,
train,0,7.7e-07,
train,0,2.06e-06,
train,0,1.1e-06,
train,0,6.09e-06,
train,0,1.53e-06,
train,0,4.91e-06,
train,0,1.24e-06,
train,0,5.8e-07,
train,0,8.6e-07,
train,0,1.36e-06,
train,0,7.79e-06,
train,0,5.13e-06,
train,0,1.81e-06,
train,0,0.00345161,
train,0,9.2e-07,
train,0,6.92e-06,
train,0,1.02e-06,
train,0,6.2e-07,
train,0,9e-07,
train,0,3.44e-06,
train,0,1.84e-06,
train,0,1.21e-06,
train,0,1.92e-05,
train,0,8.8e-07,
train,0,6.3e-07,
train,0,5.8e-07,
train,0,9.06e-06,
train,0,4.6e-07,
train,0,1.332e-05,
train,0,5.78e-06,
train,0,1.01e-06,
train,0,2.05e-06,
train,0,1.65e-06,
train,0,1.59e-06,
train,0,3.1e-05,
train,0,8.286e-05,
train,0,1.14e-06,
train,0,8.4e-07,
train,0,6.54e-06,
train,0,2.15e-06,
train,0,9.86e-06,
train,0,1.14e-06,
train,0,1.32e-06,
train,0,9.1e-07,
train,0,8.02e-06,
train,0,1.86e-06,
train,0,1.72e-06,
train,0,1e-06,
train,0,1.78e-06,
train,0,1.99e-06,
train,0,3.46e-06,
train,0,1.13e-06,
train,0,2.76e-06,
train,0,1.14e-06,
train,0,2.32e-06,
train,0,7.33e-06,
train,0,6e-07,
train,0,1.12e-06,
train,0,8.26e-06,
train,0,1.87e-06,
train,0,2.21e-06,
train,0,2.2e-06,
train,0,2.76e-06,
train,0,1.35e-06,
train,0,3.55e-06,
train,0,1.313e-05,
train,0,2.3e-06,
train,0,2.841e-05,
train,0,1.41e-06,
train,0,5.74e-06,
train,0,4.1e-07,
train,0,4.7e-06,
train,0,4.6e-07,
train,0,1.05e-06,
train,0,0.00036358,
train,0,4.87e-06,
train,0,1.77e-06,
train,0,8.9e-07,
train,0,4.7e-06,
train,0,0.00027024,
train,0,7.45e-06,
train,0,5.419e-05,
train,0,5.02e-06,
train,0,4.778e-05,
train,0,0.00044652,
train,0,6.88e-06,
train,0,1.95e-06,
train,0,6.3e-07,
train,0,4.8e-07,
train,0,1.31e-06,
train,0,4.01e-06,
train,0,6.74e-06,
train,0,9.9e-07,
train,0,1.33e-06,
train,0,1.58e-06,
train,0,6.85e-06,
train,0,7.84e-06,
train,0,4.15e-06,
train,0,6.64e-06,
train,0,2e-06,
train,0,3.47e-06,
train,0,2.056e-05,
train,0,2.19e-06,
train,0,4.53e-06,
train,0,9.24e-06,
train,0,2.64e-06,
train,0,3e-06,
train,0,2.99e-06,
train,0,1.27e-06,
train,0,5.73e-06,
train,0,1.97e-06,
train,0,1.64e-06,
train,0,1.47e-06,
train,0,0.00010495,
train,0,1.795e-05,
train,0,2.21e-06,
train,0,2.24e-06,
train,0,6.91e-06,
train,0,1.55e-06,
train,0,2.27e-06,
train,0,3.5e-06,
train,0,4.36e-06,
train,0,7.9e-07,
train,0,2.07e-06,
train,0,7.7e-07,
train,0,1.91e-06,
train,0,3.56e-06,
train,0,1.99e-06,
train,0,2.78e-06,
train,0,5.1e-07,
train,0,1.23e-06,
train,0,0.00033891,
train,0,2.65e-06,
train,0,0.00336436,
train,0,3.59e-06,
train,0,4.43e-06,
train,0,2.089e-05,
train,0,9.89e-06,
train,0,4.91e-06,
train,0,9.7e-07,
train,0,4e-06,
train,0,2.99e-06,
train,0,2.66e-06,
train,0,1.62e-06,
train,0,1.008e-05,
train,0,4.29e-06,
train,0,1.54e-06,
train,0,7.64e-06,
train,0,3.49e-06,
train,0,1.67e-06,
train,0,9.4e-07,
train,0,5.64e-06,
train,0,3.144e-05,
train,0,7.4e-07,
train,0,0.00652218,
train,0,3.06e-06,
train,0,4.09e-06,
train,0,2.36e-06,
train,0,1.13e-06,
train,0,1.63e-06,
train,0,1.43e-06,
train,0,6.68e-06,
train,0,9.144e-05,
train,0,6.78e-06,
train,0,2.46e-06,
train,0,1.867e-05,
train,0,6.8e-07,
train,0,1e-06,
train,0,0.00012954,
train,0,1.49e-06,
train,0,4.8e-07,
train,0,8.8e-07,
train,0,4.12e-06,
train,0,1.85e-06,
train,0,9.3e-07,
train,0,7.59e-06,
train,0,5.01e-06,
train,0,5.49e-06,
train,0,5.6e-06,
train,0,1.63e-06,
train,0,1.61e-06,
train,0,1.88e-06,
train,0,1.4e-06,
train,0,1.09e-06,
train,0,5.06e-06,
train,0,0.00018123,
train,0,2.68e-06,
train,0,2.7e-07,
train,0,2.3e-06,
train,0,6.37e-06,
train,0,2.218e-05,
train,0,0.00013531,
train,0,2.12e-06,
train,0,1.174e-05,
train,0,9.3e-07,
train,0,1.03e-06,
train,0,3.57e-06,
train,0,8.96e-06,
train,0,3.72e-06,
train,0,6.7e-07,
train,0,4.9e-07,
train,0,7.9e-07,
train,0,2.75e-06,
train,0,2.56e-06,
train,0,6.6e-07,
train,0,7.6e-07,
train,0,2.15e-06,
train,0,6.2e-07,
train,0,1.94e-06,
train,0,1.01e-06,
train,0,5.64e-06,
train,0,1.87e-06,
train,0,5.24e-06,
train,0,2.34e-06,
train,0,7.5e-07,
train,0,6.7e-07,
train,0,1.55e-06,
train,0,8e-07,
train,0,1.76e-06,
train,0,1.58e-06,
train,0,1.07e-06,
train,0,2.29e-06,
train,0,2.6e-07,
train,0,1.03e-06,
train,0,6.6e-07,
train,0,9e-07,
train,0,1.55e-06,
train,0,6.9e-07,
train,0,3.51e-06,
train,0,1e-06,
train,0,4e-07,
train,0,2.42e-06,
train,0,1.21e-06,
train,0,5.805e-05,
train,0,7.1e-07,
train,0,1.68e-06,
train,0,4.9e-07,
train,0,2.983e-05,
train,0,4.1e-07,
train,0,1.3e-06,
train,0,2.63e-06,
train,0,5.3e-07,
train,0,0.00015282,
train,0,3.58e-06,
train,0,4.63e-06,
train,0,1.21e-06,
train,0,2.8e-07,
train,0,0.00030289,
train,0,0.00021826,
train,0,2.5e-06,
train,0,2.7e-07,
train,0,3.06e-06,
train,0,1.32e-06,
train,0,2.2e-06,
train,0,7.16e-06,
train,0,3.12e-06,
train,0,1.06e-06,
train,0,7.67e-06,
train,0,3.1e-07,
train,0,1.28e-06,
train,0,1.06e-06,
train,0,2.24e-06,
train,0,3.6e-06,
train,0,1.03e-06,
train,0,2.079e-05,
train,0,7.6e-07,
train,0,7.1e-07,
train,0,2.14e-06,
train,0,2.76e-06,
train,0,1.08e-06,
train,0,1.93e-06,
train,0,9.8e-07,
train,0,1.72e-06,
train,0,1.31e-06,
train,0,0.02606561,
train,0,2.61e-06,
train,0,1.07e-06,
train,0,3.36e-06,
train,0,1.05e-05,
train,0,2.29e-06,
train,0,6.7e-07,
train,0,1.6e-06,
train,0,9.34e-06,
train,0,1.51e-06,
train,0,0.00017746,
train,0,7.2e-07,
train,0,2.023e-05,
train,0,1.497e-05,
train,0,7.9e-07,
train,0,1.281e-05,
train,0,2.8e-06,
train,0,8.86e-06,
train,0,2.91e-06,
train,0,4.16e-06,
train,0,1.9e-06,
train,0,1.837e-05,
train,0,1.837e-05,
train,0,3.36e-06,
train,0,1.64e-06,
train,0,6.62e-06,
train,0,1.299e-05,
train,0,2.94e-06,
train,0,8.752e-05,
train,0,3.99e-06,
train,0,0.00031681,
train,0,7.8e-07,
train,0,0.0001215,
train,0,0.00026351,
train,0,1.99e-06,
train,0,1.39e-06,
train,0,1.6e-06,
train,0,4.94e-06,
train,0,1.277e-05,
train,0,4.81e-06,
train,0,7.47e-06,
train,0,3.4e-06,
train,0,2.84e-06,
train,0,2.39e-06,
train,0,1.46e-06,
train,0,9.9e-07,
train,0,1.19e-06,
train,0,3.3e-07,
train,0,9.8e-07,
train,0,3.37e-06,
train,0,1.68e-06,
train,0,7.59e-06,
train,0,1.9e-06,
train,0,7.81e-06,
train,0,1.97e-06,
train,0,1.15e-06,
train,0,1.64e-06,
train,0,1.512e-05,
train,0,1.51e-06,
train,0,9.9e-07,
train,0,2.53e-06,
train,0,6.9e-07,
train,0,0.00033026,
train,0,2.68e-06,
train,0,3.38e-06,
train,0,3.9e-06,
train,0,9.7e-07,
train,0,3.06e-06,
train,0,9.4e-07,
train,0,0.00013869,
train,0,5e-06,
train,0,4.71e-06,
train,0,1.73e-06,
train,0,4.46e-06,
train,0,5.6e-07,
train,0,1.36e-06,
train,0,5.06e-06,
train,0,5.4e-07,
train,0,5.6e-06,
train,0,4.78e-06,
train,0,1.033e-05,
train,0,7.8e-07,
train,0,0.00024547,
train,0,2e-06,
train,0,1.83e-06,
train,0,2.33e-06,
train,0,9.1e-07,
train,0,3.95e-06,
train,0,8.7e-07,
train,0,2.61e-06,
train,0,2.08e-06,
train,0,4.32e-06,
train,0,9.97e-06,
train,0,4.59e-06,
train,0,1.92e-06,
train,0,1.47e-06,
train,0,1.152e-05,
train,0,9.4e-07,
train,0,2.64e-06,
train,0,8.1e-07,
train,0,1.23e-06,
train,0,5.75e-06,
train,0,4.06e-06,
train,0,1.146e-05,
train,0,4.8e-07,
train,0,2.17e-06,
train,0,2.9e-07,
train,0,3.203e-05,
train,0,5.9e-07,
train,0,2e-06,
train,0,7.9e-07,
train,0,5.4e-07,
train,0,1.46e-06,
train,0,1.18e-06,
train,0,5.2e-07,
train,0,7.5e-07,
train,0,1.42e-06,
train,0,5.1e-07,
train,0,2.91e-06,
train,0,5.9e-07,
train,0,9.5e-07,
train,0,0.00198115,
train,0,1.15e-06,
train,0,8.9e-07,
train,0,2.63e-06,
train,0,4.99e-06,
train,0,4.756e-05,
train,0,8.5e-07,
train,0,2.5e-07,
train,0,5.15e-06,
train,0,9.6e-07,
train,0,1.24e-06,
train,0,1.77e-06,
train,0,8.427e-05,
train,0,1.23e-06,
train,0,1.35e-06,
train,0,2.21e-06,
train,0,2.327e-05,
train,0,1.84e-06,
train,0,4.29e-06,
train,0,6.9e-07,
train,0,6.23e-06,
train,0,1.627e-05,
train,0,1.12e-06,
train,0,1.91e-06,
train,0,4.8e-06,
train,0,1.62e-06,
train,0,3.32e-06,
train,0,1.89e-06,
train,0,1.18e-05,
train,0,1.32e-06,
train,0,1.67e-06,
train,0,1.2e-06,
train,0,6.4e-07,
train,0,2.89e-06,
train,0,1.34e-06,
train,0,5.652e-05,
train,0,9.43e-06,
train,0,4.098e-05,
train,0,1.94e-06,
train,0,2.37e-06,
train,0,5.4e-07,
train,0,7.1e-07,
train,0,2.19e-05,
train,0,8.7e-07,
train,0,1.74e-06,
train,0,0.0004908,
train,0,8e-07,
train,0,3.72e-06,
train,0,2.76e-06,
train,0,1.91e-06,
train,0,1.67e-06,
train,0,3.65e-05,
train,0,4.244e-05,
train,0,3.8e-07,
train,0,2.19e-06,
train,0,1.56e-06,
train,0,1.17e-06,
train,0,1.58e-06,
train,0,1.43e-06,
train,0,2.908e-05,
train,0,1.074e-05,
train,0,1.86e-06,
train,0,6.13e-06,
train,0,2.89e-06,
train,0,4.7e-07,
train,0,4.8e-07,
train,0,7.81e-06,
train,0,6.8e-07,
train,0,2.4e-06,
train,0,9.1e-07,
train,0,1.12e-06,
train,0,2.66e-06,
train,0,2.899e-05,
train,0,0.0008399,
train,0,1.968e-05,
train,0,8.2e-07,
train,0,3.74e-06,
train,0,4.66e-06,
train,0,1.69e-06,
train,0,2.815e-05,
train,0,1.93e-06,
train,0,2.76e-06,
train,0,2.03e-06,
train,0,0.00016215,
train,0,2.5e-06,
train,0,7.4e-07,
train,0,2.696e-05,
train,0,1.87e-06,
train,0,1.6e-06,
train,0,9.1e-07,
train,0,4.25e-06,
train,0,2.926e-05,
train,0,3.1e-06,
train,0,7.241e-05,
train,0,0.25843647,
train,0,0.00116245,
train,0,6.6e-07,
train,0,7.58e-06,
train,0,2.54e-06,
train,0,7.734e-05,
train,0,2.58e-06,
train,0,2.076e-05,
train,0,3.11e-06,
train,0,1.57e-06,
train,0,9.2e-07,
train,0,3.82e-06,
train,0,1.95e-06,
train,0,1.94e-06,
train,0,3.44e-06,
train,0,2.7e-05,
train,0,1.368e-05,
train,0,2.72e-06,
train,0,1.105e-05,
train,0,4.21e-06,
train,0,2.89e-06,
train,0,1.22e-06,
train,0,7.09e-06,
train,0,4.07e-06,
train,0,1.6e-06,
train,0,5.39e-06,
train,0,5.21e-06,
train,0,1.122e-05,
train,0,9.9e-07,
train,0,3.507e-05,
train,0,0.00081892,
train,0,1.64e-06,
train,0,2e-06,
train,0,7.14e-06,
train,0,1.09e-06,
train,0,3.084e-05,
train,0,2.8e-06,
train,0,1.158e-05,
train,0,6.64e-06,
train,0,1.696e-05,
train,0,4.5e-07,
train,0,0.00011932,
train,0,5e-07,
train,0,2.706e-05,
train,0,6.35e-06,
train,0,0.03741611,
train,0,0.0045288,
train,0,1.085e-05,
train,0,1.58e-06,
train,0,2.05e-06,
train,0,9.1e-07,
train,0,2.76e-06,
train,0,9.73e-06,
train,0,2.16e-06,
train,0,2.09e-06,
train,0,7.3e-07,
train,0,6.1e-07,
train,0,5.495e-05,
train,0,1.76e-06,
train,0,3.43e-06,
train,0,3.3e-06,
train,0,0.00018609,
train,0,9.79e-06,
train,0,1.17e-06,
train,0,0.00016045,
train,0,1.56e-06,
train,0,2.19e-06,
train,0,3.91e-06,
train,1,0.9988617,
train,0,2.445e-05,
train,0,7.15e-06,
train,0,6.671e-05,
train,0,1.186e-05,
train,0,7.3e-07,
train,0,6.8e-07,
train,0,9.41e-06,
train,0,8.4e-07,
train,0,2.3e-06,
train,0,2.61e-06,
train,0,3.84e-06,
train,0,2.42e-06,
train,0,7.3e-06,
train,0,1.14e-06,
train,0,2.57e-06,
train,0,8.33e-06,
train,0,1.11e-06,
train,0,1.08e-06,
train,0,7.5e-06,
train,0,7.48e-06,
train,0,1.37e-06,
train,0,1.83e-06,
train,0,3.79e-06,
train,0,1.012e-05,
train,0,3.8e-06,
train,0,1.003e-05,
train,0,0.01145227,
train,0,5.529e-05,
train,0,3.693e-05,
train,0,3.08e-06,
train,0,7.5e-07,
train,0,2.47e-06,
train,0,1.43e-06,
train,0,4.55e-06,
train,0,2.063e-05,
train,0,1.62e-06,
train,0,0.00081787,
train,0,6.18e-06,
train,0,2.94e-06,
train,0,1.464e-05,
train,0,2.98e-06,
train,0,1.16e-06,
train,0,3.375e-05,
train,0,3.371e-05,
train,0,1.51e-06,
train,0,7.991e-05,
train,0,1.89e-06,
train,0,1.52e-06,
train,0,1.76e-06,
train,0,1.44e-06,
train,0,1.94e-06,
train,0,2.05e-06,
train,0,1.27e-06,
train,0,1.09e-06,
train,0,5e-07,
train,0,2.65e-06,
train,0,5.2e-07,
train,0,9.91e-06,
train,0,5.6e-07,
train,0,3.8e-07,
train,0,0.00018153,
train,0,2.24e-06,
train,0,4.31e-06,
train,0,1.26e-06,
train,0,7.2e-07,
train,0,4.61e-06,
train,0,4.1e-06,
train,0,2.98e-06,
train,0,4.01e-06,
train,0,4.86e-06,
train,0,8.37e-06,
train,0,8.93e-06,
train,0,4.97e-06,
train,0,3.83e-06,
train,0,1.17e-06,
train,0,3.351e-05,
train,0,9.73e-06,
train,0,0.00287386,
train,0,2.89e-06,
train,0,4.48e-06,
train,0,9.6e-07,
train,0,1.057e-05,
train,0,9.4e-07,
train,0,3.3e-06,
train,0,0.00026168,
train,0,4.3e-07,
train,0,2.63e-06,
train,0,2.257e-05,
train,0,9.35e-06,
train,0,2.77e-06,
train,0,2.943e-05,
train,0,0.04504464,
train,0,0.00037314,
train,0,1.654e-05,
train,0,1.54e-06,
train,0,1.5e-06,
train,0,1.08e-06,
train,0,9.7e-06,
train,0,1.044e-05,
train,0,1.9e-06,
train,0,5.86e-06,
train,0,6.3e-07,
train,0,1.34e-06,
train,0,2.01e-06,
train,0,1.57e-06,
train,0,1.49e-06,
train,0,1.32e-06,
train,0,9.99e-06,
train,0,2.57e-06,
train,0,1.84e-06,
train,0,3.6e-07,
train,0,0.00016919,
train,0,4.2e-07,
train,0,2.45e-06,
train,0,1.7e-06,
train,0,4.3e-07,
train,0,9.8e-07,
train,0,3.58e-06,
train,0,2.849e-05,
train,0,3.11e-06,
train,0,1.25e-06,
train,0,9.62e-06,
train,0,7.1e-07,
train,0,1.141e-05,
train,0,1.43e-06,
train,0,4.4e-07,
train,0,9.5e-07,
train,0,1.09e-06,
train,0,1.33e-06,
train,0,4e-07,
train,0,2.01e-06,
train,0,6.1e-07,
train,0,6.9e-07,
train,0,3.04e-06,
train,0,1.6e-06,
train,0,4.325e-05,
train,0,1.61e-06,
train,0,6.314e-05,
train,0,9.6e-07,
train,0,2.58e-06,
train,0,7.4e-07,
train,0,1.69e-06,
train,0,1.64e-06,
train,0,2.48e-06,
train,0,8.2e-07,
train,0,1.18e-06,
train,0,2.53e-06,
train,0,4.66e-06,
train,0,4.2e-07,
train,0,0.00147339,
train,0,4.84e-06,
train,0,0.03093499,
train,0,8.2e-07,
train,0,2.93e-06,
train,0,2.98e-06,
train,0,0.00028167,
train,0,6.72e-06,
train,0,2.327e-05,
train,0,4.4e-06,
train,0,1.31e-06,
train,0,3.63e-06,
train,0,2.09e-06,
train,0,1.89e-06,
train,0,2.12e-06,
train,0,4.45e-06,
train,0,1.01e-06,
train,0,1.18e-06,
train,0,1.7e-06,
train,0,0.00011842,
train,0,2.58e-06,
train,0,4.82e-06,
train,0,9.5e-07,
train,0,7.3e-07,
train,0,1.456e-05,
train,0,1.52e-06,
train,0,5.2e-07,
train,0,3.09e-06,
train,0,2.04e-06,
train,0,9.5e-07,
train,0,1.22e-06,
train,0,7.6e-07,
train,0,1.92e-06,
train,0,9.67e-06,
train,0,2.712e-05,
train,0,2.02e-06,
train,0,4.99e-06,
train,0,5.903e-05,
train,0,8.3e-06,
train,0,3.55e-06,
train,0,2.953e-05,
train,0,2.04e-06,
train,0,3.19e-06,
train,0,1.73e-06,
train,0,2.23e-05,
train,0,5.659e-05,
train,0,3.21e-06,
train,0,1.27e-06,
train,0,1.2e-06,
train,0,5.4e-07,
train,0,1.74e-06,
train,0,7.1e-07,
train,0,8.21e-06,
train,0,2.18e-06,
train,0,1.37e-06,
train,0,1.87e-06,
train,0,3.26e-06,
train,0,3.58e-06,
train,0,3.08e-06,
train,0,4.73e-06,
train,0,2.74e-06,
train,0,3.73e-06,
train,0,1.35e-06,
train,0,3.64e-06,
train,0,2.88e-06,
train,0,2.91e-06,
train,0,7.8e-07,
train,0,8.62e-06,
train,0,4.69e-06,
train,0,3.6e-06,
train,0,9.5e-07,
train,0,2.416e-05,
train,0,0.00066109,
train,0,6.7e-07,
train,0,9.45e-06,
train,0,8.8e-07,
train,0,1.154e-05,
train,0,2.812e-05,
train,0,2.241e-05,
train,0,4.07e-06,
train,0,0.00010047,
train,0,1.41e-06,
train,0,1.2e-06,
train,0,0.00011957,
train,0,2.37e-06,
train,0,2.34e-06,
train,0,1.83e-06,
train,0,4.169e-05,
train,0,1.544e-05,
train,0,0.00021387,
train,0,9.3e-07,
train,0,2.85e-06,
train,0,0.0024041,
train,0,1.176e-05,
train,0,3.801e-05,
train,0,7.8e-07,
train,0,3.02e-06,
train,0,3.6e-06,
train,0,3e-06,
train,0,2.148e-05,
train,0,2.84e-06,
train,1,0.99531486,
train,0,2.76e-06,
train,0,3.41e-06,
train,0,7.056e-05,
train,0,3.63e-06,
train,0,1.86e-06,
train,0,3.41e-06,
train,0,4.82e-06,
train,0,4.11e-06,
train,0,3.35e-06,
train,0,2.59e-06,
train,0,1.09e-06,
train,0,1.54e-06,
train,0,0.00011368,
train,0,6.34e-06,
train,0,8.3e-07,
train,0,1.058e-05,
train,0,1.4e-06,
train,0,1.113e-05,
train,0,3.21e-06,
train,0,2.63e-06,
train,0,2.42e-06,
train,0,8.8e-07,
train,0,7.91e-06,
train,0,4.9e-07,
train,0,5.85e-06,
train,0,3.05e-06,
train,0,3.25e-06,
train,0,2.15e-06,
train,0,0.00037474,
train,1,0.99443938,
train,0,9.4e-07,
train,0,1.8e-06,
train,0,6.6e-07,
train,0,6.52e-06,
train,0,1.94e-06,
train,0,2.37e-06,
train,0,2.574e-05,
train,0,1.11e-06,
train,0,1e-06,
train,0,1.47e-06,
train,0,9.03e-06,
train,0,5.2e-07,
train,0,2.52e-06,
train,0,1.123e-05,
train,0,8.5e-07,
train,0,1.09e-06,
train,0,0.00139548,
train,0,2.88e-06,
train,0,6.72e-06,
train,0,5.2e-07,
train,0,2.95e-06,
train,0,3.495e-05,
train,0,3.09e-06,
train,0,3.17e-06,
train,0,2.62e-06,
train,0,2.294e-05,
train,0,3.41e-06,
train,0,6.99e-06,
train,0,1.68e-06,
train,0,2.06e-06,
train,0,1.73e-06,
train,0,8.7e-07,
train,0,6.24e-06,
train,0,1.4e-06,
train,0,6.4e-07,
train,0,2.17e-06,
train,0,9.45e-06,
train,0,5.31e-06,
train,0,3.82e-06,
train,0,1.32e-06,
train,0,5.43e-06,
train,0,2.29e-06,
train,0,1.6e-06,
train,0,3.05e-06,
train,0,4.41e-06,
train,0,1.937e-05,
train,0,6.4e-07,
train,0,1.78e-06,
train,0,7.67e-06,
train,0,1.466e-05,
train,0,1.6e-06,
train,0,5.16e-06,
train,0,1.61e-06,
train,0,6.59e-06,
train,0,2.78e-06,
train,0,2.139e-05,
train,0,1.57e-06,
train,0,2.56e-06,
train,0,7.8e-07,
train,0,1.24e-06,
train,0,3.7e-07,
train,0,2.13e-06,
train,0,4.13e-06,
train,0,2.02e-06,
train,0,8.503e-05,
train,0,7.5e-07,
train,0,2.43e-06,
train,0,9.3e-07,
train,0,3.24e-06,
train,0,2.42e-06,
train,0,3.59e-06,
train,0,5.3e-07,
train,0,1.69e-06,
train,0,6.27e-06,
train,0,4.4e-06,
train,0,1.27e-06,
train,0,0.00018834,
train,0,2.37e-06,
train,0,1.18e-06,
train,0,1.736e-05,
train,0,1.51e-06,
train,0,2.067e-05,
train,0,9.48e-06,
train,0,6.85e-06,
train,0,1.75e-06,
train,0,5.5e-07,
train,0,2.12e-06,
train,0,1.15e-06,
train,0,1.164e-05,
train,0,7.635e-05,
train,0,3.73e-06,
train,0,2.58e-06,
train,0,5.79e-06,
train,0,2.23e-06,
train,0,1.6e-06,
train,0,9.93e-06,
train,0,5.64e-06,
train,0,9.171e-05,
train,0,3.05e-06,
train,0,6.4e-07,
train,0,1.73e-06,
train,0,7.9e-06,
train,0,6.3e-06,
train,0,4.68e-06,
train,0,3.1e-06,
train,0,7.6e-07,
train,0,1.51e-06,
train,0,7.2e-07,
train,0,4.82e-06,
train,0,4e-07,
train,0,1.41e-06,
train,0,5.9e-07,
train,0,2.75e-06,
train,0,2.09e-06,
train,0,3.75e-06,
train,0,1.37e-06,
train,0,9.4e-07,
train,0,6.8e-07,
train,0,5.33e-06,
train,0,1.93e-06,
train,0,1.51e-06,
train,0,8.7e-07,
train,0,0.00017636,
train,0,3.7e-07,
train,0,4.84e-06,
train,0,6.7e-07,
train,0,5.6e-07,
train,0,8e-07,
train,0,4.9e-07,
train,0,5.3e-07,
train,0,6.1e-07,
train,0,1.05e-06,
train,0,1.6e-06,
train,0,3.23e-06,
train,0,1.11e-06,
train,0,5.2e-07,
train,0,6.8e-07,
train,0,1.814e-05,
train,0,1.59e-06,
train,0,1.47e-06,
train,0,4.4e-07,
train,0,4.6e-07,
train,0,1.62e-06,
train,0,4.09e-06,
train,0,4.32e-06,
train,0,4.94e-06,
train,0,7.5e-07,
train,0,2.43e-06,
train,0,1.15e-06,
train,0,9.3e-07,
train,0,4.7e-07,
train,0,1.05e-06,
train,0,3.382e-05,
train,0,1.9e-06,
train,0,1.04e-06,
train,0,5.19e-06,
train,0,1.12e-06,
train,0,8.52e-06,
train,0,6.6e-07,
train,0,1.94e-06,
train,0,8.7e-07,
train,0,3.6e-07,
train,0,2.242e-05,
train,0,3.7e-07,
train,0,1.23e-06,
train,0,1.12e-06,
train,0,4.74e-06,
train,0,2.49e-06,
train,0,6.8e-07,
train,0,1.35e-06,
train,0,9.8e-07,
train,0,3.16e-06,
train,0,1.66e-06,
train,0,1.4e-06,
train,0,1.49e-06,
train,0,7.38e-06,
train,0,1.04e-06,
train,0,2.98e-06,
train,0,1.186e-05,
train,0,6.7e-07,
train,0,1.88e-06,
train,0,2.878e-05,
train,0,5.72e-06,
train,0,3.75e-06,
train,0,1.96e-06,
train,0,2.85e-06,
train,0,4.358e-05,
train,0,7.55e-06,
train,0,2.26e-06,
train,0,1.13e-06,
train,0,3.2e-07,
train,0,5.7e-07,
train,0,0.00017782,
train,0,3.06e-06,
train,0,8.2e-07,
train,0,2.26e-06,
train,0,1.586e-05,
train,0,7e-07,
train,0,3.72e-06,
train,0,3.84e-06,
train,0,1.18e-06,
train,0,6.27e-06,
train,0,4.19e-06,
train,0,3.92e-06,
train,0,1.96e-06,
train,0,4.591e-05,
train,0,1.26e-06,
train,0,1.11e-06,
train,0,0.0033834,
train,0,2.15e-06,
train,0,8.4e-07,
train,0,7.711e-05,
train,0,3.815e-05,
train,0,9.46e-06,
train,0,2.166e-05,
train,0,2.62e-06,
train,0,1.04e-06,
train,0,5.7e-07,
train,0,1.45e-06,
train,0,1.23e-06,
train,0,6.79e-06,
train,0,8.99e-06,
train,0,2.155e-05,
train,0,3.755e-05,
train,0,3.1e-06,
train,0,0.00074134,
train,0,0.01730179,
train,0,3.91e-06,
train,0,1.35e-06,
train,0,2.81e-06,
train,0,4.53e-06,
train,0,1.77e-06,
train,0,4.16e-06,
train,0,1.06e-06,
train,0,8.6e-07,
train,0,1.74e-06,
train,0,1.24e-06,
train,0,1.006e-05,
train,0,2.3e-06,
train,0,1.18e-06,
train,0,1.668e-05,
train,0,5.4e-07,
train,0,3.29e-06,
train,0,7.25e-06,
train,0,2.57e-06,
train,0,3.178e-05,
train,0,3.02e-06,
train,0,2.17e-06,
train,0,1.02e-06,
train,0,8.53e-06,
train,0,7.89e-06,
train,0,6.022e-05,
train,0,8.826e-05,
train,0,3.82e-06,
train,0,1.02e-06,
train,0,2.62e-06,
train,0,5.829e-05,
train,0,7.51e-06,
train,0,1.58e-06,
train,0,1.61e-06,
train,0,0.01050694,
train,0,1.578e-05,
train,0,6.465e-05,
train,0,4.68e-06,
train,0,9.3e-07,
train,0,6.6e-07,
train,0,5.41e-06,
train,0,3.54e-06,
train,0,6.2e-07,
train,0,1.64e-06,
train,0,1.11e-06,
train,0,1.282e-05,
train,0,2.354e-05,
train,0,2.523e-05,
train,0,1.015e-05,
train,0,4.46e-06,
train,0,1.64e-06,
train,0,1.88e-06,
train,0,8.3e-07,
train,0,3.56e-06,
train,0,4.3e-07,
train,0,2.73e-06,
train,0,6.8e-06,
train,0,3.1e-06,
train,0,1.42e-06,
train,0,1.677e-05,
train,0,1.266e-05,
train,0,1.82e-06,
train,0,9e-07,
train,0,2.682e-05,
train,0,4.32e-06,
train,0,2.09e-06,
train,0,4.9e-07,
train,0,0.00018134,
train,0,2.51e-06,
train,0,2.42e-06,
train,0,6.9e-07,
train,0,5.33e-06,
train,0,1.5e-06,
train,0,1.91e-06,
train,0,8.454e-05,
train,0,4.31e-06,
train,0,2.39e-06,
train,0,8.6e-07,
train,0,7.29e-06,
train,0,6.94e-06,
train,0,9e-07,
train,0,1.74e-06,
train,0,3.87e-06,
train,0,2.81e-06,
train,0,6.3e-07,
train,0,8.49e-06,
train,0,2.74e-06,
train,0,1.8e-06,
train,0,1.068e-05,
train,0,8.8e-07,
train,0,5.03e-06,
train,0,2.41e-06,
train,0,3.34e-06,
train,0,5.7e-07,
train,0,3.16e-06,
train,0,3.95e-06,
train,0,8.276e-05,
train,0,3.944e-05,
train,0,1.37e-06,
train,0,4.9e-07,
train,0,2.61e-06,
train,0,1.43e-06,
train,0,1.77e-06,
train,0,5.71e-06,
train,0,9.36e-06,
train,0,7.8e-07,
train,0,8.6e-07,
train,0,3.6e-07,
train,0,1.36e-06,
train,0,1.16e-06,
train,0,7.5e-07,
train,0,1.46e-06,
train,0,0.00423514,
train,0,4.4e-07,
train,0,9.4e-07,
train,0,3.33e-06,
train,0,1.676e-05,
train,0,1.735e-05,
train,0,8.1e-07,
train,0,7.69e-06,
train,0,3.84e-06,
train,0,1.159e-05,
train,0,1.27e-06,
train,0,1.67e-06,
train,0,1.33e-06,
train,0,9.49e-06,
train,0,6e-07,
train,0,1.8e-06,
train,0,2.04e-06,
train,0,1e-06,
train,0,1.03e-06,
train,0,6.62e-06,
train,0,1.26e-06,
train,0,3.16e-06,
train,0,2.138e-05,
train,0,1.72e-06,
train,0,5.31e-06,
train,0,0.0003349,
train,0,4.9e-07,
train,0,1.55e-06,
train,0,1.98e-06,
train,0,2.94e-06,
train,0,1.31e-06,
train,0,2.04e-06,
train,0,1.66e-06,
train,0,1.47e-06,
train,0,5.84e-06,
train,0,5.49e-06,
train,0,4.83e-06,
train,0,6.61e-06,
train,0,1.07e-06,
train,0,1.136e-05,
train,0,9.2e-07,
train,0,1.01e-06,
train,0,6.79e-06,
train,0,3.502e-05,
train,0,3.246e-05,
train,0,2.97e-06,
train,0,3.57e-06,
train,0,1.37e-06,
train,0,1.935e-05,
train,0,5.13e-06,
train,0,9.75e-06,
train,0,1.419e-05,
train,0,1.43e-06,
train,0,8.7e-07,
train,0,2.22e-06,
train,0,0.14427309,
train,0,2.361e-05,
train,0,3.54e-06,
train,0,5.5e-06,
train,0,1.87e-06,
train,0,6.75e-06,
train,0,1.266e-05,
train,0,0.00856866,
train,0,3.43e-06,
train,0,1.88e-06,
train,0,6.36e-06,
train,0,1.55e-06,
train,0,9.89e-06,
train,0,9.4e-07,
train,0,1.21e-06,
train,0,7.11e-06,
train,0,0.00057444,
train,0,3.872e-05,
train,0,4.54e-06,
train,0,3.43e-06,
train,0,7.108e-05,
train,0,3.82e-06,
train,0,2.258e-05,
train,0,5.19e-06,
train,0,6.33e-06,
train,0,8.31e-06,
train,0,1.6e-06,
train,0,1.1e-06,
train,0,1.198e-05,
train,0,2.064e-05,
train,0,3.72e-06,
train,0,2.71e-06,
train,0,7.59e-06,
train,0,3.52e-06,
train,0,1.05e-06,
train,0,4.44e-06,
train,0,9.3e-07,
train,0,3.37e-06,
train,0,1.99e-06,
train,0,9e-07,
train,0,1.08e-06,
train,0,6.5e-07,
train,0,2.78e-06,
train,0,2.2e-06,
train,0,5.589e-05,
train,0,3.091e-05,
train,0,1.92e-06,
train,0,0.00312298,
train,0,0.00284028,
train,0,2.7e-06,
train,0,1.78e-06,
train,0,7.5e-07,
train,0,1.69e-06,
train,0,4.49e-06,
train,0,1.74e-05,
train,0,9.09e-06,
train,0,2.27e-06,
train,0,1.86e-06,
train,0,2.317e-05,
train,0,0.00012183,
train,0,1.88e-06,
train,0,3.24e-06,
train,0,5.49e-06,
train,0,6.47e-06,
train,0,1.72e-06,
train,0,1.92e-06,
train,0,4.079e-05,
train,0,5.31e-06,
train,0,2.46e-06,
train,0,5.53e-06,
train,0,8.77e-06,
train,0,1.23e-06,
train,0,2.19e-06,
train,0,5.49e-05,
train,0,1.3e-06,
train,0,8.997e-05,
train,0,1.061e-05,
train,0,9.04e-06,
train,0,6.393e-05,
train,0,2.473e-05,
train,0,2.03e-06,
train,0,8.84e-06,
train,0,1.509e-05,
train,0,1.38e-06,
train,0,3.516e-05,
train,0,1.85e-06,
train,0,0.03201484,
train,0,3.34e-06,
train,1,0.99902979,
train,0,1.375e-05,
train,0,4.74e-06,
train,0,1.99e-05,
train,0,1.489e-05,
train,0,6.84e-06,
train,0,0.00920638,
train,0,0.00012243,
train,0,1.65e-06,
train,1,0.99975101,
train,0,2.08e-06,
train,0,2.319e-05,
train,0,2.75e-06,
train,0,3.44e-06,
train,0,7.29e-06,
train,0,1.262e-05,
train,0,2.59e-06,
train,0,3.06e-06,
train,0,5e-05,
train,0,1.25e-05,
train,0,1.88e-05,
train,0,1.229e-05,
train,0,1.166e-05,
train,0,1e-06,
train,0,4.57e-06,
train,0,4.05e-06,
train,0,4.58e-06,
train,0,1.77e-06,
train,0,2.04e-06,
train,0,8.3e-07,
train,1,0.99978677,
train,0,6.4e-07,
train,0,2.98e-06,
train,0,4.386e-05,
train,0,3.09e-06,
train,0,8.4e-07,
train,0,3.27e-06,
train,0,1.439e-05,
train,0,1.185e-05,
train,0,1.48e-06,
train,0,1.54e-06,
train,0,2.602e-05,
train,0,0.00035072,
train,0,5.2e-07,
train,0,0.00010755,
train,0,1.028e-05,
train,0,1.58e-06,
train,0,5.95e-06,
train,0,7.58e-06,
train,0,0.00048172,
train,0,9.9e-07,
train,0,4.66e-06,
train,0,4.42e-06,
train,0,2.26e-06,
train,0,2.67e-06,
train,0,3.08e-06,
train,0,4.14e-06,
train,0,1.47e-06,
train,0,7.555e-05,
train,0,4.09e-06,
train,0,1.73e-06,
train,0,1.296e-05,
train,0,1.069e-05,
train,0,0.00024326,
train,0,0.0192696,
train,0,7.61e-06,
train,0,1.17e-06,
train,0,1.03e-06,
train,0,1.73e-06,
train,0,2.84e-06,
train,0,2.88e-06,
train,0,1.63e-06,
train,0,3.17e-06,
train,0,3.34e-06,
train,0,2.59e-06,
train,0,5.2e-06,
train,0,2.9e-06,
train,0,3.28e-06,
train,0,1.05e-06,
train,0,5.195e-05,
train,0,8.84e-06,
train,0,1.7e-06,
train,0,6.2e-07,
train,0,4.61e-06,
train,0,6.42e-06,
train,0,3.999e-05,
train,0,2.69e-06,
train,0,1.88e-06,
train,0,0.00037939,
train,0,1.46e-06,
train,0,6.7e-07,
train,0,2.91e-06,
train,0,2.95e-06,
train,0,0.00012107,
train,0,1.31e-06,
train,0,1.893e-05,
train,0,1.13e-05,
train,0,1.76e-06,
train,0,4.91e-06,
train,0,2.93e-06,
train,0,3.933e-05,
train,0,2.07e-06,
train,0,5.39e-06,
train,0,4.4e-07,
train,0,9.3e-07,
train,0,2.306e-05,
train,0,1.121e-05,
train,0,0.00704418,
train,0,1.4e-06,
train,0,1.05e-06,
train,0,9.65e-05,
train,0,2.45e-06,
train,0,3.86e-06,
train,0,1.85e-06,
train,0,0.00267182,
train,0,4.79e-06,
train,0,8.34e-06,
train,0,1.34e-06,
train,0,2.302e-05,
train,0,1.16e-06,
train,0,0.34907382,
train,0,5.02e-06,
train,0,6.06e-06,
train,0,9.34e-06,
train,0,2.71e-06,
train,0,0.00057909,
train,0,2.99e-06,
train,0,2.14e-06,
train,0,2.11e-06,
train,0,5.83e-06,
train,0,5.9e-07,
train,0,3.85e-06,
train,0,8.74e-06,
train,0,1.81e-05,
train,0,2.18e-06,
train,0,4.02e-06,
train,0,1.662e-05,
train,0,2.97e-06,
train,0,1.744e-05,
train,0,1.481e-05,
train,0,5.75e-06,
train,0,5.43e-06,
train,0,3.61e-06,
train,0,4.483e-05,
train,0,3.56e-06,
train,0,7.611e-05,
train,0,1.27e-06,
train,0,2.59e-06,
train,0,1.23e-06,
train,0,1.632e-05,
train,0,1.406e-05,
train,0,7.26e-06,
train,0,2.43e-06,
train,0,1.289e-05,
train,0,2.16e-06,
train,0,1.12e-06,
train,0,1.61e-06,
train,0,5.52e-06,
train,0,1.424e-05,
train,0,3.172e-05,
train,0,3.03e-06,
train,0,8.8e-07,
train,0,7.3e-07,
train,0,6.25e-06,
train,0,1.075e-05,
train,0,1.53e-06,
train,0,9.2e-07,
train,0,7.5e-07,
train,0,3.71e-06,
train,0,4.1e-07,
train,0,0.00037423,
train,0,8.6e-07,
train,0,4.4e-07,
train,0,2.863e-05,
train,0,0.00878662,
train,0,9.4e-07,
train,0,3.892e-05,
train,0,6e-07,
train,0,3.6e-06,
train,0,0.00016926,
train,0,8.649e-05,
train,0,5.2e-07,
train,0,6.48e-06,
train,0,4.87e-06,
train,0,5.92e-06,
train,0,1.88e-06,
train,0,2.41e-06,
train,0,1.33e-06,
train,0,5.19e-06,
train,0,0.00256741,
train,0,4.88e-06,
train,0,1.67e-06,
train,0,5.242e-05,
train,0,1.224e-05,
train,0,2.24e-06,
train,0,6.135e-05,
train,0,1.07e-06,
train,0,0.00010104,
train,0,4.299e-05,
train,0,4.9e-07,
train,0,2.57e-06,
train,0,4.38e-06,
train,0,1.686e-05,
train,0,1.02e-06,
train,0,5.53e-06,
train,0,2.29e-06,
train,0,9e-07,
train,0,1.96e-06,
train,0,1.95e-06,
train,0,1.92e-06,
train,0,8.24e-06,
train,0,3.21e-06,
train,0,7.1e-07,
train,0,3.65e-06,
train,0,2.56e-06,
train,0,3.15e-06,
train,0,2.52e-06,
train,0,1.73e-06,
train,0,2.75e-06,
train,0,4.562e-05,
train,0,8.6e-07,
train,0,0.0002277,
train,0,1.7e-06,
train,0,1.65e-06,
train,0,4.4e-07,
train,0,3.35e-06,
train,0,1.43e-06,
train,0,1.12e-06,
train,0,9.937e-05,
train,0,8.8e-07,
train,0,1.89e-05,
train,0,1.38e-06,
train,0,0.00030406,
train,0,6.31e-06,
train,0,8.64e-06,
train,0,3.435e-05,
train,0,3.03e-05,
train,0,5.08e-06,
train,0,1.99e-06,
train,0,1.41e-06,
train,0,1.77e-06,
train,0,9.1e-06,
train,0,9.67e-06,
train,0,6.7e-07,
train,0,4.36e-06,
train,0,6.2e-07,
train,0,1.85e-06,
train,0,2.47e-06,
train,0,2.87e-06,
train,0,1.01e-06,
train,0,8.1e-07,
train,0,0.00012168,
train,0,8.56e-06,
train,0,0.0001987,
train,0,1.41e-06,
train,0,3.38e-06,
train,0,1.07e-06,
train,0,8.98e-06,
train,0,2.06e-06,
train,0,3.589e-05,
train,0,8.1e-07,
train,0,4.32e-06,
train,0,5.2e-07,
train,0,1.7e-06,
train,0,2.13e-06,
train,0,2.44e-06,
train,0,3.93e-06,
train,0,1.608e-05,
train,0,0.00069169,
train,0,9.36e-06,
train,0,6.635e-05,
train,0,0.00899075,
train,0,1.109e-05,
train,0,6.38e-06,
train,1,0.9987591,
train,0,3.776e-05,
train,0,2.401e-05,
train,0,2.16e-06,
train,0,2.05e-06,
train,0,4.374e-05,
train,0,1.24e-06,
train,1,0.99984243,
train,0,1.86e-06,
train,0,8.4e-07,
train,0,2.39e-06,
train,0,6.62e-06,
train,0,1.67e-06,
train,0,1.89e-06,
train,0,1.77e-06,
train,0,2.347e-05,
train,0,1.13e-06,
train,1,0.99896592,
train,0,2.896e-05,
train,0,9.3e-07,
train,0,1.313e-05,
train,0,6e-07,
train,0,1.29e-06,
train,0,3.68e-06,
train,0,8.8e-07,
train,0,2.14e-06,
train,0,2.4e-07,
train,0,3.63e-06,
train,0,1.2e-06,
train,0,1.58e-06,
train,0,0.04744738,
train,0,1.68e-06,
train,0,5.74e-06,
train,0,4.27e-06,
train,0,6.2e-07,
train,0,1.09e-06,
train,0,1.223e-05,
train,0,1.59e-06,
train,0,1.799e-05,
train,0,1.156e-05,
train,0,3.7e-07,
train,0,6.27e-06,
train,0,4.31e-06,
train,0,1.35e-06,
train,0,1.2e-06,
train,0,1.37e-06,
train,0,1.93e-06,
train,0,1.98e-06,
train,0,3.32e-06,
train,0,3.011e-05,
train,0,2.09e-06,
train,0,5.51e-06,
train,0,1.418e-05,
train,0,7.753e-05,
train,0,1.9e-06,
train,0,3.33e-06,
train,0,0.000273,
train,0,1.402e-05,
train,0,9.96e-06,
train,0,1.076e-05,
train,0,1.33e-06,
train,0,2.79e-06,
train,0,1.859e-05,
train,0,2.39e-05,
train,0,7.03e-06,
train,0,1.48e-06,
train,0,4.15e-06,
train,0,1.114e-05,
train,0,0.00036704,
train,0,3.06e-06,
train,0,1.35e-06,
train,0,1.47e-06,
train,0,2.79e-06,
train,0,5.1e-06,
train,0,0.00069201,
train,0,0.00018779,
train,0,2.82e-06,
train,1,0.99973055,
train,0,2.37e-06,
train,0,8.4e-07,
train,0,4.3e-07,
train,0,4.979e-05,
train,1,0.99970309,
train,0,2.59e-06,
train,0,2.81e-06,
train,0,2.028e-05,
train,0,8.89e-06,
train,0,0.28874837,
train,0,6e-06,
train,0,9.46e-06,
train,0,9.64e-06,
train,0,0.00689054,
train,0,3.78e-06,
train,0,1.32e-06,
train,0,3.39e-06,
train,0,2.601e-05,
train,0,1.277e-05,
train,0,5.83e-06,
train,0,2.55e-06,
train,0,2.57e-06,
train,0,1.62e-06,
train,0,8.9e-07,
train,0,2.12e-06,
train,0,3.66e-06,
train,0,0.00024337,
train,0,1.77e-06,
train,0,2.46e-06,
train,0,0.00012794,
train,0,0.00139781,
train,0,1.97e-06,
train,0,2.1e-06,
train,0,7.53e-06,
train,0,7.156e-05,
train,0,1.08e-06,
train,0,3.61e-06,
train,0,3.18e-06,
train,0,1.14e-06,
train,0,1.62e-06,
train,0,2.23e-06,
train,0,9.3e-07,
train,0,7.71e-06,
train,0,1.125e-05,
train,0,2.098e-05,
train,0,1.78e-06,
train,0,1.236e-05,
train,0,1.9e-06,
train,0,1.313e-05,
train,0,3.81e-06,
train,0,0.00607501,
train,0,1.88e-06,
train,0,3.59e-06,
train,0,1.8e-06,
train,0,1.13e-06,
train,0,3.14e-06,
train,0,1.483e-05,
train,0,2.18e-06,
train,0,2.06e-06,
train,0,2.887e-05,
train,0,4.05e-05,
train,0,9.9e-07,
train,0,3.81e-06,
train,0,7e-07,
train,0,9.4e-07,
train,0,1.005e-05,
train,0,0.00024074,
train,1,0.99737251,
train,0,5.14e-06,
train,0,2.611e-05,
train,0,0.00020381,
train,0,1.94e-06,
train,0,2.96e-06,
train,1,0.99810431,
train,0,2.22e-06,
train,0,2.2e-06,
train,0,1.316e-05,
train,0,7.8e-07,
train,0,1.02e-06,
train,0,3.52e-06,
train,1,0.99967711,
train,0,6.04e-06,
train,0,1.72e-06,
train,1,0.99986189,
train,0,1.04e-06,
train,0,1.37e-06,
train,0,2.14e-06,
train,0,1.24e-06,
train,0,1.52e-06,
train,0,3.74e-06,
train,0,2.3e-06,
train,0,1.433e-05,
train,0,5.897e-05,
train,0,0.0005284,
train,0,7.98e-06,
train,0,9.8e-07,
train,0,1.59e-06,
train,0,2.01e-06,
train,0,2.41e-06,
train,0,2.58e-06,
train,0,1.71e-06,
train,0,3.15e-06,
train,0,9.1e-07,
train,0,5.81e-06,
train,0,5e-07,
train,0,4.4e-07,
train,0,5.9e-07,
train,0,1.48e-06,
train,0,1.61e-06,
train,0,2.14e-06,
train,0,9e-07,
train,0,0.00013856,
train,0,2.209e-05,
train,0,4.06e-06,
train,0,5.64e-06,
train,0,9.1e-07,
train,0,2.449e-05,
train,0,6.16e-06,
train,0,4.8e-07,
train,0,1.19e-06,
train,0,1.952e-05,
train,0,3.25e-06,
train,0,8.3e-07,
train,0,6.31e-06,
train,0,6.55e-06,
train,0,1.57e-06,
train,0,2.87e-06,
train,0,4.23e-06,
train,0,4.97e-06,
train,0,6.227e-05,
train,0,4.144e-05,
train,0,3.5e-07,
train,0,7.3e-07,
train,0,2.66e-06,
train,0,1.63e-06,
train,0,1.27e-06,
train,0,9.3e-07,
train,0,2.05e-06,
train,0,5.26e-06,
train,0,9.7e-07,
train,0,7.7e-07,
train,0,1.444e-05,
train,0,9.2e-07,
train,0,1.97e-06,
train,0,8.46e-06,
train,0,1.49e-06,
train,0,2.3e-06,
train,0,1.68e-06,
train,0,7.7e-07,
train,0,3.2e-06,
train,0,4.211e-05,
train,0,1.52e-06,
train,0,2.84e-06,
train,0,3.21e-06,
train,0,7.8e-07,
train,0,5.64e-06,
train,0,1.13e-06,
train,0,9.94e-06,
train,0,3.34e-06,
train,0,1.26e-06,
train,0,1.46e-06,
train,0,5.3e-07,
train,0,3.39e-06,
train,0,5.1e-07,
train,0,8.6e-07,
train,0,1.555e-05,
train,0,2.52e-06,
train,0,5.7e-07,
train,0,4.9e-07,
train,0,2.44e-06,
train,0,5.3e-07,
train,0,6.6e-07,
train,0,5.6e-06,
train,0,0.14748361,
train,0,1.064e-05,
train,0,4.29e-06,
train,0,0.00019918,
train,0,1.33e-06,
train,0,5e-07,
train,0,1e-06,
train,0,7.07e-06,
train,0,3.66e-06,
train,0,3.5e-07,
train,0,7.47e-06,
train,0,0.00026498,
train,0,1.33e-06,
train,0,3.7e-06,
train,0,2.67e-05,
train,0,1.52e-06,
train,0,6.5e-07,
train,0,3.37e-06,
train,0,4.39e-06,
train,0,0.00024017,
train,0,1.46e-06,
train,0,1.53e-06,
train,0,1.53e-06,
train,0,7.5e-07,
train,0,1.39e-06,
train,0,0.00038208,
train,0,0.00014761,
train,0,7.2e-07,
train,0,7.4e-07,
train,0,6.8e-07,
train,0,1.594e-05,
train,0,1.52e-06,
train,0,9.8e-07,
train,0,1.39e-06,
train,0,2.44e-06,
train,0,9.24e-06,
train,0,5.7e-07,
train,0,1.46e-06,
train,0,4.498e-05,
train,0,2.998e-05,
train,0,3.85e-06,
train,0,5.89e-06,
train,0,6e-07,
train,0,2.69e-06,
train,0,8.2e-07,
train,0,0.00029317,
train,0,5.242e-05,
train,0,8.65e-06,
train,0,2.9e-06,
train,0,1.73e-06,
train,0,3.2e-06,
train,0,1.22e-06,
train,0,1.15e-06,
train,0,4.133e-05,
train,0,3.332e-05,
train,0,2.47e-06,
train,0,2.603e-05,
train,0,1.61e-06,
train,0,5e-07,
train,0,8.1e-06,
train,0,9.6e-07,
train,0,1.82e-06,
train,0,6.45e-06,
train,0,3.12e-06,
train,0,1.601e-05,
train,0,2.22e-06,
train,0,2.76e-06,
train,0,6.54e-06,
train,0,0.00025923,
train,0,7.9e-07,
train,0,1.165e-05,
train,0,3.27e-06,
train,0,4.94e-06,
train,0,2.81e-06,
train,0,0.00026706,
train,0,2.16e-06,
train,0,8e-06,
train,0,5.34e-06,
train,0,0.00083119,
train,0,1.182e-05,
train,0,2.33e-06,
train,0,0.00075674,
train,0,8.7e-07,
train,0,1.72e-06,
train,0,2.51e-06,
train,0,1.36e-06,
train,0,1.09e-06,
train,1,0.99908454,
train,0,1.71e-06,
train,0,1.37e-06,
train,0,0.00060666,
train,0,3.8e-06,
train,0,5.8e-07,
train,0,1.83e-06,
train,0,1.431e-05,
train,0,0.00012445,
train,0,9.44e-06,
train,0,1.41e-06,
train,0,7.07e-06,
train,0,2.97e-06,
train,0,2.85e-06,
train,0,0.00211133,
train,0,2.27e-06,
train,0,1.5e-06,
train,0,2.23e-06,
train,0,6.092e-05,
train,0,7.9e-07,
train,0,5.2e-07,
train,0,8.6e-07,
train,0,2.53e-06,
train,0,9.07e-06,
train,0,6.053e-05,
train,0,3.58e-06,
train,0,1.291e-05,
train,0,1.499e-05,
train,0,1.309e-05,
train,0,8e-07,
train,0,3.07e-06,
train,0,3.33e-06,
train,0,5.17e-06,
train,0,4.9e-07,
train,0,4.7e-06,
train,0,3.258e-05,
train,0,1.675e-05,
train,0,5.837e-05,
train,0,0.00042604,
train,0,1.053e-05,
train,0,2.778e-05,
train,0,5.55e-06,
train,0,1.04e-06,
train,0,1.31e-05,
train,0,1.51e-06,
train,0,2.39e-06,
train,0,7.5e-07,
train,1,0.99737006,
train,0,2.5e-06,
train,0,2.38e-06,
train,0,3.01e-06,
train,0,6.3e-07,
train,0,1.93e-06,
train,0,5.02e-06,
train,0,1.4e-06,
train,0,1.5e-06,
train,0,2.51e-06,
train,0,7.856e-05,
train,0,7.55e-06,
train,0,9.6e-07,
train,0,4.78e-06,
train,0,2.445e-05,
train,0,3.099e-05,
train,0,5.44e-06,
train,0,1.63e-06,
train,0,1.419e-05,
train,0,4.9e-07,
train,0,6.352e-05,
train,0,3.75e-06,
train,0,9e-07,
train,0,5.161e-05,
train,0,2.301e-05,
train,0,8.31e-06,
train,0,5.08e-06,
train,0,1.03e-06,
train,0,2e-06,
train,0,2.657e-05,
train,0,9.1e-07,
train,0,1.414e-05,
train,0,5.53e-06,
train,0,3.45e-06,
train,0,8.09e-06,
train,0,1.597e-05,
train,0,1.26e-06,
train,0,6.12e-06,
train,0,0.00595427,
train,0,1.15e-06,
train,0,4.116e-05,
train,0,2.906e-05,
train,0,1.28e-06,
train,0,4.829e-05,
train,0,6.38e-06,
train,0,9.24e-06,
train,0,2.37e-06,
train,0,9.7e-07,
train,0,6.55e-06,
train,0,9.4e-07,
train,0,0.00177434,
train,0,1.01e-06,
train,0,3.186e-05,
train,0,2.5e-06,
train,0,1.19e-06,
train,0,7.99e-06,
train,0,4.065e-05,
train,0,0.00028545,
train,0,4.7e-06,
train,0,0.00016729,
train,0,5.25e-06,
train,0,1.923e-05,
train,0,1.99e-06,
train,0,9.7e-07,
train,0,4.04e-06,
train,0,1.1e-06,
train,0,3.93e-06,
train,0,1.053e-05,
train,0,3.19e-06,
train,0,6.1e-07,
train,0,0.07124131,
train,0,6.54e-06,
train,0,3.47e-06,
train,0,1.23e-06,
train,0,8.23e-06,
train,0,2.34e-06,
train,0,1.7e-06,
train,0,3.093e-05,
train,0,1.346e-05,
train,0,2.03e-06,
train,0,0.0019457,
train,0,0.00082594,
train,0,1.07e-06,
train,0,1.32e-06,
train,0,6.791e-05,
train,0,7.2e-07,
train,0,1.15e-06,
train,0,1.9e-06,
train,0,3.27e-06,
train,0,0.00012096,
train,0,4.3e-06,
train,0,0.00297809,
train,0,1.68e-06,
train,0,1e-06,
train,0,9.1e-07,
train,0,1.41e-06,
train,0,2.883e-05,
train,0,0.00986517,
train,0,9.15e-06,
train,0,0.00162855,
train,0,0.00160901,
train,0,4.803e-05,
train,0,2.93e-06,
train,0,5.48e-06,
train,0,1.691e-05,
train,0,0.00310908,
train,0,0.00297973,
train,0,1.402e-05,
train,0,1.54e-06,
train,0,8.1e-06,
train,0,1.94e-06,
train,0,1.087e-05,
train,0,3.14e-06,
train,0,1.598e-05,
train,0,9.5e-07,
train,0,3.05e-06,
train,0,4.465e-05,
train,0,1.75e-06,
train,0,7.2e-07,
train,0,1.38e-06,
train,0,1.134e-05,
train,0,3.747e-05,
train,0,0.00063573,
train,0,1.4e-06,
train,0,1.26e-06,
train,0,3.31e-06,
train,0,4.51e-06,
train,0,6.59e-06,
train,0,5.5e-07,
train,0,6.11e-06,
train,0,4.68e-06,
train,0,1.48e-05,
train,0,8.17e-06,
train,0,0.00012027,
train,0,1.54e-06,
train,0,2.25e-06,
train,0,1.099e-05,
train,0,1.29e-05,
train,0,3.33e-06,
train,0,2.05e-06,
train,0,8.749e-05,
train,0,2.704e-05,
train,0,3.22e-06,
train,0,5.253e-05,
train,0,7.59e-06,
train,0,2.71e-06,
train,0,6.6e-07,
train,0,1.39e-06,
train,0,2.16e-06,
train,0,0.00189698,
train,0,1.17e-06,
train,0,1.31e-06,
train,0,9.13e-06,
train,0,5.72e-06,
train,0,3.03e-06,
train,0,8.81e-06,
train,0,4.43e-06,
train,0,0.00035091,
train,0,2.1e-06,
train,0,5.3e-07,
train,0,3.335e-05,
train,0,1.64e-06,
train,0,0.00017218,
train,0,6.3e-07,
train,0,0.00014499,
train,0,3.81e-06,
train,0,0.00019138,
train,1,0.99569349,
train,0,7.42e-06,
train,0,6.71e-06,
train,0,1.028e-05,
train,0,3.03e-06,
train,0,7.54e-06,
train,0,9.2e-07,
train,0,3.658e-05,
train,0,0.00029774,
train,0,7.6e-05,
train,0,0.00016783,
train,0,4.13e-06,
train,0,5.2e-07,
train,0,1.05e-06,
train,0,1.13e-06,
train,1,0.99909333,
train,0,3.016e-05,
train,0,3.38e-06,
train,0,0.0002984,
train,0,8.85e-06,
train,0,4.55e-06,
train,0,1.269e-05,
train,0,3.48e-06,
train,0,0.0001264,
train,0,1.92e-06,
train,0,1.66e-05,
train,0,0.93458216,
train,0,0.00038766,
train,0,5.825e-05,
train,0,3.04e-06,
train,0,4.854e-05,
train,0,8.93e-06,
train,0,1.112e-05,
train,0,6.9e-06,
train,0,2.879e-05,
train,0,5.6e-07,
train,0,0.00028436,
train,0,2.14e-06,
train,0,7.13e-06,
train,0,7.54e-06,
train,1,0.99958306,
train,0,1.78e-06,
train,0,6.442e-05,
train,0,2.9e-06,
train,0,1.278e-05,
train,0,2.88e-06,
train,0,1.603e-05,
train,0,0.00022765,
train,0,6.07e-06,
train,0,3.006e-05,
train,0,1.88e-06,
train,0,6.8e-07,
train,0,1.07e-06,
train,0,8.291e-05,
train,0,0.01890377,
train,0,9.458e-05,
train,0,0.00022455,
train,0,1.39e-05,
train,0,1.13e-06,
train,0,4.07e-06,
train,0,2.09e-06,
train,0,7.99e-06,
train,0,0.00021406,
train,0,1.246e-05,
train,0,1.82e-06,
train,0,2.19e-06,
train,0,7.8e-07,
train,0,1.45e-06,
train,0,2.53e-06,
train,0,7.4e-07,
train,0,1.94e-06,
train,0,6.77e-06,
train,0,4.99e-06,
train,0,4.603e-05,
train,0,1.19e-06,
train,0,2.408e-05,
train,0,8.58e-06,
train,1,0.9986534,
train,0,0.01657133,
train,0,1.04e-06,
train,0,9.5e-07,
train,0,2.6e-06,
train,0,8.16e-06,
train,0,2.81e-06,
train,0,0.00028316,
train,0,0.00018318,
train,0,0.00109479,
train,0,1.69e-06,
train,0,4.13e-06,
train,0,1.368e-05,
train,0,6.9e-07,
train,0,7.41e-06,
train,0,4.2e-06,
train,0,2.979e-05,
train,0,0.03410877,
train,0,1.087e-05,
train,0,0.00159419,
train,0,2.7e-06,
train,0,1.28e-06,
train,0,1.06e-06,
train,0,7.3e-06,
train,0,1.08e-06,
train,0,7.6e-07,
train,0,8.1e-07,
train,0,8.13e-06,
train,0,5.34e-06,
train,0,0.05387903,
train,0,3.66e-06,
train,0,1.38e-06,
train,0,1.09e-06,
train,0,1.424e-05,
train,0,1.13e-06,
train,0,4.34e-06,
train,0,1.711e-05,
train,0,3.58e-06,
train,0,7.3e-06,
train,0,1.06e-06,
train,0,1.53e-06,
train,0,1.537e-05,
train,0,2.613e-05,
train,0,6e-07,
train,0,9.1e-07,
train,0,5.36e-06,
train,0,1.07e-06,
train,0,6.3e-07,
train,0,3.67e-06,
train,0,1.28e-06,
train,0,2.58e-06,
train,0,1.58e-06,
train,0,2.265e-05,
train,0,5.61e-06,
train,0,1.46e-06,
train,0,1.51e-06,
train,0,6.4e-07,
train,0,3.4e-06,
train,0,1.41e-06,
train,0,2.64e-06,
train,0,0.00062183,
train,0,2.58e-06,
train,0,1.92e-06,
train,0,4.39e-06,
train,0,0.00035275,
train,0,4.73e-06,
train,0,1.66e-06,
train,0,8.12e-06,
train,0,2.36e-06,
train,0,9e-07,
train,0,5.889e-05,
train,0,0.00013947,
train,0,7.2e-07,
train,0,3.556e-05,
train,0,2.88e-06,
train,0,6.88e-06,
train,0,1.462e-05,
train,0,9.89e-06,
train,0,4.46e-06,
train,0,1.04e-06,
train,0,0.0001591,
train,0,3.96e-06,
train,0,2.04e-06,
train,0,2.29e-06,
train,0,5.318e-05,
train,0,1.61e-06,
train,0,1.76e-06,
train,0,2.87e-06,
train,0,5.1e-07,
train,0,2.57e-06,
train,0,6.8e-07,
train,0,1.22e-05,
train,0,7.2e-07,
train,0,6.03e-06,
train,0,8.08e-06,
train,0,9.51e-06,
train,0,2.229e-05,
train,0,3.18e-06,
train,0,5.33e-06,
train,0,1.71e-06,
train,0,3.3e-07,
train,0,8.6e-07,
train,0,6.3e-07,
train,0,9.7e-07,
train,0,8.8e-07,
train,0,1.29e-06,
train,0,8.2e-07,
train,0,5.8e-07,
train,0,9.4e-07,
train,0,5.7e-07,
train,0,1.213e-05,
train,0,0.00071845,
train,0,4.39e-06,
train,0,2.17e-06,
train,0,5.38e-06,
train,0,1.02e-06,
train,0,1.25e-06,
train,0,1.13e-06,
train,0,1.98e-06,
train,0,9.5e-07,
train,0,0.01078357,
train,0,5.99e-06,
train,0,8.6e-07,
train,0,1.84e-06,
train,0,5.7e-07,
train,0,3.22e-06,
train,0,1.51e-06,
train,0,2.65e-06,
train,0,4.13e-06,
train,0,4.8e-07,
train,0,8.242e-05,
train,0,1.9e-06,
train,0,1.88e-06,
train,0,2.3e-06,
train,0,2.19e-06,
train,0,4.314e-05,
train,0,1.147e-05,
train,0,1.96e-06,
train,0,0.11609346,
train,0,1.04e-06,
train,0,9.6e-07,
train,0,8.08e-06,
train,0,7.9e-07,
train,0,2.57e-06,
train,0,1.854e-05,
train,0,2.48e-06,
train,0,5.8e-07,
train,0,3.1e-06,
train,0,2.172e-05,
train,0,0.29137877,
train,0,9e-07,
train,0,1.6e-06,
train,0,1.64e-06,
train,0,6.9e-07,
train,0,2.47e-06,
train,0,5.55e-06,
train,0,7.171e-05,
train,0,2.576e-05,
train,0,1.46e-06,
train,0,1.24e-06,
train,0,7.82e-06,
train,0,0.04106162,
train,0,1.54e-06,
train,0,1.21e-06,
train,0,8.9e-07,
train,0,1.44e-06,
train,0,3.5e-07,
train,0,5.904e-05,
train,0,1.15e-06,
train,0,1.216e-05,
train,0,1.2e-06,
train,0,0.00022549,
train,0,9.21e-06,
train,0,1.05e-06,
train,0,2.5e-06,
train,0,7.98e-06,
train,0,2.37e-06,
train,0,0.00256311,
train,0,0.00136184,
train,0,7.4e-07,
train,0,1.64e-06,
train,0,3.823e-05,
train,0,4.9e-07,
train,0,7.5e-06,
train,0,5.01e-06,
train,0,9.4e-07,
train,0,1.334e-05,
train,0,5.21e-06,
train,0,1.51e-06,
train,0,0.00019289,
train,0,1.25e-06,
train,0,8.4e-07,
train,0,1.94e-06,
train,0,0.0010726,
train,0,7.3e-07,
train,0,2.521e-05,
train,0,9.6e-07,
train,0,3.528e-05,
train,0,4.272e-05,
train,0,0.00073377,
train,0,2.717e-05,
train,0,5.412e-05,
train,0,1.32e-06,
train,0,9.11e-06,
train,0,2.9e-06,
train,0,1.536e-05,
train,0,8.16e-06,
train,0,4.31e-06,
train,0,3.12e-06,
train,0,3.752e-05,
train,0,9.5e-07,
train,0,4.87e-06,
train,0,3.63e-06,
train,0,8.46e-06,
train,0,1.9e-06,
train,0,9.3e-07,
train,0,7.129e-05,
train,0,4.85e-06,
train,0,1.51e-06,
train,0,2.82e-06,
train,0,1.81e-06,
train,0,0.00578886,
train,0,1.18e-06,
train,0,2.12e-06,
train,0,3.009e-05,
train,0,1.126e-05,
train,0,2.61e-06,
train,0,1.35e-06,
train,0,1.76e-06,
train,0,7.1e-07,
train,0,1.22e-06,
train,0,5.61e-06,
train,0,2.6e-06,
train,0,4.68e-06,
train,0,4.62e-06,
train,0,1.33e-06,
train,0,6.5e-07,
train,0,6.9e-07,
train,0,2.91e-06,
train,0,9.6e-07,
train,0,9.6e-07,
train,0,2.698e-05,
train,0,9.04e-06,
train,0,1.84e-06,
train,0,0.00021851,
train,0,3.07e-06,
train,0,2.47e-06,
train,0,2.075e-05,
train,0,9.5e-07,
train,0,2.65e-06,
train,0,2.18e-06,
train,0,5.058e-05,
train,0,2.025e-05,
train,0,2.01e-06,
train,0,1.38e-06,
train,0,1.34e-06,
train,0,2.87e-06,
train,0,6.784e-05,
train,0,1.07e-06,
train,0,8.16e-06,
train,0,9.2e-07,
train,0,0.00965254,
train,0,8.87e-06,
train,0,4.84e-06,
train,0,0.00084941,
train,0,0.00070546,
train,0,6.84e-06,
train,0,1.359e-05,
train,0,2.94e-06,
train,0,5.8e-06,
train,0,1.83e-06,
train,0,1.84e-06,
train,0,1.77e-06,
train,0,1.11e-06,
train,1,0.99936306,
train,0,2.855e-05,
train,0,5.65e-06,
train,0,0.0005658,
train,0,4.55e-06,
train,0,8.8e-07,
train,0,5.5e-07,
train,0,3.59e-06,
train,0,5e-07,
train,0,0.00256183,
train,0,5.041e-05,
train,0,1.526e-05,
train,0,2.03e-06,
train,0,7.78e-06,
train,0,5.1e-07,
train,0,2.37e-06,
train,0,1.603e-05,
train,0,6.38e-06,
train,0,1.32e-06,
train,0,3.18e-06,
train,0,1.092e-05,
train,0,0.00058686,
train,0,1.41e-06,
train,0,6.82e-06,
train,0,3.401e-05,
train,0,1.9e-06,
train,0,4.7e-06,
train,0,1.497e-05,
train,0,3.15e-06,
train,0,6.2e-06,
train,0,4e-07,
train,0,5.13e-06,
train,0,4.1e-07,
train,0,1.52e-06,
train,0,7.9e-07,
train,0,1.282e-05,
train,0,6.02e-06,
train,0,6.18e-06,
train,0,8.2e-07,
train,0,3.23e-06,
train,0,9.55e-06,
train,0,7.534e-05,
train,0,1.44e-06,
train,0,8.7e-07,
train,0,9e-07,
train,0,5.08e-06,
train,0,0.00079346,
train,0,1.53e-06,
train,0,5.05e-06,
train,0,2.8e-06,
train,0,5.87e-06,
train,0,3.8e-07,
train,0,3.41e-06,
train,0,8.44e-06,
train,0,6.05e-06,
train,0,2.13e-06,
train,0,1.188e-05,
train,0,1.73e-06,
train,1,0.9994661,
train,0,1.08e-06,
train,0,3.35e-05,
train,0,2.55e-06,
train,0,1.76e-06,
train,0,0.00141192,
train,0,1.311e-05,
train,0,1.802e-05,
train,0,1.06e-06,
train,0,5.61e-06,
train,0,0.00275498,
train,0,3.496e-05,
train,0,5.28e-06,
train,0,8.1e-07,
train,0,3.74e-06,
train,0,0.13404513,
train,0,0.00012914,
train,0,1.038e-05,
train,0,1.474e-05,
train,0,1.25e-06,
train,0,1.83e-06,
train,0,1.193e-05,
train,0,1.98e-06,
train,0,0.00012653,
train,0,3.87e-06,
train,0,1.1e-06,
train,0,6.8e-06,
train,0,2.29e-06,
train,0,5e-07,
train,0,2.13e-06,
train,0,2.87e-06,
train,0,6.65e-06,
train,0,5.68e-06,
train,0,1.35e-06,
train,0,1.8e-05,
train,0,4.27e-06,
train,0,1.54e-06,
train,0,0.00025793,
train,0,1.791e-05,
train,0,1.136e-05,
train,0,2.397e-05,
train,0,2.54e-06,
train,0,0.00078617,
train,0,2.71e-06,
train,0,6.2e-07,
train,0,6e-07,
train,0,7.7e-07,
train,0,2.7e-06,
train,0,9.144e-05,
train,0,7.558e-05,
train,0,7.08e-06,
train,0,8.6e-07,
train,0,3.5e-07,
train,0,2.427e-05,
train,0,2.91e-06,
train,0,2.28e-06,
train,0,4.34e-06,
train,0,0.1337311,
train,0,5.06e-06,
train,0,6.6e-07,
train,0,2.39e-06,
train,1,0.99918789,
train,0,2.91e-06,
train,0,8.8e-07,
train,0,2.277e-05,
train,0,3e-06,
train,0,1.51e-06,
train,0,5.18e-06,
train,0,6.8e-07,
train,0,2.32e-06,
train,0,1.002e-05,
train,0,2.15e-06,
train,0,1.29e-06,
train,0,1.43e-06,
train,0,2.19e-06,
train,0,4.02e-06,
train,0,2.41e-06,
train,0,2.6e-06,
train,0,7.58e-06,
train,0,3.394e-05,
train,0,1.08e-06,
train,0,2.91e-06,
train,0,1.52e-06,
train,0,1.12e-06,
train,0,9e-07,
train,0,1.487e-05,
train,0,9.9e-07,
train,0,4.03e-06,
train,0,1.94e-06,
train,0,2.07e-06,
train,0,1.034e-05,
train,0,9.04e-06,
train,0,2.075e-05,
train,0,3.19e-06,
train,0,2.996e-05,
train,0,3.43e-06,
train,0,4.56e-06,
train,0,8.6e-07,
train,0,5.58e-06,
train,0,2.36e-06,
train,0,1.62e-06,
train,0,2.119e-05,
train,0,8.515e-05,
train,0,8.3e-07,
train,1,0.99143495,
train,0,1.19e-05,
train,0,1e-06,
train,0,3.957e-05,
train,0,4.051e-05,
train,0,5.175e-05,
train,0,8.78e-06,
train,0,1.984e-05,
train,0,4.85e-06,
train,0,1.59e-06,
train,0,1.423e-05,
train,0,5e-06,
train,0,5.8e-07,
train,0,9.9e-07,
train,0,6.1e-07,
train,0,6.56e-06,
train,0,4.62e-06,
train,0,7.6e-07,
train,0,4.08e-06,
train,0,3.98e-06,
train,0,1.27e-06,
train,0,0.00049337,
train,0,4.25e-06,
train,0,3.94e-06,
train,0,5.6e-07,
train,0,2.92e-06,
train,0,0.00010792,
train,0,1.32e-06,
train,0,3.38e-06,
train,0,1.76e-06,
train,0,2.21e-06,
train,0,1.64e-06,
train,0,0.00042537,
train,0,1.726e-05,
train,0,6.284e-05,
train,0,3.39e-06,
train,0,1.95e-06,
train,0,1.81e-06,
train,0,4.23e-06,
train,0,1.095e-05,
train,0,3.34e-06,
train,0,3.93e-06,
train,0,3.97e-06,
train,0,2.26e-06,
train,0,1.911e-05,
train,0,1.4e-06,
train,0,4.4e-06,
train,0,1.09e-06,
train,0,3.5e-07,
train,0,3.43e-06,
train,0,6.4e-07,
train,0,7.34e-06,
train,0,6.11e-06,
train,0,1.13e-06,
train,0,5.05e-06,
train,0,1.955e-05,
train,0,6.63e-06,
train,0,7.6e-06,
train,0,1.22e-06,
train,0,2.5e-06,
train,0,5.98e-06,
train,0,1.16e-06,
train,0,5.35e-06,
train,0,1.244e-05,
train,0,1.166e-05,
train,0,0.00199065,
train,0,9.03e-06,
train,0,3.7e-06,
train,0,0.00383941,
train,0,1.2e-06,
train,0,5.22e-06,
train,0,5.5e-06,
train,0,5.808e-05,
train,0,1.43e-06,
train,0,5.51e-06,
train,0,2.88e-06,
train,0,5.8e-07,
train,0,8.7e-07,
train,0,1.34e-06,
train,0,2.47e-06,
train,0,7.9e-07,
train,0,2.33e-06,
train,0,1.65e-06,
train,0,1.32e-06,
train,0,2.45e-06,
train,0,6.5e-07,
train,0,3.62e-06,
train,0,1.58e-06,
train,0,6.5e-07,
train,0,1.26e-06,
train,0,6e-07,
train,0,9.3e-07,
train,0,7.2e-07,
train,0,5.6e-07,
train,0,7e-07,
train,0,6.8e-07,
train,0,4.9e-07,
train,0,4.6e-07,
train,0,2.56e-06,
train,0,4.6e-07,
train,0,1.09e-06,
train,0,1.03e-06,
train,0,4.6e-07,
train,0,6.7e-07,
train,0,2.51e-06,
train,0,1.07e-06,
train,0,2.9e-06,
train,0,2.14e-06,
train,0,1.52e-06,
train,0,0.06274854,
train,0,2.46e-06,
train,0,1.54e-06,
train,0,1.29e-06,
train,0,9.1e-07,
train,0,2.8e-07,
train,0,0.0004268,
train,0,2.3e-06,
train,0,3.8e-07,
train,0,0.00132133,
train,0,1.02e-06,
train,0,2.39e-06,
train,0,1.61e-06,
train,0,1.022e-05,
train,0,8.7e-07,
train,0,5.7e-07,
train,0,7.9e-07,
train,0,3.04e-06,
train,0,1.15e-06,
train,0,4.6e-07,
train,0,3.157e-05,
train,0,2.11e-06,
train,0,8.66e-06,
train,0,1.33e-06,
train,0,1.06e-06,
train,0,1.28e-06,
train,0,4.814e-05,
train,0,5.78e-06,
train,0,1.95e-06,
train,0,3.69e-06,
train,0,1.92e-06,
train,0,9.8e-07,
train,0,2.83e-06,
train,0,1.73e-06,
train,0,1.4e-06,
train,0,1.013e-05,
train,1,0.9980799,
train,0,3.8e-07,
train,0,1.9e-06,
train,0,9.7e-07,
train,1,0.999848,
train,0,6e-07,
train,0,6.31e-06,
train,0,1.89e-06,
train,0,2.88e-06,
train,0,2.32e-06,
train,0,9.74e-06,
train,0,2.05e-06,
train,0,9.4e-07,
train,0,1.44e-06,
train,0,8.44e-06,
train,0,1.222e-05,
train,0,5.4e-07,
train,0,1.36e-06,
train,0,7.7e-07,
train,0,4.758e-05,
train,0,1.9e-06,
train,0,2.998e-05,
train,0,9.51e-06,
train,0,8.3e-06,
train,0,1.301e-05,
train,0,3.55e-05,
train,0,3.9e-06,
train,0,3.13e-06,
train,0,3.05e-06,
train,0,4.777e-05,
train,0,1.12e-06,
train,0,4.79e-06,
train,0,2.69e-06,
train,0,6.9e-07,
train,0,5.55e-06,
train,0,5.38e-06,
train,0,1.19e-06,
train,0,5.94e-06,
train,0,6.24e-06,
train,0,1.97e-06,
train,0,2.94e-06,
train,0,7.4e-07,
train,0,0.01787252,
train,0,1.43e-06,
train,0,1.408e-05,
train,0,1.991e-05,
train,0,1.28e-06,
train,0,2.89e-06,
train,0,2.94e-06,
train,0,1.212e-05,
train,0,1.02e-06,
train,0,1.435e-05,
train,0,1.04e-06,
train,0,2.13e-06,
train,0,4.58e-06,
train,0,2.22e-06,
train,0,0.00011232,
train,0,1.167e-05,
train,0,7.3e-07,
train,0,2.01e-06,
train,0,8.03e-06,
train,0,3.375e-05,
train,0,3.94e-06,
train,0,7.8e-07,
train,0,1.09e-06,
train,0,5e-07,
train,0,0.00289208,
train,0,2.652e-05,
train,0,3.17e-06,
train,0,3.3e-06,
train,0,9.8e-07,
train,0,3.36e-06,
train,0,2.29e-06,
train,0,1.25e-06,
train,0,1.18e-06,
train,0,1.67e-06,
train,0,1.596e-05,
train,0,0.00192981,
train,0,0.00034206,
train,0,1.67e-06,
train,0,3.88e-06,
train,0,1.21e-06,
train,0,4.58e-06,
train,0,1.04e-06,
train,0,9.4e-07,
train,0,2.35e-06,
train,0,1.239e-05,
train,0,2.92e-06,
train,0,2.08e-06,
train,0,1.59e-06,
train,0,1.83e-06,
train,0,5.9e-07,
train,0,0.00013133,
train,0,5.68e-06,
train,0,5.689e-05,
train,0,1.14e-06,
train,0,0.00012097,
train,0,1.54e-06,
train,0,1.15e-06,
train,0,1.92e-06,
train,1,0.99901688,
train,0,4.308e-05,
train,0,5.61e-06,
train,0,2.55e-06,
train,0,2.66e-06,
train,1,0.9998139,
train,0,3.12e-06,
train,0,2.755e-05,
train,0,3.96e-06,
train,0,9.7e-07,
train,0,4.4e-07,
train,0,3.77e-06,
train,0,5.99e-06,
train,0,0.00107945,
train,0,1.79e-06,
train,0,2.27e-06,
train,0,2.97e-06,
train,0,5e-06,
train,0,1.565e-05,
train,0,1.51e-06,
train,1,0.99761749,
train,0,0.00087077,
train,0,7.8e-07,
train,0,5.92e-06,
train,0,7.92e-06,
train,0,2.157e-05,
train,0,2.76e-06,
train,0,7.61e-06,
train,0,4.83e-06,
train,0,2.14e-06,
train,0,1.44e-06,
train,0,8.4e-07,
train,0,1.85e-06,
train,0,0.00012792,
train,0,0.0036978,
train,0,2.45e-06,
train,0,9.3e-07,
train,0,1.6e-06,
train,0,2.02e-06,
train,0,2.093e-05,
train,0,1.059e-05,
train,0,3.68e-06,
train,0,2.22e-06,
train,0,6.81e-06,
train,0,2.607e-05,
train,0,0.00133677,
train,0,5.9e-07,
train,0,2.08e-06,
train,0,1.745e-05,
train,0,0.0002136,
train,0,1.47e-06,
train,0,1.47e-06,
train,0,6.76e-06,
train,0,4.35e-06,
train,0,3.552e-05,
train,0,0.00016432,
train,0,4.175e-05,
train,0,7.711e-05,
train,0,9.22e-06,
train,0,2.739e-05,
train,0,6.32e-06,
train,0,0.98305058,
train,0,2.86e-06,
train,0,1.81e-06,
train,0,9.99e-06,
train,0,3.376e-05,
train,0,5.1e-07,
train,0,1.34e-06,
train,0,2.007e-05,
train,0,2.26e-06,
train,0,1.03e-06,
train,1,0.99863341,
train,0,3.38e-06,
train,0,1.039e-05,
train,0,1.79e-06,
train,0,1.69e-06,
train,0,1.53e-06,
train,0,5.68e-06,
train,0,9.67e-06,
train,0,2.238e-05,
train,0,1.04e-06,
train,0,7.29e-05,
train,0,1.74e-06,
train,0,0.00241737,
train,0,1.84e-06,
train,0,3.67e-06,
train,0,6.6e-07,
train,0,1.54e-06,
train,0,5.75e-05,
train,0,9.4e-07,
train,0,2.926e-05,
train,0,4.186e-05,
train,0,3.96e-06,
train,0,1.53e-06,
train,0,3.479e-05,
train,1,0.99773507,
train,0,1.87e-06,
train,1,0.99981808,
train,0,1.277e-05,
train,0,3.48e-06,
train,1,0.99986373,
train,1,0.99982456,
train,0,2.93e-06,
train,0,3.01e-06,
train,0,3.81e-06,
train,1,0.99985064,
train,0,4.11e-06,
train,1,0.99984985,
train,0,2.084e-05,
train,0,2.243e-05,
train,0,2.022e-05,
train,1,0.99959022,
train,0,2.935e-05,
train,0,0.00057689,
train,0,4.07e-06,
train,0,8.48e-06,
train,0,5.22e-06,
train,0,1.828e-05,
train,0,1.006e-05,
train,0,3.14e-06,
train,0,3.59e-06,
train,0,2.77e-06,
train,0,5e-07,
train,0,4.12e-06,
train,0,0.00037375,
train,0,6.3e-07,
train,0,1e-06,
train,0,3.01e-06,
train,0,9.7e-07,
train,0,0.00218834,
train,0,1.17e-06,
train,0,1.32e-06,
train,0,5.836e-05,
train,0,1.182e-05,
train,0,0.00023483,
train,0,1.84e-06,
train,0,7.38e-06,
train,0,3.24e-06,
train,0,8.38e-06,
train,0,1.5e-06,
train,0,4.1e-07,
train,0,6.7e-07,
train,0,1.22e-06,
train,0,6.34e-06,
train,0,1.97e-06,
train,0,0.0001104,
train,0,1.241e-05,
train,0,2.64e-06,
train,0,1.32e-06,
train,0,1.032e-05,
train,0,1.268e-05,
train,0,6.102e-05,
train,0,2.97e-06,
train,0,4.862e-05,
train,0,3.78e-06,
train,0,4.27e-06,
train,0,3.5e-06,
train,0,0.00032986,
train,0,7.95e-06,
train,0,3.1e-06,
train,0,4.549e-05,
train,0,4.63e-06,
train,0,7.7e-07,
train,0,1.268e-05,
train,0,2.49e-06,
train,0,0.00249154,
train,0,5.9e-06,
train,0,3.58e-06,
train,0,6.7e-06,
train,0,3.08e-06,
train,0,4.75e-06,
train,0,6.58e-06,
train,0,1.923e-05,
train,0,2.32e-06,
train,0,1.119e-05,
train,0,1.02e-05,
train,0,1.347e-05,
train,0,6.302e-05,
train,0,1.26e-06,
train,0,1.38e-06,
train,0,1.37e-06,
train,0,1.56e-06,
train,0,2.46e-06,
train,1,0.99882569,
train,1,0.99954599,
train,0,1.76e-06,
train,0,1.58e-06,
train,0,2.47e-06,
train,0,9.9e-07,
train,0,2.52e-06,
train,0,1.934e-05,
train,0,8e-07,
train,0,1.81e-06,
train,0,4.13e-06,
train,0,6.37e-06,
train,0,5.12e-06,
train,0,1.199e-05,
train,0,5.34e-06,
train,0,0.00013814,
train,0,3.31e-06,
train,0,3.73e-05,
train,0,1.812e-05,
train,0,1.32e-06,
train,0,2.193e-05,
train,0,2.8e-06,
train,0,1.27e-06,
train,0,1.04e-06,
train,0,5.09e-06,
train,0,1.507e-05,
train,0,2.17e-06,
train,0,6.19e-06,
train,0,3.35e-06,
train,0,3.47e-06,
train,0,8.6e-07,
train,0,4.6e-06,
train,0,8.6e-07,
train,0,1.076e-05,
train,0,1.03e-06,
train,0,5.98e-06,
train,0,1.083e-05,
train,0,1.14e-06,
train,0,5.31e-06,
train,0,6.2e-07,
train,0,1.11e-06,
train,0,4.83e-06,
train,0,2.02e-06,
train,0,4.79e-06,
train,0,3.27e-06,
train,0,6e-06,
train,0,1.453e-05,
train,0,1.353e-05,
train,0,1.09e-06,
train,0,9.3e-07,
train,0,9.44e-06,
train,0,1.28e-06,
train,0,5.1e-06,
train,0,9.8e-07,
train,0,1.33e-06,
train,0,3.18e-06,
train,0,5.87e-06,
train,0,3.88e-06,
train,0,6.64e-06,
train,0,6.54e-06,
train,0,1.01e-06,
train,0,7e-07,
train,0,3.14e-06,
train,0,1.392e-05,
train,0,2.19e-06,
train,0,2.75e-06,
train,0,2.63e-06,
train,0,8e-07,
train,0,1.15e-06,
train,0,1.19e-06,
train,0,5.54e-06,
train,0,9.7e-07,
train,0,4.7e-07,
train,0,0.00043934,
train,0,3.21e-06,
train,0,1.95e-06,
train,0,1.2e-06,
train,0,2.44e-06,
train,0,5.57e-06,
train,0,4.42e-06,
train,0,1.03e-06,
train,0,5.7e-07,
train,0,1.22e-06,
train,0,5.8e-07,
train,0,1.04e-06,
train,0,7.32e-06,
train,0,3.14e-06,
train,0,4.58e-06,
train,0,3.4e-06,
train,0,1.63e-06,
train,0,6.8e-07,
train,0,7.7e-07,
train,0,1.52e-06,
train,0,6.7e-07,
train,0,1.95e-06,
train,0,6.6e-07,
train,0,8.9e-07,
train,0,6.7e-07,
train,0,1.14e-06,
train,0,5.8e-06,
train,0,5.8e-07,
train,0,4.8e-07,
train,0,1.92e-06,
train,0,5.9e-07,
train,0,8.6e-07,
train,0,9.4e-07,
train,0,2.24e-06,
train,0,8e-07,
train,0,9.9e-07,
train,0,1.06e-06,
train,0,3e-06,
train,0,4.9e-07,
train,0,1.34e-06,
train,0,4.49e-06,
train,0,4.65e-06,
train,0,5e-07,
train,0,2.06e-06,
train,0,4.1e-07,
train,0,9.2e-07,
train,0,2.02e-06,
train,0,1.44e-06,
train,0,1.103e-05,
train,0,1.331e-05,
train,0,4.6e-07,
train,0,9.05e-06,
train,0,6.5e-07,
train,0,5.6e-07,
train,0,1.03e-06,
train,0,7.94e-06,
train,0,7.01e-06,
train,0,1.787e-05,
train,0,1.11e-06,
train,0,1.5e-06,
train,0,1.2e-06,
train,0,3e-06,
train,0,3.21e-06,
train,0,2.04e-06,
train,0,1.288e-05,
train,0,1.55e-06,
train,0,1.6e-06,
train,0,4.1e-07,
train,0,1.88e-06,
train,0,5.57e-06,
train,0,0.18244029,
train,0,8.81e-06,
train,0,7.3e-07,
train,0,5.1e-07,
train,0,1.58e-06,
train,0,0.00031376,
train,0,2.26e-06,
train,0,6.4e-07,
train,0,2.83e-06,
train,0,3.2e-06,
train,0,1.47e-06,
train,0,2.559e-05,
train,0,7.649e-05,
train,0,5.28e-06,
train,0,5.4e-06,
train,0,7.446e-05,
train,0,5e-07,
train,0,1.29e-06,
train,0,4.29e-06,
train,0,1.59e-06,
train,0,1.511e-05,
train,0,8.2e-07,
train,0,5.563e-05,
train,0,1.095e-05,
train,0,3.67e-06,
train,0,0.00085975,
train,0,5.9e-07,
train,0,1.407e-05,
train,0,5.75e-06,
train,0,1.46e-06,
train,0,0.00013316,
train,0,1.43e-06,
train,0,1.09e-06,
train,0,6.044e-05,
train,0,4.28e-06,
train,0,2.68e-06,
train,0,7.617e-05,
train,0,8.2e-07,
train,0,2.1e-06,
train,0,3.22e-06,
train,0,5.817e-05,
train,0,1.015e-05,
train,0,5.3e-07,
train,0,3.85e-06,
train,0,3.74e-06,
train,0,7.3e-07,
train,0,8.2e-07,
train,0,0.00222588,
train,0,8.4e-07,
train,0,3.45e-06,
train,0,7.7e-07,
train,0,5.25e-06,
train,0,1.44e-06,
train,0,1.47e-06,
train,0,2.35e-06,
train,0,2.059e-05,
train,0,1.22e-06,
train,0,1.7e-06,
train,0,6.21e-06,
train,0,8.78e-06,
train,0,1.15e-06,
train,0,1.28e-06,
train,0,9.3e-07,
train,0,2.33e-06,
train,0,1.24e-06,
train,0,1.72e-06,
train,0,3.83e-06,
train,0,5.4e-06,
train,0,1.01e-06,
train,0,9.5e-07,
train,0,2.07e-06,
train,0,6.5e-07,
train,0,1.73e-06,
train,0,1.86e-06,
train,0,1.24e-06,
train,0,2.3e-06,
train,0,2.48e-05,
train,0,1.11e-06,
train,0,1.06e-06,
train,0,0.00069324,
train,0,2.13e-06,
train,0,9.9e-07,
train,0,8.09e-06,
train,0,2.579e-05,
train,0,2.4e-07,
train,0,1.07e-06,
train,0,4.61e-06,
train,0,5.57e-06,
train,0,3.44e-06,
train,0,8.1e-07,
train,0,3.4e-07,
train,0,6.77e-06,
train,0,4.117e-05,
train,0,1.42e-06,
train,0,4.9e-06,
train,0,1.87e-06,
train,0,1.064e-05,
train,0,2.81e-06,
train,0,2.16e-06,
train,0,7.9e-07,
train,0,1.18e-06,
train,0,1.55e-06,
train,0,7.7e-07,
train,0,4.25e-06,
train,0,1.95e-06,
train,0,9.8e-07,
train,0,7.1e-07,
train,0,8.47e-06,
train,0,5.9e-06,
train,0,1.945e-05,
train,0,4.44e-06,
train,0,7.47e-06,
train,0,2.55e-06,
train,0,4.6e-07,
train,0,3.04e-06,
train,0,1.495e-05,
train,0,4.67e-06,
train,0,4.6e-07,
train,0,1.924e-05,
train,0,1.282e-05,
train,0,1.43e-06,
train,0,9.72e-06,
train,0,1.38e-06,
train,0,2.36e-06,
train,0,1.97e-06,
train,0,7.5e-06,
train,0,1.5e-06,
train,0,2.66e-06,
train,0,7.6e-07,
train,0,0.00032416,
train,0,9.9e-07,
train,0,1.27e-06,
train,0,1.24e-06,
train,0,9.4e-07,
train,0,1.56e-06,
train,0,2.76e-06,
train,0,0.00054072,
train,0,8.69e-06,
train,0,1.067e-05,
train,0,9.8e-07,
train,0,2.97e-06,
train,0,2.324e-05,
train,0,6.17e-06,
train,0,5.2e-06,
train,0,2.14e-06,
train,0,3.54e-06,
train,0,8.3e-07,
train,0,3.5e-07,
train,0,4.68e-06,
train,0,1.93e-06,
train,0,1.11e-06,
train,0,6.37e-06,
train,0,7.6e-07,
train,0,4.91e-06,
train,0,3.68e-06,
train,0,2.1e-06,
train,0,8.2e-07,
train,0,2.69e-06,
train,0,1.013e-05,
train,0,7.4e-07,
train,0,3.62e-06,
train,0,3.25e-06,
train,0,1.23e-06,
train,0,6.9e-07,
train,0,1.242e-05,
train,0,0.00011738,
train,0,1.09e-06,
train,0,1.62e-06,
train,0,1.51e-06,
train,0,1.84e-06,
train,0,3.357e-05,
train,0,3.258e-05,
train,0,5.9e-07,
train,0,3.473e-05,
train,0,2.41e-06,
train,0,1.31e-06,
train,0,4.26e-06,
train,0,4.044e-05,
train,0,2.15e-06,
train,0,1.15e-06,
train,0,2.64e-06,
train,0,1.09e-06,
train,0,4.2e-07,
train,0,1.16e-06,
train,0,1.026e-05,
train,0,5.52e-06,
train,0,3.684e-05,
train,0,4.41e-06,
train,0,8.919e-05,
train,0,5.51e-06,
train,0,1.139e-05,
train,0,2.41e-06,
train,0,5.6e-07,
train,0,1.631e-05,
train,0,2.82e-06,
train,0,1.194e-05,
train,0,3.19e-06,
train,0,1.443e-05,
train,0,5.96e-06,
train,0,1.8e-06,
train,0,1.25e-06,
train,0,1.8e-06,
train,0,7.7e-07,
train,0,7.44e-06,
train,0,8.94e-06,
train,0,2.198e-05,
train,0,4.77e-06,
train,0,1.78e-06,
train,0,3.94e-06,
train,0,7.8e-06,
train,0,6.89e-06,
train,0,4.21e-06,
train,0,1.75e-06,
train,0,3.97e-05,
train,0,2.5e-06,
train,0,2.17e-06,
train,0,2.54e-06,
train,0,1.91e-06,
train,0,3.47e-06,
train,0,2.12e-06,
train,0,3.73e-06,
train,0,4.73e-06,
train,0,1.55e-06,
train,0,3.18e-06,
train,0,2.81e-06,
train,0,6.5e-07,
train,0,1.87e-06,
train,0,9.6e-07,
train,0,7.4e-07,
train,0,1.34e-06,
train,0,5.5e-07,
train,0,5.5e-07,
train,0,2.41e-06,
train,0,7.96e-06,
train,0,9.5e-07,
train,0,8.9e-07,
train,0,1.35e-06,
train,0,2.27e-06,
train,0,2.91e-06,
train,0,2.051e-05,
train,0,2.17e-06,
train,0,0.0001095,
train,0,0.0021551,
train,0,6.788e-05,
train,0,3.73e-06,
train,0,1.343e-05,
train,0,2.584e-05,
train,0,9.77e-06,
train,0,5.86e-06,
train,0,5.576e-05,
train,0,2.11e-06,
train,0,0.00100332,
train,0,1.947e-05,
train,0,3.685e-05,
train,0,1.08e-06,
train,0,3.13e-06,
train,0,2.03e-06,
train,0,2.06e-06,
train,0,9.1e-07,
train,0,3.114e-05,
train,0,1.99e-06,
train,0,2.702e-05,
train,0,1.923e-05,
train,0,1.535e-05,
train,0,3.28e-06,
train,0,9.9e-07,
train,0,4.9e-07,
train,0,9.79e-06,
train,0,6.181e-05,
train,0,1.782e-05,
train,0,8.8e-07,
train,0,0.02036839,
train,0,6.4e-07,
train,0,1.07e-06,
train,0,1.35e-06,
train,0,1.693e-05,
train,0,1.07e-06,
train,0,3.78e-06,
train,0,6.7e-07,
train,0,1.539e-05,
train,0,1.4e-06,
train,0,1.52e-06,
train,0,3.129e-05,
train,0,1.95e-06,
train,0,1.362e-05,
train,0,2.3e-06,
train,0,1.76e-06,
train,0,2.332e-05,
train,0,1.262e-05,
train,0,2.63e-06,
train,0,1.873e-05,
train,0,2.48e-06,
train,0,8.9e-07,
train,0,1.87e-06,
train,0,6.09e-06,
train,0,1.86e-05,
train,0,3.6e-06,
train,0,5.4e-07,
train,0,3.4e-07,
train,0,5.7e-07,
train,0,1.867e-05,
train,0,3.591e-05,
train,0,1.16e-06,
train,0,2.06e-06,
train,0,1.46e-06,
train,0,1.68e-06,
train,0,5.22e-06,
train,0,1.248e-05,
train,0,9.6e-07,
train,0,1.85e-06,
train,0,6.83e-06,
train,0,1.37e-06,
train,0,2.65e-06,
train,0,2.1e-06,
train,0,3.23e-06,
train,0,3.7e-06,
train,0,1.7e-06,
train,0,2.54e-06,
train,0,7.5e-07,
train,0,4.5e-07,
train,0,1.68e-06,
train,0,2.2e-06,
train,0,2.71e-06,
train,0,1.16e-06,
train,0,2.23e-06,
train,0,2.72e-06,
train,0,4.6e-07,
train,0,8.2e-07,
train,0,1.05e-06,
train,0,2.35e-06,
train,0,3.12e-06,
train,0,1.25e-06,
train,0,8.9e-07,
train,0,2.373e-05,
train,0,1.07e-06,
train,0,1.12e-06,
train,0,2.59e-06,
train,0,1.18e-06,
train,0,1.75e-06,
train,0,1.26e-06,
train,0,3.31e-06,
train,0,0.01481317,
train,0,1.43e-06,
train,0,1.12e-06,
train,0,1.64e-06,
train,0,1.7e-06,
train,0,4.3e-07,
train,0,8e-07,
train,0,1.65e-06,
train,0,2.2e-06,
train,0,6.3e-07,
train,0,3.37e-06,
train,0,3.29e-06,
train,0,7.2e-07,
train,0,6.2e-07,
train,0,1.61e-06,
train,0,8.6e-07,
train,0,5.7e-06,
train,0,8.6e-07,
train,0,8.3e-07,
train,0,2.92e-06,
train,0,1.41e-06,
train,0,5.3e-07,
train,0,1.3e-06,
train,0,2.538e-05,
train,0,1.42e-06,
train,0,9.7e-07,
train,0,1.69e-06,
train,0,7.3e-07,
train,0,6.5e-07,
train,0,5.48e-06,
train,0,7e-07,
train,0,9e-07,
train,0,7.33e-06,
train,0,1.88e-06,
train,0,2.75e-06,
train,0,4.52e-06,
train,0,1.143e-05,
train,0,6.78e-06,
train,0,5.32e-06,
train,0,1.614e-05,
train,0,7.4e-07,
train,0,6.94e-06,
train,0,7.77e-06,
train,0,1.61e-06,
train,0,1.588e-05,
train,0,8.5e-07,
train,0,2.24e-06,
train,0,1.84e-06,
train,0,1.07e-06,
train,0,3.2e-06,
train,0,2.55e-06,
train,0,8.641e-05,
train,0,1.159e-05,
train,0,4.17e-06,
train,0,9.25e-06,
train,0,2.73e-06,
train,0,3.99e-06,
train,0,1.37e-06,
train,0,3.16e-06,
train,0,3.49e-06,
train,0,3.6e-06,
train,0,2.45e-06,
train,0,2.47e-06,
train,0,6.34e-06,
train,0,3.1e-06,
train,0,1.29e-06,
train,0,2e-06,
train,0,1.71e-06,
train,0,1.99e-06,
train,0,6.12e-05,
train,0,2.098e-05,
train,0,5.43e-06,
train,0,2.55e-06,
train,0,2.403e-05,
train,0,9.42e-06,
train,0,1.146e-05,
train,0,7e-07,
train,0,1.63e-06,
train,0,4.3e-06,
train,0,1.932e-05,
train,0,1.041e-05,
train,0,2.33e-06,
train,0,4.68e-06,
train,0,8.7e-07,
train,0,2.24e-06,
train,0,3.16e-06,
train,0,1.5e-06,
train,0,1.69e-06,
train,0,3.74e-06,
train,0,4.86e-06,
train,0,3.8e-07,
train,0,1.39e-06,
train,0,4.05e-06,
train,0,1.13e-06,
train,0,8.1e-07,
train,0,1.32e-06,
train,0,9.8e-06,
train,0,1.127e-05,
train,0,6.16e-06,
train,0,1.026e-05,
train,0,1.97e-06,
train,0,2.71e-06,
train,0,1.95e-06,
train,0,2.17e-06,
train,0,2.68e-06,
train,0,8.33e-06,
train,0,2.415e-05,
train,0,6.82e-06,
train,0,1.746e-05,
train,0,3.18e-06,
train,0,2.88e-06,
train,0,1.75e-06,
train,0,2.49e-06,
train,0,1.21e-06,
train,0,1.555e-05,
train,0,8.9e-07,
train,0,1.39e-06,
train,0,1.32e-06,
train,0,3.33e-06,
train,0,2.27e-06,
train,0,1.31e-06,
train,0,5.68e-06,
train,0,1.004e-05,
train,0,1.743e-05,
train,0,2.24e-06,
train,0,7.3e-07,
train,0,6.6e-07,
train,0,8.57e-06,
train,0,2.816e-05,
train,0,0.00064721,
train,0,6.28e-06,
train,0,7.64e-06,
train,0,3.22e-06,
train,0,2.54e-06,
train,0,3.08e-06,
train,0,1.12e-06,
train,0,1.713e-05,
train,0,7.3e-06,
train,0,1.051e-05,
train,0,1.32e-06,
train,0,5.677e-05,
train,0,3.185e-05,
train,0,4.64e-06,
train,0,7.58e-06,
train,0,3.9e-06,
train,0,9.4e-07,
train,0,1.19e-06,
train,0,5.27e-06,
train,0,2.36e-06,
train,0,2.43e-06,
train,0,0.00163077,
train,0,5.76e-06,
train,0,1.25e-05,
train,0,9.6e-07,
train,0,7.4e-07,
train,0,4e-06,
train,0,2.91e-06,
train,0,9.3e-07,
train,0,1.67e-06,
train,0,1.75e-05,
train,0,7.14e-06,
train,0,1.485e-05,
train,0,3.58e-06,
train,0,1.29e-06,
train,0,3.59e-06,
train,0,1.69e-06,
train,0,1.77e-06,
train,0,2.477e-05,
train,0,2.03e-06,
train,0,2.05e-06,
train,0,1.84e-06,
train,0,6.2e-07,
train,0,4.02e-06,
train,0,1.259e-05,
train,0,1e-06,
train,0,1.41e-06,
train,0,6.26e-06,
train,0,7.27e-06,
train,0,0.00020019,
train,0,1.106e-05,
train,0,4.15e-06,
train,0,0.00132251,
train,0,6.17e-06,
train,0,1.14e-05,
train,0,6.7e-06,
train,0,1.68e-06,
train,0,1.344e-05,
train,0,7.7e-06,
train,0,3.29e-06,
train,0,5.5e-07,
train,0,5.03e-06,
train,0,1.87e-06,
train,0,1.22e-06,
train,0,2.01e-05,
train,0,1.32e-06,
train,0,1.4e-06,
train,0,3.61e-06,
train,0,6.7e-07,
train,0,0.00030893,
train,0,1.16e-06,
train,0,9.02e-06,
train,0,1.3e-06,
train,0,1.149e-05,
train,0,4.611e-05,
train,0,3.443e-05,
train,0,1.04e-06,
train,0,1.361e-05,
train,0,3.8e-06,
train,0,2.21e-06,
train,0,5.7e-07,
train,0,9.2e-07,
train,0,8.93e-06,
train,0,2.161e-05,
train,0,1.2e-06,
train,0,3.64e-06,
train,0,9.9e-07,
train,0,1.091e-05,
train,0,2.41e-06,
train,0,1.16e-06,
train,0,5.9e-07,
train,0,4.2e-07,
train,0,1.81e-06,
train,0,8.1e-07,
train,0,9.6e-07,
train,0,1.96e-06,
train,0,5.8e-07,
train,0,1.28e-06,
train,0,4.16e-06,
train,0,4.09e-06,
train,0,1.49e-06,
train,0,6.93e-06,
train,0,1.37e-06,
train,0,2.51e-06,
train,0,5.59e-06,
train,0,7e-06,
train,0,2.77e-06,
train,0,8.71e-06,
train,0,1.22e-06,
train,0,2.178e-05,
train,0,9.4e-07,
train,0,2.57e-06,
train,0,2.8e-06,
train,0,1.63e-06,
train,0,3.67e-06,
train,0,3.42e-06,
train,0,2.45e-06,
train,0,1.17e-06,
train,0,1.55e-06,
train,0,3.16e-06,
train,0,8.6e-07,
train,0,7.13e-06,
train,0,8.26e-06,
train,0,2.24e-06,
train,0,4.47e-06,
train,0,5.8e-07,
train,0,1.49e-06,
train,0,9.2e-07,
train,0,7e-06,
train,0,1.085e-05,
train,0,6.7e-07,
train,0,1.12e-06,
train,0,9.2e-07,
train,0,2.4e-06,
train,0,3.49e-06,
train,0,5.44e-06,
train,0,5.3e-07,
train,0,1.26e-06,
train,0,6.3e-07,
train,0,3.9e-07,
train,0,3.5e-07,
train,0,4.9e-07,
train,0,7.6e-07,
train,0,8.4e-07,
train,0,1.01e-06,
train,0,1.17e-06,
train,0,1.49e-06,
train,0,4.5e-07,
train,0,4.2e-07,
train,0,3.81e-06,
train,0,1.23e-06,
train,0,6.9e-07,
train,0,4.3e-07,
train,0,1.15e-06,
train,0,1.34e-06,
train,0,3.1e-07,
train,0,3.42e-06,
train,0,5.8e-07,
train,0,8.2e-07,
train,0,1.81e-06,
train,0,8.4e-07,
train,0,6.45e-06,
train,0,1.61e-06,
train,0,6.59e-06,
train,0,2.58e-06,
train,0,2.047e-05,
train,0,4.62e-06,
train,0,6.7e-07,
train,0,3.7e-06,
train,0,0.00018185,
train,0,8.6e-07,
train,0,8.2e-07,
train,0,1.56e-06,
train,0,1.4e-06,
train,0,0.00018328,
train,0,3.39e-06,
train,0,1.2e-06,
train,0,2.43e-06,
train,0,3.61e-06,
train,0,1.61e-06,
train,0,8.8e-07,
train,0,2.255e-05,
train,0,1.68e-06,
train,0,4.423e-05,
train,0,0.00034572,
train,0,6.8e-07,
train,0,6.572e-05,
train,0,2.57e-06,
train,0,6.34e-06,
train,0,1.446e-05,
train,0,5.008e-05,
train,0,8.7e-07,
train,0,5.8e-07,
train,0,3.07e-06,
train,0,8.7e-06,
train,0,1.22e-06,
train,0,1.06e-06,
train,1,0.99430389,
train,0,2.404e-05,
train,0,8.23e-06,
train,0,2.393e-05,
train,0,1.356e-05,
train,0,1.86e-06,
train,0,2.49e-06,
train,0,5.62e-06,
train,0,9.809e-05,
train,0,1.474e-05,
train,0,1.66e-06,
train,0,7.2e-06,
train,0,4.28e-06,
train,0,1.06e-06,
train,0,0.00023217,
train,0,1.669e-05,
train,0,2.17e-06,
train,0,8.5e-07,
train,0,2.658e-05,
train,0,4.89e-06,
train,0,1.561e-05,
train,0,8.16e-06,
train,0,6.07e-06,
train,0,6.6e-07,
train,0,2.036e-05,
train,0,3.24e-06,
train,0,1.8e-06,
train,0,4.99e-06,
train,0,8.15e-06,
train,0,4e-06,
train,0,4.18e-06,
train,0,6.95e-06,
train,0,4.79e-06,
train,0,8.4e-07,
train,0,8.7e-07,
train,0,1.24e-06,
train,0,4.2e-07,
train,0,6.7e-07,
train,0,5.11e-06,
train,0,9.329e-05,
train,0,3.25e-06,
train,0,3.52e-06,
train,0,2.31e-06,
train,0,1.54e-06,
train,0,2.234e-05,
train,0,2.18e-06,
train,0,2.3e-06,
train,0,2.55e-06,
train,0,3.98e-06,
train,0,5.7e-06,
train,0,2.86e-06,
train,0,2.31e-06,
train,0,2.29e-06,
train,0,3.44e-06,
train,0,1.1e-06,
train,0,3.6e-07,
train,0,8.35e-06,
train,0,1.12e-06,
train,0,5.55e-06,
train,0,6.03e-06,
train,0,5.42e-06,
train,0,5.16e-06,
train,0,0.00012583,
train,0,2.74e-06,
train,0,0.00012843,
train,0,6.2e-07,
train,0,1.043e-05,
train,0,9.42e-05,
train,0,4.648e-05,
train,0,1.062e-05,
train,0,7.8e-06,
train,0,2.32e-06,
train,0,5.97e-06,
train,0,1.721e-05,
train,0,2.99e-06,
train,0,2.92e-06,
train,0,1.77e-06,
train,0,1.76e-06,
train,0,1.29e-06,
train,0,1.47e-06,
train,0,2.1e-06,
train,0,0.00028738,
train,0,1.662e-05,
train,0,5.827e-05,
train,0,1e-06,
train,0,2.95e-05,
train,0,8.8e-07,
train,0,7.68e-06,
train,0,1.862e-05,
train,0,3.36e-06,
train,0,8.4e-06,
train,0,7.7e-07,
train,0,7e-07,
train,0,0.00054483,
train,0,0.00114943,
train,0,1.029e-05,
train,0,1.027e-05,
train,0,5.084e-05,
train,0,1.46e-06,
train,0,2.57e-06,
train,0,4.8e-07,
train,0,7.31e-06,
train,0,1.04e-06,
train,0,5.54e-06,
train,0,9.9e-07,
train,0,3.7e-06,
train,0,0.00147458,
train,0,9.7e-07,
train,0,2.23e-06,
train,0,3.03e-06,
train,0,3.29e-06,
train,1,0.99625712,
train,0,2.03e-06,
train,0,0.00011733,
train,1,0.99982012,
train,0,1.087e-05,
train,0,1.36e-06,
train,0,1.276e-05,
train,0,3.66e-06,
train,0,2.346e-05,
train,0,9.4e-07,
train,0,1.485e-05,
train,0,2.867e-05,
train,0,2.76e-06,
train,0,4.55e-06,
train,0,3.76e-06,
train,0,2.182e-05,
train,0,1.14e-06,
train,0,3.22e-06,
train,0,8.06e-06,
train,0,1.46e-06,
train,0,1.35e-06,
train,0,3.43e-06,
train,0,5.899e-05,
train,0,1.28e-06,
train,0,2.686e-05,
train,0,1.04e-06,
train,0,7.6e-07,
train,0,4.01e-06,
train,0,7.5e-07,
train,0,2.9e-07,
train,0,5.65e-06,
train,0,0.00012315,
train,0,2.31e-06,
train,0,1.28e-06,
train,0,0.01335016,
train,0,3.13e-06,
train,0,2.53e-06,
train,0,1.01e-05,
train,0,1.754e-05,
train,0,2.73e-06,
train,0,1.81e-06,
train,0,1.481e-05,
train,1,0.99818934,
train,0,1.95e-06,
train,0,1.83e-05,
train,0,1.409e-05,
train,0,5.1e-06,
train,0,1.32e-06,
train,0,3.94e-06,
train,0,0.00010918,
train,0,7.4e-07,
train,0,1.104e-05,
train,0,6.99e-06,
train,0,1.19e-06,
train,0,2.2e-06,
train,0,4.01e-06,
train,0,0.00093772,
train,0,5.09e-06,
train,0,1.603e-05,
train,0,6.16e-06,
train,0,7.159e-05,
train,0,2.07e-06,
train,0,1.91e-06,
train,0,6.08e-06,
train,0,5.84e-06,
train,0,6.2e-07,
train,0,1.67e-06,
train,0,1.04e-06,
train,0,1.13e-06,
train,0,9.623e-05,
train,0,1.679e-05,
train,0,2.44e-06,
train,0,4.72e-06,
train,0,1.57e-06,
train,0,2.58e-06,
train,0,9.18e-06,
train,0,3.25e-06,
train,0,5.45e-06,
train,0,1.73e-06,
train,0,5.37e-06,
train,0,0.00089915,
train,0,2.008e-05,
train,0,0.04858383,
train,0,2.78e-06,
train,0,2.53e-06,
train,0,5.7e-07,
train,0,0.00039688,
train,0,7.894e-05,
train,0,1.36e-05,
train,0,1.05e-06,
train,0,1.006e-05,
train,0,5.92e-06,
train,0,6.4e-07,
train,0,3.21e-06,
train,0,8.89e-06,
train,0,1.19e-06,
train,0,2.204e-05,
train,0,5.29e-06,
train,0,5.653e-05,
train,0,5.87e-06,
train,0,1.62e-06,
train,0,5.43e-06,
train,0,1.388e-05,
train,0,1.95e-06,
train,0,6.7e-06,
train,0,9e-07,
train,0,1.008e-05,
train,0,0.00019761,
train,0,1.69e-06,
train,0,7.84e-06,
train,0,3.95e-06,
train,0,4.28e-06,
train,0,2e-06,
train,0,1.497e-05,
train,0,1.724e-05,
train,0,4.896e-05,
train,0,1.85e-06,
train,0,2.16e-06,
train,0,4.27e-06,
train,0,4.79e-06,
train,0,5.9e-07,
train,0,7.1e-07,
train,0,7.77e-06,
train,0,2.62e-06,
train,0,4.24e-06,
train,0,7.68e-06,
train,0,1.02e-06,
train,0,6.46e-06,
train,0,1.142e-05,
train,0,1.42e-06,
train,0,3.16e-06,
train,0,7.573e-05,
train,0,9.3e-07,
train,0,1.45e-06,
train,0,8.13e-06,
train,0,2.582e-05,
train,0,1.42e-06,
train,0,5.91e-06,
train,0,4.99e-06,
train,0,7.97e-06,
train,0,8.9e-07,
train,0,5.46e-06,
train,0,2.201e-05,
train,0,8.9e-07,
train,0,5.2e-07,
train,0,1.83e-06,
train,0,1.309e-05,
train,0,7.1e-07,
train,0,8.46e-06,
train,0,1.35e-06,
train,0,1.67e-06,
train,0,1.34e-06,
train,0,7.8e-07,
train,0,9.3e-07,
train,0,0.00036017,
train,0,1.01e-06,
train,0,4.22e-06,
train,0,3.01e-06,
train,0,6.2e-07,
train,0,5.2e-07,
train,0,8.02e-06,
train,0,6.4e-07,
train,0,2.13e-06,
train,0,3.4e-06,
train,0,4.73e-06,
train,0,2.28e-06,
train,0,3.69e-06,
train,0,3.22e-06,
train,0,6.4e-07,
train,0,0.0002372,
train,0,5.2e-07,
train,0,2.25e-06,
train,0,2.71e-06,
train,0,2.115e-05,
train,0,1.34e-06,
train,0,2.3e-06,
train,0,2.21e-06,
train,0,1.82e-06,
train,0,7.2e-07,
train,0,5.9e-07,
train,0,3.4e-06,
train,0,1.5e-06,
train,0,7.49e-06,
train,0,2.23e-06,
train,0,5.98e-06,
train,0,1.24e-06,
train,0,2e-06,
train,0,1.24e-06,
train,1,0.99660533,
train,0,1.79e-06,
train,0,4.48e-06,
train,0,1.46e-06,
train,0,3.325e-05,
train,0,9.5e-07,
train,0,4.1e-07,
train,0,7.6e-07,
train,0,1.15e-05,
train,0,1.27e-06,
train,0,1.34e-06,
train,0,3.53e-06,
train,0,4.17e-06,
train,0,5.3e-07,
train,0,1.76e-06,
train,0,5.906e-05,
train,0,5.16e-06,
train,0,2.75e-06,
train,0,2.19e-06,
train,0,1.374e-05,
train,0,4.11e-06,
train,0,1.15e-06,
train,0,3.49e-06,
train,0,2.053e-05,
train,0,8.33e-06,
train,0,2.3e-06,
train,0,4.34e-06,
train,0,2.1e-06,
train,0,7.9e-07,
train,0,1.789e-05,
train,0,1.54e-06,
train,0,1.117e-05,
train,0,9.6e-07,
train,0,9.3e-07,
train,0,0.00259888,
train,0,1.47e-06,
train,0,6.8e-07,
train,0,3.612e-05,
train,0,2.09e-06,
train,0,3.12e-06,
train,0,1.38e-06,
train,0,2.7e-06,
train,0,1.47e-06,
train,0,3.957e-05,
train,0,2.25e-06,
train,0,1.526e-05,
train,0,2.8e-06,
train,0,9.3e-07,
train,0,3.45e-06,
train,0,0.00013617,
train,0,6.7e-07,
train,0,4e-07,
train,0,0.00074134,
train,0,1.491e-05,
train,0,2.1e-06,
train,0,6.47e-06,
train,0,1.08e-06,
train,0,5.08e-06,
train,0,1.039e-05,
train,0,1.19e-05,
train,0,8.26e-06,
train,0,4.5e-07,
train,0,1.55e-06,
train,0,4.9e-07,
train,0,2.14e-06,
train,0,0.00024767,
train,0,1.07e-06,
train,0,1.48e-06,
train,0,0.00016005,
train,0,8.1e-07,
train,0,8.22e-06,
train,0,6.48e-06,
train,0,4.18e-06,
train,0,2.64e-06,
train,0,7.11e-06,
train,0,1.07e-06,
train,0,3.385e-05,
train,0,9.2e-07,
train,0,2.88e-06,
train,0,0.00018651,
train,0,0.0007947,
train,0,1.53e-06,
train,0,1.26e-06,
train,0,3.1e-07,
train,0,3.8e-06,
train,0,2.11e-06,
train,0,8.8e-07,
train,0,1.89e-06,
train,0,8.9e-07,
train,0,8.4e-07,
train,0,2.41e-06,
train,0,1.89e-06,
train,0,7.873e-05,
train,0,1.27e-06,
train,0,4.88e-06,
train,0,1.49e-06,
train,0,5.253e-05,
train,0,8.67e-06,
train,0,5.05e-06,
train,0,6.3e-07,
train,0,4.73e-06,
train,0,1.107e-05,
train,0,1.28e-06,
train,0,1.31e-06,
train,0,3.81e-06,
train,0,1.99e-06,
train,0,6.6e-07,
train,0,8.7e-07,
train,0,1.689e-05,
train,0,2.85e-06,
train,0,1.12e-06,
train,0,1.963e-05,
train,0,0.00012817,
train,0,2.79e-06,
train,0,9.7e-07,
train,0,1.53e-06,
train,0,6.89e-06,
train,0,1.6e-06,
train,0,1.47e-06,
train,0,5.56e-06,
train,0,2.41e-06,
train,0,9.55e-06,
train,0,1.23e-06,
train,0,2.17e-06,
train,0,6.09e-06,
train,0,5e-07,
train,0,2.91e-06,
train,0,2.98e-06,
train,0,3.8e-06,
train,0,3.12e-06,
train,0,0.00024257,
train,0,1.86e-06,
train,0,3.44e-06,
train,0,1.55e-06,
train,0,4.59e-06,
train,0,2.62e-06,
train,0,5.74e-06,
train,0,4.95e-06,
train,0,4.29e-06,
train,0,4.56e-06,
train,0,1.1e-06,
train,0,1.45e-06,
train,0,1.37e-06,
train,0,1.72e-06,
train,0,5.15e-06,
train,0,4.12e-06,
train,0,1.647e-05,
train,0,0.00999598,
train,0,1.53e-06,
train,0,0.0001002,
train,0,0.00022177,
train,0,8.83e-06,
train,0,7e-07,
train,0,2.2e-06,
train,0,1.401e-05,
train,1,0.99859445,
train,0,4.676e-05,
train,0,5.82e-06,
train,0,2.06e-06,
train,0,1.25e-06,
train,0,3.85e-06,
train,0,5.148e-05,
train,0,5.3e-07,
train,0,4.41e-06,
train,0,1.52e-06,
train,0,3.55e-06,
train,0,3.75e-06,
train,0,3.52e-06,
train,0,7.2e-07,
train,0,8.9e-07,
train,0,1.038e-05,
train,0,2.78e-06,
train,0,6.3e-07,
train,0,1.76e-06,
train,0,2.54e-06,
train,0,4.42e-06,
train,0,2.849e-05,
train,0,5.48e-06,
train,0,1.261e-05,
train,0,0.0004034,
train,0,2.53e-06,
train,0,1.26e-06,
train,0,3.68e-06,
train,0,3.12e-06,
train,0,5.8e-07,
train,0,9.2e-07,
train,0,3.41e-06,
train,0,2.63e-06,
train,0,1.171e-05,
train,0,6.21e-06,
train,0,8.43e-06,
train,0,2.38e-06,
train,0,3.55e-06,
train,0,0.00012605,
train,0,1.034e-05,
train,0,7.2e-07,
train,0,4.492e-05,
train,0,4.75e-06,
train,0,1.3e-06,
train,0,1.167e-05,
train,0,3.7e-06,
train,0,8.68e-06,
train,0,4.291e-05,
train,0,1.55e-06,
train,0,1.096e-05,
train,0,4.7e-07,
train,0,2.98e-06,
train,0,1.195e-05,
train,0,3.83e-06,
train,0,1.88e-06,
train,0,9.89e-06,
train,0,4.65e-06,
train,0,1.83e-06,
train,0,0.00099428,
train,0,8.66e-06,
train,0,2.49e-06,
train,0,1.4e-06,
train,0,3.12e-06,
train,0,9.83e-06,
train,0,1.41e-06,
train,0,2.497e-05,
train,0,0.00072708,
train,0,6.433e-05,
train,0,2.42e-06,
train,0,1.05e-06,
train,0,3.238e-05,
train,0,0.00029816,
train,0,0.004362,
train,0,5.18e-06,
train,0,2.569e-05,
train,0,1.147e-05,
train,0,2.113e-05,
train,0,5.49e-06,
train,0,5.7e-07,
train,0,1.23e-06,
train,0,8.34e-06,
train,0,2.02e-06,
train,0,6.95e-06,
train,0,3.613e-05,
train,0,4.45e-06,
train,0,1.2e-06,
train,0,1.84e-06,
train,0,2.26e-06,
train,0,2.98e-06,
train,0,3.18e-06,
train,0,1.93e-06,
train,0,0.00102192,
train,0,3.6e-06,
train,0,4.8e-07,
train,0,2.85e-06,
train,0,2.2e-06,
train,0,3.65e-06,
train,0,0.00049041,
train,0,5.71e-06,
train,0,1.69e-06,
train,0,1.14e-06,
train,0,2.38e-06,
train,0,4.9e-07,
train,0,2.03e-06,
train,0,1.69e-06,
train,0,1.64e-06,
train,0,2.65e-06,
train,0,4.475e-05,
train,0,2.681e-05,
train,0,9.18e-06,
train,0,4.88e-06,
train,0,1.66e-06,
train,0,2.41e-06,
train,0,2.93e-06,
train,0,7.4e-07,
train,0,1.39e-06,
train,0,3.17e-06,
train,0,5.831e-05,
train,0,1.2e-06,
train,0,8.21e-06,
train,0,1.45e-06,
train,0,5.16e-06,
train,0,2.55e-06,
train,0,2.13e-06,
train,0,1.211e-05,
train,0,9e-07,
train,0,1.12e-06,
train,0,5.64e-06,
train,0,1.37e-06,
train,0,3.17e-06,
train,0,2.61e-06,
train,0,2.99e-06,
train,0,4.23e-06,
train,0,5.5e-07,
train,0,9.98e-06,
train,0,1.31e-06,
train,0,5.36e-06,
train,0,1.72e-06,
train,0,7.16e-06,
train,0,1.04e-06,
train,0,2.081e-05,
train,0,5.7e-07,
train,0,8.6e-07,
train,0,2.612e-05,
train,0,2.72e-06,
train,0,1.37e-06,
train,0,1.7e-06,
train,0,1.293e-05,
train,0,1.16e-06,
train,0,2.078e-05,
train,0,4.11e-06,
train,0,5.8e-07,
train,0,1.13e-06,
train,0,6.9e-07,
train,0,1.05e-06,
train,0,2.81e-06,
train,0,9.2e-07,
train,0,5.01e-06,
train,0,1.31e-06,
train,0,1.25e-06,
train,0,3.66e-06,
train,0,8.262e-05,
train,0,0.00283697,
train,0,3.08e-05,
train,0,1.92e-06,
train,0,7.5e-06,
train,0,6.1e-07,
train,0,9.4e-07,
train,0,5.1e-07,
train,0,2.64e-06,
train,0,0.00012701,
train,0,9.4e-07,
train,0,3.6e-07,
train,0,5.6e-07,
train,0,8.4e-07,
train,0,2.73e-06,
train,0,5.3e-07,
train,0,8.9e-07,
train,0,4.2e-07,
train,0,7.2e-07,
train,0,1.96e-06,
train,0,8.3e-07,
train,0,8.8e-07,
train,0,1.48e-06,
train,0,5.23e-06,
train,0,9.5e-07,
train,0,2.07e-06,
train,0,7.8e-07,
train,0,8.33e-06,
train,0,8.95e-06,
train,0,2.72e-06,
train,0,3.96e-06,
train,0,1.94e-06,
train,0,2.212e-05,
train,0,5.66e-06,
train,0,1.02e-06,
train,0,2.82e-06,
train,0,1.054e-05,
train,0,2.46e-06,
train,0,1.9e-06,
train,0,8.6e-07,
train,0,1.78e-06,
train,0,5.47e-06,
train,0,4.63e-06,
train,0,2.72e-06,
train,0,2.49e-06,
train,0,8.3e-07,
train,0,1.31e-06,
train,0,3.06e-06,
train,0,7.14e-06,
train,0,9.7e-07,
train,0,1.17e-06,
train,0,8.1e-07,
train,0,8.91e-06,
train,0,1.56e-06,
train,0,1.324e-05,
train,0,7.1e-07,
train,0,2.11e-06,
train,0,1.44e-06,
train,0,2.43e-06,
train,0,3.8e-07,
train,0,1.07e-06,
train,0,3.17e-06,
train,0,8.3e-07,
train,0,1.62e-06,
train,0,5.7e-07,
train,0,2.26e-06,
train,0,4.21e-06,
train,0,2.3e-06,
train,0,3.93e-06,
train,0,2.522e-05,
train,0,2.958e-05,
train,0,4.58e-06,
train,0,3.806e-05,
train,0,1.27e-06,
train,0,2.09e-06,
train,0,4.28e-06,
train,0,2.18e-06,
train,0,8.9e-07,
train,0,1.08e-06,
train,0,1.1e-06,
train,0,9.85e-06,
train,0,5.15e-06,
train,0,1.76e-06,
train,0,1.71e-06,
train,0,5.08e-06,
train,0,8.7e-07,
train,0,3.06e-06,
train,0,1.78e-06,
train,0,7.5e-07,
train,0,3.62e-06,
train,0,0.00046904,
train,0,3.2e-06,
train,0,4.15e-06,
train,0,1.828e-05,
train,0,6.01e-06,
train,0,5e-07,
train,0,1.26e-06,
train,0,9.8e-07,
train,0,1.69e-06,
train,0,2.329e-05,
train,0,2.54e-06,
train,0,4.78e-06,
train,0,0.00103915,
train,0,0.00014393,
train,0,3.26e-05,
train,0,1.371e-05,
train,0,4.39e-06,
train,0,2.41e-06,
train,0,9.1e-06,
train,0,2.98e-06,
train,0,0.00041977,
train,0,4.57e-06,
train,0,1.14e-06,
train,0,2.67e-06,
train,0,1.43e-06,
train,0,2.44e-06,
train,0,7.8e-07,
train,0,1.59e-06,
train,0,1.89e-06,
train,0,9.28e-06,
train,0,1.09e-06,
train,0,1.55e-06,
train,0,1.9e-06,
train,0,4.95e-06,
train,0,8.2e-07,
train,0,4.62e-06,
train,0,1.322e-05,
train,0,1.861e-05,
train,0,5.821e-05,
train,0,4.56e-06,
train,0,1.7e-06,
train,0,3.81e-06,
train,0,1.415e-05,
train,0,1.137e-05,
train,0,4.59e-06,
train,0,1.94e-06,
train,0,2.51e-06,
train,0,6.05e-06,
train,1,0.99873131,
train,0,1.19e-06,
train,0,6.71e-06,
train,0,0.00044555,
train,1,0.99944652,
train,0,3.06e-06,
train,0,0.01010421,
train,0,2.85e-06,
train,0,7.73e-06,
train,0,8.7e-07,
train,0,2.51e-06,
train,0,6.71e-06,
train,0,1.284e-05,
train,0,1.04e-06,
train,0,7.45e-06,
train,0,1.284e-05,
train,0,1.46e-06,
train,0,0.00011589,
train,0,6.69e-06,
train,0,0.20591773,
train,0,5.8e-07,
train,0,1.44e-06,
train,0,3.32e-06,
train,0,2.73e-06,
train,0,5.7e-07,
train,0,1.98e-06,
train,0,6.07e-06,
train,0,1.22e-06,
train,0,1.71e-06,
train,0,2.35e-06,
train,0,1.077e-05,
train,0,7.14e-06,
train,0,6.8e-07,
train,0,8.6e-07,
train,0,2.91e-06,
train,0,2.74e-06,
train,0,1.71e-06,
train,0,2.12e-06,
train,0,0.00817293,
train,0,5.59e-06,
train,0,9.06e-05,
train,0,2.85e-06,
train,0,3.3e-06,
train,0,1.56e-06,
train,0,5.52e-06,
train,0,1.35e-06,
train,0,4e-07,
train,0,1.32e-06,
train,0,1.91e-06,
train,0,3.81e-06,
train,0,7.44e-06,
train,0,2.37e-06,
train,0,1.71e-06,
train,0,2.42e-06,
train,0,0.00010011,
train,0,9.7e-07,
train,0,1.43e-06,
train,0,1.918e-05,
train,0,9.5e-07,
train,0,1.22e-06,
train,0,4.7e-07,
train,0,1.82e-06,
train,0,5.8e-06,
train,0,5.6e-07,
train,0,2.59e-06,
train,0,9.05e-06,
train,0,4.31e-06,
train,0,5.49e-05,
train,0,3.2e-06,
train,0,1.48e-06,
train,0,3.37e-06,
train,0,1.609e-05,
train,0,1.91e-06,
train,0,2.16e-06,
train,0,5.74e-06,
train,0,3.98e-06,
train,0,6.57e-06,
train,0,2.94e-06,
train,0,1.08e-06,
train,0,2.72e-06,
train,0,2.669e-05,
train,0,1.24e-06,
train,0,3.257e-05,
train,0,5.9e-07,
train,0,4.96e-06,
train,0,1.614e-05,
train,0,2.01e-06,
train,0,1.77e-06,
train,0,6e-07,
train,0,5e-07,
train,0,0.00020175,
train,0,2.646e-05,
train,0,3.34e-06,
train,0,1.96e-06,
train,0,4.3e-06,
train,0,1.45e-06,
train,0,1.227e-05,
train,0,2.13e-06,
train,0,5.15e-06,
train,0,3.4e-06,
train,0,0.0003708,
train,0,4.66e-06,
train,0,2.69e-06,
train,0,8.034e-05,
train,0,7.8e-07,
train,0,3.06e-06,
train,1,0.99894998,
train,0,2.2e-06,
train,0,1.61e-06,
train,0,2.96e-06,
train,0,1.096e-05,
train,0,1.875e-05,
train,0,6.93e-06,
train,0,4.39e-06,
train,0,4.63e-06,
train,0,2.38e-06,
train,0,8.6e-07,
train,0,1.45e-05,
train,0,1.797e-05,
train,0,5.3e-06,
train,0,1.69e-06,
train,0,3.526e-05,
train,0,5.7e-06,
train,0,7e-07,
train,0,3.726e-05,
train,0,2.765e-05,
train,0,1.89e-06,
train,0,2.21e-06,
train,0,9.5e-07,
train,0,8.41e-06,
train,0,2.97e-06,
train,0,3.66e-06,
train,0,2.01e-06,
train,0,4.74e-06,
train,0,6.37e-06,
train,0,1.66e-06,
train,0,5.1e-07,
train,0,1.28e-06,
train,0,4.08e-06,
train,0,9e-07,
train,0,3.21e-06,
train,0,1.12e-06,
train,0,3.055e-05,
train,0,4.66e-06,
train,0,6.8e-06,
train,0,1.24e-06,
train,0,2.35e-06,
train,0,5.36e-06,
train,0,1.86e-06,
train,0,1.78e-06,
train,0,3.469e-05,
train,0,2.099e-05,
train,0,8.5e-07,
train,0,7.11e-06,
train,0,1.78e-06,
train,0,2.56e-06,
train,0,6.5e-07,
train,0,1.88e-05,
train,0,1.12e-06,
train,0,3.21e-06,
train,0,4.21e-06,
train,0,7.09e-06,
train,0,6.1e-07,
train,0,2.06e-06,
train,0,6e-07,
train,0,8.1e-07,
train,0,2.17e-06,
train,0,2.47e-06,
train,0,5.3e-07,
train,0,0.00037004,
train,0,5.3e-07,
train,0,7.3e-07,
train,0,4.9e-07,
train,0,8.8e-07,
train,0,1.09e-06,
train,0,4.4e-07,
train,0,1.09e-06,
train,0,4.83e-06,
train,0,1.08e-06,
train,0,1.07e-06,
train,0,2.15e-06,
train,0,5.6e-07,
train,0,3.8e-07,
train,0,1.68e-06,
train,0,4.27e-06,
train,0,9.3e-07,
train,0,5.75e-06,
train,0,1.88e-06,
train,0,1.04e-06,
train,0,6.7e-07,
train,0,8e-07,
train,0,1.37e-06,
train,0,1.17e-06,
train,0,4e-06,
train,0,1.334e-05,
train,0,6.9e-06,
train,0,1.77e-06,
train,0,4.09e-06,
train,0,2.34e-06,
train,0,8.9e-07,
train,0,1.41e-06,
train,0,2.56e-06,
train,0,1.3e-06,
train,0,3.811e-05,
train,0,2.51e-06,
train,0,1.368e-05,
train,0,5.7e-07,
train,0,2.22e-06,
train,0,0.00023236,
train,0,7.89e-06,
train,0,2.82e-06,
train,0,1.043e-05,
train,0,3.56e-06,
train,0,6.8e-07,
train,0,1.27e-06,
train,0,5.5e-07,
train,0,0.0001656,
train,0,1.24e-06,
train,0,1.16e-06,
train,0,9.6e-07,
train,0,1.92e-06,
train,0,7.9e-07,
train,0,6.4e-07,
train,0,1.76e-06,
train,0,1.71e-06,
train,0,2.79e-06,
train,0,1.68e-06,
train,0,7.7e-07,
train,0,1.03e-06,
train,0,9.308e-05,
train,0,1.38e-06,
train,0,0.00011639,
train,0,1.492e-05,
train,0,1.73e-06,
train,0,1.779e-05,
train,0,1.53e-06,
train,0,1.074e-05,
train,0,2.451e-05,
train,0,4.09e-06,
train,0,5.84e-06,
train,0,9.7e-07,
train,0,4.13e-06,
train,0,1.07e-06,
train,0,3.524e-05,
train,0,1.89e-06,
train,0,7.4e-07,
train,0,2.89e-06,
train,0,3.01e-06,
train,0,4.89e-06,
train,0,1.268e-05,
train,0,1.55e-06,
train,0,5.2e-07,
train,0,6.5e-07,
train,0,2.4e-07,
train,0,1.4e-06,
train,0,3.87e-06,
train,0,2.19e-06,
train,0,4.96e-06,
train,0,1.69e-06,
train,0,5.2e-07,
train,0,6.25e-06,
train,0,4.7e-07,
train,0,1.16e-06,
train,0,6.168e-05,
train,0,8e-07,
train,0,3.521e-05,
train,0,3.43e-06,
train,0,9.6e-07,
train,0,1.95e-06,
train,0,4.34e-06,
train,0,9.2e-07,
train,0,1.644e-05,
train,1,0.99872898,
train,0,2.42e-06,
train,0,1.45e-06,
train,0,4.8e-07,
train,0,0.00210798,
train,0,3.88e-06,
train,0,3.04e-06,
train,0,7.1e-07,
train,0,3.4e-06,
train,0,0.00019106,
train,0,0.00010824,
train,0,1.45e-06,
train,0,5.3e-07,
train,0,1.79e-05,
train,0,8.81e-06,
train,0,1.57e-06,
train,0,1.35e-06,
train,0,1.86e-06,
train,0,6.4e-07,
train,0,7.3e-07,
train,0,5e-07,
train,0,2.93e-06,
train,0,1.367e-05,
train,0,1.06e-05,
train,0,6.3e-07,
train,0,6.11e-06,
train,0,1.34e-06,
train,0,3.858e-05,
train,0,2.53e-06,
train,0,1.89e-06,
train,0,4.3e-07,
train,0,2.51e-06,
train,0,8e-07,
train,0,1.12e-06,
train,0,1.76e-06,
train,0,1.92e-06,
train,0,3.13e-06,
train,0,4.892e-05,
train,0,5.98e-06,
train,0,2.68e-06,
train,0,9.074e-05,
train,0,3.2e-06,
train,0,3.09e-06,
train,0,6.91e-06,
train,0,1.18e-06,
train,0,4.2e-06,
train,0,2.07e-06,
train,0,1.16e-06,
train,0,1.23e-06,
train,0,7.84e-06,
train,0,9.8e-07,
train,0,1.55e-06,
train,0,9.03e-06,
train,0,2.486e-05,
train,0,8.4e-07,
train,0,3.07e-06,
train,0,8.13e-06,
train,0,1.392e-05,
train,0,2.03e-06,
train,0,7.8e-07,
train,0,1.62e-06,
train,0,3.268e-05,
train,0,6.8e-07,
train,0,1.87e-06,
train,0,3.569e-05,
train,0,0.00010952,
train,0,3.53e-06,
train,0,3.86e-06,
train,1,0.99885817,
train,0,2.41e-06,
train,0,2.735e-05,
train,0,1.36e-06,
train,0,1.96e-06,
train,0,1.49e-06,
train,0,1.065e-05,
train,0,8.03e-06,
train,0,1.35e-06,
train,0,2.26e-06,
train,0,6e-07,
train,0,1.62e-06,
train,0,2.087e-05,
train,0,4.08e-06,
train,0,7.9e-07,
train,0,0.00300777,
train,0,2.06e-05,
train,0,2.181e-05,
train,0,6.9e-06,
train,0,9.08e-06,
train,0,4.3e-07,
train,0,1e-06,
train,0,2.64e-06,
train,0,3.9e-06,
train,0,5.94e-06,
train,0,1.09e-06,
train,0,2.05e-06,
train,1,0.99481501,
train,0,1.092e-05,
train,0,5.67e-06,
train,0,2.039e-05,
train,0,9.58e-06,
train,0,2.215e-05,
train,0,5.27e-06,
train,0,1.77e-06,
train,0,1.42e-06,
train,0,2.25e-06,
train,1,0.99974485,
train,0,3.89e-06,
train,0,6.86e-06,
train,0,6.3e-06,
train,0,9.8e-07,
train,0,3.28e-06,
train,1,0.99950075,
train,0,1.6e-06,
train,0,4.09e-05,
train,0,6.9e-06,
train,0,2.73e-06,
train,0,1.14e-06,
train,0,2.51e-06,
train,0,1.231e-05,
train,0,1.27e-06,
train,0,2.54e-06,
train,0,2.35e-06,
train,0,4.46e-06,
train,0,5.62e-06,
train,0,9.5e-07,
train,0,2.06e-06,
train,0,9.4e-07,
train,0,2.308e-05,
train,0,6.54e-06,
train,0,1.71e-06,
train,0,1.295e-05,
train,0,0.00042754,
train,0,4.661e-05,
train,0,3.15e-06,
train,0,1.341e-05,
train,0,1.62e-06,
train,0,2.61e-06,
train,0,8.73e-06,
train,0,1.3e-05,
train,0,3.52e-06,
train,0,3.5e-06,
train,0,8.4e-07,
train,0,3.38e-06,
train,0,1.46e-06,
train,0,8.57e-06,
train,0,6.51e-06,
train,0,6.8e-07,
train,0,1.083e-05,
train,0,6.6e-07,
train,0,8.6e-07,
train,0,4.72e-06,
train,0,6.8e-07,
train,0,3.72e-06,
train,0,2.338e-05,
train,0,1.33e-06,
train,0,5.4e-07,
train,0,6.4e-07,
train,0,5.59e-06,
train,0,3.88e-06,
train,0,7.4e-07,
train,0,4.03e-06,
train,0,8.64e-06,
train,0,1.42e-06,
train,0,5.2e-06,
train,0,1.79e-06,
train,0,3.69e-06,
train,0,1.343e-05,
train,0,3.07e-06,
train,0,1.7e-06,
train,0,6.7e-07,
train,0,1.7e-06,
train,0,2.72e-06,
train,0,1.53e-06,
train,0,0.00018387,
train,0,8.28e-06,
train,0,7.4e-06,
train,0,3.9e-07,
train,0,6.9e-07,
train,0,6.1e-07,
train,0,8.9e-07,
train,0,1.87e-06,
train,0,7.71e-06,
train,0,8.03e-06,
train,0,7.8e-07,
train,0,7.43e-06,
train,0,9.49e-06,
train,0,9.2e-07,
train,0,6.4e-07,
train,0,1.88e-06,
train,0,1.93e-06,
train,0,1.286e-05,
train,0,4.67e-06,
train,0,2.62e-06,
train,0,2.93e-06,
train,0,2.58e-06,
train,0,5.69e-06,
train,0,1.4e-06,
train,0,1.41e-06,
train,0,2.51e-06,
train,0,2.51e-06,
train,0,1.03e-06,
train,0,2.265e-05,
train,0,7.2e-06,
train,0,6.93e-06,
train,0,8.7e-07,
train,0,1.247e-05,
train,0,1.39e-06,
train,0,2.17e-06,
train,0,2.38e-06,
train,0,1.68e-06,
train,0,1.78e-06,
train,0,7.1e-07,
train,0,9.1e-07,
train,0,5.5e-07,
train,0,1.2e-06,
train,0,1.67e-05,
train,0,3.9e-07,
train,0,8.1e-07,
train,0,1e-06,
train,0,1.85e-06,
train,0,5.47e-06,
train,0,5.9e-07,
train,0,1.5e-06,
train,0,4.61e-06,
train,0,4.9e-07,
train,0,6.9e-07,
train,0,1.15e-06,
train,0,5.6e-07,
train,0,1.15e-06,
train,0,1.42e-06,
train,0,9.8e-07,
train,0,7.7e-07,
train,0,4.7e-07,
train,0,9.3e-07,
train,0,3.2e-07,
train,0,1.49e-06,
train,1,0.99952302,
train,0,1.04e-06,
train,0,4.9e-07,
train,0,5.8e-07,
train,0,2.63e-06,
train,0,5.7e-07,
train,0,4.4e-06,
train,0,4.2e-07,
train,0,6.67e-06,
train,0,2.03e-06,
train,0,2.07e-06,
train,0,5.07e-06,
train,0,5.9e-07,
train,0,1.33e-06,
train,0,1.86e-06,
train,0,5.7e-07,
train,0,6.5e-07,
train,0,1.34e-06,
train,0,2.7e-06,
train,0,4e-07,
train,0,7.9e-07,
train,0,1.84e-06,
train,0,1.66e-06,
train,0,1.93e-06,
train,0,3.45e-06,
train,0,7.1e-07,
train,0,6.9e-07,
train,0,1.135e-05,
train,0,1.62e-06,
train,0,1.04e-06,
train,0,5.63e-06,
train,0,1.1e-06,
train,0,1.173e-05,
train,0,2.81e-06,
train,0,8.3e-07,
train,0,1.72e-06,
train,0,9.87e-06,
train,0,1.86e-06,
train,0,1.92e-06,
train,0,1.766e-05,
train,0,7.2e-07,
train,0,2.38e-06,
train,0,1.68e-06,
train,0,8.69e-06,
train,0,7.9e-07,
train,0,1.957e-05,
train,0,0.00012125,
train,0,2.84e-06,
train,0,7.02e-06,
train,0,9.2e-07,
train,0,1.86e-06,
train,0,1.14e-06,
train,0,2.21e-06,
train,0,1.37e-06,
train,0,1.38e-06,
train,0,2.046e-05,
train,0,2.13e-06,
train,0,1.91e-06,
train,0,1.095e-05,
train,0,1.26e-06,
train,0,1.15e-06,
train,0,1.56e-06,
train,0,8.3e-07,
train,0,2.07e-06,
train,0,8.07e-06,
train,0,4.4e-07,
train,0,1.17e-06,
train,0,4.08e-06,
train,0,5.1e-07,
train,0,2.95e-06,
train,0,2.79e-06,
train,0,8.3e-07,
train,0,3.9e-06,
train,0,2.37e-06,
train,0,2e-06,
train,0,1.66e-06,
train,0,6.3e-07,
train,0,2.33e-06,
train,0,4.5e-07,
train,0,6.9e-06,
train,0,2.53e-06,
train,0,3.3e-06,
train,0,6.1e-06,
train,0,1.86e-06,
train,0,6.3e-07,
train,0,1.32e-06,
train,0,5.3e-06,
train,0,2.03e-06,
train,0,2.11e-06,
train,0,6.01e-06,
train,0,1.362e-05,
train,0,8.43e-06,
train,0,7.58e-06,
train,0,1.06e-06,
train,0,8.69e-06,
train,0,5.2e-07,
train,0,7.22e-06,
train,0,1.56e-06,
train,0,7.5e-07,
train,0,5e-07,
train,0,1.56e-06,
train,0,2.48e-06,
train,0,4.57e-06,
train,0,3.56e-06,
train,0,9.5e-07,
train,0,7.42e-06,
train,0,5.2e-07,
train,0,2.314e-05,
train,0,2.65e-06,
train,0,6.13e-06,
train,0,1.58e-06,
train,0,9.4e-07,
train,0,5.9e-07,
train,0,6.6e-07,
train,0,3.02e-06,
train,0,4.79e-06,
train,0,8.32e-06,
train,0,1.81e-06,
train,0,8.4e-07,
train,0,1.26e-06,
train,0,2.44e-06,
train,0,7.6e-07,
train,0,4.589e-05,
train,0,3.84e-06,
train,0,2.741e-05,
train,1,0.99177511,
train,0,4.4e-07,
train,0,9.15e-06,
train,0,1.26e-06,
train,0,4.744e-05,
train,0,1.186e-05,
train,0,3.643e-05,
train,0,4.5e-06,
train,0,4.88e-06,
train,0,2.599e-05,
train,0,4.63e-06,
train,0,1.141e-05,
train,0,4.669e-05,
train,0,1.128e-05,
train,0,3.09e-06,
train,0,1.66e-06,
train,0,0.17799625,
train,0,1.12e-06,
train,0,0.00043418,
train,0,2.29e-06,
train,0,2.78e-06,
train,0,1.35e-06,
train,0,1.33e-06,
train,0,1.82e-06,
train,0,3.19e-06,
train,0,3.49e-06,
train,0,2.88e-06,
train,0,2.77e-06,
train,0,6.47e-06,
train,0,6.4e-07,
train,0,2.54e-06,
train,0,1.25e-06,
train,0,7.6e-07,
train,0,1.07e-06,
train,0,4.84e-06,
train,0,3.19e-06,
train,0,3.48e-06,
train,0,9.2e-06,
train,0,2.7e-05,
train,0,1.027e-05,
train,0,2.237e-05,
train,0,6.85e-06,
train,0,6.87e-06,
train,0,3.36e-06,
train,0,5.857e-05,
train,0,6.02e-06,
train,0,2.85e-06,
train,0,5.25e-05,
train,0,8.2e-07,
train,0,1.29e-06,
train,0,1.03e-06,
train,0,0.00011189,
train,0,2.64e-06,
train,0,3.05e-06,
train,0,1.763e-05,
train,0,2.231e-05,
train,0,1.06e-06,
train,0,8.9e-07,
train,0,4.69e-06,
train,0,4.529e-05,
train,0,7.87e-06,
train,0,3.71e-06,
train,0,1.35e-06,
train,0,2.73e-06,
train,0,6.25e-06,
train,0,8.34e-06,
train,0,6.61e-06,
train,0,1.062e-05,
train,0,8.32e-06,
train,0,1.28e-06,
train,0,5.5e-06,
train,0,3.7e-06,
train,0,9.01e-06,
train,0,3.19e-06,
train,0,3.858e-05,
train,0,1e-06,
train,0,0.00020955,
train,0,6.3e-07,
train,0,5.87e-06,
train,0,7.4e-07,
train,0,3.97e-06,
train,0,6.9e-07,
train,0,3.38e-06,
train,0,9.02e-06,
train,0,4.45e-06,
train,0,2.28e-06,
train,0,5.8e-07,
train,0,9.84e-06,
train,0,1.51e-06,
train,0,1.61e-06,
train,0,2.26e-05,
train,0,8.79e-06,
train,0,1.15e-06,
train,0,1.3e-06,
train,0,3.87e-06,
train,0,5.98e-06,
train,0,2.34e-06,
train,0,1.47e-06,
train,0,2.574e-05,
train,0,1.52e-06,
train,0,8.83e-06,
train,0,7.2e-07,
train,0,9.4e-07,
train,0,1.59e-06,
train,0,9.26e-06,
train,0,5.7e-07,
train,0,3.044e-05,
train,0,6.8e-07,
train,0,8.9e-07,
train,0,0.00121965,
train,0,1.204e-05,
train,0,2.54e-06,
train,0,9.1e-07,
train,0,6e-07,
train,0,5.548e-05,
train,0,1.53e-06,
train,0,8.8e-07,
train,0,1.224e-05,
train,0,1.2e-06,
train,0,1.169e-05,
train,0,4.57e-06,
train,0,5e-06,
train,0,6.5e-07,
train,0,7.6e-07,
train,0,3.3e-06,
train,0,7.9e-07,
train,0,3.89e-06,
train,0,2.488e-05,
train,0,2.14e-06,
train,0,4.423e-05,
train,0,6.365e-05,
train,0,4.76e-06,
train,0,1.764e-05,
train,0,1.786e-05,
train,0,1.5e-06,
train,0,2.17e-06,
train,0,2.14e-06,
train,0,1.841e-05,
train,0,2.6e-06,
train,0,4.45e-06,
train,0,6.8e-07,
train,0,2.52e-06,
train,0,2.231e-05,
train,0,3.76e-06,
train,0,4.48e-06,
train,0,0.00036491,
train,0,3.26e-06,
train,0,2.47e-06,
train,0,1.32e-06,
train,0,1.15e-06,
train,0,1.59e-06,
train,0,6.8e-07,
train,0,2.16e-06,
train,0,1.17e-06,
train,0,2.88e-06,
train,0,2.34e-06,
train,0,8.24e-06,
train,0,7.7e-07,
train,0,2.23e-06,
train,0,1.174e-05,
train,0,1.61e-06,
train,0,1e-06,
train,0,1.87e-06,
train,0,6.32e-06,
train,0,0.00013776,
train,0,8.73e-06,
train,0,1.17e-06,
train,0,5.57e-06,
train,0,3.47e-06,
train,0,1.432e-05,
train,0,6.08e-06,
train,0,1.97e-06,
train,0,9.2e-07,
train,0,3.13e-06,
train,0,1.11e-06,
train,0,3.3e-06,
train,0,7.9e-07,
train,0,1.83e-06,
train,0,7.1e-07,
train,0,2.99e-06,
train,0,2.6e-06,
train,0,1.14e-06,
train,0,2.45e-06,
train,0,1.55e-06,
train,0,3.832e-05,
train,0,3e-06,
train,0,1.75e-06,
train,0,1.11e-06,
train,0,2.92e-06,
train,0,5.18e-06,
train,0,8.8e-07,
train,0,6.37e-06,
train,0,1.23e-06,
train,0,5.2e-07,
train,0,1.08e-06,
train,0,7.7e-07,
train,0,9.7e-07,
train,0,1.12e-06,
train,0,5.4e-07,
train,0,1.85e-06,
train,0,8.9e-07,
train,0,3.8e-07,
train,0,6.6e-07,
train,0,1.07e-06,
train,0,3.3e-07,
train,0,1.11e-06,
train,0,3.64e-06,
train,0,4.6e-07,
train,0,1.64e-06,
train,0,1.58e-06,
train,0,6.5e-07,
train,0,5.4e-07,
train,0,0.00042289,
train,0,7.3e-07,
train,0,9.8e-07,
train,0,8.7e-07,
train,0,6.8e-07,
train,0,1.14e-06,
train,0,4.9e-07,
train,0,1.93e-06,
train,0,1.15e-06,
train,0,1.24e-06,
train,0,4.05e-06,
train,0,7.6e-07,
train,0,2.23e-06,
train,0,0.00013968,
train,0,2.35e-06,
train,0,7.2e-07,
train,0,2.64e-06,
train,0,5.5e-07,
train,0,4.72e-06,
train,0,1.116e-05,
train,0,2.23e-06,
train,0,1.35e-06,
train,0,2.93e-06,
train,0,3.68e-06,
train,0,6.5e-07,
train,0,3.89e-06,
train,0,2.28e-06,
train,0,4e-07,
train,0,2.07e-06,
train,0,5.51e-06,
train,0,7.6e-07,
train,0,9.17e-06,
train,0,8.4e-07,
train,0,1.71e-06,
train,0,1.04e-06,
train,0,2.95e-06,
train,0,9.9e-07,
train,0,5.1e-07,
train,0,7e-07,
train,0,4.82e-06,
train,0,5.1e-07,
train,0,9.3e-07,
train,0,2.947e-05,
train,0,8.8e-07,
train,0,6e-07,
train,0,1.019e-05,
train,0,5.33e-06,
train,0,1.64e-06,
train,0,8.6e-07,
train,0,2.53e-06,
train,0,1.79e-06,
train,0,0.00059682,
train,0,7.61e-06,
train,0,1.24e-06,
train,0,7.49e-06,
train,0,7e-07,
train,0,2.628e-05,
train,0,0.00019842,
train,0,6.066e-05,
train,0,4.9e-07,
train,0,5.08e-06,
train,0,4.19e-06,
train,0,4.5e-06,
train,0,4.28e-06,
train,0,7.38e-06,
train,0,6.7e-07,
train,0,5.95e-06,
train,0,2.65e-06,
train,0,2.77e-06,
train,0,4.138e-05,
train,0,5.2e-06,
train,0,1.09e-06,
train,0,1.071e-05,
train,0,4.7e-06,
train,0,9.9e-07,
train,0,1.24e-06,
train,0,7.3e-07,
train,0,1.41e-06,
train,0,1.32e-06,
train,0,1.88e-06,
train,0,1.77e-06,
train,0,2.32e-06,
train,0,7.9e-07,
train,0,1.13e-06,
train,0,3.71e-06,
train,0,5e-05,
train,0,4.62e-06,
train,0,4.68e-06,
train,0,7.3e-07,
train,0,8.89e-06,
train,0,1.37e-06,
train,0,1.77e-06,
train,0,1.109e-05,
train,0,6.57e-06,
train,0,2.56e-06,
train,0,4.74e-06,
train,0,4.9e-07,
train,0,2.49e-06,
train,0,0.00049401,
train,0,0.00059536,
train,0,1.52e-06,
train,0,1.05e-06,
train,0,2.68e-06,
train,0,7.11e-06,
train,0,8e-07,
train,0,3.7e-06,
train,0,2.99e-06,
train,0,7.5e-07,
train,0,5.85e-06,
train,0,1.39e-06,
train,0,3.31e-06,
train,0,1.15e-06,
train,0,6.2e-07,
train,0,4.4e-07,
train,0,7.5e-07,
train,0,3.77e-06,
train,0,3.93e-06,
train,0,6.8e-07,
train,0,5.3e-07,
train,0,1e-06,
train,0,2.348e-05,
train,0,3.92e-06,
train,0,7.4e-07,
train,0,1.45e-06,
train,0,3.12e-06,
train,0,2.47e-06,
train,0,0.09362848,
train,0,1.344e-05,
train,0,8.8e-07,
train,0,3.06e-06,
train,0,5.63e-06,
train,0,1.44e-06,
train,0,9.72e-06,
train,0,4.84e-06,
train,0,1.974e-05,
train,0,3.03e-06,
train,0,1.73e-06,
train,0,5.16e-06,
train,0,9.4e-07,
train,0,8.58e-06,
train,0,1.55e-06,
train,0,1.88e-06,
train,0,3.57e-06,
train,0,2.55e-06,
train,0,1.265e-05,
train,0,2.55e-06,
train,0,8.2e-07,
train,0,1.93e-06,
train,0,7.92e-06,
train,0,5.06e-06,
train,0,3e-06,
train,0,9.2e-07,
train,0,7.92e-06,
train,0,1.283e-05,
train,0,1.34e-06,
train,0,1.8e-06,
train,0,1.565e-05,
train,0,8.9e-06,
train,0,1.055e-05,
train,0,8.7e-07,
train,0,6.4e-07,
train,0,1.003e-05,
train,0,4.04e-06,
train,0,4.74e-06,
train,0,2.74e-06,
train,0,2.8e-06,
train,0,2.2e-06,
train,0,7.5e-07,
train,0,3.89e-06,
train,0,8.2e-07,
train,0,9.064e-05,
train,0,5.4e-07,
train,0,9.77e-06,
train,0,7e-07,
train,0,2.26e-06,
train,0,1.18e-06,
train,0,8.2e-07,
train,0,4.84e-06,
train,0,1.39e-06,
train,0,6.2e-07,
train,0,5.4e-07,
train,0,2.46e-06,
train,0,0.00013838,
train,0,3.119e-05,
train,0,1.75e-05,
train,0,1.59e-06,
train,0,1.81e-06,
train,0,2.31e-06,
train,0,2.18e-06,
train,0,6.57e-06,
train,0,1.28e-06,
train,0,2.367e-05,
train,0,1.37e-06,
train,0,1.04e-06,
train,0,6.84e-06,
train,0,3.02e-06,
train,0,6.9e-07,
train,0,1.13e-06,
train,0,1.445e-05,
train,0,1.02e-06,
train,0,5.8e-07,
train,0,2.76e-06,
train,0,1.45e-06,
train,0,6.9e-07,
train,0,0.0003297,
train,0,2.14e-06,
train,0,1.272e-05,
train,0,2.96e-06,
train,0,7.01e-06,
train,0,3.19e-06,
train,0,1.83e-06,
train,0,2.26e-06,
train,0,4.25e-06,
train,0,4.7e-07,
train,0,2.7e-06,
train,0,6.9e-07,
train,0,9.19e-06,
train,0,3.47e-06,
train,0,1.66e-06,
train,0,4.3e-06,
train,0,3.12e-06,
train,0,1.16e-06,
train,0,8.23e-06,
train,0,2.77e-06,
train,0,9.3e-07,
train,0,3.98e-06,
train,0,0.000131,
train,0,1.27e-06,
train,0,2.16e-06,
train,0,6.4e-07,
train,0,1.211e-05,
train,0,3.05e-06,
train,0,1e-06,
train,0,6.82e-06,
train,0,1.15e-06,
train,0,1.58e-06,
train,0,1.5e-06,
train,0,9.3e-07,
train,0,1.018e-05,
train,0,1.21e-06,
train,0,2.199e-05,
train,0,1.25e-06,
train,0,2.76e-06,
train,0,2.11e-06,
train,0,2.53e-06,
train,0,1.49e-06,
train,0,5.8e-07,
train,0,3.871e-05,
train,0,2.05e-05,
train,0,1.85e-06,
train,0,1.13e-06,
train,0,9.07e-06,
train,0,2.01e-06,
train,0,2.36e-06,
train,0,9.5e-07,
train,0,1.37e-06,
train,0,5.8e-07,
train,0,8.52e-06,
train,0,9.55e-06,
train,0,1.24e-06,
train,0,1.12e-06,
train,0,4.2e-07,
train,0,6.9e-07,
train,0,5.4e-07,
train,0,6e-07,
train,0,7.1e-07,
train,0,1.52e-06,
train,0,2e-06,
train,0,3.6e-07,
train,0,6.6e-07,
train,0,6.8e-07,
train,0,4.7e-07,
train,0,8e-07,
train,0,5.8e-07,
train,0,1.04e-06,
train,0,9.1e-07,
train,0,9.5e-07,
train,0,1.527e-05,
train,0,5e-07,
train,0,3.25e-06,
train,0,1.77e-06,
train,0,5.57e-06,
train,0,1.51e-06,
train,0,2.02e-06,
train,0,7.1e-07,
train,0,3.19e-06,
train,0,4.7e-07,
train,0,3.72e-06,
train,0,8.5e-07,
train,0,7.4e-07,
train,0,1.43e-06,
train,0,1.692e-05,
train,0,1.52e-06,
train,0,8.6e-07,
train,0,7.22e-06,
train,0,1.15e-06,
train,0,7.4e-07,
train,0,6.6e-07,
train,0,1.09e-06,
train,0,1.25e-06,
train,0,2.03e-06,
train,0,7.6e-07,
train,0,1.17e-06,
train,0,1.03e-06,
train,0,4.4e-07,
train,0,1.49e-06,
train,0,1.23e-06,
train,0,9.6e-07,
train,0,5.6e-07,
train,0,6.36e-06,
train,0,8.1e-07,
train,0,1.38e-06,
train,0,7.1e-07,
train,0,1.16e-06,
train,0,3.43e-06,
train,0,5.46e-06,
train,0,4.8e-07,
train,0,2.34e-06,
train,0,1.13e-06,
train,0,1.262e-05,
train,0,5.3e-07,
train,0,1.59e-06,
train,0,5.76e-06,
train,0,2.6e-06,
train,0,5.825e-05,
train,0,1.13e-06,
train,0,3.08e-06,
train,0,1.74e-06,
train,0,4.31e-06,
train,0,3.377e-05,
train,0,1.58e-06,
train,0,5.8e-07,
train,0,1.05e-06,
train,0,4.2e-07,
train,0,1.76e-06,
train,0,5.7e-07,
train,0,9.9e-07,
train,0,1.61e-06,
train,0,1.629e-05,
train,0,1.7e-06,
train,0,1.95e-06,
train,0,3.881e-05,
train,0,8.1e-07,
train,0,3.54e-06,
train,0,4.8e-07,
train,0,1.11e-06,
train,0,2.44e-06,
train,0,2.15e-06,
train,0,2.25e-06,
train,0,3.467e-05,
train,0,6.1e-07,
train,0,1.4e-06,
train,0,1.08e-06,
train,0,7.22e-06,
train,1,0.99963399,
train,0,3.81e-06,
train,0,6.05e-06,
train,0,1.61e-06,
train,0,6.3e-07,
train,0,3.59e-06,
train,0,3.73e-06,
train,0,1.03e-06,
train,0,3.55e-06,
train,0,7.5e-07,
train,0,5.56e-06,
train,0,2.16e-06,
train,0,1.66e-06,
train,0,9.51e-06,
train,0,1.19e-06,
train,0,5.1e-06,
train,0,1.034e-05,
train,0,7.4e-07,
train,0,3.28e-06,
train,0,1.05e-05,
train,0,5.3e-07,
train,0,2.2e-06,
train,0,9.78e-06,
train,0,6.18e-06,
train,0,1.58e-06,
train,0,9.3e-07,
train,0,3.79e-06,
train,0,1.263e-05,
train,0,6e-07,
train,0,1.28e-06,
train,0,0.01037756,
train,0,1.53e-06,
train,0,1.22e-05,
train,0,1.458e-05,
train,0,1.18e-06,
train,0,7e-07,
train,0,1.13e-06,
train,0,0.00025174,
train,0,2.52e-06,
train,0,1.61e-06,
train,0,1.36e-06,
train,0,2.612e-05,
train,0,1.21e-06,
train,0,1.16e-06,
train,0,2.183e-05,
train,0,2.33e-06,
train,0,9.7e-07,
train,0,1.62e-06,
train,0,7.7e-06,
train,0,1.73e-06,
train,0,4.13e-06,
train,0,1.138e-05,
train,0,8.2e-07,
train,0,3.26e-06,
train,0,2.61e-06,
train,0,5.18e-06,
train,0,2.142e-05,
train,0,6.1e-07,
train,0,5.7e-07,
train,0,1.33e-06,
train,0,2.18e-06,
train,0,1.66e-06,
train,0,8.7e-07,
train,0,9.8e-07,
train,0,1.36e-06,
train,0,4.5e-06,
train,0,1.004e-05,
train,0,8.6e-07,
train,0,2.16e-06,
train,0,3.58e-06,
train,0,8.61e-06,
train,0,5.87e-06,
train,0,2.167e-05,
train,0,3.39e-06,
train,0,1.17e-06,
train,0,1.82e-06,
train,0,9.17e-06,
train,0,2.1e-06,
train,0,1.11e-06,
train,0,5.5e-07,
train,0,8.27e-06,
train,0,1.93e-06,
train,0,1.48e-06,
train,0,3.05e-06,
train,0,1.31e-06,
train,0,1.824e-05,
train,0,8.9e-07,
train,0,7.1e-07,
train,0,3.55e-06,
train,0,1.04e-06,
train,0,8.16e-06,
train,0,4.52e-06,
train,0,1.27e-06,
train,0,9.7e-07,
train,0,2.69e-06,
train,0,3.05e-06,
train,0,4.01e-06,
train,0,1.34e-06,
train,0,1.07e-06,
train,0,1.19e-06,
train,0,5.98e-06,
train,0,3.63e-06,
train,0,2.4e-06,
train,0,3.53e-06,
train,0,7.31e-06,
train,0,1.77e-06,
train,0,1.36e-06,
train,0,2.89e-06,
train,0,9.83e-06,
train,0,8e-07,
train,0,1.156e-05,
train,0,2.75e-06,
train,0,1.3e-06,
train,0,5.6e-06,
train,0,1.39e-06,
train,0,4.75e-06,
train,0,3.15e-06,
train,0,1.53e-06,
train,0,0.00120462,
train,0,7.4e-07,
train,0,3.55e-06,
train,0,7.5e-07,
train,0,7.7e-07,
train,0,7.5e-07,
train,0,1.07e-06,
train,0,1.256e-05,
train,0,1.56e-06,
train,0,1.63e-06,
train,0,8.29e-06,
train,0,8.25e-06,
train,0,7.28e-06,
train,0,9.2e-07,
train,0,6.3e-07,
train,0,4.3e-07,
train,0,1e-06,
train,0,4.63e-06,
train,0,7.9e-07,
train,0,1.64e-06,
train,0,8.9e-07,
train,0,6.7e-07,
train,0,1.44e-06,
train,0,2.53e-06,
train,0,3.88e-06,
train,0,6.6e-07,
train,0,1.16e-06,
train,0,6.4e-07,
train,0,9.7e-07,
train,0,3.26e-06,
train,0,9.2e-07,
train,0,3.4e-07,
train,0,1.42e-06,
train,0,2.95e-06,
train,0,6.77e-06,
train,0,1.699e-05,
train,0,1.57e-06,
train,0,5.1e-07,
train,0,2.751e-05,
train,0,1.44e-06,
train,0,1.16e-06,
train,0,2.7e-06,
train,0,9.6e-07,
train,0,7.5e-07,
train,0,3.73e-06,
train,0,2.64e-06,
train,0,3.23e-06,
train,0,1.87e-06,
train,0,5.13e-06,
train,0,3.13e-06,
train,0,1e-06,
train,0,1.325e-05,
train,0,1.93e-06,
train,0,0.00013247,
train,0,4.17e-06,
train,0,4.18e-06,
train,0,3.45e-06,
train,0,5.31e-06,
train,0,1.252e-05,
train,0,1.06e-06,
train,0,3.777e-05,
train,0,1.75e-06,
train,0,2.24e-06,
train,0,6.9e-07,
train,0,1.1e-06,
train,0,1.98e-06,
train,0,3.73e-06,
train,0,1.48e-06,
train,0,1.96e-06,
train,0,0.01058279,
train,0,6.6e-07,
train,0,1.74e-06,
train,0,1.71e-06,
train,0,1.005e-05,
train,0,1.39e-06,
train,0,1.24e-06,
train,0,1.18e-06,
train,0,7e-07,
train,0,5.4e-07,
train,0,2.02e-06,
train,0,8.4e-07,
train,0,0.12192894,
train,0,2.7e-06,
train,0,1.37e-06,
train,0,9.93e-06,
train,0,2.02e-06,
train,0,4.84e-06,
train,0,1.94e-06,
train,0,1.056e-05,
train,0,1.07e-06,
train,0,9.5e-07,
train,0,1.23e-06,
train,1,0.99671046,
train,0,3.976e-05,
train,1,0.9997962,
train,0,3.04e-06,
train,1,0.99988175,
train,0,1.412e-05,
train,0,1.78e-06,
train,0,1.68e-06,
train,0,4.14e-06,
train,1,0.99988087,
train,0,6.86e-06,
train,0,3.14e-06,
train,1,0.99988035,
train,0,6.53e-06,
train,0,1.5e-06,
train,0,2.45e-06,
train,0,3.98e-06,
train,1,0.99987316,
train,0,4.567e-05,
train,0,1.1e-06,
train,0,1.76e-06,
train,0,2.43e-06,
train,0,3.83e-06,
train,0,2.14e-06,
train,0,2.067e-05,
train,0,1.65e-06,
train,0,2.67e-06,
train,0,5.5e-07,
train,0,5.25e-06,
train,0,3.07e-06,
train,0,4.627e-05,
train,0,5.4e-06,
train,0,1.85e-06,
train,0,1.08e-06,
train,0,3.74e-06,
train,0,7.31e-06,
train,0,0.00114549,
train,0,8.63e-06,
train,0,1.79e-06,
train,0,5.31e-06,
train,0,1.719e-05,
train,0,0.00044068,
train,0,1.27e-06,
train,0,2.12e-05,
train,0,2.21e-06,
train,0,6.94e-06,
train,0,3.43e-06,
train,0,9.88e-06,
train,0,2.17e-06,
train,0,3.75e-06,
train,0,3.75e-06,
train,0,9.735e-05,
train,0,6.6e-07,
train,0,3.73e-06,
train,0,4.85e-06,
train,0,3.101e-05,
train,0,2.18e-06,
train,0,6.05e-06,
train,0,2.526e-05,
train,0,2.21e-06,
train,0,5.35e-06,
train,0,0.00572796,
train,0,3.85e-06,
train,0,2.51e-06,
train,0,7.7e-07,
train,0,7.57e-06,
train,0,1.83e-06,
train,0,2.1e-06,
train,0,0.00036845,
train,0,1.61e-06,
train,0,0.00110958,
train,0,3.667e-05,
train,0,1.731e-05,
train,0,7.82e-06,
train,0,2.59e-06,
train,0,2.61e-05,
train,0,8.9e-07,
train,0,5.329e-05,
train,0,5.791e-05,
train,1,0.9937605,
train,0,9.4e-07,
train,0,3.15e-06,
train,0,2.14e-06,
train,0,8.8e-07,
train,0,5.68e-06,
train,0,1.26e-06,
train,0,1.03e-06,
train,0,1.342e-05,
train,0,0.00015683,
train,0,1.48e-06,
train,0,1.02e-06,
train,0,6.53e-06,
train,0,1.129e-05,
train,0,1.018e-05,
train,0,0.00030303,
train,0,1.005e-05,
train,0,3.1e-06,
train,0,1.17e-06,
train,1,0.9996484,
train,0,1.12e-06,
train,0,1.15e-06,
train,0,6.75e-06,
train,0,6.1e-07,
train,0,4.45e-06,
train,0,2.788e-05,
train,0,2.52e-06,
train,0,1.227e-05,
train,0,9.5e-07,
train,0,0.00475195,
train,1,0.9976252,
train,0,6.1e-07,
train,1,0.98948559,
train,0,6.99e-06,
train,0,8.4e-07,
train,0,4.59e-06,
train,0,1.57e-06,
train,0,2.67e-06,
train,0,0.00023437,
train,0,5.73e-06,
train,0,9.2e-07,
train,0,1.81e-06,
train,0,4.41e-06,
train,0,1.33e-06,
train,0,2.6e-06,
train,0,7.6e-07,
train,0,1.86e-06,
train,0,1.678e-05,
train,0,2.47e-06,
train,0,1.48e-05,
train,0,1.63e-06,
train,0,3.57e-06,
train,0,1.45e-06,
train,1,0.99856791,
train,0,1.505e-05,
train,0,1.28e-06,
train,0,1.27e-06,
train,1,0.99968815,
train,0,3.15e-06,
train,0,0.01032758,
train,0,1.4e-06,
train,0,1.03e-06,
train,1,0.99987658,
train,0,1.294e-05,
train,0,8.24e-06,
train,0,1.236e-05,
train,0,1.09e-06,
train,0,1.91e-06,
train,0,2.07e-06,
train,0,8.35e-06,
train,0,2.19e-06,
train,0,2.58e-06,
train,0,6.52e-06,
train,0,7.89e-06,
train,0,7.71e-06,
train,0,1.28e-05,
train,0,0.00054756,
train,0,9.8e-07,
train,0,1.71e-06,
train,0,1.35e-06,
train,0,1.33e-06,
train,0,1.27e-06,
train,0,8.7e-07,
train,0,1.08e-06,
train,0,2.693e-05,
train,0,7.11e-06,
train,0,1.37e-06,
train,0,2.18e-06,
train,0,1.71e-06,
train,0,2.36e-06,
train,0,8.7e-07,
train,0,2.03e-06,
train,0,1.26e-06,
train,0,2.63e-06,
train,0,1.277e-05,
train,0,7.27e-06,
train,0,1.26e-06,
train,0,1.34e-06,
train,0,1.56e-06,
train,0,3.15e-06,
train,0,1.91e-06,
train,0,7.15e-06,
train,0,1.75e-06,
train,0,2.97e-06,
train,0,8.9e-07,
train,0,2.08e-06,
train,0,2.12e-06,
train,0,4.5e-07,
train,0,4.585e-05,
train,0,3.9e-06,
train,0,2.77e-06,
train,0,7.6e-07,
train,0,1.264e-05,
train,0,9.6e-07,
train,0,8.26e-06,
train,0,7.8e-07,
train,0,1.08e-06,
train,0,9.9e-07,
train,0,0.00038121,
train,0,4.85e-06,
train,0,5e-07,
train,0,8.6e-07,
train,0,3.6e-07,
train,0,4.1e-07,
train,0,4.8e-07,
train,0,6.8e-07,
train,0,8.513e-05,
train,0,8.4e-07,
train,0,8.4e-07,
train,0,6.746e-05,
train,0,3.79e-06,
train,0,8.9e-07,
train,0,1.12e-06,
train,0,0.0025069,
train,0,2.09e-06,
train,0,1.268e-05,
train,0,9.9e-07,
train,0,1.27e-06,
train,0,3.6e-07,
train,0,1.389e-05,
train,0,2.179e-05,
train,0,3.13e-06,
train,0,1.11e-06,
train,0,1.15e-06,
train,0,6.31e-06,
train,0,4.7e-07,
train,0,6.3e-07,
train,0,3.87e-06,
train,0,7.1e-07,
train,0,1.843e-05,
train,0,1.8e-06,
train,0,6.2e-07,
train,0,2.58e-06,
train,0,2.64e-06,
train,0,7.464e-05,
train,0,1.78e-06,
train,0,6.77e-06,
train,0,6.4e-07,
train,0,1.01e-06,
train,0,5.8e-07,
train,0,9.1e-07,
train,0,1.25e-06,
train,0,8.4e-07,
train,0,4.4e-07,
train,0,2.95e-06,
train,0,3.01e-06,
train,0,4.09e-06,
train,0,6.1e-07,
train,0,1.71e-06,
train,0,5.21e-06,
train,0,2.03e-06,
train,0,7.1e-07,
train,0,1.21e-06,
train,0,1.22e-06,
train,0,1.282e-05,
train,1,0.99909862,
train,0,1.1e-06,
train,0,8.2e-07,
train,0,1.09e-06,
train,0,1.92e-06,
train,0,6.1e-07,
train,0,8.34e-06,
train,0,3.415e-05,
train,0,4.245e-05,
train,0,1.918e-05,
train,0,1.73e-06,
train,0,1.958e-05,
train,0,2.22e-06,
train,0,9.9e-07,
train,0,0.00018171,
train,0,7.1e-07,
train,0,2.79e-06,
train,0,4.12e-06,
train,0,0.00010391,
train,0,0.00052221,
train,0,2.263e-05,
train,0,6.8e-07,
train,0,1.04e-06,
train,0,2.29e-06,
train,0,3.76e-06,
train,0,1.33e-06,
train,0,2.532e-05,
train,0,6.2e-06,
train,0,1.837e-05,
train,0,2.52e-06,
train,0,1.95e-06,
train,0,8e-07,
train,0,2.73e-06,
train,0,1.928e-05,
train,0,1.35e-06,
train,0,1.81e-06,
train,0,8.35e-06,
train,0,2.01e-06,
train,0,2.56e-06,
train,0,1.84e-06,
train,0,2.843e-05,
train,0,0.00010057,
train,0,9.9e-07,
train,0,1.04e-06,
train,0,1.104e-05,
train,0,2.62e-06,
train,0,3.17e-06,
train,0,3.61e-06,
train,0,8.75e-06,
train,0,3.14e-06,
train,0,2.315e-05,
train,0,2.632e-05,
train,0,6.9e-07,
train,0,7.92e-06,
train,0,9.6e-07,
train,0,5.926e-05,
train,0,2.11e-06,
train,0,3.45e-06,
train,0,3.39e-05,
train,0,9.07e-06,
train,0,2.95e-06,
train,0,8.9e-07,
train,0,2.61e-06,
train,0,2.79e-06,
train,0,5.39e-06,
train,0,9.2e-07,
train,0,7.6e-07,
train,0,7.7e-07,
train,0,1.6e-06,
train,1,0.99861993,
train,0,9.3e-07,
train,0,3.79e-06,
train,0,5.9e-07,
train,0,1.35e-06,
train,0,1.836e-05,
train,0,3.5e-06,
train,0,1.07e-06,
train,0,2.72e-05,
train,0,1.55e-06,
train,0,3.3e-06,
train,0,7.9e-07,
train,0,2.071e-05,
train,0,5.493e-05,
train,0,1.89e-05,
train,0,3.37e-06,
train,0,3.67e-06,
train,0,5.08e-06,
train,0,3.361e-05,
train,0,1.489e-05,
train,0,1.48e-06,
train,1,0.99860503,
train,0,0.00013778,
train,0,2.01e-06,
train,0,7.43e-06,
train,0,4.5e-07,
train,0,4.24e-06,
train,0,1.93e-06,
train,0,4.02e-06,
train,0,1.437e-05,
train,0,7.36e-06,
train,0,1.12e-06,
train,0,8.5e-07,
train,0,2.12e-06,
train,1,0.99914357,
train,0,3.052e-05,
train,0,1.05e-06,
train,0,1.85e-06,
train,0,1.47e-06,
train,1,0.99979812,
train,0,6.9e-07,
train,0,1.65e-06,
train,0,3.89e-06,
train,0,1.51e-06,
train,0,8.8e-07,
train,0,4.05e-06,
train,0,3.8e-07,
train,0,4.67e-06,
train,0,5.02e-06,
train,0,7.8e-07,
train,0,2.397e-05,
train,0,8.18e-06,
train,0,3.77e-06,
train,0,5.8e-06,
train,0,1.258e-05,
train,0,2.93e-06,
train,0,6.753e-05,
train,0,4.23e-06,
train,0,2.42e-06,
train,0,2.8e-06,
train,0,1.46e-06,
train,0,4.94e-06,
train,0,4.45e-06,
train,0,1.795e-05,
train,0,1.16e-06,
train,0,8.868e-05,
train,0,0.00013461,
train,0,3.2e-06,
train,0,2.58e-06,
train,0,1.226e-05,
train,0,2.16e-06,
train,0,9.3e-07,
train,0,5.4e-06,
train,0,6.87e-06,
train,0,5.28e-06,
train,0,6.59e-06,
train,0,5.55e-06,
train,0,0.08185487,
train,1,0.99923568,
train,1,0.99978537,
train,0,3.69e-06,
train,1,0.99873954,
train,0,2.44e-06,
train,0,2.78e-06,
train,0,1.99e-06,
train,0,2.87e-06,
train,1,0.99979394,
train,0,1.13e-06,
train,0,3.054e-05,
train,0,3.02e-06,
train,1,0.99971483,
train,1,0.99988324,
train,0,8.1e-07,
train,0,2.43e-06,
train,0,9.1e-07,
train,0,6.39e-05,
train,1,0.99987481,
train,0,3.461e-05,
train,0,0.00019705,
train,0,5.79e-06,
train,0,1.104e-05,
train,0,9.5e-06,
train,0,6.8e-07,
train,0,5.94e-06,
train,0,1.85e-06,
train,0,2.45e-06,
train,1,0.99987425,
train,0,1.06e-06,
train,0,1.84e-06,
train,0,5.72e-06,
train,1,0.99962591,
train,0,3.239e-05,
train,0,4.35e-06,
train,0,0.00012409,
train,0,2.878e-05,
train,0,8.1e-07,
train,0,0.00014123,
train,0,1.79e-06,
train,0,3.67e-06,
train,0,9.6e-07,
train,0,1.727e-05,
train,0,1.229e-05,
train,0,6.64e-06,
train,0,1.986e-05,
train,0,2.71e-06,
train,0,5.3e-07,
train,0,6.74e-06,
train,0,1.299e-05,
train,0,6.3e-07,
train,0,3.41e-06,
train,0,1.34e-06,
train,0,6.76e-06,
train,0,5.18e-06,
train,0,1.13e-06,
train,0,8.1e-07,
train,0,1.54e-06,
train,0,2.66e-06,
train,0,1.29e-06,
train,0,1.21e-05,
train,1,0.99942718,
train,1,0.99983583,
train,0,1.16e-06,
train,1,0.99976181,
train,0,2.29e-06,
train,1,0.99982075,
train,0,3.11e-06,
train,0,1.17e-06,
train,0,6.96e-06,
train,1,0.99970708,
train,0,1.089e-05,
train,0,1.289e-05,
train,0,5.62e-06,
train,0,1.31e-06,
train,0,3.54e-06,
train,0,3.06e-06,
train,0,4.73e-06,
train,0,1.44e-06,
train,0,2.061e-05,
train,0,2.49e-06,
train,0,4.1e-06,
train,0,5.34e-06,
train,0,0.0001094,
train,0,1.06e-06,
train,0,2.52e-06,
train,0,2.85e-06,
train,0,2.202e-05,
train,0,7.9e-07,
train,0,2e-06,
train,0,2.84e-06,
train,0,2.38e-06,
train,0,2.718e-05,
train,0,7.2e-07,
train,0,0.00014481,
train,0,2.62e-06,
train,0,9.1e-07,
train,0,3.026e-05,
train,0,9.6e-07,
train,0,6.6e-07,
train,0,3.43e-06,
train,0,3.3e-06,
train,0,4.53e-06,
train,0,1.033e-05,
train,0,6.99e-06,
train,0,1.64e-06,
train,0,5.22e-06,
train,0,3.64e-06,
train,0,5.7e-07,
train,0,1.65e-06,
train,0,1.284e-05,
train,0,7.9e-07,
train,0,2.51e-06,
train,0,1.54e-06,
train,0,1.118e-05,
train,0,9.7e-07,
train,0,1.66e-06,
train,0,6.8e-07,
train,0,3.4e-07,
train,0,8e-07,
train,0,1.08e-06,
train,0,1.72e-06,
train,0,1.66e-06,
train,0,4.83e-06,
train,0,3.81e-06,
train,0,2.04e-06,
train,0,3.57e-06,
train,0,1.11e-06,
train,0,2.98e-06,
train,0,1.23e-06,
train,0,5.3e-07,
train,0,5.12e-06,
train,0,4.8e-07,
train,0,6.6e-07,
train,0,1.01e-06,
train,0,6.7e-07,
train,0,3.5e-07,
train,0,5e-07,
train,0,3.7e-07,
train,0,2.741e-05,
train,0,1.96e-06,
train,0,4.1e-07,
train,0,0.00318577,
train,0,2.39e-05,
train,0,7.6e-07,
train,0,3.5e-07,
train,0,1.25e-05,
train,0,6.9e-07,
train,0,7.2e-07,
train,0,8.76e-06,
train,0,7.31e-06,
train,0,5.1e-07,
train,0,1.7e-06,
train,0,2.28e-06,
train,0,6.2e-07,
train,0,4.2e-07,
train,0,5.8e-07,
train,0,1.812e-05,
train,0,5.14e-06,
train,0,9.5e-07,
train,0,1.12e-06,
train,0,1.24e-06,
train,0,1.09e-06,
train,0,1.13e-06,
train,0,8e-07,
train,0,1.65e-06,
train,0,7.21e-06,
train,0,1.41e-06,
train,0,1.413e-05,
train,0,6.2e-07,
train,0,8.8e-07,
train,0,3.58e-06,
train,0,2e-06,
train,0,7.9e-07,
train,0,2.62e-06,
train,0,2.44e-06,
train,0,1.88e-06,
train,0,1.483e-05,
train,0,2.04e-06,
train,0,1.766e-05,
train,0,1.96e-06,
train,0,3.7e-07,
train,0,1.89e-05,
train,0,1.08e-06,
train,0,9.4e-07,
train,0,1.56e-06,
train,0,3.74e-06,
train,0,6.05e-06,
train,0,1.239e-05,
train,0,1.38e-06,
train,0,1.81e-06,
train,0,5.1e-07,
train,0,2.65e-05,
train,0,1.04e-06,
train,0,1.268e-05,
train,0,2.38e-06,
train,0,0.00031936,
train,0,8.2e-07,
train,0,9.94e-06,
train,0,1.39e-06,
train,0,5.8e-07,
train,0,1.12e-05,
train,0,9.5e-07,
train,0,4.2e-06,
train,0,7e-07,
train,0,8.452e-05,
train,0,3.01e-06,
train,0,1.22e-06,
train,0,0.00103511,
train,0,8.5e-07,
train,0,1.22e-06,
train,0,6.96e-06,
train,0,1.56e-06,
train,0,6.13e-06,
train,0,7.1e-07,
train,0,4.29e-06,
train,0,4e-07,
train,0,3.15e-06,
train,0,9.5e-07,
train,0,2.26e-06,
train,0,1.41e-06,
train,0,6.3e-06,
train,0,6.8e-07,
train,0,2.64e-06,
train,0,3.54e-05,
train,0,3.95e-06,
train,0,7.7e-07,
train,0,4.63e-06,
train,0,1.05e-06,
train,0,1.923e-05,
train,0,8.4e-07,
train,0,1.07e-06,
train,0,0.0001626,
train,0,0.00035303,
train,0,4.9e-07,
train,0,2.18e-06,
train,0,1.35e-06,
train,0,1.28e-06,
train,0,3.48e-06,
train,0,3.46e-06,
train,0,1.1e-06,
train,0,1.02e-06,
train,0,9.2e-07,
train,0,0.0473762,
train,0,6.58e-06,
train,0,2.38e-05,
train,0,3.65e-06,
train,0,1.282e-05,
train,1,0.99941172,
train,0,2.8e-06,
train,0,3.23e-06,
train,0,4.439e-05,
train,0,2.43e-06,
train,0,2.16e-06,
train,0,1.84e-06,
train,0,1.236e-05,
train,0,1.14e-06,
train,0,4.07e-05,
train,0,1.36e-06,
train,0,1.51e-06,
train,0,6.02e-06,
train,0,5.68e-06,
train,0,3.41e-06,
train,0,8.871e-05,
train,0,3.7e-07,
train,0,7.3e-07,
train,0,5.14e-06,
train,0,6.81e-06,
train,0,1.14e-06,
train,0,1.17e-06,
train,0,0.42202907,
train,0,7.705e-05,
train,1,0.99684876,
train,0,1.43e-06,
train,0,5.3e-07,
train,1,0.99983001,
train,1,0.99986694,
train,0,1.194e-05,
train,0,3.97e-06,
train,1,0.99987338,
train,0,2.43e-06,
train,0,2.99e-06,
train,0,0.00141719,
train,0,3.55e-06,
train,0,1.587e-05,
train,0,0.00077504,
train,0,0.00011867,
train,0,3.501e-05,
train,0,1.67e-06,
train,0,3.09e-06,
train,0,6.88e-06,
train,0,4.4e-06,
train,0,8.176e-05,
train,0,3.71e-06,
train,0,2.041e-05,
train,0,5.86e-06,
train,1,0.9985455,
train,0,1.74e-06,
train,0,2.75e-06,
train,1,0.99981403,
train,1,0.99962577,
train,1,0.99986299,
train,1,0.99974062,
train,1,0.99987052,
train,0,4.307e-05,
train,0,1.17e-06,
train,0,1.74e-06,
train,0,2.04e-06,
train,0,1.5e-06,
train,0,1.45e-06,
train,0,5.09e-06,
train,0,1.15e-06,
train,0,1.49e-06,
train,0,1.023e-05,
train,0,4.237e-05,
train,0,7.3e-07,
train,0,4.25e-06,
train,0,1.204e-05,
train,0,0.00080058,
train,0,4.78e-06,
train,0,2.17e-06,
train,0,1.281e-05,
train,0,2.392e-05,
train,1,0.99892739,
train,0,1.588e-05,
train,0,7.5e-07,
train,0,0.00109628,
train,0,1.95e-06,
train,0,4.82e-06,
train,0,1.66e-06,
train,0,0.00022822,
train,0,1.21e-06,
train,0,9.46e-06,
train,0,6.42e-06,
train,0,2e-06,
train,0,1.949e-05,
train,0,6.74e-06,
train,0,6.38e-06,
train,0,6.2e-07,
train,0,5.18e-06,
train,0,8.41e-06,
train,0,3.6e-06,
train,0,7.8e-07,
train,0,0.05179466,
train,0,1.3e-06,
train,0,1.99e-06,
train,0,8.1e-07,
train,0,1.6e-06,
train,0,4.5e-07,
train,0,5e-06,
train,0,1.36e-06,
train,0,1.39e-06,
train,0,4.77e-06,
train,0,5.749e-05,
train,0,2.99e-06,
train,0,1.05e-06,
train,0,2.38e-06,
train,0,8.72e-06,
train,0,3.24e-06,
train,0,7.258e-05,
train,0,3.21e-06,
train,0,8.36e-06,
train,0,1.21e-06,
train,0,6.22e-06,
train,0,4.03e-06,
train,0,2.39e-06,
train,0,2.97e-06,
train,0,8.78e-06,
train,0,1.25e-06,
train,0,1.12e-05,
train,0,1.48e-06,
train,0,6.06e-06,
train,0,1.49e-06,
train,0,7.4e-07,
train,0,3.21e-06,
train,0,2.499e-05,
train,0,1.95e-06,
train,0,2.81e-06,
train,0,5.54e-06,
train,0,1.33e-06,
train,0,6.35e-06,
train,0,7.67e-06,
train,0,1.046e-05,
train,0,2.63e-06,
train,0,8.1e-07,
train,0,3.5e-06,
train,0,1.29e-06,
train,0,1.11e-06,
train,0,5.4e-07,
train,0,1.24e-06,
train,0,5e-07,
train,0,9e-07,
train,0,5.5e-07,
train,0,1.16e-06,
train,0,1.73e-06,
train,0,8.3e-07,
train,0,3.5e-07,
train,0,3.4e-07,
train,0,1.88e-06,
train,0,4.648e-05,
train,0,6e-07,
train,0,4.6e-07,
train,0,2.38e-06,
train,0,1.14e-06,
train,0,9.6e-07,
train,0,8.7e-07,
train,0,1.09e-06,
train,0,1.85e-06,
train,0,1.98e-06,
train,0,2.79e-06,
train,0,2.34e-06,
train,0,6e-07,
train,0,1.22e-06,
train,0,9.8e-07,
train,0,1.35e-06,
train,0,0.00025269,
train,0,1.25e-06,
train,0,4.47e-06,
train,0,2.23e-06,
train,0,1.5e-06,
train,0,1.72e-06,
train,0,6.31e-06,
train,0,8.95e-06,
train,0,3.074e-05,
train,0,5.7e-07,
train,0,1.04e-06,
train,0,8.2e-07,
train,0,1.413e-05,
train,0,2.643e-05,
train,0,2.99e-06,
train,0,1.22e-06,
train,0,9.2e-07,
train,0,7.5e-07,
train,0,6.21e-06,
train,0,1.56e-06,
train,0,1.23e-06,
train,0,1.31e-06,
train,0,1.95e-06,
train,0,2.24e-06,
train,0,1.48e-05,
train,0,2.65e-06,
train,0,3.18e-06,
train,0,0.00014409,
train,0,2.32e-06,
train,0,1.41e-06,
train,0,5.3e-07,
train,0,2.56e-06,
train,0,6.7e-07,
train,0,6.1e-07,
train,0,1.541e-05,
train,0,4e-06,
train,0,2.21e-06,
train,0,1.56e-06,
train,0,1.51e-06,
train,0,0.00016742,
train,0,1.71e-06,
train,0,7.65e-06,
train,0,2.043e-05,
train,0,1.3e-06,
train,0,4.46e-06,
train,0,7.6e-07,
train,0,1.813e-05,
train,0,5e-07,
train,0,2.94e-06,
train,0,2.34e-06,
train,0,1.14e-06,
train,0,3.3e-06,
train,0,1.35e-06,
train,0,5.46e-06,
train,0,4.47e-06,
train,1,0.9991385,
train,0,9.9e-07,
train,0,5.53e-06,
train,1,0.99977056,
train,0,3.02e-06,
train,0,2.1e-06,
train,0,1.97e-06,
train,0,9e-07,
train,0,1.56e-06,
train,0,3.04e-06,
train,0,1.72e-06,
train,0,2.03e-06,
train,0,4.37e-06,
train,0,2.61e-06,
train,0,4.27e-06,
train,0,2.82e-06,
train,0,4.7e-07,
train,0,2.96e-06,
train,0,1.41e-06,
train,0,6.2e-07,
train,0,3.2e-07,
train,0,4.96e-06,
train,0,2.75e-06,
train,0,1.636e-05,
train,0,5.04e-06,
train,0,1.58e-06,
train,0,1.046e-05,
train,0,3.41e-06,
train,0,1.54e-06,
train,0,1.376e-05,
train,0,4.5e-07,
train,0,7.01e-06,
train,0,1.11e-06,
train,0,1.4e-06,
train,0,2.16e-06,
train,0,2.77e-06,
train,0,4.87e-06,
train,0,3.181e-05,
train,0,2.23e-06,
train,0,2.188e-05,
train,0,5.8e-06,
train,0,1.39e-06,
train,0,1.41e-06,
train,0,6.1e-07,
train,0,1.642e-05,
train,0,5.97e-06,
train,0,5.55e-06,
train,0,1.71e-06,
train,0,4.936e-05,
train,0,1.565e-05,
train,0,1.993e-05,
train,0,1.02e-06,
train,0,3.1e-06,
train,0,5.2e-07,
train,0,3.26e-06,
train,0,0.00084227,
train,0,3.635e-05,
train,0,5.914e-05,
train,0,1.52e-06,
train,1,0.99889573,
train,0,1.62e-06,
train,0,2.32e-06,
train,0,5.8e-07,
train,0,5.9e-07,
train,0,8.6e-07,
train,0,1.742e-05,
train,0,3.54e-06,
train,0,3.58e-06,
train,0,3.76e-06,
train,0,2.36e-06,
train,0,9.7e-07,
train,0,2.565e-05,
train,0,7.29e-06,
train,1,0.99694691,
train,0,8.3e-07,
train,0,1.85e-06,
train,0,2.68e-06,
train,0,6.19e-06,
train,0,1.89e-06,
train,0,4.2e-06,
train,0,1.776e-05,
train,0,6.42e-06,
train,0,4.45e-06,
train,0,5.6e-07,
train,0,5.6e-07,
train,0,6.6e-07,
train,0,5.18e-06,
train,0,5.51e-06,
train,0,1.52e-06,
train,0,1.37e-06,
train,0,4.17e-06,
train,0,2.66e-06,
train,0,6.06e-06,
train,0,7.5e-07,
train,0,2.42e-06,
train,0,2.96e-06,
train,0,1.1e-06,
train,0,1.18e-06,
train,0,7.54e-06,
train,0,7e-07,
train,0,7.82e-06,
train,0,1.23e-06,
train,0,3.343e-05,
train,0,1.757e-05,
train,0,7.95e-06,
train,0,3.8e-06,
train,0,6.42e-06,
train,0,4.46e-06,
train,0,2.34e-06,
train,0,9.264e-05,
train,0,9.5e-07,
train,0,2.18e-06,
train,0,1.63e-06,
train,0,2.23e-06,
train,0,3.633e-05,
train,0,2.5e-06,
train,0,5.08e-06,
train,0,2.45e-06,
train,0,9.92e-06,
train,0,4.2e-07,
train,0,4.83e-06,
train,0,4.52e-06,
train,0,7.23e-06,
train,0,3.13e-06,
train,0,1.14e-06,
train,0,7.12e-06,
train,0,4.55e-06,
train,0,2.79e-06,
train,0,8.01e-06,
train,0,2.61e-06,
train,0,7.37e-06,
train,0,2.94e-06,
train,0,5.08e-06,
train,0,2.54e-06,
train,0,1.36e-06,
train,0,9.6e-07,
train,0,6.64e-06,
train,0,2.69e-06,
train,0,1.81e-06,
train,0,2.396e-05,
train,0,8.2e-07,
train,0,7.9e-07,
train,0,7.17e-06,
train,0,3.29e-06,
train,0,1.444e-05,
train,0,1.509e-05,
train,0,7.34e-06,
train,0,1.98e-06,
train,0,2.172e-05,
train,0,3.18e-06,
train,0,3.06e-06,
train,0,6.36e-06,
train,0,1.26e-06,
train,0,7.4e-07,
train,0,1.408e-05,
train,0,1.33e-06,
train,0,8.6e-07,
train,0,9.8e-07,
train,0,7.62e-06,
train,0,7.2e-07,
train,0,1.15e-06,
train,0,5.2e-07,
train,0,2.4e-07,
train,0,0.00328921,
train,0,8.8e-07,
train,0,2.6e-07,
train,0,3.11e-06,
train,0,1e-06,
train,0,1.44e-06,
train,0,1.58e-06,
train,0,7.02e-06,
train,0,3.62e-06,
train,0,4.3e-07,
train,0,7e-07,
train,0,6.6e-07,
train,0,2.84e-06,
train,0,1.08e-06,
train,0,5.04e-06,
train,0,1.41e-06,
train,0,7e-07,
train,0,1.77e-06,
train,0,2.355e-05,
train,0,1.86e-06,
train,0,8.2e-07,
train,0,1.83e-06,
train,0,6.9e-07,
train,0,1.31e-06,
train,0,1.21e-06,
train,0,1.64e-06,
train,0,1.32e-06,
train,0,1.11e-06,
train,0,2.86e-06,
train,0,2.35e-06,
train,0,6.11e-06,
train,0,4.95e-06,
train,0,1.86e-06,
train,0,1.13e-06,
train,0,2.567e-05,
train,0,8e-07,
train,0,4.9e-06,
train,0,7.51e-06,
train,0,9.7e-07,
train,0,5e-07,
train,0,4.324e-05,
train,0,1.22e-06,
train,0,2.28e-06,
train,0,1.84e-06,
train,0,3.81e-06,
train,1,0.99645308,
train,1,0.99941294,
train,0,3.88e-06,
train,0,5.75e-06,
train,0,6.98e-06,
train,0,2.376e-05,
train,0,6.23e-06,
train,0,7.54e-06,
train,1,0.99974766,
train,0,2.1e-06,
train,0,2.25e-06,
train,0,0.00014584,
train,0,5.5e-07,
train,0,1.58e-06,
train,0,2.87e-06,
train,0,4.1e-06,
train,0,1.029e-05,
train,0,6.4e-06,
train,0,8.71e-06,
train,0,1.33e-06,
train,0,7.8e-07,
train,0,1.148e-05,
train,0,2.22e-06,
train,0,1.63e-06,
train,0,1.71e-06,
train,0,4.95e-06,
train,0,2.45e-06,
train,0,6.1e-07,
train,0,6.03e-06,
train,0,1.94e-06,
train,0,2.77e-06,
train,0,1.21e-06,
train,0,0.50240686,
train,1,0.9986631,
train,0,7.8e-07,
train,0,6.4e-07,
train,0,6.93e-06,
train,0,5.92e-06,
train,0,4.145e-05,
train,0,3.028e-05,
train,0,1.197e-05,
train,0,1.85e-06,
train,0,3.49e-06,
train,0,2.141e-05,
train,0,1.48e-06,
train,0,0.0080068,
train,0,5.08e-06,
train,0,7.268e-05,
train,0,6.3e-07,
train,0,8.6e-07,
train,0,0.01758672,
train,0,9.5e-07,
train,1,0.99499896,
train,0,3.45e-06,
train,0,2.25e-06,
train,0,2.96e-06,
train,0,2.792e-05,
train,0,0.00024688,
train,0,1.82e-06,
train,0,0.000259,
train,0,2.08e-06,
train,0,3.62e-06,
train,0,3.233e-05,
train,0,1.67e-06,
train,0,5.595e-05,
train,0,3.71e-06,
train,0,0.00190597,
train,0,4.55e-06,
train,0,0.00293168,
train,0,0.00010189,
train,0,1.181e-05,
train,0,7.89e-06,
train,0,2.77e-06,
train,0,1.86e-06,
train,0,7.5e-07,
train,0,1.1e-06,
train,0,2.806e-05,
train,0,6.8e-07,
train,0,1.52e-06,
train,0,1.696e-05,
train,0,1.62e-06,
train,0,1.93e-06,
train,0,0.00012083,
train,0,0.00011519,
train,0,3.81e-06,
train,0,1.08e-06,
train,0,1.94e-06,
train,0,6.5e-07,
train,0,9.57e-06,
train,0,1.292e-05,
train,0,4.11e-06,
train,0,1.03e-06,
train,0,2.13e-06,
train,0,6.96e-06,
train,0,1.418e-05,
train,0,0.00016055,
train,0,0.00046308,
train,0,1.35e-06,
train,0,0.00583451,
train,0,3.87e-06,
train,0,3.07e-06,
train,0,2.148e-05,
train,0,2.6e-06,
train,0,6.21e-06,
train,0,6.16e-06,
train,0,0.00011365,
train,0,2.12e-06,
train,0,7.45e-06,
train,0,2.49e-06,
train,0,2.303e-05,
train,0,3.855e-05,
train,0,9.671e-05,
train,1,0.99879627,
train,0,0.00049497,
train,0,1.038e-05,
train,0,5.34e-06,
train,0,6.2e-07,
train,0,2.127e-05,
train,0,6.43e-06,
train,0,1.21e-06,
train,0,1.78e-06,
train,0,1.01e-06,
train,0,4.31e-06,
train,0,1.22e-06,
train,0,1.049e-05,
train,0,7.4e-07,
train,0,2.86e-06,
train,0,6.47e-06,
train,0,3.69e-06,
train,0,7.6e-07,
train,0,7.96e-06,
train,0,2.71e-06,
train,0,1.14e-06,
train,0,6.07e-06,
train,0,2.535e-05,
train,0,7.1e-07,
train,0,1.59e-06,
train,0,4.17e-06,
train,0,2.505e-05,
train,0,1.81e-06,
train,0,1.4e-06,
train,0,1.14e-06,
train,0,3.37e-06,
train,0,1.332e-05,
train,0,2.05e-06,
train,0,1.87e-06,
train,0,8.9e-07,
train,0,2.23e-06,
train,0,4.7e-07,
train,0,7.27e-06,
train,0,4.18e-06,
train,0,7.546e-05,
train,0,4.73e-06,
train,0,4.53e-06,
train,0,3.95e-06,
train,0,5.41e-06,
train,0,1.195e-05,
train,0,6.57e-06,
train,0,4.116e-05,
train,0,4.67e-06,
train,0,3.806e-05,
train,0,1.536e-05,
train,0,1.29e-06,
train,0,4.76e-06,
train,0,2.63e-06,
train,0,7.82e-06,
train,0,4.03e-06,
train,0,4.36e-06,
train,0,2.63e-06,
train,0,7.214e-05,
train,0,2.19e-06,
train,0,2.52e-06,
train,0,3.45e-06,
train,0,4.42e-06,
train,0,1.426e-05,
train,0,1.58e-06,
train,0,7.19e-06,
train,0,7.61e-06,
train,0,6.5e-07,
train,0,3.68e-06,
train,0,3.43e-06,
train,0,0.0002376,
train,0,9.1e-06,
train,0,9.69e-06,
train,0,7.1e-07,
train,0,0.00058291,
train,0,0.0006107,
train,0,9.62e-06,
train,0,1.87e-06,
train,0,1.77e-06,
train,0,4.13e-06,
train,0,9.8e-07,
train,0,1.57e-06,
train,0,3.9e-07,
train,0,9.5e-07,
train,0,1.05e-06,
train,0,2.502e-05,
train,0,3.6e-07,
train,0,1.22e-06,
train,0,7.6e-07,
train,0,4.6e-06,
train,0,9.4e-07,
train,0,1.01e-06,
train,0,3.17e-06,
train,0,6.1e-07,
train,0,7.17e-06,
train,0,4.312e-05,
train,0,5.64e-06,
train,0,0.00117473,
train,0,1.29e-06,
train,0,6.74e-06,
train,0,1.12e-06,
train,0,9.7e-07,
train,0,3.46e-06,
train,0,2.01e-06,
train,0,5.43e-06,
train,0,5.65e-06,
train,0,1.07e-06,
train,0,0.00010324,
train,0,1.138e-05,
train,0,9.38e-06,
train,0,2.554e-05,
train,0,7.44e-06,
train,0,4.59e-06,
train,0,2.16e-06,
train,0,4.7e-07,
train,0,2.242e-05,
train,0,1.68e-06,
train,0,8.8e-07,
train,0,1.08e-06,
train,0,2.28e-06,
train,0,1.85e-06,
train,0,9.1e-07,
train,0,2.12e-06,
train,0,1.65e-06,
train,0,1.92e-06,
train,0,5.4e-07,
train,0,3.4e-07,
train,0,6.4e-07,
train,0,5.9e-07,
train,0,4.9e-07,
train,0,2.14e-06,
train,0,1.13e-06,
train,0,9.4e-06,
train,0,4.7e-07,
train,0,1.86e-06,
train,0,3.1e-07,
train,0,1.25e-06,
train,0,2.9e-06,
train,0,9.92e-06,
train,0,2.67e-06,
train,0,1.7e-06,
train,0,2.21e-06,
train,0,6.38e-06,
train,0,1.36e-06,
train,0,1.94e-06,
train,0,4.4e-07,
train,0,1.61e-06,
train,0,5.5e-07,
train,0,6.4e-07,
train,0,3.53e-06,
train,0,2.83e-06,
train,0,1.02e-06,
train,0,7.8e-07,
train,0,3.1e-06,
train,0,6.784e-05,
train,0,8.4e-07,
train,0,1.865e-05,
train,0,1.91e-06,
train,0,2.74e-06,
train,0,3.75e-06,
train,0,5.6e-06,
train,0,3.309e-05,
train,0,1.256e-05,
train,0,5.95e-06,
train,0,5.2e-07,
train,0,8.426e-05,
train,0,7.9e-07,
train,0,1.661e-05,
train,0,0.00014207,
train,0,4.81e-06,
train,0,3.03e-06,
train,0,2.05e-06,
train,0,6.23e-06,
train,0,1.7e-06,
train,0,9.9e-07,
train,0,3.78e-06,
train,0,2.394e-05,
train,0,9.7e-07,
train,0,2.44e-06,
train,0,1.33e-06,
train,0,1.4e-06,
train,0,6.3e-07,
train,0,1.5e-06,
train,0,0.00025508,
train,0,1.52e-06,
train,0,1.51e-06,
train,0,1.12e-06,
train,0,2.02e-06,
train,0,2.78e-06,
train,0,9.8e-07,
train,0,3.22e-06,
train,0,5.47e-06,
train,0,7e-07,
train,0,3.748e-05,
train,0,8.8e-07,
train,0,2.58e-06,
train,0,3.39e-06,
train,0,9.375e-05,
train,0,4.66e-06,
train,0,1.58e-06,
train,0,5.9e-07,
train,0,3.526e-05,
train,0,2.98e-06,
train,0,4.03e-06,
train,0,3.214e-05,
train,0,0.00471716,
train,0,1.395e-05,
train,0,1.79e-06,
train,0,9.22e-06,
train,0,2.08e-06,
train,0,1.611e-05,
train,0,1.92e-06,
train,0,6.4e-07,
train,0,1.04e-06,
train,0,1.36e-06,
train,0,2.36e-06,
train,0,4.6e-07,
train,0,1.39e-06,
train,0,1.73e-06,
train,0,1.56e-06,
train,0,1.243e-05,
train,0,1.95e-06,
train,0,1.647e-05,
train,0,1.54e-06,
train,0,1.61e-06,
train,0,2.334e-05,
train,0,4.02e-06,
train,0,4.31e-06,
train,0,1.9e-06,
train,0,1.87e-06,
train,0,2.67e-06,
train,0,2.05e-06,
train,0,1.61e-06,
train,0,2.45e-06,
train,0,0.00015911,
train,0,1.341e-05,
train,0,0.00015815,
train,0,4.4e-06,
train,0,1.22e-06,
train,0,1.09e-06,
train,1,0.99668874,
train,0,1.02e-06,
train,0,2.531e-05,
train,0,6.1e-07,
train,0,2.83e-06,
train,0,5.77e-06,
train,0,5.78e-06,
train,0,9.2e-07,
train,0,1.95e-06,
train,0,8.787e-05,
train,0,3.08e-06,
train,0,2.74e-06,
train,0,4.126e-05,
train,0,2.3e-06,
train,0,3.73e-06,
train,0,6.2e-07,
train,0,2.899e-05,
train,0,2.05e-06,
train,1,0.99568728,
train,0,1.001e-05,
train,0,2.29e-06,
train,0,1.34e-06,
train,0,8.951e-05,
train,0,1.979e-05,
train,0,1.384e-05,
train,0,1.38e-06,
train,0,1.61e-06,
train,0,1.22e-06,
train,0,2.24e-05,
train,0,4e-06,
train,0,7.1e-07,
train,0,3.3e-06,
train,0,9.77e-06,
train,0,1.22e-06,
train,0,2.78e-06,
train,0,7.19e-06,
train,0,3.3e-06,
train,0,1.43e-06,
train,0,6.86e-06,
train,0,1.323e-05,
train,0,1.6e-06,
train,0,0.00105575,
train,0,1.53e-06,
train,0,6.87e-06,
train,0,1.75e-06,
train,0,7.59e-06,
train,0,7.115e-05,
train,0,8.1e-07,
train,0,0.00013324,
train,0,7.7e-07,
train,0,1.117e-05,
train,0,4.02e-06,
train,0,1.84e-06,
train,0,1.24e-06,
train,0,0.00020701,
train,0,2.84e-06,
train,0,1.09e-06,
train,0,1.286e-05,
train,0,1.19e-06,
train,0,9.93e-06,
train,0,1.063e-05,
train,0,8.6e-07,
train,0,8.3e-07,
train,0,3.84e-06,
train,0,7.4e-07,
train,0,1.81e-06,
train,0,1.13e-06,
train,0,1.13e-06,
train,0,3.5e-07,
train,0,1.1e-06,
train,0,5.02e-06,
train,0,1.73e-06,
train,0,9e-07,
train,0,1.27e-06,
train,0,1.204e-05,
train,0,3.11e-06,
train,0,1.34e-06,
train,0,1.88e-06,
train,0,2.45e-06,
train,0,7.33e-06,
train,0,9.6e-07,
train,0,7.89e-06,
train,0,5.5e-07,
train,0,1.701e-05,
train,0,1.21e-06,
train,0,1.16e-06,
train,0,8e-07,
train,0,3.975e-05,
train,0,2.79e-06,
train,0,2.702e-05,
train,0,2.5e-06,
train,0,4.42e-06,
train,0,4.61e-06,
train,0,3.33e-06,
train,0,5.88e-06,
train,0,6.3e-07,
train,0,1.023e-05,
train,0,9.8e-07,
train,0,2.38e-06,
train,0,1.16e-06,
train,0,2.93e-06,
train,1,0.9992782,
train,0,3.76e-06,
train,0,7.1e-06,
train,1,0.9997828,
train,1,0.99988363,
train,0,1.378e-05,
train,0,1.58e-06,
train,0,5.91e-06,
train,0,3.768e-05,
train,0,1.77e-06,
train,0,4.92e-06,
train,0,4.46e-06,
train,0,1.25e-06,
train,0,2.18e-06,
train,0,5.6e-06,
train,0,7.5e-07,
train,0,6.9e-07,
train,0,3.01e-06,
train,0,6.2e-07,
train,0,3.81e-06,
train,0,4.17e-06,
train,0,2.4e-06,
train,0,1e-06,
train,0,2.274e-05,
train,0,1.87e-06,
train,0,4.31e-06,
train,0,3.224e-05,
train,0,2.56e-06,
train,0,1.42e-06,
train,0,1.89e-06,
train,0,8.3e-07,
train,0,4.5e-06,
train,0,3.5e-06,
train,0,5.1e-07,
train,0,1.298e-05,
train,0,7.4e-07,
train,0,4.35e-06,
train,0,5e-07,
train,0,5.67e-06,
train,0,7.4e-07,
train,0,3.15e-06,
train,0,1.38e-06,
train,0,1.81e-06,
train,0,2.395e-05,
train,0,1.12e-06,
train,0,7.52e-06,
train,0,6.4e-07,
train,0,5.35e-06,
train,0,1.89e-06,
train,0,1.44e-06,
train,0,7.64e-06,
train,0,4.72e-06,
train,0,4.8e-07,
train,0,1.39e-06,
train,0,5e-07,
train,0,7.6e-07,
train,0,4.89e-06,
train,0,1.55e-06,
train,0,1.53e-06,
train,0,2.4e-06,
train,0,1.16e-06,
train,0,3.22e-06,
train,0,8e-07,
train,0,4.6e-07,
train,0,4.7e-07,
train,0,1.35e-06,
train,0,1.7e-06,
train,0,5.56e-06,
train,0,1.74e-06,
train,0,7.6e-07,
train,0,5.16e-06,
train,0,4e-07,
train,0,2.2e-06,
train,0,1.06e-06,
train,0,3.48e-06,
train,0,1.59e-06,
train,0,2.44e-06,
train,1,0.99971407,
train,1,0.99987824,
train,1,0.99988445,
train,1,0.99988445,
train,0,1.17e-06,
train,0,3.69e-06,
train,0,4.2e-07,
train,0,9.1e-07,
train,0,1.08e-06,
train,0,4.82e-06,
train,0,3.52e-06,
train,0,4.25e-06,
train,0,2.29e-06,
train,0,8.75e-06,
train,0,8.8e-07,
train,0,1.44e-06,
train,0,5e-07,
train,0,2.11e-06,
train,0,2.398e-05,
train,0,0.00027617,
train,0,2.66e-06,
train,0,2.37e-06,
train,0,8.456e-05,
train,0,9.81e-06,
train,0,8.2e-07,
train,0,3.81e-06,
train,0,1.07e-06,
train,0,1.189e-05,
train,0,1.283e-05,
train,0,7.4e-07,
train,0,9.2e-07,
train,0,1.84e-06,
train,0,2.65e-06,
train,0,1.32e-06,
train,0,9.25e-06,
train,0,1.175e-05,
train,0,2.15e-05,
train,0,2.56e-06,
train,0,8.9e-07,
train,0,9.53e-06,
train,0,2.23e-06,
train,0,4.22e-06,
train,0,3.453e-05,
train,0,1.42e-06,
train,0,1.5e-06,
train,0,1.01e-06,
train,0,3.654e-05,
train,0,4.44e-05,
train,0,8.5e-07,
train,0,2.69e-06,
train,0,7.9e-07,
train,0,1.26e-06,
train,0,1.48e-06,
train,0,1.27e-06,
train,0,4.292e-05,
train,0,9.3e-07,
train,0,1.56e-06,
train,0,1.79e-06,
train,0,0.00014922,
train,0,0.00118335,
train,0,3.48e-06,
train,0,2.3e-06,
train,0,2.324e-05,
train,0,4.9e-07,
train,0,1.99e-06,
train,0,2.14e-06,
train,0,8.59e-06,
train,0,4.46e-06,
train,0,1.98e-06,
train,0,7.5e-07,
train,0,5.36e-06,
train,0,3.797e-05,
train,0,1.818e-05,
train,0,6.07e-06,
train,0,1.13e-06,
train,0,1.5e-06,
train,0,8.2e-07,
train,0,5.38e-06,
train,0,5.9e-07,
train,0,3.74e-06,
train,0,3.31e-06,
train,0,2.24e-06,
train,0,4.28e-06,
train,0,9.6e-07,
train,0,5.482e-05,
train,0,8.18e-06,
train,0,1.486e-05,
train,0,8.3e-06,
train,0,2.07e-06,
train,0,7.76e-06,
train,0,8.82e-06,
train,0,8.11e-06,
train,0,7.7e-07,
train,0,1.19e-06,
train,0,1.41e-06,
train,0,5.819e-05,
train,0,5.44e-06,
train,0,1.35e-06,
train,0,9.41e-06,
train,0,2.747e-05,
train,0,1.961e-05,
train,0,6.54e-06,
train,0,3.17e-06,
train,0,1.43e-06,
train,0,1.23e-06,
train,0,1.06e-06,
train,0,1.451e-05,
train,0,2.63e-06,
train,0,3.83e-06,
train,1,0.99952406,
train,0,5.33e-06,
train,0,6.28e-06,
train,1,0.99955429,
train,0,1.75e-06,
train,1,0.99966574,
train,1,0.99983834,
train,0,1.26e-06,
train,1,0.99988635,
train,1,0.99988882,
train,1,0.99988527,
train,0,3.92e-06,
train,0,1.625e-05,
train,0,4.29e-06,
train,1,0.99976032,
train,1,0.99984185,
train,1,0.99984132,
train,1,0.99988798,
train,1,0.99986067,
train,1,0.99986164,
train,1,0.99988652,
train,1,0.99969488,
train,1,0.99987934,
train,0,9.68e-06,
train,0,1.6e-06,
train,0,1.297e-05,
train,0,6.5e-07,
train,0,3.08e-06,
train,0,1.929e-05,
train,0,1.832e-05,
train,0,4.54e-06,
train,0,2.344e-05,
train,0,3.29e-06,
train,0,1.889e-05,
train,0,7.57e-06,
train,0,2.32e-06,
train,0,4.401e-05,
train,0,2.34e-06,
train,0,2.62e-06,
train,0,7.67e-06,
train,0,7.85e-06,
train,0,6.28e-06,
train,0,2.46e-06,
train,0,4.35e-06,
train,0,0.0003893,
train,0,7.67e-06,
train,0,3.83e-06,
train,0,3.781e-05,
train,0,4.79e-06,
train,0,1.92e-06,
train,0,2e-06,
train,0,8.79e-06,
train,0,3.18e-06,
train,0,8.01e-06,
train,0,5.17e-06,
train,0,2.64e-06,
train,0,5.5e-06,
train,0,2.1e-05,
train,0,4.07e-05,
train,0,2.142e-05,
train,0,1.006e-05,
train,0,5.52e-06,
train,0,1.28e-06,
train,0,1.463e-05,
train,0,4.5e-06,
train,0,2.6e-06,
train,0,1.123e-05,
train,0,6.77e-06,
train,0,7.5e-07,
train,0,3.38e-06,
train,0,2.78e-06,
train,0,3.12e-06,
train,0,1.137e-05,
train,0,1.77e-06,
train,0,3.27e-06,
train,0,8.62e-06,
train,0,1.05e-06,
train,0,6.88e-06,
train,0,9.4e-07,
train,0,1.729e-05,
train,0,6.1e-07,
train,0,3.9e-07,
train,0,7.67e-06,
train,0,4.9e-07,
train,0,5.5e-07,
train,0,1.67e-06,
train,0,1.45e-06,
train,0,1.18e-06,
train,0,8e-07,
train,0,2.05e-06,
train,0,5.2e-07,
train,0,1.26e-06,
train,0,4.37e-06,
train,0,1e-06,
train,0,6.7e-06,
train,0,0.00023441,
train,0,7.2e-07,
train,0,5.9e-07,
train,0,2.25e-06,
train,0,1.451e-05,
train,0,3.92e-06,
train,0,6.5e-07,
train,0,8.5e-07,
train,0,2.09e-06,
train,0,1.07e-06,
train,0,4.368e-05,
train,0,6.81e-06,
train,0,2.1e-06,
train,0,6.82e-06,
train,0,3.83e-06,
train,0,1.24e-06,
train,0,1.9e-06,
train,0,1.121e-05,
train,0,4e-07,
train,0,4.159e-05,
train,0,4.53e-06,
train,0,2.338e-05,
train,0,7.9e-07,
train,0,9.88e-06,
train,0,2.76e-06,
train,0,4.058e-05,
train,0,1.72e-06,
train,0,9.8e-07,
train,0,5.56e-06,
train,0,2.105e-05,
train,0,1.17e-06,
train,0,1.3e-06,
train,0,4.91e-06,
train,0,6.54e-06,
train,0,4.84e-06,
train,0,1.939e-05,
train,0,4.52e-06,
train,0,5.5e-06,
train,0,1.9e-06,
train,0,1.52e-06,
train,0,9.8e-07,
train,0,4.17e-06,
train,0,1.918e-05,
train,0,3.84e-06,
train,0,1.01e-06,
train,0,7.16e-06,
train,0,1.108e-05,
train,0,1.357e-05,
train,0,1.18e-05,
train,0,1.331e-05,
train,0,4.5e-07,
train,0,1.37e-05,
train,0,9.81e-06,
train,0,8.4e-07,
train,0,9.5e-07,
train,0,9.7e-07,
train,0,3.42e-06,
train,0,6.83e-06,
train,0,1.38e-06,
train,1,0.99925734,
train,0,6.7e-07,
train,0,2.57e-06,
train,0,2.03e-06,
train,1,0.99958641,
train,0,5.459e-05,
train,0,2.62e-06,
train,0,7.4e-07,
train,0,3.9e-07,
train,0,3.07e-06,
train,0,8.49e-06,
train,0,8.892e-05,
train,0,9.16e-06,
train,0,4.1e-07,
train,0,9.44e-06,
train,0,5.07e-06,
train,0,3.4e-06,
train,0,5.11e-06,
train,0,3.843e-05,
train,0,7.43e-06,
train,0,1.01e-06,
train,0,4.36e-06,
train,1,0.99956934,
train,0,2.88e-06,
train,0,6.47e-06,
train,0,7.4e-07,
train,0,6.204e-05,
train,0,1.41e-06,
train,0,7.68e-06,
train,0,1.05e-06,
train,0,1.92e-06,
train,0,1.23e-06,
train,1,0.99803107,
train,0,9.6e-07,
train,0,1.138e-05,
train,0,7.27e-06,
train,0,2.93e-06,
train,1,0.99896981,
train,0,3.81e-06,
train,0,2.46e-06,
train,0,1.2e-06,
train,0,2.48e-06,
train,0,3.36e-06,
train,0,2.1e-06,
train,0,1.97e-06,
train,0,3.56e-06,
train,0,1.91e-05,
train,0,1.26e-06,
train,0,2.67e-06,
train,0,6.92e-06,
train,0,5.02e-06,
train,0,9.25e-06,
train,0,1.35e-06,
train,0,5.31e-06,
train,0,0.00013096,
train,0,2.34e-06,
train,0,1.24e-06,
train,0,3.38e-06,
train,0,5.62e-06,
train,0,7.249e-05,
train,0,5.82e-06,
train,0,0.0002649,
train,0,1.86e-06,
train,0,1.65e-06,
train,0,6.3e-06,
train,0,0.00057773,
train,0,1.66e-06,
train,0,0.0002775,
train,0,8.45e-06,
train,0,3.38e-06,
train,0,2.99e-06,
train,0,1.64e-06,
train,0,7.6e-07,
train,0,4.01e-06,
train,0,5.71e-06,
train,0,3.684e-05,
train,0,1.16e-06,
train,0,3.32e-06,
train,0,5.82e-06,
train,0,0.00012754,
train,0,3.29e-06,
train,0,1.2e-06,
train,0,6.77e-06,
train,0,2.08e-06,
train,0,3.83e-06,
train,0,1.45e-06,
train,0,1.219e-05,
train,0,7.24e-06,
train,0,3.64e-06,
train,0,1.39e-06,
train,0,0.0002467,
train,0,2.96e-06,
train,0,7.7e-07,
train,0,4.65e-06,
train,0,2.2e-06,
train,0,1.79e-06,
train,0,5.33e-06,
train,0,2.16e-06,
train,0,3.856e-05,
train,0,3.31e-06,
train,0,4.477e-05,
train,0,1.831e-05,
train,0,1.46e-06,
train,0,7.24e-06,
train,0,1.607e-05,
train,0,2.88e-06,
train,0,0.00034371,
train,0,1.68e-06,
train,0,4.667e-05,
train,0,4.2e-07,
train,0,3.32e-06,
train,0,4.65e-06,
train,0,1.64e-06,
train,0,1.47e-06,
train,0,1.47e-06,
train,0,1.263e-05,
train,0,1.185e-05,
train,0,7.3e-07,
train,0,5.2e-07,
train,0,1.15e-06,
train,0,6.323e-05,
train,0,5.61e-06,
train,0,0.01957538,
train,0,5.86e-06,
train,0,2.64e-06,
train,0,4.3e-07,
train,0,6.86e-06,
train,0,9.4e-06,
train,0,3.69e-05,
train,0,1.12e-06,
train,0,1.27e-06,
train,0,2.822e-05,
train,0,4.1e-06,
train,0,1.32e-06,
train,0,6.5e-06,
train,0,1.74e-06,
train,0,3.56e-06,
train,0,5.42e-06,
train,0,1.8e-06,
train,0,8.5e-07,
train,0,3.88e-06,
train,0,2.11e-06,
train,0,2e-06,
train,0,6.7e-06,
train,0,3.04e-06,
train,0,3.31e-06,
train,0,2.06e-06,
train,0,1.41e-06,
train,0,8.45e-06,
train,0,1.01e-05,
train,0,8.2e-07,
train,0,9.8e-07,
train,0,1.19e-06,
train,0,8.8e-07,
train,1,0.991982,
train,0,8.8e-07,
train,0,9.8e-07,
train,0,1.57e-06,
train,0,6.84e-06,
train,0,3.83e-06,
train,0,5.67e-06,
train,0,1.752e-05,
train,0,2.35e-06,
train,0,7e-07,
train,0,2.005e-05,
train,0,4.6e-06,
train,0,3.3e-06,
train,0,1.127e-05,
train,0,8.749e-05,
train,0,9e-07,
train,0,1.11e-06,
train,0,4.1e-07,
train,0,3.42e-06,
train,0,3.39e-06,
train,0,6.7e-07,
train,0,2.2e-06,
train,0,3.51e-06,
train,0,1.97e-06,
train,0,6.42e-06,
train,0,1.27e-06,
train,0,7.52e-06,
train,0,1.7e-06,
train,0,5.13e-06,
train,0,1.073e-05,
train,0,9e-07,
train,0,5.6e-07,
train,0,2.17e-06,
train,0,5.56e-06,
train,0,1.83e-06,
train,0,1.05e-06,
train,0,8.8e-07,
train,0,4.8e-06,
train,0,2.79e-06,
train,0,1.041e-05,
train,0,6.8e-07,
train,0,3.72e-06,
train,0,1.1e-06,
train,0,5.4e-06,
train,0,5.5e-07,
train,0,9e-07,
train,0,1.71e-06,
train,0,4.5e-07,
train,0,1.004e-05,
train,0,2.17e-06,
train,0,4.033e-05,
train,0,6.84e-06,
train,0,1.494e-05,
train,0,6e-07,
train,0,7.85e-06,
train,0,1.09e-06,
train,0,2.464e-05,
train,0,3.62e-06,
train,0,8.3e-07,
train,0,0.000335,
train,0,5.27e-06,
train,0,0.0007183,
train,0,5.6e-07,
train,0,9.8e-07,
train,0,1.95e-06,
train,0,0.00016261,
train,0,1.236e-05,
train,0,6.9e-07,
train,0,6.789e-05,
train,0,5.26e-06,
train,0,1.68e-05,
train,0,3.7e-07,
train,0,2.922e-05,
train,0,8e-07,
train,0,4.5e-07,
train,0,0.00014798,
train,0,1.635e-05,
train,0,1.71e-06,
train,0,1.585e-05,
train,0,0.00010789,
train,0,1.19e-06,
train,0,1.118e-05,
train,0,1.08e-06,
train,0,3.8e-06,
train,0,7.36e-06,
train,0,1.142e-05,
train,0,3.54e-06,
train,0,2.96e-06,
train,0,2.89e-06,
train,0,1.32e-06,
train,0,2.424e-05,
train,0,1.021e-05,
train,0,3.48e-06,
train,0,1.89e-06,
train,0,1.74e-06,
train,0,1.02e-06,
train,0,4.84e-06,
train,0,1.893e-05,
train,0,2.55e-06,
train,0,1.43e-06,
train,0,6.145e-05,
train,0,1.14e-06,
train,0,4.6e-07,
train,0,3.32e-06,
train,0,1.575e-05,
train,0,1.01e-06,
train,0,9.8e-07,
train,0,4.04e-06,
train,0,6.47e-06,
train,0,1.92e-06,
train,0,6e-07,
train,0,1.567e-05,
train,0,7.189e-05,
train,0,7.11e-06,
train,0,4.828e-05,
train,0,9.8e-07,
train,0,2.27e-06,
train,0,6.09e-06,
train,0,2.66e-06,
train,0,9.8e-07,
train,0,6.51e-06,
train,0,2.93e-06,
train,0,2.148e-05,
train,0,2.1e-06,
train,0,2.25e-06,
train,0,2.61e-06,
train,0,3.6e-06,
train,0,9.8e-07,
train,0,1.9e-06,
train,0,1.39e-06,
train,0,8.06e-05,
train,0,1.03e-06,
train,0,1.604e-05,
train,0,9.685e-05,
train,0,1.47e-05,
train,0,1.05e-06,
train,0,5.22e-06,
train,0,1.2e-06,
train,0,2.74e-06,
train,0,2.43e-06,
train,0,9.86e-06,
train,0,1.946e-05,
train,0,9.9e-07,
train,0,2.39e-06,
train,0,6.91e-06,
train,0,4.41e-06,
train,0,9.6e-07,
train,0,1.97e-06,
train,0,1e-06,
train,0,5.83e-06,
train,0,5.9e-07,
train,0,1.95e-06,
train,0,1.93e-06,
train,0,1.93e-06,
train,0,6.38e-06,
train,0,6.4e-07,
train,0,2.04e-06,
train,0,5.55e-06,
train,0,1.02e-06,
train,0,3.4e-07,
train,0,6.3e-07,
train,0,1.78e-06,
train,0,2.5e-06,
train,0,6.56e-06,
train,0,3.02e-06,
train,0,1.48e-06,
train,0,1.4e-06,
train,0,3.33e-06,
train,0,0.0005903,
train,0,2.99e-06,
train,0,3.51e-06,
train,0,0.00022137,
train,0,5.9e-06,
train,0,0.001019,
train,0,4.391e-05,
train,0,2.26e-06,
train,0,1.924e-05,
train,0,6.3e-06,
train,0,7.2e-07,
train,0,1.009e-05,
train,0,3.998e-05,
train,0,2.51e-06,
train,0,6e-07,
train,0,3.86e-06,
train,0,6.28e-06,
train,0,1.7e-06,
train,0,5.85e-06,
train,0,1.27e-06,
train,0,9.1e-07,
train,0,5.89e-06,
train,0,5.25e-06,
train,0,1.78e-06,
train,0,1.638e-05,
train,0,9.69e-06,
train,0,1.617e-05,
train,0,5.545e-05,
train,0,2.69e-06,
train,0,1.65e-06,
train,1,0.9992086,
train,0,1.03e-06,
train,0,7.63e-06,
train,0,0.00011553,
train,0,1.072e-05,
train,0,1.83e-06,
train,0,4.13e-06,
train,0,2.38e-06,
train,0,8.69e-06,
train,0,8.266e-05,
train,0,1.441e-05,
train,0,3.85e-06,
train,0,2.284e-05,
train,0,2.009e-05,
train,0,2.05e-06,
train,0,2.44e-06,
train,0,2.3e-06,
train,0,1.09e-06,
train,0,3.9e-07,
train,0,4.814e-05,
train,0,4.09e-06,
train,0,0.00130057,
train,0,4.18e-06,
train,0,6.66e-06,
train,0,9.983e-05,
train,0,2.63e-06,
train,0,5.86e-06,
train,0,7.11e-06,
train,0,6.71e-06,
train,0,1.85e-06,
train,0,2.08e-06,
train,0,2.54e-06,
train,0,1.331e-05,
train,0,1.18e-06,
train,1,0.99902487,
train,0,1.16e-06,
train,0,2.67e-06,
train,0,0.00037892,
train,0,0.80285152,
train,0,3.4e-06,
train,0,5.29e-06,
train,0,1.79e-06,
train,0,6.514e-05,
train,0,1.725e-05,
train,0,9.7e-07,
train,0,1.79e-06,
train,0,5.1e-06,
train,0,8.04e-06,
train,0,1.031e-05,
train,0,7.627e-05,
train,0,4.85e-06,
train,0,5.92e-06,
train,0,1.61e-06,
train,0,1.614e-05,
train,0,2.57e-06,
train,0,5.06e-06,
train,0,8.6e-07,
train,0,4.45e-06,
train,0,2.62e-06,
train,0,2.393e-05,
train,0,5.4e-06,
train,0,8.8e-07,
train,0,1.86e-06,
train,0,4.022e-05,
train,0,1.549e-05,
train,0,3.61e-06,
train,0,2.71e-06,
train,0,1.039e-05,
train,0,1.08e-06,
train,0,1.44e-06,
train,0,0.00047172,
train,0,7.1e-07,
train,0,1.201e-05,
train,0,6.1e-07,
train,0,7.024e-05,
train,0,6.19e-06,
train,0,4.05e-06,
train,0,1.168e-05,
train,0,2.68e-06,
train,0,1.299e-05,
train,0,5.24e-06,
train,0,4.76e-06,
train,0,7.7e-07,
train,0,2.964e-05,
train,0,1.37e-06,
train,0,8.786e-05,
train,0,0.00027259,
train,0,8e-07,
train,0,2.34e-06,
train,0,1.044e-05,
train,0,1.09e-06,
train,0,1.05e-06,
train,0,0.02074265,
train,0,1.8e-06,
train,0,5.3e-07,
train,0,2.64e-06,
train,0,9.3e-07,
train,0,1.94e-06,
train,0,1.467e-05,
train,0,3.23e-06,
train,0,1.124e-05,
train,0,1.26e-06,
train,0,9.319e-05,
train,0,1.45e-06,
train,0,1.5e-06,
train,0,2.5e-06,
train,0,9.6e-07,
train,0,4.699e-05,
train,0,4.12e-06,
train,0,0.00026179,
train,0,0.00142032,
train,0,5.8e-07,
train,0,5.97e-06,
train,0,3.39e-06,
train,0,1.32e-06,
train,0,3.57e-06,
train,0,1.92e-06,
train,0,7.6e-07,
train,0,3.485e-05,
train,0,2.15e-06,
train,0,1.66e-06,
train,0,3.63e-06,
train,0,3.82e-06,
train,0,1.18e-06,
train,0,1.443e-05,
train,0,2.884e-05,
train,0,1.02e-06,
train,0,7.98e-06,
train,0,7.5e-06,
train,0,1.05e-06,
train,0,2.52e-06,
train,0,9.6e-06,
train,0,1.91e-06,
train,0,6.3e-07,
train,0,1.48e-06,
train,0,7.7e-06,
train,0,7.3e-07,
train,0,1.602e-05,
train,0,1.18e-06,
train,0,3.63e-06,
train,0,1.6e-06,
train,0,0.00042764,
train,0,0.00011695,
train,0,2.39e-06,
train,0,2.134e-05,
train,0,4.31e-06,
train,0,1.713e-05,
train,0,2.25e-06,
train,0,8.6e-07,
train,0,5.29e-06,
train,0,2.158e-05,
train,0,1.96e-06,
train,0,3.23e-06,
train,0,1.083e-05,
train,0,6.2e-07,
train,0,0.00016088,
train,0,1.09e-05,
train,0,8.9e-07,
train,0,7.8e-07,
train,0,3.84e-06,
train,0,1.03e-06,
train,0,8.442e-05,
train,0,3.3e-06,
train,0,0.00012685,
train,0,3.334e-05,
train,0,7.3e-07,
train,0,1.38e-06,
train,0,2.55e-06,
train,0,0.00010458,
train,0,3.8e-06,
train,0,3.17e-06,
train,0,7.368e-05,
train,0,4.551e-05,
train,0,6.9e-07,
train,0,9.9e-07,
train,0,5.75e-06,
train,0,3.11e-06,
train,0,3.19e-06,
train,0,1.16e-06,
train,0,1.6e-06,
train,0,1.276e-05,
train,0,2.35e-05,
train,0,2.68e-06,
train,0,3.472e-05,
train,0,9.09e-06,
train,0,3.253e-05,
train,0,3.521e-05,
train,0,0.000206,
train,0,7.69e-06,
train,0,1.47e-06,
train,0,0.00354192,
train,0,9.9e-07,
train,0,1.28e-06,
train,0,1.2e-06,
train,0,9.8e-07,
train,0,0.00053063,
train,0,4.99e-06,
train,0,6.6e-07,
train,0,1.03e-06,
train,0,1.58e-06,
train,0,7.2e-07,
train,0,5.5e-07,
train,0,3.7e-06,
train,0,3.09e-06,
train,0,1.32e-06,
train,0,2.48e-06,
train,0,2.95e-06,
train,0,2.03e-06,
train,0,1.96e-06,
train,0,1.011e-05,
train,0,1.87e-06,
train,0,3.41e-06,
train,0,7.7e-07,
train,0,9.2e-07,
train,0,1.55e-06,
train,0,1.05e-06,
train,0,1.15e-06,
train,0,2.145e-05,
train,0,9.3e-07,
train,0,6.4e-07,
train,0,3.7e-07,
train,0,5.1e-07,
train,0,1.35e-06,
train,0,1.19e-06,
train,0,1.3e-06,
train,0,5.6e-07,
train,0,9e-07,
train,0,7.2e-07,
train,0,1.05e-06,
train,0,8.5e-07,
train,0,8.9e-07,
train,0,2.37e-06,
train,0,2.162e-05,
train,0,5.12e-06,
train,0,2.23e-06,
train,0,2.13e-06,
train,0,0.00017064,
train,0,3.75e-06,
train,0,1.08e-06,
train,0,8.7e-07,
train,0,8.3e-07,
train,0,2.04e-06,
train,0,1.71e-06,
train,0,6e-07,
train,0,3.25e-06,
train,0,9.7e-07,
train,0,5.63e-06,
train,0,1.03e-06,
train,0,6.88e-06,
train,0,3.16e-06,
train,0,4.59e-06,
train,0,1.19e-06,
train,0,6.08e-06,
train,0,1.81e-06,
train,0,1.103e-05,
train,0,9e-07,
train,0,8.1e-07,
train,0,2.14e-06,
train,0,1.842e-05,
train,0,3.11e-06,
train,0,1.3e-06,
train,0,3.78e-06,
train,0,3.33e-06,
train,0,8.1e-07,
train,0,2.22e-05,
train,0,3.94e-06,
train,0,4.61e-06,
train,0,1.05e-06,
train,0,4.13e-06,
train,0,6.25e-06,
train,0,1.286e-05,
train,0,0.00011557,
train,0,2.325e-05,
train,0,4.15e-06,
train,0,1.26e-06,
train,0,5.89e-06,
train,0,2.67e-06,
train,0,3.616e-05,
train,0,2.09e-06,
train,0,1.118e-05,
train,0,3.56e-06,
train,0,5.1e-07,
train,0,4.04e-06,
train,0,3.9e-06,
train,0,1.999e-05,
train,0,1.23e-06,
train,0,5.91e-06,
train,0,3.016e-05,
train,0,1.9e-06,
train,0,2.22e-06,
train,0,2.65e-06,
train,0,3.38e-06,
train,0,1.32e-06,
train,0,4.7e-07,
train,0,8.7e-07,
train,0,1.51e-06,
train,0,3.14e-06,
train,0,3.062e-05,
train,0,2.5e-06,
train,0,4.35e-06,
train,0,4.3e-06,
train,0,5.93e-06,
train,0,0.00013573,
train,0,2.968e-05,
train,0,3.67e-06,
train,0,1.227e-05,
train,0,1.21e-06,
train,0,3.4e-07,
train,0,3.68e-06,
train,0,1.13e-06,
train,0,0.00841159,
train,0,4.29e-06,
train,0,1.76e-06,
train,0,1.32e-06,
train,0,5.38e-06,
train,0,4.418e-05,
train,0,1.43e-06,
train,0,1.783e-05,
train,0,5.03e-06,
train,0,3.99e-06,
train,0,6.32e-06,
train,0,1.274e-05,
train,0,2.114e-05,
train,0,3.944e-05,
train,0,5.7e-06,
train,0,1.436e-05,
train,0,1.89e-06,
train,0,7.275e-05,
train,0,1.82e-06,
train,0,3.11e-06,
train,0,5.32e-06,
train,0,4.8e-07,
train,0,5.99e-06,
train,0,1.88e-06,
train,0,2.73e-06,
train,0,5.75e-05,
train,0,5.97e-06,
train,0,6.32e-06,
train,0,0.00489218,
train,0,8.36e-06,
train,0,1.028e-05,
train,0,2.836e-05,
train,0,3.167e-05,
train,0,1.65e-06,
train,0,2.784e-05,
train,0,1.79e-06,
train,0,2.425e-05,
train,0,6.9e-07,
train,0,1.76e-06,
train,0,1.363e-05,
train,0,2.35e-06,
train,0,2.438e-05,
train,0,1.64e-06,
train,0,9.93e-06,
train,0,2.065e-05,
train,0,0.00011028,
train,0,2.59e-06,
train,0,0.00281396,
train,0,2.31e-06,
train,0,1.531e-05,
train,0,7.73e-06,
train,0,4.89e-06,
train,0,1.186e-05,
train,1,0.99793753,
train,0,9.64e-06,
train,0,2.62e-06,
train,0,1.99e-06,
train,0,3.01e-06,
train,1,0.99980958,
train,0,4.036e-05,
train,0,1.62e-06,
train,0,6.7e-07,
train,0,8.79e-06,
train,0,7.92e-06,
train,0,6.17e-06,
train,1,0.99988199,
train,0,6.749e-05,
train,0,1.21e-06,
train,0,7.74e-06,
train,0,9.67e-06,
train,0,1.096e-05,
train,0,3.15e-06,
train,0,2.1e-06,
train,0,1.97e-06,
train,0,4.6e-06,
train,0,5.6e-06,
train,0,1.47e-06,
train,0,3.1e-05,
train,0,5.809e-05,
train,1,0.99984844,
train,0,2.36e-06,
train,0,1.26e-06,
train,0,5.05e-06,
train,1,0.99984758,
train,0,1.53e-06,
train,0,1.41e-06,
train,0,1.83e-06,
train,0,3.46e-06,
train,0,2e-06,
train,0,2.45e-06,
train,0,0.00137285,
train,0,8.3e-07,
train,0,2.03e-06,
train,0,1.32e-06,
train,0,0.00537728,
train,0,1.515e-05,
train,0,6.05e-06,
train,0,7.2e-07,
train,0,6.94e-06,
train,0,1.17e-06,
train,0,7e-07,
train,0,6.09e-06,
train,0,1.35e-06,
train,0,3.74e-06,
train,0,1.28e-06,
train,0,2.59e-06,
train,0,6.4e-07,
train,0,7.81e-06,
train,0,3.083e-05,
train,0,7.93e-06,
train,0,7.705e-05,
train,0,0.00011158,
train,0,1.32e-06,
train,0,2.85e-06,
train,0,1.01e-06,
train,0,6.7e-07,
train,0,4.38e-06,
train,0,2.29e-06,
train,0,2.394e-05,
train,0,6.4e-07,
train,0,3.56e-06,
train,0,1.39e-06,
train,0,6.9e-07,
train,0,2.6e-06,
train,0,1.01e-06,
train,0,3.18e-06,
train,0,1.19e-06,
train,0,4.015e-05,
train,0,2.864e-05,
train,0,1.07e-06,
train,0,4.04e-06,
train,0,1.96e-06,
train,0,3.22e-06,
train,0,2.599e-05,
train,0,4.3e-06,
train,0,1.79e-06,
train,0,6.8e-07,
train,0,4.46e-06,
train,0,9e-06,
train,0,1.294e-05,
train,0,2.376e-05,
train,0,2.59e-06,
train,0,1.285e-05,
train,0,2.7e-06,
train,0,1.382e-05,
train,0,5.76e-06,
train,0,7.24e-06,
train,0,8.8e-07,
train,0,1.33e-05,
train,0,2.45e-06,
train,0,5.83e-06,
train,0,5.04e-06,
train,0,1.371e-05,
train,0,4.25e-06,
train,0,7.21e-06,
train,0,2.621e-05,
train,0,1.14e-06,
train,0,1.44e-06,
train,0,3.37e-06,
train,0,2.04e-06,
train,0,1.218e-05,
train,0,1.989e-05,
train,0,8.15e-06,
train,0,8.3e-06,
train,0,1.542e-05,
train,0,1.29e-06,
train,0,3.25e-06,
train,0,3.2e-06,
train,0,1.298e-05,
train,0,7.839e-05,
train,0,8.1e-07,
train,0,4.03e-06,
train,0,3.675e-05,
train,0,6.4e-07,
train,0,5.84e-06,
train,0,4.92e-06,
train,0,3.27e-06,
train,0,7.2e-06,
train,0,3.75e-06,
train,0,6.7e-07,
train,0,2.478e-05,
train,0,1.1e-06,
train,0,6.95e-06,
train,0,2.31e-06,
train,0,2.19e-06,
train,0,2.55e-06,
train,0,1.97e-06,
train,0,5.5e-07,
train,0,7.4e-06,
train,0,5.91e-06,
train,0,9.2e-07,
train,0,1.32e-06,
train,0,3.68e-06,
train,0,1.06e-06,
train,0,2.39e-06,
train,0,7.79e-06,
train,0,4.9e-07,
train,0,2.47e-06,
train,0,5.62e-06,
train,0,1.02e-06,
train,0,9.4e-07,
train,0,7e-07,
train,0,1.43e-06,
train,0,5.5e-07,
train,0,5e-07,
train,0,4.2e-07,
train,0,3.8e-07,
train,0,8.8e-07,
train,0,5.7e-07,
train,0,9.6e-07,
train,0,3.35e-06,
train,0,2.59e-06,
train,0,1.07e-06,
train,0,1.28e-06,
train,0,9.69e-06,
train,0,2.8e-07,
train,0,5.57e-06,
train,0,1.54e-06,
train,0,8.9e-07,
train,0,2.28e-06,
train,0,1.51e-06,
train,0,9.8e-07,
train,0,0.371481,
train,0,3.973e-05,
train,0,6.9e-07,
train,0,2.74e-06,
train,0,8e-07,
train,0,5.1e-07,
train,0,8.24e-06,
train,0,1.67e-06,
train,0,9e-07,
train,0,7.3e-07,
train,0,4e-07,
train,0,3.4e-07,
train,0,3.93e-06,
train,0,3.89e-06,
train,0,1.15e-05,
train,0,5.6e-07,
train,1,0.9992541,
train,0,1.94e-06,
train,0,6.5e-07,
train,0,3.89e-06,
train,0,4.952e-05,
train,0,0.00016894,
train,0,4.96e-06,
train,0,9.9e-07,
train,0,7.4e-07,
train,0,9.21e-06,
train,0,2.68e-06,
train,0,8.3e-07,
train,0,6.7e-07,
train,0,5.1e-07,
train,0,6.3e-07,
train,0,6.6e-07,
train,0,1.25e-06,
train,0,3.3e-07,
train,0,1.346e-05,
train,0,3.6e-06,
train,0,1.01e-06,
train,0,7.3e-07,
train,0,7.39e-06,
train,1,0.99967627,
train,0,1.7e-06,
train,0,2.18e-06,
train,0,1.81e-06,
train,0,1.05e-06,
train,0,1.65e-06,
train,0,1.79e-06,
train,0,5.4e-07,
train,0,1.385e-05,
train,0,6.3e-07,
train,0,4.73e-06,
train,0,1.55e-06,
train,0,2.95e-06,
train,0,1.681e-05,
train,0,8.1e-07,
train,0,6.7e-07,
train,0,3.51e-05,
train,0,8.58e-06,
train,0,2.02e-06,
train,0,1.02e-05,
train,0,0.00013266,
train,0,2.31e-06,
train,0,2.82e-06,
train,0,2.66e-06,
train,0,8.709e-05,
train,0,1.88e-06,
train,1,0.99982764,
train,0,1.51e-06,
train,0,2.21e-06,
train,0,1.012e-05,
train,0,1.97e-06,
train,0,1.15e-06,
train,0,5.97e-06,
train,0,6.89e-06,
train,0,3.18e-06,
train,0,1.53e-06,
train,0,5.09e-06,
train,0,3.59e-06,
train,0,5.71e-06,
train,0,1.09e-06,
train,0,2.58e-06,
train,0,2.72e-06,
train,0,1.43e-06,
train,0,5.79e-06,
train,0,4.64e-06,
train,0,0.00048247,
train,0,2.32e-06,
train,0,0.02515691,
train,0,5.92e-06,
train,0,6.52e-06,
train,0,7.7e-07,
train,0,2.28e-06,
train,0,3.295e-05,
train,0,1.34e-06,
train,0,1.489e-05,
train,0,2.61e-06,
train,0,1.31e-06,
train,0,1.326e-05,
train,0,4.5e-07,
train,0,5.7e-07,
train,0,3.52e-06,
train,0,0.00013149,
train,0,2.24e-06,
train,0,8.3e-07,
train,0,7.2e-07,
train,0,2.055e-05,
train,0,2.52e-06,
train,0,9.14e-06,
train,0,2.95e-06,
train,0,1.48e-06,
train,0,5.59e-06,
train,0,2.71e-06,
train,0,1.217e-05,
train,0,4.01e-06,
train,0,0.00687508,
train,0,0.00011622,
train,0,4.28e-06,
train,0,1.06e-06,
train,0,2.29e-06,
train,0,4.93e-06,
train,0,1.68e-06,
train,0,3.33e-06,
train,0,3.13e-06,
train,0,9.4e-07,
train,0,5.79e-06,
train,0,1.09e-06,
train,0,1.39e-06,
train,0,2.36e-06,
train,0,8.68e-06,
train,0,7.75e-06,
train,0,2.86e-06,
train,0,2.2e-06,
train,0,2.12e-06,
train,0,8.19e-06,
train,0,1.88e-06,
train,0,2.82e-06,
train,0,1.797e-05,
train,0,1.53e-06,
train,0,5.4e-06,
train,0,6.23e-06,
train,0,1.27e-06,
train,1,0.99810158,
train,0,1.53e-05,
train,0,1.43e-06,
train,0,1.05e-06,
train,0,2.8e-06,
train,0,1.207e-05,
train,1,0.99905734,
train,0,0.00060755,
train,1,0.99985584,
train,0,4.08e-06,
train,1,0.99985668,
train,0,9.4e-07,
train,1,0.99985481,
train,0,4.455e-05,
train,0,4.3e-06,
train,0,8.834e-05,
train,0,3.06e-06,
train,0,1.01e-06,
train,0,2.467e-05,
train,0,2.53e-06,
train,0,2.222e-05,
train,0,7.23e-06,
train,0,2.764e-05,
train,0,9.17e-06,
train,0,1.29e-06,
train,0,2.06e-06,
train,0,3e-06,
train,0,1.06e-06,
train,0,9.2e-06,
train,0,2.003e-05,
train,0,3.67e-06,
train,0,0.00010146,
train,0,5.84e-06,
train,0,0.08790422,
train,0,3.01e-06,
train,0,1.2e-06,
train,0,1.43e-06,
train,0,1.69e-06,
train,0,1.05e-06,
train,0,2.8e-07,
train,0,8e-06,
train,0,9.018e-05,
train,0,3.504e-05,
train,0,0.00105995,
train,0,1.8e-06,
train,0,2.2e-06,
train,0,8.18e-06,
train,0,3.67e-06,
train,0,1.818e-05,
train,0,8.3e-07,
train,0,6.1e-07,
train,0,8.7e-07,
train,0,2.89e-06,
train,0,1.32e-06,
train,0,1.18e-06,
train,0,1.04e-06,
train,0,1.97e-06,
train,0,1.15e-06,
train,0,2.004e-05,
train,1,0.99955037,
train,0,6.1e-07,
train,0,1.54e-06,
train,0,5.57e-06,
train,0,2e-06,
train,0,2.26e-06,
train,0,1.56e-06,
train,0,1.5e-06,
train,0,1.53e-06,
train,0,7.51e-06,
train,0,3.731e-05,
train,0,9.1e-07,
train,1,0.99781935,
train,0,9.71e-06,
train,0,1.15e-05,
train,1,0.9993703,
train,0,3.68e-06,
train,0,2.99e-06,
train,0,3.26e-06,
train,0,5.21e-06,
train,1,0.99958209,
train,0,2.57e-06,
train,1,0.9998397,
train,0,2.25e-06,
train,0,9.19e-06,
train,0,9.42e-06,
train,0,2.89e-05,
train,0,5.88e-06,
train,0,9.2e-07,
train,0,1.669e-05,
train,0,7.29e-06,
train,0,8.7e-07,
train,0,4.63e-06,
train,0,5.74e-06,
train,0,0.00075064,
train,0,6.34e-06,
train,0,3.438e-05,
train,0,1.32e-06,
train,0,7.96e-06,
train,0,2.66e-06,
train,0,2.91e-06,
train,0,8e-07,
train,0,0.00516925,
train,0,7.04e-06,
train,0,3.086e-05,
train,0,3.76e-06,
train,0,6.5e-07,
train,0,7.85e-06,
train,0,3.38e-06,
train,0,2.21e-06,
train,0,6.2e-07,
train,0,1.467e-05,
train,0,3.2e-06,
train,0,1.15e-06,
train,0,2.88e-06,
train,0,1.472e-05,
train,0,4.89e-06,
train,0,1.76e-06,
train,0,8e-07,
train,0,2.43e-06,
train,0,0.00011914,
train,0,1.069e-05,
train,1,0.9966981,
train,0,2.068e-05,
train,0,1.058e-05,
train,0,1.77e-06,
train,0,1.07e-06,
train,0,6.2e-07,
train,0,5.4e-07,
train,0,8.36e-06,
train,0,2.68e-06,
train,0,6.52e-06,
train,0,9.97e-06,
train,0,2.603e-05,
train,0,1.3e-06,
train,0,1.56e-06,
train,0,1.15e-06,
train,0,2.67e-06,
train,0,4.07e-06,
train,0,1.01e-06,
train,0,4.47e-06,
train,0,1.228e-05,
train,0,1.4e-06,
train,0,6.8e-07,
train,0,7.48e-06,
train,0,2.94e-06,
train,0,3.33e-06,
train,0,6.6e-07,
train,0,2.58e-06,
train,0,1.62e-06,
train,0,4.95e-06,
train,0,8e-07,
train,0,1.449e-05,
train,0,1.39e-06,
train,0,4.03e-06,
train,0,4.28e-06,
train,0,4.77e-06,
train,0,9.54e-06,
train,0,1.28e-06,
train,0,4.765e-05,
train,0,7.4e-06,
train,0,7.6e-07,
train,0,4.36e-06,
train,0,6.3e-07,
train,0,5.68e-06,
train,0,5.3e-07,
train,0,3.52e-06,
train,0,6.13e-06,
train,0,1.74e-06,
train,0,3.16e-06,
train,0,4.51e-06,
train,0,8.7e-07,
train,0,1.36e-06,
train,0,3.15e-06,
train,0,2.395e-05,
train,0,3.25e-06,
train,0,4.36e-06,
train,0,1.2e-06,
train,0,2.87e-06,
train,0,1.157e-05,
train,0,1.151e-05,
train,0,9.1e-07,
train,0,2.07e-06,
train,0,1.63e-06,
train,0,1.52e-06,
train,0,4.4e-07,
train,0,4.5e-07,
train,0,6.18e-06,
train,0,1.72e-06,
train,0,1.18e-06,
train,0,1.57e-06,
train,0,5.7e-07,
train,0,8.3e-07,
train,0,1.711e-05,
train,0,0.00465604,
train,0,1.08e-06,
train,0,1.83e-06,
train,0,7.8e-07,
train,0,3.686e-05,
train,0,2.84e-06,
train,0,1.85e-06,
train,0,1.79e-06,
train,0,6.465e-05,
train,0,0.00880128,
train,0,6.32e-06,
train,0,1.95e-06,
train,0,0.04762666,
train,0,1.875e-05,
train,0,3.96e-06,
train,0,9.87e-06,
train,0,7.14e-06,
train,0,2.18e-06,
train,0,3.71e-06,
train,0,5.43e-06,
train,0,7.6e-06,
train,0,5.63e-06,
train,0,6.8e-06,
train,0,0.01373261,
train,0,5.8e-07,
train,0,3.8e-07,
train,0,1.12e-06,
train,0,8.9e-07,
train,0,1.13e-06,
train,0,1.365e-05,
train,0,8.2e-07,
train,0,3.45e-06,
train,0,7.315e-05,
train,0,3.1e-07,
train,0,0.00030934,
train,0,8.02e-06,
train,0,5.2e-07,
train,0,0.00036708,
train,0,2.03e-06,
train,0,1.51e-06,
train,0,1.44e-06,
train,0,1.014e-05,
train,0,4.62e-06,
train,0,1.822e-05,
train,0,2.253e-05,
train,0,2.02e-06,
train,0,1.3e-06,
train,0,0.00014501,
train,0,2.9e-05,
train,0,3.703e-05,
train,0,2.51e-06,
train,0,1.74e-06,
train,0,0.00020007,
train,0,5.8e-07,
train,0,4.1e-07,
train,0,1.17e-06,
train,0,6.04e-06,
train,0,1.56e-06,
train,0,1.166e-05,
train,0,1.7e-06,
train,0,0.00050117,
train,0,5.27e-06,
train,0,7.35e-06,
train,0,7.6e-07,
train,0,1.2e-06,
train,0,0.00028956,
train,0,1.15e-06,
train,0,2.47e-06,
train,0,3.258e-05,
train,0,4.21e-06,
train,0,0.00649945,
train,0,9.05e-06,
train,0,3.88e-06,
train,0,7.52e-06,
train,0,3.57e-06,
train,0,4.211e-05,
train,0,1.16e-06,
train,0,1.71e-06,
train,0,0.04061011,
train,0,4.647e-05,
train,0,1.026e-05,
train,0,1.95e-06,
train,0,3.44e-06,
train,0,1.56e-06,
train,0,5.8e-07,
train,0,1.08e-06,
train,0,3.96e-06,
train,0,1.17e-06,
train,0,6.5e-07,
train,0,1.5e-06,
train,0,9.71e-06,
train,0,1.64e-06,
train,0,2.95e-06,
train,0,1.008e-05,
train,0,9.37e-06,
train,0,2.61e-06,
train,0,4.48e-06,
train,0,2.27e-06,
train,0,7.3e-07,
train,0,9e-07,
train,0,1.09e-06,
train,0,3.551e-05,
train,0,9.9e-07,
train,0,1.06e-06,
train,0,1.067e-05,
train,0,2.33e-06,
train,0,4.2e-07,
train,0,3.35e-06,
train,0,2.3e-07,
train,0,2.73e-06,
train,0,8.5e-07,
train,0,1.14e-06,
train,0,3.8e-07,
train,0,1.71e-06,
train,0,3.57e-06,
train,0,1.146e-05,
train,0,2.47e-06,
train,0,3.6e-07,
train,0,1.414e-05,
train,0,3.05e-06,
train,0,2.28e-06,
train,0,8.8e-07,
train,1,0.9946484,
train,0,2.802e-05,
train,0,1.08e-06,
train,0,6.9e-07,
train,0,2.13e-06,
train,0,1.99e-06,
train,0,3.23e-06,
train,0,5.72e-06,
train,0,2.45e-06,
train,0,2.13e-06,
train,0,1.52e-05,
train,0,1.28e-06,
train,0,1.095e-05,
train,0,2.637e-05,
train,0,2.63e-06,
train,0,9.7e-07,
train,0,1.403e-05,
train,0,1.14e-06,
train,0,6.03e-06,
train,0,2.02e-06,
train,0,7.3e-07,
train,0,1.015e-05,
train,0,0.00075532,
train,0,7.39e-05,
train,0,4.04e-06,
train,0,5.125e-05,
train,0,2.69e-06,
train,0,0.00061992,
train,0,4.83e-06,
train,0,1.519e-05,
train,0,2.731e-05,
train,0,1.205e-05,
train,0,4.7e-06,
train,0,9.9e-07,
train,0,3.41e-06,
train,0,6.219e-05,
train,0,1.78e-06,
train,0,9.36e-06,
train,0,6.7e-07,
train,0,2.676e-05,
train,0,8.39e-06,
train,0,2.083e-05,
train,0,1.45e-06,
train,0,6.178e-05,
train,0,4.33e-06,
train,0,2.66e-06,
train,1,0.9993805,
train,0,8.4e-07,
train,0,3.13e-06,
train,0,3.82e-06,
train,0,6.4e-06,
train,0,7.7e-06,
train,0,5.53e-06,
train,0,3.51e-06,
train,0,1.46e-06,
train,0,1.407e-05,
train,0,3.577e-05,
train,0,2.554e-05,
train,0,9.6e-07,
train,0,7.2e-07,
train,0,1.27e-06,
train,0,9.85e-06,
train,0,1.46e-06,
train,0,2.29e-06,
train,0,0.00012062,
train,0,3.43e-06,
train,0,1.55e-06,
train,0,7.9e-07,
train,1,0.99970486,
train,0,1.84e-06,
train,0,3.81e-06,
train,0,0.0005872,
train,0,1.02e-06,
train,0,5.48e-06,
train,0,1.608e-05,
train,0,2.73e-06,
train,0,2.4e-06,
train,0,2.14e-06,
train,0,0.00065541,
train,0,1.232e-05,
train,0,8.2e-07,
train,0,2.58e-06,
train,0,2.25e-06,
train,0,5.381e-05,
train,0,1.119e-05,
train,0,1.736e-05,
train,0,9.5e-07,
train,0,1.255e-05,
train,0,7.1e-07,
train,0,5.24e-06,
train,0,1.99e-06,
train,0,4.577e-05,
train,0,1.85e-06,
train,0,0.00014533,
train,0,6e-07,
train,0,1.33e-06,
train,0,0.00028294,
train,0,6.15e-06,
train,0,2.73e-06,
train,0,1.629e-05,
train,0,2.89e-06,
train,0,1.596e-05,
train,0,9.2e-07,
train,0,2.89e-06,
train,0,1.488e-05,
train,0,9.39e-06,
train,0,7.4e-07,
train,0,0.00010336,
train,0,1.14e-05,
train,0,6.8e-07,
train,0,4.59e-06,
train,0,7.57e-06,
train,0,0.00088166,
train,0,9.2e-07,
train,0,1.53e-06,
train,0,3.47e-06,
train,1,0.99794158,
train,0,2.57e-06,
train,0,2.09e-06,
train,0,7.332e-05,
train,0,0.0011709,
train,1,0.99982785,
train,0,4.04e-06,
train,0,1.522e-05,
train,0,1.026e-05,
train,0,6.8e-07,
train,0,2.34e-06,
train,0,4.51e-06,
train,0,4.21e-06,
train,1,0.99988175,
train,0,1.55e-06,
train,0,4.91e-06,
train,0,2.95e-06,
train,0,0.00012156,
train,0,3.707e-05,
train,0,6.81e-06,
train,0,4.61e-06,
train,0,5.8e-07,
train,0,2.177e-05,
train,0,0.68475957,
train,0,8.6e-07,
train,0,4.21e-06,
train,0,1.37e-06,
train,0,9.5e-07,
train,0,2.47e-06,
train,0,8.1e-06,
train,0,2.211e-05,
train,0,1.17e-06,
train,0,1.38e-06,
train,0,3.61e-06,
train,0,2.1e-06,
train,0,3.35e-06,
train,0,9.2e-07,
train,0,1.192e-05,
train,0,2.98e-06,
train,0,1.6e-05,
train,0,1.64e-06,
train,0,4.67e-06,
train,0,6.89e-06,
train,0,2.23e-06,
train,0,1.213e-05,
train,0,4.59e-06,
train,0,1.83e-06,
train,0,3.48e-06,
train,0,3.2e-06,
train,0,3.62e-06,
train,0,8.1e-07,
train,0,5.35e-06,
train,0,3.04e-06,
train,0,1.21e-06,
train,0,1.4e-06,
train,0,1.007e-05,
train,0,6.8e-06,
train,0,3.42e-06,
train,0,2.64e-06,
train,0,2.536e-05,
train,0,6.24e-06,
train,0,5.4e-06,
train,0,1.22e-06,
train,0,5.19e-06,
train,0,6.35e-06,
train,0,5.32e-06,
train,0,1.8e-06,
train,0,2.12e-06,
train,0,1.42e-06,
train,0,1.56e-06,
train,0,7.01e-06,
train,0,0.00010497,
train,0,2.48e-06,
train,0,1.12e-06,
train,0,5.89e-06,
train,0,5.64e-06,
train,0,6.29e-06,
train,0,3.03e-06,
train,0,1.1e-06,
train,0,2.05e-06,
train,0,9.02e-06,
train,0,6.37e-06,
train,0,7.35e-06,
train,0,6.59e-06,
train,0,1.363e-05,
train,0,1.5e-06,
train,0,9.9e-07,
train,0,1.57e-06,
train,0,1.33e-06,
train,0,5.3e-06,
train,0,3.32e-06,
train,0,4.5e-07,
train,0,7.8e-07,
train,0,5.68e-06,
train,0,4.4e-06,
train,0,1.91e-06,
train,0,8.2e-07,
train,0,3.16e-06,
train,0,4.35e-06,
train,0,4.614e-05,
train,0,5.79e-06,
train,0,3.12e-06,
train,0,1.81e-06,
train,0,1.174e-05,
train,0,2.59e-06,
train,0,6.17e-06,
train,0,3.43e-06,
train,0,3.37e-06,
train,0,2.17e-06,
train,0,1.55e-06,
train,0,2.57e-06,
train,0,2.6e-06,
train,0,1.21e-06,
train,0,7.25e-06,
train,0,3.9e-06,
train,0,5.1e-07,
train,0,9.9e-07,
train,0,6e-07,
train,0,9.94e-06,
train,0,4.6e-07,
train,0,1.63e-06,
train,0,9.2e-07,
train,0,6.2e-07,
train,0,6.3e-07,
train,0,3.56e-06,
train,0,1.05e-06,
train,0,8.4e-07,
train,0,3.961e-05,
train,0,6.8e-07,
train,0,9.7e-07,
train,0,1.17e-06,
train,0,8.8e-07,
train,0,8.7e-07,
train,0,3.46e-06,
train,0,1.46e-06,
train,0,5.9e-07,
train,0,3.59e-06,
train,0,2.73e-06,
train,0,6.33e-06,
train,0,5.7e-07,
train,0,5.1e-07,
train,0,8.2e-07,
train,0,1.619e-05,
train,0,1.56e-06,
train,0,2.787e-05,
train,0,7.2e-07,
train,0,9.1e-07,
train,0,2.43e-06,
train,0,8e-07,
train,0,1.84e-06,
train,0,7.2e-07,
train,0,3.53e-06,
train,0,1.662e-05,
train,0,0.00042955,
train,0,1.86e-06,
train,0,1.92e-06,
train,0,1.81e-06,
train,0,1.54e-06,
train,0,2.24e-06,
train,0,1.08e-06,
train,0,6.77e-06,
train,0,6.4e-07,
train,0,6.12e-06,
train,0,2.16e-06,
train,0,1.53e-06,
train,0,3.8e-07,
train,0,1.31e-06,
train,0,9.6e-07,
train,0,9.4e-07,
train,0,2.74e-06,
train,0,7.9e-07,
train,0,1.72e-06,
train,0,2.28e-06,
train,0,8.6e-07,
train,0,3.485e-05,
train,0,1.05e-06,
train,0,2.7e-07,
train,0,3.87e-06,
train,0,2.39e-06,
train,0,1.075e-05,
train,0,1.9e-06,
train,0,1.11e-06,
train,0,8.189e-05,
train,0,7.572e-05,
train,0,3.73e-06,
train,0,1.71e-06,
train,0,4.06e-06,
train,0,1.1e-06,
train,0,3.6e-07,
train,0,6.58e-06,
train,0,2.99e-06,
train,0,1.47e-06,
train,0,2.96e-06,
train,0,3.19e-06,
train,0,8.745e-05,
train,0,3.89e-06,
train,0,3.36e-06,
train,0,2.21e-06,
train,0,2.8e-06,
train,0,7.66e-06,
train,0,4.44e-06,
train,0,9.843e-05,
train,0,3.207e-05,
train,0,1.66e-06,
train,0,2.1e-06,
train,0,3.04e-06,
train,0,4.12e-06,
train,0,1.86e-06,
train,0,0.00024645,
train,0,7.16e-06,
train,0,3.19e-06,
train,0,4.96e-06,
train,0,1.456e-05,
train,0,2.405e-05,
train,0,1.03e-06,
train,0,4.66e-06,
train,0,0.00051419,
train,0,2.78e-06,
train,0,5.78e-06,
train,0,6.71e-06,
train,0,7.2e-07,
train,0,2.12e-06,
train,0,0.0001087,
train,0,2.61e-06,
train,0,2.09e-06,
train,0,2.15e-06,
train,0,2.239e-05,
train,0,6.2e-07,
train,0,2.195e-05,
train,0,9.77e-06,
train,0,3.1e-06,
train,0,5.01e-06,
train,0,2.54e-06,
train,0,2.46e-06,
train,0,5.7e-07,
train,0,3.13e-06,
train,0,3.18e-06,
train,0,1.75e-06,
train,0,6.19e-06,
train,0,1.83e-06,
train,0,6.53e-06,
train,0,1.221e-05,
train,0,3.74e-06,
train,0,3.79e-06,
train,0,9.85e-06,
train,0,4.7e-07,
train,0,1.149e-05,
train,0,0.00034537,
train,0,1.32e-06,
train,0,2.1e-07,
train,0,1.55e-06,
train,0,1.547e-05,
train,0,6.1e-06,
train,0,2.87e-06,
train,0,2.3e-06,
train,0,1.06e-06,
train,0,2.41e-06,
train,0,1.21e-06,
train,0,5.64e-06,
train,0,3.6e-06,
train,0,6.6e-07,
train,0,1.31e-06,
train,0,2.65e-06,
train,0,8.996e-05,
train,0,7.51e-06,
train,0,3.32e-06,
train,0,0.44438999,
train,0,0.00862921,
train,0,2.56e-06,
train,0,1.325e-05,
train,0,9.52e-06,
train,0,5.06e-06,
train,0,2e-06,
train,0,0.00075195,
train,0,4.9e-06,
train,0,1.875e-05,
train,0,1.7e-06,
train,1,0.99883534,
train,0,6.11e-06,
train,0,1.24e-06,
train,0,1.56e-06,
train,0,5.97e-06,
train,0,5.065e-05,
train,0,5.55e-06,
train,0,0.00015773,
train,0,1.39e-06,
train,0,1.06e-06,
train,0,2.49e-06,
train,0,1.951e-05,
train,0,2.23e-06,
train,0,2.88e-06,
train,0,3.83e-06,
train,0,3.18e-06,
train,0,5.3e-06,
train,0,2.4e-06,
train,0,6.2e-06,
train,0,0.27509673,
train,0,0.00064767,
train,0,9.7e-07,
train,0,1.011e-05,
train,0,1.773e-05,
train,0,7.9e-07,
train,0,3.08e-06,
train,0,8.69e-06,
train,0,8.2e-07,
train,0,3.04e-06,
train,0,1.427e-05,
train,0,2.802e-05,
train,0,4.82e-06,
train,0,4.09e-06,
train,0,8.594e-05,
train,0,6.7e-07,
train,0,0.00100791,
train,0,4.05e-06,
train,0,1.77e-06,
train,0,1.429e-05,
train,0,1.65e-06,
train,0,6e-06,
train,0,7.86e-06,
train,0,1.8e-06,
train,0,1.11e-05,
train,0,1.079e-05,
train,0,2.7e-06,
train,0,4.28e-06,
train,0,3.47e-06,
train,0,3.63e-06,
train,0,1.44e-06,
train,0,2.64e-06,
train,0,6.14e-06,
train,0,9.53e-06,
train,0,4.78e-06,
train,0,4.59e-06,
train,0,2.87e-06,
train,0,1.257e-05,
train,0,2.29e-06,
train,0,4.73e-06,
train,0,2.41e-06,
train,0,3.74e-06,
train,0,3.39e-06,
train,0,4.644e-05,
train,0,7.977e-05,
train,0,1.762e-05,
train,0,1.279e-05,
train,0,9.1e-07,
train,0,4.05e-06,
train,0,8.5e-07,
train,0,4.347e-05,
train,0,0.0005492,
train,0,2.33e-06,
train,0,1.99e-06,
train,0,3.85e-06,
train,0,6.82e-06,
train,0,1.78e-06,
train,0,8.1e-07,
train,0,1.981e-05,
train,0,8.3e-07,
train,0,1.08e-06,
train,0,1.57e-06,
train,0,6.2e-07,
train,0,2.4e-06,
train,0,1.64e-06,
train,0,1.65e-06,
train,0,3.75e-06,
train,0,7.46e-06,
train,0,5.91e-06,
train,0,5.3e-06,
train,0,1.42e-06,
train,0,1.23e-06,
train,0,4.588e-05,
train,0,2.64e-06,
train,0,6.36e-06,
train,0,1.45e-05,
train,0,1.4e-06,
train,0,1.32e-06,
train,0,3.15e-06,
train,0,9.5e-07,
train,0,3e-06,
train,0,1.307e-05,
train,0,1.9e-06,
train,0,4.46e-06,
train,0,1.367e-05,
train,0,3.09e-06,
train,0,2.14e-06,
train,0,1.051e-05,
train,0,2.34e-06,
train,0,3.75e-06,
train,0,1.93e-06,
train,0,7.4e-07,
train,0,6.8e-06,
train,0,4.99e-06,
train,0,3.01e-06,
train,0,1.92e-06,
train,0,5.1e-06,
train,0,2.884e-05,
train,0,1.5e-06,
train,0,1.422e-05,
train,0,1.74e-06,
train,0,0.00322476,
train,0,1.43e-06,
train,0,2.87e-06,
train,0,9.04e-06,
train,0,1.89e-06,
train,0,1.11e-06,
train,0,4.18e-06,
train,0,2.03e-06,
train,0,7.5e-07,
train,0,2.04e-06,
train,0,2.77e-06,
train,0,1.92e-06,
train,0,7.88e-06,
train,0,1.9e-06,
train,0,8.61e-06,
train,0,1e-06,
train,0,3.24e-06,
train,0,1.33e-06,
train,0,7.4e-07,
train,0,1.03e-06,
train,0,1.63e-06,
train,0,1.03e-06,
train,0,1.66e-06,
train,0,8.6e-07,
train,0,6.4e-07,
train,0,7.3e-07,
train,0,1.63e-06,
train,0,4.2e-07,
train,0,8.6e-07,
train,0,1.15e-06,
train,0,9.2e-07,
train,0,5.8e-07,
train,0,1.41e-06,
train,0,6e-07,
train,0,8.9e-07,
train,0,7.89e-06,
train,0,7.5e-07,
train,0,7.63e-06,
train,0,9.1e-07,
train,0,7.4e-07,
train,0,0.00051371,
train,0,1.45e-06,
train,0,1.22e-06,
train,0,3.12e-06,
train,0,4.9e-07,
train,0,1.437e-05,
train,0,1.252e-05,
train,0,5.8e-07,
train,0,9e-07,
train,0,4.2e-07,
train,0,1.45e-06,
train,0,0.00139887,
train,0,6.7e-07,
train,0,8.81e-06,
train,1,0.99920519,
train,0,3.03e-06,
train,0,7.3e-07,
train,0,8.3e-07,
train,0,6.6e-07,
train,0,1.45e-06,
train,0,1.7e-06,
train,0,8.98e-06,
train,0,1.41e-06,
train,0,0.00019531,
train,0,4.3e-07,
train,0,1.34e-06,
train,0,2.61e-06,
train,0,3.69e-06,
train,0,3.52e-06,
train,0,1.279e-05,
train,0,4.28e-06,
train,0,7.7e-07,
train,0,7.3e-07,
train,0,3.73e-06,
train,0,1.18e-06,
train,0,1.218e-05,
train,0,1.16e-06,
train,0,1.34e-06,
train,0,6.1e-07,
train,0,8.12e-06,
train,0,2.94e-06,
train,0,3.29e-06,
train,0,2.8e-06,
train,0,6.18e-06,
train,0,1.472e-05,
train,0,5.4e-07,
train,0,1.1e-06,
train,0,1.943e-05,
train,0,1.55e-06,
train,0,2.46e-06,
train,0,2.68e-06,
train,0,7.2e-07,
train,0,1.41e-06,
train,0,6.22e-06,
train,0,1.64e-06,
train,0,1.02e-06,
train,0,1.84e-06,
train,0,6.9e-07,
train,0,1.37e-05,
train,0,7.2e-07,
train,0,5.3e-07,
train,0,2.48e-06,
train,0,2.35e-06,
train,0,2.89e-06,
train,0,2.21e-06,
train,0,1.034e-05,
train,0,2.41e-06,
train,0,1.6e-06,
train,0,9.9e-07,
train,0,6.8e-07,
train,0,1.58e-06,
train,0,2.465e-05,
train,0,3.02e-06,
train,0,2.33e-06,
train,0,9.1e-06,
train,0,2.62e-06,
train,0,9.9e-07,
train,0,1.71e-06,
train,1,0.9961503,
train,0,3.54e-06,
train,0,1.294e-05,
train,0,5.22e-06,
train,0,2.01e-06,
train,0,2.167e-05,
train,0,4.78e-06,
train,0,1.59e-06,
train,0,3.53e-06,
train,0,1.388e-05,
train,0,5.97e-06,
train,0,4.74e-06,
train,0,1.84e-06,
train,0,1.97e-06,
train,0,6.73e-06,
train,0,4.63e-06,
train,0,8.05e-06,
train,0,6.58e-06,
train,0,4.47e-06,
train,0,9.5e-07,
train,0,8.5e-06,
train,0,2.04e-06,
train,0,1.62e-06,
train,0,0.00031309,
train,0,1.441e-05,
train,0,4e-06,
train,0,3.23e-06,
train,0,3.79e-06,
train,0,3.51e-06,
train,0,1.4e-06,
train,0,1.71e-06,
train,0,2.06e-06,
train,0,4.26e-06,
train,0,6.54e-06,
train,0,1.07e-06,
train,0,2.34e-06,
train,0,2.68e-06,
train,0,4.98e-06,
train,0,1.87e-06,
train,0,1.626e-05,
train,0,1.602e-05,
train,0,0.00076972,
train,0,2.04e-06,
train,0,1.91e-06,
train,0,6.4e-07,
train,0,4.922e-05,
train,0,0.00015161,
train,0,5.1e-07,
train,0,9.3e-07,
train,0,5.66e-06,
train,0,2.11e-06,
train,0,1.656e-05,
train,0,6.8e-07,
train,0,2.83e-06,
train,0,8.22e-06,
train,0,2.4e-07,
train,0,1.3e-06,
train,0,0.7760733,
train,0,3.384e-05,
train,0,1.33e-06,
train,0,1.26e-06,
train,0,1.48e-06,
train,0,3.195e-05,
train,0,5.36e-06,
train,0,3.71e-06,
train,0,3.42e-06,
train,0,1.82e-06,
train,0,1.4e-06,
train,0,1.5e-06,
train,0,4.23e-06,
train,0,1.77e-06,
train,0,2.92e-06,
train,0,8.2e-07,
train,0,1.43e-06,
train,0,1.995e-05,
train,0,5.6e-07,
train,0,5.5e-07,
train,0,0.0001015,
train,0,4.01e-06,
train,0,5.3e-07,
train,0,2.918e-05,
train,0,4.67e-06,
train,0,1.77e-06,
train,0,4.267e-05,
train,0,2.47e-06,
train,0,2.11e-06,
train,0,1.445e-05,
train,0,2.63e-06,
train,0,1.581e-05,
train,0,2.765e-05,
train,0,3.11e-06,
train,0,6.7e-07,
train,0,4.94e-06,
train,0,1.57e-06,
train,0,2.94e-06,
train,0,1.562e-05,
train,0,3.86e-06,
train,0,2.37e-06,
train,0,4.69e-06,
train,0,4.19e-06,
train,0,2.65e-06,
train,0,7.39e-06,
train,0,6.49e-06,
train,0,1.268e-05,
train,0,1.59e-06,
train,0,3.01e-06,
train,0,7.852e-05,
train,0,1.103e-05,
train,0,1.59e-06,
train,0,2.05e-06,
train,0,2.05e-06,
train,0,6.8e-07,
train,0,1.891e-05,
train,0,3.58e-06,
train,0,2.93e-06,
train,0,1.42e-06,
train,0,1.32e-06,
train,0,1.14e-06,
train,0,9.1e-07,
train,0,1.63e-06,
train,0,6.9e-07,
train,0,1.14e-06,
train,0,4.18e-06,
train,0,7.3e-07,
train,0,2.28e-06,
train,0,6.8e-07,
train,0,4.83e-06,
train,0,3.3e-07,
train,0,3.43e-06,
train,0,7.5e-07,
train,0,6.2e-07,
train,0,4.5e-07,
train,0,1.02e-06,
train,0,6.94e-06,
train,0,3.04e-06,
train,0,4.292e-05,
train,0,1.16e-05,
train,0,1.39e-06,
train,0,1.4e-06,
train,0,3.9e-07,
train,0,6.1e-07,
train,0,2.65e-06,
train,0,9.1e-07,
train,0,4.6e-06,
train,0,3.11e-06,
train,0,3.35e-06,
train,0,0.00010231,
train,0,1.83e-06,
train,0,2.423e-05,
train,0,1.171e-05,
train,0,5.8e-07,
train,0,0.00021818,
train,0,1.16e-05,
train,0,5.991e-05,
train,0,1.62e-06,
train,0,1.069e-05,
train,0,1.89e-06,
train,0,1.99e-06,
train,0,2.69e-06,
train,0,0.00010649,
train,0,2.77e-06,
train,0,1.19e-05,
train,0,2.36e-06,
train,0,5.076e-05,
train,0,6.7e-07,
train,0,0.00022827,
train,0,0.0005138,
train,0,1.22e-06,
train,0,9.5e-07,
train,0,5.9e-07,
train,0,3.01e-06,
train,0,1.411e-05,
train,0,6.024e-05,
train,0,3.59e-06,
train,0,1.08e-06,
train,0,9.2e-07,
train,0,6.6e-07,
train,0,2.39e-06,
train,0,8.2e-06,
train,0,1.12e-06,
train,0,2.22e-06,
train,0,1.12e-06,
train,0,2.7e-06,
train,0,4.47e-06,
train,0,5.48e-06,
train,0,1.584e-05,
train,0,6.2e-07,
train,0,1.32e-06,
train,0,3.414e-05,
train,0,3.68e-06,
train,0,1.121e-05,
train,0,9.149e-05,
train,0,1.254e-05,
train,0,3.63e-06,
train,0,1.03e-06,
train,0,2.454e-05,
train,0,1.51e-06,
train,0,3.06e-06,
train,0,4.81e-06,
train,0,3.16e-06,
train,0,1.051e-05,
train,0,1.03e-06,
train,0,2.35e-06,
train,0,4.82e-06,
train,0,1.112e-05,
train,0,1.11e-06,
train,0,0.0006052,
train,0,2.86e-06,
train,0,3.27e-06,
train,0,1.56e-06,
train,0,7.36e-06,
train,0,3.671e-05,
train,0,6.84e-06,
train,0,1.13e-06,
train,0,4.44e-06,
train,0,1.818e-05,
train,0,3.51e-06,
train,1,0.99955139,
train,0,5.51e-06,
train,0,1.49e-06,
train,0,0.00115873,
train,0,1e-06,
train,0,1.23e-06,
train,0,0.00721155,
train,0,3.42e-06,
train,0,2.071e-05,
train,0,2.944e-05,
train,0,1.29e-06,
train,0,2.98e-06,
train,0,3.7e-07,
train,0,2.58e-06,
train,0,3.731e-05,
train,0,1.363e-05,
train,0,0.00054801,
train,0,2.94e-06,
train,0,2.61e-06,
train,0,5e-07,
train,0,4.46e-06,
train,0,6.42e-06,
train,0,3.26e-06,
train,0,5e-07,
train,0,1.265e-05,
train,0,2.13e-06,
train,0,0.00055616,
train,0,1.05e-06,
train,0,7.74e-06,
train,0,5.99e-06,
train,0,6.356e-05,
train,0,4.99e-06,
train,0,1.3e-06,
train,0,4.74e-06,
train,0,1.34e-06,
train,0,0.00029846,
train,0,3.03e-06,
train,0,3.804e-05,
train,0,7.1e-07,
train,1,0.99655803,
train,0,2.61e-06,
train,0,1.63e-06,
train,1,0.99942077,
train,0,3.12e-06,
train,0,1.51e-06,
train,0,1.14e-06,
train,0,9.6e-07,
train,0,8.46e-06,
train,0,6.5e-07,
train,0,4.659e-05,
train,0,0.0011441,
train,0,1.22e-06,
train,0,1.14e-05,
train,0,2.326e-05,
train,0,9.8e-07,
train,0,1.1e-06,
train,0,2.29e-06,
train,0,6.73e-06,
train,0,3.96e-06,
train,0,2.89e-06,
train,0,4.79e-06,
train,0,4.42e-06,
train,0,1.08e-06,
train,0,2.7e-06,
train,0,2.69e-06,
train,0,1.03e-06,
train,0,3.53e-06,
train,0,4.503e-05,
train,0,1.23e-06,
train,0,2.3e-06,
train,0,5.956e-05,
train,0,4.14e-06,
train,0,2.5e-06,
train,0,2.213e-05,
train,0,9.1e-07,
train,0,2.16e-06,
train,0,1.1e-06,
train,0,2.29e-06,
train,0,6.65e-06,
train,0,2.823e-05,
train,0,3.8e-06,
train,0,6.02e-06,
train,0,5.01e-06,
train,0,7.55e-06,
train,0,4.55e-06,
train,0,3.77e-06,
train,0,8.02e-06,
train,0,7.53e-06,
train,0,5.68e-06,
train,0,9.707e-05,
train,0,7.2e-07,
train,0,6.64e-06,
train,0,6.182e-05,
train,0,7.9e-07,
train,0,6.67e-06,
train,0,1.745e-05,
train,0,2.928e-05,
train,0,1.14e-06,
train,0,3.18e-06,
train,0,0.00021969,
train,0,1.26e-06,
train,0,9.8e-07,
train,0,1.55e-06,
train,0,4.19e-06,
train,0,1.2e-06,
train,0,2.283e-05,
train,0,2.78e-06,
train,0,1.27e-06,
train,0,3.33e-06,
train,0,1.85e-06,
train,0,1e-06,
train,0,8.79e-06,
train,0,3.95e-06,
train,0,1.36e-06,
train,0,5.01e-06,
train,0,8.723e-05,
train,0,1.812e-05,
train,0,4.22e-06,
train,0,3.685e-05,
train,0,0.00027349,
train,0,7.86e-06,
train,0,3.8e-07,
train,0,0.00061886,
train,0,0.00040604,
train,0,2.31e-06,
train,0,7.83e-06,
train,0,3.93e-06,
train,0,2.292e-05,
train,0,6.9e-06,
train,0,3e-06,
train,0,8.5e-07,
train,0,1.954e-05,
train,0,9.28e-06,
train,0,8.7e-07,
train,0,2.76e-06,
train,0,3.3e-06,
train,0,3.71e-06,
train,0,1.327e-05,
train,0,2.32e-06,
train,0,3.17e-06,
train,0,1.377e-05,
train,0,2.87e-06,
train,0,7.4e-07,
train,0,0.00255485,
train,0,5.24e-06,
train,0,8.6e-07,
train,0,2.06e-06,
train,0,5.73e-06,
train,0,1.78e-05,
train,0,1.45e-06,
train,0,2.68e-06,
train,0,7.5e-07,
train,0,1.28e-06,
train,0,7.7e-07,
train,0,5.03e-06,
train,0,1.08e-06,
train,0,1.02e-06,
train,0,3.173e-05,
train,0,7.34e-06,
train,0,2.15e-06,
train,0,5.18e-06,
train,0,1.08e-05,
train,0,1.96e-05,
train,0,2.437e-05,
train,0,6.8e-06,
train,0,1.858e-05,
train,0,4.59e-06,
train,0,1.12e-06,
train,0,5.53e-06,
train,0,3.075e-05,
train,0,7.56e-06,
train,0,1.099e-05,
train,0,2.94e-06,
train,0,0.39721862,
train,0,2.81e-06,
train,0,0.00011169,
train,0,1.91e-06,
train,0,4.6e-07,
train,0,3.38e-06,
train,0,7.04e-06,
train,0,3.15e-06,
train,0,7.532e-05,
train,0,1.098e-05,
train,0,4.13e-06,
train,0,2.36e-06,
train,0,1.771e-05,
train,0,5.75e-06,
train,0,6.6e-06,
train,0,1.169e-05,
train,0,3.49e-06,
train,0,9.2e-07,
train,0,1.04e-06,
train,0,1.25e-06,
train,0,2.11e-06,
train,0,1.18e-06,
train,0,3.8e-06,
train,0,1.08e-06,
train,0,1.78e-06,
train,0,1.29e-06,
train,0,1.44e-06,
train,0,1.048e-05,
train,0,1.33e-06,
train,0,2.36e-06,
train,0,4.5e-07,
train,0,2.15e-06,
train,0,9.41e-06,
train,0,6.1e-07,
train,0,8.2e-07,
train,0,1.21e-05,
train,0,1.26e-06,
train,0,1.719e-05,
train,0,1.63e-06,
train,0,5e-07,
train,0,2.39e-06,
train,0,2.91e-05,
train,0,3.11e-06,
train,0,1.49e-06,
train,0,4.6e-07,
train,0,4.3e-07,
train,0,1.66e-06,
train,0,5.3e-07,
train,0,3.195e-05,
train,0,1.05e-06,
train,0,8e-07,
train,0,5.9e-07,
train,0,1.92e-06,
train,0,7.86e-06,
train,0,2.6e-07,
train,0,7.2e-07,
train,0,1.24e-06,
train,0,1.45e-06,
train,0,5e-07,
train,0,1.24e-06,
train,0,3.58e-06,
train,0,3.72e-06,
train,0,3.33e-06,
train,0,9.1e-07,
train,0,4.4e-07,
train,0,8.49e-06,
train,0,5.7e-07,
train,0,1.16e-06,
train,0,1.45e-06,
train,0,1.09e-06,
train,0,1.25e-06,
train,0,3.4e-07,
train,0,3.76e-06,
train,0,6e-07,
train,0,2.99e-06,
train,0,1.162e-05,
train,0,6.94e-06,
train,0,3.5e-06,
train,0,1.3e-06,
train,0,2.59e-06,
train,0,4.3e-07,
train,0,2.31e-06,
train,0,3.38e-06,
train,0,3.24e-05,
train,0,1.04e-06,
train,0,4.55e-06,
train,0,9.45e-06,
train,0,1.18e-06,
train,0,3.21e-06,
train,0,8.8e-07,
train,0,6.3e-07,
train,0,3.3e-06,
train,0,6.72e-06,
train,0,2.76e-06,
train,0,2.87e-06,
train,0,7.2e-07,
train,0,2.7e-07,
train,0,9.6e-07,
train,0,2.12e-06,
train,0,1.79e-06,
train,0,2.02e-06,
train,0,1.67e-06,
train,0,5.8e-07,
train,0,3.3e-06,
train,0,5.85e-06,
train,0,1.56e-06,
train,0,8.24e-06,
train,0,3.65e-06,
train,0,2.99e-06,
train,0,1.051e-05,
train,0,1.6e-06,
train,0,1.408e-05,
train,0,2.99e-06,
train,0,6.24e-06,
train,0,1.88e-06,
train,0,1.21e-06,
train,0,1.57e-06,
train,0,1.19e-06,
train,0,6e-07,
train,0,1.52e-06,
train,0,5.69e-06,
train,0,4.1e-06,
train,0,2.588e-05,
train,0,1.21e-06,
train,0,1.19e-06,
train,0,9.7e-07,
train,0,2.31e-06,
train,0,5.629e-05,
train,0,6.1e-07,
train,0,7.3e-07,
train,0,1.63e-06,
train,0,1.267e-05,
train,0,1.927e-05,
train,0,1.73e-06,
train,0,5.4e-07,
train,0,1.56e-06,
train,0,1.13e-06,
train,0,8.6e-07,
train,0,1.23e-06,
train,0,1.422e-05,
train,0,2.46e-05,
train,0,0.00217844,
train,0,2.05e-06,
train,0,1.97e-06,
train,0,5.43e-06,
train,0,1.25e-06,
train,0,2.11e-06,
train,0,4.1e-07,
train,0,8.63e-06,
train,0,3.038e-05,
train,0,4.9e-07,
train,0,3.95e-06,
train,0,5.91e-06,
train,0,2.92e-06,
train,0,1.73e-06,
train,0,6.7e-07,
train,0,7.749e-05,
train,0,5.95e-06,
train,0,1.89e-06,
train,0,2.75e-06,
train,0,8.2e-07,
train,0,6.06e-06,
train,0,5.8e-07,
train,0,1.7e-06,
train,0,4.4e-07,
train,0,8.9e-07,
train,1,0.99908839,
train,0,3.15e-06,
train,0,5e-07,
train,0,2.3e-06,
train,0,7.85e-06,
train,0,1.41e-06,
train,0,9.3e-07,
train,0,9.9e-07,
train,0,7e-07,
train,0,1.22e-06,
train,0,1.71e-06,
train,0,9.4e-07,
train,0,2.57e-06,
train,0,3.08e-06,
train,0,9.97e-06,
train,0,3.54e-06,
train,0,7.5e-07,
train,0,6.85e-06,
train,0,0.00058398,
train,0,7.36e-06,
train,0,6.1e-07,
train,0,5.55e-06,
train,0,8.1e-07,
train,0,0.00021883,
train,0,2.43e-06,
train,0,8.69e-06,
train,0,2.12e-06,
train,0,1.94e-06,
train,0,3.35e-06,
train,0,6.3e-07,
train,0,2.126e-05,
train,0,1.13e-06,
train,0,9.1e-07,
train,0,1.083e-05,
train,0,4.1e-06,
train,0,3.9e-07,
train,0,1.07e-06,
train,0,3.5e-05,
train,0,5.23e-06,
train,0,1.113e-05,
train,0,4.5e-07,
train,0,0.00016027,
train,0,8.35e-06,
train,0,2.87e-06,
train,0,7.84e-06,
train,0,8.07e-06,
train,0,1.53e-05,
train,0,3.686e-05,
train,0,2.606e-05,
train,0,4.1e-06,
train,0,1.39e-06,
train,0,1.22e-06,
train,0,2.39e-06,
train,0,4.87e-06,
train,0,0.00017181,
train,0,2.64e-06,
train,1,0.99911789,
train,0,1.05e-06,
train,0,2.2e-06,
train,0,1.062e-05,
train,0,3.13e-06,
train,0,1.7e-06,
train,0,0.00010012,
train,0,4.44e-06,
train,0,4.69e-06,
train,0,2.29e-06,
train,0,1.271e-05,
train,0,8.45e-06,
train,0,3.46e-06,
train,0,1.194e-05,
train,0,1.04e-05,
train,0,1.63e-06,
train,0,0.00014527,
train,1,0.99905161,
train,0,1.39e-06,
train,0,8.63e-06,
train,0,1.824e-05,
train,0,2.07e-06,
train,0,4.5e-07,
train,0,4.257e-05,
train,0,7.3e-07,
train,0,6.61e-06,
train,0,7.729e-05,
train,0,1.07e-06,
train,0,1.03e-06,
train,0,6.6e-07,
train,0,9.2e-07,
train,0,2.29e-06,
train,0,6.1e-06,
train,0,1.33e-06,
train,0,2.55e-06,
train,0,1.82e-06,
train,0,3.136e-05,
train,0,5.9e-06,
train,0,1.185e-05,
train,0,1.52e-06,
train,0,3.06e-06,
train,0,3.1e-07,
train,0,6.55e-06,
train,0,4.17e-06,
train,0,9e-07,
train,0,8.9e-07,
train,0,4.39e-06,
train,0,3.94e-06,
train,0,0.00193363,
train,0,1.04e-06,
train,0,6e-07,
train,0,1.482e-05,
train,0,7.3e-06,
train,0,0.02904254,
train,0,8.45e-06,
train,0,2.13e-06,
train,0,7.1e-07,
train,0,5.8e-07,
train,0,9.89e-06,
train,0,1.383e-05,
train,0,4.022e-05,
train,0,6.2e-07,
train,0,2.52e-06,
train,0,1.36e-06,
train,0,1.219e-05,
train,0,0.00033162,
train,0,0.00014227,
train,0,2.87e-06,
train,0,5.31e-06,
train,0,2.26e-06,
train,0,3.34e-06,
train,0,4.25e-06,
train,0,1.586e-05,
train,0,1.824e-05,
train,0,1.29e-06,
train,0,4.54e-06,
train,0,6.6e-07,
train,0,4.21e-06,
train,0,1.06e-05,
train,0,1.64e-06,
train,0,8.8e-07,
train,0,2.237e-05,
train,0,2.53e-06,
train,0,1.903e-05,
train,0,1.34e-06,
train,0,3.78e-06,
train,0,2.48e-06,
train,0,6.1e-07,
train,0,1.358e-05,
train,0,3.42e-06,
train,0,4.26e-06,
train,0,6.171e-05,
train,0,3.91e-05,
train,0,2.71e-06,
train,0,8.9e-07,
train,0,0.00038656,
train,0,8.5e-07,
train,0,1.89e-06,
train,0,1.03e-06,
train,0,9.56e-06,
train,0,3.92e-06,
train,0,1.22e-06,
train,0,2.66e-06,
train,0,2.39e-06,
train,0,9.92e-06,
train,0,5.08e-06,
train,0,1.75e-06,
train,0,3.04e-06,
train,0,2.06e-06,
train,0,2.52e-06,
train,0,1.21e-06,
train,0,1.647e-05,
train,0,1.05e-06,
train,0,1.7e-06,
train,0,0.00016656,
train,0,5.78e-06,
train,0,2.254e-05,
train,0,1.518e-05,
train,0,8.9e-07,
train,0,1.18e-05,
train,0,2.04e-06,
train,0,2.87e-06,
train,0,8.18e-06,
train,0,2.09e-06,
train,0,0.00034804,
train,0,1.8e-06,
train,0,1.48e-06,
train,0,2.75e-06,
train,0,3.17e-06,
train,0,4.952e-05,
train,0,1.87e-06,
train,0,1.16e-06,
train,0,1.12e-05,
train,0,2.37e-06,
train,0,1.107e-05,
train,0,4.34e-06,
train,0,2.04e-06,
train,0,2.57e-06,
train,0,9.4e-07,
train,0,3.203e-05,
train,0,1.06e-06,
train,0,4.36e-06,
train,0,5.3e-07,
train,0,1.8e-06,
train,0,5.4e-07,
train,0,1.1e-06,
train,0,1.51e-06,
train,0,1.566e-05,
train,0,7.12e-06,
train,0,3.138e-05,
train,0,3.27e-06,
train,0,8.74e-06,
train,0,3.57e-06,
train,0,6.05e-06,
train,0,8.6e-07,
train,0,1.932e-05,
train,0,6e-07,
train,0,1.86e-06,
train,0,4.76e-06,
train,0,1.37e-06,
train,0,3.25e-06,
train,0,4.01e-06,
train,0,9e-07,
train,0,1.25e-06,
train,0,1.3e-06,
train,0,1.26e-06,
train,0,2.8e-06,
train,0,1.78e-06,
train,0,3.23e-06,
train,0,4.7e-06,
train,0,7.2e-07,
train,0,3.95e-06,
train,0,1.016e-05,
train,0,6.479e-05,
train,0,5.15e-06,
train,0,7.54e-06,
train,0,5.4e-07,
train,0,9.7e-07,
train,0,8.9e-07,
train,0,8.8e-07,
train,0,4.2e-07,
train,0,1.256e-05,
train,0,4.3e-07,
train,0,3.45e-06,
train,0,6e-07,
train,0,7.85e-06,
train,0,1.38e-06,
train,0,4.7e-07,
train,0,2.11e-06,
train,0,3.777e-05,
train,0,8.7e-07,
train,0,6.931e-05,
train,0,3.489e-05,
train,0,1.672e-05,
train,0,0.00090071,
train,0,8.1e-07,
train,0,9e-06,
train,0,6.7e-07,
train,0,9.1e-07,
train,0,1.35e-06,
train,0,1.77e-06,
train,0,6.4e-07,
train,0,4.69e-06,
train,0,1.646e-05,
train,0,1.01e-06,
train,0,5.7e-07,
train,0,0.00010368,
train,0,1.61e-06,
train,0,4.33e-06,
train,0,4.74e-06,
train,0,3.35e-06,
train,0,9.38e-06,
train,0,1.41e-05,
train,0,5.6e-07,
train,0,9.58e-06,
train,0,6.73e-06,
train,0,7.959e-05,
train,0,7.87e-06,
train,0,0.0009672,
train,0,1.471e-05,
train,0,4.1e-06,
train,0,6.355e-05,
train,0,4.893e-05,
train,0,0.01649436,
train,0,6.64e-06,
train,0,1.18e-06,
train,0,6.65e-06,
train,0,3.3e-07,
train,0,9.6e-07,
train,0,1.529e-05,
train,0,3.183e-05,
train,0,1.901e-05,
train,0,3.09e-06,
train,0,9.1e-07,
train,0,4.274e-05,
train,0,2.696e-05,
train,0,2.2e-07,
train,0,7.7e-07,
train,0,2.07e-06,
train,0,2.647e-05,
train,0,1.42e-06,
train,0,5.3e-07,
train,0,7.6e-07,
train,0,5.2e-07,
train,0,1.5e-06,
train,0,6.3e-07,
train,0,2.55e-06,
train,0,9.13e-06,
train,0,1.18e-06,
train,0,1.14e-06,
train,0,3.05e-06,
train,0,7e-07,
train,0,5.58e-06,
train,0,2.15e-06,
train,0,9.539e-05,
train,0,4.1e-07,
train,0,7.8e-07,
train,0,6.76e-06,
train,0,5.13e-06,
train,0,3.08e-06,
train,0,2.652e-05,
train,0,3.85e-06,
train,0,4.78e-06,
train,0,4.72e-06,
train,0,1.52e-06,
train,0,3.08e-06,
train,0,6.33e-06,
train,0,4.21e-06,
train,0,1.03e-05,
train,0,5.34e-06,
train,0,1.079e-05,
train,0,6.17e-06,
train,0,3.03e-06,
train,0,1.92e-06,
train,0,3.05e-06,
train,0,2.25e-06,
train,0,5.899e-05,
train,0,2.32e-06,
train,0,1.73e-05,
train,0,2.56e-06,
train,0,1.93e-06,
train,0,8.2e-07,
train,0,1.41e-06,
train,0,2.5e-06,
train,0,2.96e-06,
train,0,0.00011077,
train,0,9.06e-06,
train,0,3.07e-06,
train,0,1.42e-06,
train,0,2.127e-05,
train,0,4.4e-07,
train,0,0.00283816,
train,0,2.34e-06,
train,0,0.00010424,
train,0,2.26e-06,
train,0,5.869e-05,
train,0,8.09e-06,
train,0,6.97e-06,
train,0,8.4e-06,
train,0,1.768e-05,
train,0,1.359e-05,
train,0,6.34e-06,
train,0,6.2e-07,
train,0,1.277e-05,
train,0,1.36e-06,
train,0,9.96e-06,
train,0,2.059e-05,
train,0,5.4e-07,
train,0,5.03e-06,
train,0,4.982e-05,
train,0,0.00013017,
train,0,5.11e-06,
train,0,1.6e-06,
train,0,3.42e-06,
train,0,3.71e-06,
train,0,1.86e-06,
train,0,5.516e-05,
train,0,1.46e-06,
train,0,2.6e-06,
train,0,7.91e-06,
train,0,9.21e-06,
train,0,2.387e-05,
train,0,7.98e-06,
train,0,4.39e-06,
train,0,5.05e-06,
train,0,1.122e-05,
train,0,1.17e-06,
train,0,9.8e-07,
train,0,2.12e-06,
train,0,3.8e-06,
train,0,2.58e-06,
train,0,3.51e-06,
train,0,1.2e-06,
train,0,8.36e-06,
train,0,1.79e-06,
train,0,1.157e-05,
train,0,1.26e-06,
train,0,6.7e-07,
train,0,4.23e-06,
train,0,3.69e-06,
train,0,1.64e-06,
train,0,8.3e-07,
train,0,5.93e-06,
train,0,1.8e-06,
train,0,5.1e-07,
train,0,4.39e-06,
train,0,1.622e-05,
train,0,0.000101,
train,0,6.5e-07,
train,0,5.1e-07,
train,0,0.53662593,
train,0,3.58e-06,
train,0,5.21e-06,
train,0,5.1e-07,
train,0,7.4e-07,
train,0,8.7e-06,
train,0,7.85e-06,
train,0,1.93e-06,
train,0,0.09959926,
train,0,1.04e-06,
train,0,1.85e-06,
train,0,1.17e-06,
train,0,6.901e-05,
train,0,1.18e-06,
train,0,0.00532247,
train,0,8.6e-06,
train,0,7.1e-07,
train,0,2.846e-05,
train,0,1.17e-06,
train,0,5.58e-06,
train,0,1.966e-05,
train,0,7.06e-06,
train,0,1.178e-05,
train,0,1.8e-06,
train,0,1.644e-05,
train,0,1.74e-06,
train,0,6.4e-07,
train,0,5.52e-06,
train,0,3.63e-06,
train,0,1.16e-06,
train,0,2.57e-06,
train,0,8.2e-07,
train,0,2.72e-06,
train,0,1.878e-05,
train,0,0.00018501,
train,0,0.00132888,
train,0,9.5e-07,
train,0,6.7e-06,
train,0,7.929e-05,
train,0,8.54e-06,
train,0,2.48e-06,
train,0,1.52e-06,
train,0,8.7e-07,
train,0,3.82e-06,
train,0,2.01e-06,
train,0,8.5e-07,
train,0,1.12e-06,
train,0,1.82e-06,
train,0,8.448e-05,
train,0,4.38e-06,
train,0,5.42e-06,
train,0,9.5e-06,
train,0,2.85e-06,
train,0,1.234e-05,
train,0,4.79e-06,
train,0,1.81e-06,
train,0,1.17e-06,
train,0,6.46e-06,
train,0,1.156e-05,
train,0,5.57e-06,
train,0,5.33e-06,
train,0,3.79e-06,
train,0,1.52e-06,
train,0,2.12e-06,
train,0,3.38e-06,
train,0,6.74e-06,
train,0,3.534e-05,
train,0,2.32e-06,
train,0,3.801e-05,
train,0,0.00011233,
train,0,1.78e-06,
train,0,2.53e-06,
train,0,3.18e-06,
train,0,3.82e-06,
train,0,7.81e-06,
train,0,1.12e-06,
train,0,5.49e-06,
train,0,1.84e-06,
train,0,2.46e-06,
train,0,1.065e-05,
train,0,2.15e-06,
train,0,1.884e-05,
train,0,7.8e-07,
train,0,2.97e-06,
train,0,7.44e-06,
train,0,4.54e-06,
train,0,0.00088866,
train,0,1.838e-05,
train,0,4.812e-05,
train,0,0.00034972,
train,0,7e-06,
train,0,6.62e-06,
train,0,4.06e-06,
train,0,2.68e-06,
train,0,6.9e-07,
train,0,8.1e-07,
train,0,0.0001211,
train,0,2.122e-05,
train,0,8.9e-07,
train,0,0.00026775,
train,0,1.038e-05,
train,0,2.86e-06,
train,0,2.79e-06,
train,0,3.16e-06,
train,0,5.876e-05,
train,0,3.145e-05,
train,0,1.323e-05,
train,0,8.6e-07,
train,0,0.00012517,
train,1,0.99766623,
train,0,3.18e-06,
train,0,5.9e-06,
train,0,3.87e-06,
train,0,3.95e-06,
train,1,0.99960923,
train,0,1.42e-06,
train,0,7.507e-05,
train,0,1.035e-05,
train,1,0.99988107,
train,0,0.00080252,
train,1,0.99948738,
train,0,5.9e-06,
train,0,2.86e-06,
train,0,2.87e-06,
train,0,4.9e-07,
train,0,9.07e-06,
train,0,1.81e-06,
train,0,1.1e-06,
train,0,7.3e-07,
train,0,1.43e-06,
train,0,4.016e-05,
train,0,8.34e-06,
train,0,3.78e-06,
train,0,1.35e-06,
train,0,8.2e-06,
train,0,1.45e-06,
train,0,3.65e-06,
train,0,1.99e-06,
train,0,2.7e-06,
train,0,7.514e-05,
train,0,1.217e-05,
train,0,5.01e-06,
train,0,2.51e-05,
train,0,8.41e-06,
train,0,3.88e-06,
train,1,0.99729754,
train,0,9.2e-07,
train,0,1.075e-05,
train,0,9.5e-07,
train,0,3.54e-06,
train,0,1.33e-06,
train,0,3.56e-05,
train,0,2.17e-06,
train,0,9.28e-06,
train,0,2.55e-05,
train,0,7.25e-06,
train,0,1.52e-06,
train,0,0.00157701,
train,0,2e-06,
train,0,2.48e-06,
train,0,2.3e-06,
train,0,8.5e-07,
train,0,1.561e-05,
train,0,6.02e-06,
train,0,1.99e-06,
train,0,1.467e-05,
train,0,3.3e-06,
train,0,9.94e-06,
train,0,1.308e-05,
train,0,5.9e-06,
train,0,5.383e-05,
train,0,0.00117509,
train,0,6.46e-06,
train,0,0.00013283,
train,0,1.43e-06,
train,0,4.68e-06,
train,0,5.178e-05,
train,0,2.396e-05,
train,0,1.01e-06,
train,0,1.576e-05,
train,0,1.19e-06,
train,0,3.76e-06,
train,0,5.2e-07,
train,0,1.13e-06,
train,0,5.53e-06,
train,0,1.67e-06,
train,0,6.4e-07,
train,0,9.659e-05,
train,0,1.32e-06,
train,0,9.25e-06,
train,0,3.12e-06,
train,0,3.31e-06,
train,0,9.1e-07,
train,0,1.064e-05,
train,0,4.935e-05,
train,0,2.96e-06,
train,0,3.264e-05,
train,0,2.82e-06,
train,0,4.803e-05,
train,0,5e-07,
train,0,1.01e-06,
train,0,2.718e-05,
train,0,5.3e-07,
train,0,2.34e-06,
train,0,1.058e-05,
train,0,4.29e-06,
train,0,2.55e-06,
train,0,5.6e-07,
train,0,4.03e-06,
train,0,2.6e-06,
train,0,3.71e-06,
train,0,1.09e-06,
train,0,3.51e-06,
train,0,2.46e-06,
train,0,4.21e-06,
train,0,3.15e-06,
train,0,1.088e-05,
train,0,6.48e-06,
train,0,8.6e-07,
train,0,4.89e-06,
train,0,4.07e-06,
train,0,1.44e-06,
train,0,1.445e-05,
train,0,6.05e-06,
train,0,1.37e-06,
train,0,0.00046906,
train,0,2.23e-06,
train,0,4.57e-06,
train,0,2.716e-05,
train,0,2.1e-06,
train,0,6.41e-06,
train,0,1.12e-06,
train,0,1.17e-06,
train,0,2.75e-06,
train,0,3.26e-06,
train,0,1.437e-05,
train,0,2.71e-06,
train,0,1.63e-06,
train,0,1.98e-06,
train,0,1.26e-06,
train,0,0.00014236,
train,0,6.5e-06,
train,0,1.041e-05,
train,0,1.84e-06,
train,0,9.868e-05,
train,0,1.57e-06,
train,0,8.7e-07,
train,0,4.92e-06,
train,0,2.9e-07,
train,0,1.95e-06,
train,0,2.24e-06,
train,0,1.562e-05,
train,0,4.2e-07,
train,0,1.117e-05,
train,0,3.7e-06,
train,0,1.34e-06,
train,0,1.98e-06,
train,0,1.46e-06,
train,0,3.82e-06,
train,0,2.08e-06,
train,0,8e-07,
train,0,1.43e-06,
train,0,1.39e-06,
train,0,1.04e-06,
train,0,6.41e-06,
train,0,1.64e-06,
train,0,3.365e-05,
train,0,3.56e-06,
train,0,3.949e-05,
train,0,1.73e-06,
train,0,3.75e-06,
train,0,4.28e-06,
train,0,2.36e-06,
train,0,5.8e-07,
train,0,2.87e-06,
train,1,0.99399918,
train,0,6.47e-06,
train,0,0.00028013,
train,0,2.62e-06,
train,0,3.75e-06,
train,0,1.1e-06,
train,0,5.45e-06,
train,0,5.2e-07,
train,0,9.5e-07,
train,0,8.8e-07,
train,0,2.92e-06,
train,0,1.4e-06,
train,0,7.47e-06,
train,0,2.19e-06,
train,0,1.307e-05,
train,0,2.44e-06,
train,0,0.00036278,
train,0,2.5e-06,
train,0,8.1e-07,
train,0,7.1e-07,
train,0,7.9e-07,
train,0,1.89e-06,
train,0,6.6e-07,
train,0,1.66e-06,
train,0,5.3e-07,
train,0,1.06e-06,
train,0,6.8e-07,
train,0,1.157e-05,
train,0,8.5e-07,
train,0,1.07e-06,
train,0,4.7e-07,
train,0,6.4e-07,
train,0,4.5e-07,
train,0,1.26e-06,
train,0,5.5e-07,
train,0,1.38e-06,
train,0,7.8e-07,
train,0,5.37e-06,
train,0,2.08e-06,
train,1,0.99867928,
train,0,6.2e-07,
train,0,1.28e-06,
train,0,1.51e-06,
train,0,4.149e-05,
train,1,0.99980011,
train,0,1.96e-06,
train,0,0.01252021,
train,0,6.064e-05,
train,0,7.4e-07,
train,0,4.62e-06,
train,0,1.13e-06,
train,0,2.67e-06,
train,0,1.326e-05,
train,0,8.2e-07,
train,1,0.99670453,
train,0,0.00046205,
train,0,4.27e-06,
train,0,5.6e-07,
train,0,2.05e-06,
train,0,3.68e-06,
train,0,2.36e-06,
train,0,2.36e-06,
train,0,1.13e-06,
train,0,2.48e-06,
train,0,1.33e-06,
train,0,6.66e-06,
train,0,0.00017275,
train,0,5.37e-05,
train,0,1e-06,
train,0,1.205e-05,
train,0,3.22e-06,
train,0,3.55e-06,
train,0,0.00045947,
train,1,0.99958259,
train,1,0.99982625,
train,1,0.9998779,
train,0,3.06e-06,
train,1,0.99987793,
train,0,3.05e-06,
train,0,4.1e-07,
train,0,5.6e-07,
train,0,6.3e-07,
train,0,2.516e-05,
train,0,9.4e-07,
train,1,0.99966861,
train,0,1.55e-06,
train,0,5.59e-06,
train,0,6e-07,
train,0,4.874e-05,
train,0,5.79e-06,
train,0,1.82e-06,
train,0,3.33e-06,
train,0,0.00010617,
train,0,2.828e-05,
train,0,0.00014466,
train,0,1.15e-06,
train,0,1.039e-05,
train,0,1.88e-06,
train,0,5.76e-06,
train,0,2.43e-06,
train,0,9.9e-07,
train,0,1.33e-06,
train,0,2.525e-05,
train,0,4.9e-07,
train,0,1.49e-06,
train,0,1.302e-05,
train,0,4.11e-06,
train,0,7.52e-06,
train,0,1.16e-06,
train,0,1.43e-06,
train,0,9e-07,
train,0,1.444e-05,
train,0,2.42e-06,
train,0,0.00063188,
train,0,0.00016938,
train,0,8.981e-05,
train,0,8.8e-07,
train,0,1.89e-06,
train,0,8.8e-07,
train,0,6.27e-06,
train,0,1.61e-06,
train,0,3.917e-05,
train,0,2.23e-06,
train,0,9.9e-07,
train,0,1.2e-06,
train,0,2.56e-06,
train,0,4.31e-05,
train,0,1.74e-06,
train,0,9.2e-07,
train,0,1.83e-06,
train,0,9.715e-05,
train,1,0.99668652,
train,0,7.72e-06,
train,0,2.48e-06,
train,0,2.07e-06,
train,0,1.42e-06,
train,0,3.37e-06,
train,0,5.9e-07,
train,0,7.38e-06,
train,1,0.99979066,
train,0,2.91e-06,
train,0,1.888e-05,
train,0,8.4e-07,
train,0,3.91e-06,
train,0,5.84e-06,
train,0,0.61344147,
train,0,0.00015483,
train,0,5.732e-05,
train,0,3.15e-06,
train,0,2.55e-06,
train,0,6.012e-05,
train,0,1.15e-05,
train,1,0.99961451,
train,0,0.0008065,
train,0,0.00037704,
train,0,0.00020842,
train,1,0.99951375,
train,0,1.19e-06,
train,0,1.6e-06,
train,0,3.1e-06,
train,0,4.197e-05,
train,0,9.6e-07,
train,0,1.39e-06,
train,0,1.238e-05,
train,0,3.29e-06,
train,0,3.31e-06,
train,0,1.61e-06,
train,0,6.1e-07,
train,0,1.33e-06,
train,0,0.00054931,
train,0,0.00012132,
train,0,0.00070732,
train,0,1.54e-06,
train,0,9.86e-05,
train,0,4.06e-06,
train,0,2.793e-05,
train,0,5.894e-05,
train,0,5.93e-06,
train,0,3.076e-05,
train,0,4.51e-06,
train,0,2.94e-06,
train,0,1.618e-05,
train,0,2.89e-06,
train,0,4.34e-06,
train,0,6.65e-06,
train,0,2.698e-05,
train,0,6.101e-05,
train,0,3.238e-05,
train,0,3.32e-06,
train,0,1.5e-06,
train,0,3.23e-06,
train,0,4.152e-05,
train,0,5.83e-06,
train,0,0.00036392,
train,0,3.21e-06,
train,0,3.763e-05,
train,0,2.6e-07,
train,0,6.958e-05,
train,0,6.7e-07,
train,0,1.29e-06,
train,0,6.6e-07,
train,0,2.32e-06,
train,0,1.74e-06,
train,0,1.861e-05,
train,0,2.43e-06,
train,0,7.26e-06,
train,0,4.66e-06,
train,0,1.048e-05,
train,0,1.52e-06,
train,0,1.054e-05,
train,0,0.00011668,
train,0,1.28e-06,
train,0,1.57e-06,
train,0,6.6e-06,
train,0,9.46e-06,
train,0,3.59e-06,
train,0,2.07e-06,
train,1,0.99729676,
train,0,1.111e-05,
train,0,5.03e-06,
train,1,0.99981666,
train,0,0.00051036,
train,1,0.9998616,
train,0,1.187e-05,
train,0,5.41e-06,
train,0,1.84e-06,
train,0,6.13e-06,
train,0,1.41e-06,
train,0,1.27e-06,
train,0,2.04e-06,
train,0,6.4e-07,
train,0,2.154e-05,
train,0,1.01e-06,
train,0,8.8e-07,
train,0,2.598e-05,
train,0,3.1e-06,
train,0,5e-07,
train,0,2.02e-06,
train,0,1.83e-06,
train,0,2.96e-06,
train,0,1.247e-05,
train,0,1.07e-06,
train,0,2.08e-06,
train,0,3.95e-05,
train,0,3.41e-06,
train,0,3.498e-05,
train,0,4.24e-06,
train,0,5.39e-06,
train,0,4.32e-06,
train,0,2.27e-06,
train,0,2.22e-06,
train,0,1.465e-05,
train,0,1.3e-06,
train,0,3.31e-06,
train,0,0.00012999,
train,0,1.865e-05,
train,0,1.84e-06,
train,0,6.7e-07,
train,0,1.381e-05,
train,1,0.99591439,
train,0,1.168e-05,
train,0,3.76e-06,
train,0,6.2e-07,
train,0,1.82e-06,
train,0,5.65e-06,
train,0,2e-06,
train,0,2.21e-06,
train,0,6.1e-07,
train,0,1.62e-06,
train,0,6.7e-07,
train,0,2.371e-05,
train,0,1.59e-06,
train,1,0.99662306,
train,0,1.27e-06,
train,0,1.772e-05,
train,0,0.00092552,
train,0,3.09e-06,
train,0,5.26e-06,
train,0,3.7e-06,
train,0,4.95e-06,
train,0,3.702e-05,
train,0,9.55e-06,
train,0,8.4e-06,
train,0,5.94e-06,
train,0,0.00028179,
train,0,1.077e-05,
train,0,3.14e-06,
train,0,3.4e-06,
train,0,4.71e-06,
train,0,5.553e-05,
train,0,0.00013981,
train,0,1.54e-06,
train,0,7.063e-05,
train,0,1.18e-06,
train,0,4.655e-05,
train,0,1.2e-05,
train,0,3.31e-06,
train,0,1.39e-06,
train,0,3.76e-06,
train,0,2.89e-06,
train,0,1.07e-06,
train,0,2.689e-05,
train,0,7.5e-06,
train,0,0.00030959,
train,0,1.99e-06,
train,0,4.29e-06,
train,0,8.8e-06,
train,0,3.41e-06,
train,0,2.77e-06,
train,0,8.99e-06,
train,0,3.03e-06,
train,0,1.56e-06,
train,0,3.75e-06,
train,0,8.43e-06,
train,0,9.618e-05,
train,0,7.55e-06,
train,0,4.29e-06,
train,0,1.63e-06,
train,0,1.57e-06,
train,0,7.24e-06,
train,0,5.92e-06,
train,0,1.538e-05,
train,0,4.147e-05,
train,0,1.124e-05,
train,0,2.265e-05,
train,0,6.14e-06,
train,0,4.057e-05,
train,0,5.07e-06,
train,0,1.108e-05,
train,0,2.55e-05,
train,0,2.101e-05,
train,0,7.27e-06,
train,0,1.39e-06,
train,0,1.238e-05,
train,0,6.55e-06,
train,0,1.37e-06,
train,0,1.418e-05,
train,0,2.86e-06,
train,0,4.16e-06,
train,0,1.962e-05,
train,0,9.6e-07,
train,0,7.7e-07,
train,0,8.2e-07,
train,0,7.25e-06,
train,0,2.45e-06,
train,0,6.7e-07,
train,0,6.84e-05,
train,0,2.34e-06,
train,0,1.3e-06,
train,0,5.21e-06,
train,0,1.06e-06,
train,0,4.337e-05,
train,0,7e-07,
train,0,1.387e-05,
train,0,2.72e-06,
train,0,5.35e-06,
train,0,2.341e-05,
train,0,3.46e-06,
train,0,6.04e-06,
train,0,2.29e-06,
train,0,0.00032044,
train,0,8.68e-06,
train,0,0.00011032,
train,0,2.72e-06,
train,0,6.104e-05,
train,0,9.6e-07,
train,0,7.2e-07,
train,0,4.56e-06,
train,0,9.1e-06,
train,0,3.41e-06,
train,0,1.445e-05,
train,0,6.84e-06,
train,0,3.182e-05,
train,0,1.8e-06,
train,0,1.21e-05,
train,0,1.88e-06,
train,0,9.78e-06,
train,0,9.55e-06,
train,0,0.08805961,
train,0,5.345e-05,
train,0,4.69e-06,
train,0,1.05e-06,
train,0,2.594e-05,
train,0,3.22e-06,
train,0,3.462e-05,
train,0,2.27e-06,
train,0,4.15e-06,
train,0,1.064e-05,
train,0,7.42e-06,
train,0,9.591e-05,
train,0,3.11e-06,
train,0,8.5e-07,
train,0,5.42e-06,
train,0,7.8e-06,
train,0,2.196e-05,
train,0,2.87e-06,
train,0,5.2e-07,
train,0,0.00040553,
train,0,6.35e-06,
train,0,1.4e-06,
train,0,1.63e-06,
train,0,5.8e-07,
train,0,4.1e-06,
train,0,3.01e-06,
train,0,1.23e-06,
train,0,3.55e-06,
train,0,1.36e-06,
train,0,3.15e-06,
train,0,1.52e-05,
train,0,4.76e-06,
train,0,6.2e-07,
train,0,3.99e-06,
train,0,3.1e-06,
train,0,2.68e-06,
train,0,6.9e-07,
train,0,3.53e-06,
train,0,1.956e-05,
train,0,8.22e-06,
train,0,2.76e-06,
train,0,2.28e-06,
train,0,4.03e-06,
train,0,1.45e-06,
train,0,1.63e-06,
train,0,0.00137717,
train,0,5.6e-07,
train,0,1.484e-05,
train,0,1.82e-06,
train,0,1.1e-06,
train,0,5.07e-06,
train,0,2.02e-05,
train,0,2.935e-05,
train,0,1.472e-05,
train,0,3.88e-06,
train,0,0.00426577,
train,0,9.37e-06,
train,0,1.189e-05,
train,0,0.00017508,
train,0,1.012e-05,
train,0,1.93e-06,
train,0,6.23e-06,
train,0,2.37e-06,
train,0,9.55e-06,
train,0,3.37e-06,
train,0,1.065e-05,
train,0,4.98e-06,
train,0,1.72e-06,
train,0,2.47e-06,
train,0,4.255e-05,
train,0,1.52e-06,
train,0,3.01e-06,
train,0,2.629e-05,
train,0,7.43e-06,
train,0,0.00016986,
train,0,3.77e-06,
train,0,2.36e-06,
train,0,5.93e-06,
train,0,1.95e-06,
train,0,1.96e-06,
train,0,1.34e-06,
train,0,3.16e-06,
train,0,3.93e-06,
train,0,3.9e-06,
train,0,5.89e-06,
train,0,1.557e-05,
train,0,6.9e-07,
train,0,3.81e-06,
train,0,4.202e-05,
train,0,6.9e-07,
train,0,2.34e-05,
train,0,4.83e-06,
train,0,5.92e-06,
train,0,1.37e-06,
train,0,1.3e-06,
train,0,1.07e-06,
train,0,1.59e-06,
train,0,2.64e-06,
train,0,1.082e-05,
train,0,8.3e-07,
train,0,9.8e-07,
train,0,2.02e-06,
train,0,1.21e-06,
train,0,1.1e-06,
train,0,2.65e-06,
train,0,1.72e-06,
train,0,4.18e-06,
train,0,2.29e-06,
train,0,5.9e-07,
train,0,2.84e-06,
train,0,2.737e-05,
train,0,1.31e-06,
train,0,1.73e-06,
train,0,1.53e-06,
train,0,1.72e-06,
train,0,8.6e-07,
train,0,2.5e-06,
train,0,9.6e-07,
train,0,0.00416165,
train,0,0.00067486,
train,0,1.86e-06,
train,0,5.24e-06,
train,0,2.08e-06,
train,0,8.5e-07,
train,0,2.36e-06,
train,0,6.16e-06,
train,1,0.99841237,
train,0,2.519e-05,
train,0,2.544e-05,
train,0,1.44e-06,
train,0,1.72e-06,
train,0,2.57e-06,
train,0,7.13e-06,
train,0,6.868e-05,
train,0,1.492e-05,
train,0,5.2e-07,
train,0,7.855e-05,
train,0,1.09e-06,
train,0,1.21e-06,
train,0,1.77e-06,
train,0,1.28e-06,
train,0,2.19e-06,
train,0,1.65e-06,
train,0,1.05e-06,
train,0,0.00827342,
train,0,1.38e-06,
train,0,7.95e-06,
train,0,2.807e-05,
train,0,4.81e-06,
train,0,5.26e-06,
train,0,2.494e-05,
train,0,3.29e-06,
train,0,6.62e-06,
train,0,1.88e-06,
train,0,3.26e-06,
train,0,0.00102838,
train,0,8e-07,
train,0,2.974e-05,
train,0,1.1e-06,
train,0,3.365e-05,
train,0,1.61e-06,
train,0,5.9e-07,
train,0,1.929e-05,
train,0,1.288e-05,
train,0,1.73e-06,
train,0,6.4e-07,
train,0,4.8e-07,
train,0,0.00012233,
train,0,1.75e-06,
train,0,1.369e-05,
train,0,2.026e-05,
train,0,0.00477098,
train,0,2.91e-06,
train,0,9.624e-05,
train,0,9.2e-07,
train,0,0.88875269,
train,0,2.26e-06,
train,0,6.1e-07,
train,0,9.704e-05,
train,0,3.143e-05,
train,0,1.55e-06,
train,0,1.149e-05,
train,0,1.05e-06,
train,0,9.1e-07,
train,0,0.00583393,
train,0,1.47e-06,
train,0,1.45e-06,
train,0,2.83e-06,
train,0,2.05e-06,
train,0,4.038e-05,
train,0,1.05e-06,
train,0,9.84e-06,
train,0,1.88e-06,
train,0,2.85e-05,
train,0,9.89e-06,
train,0,4.03e-06,
train,0,6.8e-07,
train,0,8.5e-07,
train,0,1.747e-05,
train,0,1.81e-06,
train,0,1.57e-06,
train,0,1.6e-06,
train,0,2.75e-06,
train,0,1.71e-06,
train,0,9.5e-07,
train,0,7.8e-07,
train,0,7.24e-06,
train,0,1.56e-05,
train,0,9.23e-06,
train,0,4.28e-06,
train,0,6.32e-06,
train,0,6.72e-06,
train,0,2.401e-05,
train,0,1.78e-06,
train,0,1.94e-06,
train,0,1.04e-06,
train,0,3.15e-06,
train,0,2.04e-06,
train,0,3.91e-06,
train,0,0.00072806,
train,0,2.703e-05,
train,0,1.58e-06,
train,0,1.318e-05,
train,0,4.6e-07,
train,0,3.19e-06,
train,0,4.478e-05,
train,0,1.32e-06,
train,0,8.8e-07,
train,0,9.175e-05,
train,0,3.04e-06,
train,0,6.304e-05,
train,0,5.95e-06,
train,0,7.636e-05,
train,0,1.24e-06,
train,0,9.4e-07,
train,0,5.4e-07,
train,0,1.5e-06,
train,0,2.91e-06,
train,0,1.18e-06,
train,0,4.82e-06,
train,0,7.2e-07,
train,0,1.1e-06,
train,0,8.6e-07,
train,0,8.416e-05,
train,0,2.72e-06,
train,0,4.37e-06,
train,0,1.2e-06,
train,0,5.86e-06,
train,1,0.99896865,
train,0,3.09e-06,
train,0,1.372e-05,
train,0,9.9e-07,
train,0,7.7e-07,
train,0,3.14e-06,
train,0,6.8e-07,
train,0,1.03e-06,
train,0,2.11e-05,
train,0,4.36e-06,
train,0,1.131e-05,
train,0,0.00053234,
train,0,6.29e-06,
train,0,6.4e-07,
train,0,4.2e-07,
train,0,8.81e-06,
train,0,1e-06,
train,0,1.21e-06,
train,0,2.957e-05,
train,0,1.54e-06,
train,0,1.357e-05,
train,0,4.1e-07,
train,0,1.3e-06,
train,0,6.8e-07,
train,0,3.67e-06,
train,0,1.222e-05,
train,0,1.655e-05,
train,0,0.00148893,
train,0,1.914e-05,
train,0,9.56e-06,
train,0,2.48e-06,
train,0,4.12e-06,
train,0,1.78e-06,
train,0,1.009e-05,
train,0,0.00018851,
train,0,5.09e-06,
train,0,0.00039043,
train,0,7.03e-06,
train,0,8.4e-06,
train,0,8.95e-06,
train,0,2.913e-05,
train,0,2.094e-05,
train,0,3.03e-06,
train,0,3.65e-06,
train,0,8.2e-07,
train,0,9.3e-06,
train,0,1.95e-06,
train,0,2.83e-06,
train,0,0.00185852,
train,0,5.29e-06,
train,0,0.04959674,
train,0,2.137e-05,
train,0,4.09e-06,
train,0,4.51e-06,
train,0,1.035e-05,
train,0,2.5e-06,
train,0,0.00016047,
train,0,1.93e-06,
train,0,3.515e-05,
train,0,1.12e-06,
train,0,1.84e-06,
train,0,5.98e-06,
train,0,0.00036727,
train,0,8.62e-06,
train,0,0.00030823,
train,0,1.93e-06,
train,0,1.657e-05,
train,0,2.22e-06,
train,0,3.108e-05,
train,0,2.973e-05,
train,0,1.755e-05,
train,0,5.021e-05,
train,0,1.272e-05,
train,0,5.05e-06,
train,0,3.178e-05,
train,0,8.9e-07,
train,0,0.00011086,
train,0,1.51e-06,
train,0,1.633e-05,
train,0,1.765e-05,
train,0,0.00033527,
train,0,0.00050767,
train,0,2.9e-06,
train,0,3.759e-05,
train,1,0.9989978,
train,0,0.00011216,
train,0,2.089e-05,
train,0,2.01e-06,
train,0,5.73e-06,
train,0,6.2e-07,
train,0,1.93e-06,
train,0,3.52e-06,
train,0,2.04e-06,
train,0,1.59e-06,
train,0,7.81e-06,
train,0,9.76e-06,
train,0,0.00037921,
train,0,0.00015991,
train,0,2.78e-05,
train,0,6.9e-07,
train,0,3.7e-06,
train,0,4.8e-07,
train,0,9.583e-05,
train,0,6.22e-06,
train,0,6.33e-06,
train,0,3.59e-06,
train,0,4.28e-05,
train,0,3.05e-06,
train,0,1.268e-05,
train,0,1.436e-05,
train,0,8.6e-07,
train,0,0.00158028,
train,0,6.462e-05,
train,0,1.208e-05,
train,0,2.305e-05,
train,0,0.00171943,
train,0,4.448e-05,
train,0,9.8e-07,
train,0,3.95e-06,
train,0,3.25e-06,
train,0,0.000145,
train,0,1.05e-06,
train,0,1.96e-06,
train,0,1.43e-06,
train,0,2.07e-06,
train,0,1.831e-05,
train,0,1.1e-06,
train,0,1.88e-06,
train,0,1.056e-05,
train,0,8.2e-07,
train,0,2.44e-06,
train,0,5.7e-07,
train,0,5.1e-07,
train,0,0.00155767,
train,0,6.84e-06,
train,0,2.44e-06,
train,0,0.00537428,
train,0,6.1e-06,
train,0,3.46e-06,
train,0,2.84e-06,
train,0,1.483e-05,
train,0,2.22e-06,
train,0,2.34e-06,
train,0,9.31e-06,
train,0,3.83e-06,
train,0,1.049e-05,
train,0,0.00460966,
train,0,7.582e-05,
train,0,8.1e-07,
train,0,8.8e-07,
train,0,1.693e-05,
train,0,1.909e-05,
train,0,6.31e-06,
train,0,9.1e-07,
train,0,0.00036765,
train,0,0.04119061,
train,0,2.72e-06,
train,0,2e-06,
train,0,1.22e-06,
train,0,2.162e-05,
train,0,1.472e-05,
train,0,3.24e-06,
train,0,6.93e-06,
train,0,1.202e-05,
train,0,5.9e-06,
train,0,1.79e-06,
train,0,4.83e-06,
train,0,4.34e-06,
train,0,1.8e-06,
train,0,3.04e-06,
train,0,4.526e-05,
train,0,9.65e-06,
train,0,1.464e-05,
train,0,1.3e-06,
train,0,1.816e-05,
train,0,0.00011527,
train,0,3.94e-06,
train,0,1.14e-06,
train,0,5.705e-05,
train,0,1.476e-05,
train,0,2.91e-06,
train,0,4.4e-06,
train,0,5.12e-06,
train,0,6.93e-06,
train,0,2.22e-06,
train,0,1.01e-06,
train,0,6.05e-06,
train,0,0.0007511,
train,0,1.2e-06,
train,0,2.06e-06,
train,0,5.32e-06,
train,0,3.178e-05,
train,0,2.53e-06,
train,0,8.434e-05,
train,0,5.338e-05,
train,0,0.00284878,
train,0,9e-07,
train,0,5.6e-06,
train,0,1.209e-05,
train,0,2.74e-06,
train,0,1.81e-06,
train,0,3.07e-06,
train,0,5.73e-06,
train,0,3.13e-06,
train,0,2.74e-06,
train,0,8.6e-07,
train,0,1.47e-06,
train,0,0.00156036,
train,0,4.9e-07,
train,0,0.00018104,
train,0,0.02004813,
train,0,0.00062615,
train,0,7.4e-07,
train,0,8.43e-06,
train,0,1.48e-06,
train,0,6.1e-07,
train,0,1e-06,
train,0,2.4e-06,
train,0,1.256e-05,
train,0,2.42e-06,
train,0,1.575e-05,
train,0,1.68e-06,
train,0,6.8e-06,
train,0,1.273e-05,
train,0,1.56e-06,
train,0,6.12e-06,
train,0,4.82e-06,
train,0,3.06e-06,
train,0,1.45e-06,
train,0,3.12e-06,
train,0,1.73e-06,
train,0,1.62e-06,
train,0,6.7e-07,
train,0,2.46e-06,
train,0,1.21e-06,
train,0,4.37e-06,
train,0,2.78e-06,
train,0,3.96e-06,
train,0,8.13e-06,
train,0,1.43e-06,
train,0,8.05e-06,
train,0,1.03e-06,
train,0,9.22e-06,
train,0,1.2e-06,
train,0,7.6e-07,
train,0,2.44e-06,
train,0,1e-06,
train,0,4.81e-06,
train,0,4.44e-06,
train,0,3.6e-06,
train,0,1.16e-06,
train,0,6.4e-07,
train,0,9.3e-07,
train,0,3.2e-06,
train,0,1.05e-06,
train,0,2.31e-06,
train,0,2.79e-06,
train,0,9.18e-06,
train,0,4.7e-07,
train,0,8.7e-07,
train,0,4.57e-06,
train,0,0.00010761,
train,0,1.081e-05,
train,0,3.46e-06,
train,0,2.64e-06,
train,0,3.55e-06,
train,0,5.1e-07,
train,0,2.36e-06,
train,0,1.78e-06,
train,0,4.8e-07,
train,0,1.35e-06,
train,0,1.82e-06,
train,0,3.25e-06,
train,0,4.424e-05,
train,0,2.98e-06,
train,0,2.94e-06,
train,0,1.59e-06,
train,0,4.46e-06,
train,0,1.2e-06,
train,0,5.1e-07,
train,0,2.51e-06,
train,0,3.55e-06,
train,0,2.079e-05,
train,0,1.33e-06,
train,0,4.52e-06,
train,0,1.89e-06,
train,0,1.97e-06,
train,0,1.61e-06,
train,0,1.28e-06,
train,0,5.88e-06,
train,0,9.6e-07,
train,0,6.5e-07,
train,0,4.4e-07,
train,0,1.57e-06,
train,0,6.3e-07,
train,0,8e-07,
train,0,6.5e-07,
train,0,8.3e-07,
train,0,8.2e-07,
train,0,2.5e-05,
train,0,9.5e-07,
train,0,1.28e-06,
train,0,5.5e-07,
train,0,5.6e-07,
train,0,7.1e-07,
train,0,9.55e-06,
train,0,5e-07,
train,0,5.1e-07,
train,0,1.57e-06,
train,0,1.07e-06,
train,0,5.66e-06,
train,0,4.6e-07,
train,0,1.22e-06,
train,0,4.6e-07,
train,0,1.426e-05,
train,0,7.8e-07,
train,0,1.41e-06,
train,0,1.339e-05,
train,0,6.11e-06,
train,0,4.9e-07,
train,0,4.27e-06,
train,0,1.23e-06,
train,0,5.11e-06,
train,0,5.21e-06,
train,0,0.00012662,
train,0,6.8e-07,
train,0,2.34e-06,
train,0,1.18e-06,
train,0,6.5e-07,
train,0,1.14e-06,
train,0,2.41e-06,
train,0,1.44e-06,
train,0,6.6e-07,
train,0,9.11e-06,
train,0,2.97e-06,
train,0,4.54e-06,
train,0,1.64e-06,
train,0,3.62e-06,
train,0,1.77e-06,
train,0,8.8e-07,
train,0,6.16e-06,
train,0,4.01e-06,
train,0,1.596e-05,
train,0,0.00010996,
train,0,1.71e-06,
train,0,1.97e-06,
train,0,3.81e-06,
train,0,6.3e-07,
train,0,5.761e-05,
train,0,1.34e-06,
train,0,3.27e-06,
train,0,7.5e-07,
train,0,1.226e-05,
train,0,1.814e-05,
train,0,3.02e-06,
train,0,1.75e-06,
train,0,1.77e-06,
train,0,2.74e-06,
train,0,2.22e-06,
train,0,7e-07,
train,0,1.352e-05,
train,0,1.003e-05,
train,0,3.05e-06,
train,0,1.61e-06,
train,0,0.0009218,
train,0,2.85e-06,
train,0,1.63e-06,
train,0,0.00015153,
train,0,1.14e-06,
train,0,2.58e-06,
train,0,7.66e-06,
train,0,7.7e-07,
train,0,6.7e-07,
train,0,8.3e-07,
train,0,1.47e-06,
train,0,1.77e-06,
train,0,1.96e-06,
train,0,1.23e-06,
train,0,7.4e-07,
train,0,2.89e-06,
train,0,2.7e-06,
train,0,2.29e-06,
train,0,2.12e-06,
train,0,7.52e-06,
train,0,1.7e-06,
train,0,2.307e-05,
train,0,5.1e-07,
train,0,1.548e-05,
train,0,1.885e-05,
train,0,1.019e-05,
train,0,5.7e-06,
train,0,8.74e-06,
train,0,4.1e-06,
train,0,1.65e-06,
train,0,3.55e-06,
train,0,5.268e-05,
train,0,7.5e-07,
train,0,1.03e-05,
train,0,2.33e-06,
train,0,1.36e-06,
train,0,2.16e-06,
train,0,1.59e-06,
train,0,2.69e-06,
train,0,1.78e-06,
train,0,2.52e-06,
train,0,1.79e-06,
train,0,1.23e-06,
train,0,1.17e-06,
train,0,8.3e-07,
train,0,9.7e-06,
train,0,1.7e-06,
train,0,9.4e-07,
train,0,3.47e-06,
train,0,5.17e-06,
train,0,9.52e-06,
train,0,5.015e-05,
train,0,4.541e-05,
train,0,4.1e-07,
train,0,1.98e-06,
train,0,1.26e-05,
train,0,9.7e-07,
train,0,1.504e-05,
train,0,3.06e-06,
train,0,1.39e-06,
train,0,5.85e-06,
train,0,3.16e-06,
train,0,6.73e-06,
train,0,1.84e-06,
train,0,7.6e-07,
train,0,4.2e-07,
train,0,5.85e-06,
train,0,3.64e-06,
train,0,5.28e-06,
train,0,2.85e-06,
train,0,2.24e-06,
train,0,9.9e-07,
train,0,0.00024813,
train,0,4.1e-06,
train,0,1.13e-06,
train,0,7.2e-07,
train,0,2.53e-06,
train,0,1.83e-06,
train,0,4.76e-06,
train,0,2.8e-06,
train,0,8e-07,
train,0,8.2e-07,
train,0,2.13e-06,
train,0,4.918e-05,
train,0,1.196e-05,
train,0,7.8e-07,
train,0,1.68e-06,
train,0,0.00225354,
train,0,1.01e-06,
train,0,2.725e-05,
train,0,7.38e-06,
train,0,1.35e-06,
train,0,2.21e-06,
train,0,1.5e-06,
train,0,4.892e-05,
train,0,1.79e-06,
train,0,1.48e-06,
train,0,4.149e-05,
train,0,2.25e-06,
train,0,1.455e-05,
train,0,3.781e-05,
train,0,4.83e-06,
train,0,1.303e-05,
train,0,2.746e-05,
train,0,2.591e-05,
train,0,1.6e-06,
train,0,3.16e-06,
train,0,6.05e-06,
train,0,1.35e-06,
train,0,2.24e-06,
train,0,9.57e-06,
train,0,0.00014671,
train,0,4.25e-06,
train,0,1.114e-05,
train,0,1.546e-05,
train,0,7.24e-06,
train,0,8.32e-06,
train,0,6.774e-05,
train,0,2.072e-05,
train,0,7.1e-07,
train,0,1.89e-06,
train,0,1.63e-06,
train,0,1.33e-06,
train,0,5.6e-07,
train,0,4.1e-07,
train,0,1.42e-06,
train,0,5.3e-06,
train,0,6.22e-06,
train,0,2.84e-06,
train,0,8.4e-07,
train,0,0.00025142,
train,0,0.00014243,
train,0,3.19e-06,
train,0,2.337e-05,
train,0,7.286e-05,
train,0,2.83e-06,
train,0,5.5e-07,
train,0,9.9e-07,
train,0,5.07e-06,
train,0,2.68e-06,
train,0,1.182e-05,
train,0,4.67e-06,
train,0,0.00040519,
train,0,1.27e-06,
train,0,3.23e-06,
train,0,4.03e-06,
train,0,1.01e-06,
train,0,2.71e-06,
train,0,7.1e-07,
train,0,8.36e-06,
train,0,1.756e-05,
train,0,5.527e-05,
train,0,6.7e-06,
train,0,1.356e-05,
train,0,1.125e-05,
train,0,8.57e-06,
train,0,1.15e-06,
train,0,9.2e-07,
train,0,1.19e-06,
train,0,8.3e-06,
train,0,9.9e-06,
train,0,2.68e-06,
train,0,4.66e-06,
train,0,1.83e-06,
train,0,6.5e-07,
train,0,6.102e-05,
train,0,0.00219905,
train,0,6.45e-06,
train,0,8.6e-07,
train,0,1.62e-06,
train,0,6.68e-06,
train,0,2.28e-06,
train,0,1.936e-05,
train,0,1.39e-06,
train,0,1.39e-06,
train,0,1.64e-06,
train,0,2.59e-06,
train,0,2.1e-06,
train,0,8.7e-07,
train,0,6.11e-06,
train,0,0.00067687,
train,0,0.71075215,
train,0,2.613e-05,
train,0,2.588e-05,
train,0,1.25e-06,
train,0,1.343e-05,
train,0,5.41e-06,
train,0,4.65e-06,
train,0,4.73e-06,
train,0,5.16e-06,
train,0,4.04e-06,
train,0,2.363e-05,
train,0,1.33e-06,
train,0,1.02e-06,
train,0,9.6e-07,
train,0,1.14e-06,
train,0,1.841e-05,
train,0,3.86e-06,
train,0,6.85e-06,
train,0,4.202e-05,
train,0,5.3e-07,
train,0,1.8e-06,
train,0,1.429e-05,
train,0,1.15e-06,
train,0,1.45e-06,
train,0,3.71e-06,
train,0,0.00016141,
train,0,4.3e-06,
train,0,1.9e-06,
train,0,1.78e-06,
train,0,2.974e-05,
train,0,1.51e-06,
train,0,6.46e-06,
train,0,5.179e-05,
train,0,1.69e-06,
train,0,1.43e-06,
train,0,9e-07,
train,0,4.85e-06,
train,0,1.59e-06,
train,0,1.58e-06,
train,0,3.805e-05,
train,0,7.1e-07,
train,0,2.29e-06,
train,0,1.23e-06,
train,0,2.4e-06,
train,0,8.26e-06,
train,0,3.63e-06,
train,0,0.01096179,
train,0,0.00067888,
train,0,4.05e-06,
train,0,2e-06,
train,0,7.7e-07,
train,0,1.2e-06,
train,1,0.9945663,
train,1,0.99971488,
train,0,4.09e-06,
train,0,3.07e-06,
train,0,1.6e-06,
train,1,0.99982725,
train,0,1.83e-06,
train,0,6.6e-06,
train,0,1.07e-06,
train,0,6e-07,
train,1,0.99984033,
train,1,0.99983835,
train,0,2.124e-05,
train,0,2.72e-06,
train,0,3.14e-06,
train,0,1.2e-06,
train,1,0.99963723,
train,0,1.18e-06,
train,0,2.61e-06,
train,0,3.66e-06,
train,0,1.936e-05,
train,1,0.99950969,
train,0,9.3e-07,
train,0,1.32e-06,
train,0,1.04e-06,
train,0,1.48e-06,
train,0,1.54e-06,
train,0,1.59e-06,
train,0,6.68e-06,
train,0,4.27e-06,
train,0,1.368e-05,
train,0,7.7e-07,
train,0,2.11e-06,
train,0,2.69e-06,
train,0,2.42e-06,
train,0,2.13e-06,
train,0,2.22e-06,
train,0,4.34e-06,
train,0,2.72e-06,
train,0,7.2e-07,
train,0,4.08e-06,
train,0,3.27e-06,
train,0,2.77e-06,
train,0,6.95e-06,
train,1,0.99867802,
train,0,2.422e-05,
train,0,2.936e-05,
train,0,1.2e-05,
train,0,5.39e-06,
train,0,1.23e-06,
train,0,2.17e-06,
train,0,2.44e-06,
train,0,2.28e-06,
train,0,4.5e-07,
train,0,2.03e-06,
train,0,1.37e-06,
train,0,2.09e-06,
train,0,1.86e-06,
train,0,1.67e-06,
train,0,2.1e-06,
train,0,8.7e-07,
train,0,7.8e-07,
train,0,1.166e-05,
train,0,2.7e-06,
train,0,4.12e-06,
train,0,2.49e-06,
train,0,1.02e-06,
train,0,1.27e-06,
train,0,2.38e-06,
train,0,5.1e-07,
train,0,5.32e-06,
train,0,1.62e-06,
train,0,1.17e-06,
train,0,1.09e-06,
train,0,2.1e-06,
train,0,1.2e-06,
train,0,1.098e-05,
train,0,5.1e-07,
train,0,1.16e-06,
train,0,1.01e-06,
train,0,7.4e-07,
train,0,8.6e-07,
train,0,8.9e-07,
train,0,1.05e-06,
train,0,6.1e-07,
train,0,7.1e-07,
train,0,1.06e-06,
train,0,9.3e-07,
train,0,6.12e-06,
train,0,1.726e-05,
train,0,1.772e-05,
train,0,4e-07,
train,0,1.09e-06,
train,0,1.56e-06,
train,0,2.188e-05,
train,0,1.09e-06,
train,0,4.03e-06,
train,0,9.4e-07,
train,0,1.445e-05,
train,0,1.278e-05,
train,0,1.48e-06,
train,0,1.57e-06,
train,0,1.13e-06,
train,0,8.13e-06,
train,0,3.59e-06,
train,0,8.6e-07,
train,0,8.1e-07,
train,0,4.42e-06,
train,0,9.2e-07,
train,0,6.03e-06,
train,0,1.01e-06,
train,0,6.39e-06,
train,0,1.21e-06,
train,0,6.35e-06,
train,0,7.5e-07,
train,0,8.9e-07,
train,0,1.389e-05,
train,0,3.5e-07,
train,0,0.00055483,
train,0,7.9e-07,
train,0,1.13e-06,
train,0,6.95e-06,
train,0,4.06e-06,
train,0,2.321e-05,
train,0,4.033e-05,
train,0,3.6e-07,
train,0,5.6e-07,
train,0,7.7e-07,
train,0,9.955e-05,
train,0,7.9e-07,
train,0,5.9e-07,
train,0,8.26e-05,
train,0,4.89e-06,
train,0,1.25e-06,
train,0,8.3e-07,
train,0,2.01e-06,
train,0,0.00017743,
train,0,1.44e-06,
train,0,1.14e-06,
train,0,4.3e-07,
train,0,3.79e-06,
train,0,9.6e-07,
train,0,5.63e-06,
train,0,0.00026977,
train,0,4.891e-05,
train,0,1.03e-06,
train,0,9.7e-07,
train,0,3.4e-06,
train,0,2.35e-06,
train,0,0.00016978,
train,0,0.00014015,
train,0,1.441e-05,
train,0,1.37e-06,
train,0,8.291e-05,
train,0,2.61e-06,
train,0,2.06e-06,
train,0,2.26e-06,
train,0,1.53e-06,
train,0,3.6e-06,
train,0,6e-07,
train,0,5.61e-06,
train,0,1.56e-06,
train,0,9.4e-07,
train,0,6.99e-06,
train,0,1.71e-06,
train,0,4.268e-05,
train,0,1.53e-06,
train,0,3.26e-06,
train,0,1.61e-06,
train,0,2.79e-06,
train,0,2.842e-05,
train,0,9e-07,
train,0,1.358e-05,
train,0,2.41e-06,
train,0,1.92e-06,
train,0,1.868e-05,
train,0,7.5e-07,
train,0,4.14e-06,
train,0,1.37e-06,
train,0,2.37e-06,
train,0,2.49e-06,
train,0,3.78e-06,
train,0,3.42e-06,
train,0,6.4e-07,
train,0,2.45e-06,
train,0,1.897e-05,
train,0,3.312e-05,
train,0,1.44e-05,
train,0,4.58e-06,
train,0,3.26e-06,
train,0,5.9e-07,
train,0,1.12e-06,
train,0,1.82e-06,
train,0,2.23e-06,
train,0,1.23e-06,
train,0,1.4e-06,
train,0,3.194e-05,
train,0,3.86e-05,
train,0,8.3e-07,
train,0,1.56e-06,
train,0,3.49e-06,
train,0,2.08e-06,
train,0,1.59e-06,
train,0,2.551e-05,
train,0,1.86e-06,
train,0,1.949e-05,
train,0,1.66e-06,
train,0,2.42e-06,
train,0,1.699e-05,
train,0,4.97e-06,
train,0,5.06e-06,
train,0,8.75e-06,
train,0,1.52e-06,
train,0,7.89e-06,
train,0,1.05e-06,
train,0,3.251e-05,
train,0,6.5e-07,
train,0,4.12e-06,
train,0,6e-07,
train,0,2.58e-06,
train,0,9.1e-07,
train,0,5.45e-06,
train,0,2.98e-06,
train,0,3.59e-06,
train,0,1.429e-05,
train,0,3.34e-06,
train,0,6.05e-06,
train,0,1.03e-06,
train,0,7.03e-06,
train,0,0.00011673,
train,0,7.5e-07,
train,0,1.914e-05,
train,0,7.88e-06,
train,0,5.761e-05,
train,0,1.53e-06,
train,0,2.443e-05,
train,0,8.14e-06,
train,0,8.19e-06,
train,0,5.8e-07,
train,0,2.04e-06,
train,0,2.12e-06,
train,0,0.00015317,
train,0,1.15e-05,
train,0,2.18e-06,
train,0,1.307e-05,
train,0,5.61e-06,
train,0,2.62e-06,
train,0,0.00800028,
train,0,1.923e-05,
train,0,3.86e-06,
train,0,8e-07,
train,0,5.43e-06,
train,0,1.09e-06,
train,0,3.51e-06,
train,0,9.9e-07,
train,0,4.05e-06,
train,0,7.18e-06,
train,0,2.62e-06,
train,0,2.96e-06,
train,0,1.188e-05,
train,0,9.43e-06,
train,0,1.15e-06,
train,0,1.69e-06,
train,0,7.7e-07,
train,0,1.93e-06,
train,0,1.01e-06,
train,0,1.06e-06,
train,0,7.42e-06,
train,0,5.9e-07,
train,0,3.027e-05,
train,0,2.417e-05,
train,0,1.788e-05,
train,0,6.75e-06,
train,0,3.84e-06,
train,0,6.37e-06,
train,0,2.81e-06,
train,0,8.69e-06,
train,0,2.73e-06,
train,0,3.1e-06,
train,0,4.25e-06,
train,0,1.643e-05,
train,0,5.9e-07,
train,0,7.05e-06,
train,0,6.28e-06,
train,0,1.017e-05,
train,0,4.06e-06,
train,0,9.96e-06,
train,0,8.159e-05,
train,0,7.58e-06,
train,0,1.33e-06,
train,0,3.24e-06,
train,0,4.463e-05,
train,0,4.86e-06,
train,0,5.58e-06,
train,0,3.53e-06,
train,0,5.82e-06,
train,0,5.81e-06,
train,0,3.06e-05,
train,0,2.51e-06,
train,0,8.52e-06,
train,0,2.7e-06,
train,0,9.7e-07,
train,0,5.862e-05,
train,0,5.9e-07,
train,0,3.87e-06,
train,0,1.208e-05,
train,0,1.02e-06,
train,0,6.66e-06,
train,0,3.66e-06,
train,0,2.19e-06,
train,0,7.93e-06,
train,0,4.74e-06,
train,0,3.66e-06,
train,0,2.4e-06,
train,0,4.08e-06,
train,0,9.68e-06,
train,0,3.69e-06,
train,0,7.97e-06,
train,0,8.78e-06,
train,0,7.7e-07,
train,0,1.038e-05,
train,0,3.68e-06,
train,0,4.08e-06,
train,0,1.89e-06,
train,0,2.35e-06,
train,0,2.21e-06,
train,0,2.74e-06,
train,0,7.2e-07,
train,0,2.1e-06,
train,0,4.54e-06,
train,0,3.18e-06,
train,0,1.5e-06,
train,0,6.1e-07,
train,0,2.709e-05,
train,0,2.4e-06,
train,0,1.35e-06,
train,0,1.65e-06,
train,0,8.7e-07,
train,0,1.72e-06,
train,0,1.2e-06,
train,0,9.91e-06,
train,0,5.7e-07,
train,0,2.32e-06,
train,0,4.4e-07,
train,0,7.42e-06,
train,0,5.9e-07,
train,0,7.9e-07,
train,0,1.07e-06,
train,0,1.81e-06,
train,0,5.5e-07,
train,0,1.07e-06,
train,0,1.15e-06,
train,0,3e-07,
train,0,1.34e-06,
train,0,1.28e-06,
train,0,9.8e-07,
train,0,1.09e-06,
train,0,7.86e-06,
train,0,0.00014362,
train,0,7.8e-07,
train,0,6.9e-07,
train,0,4.39e-06,
train,0,5e-07,
train,0,4.9e-07,
train,0,1.688e-05,
train,0,1.39e-06,
train,0,8.6e-07,
train,0,3.44e-06,
train,0,1.28e-06,
train,0,1.717e-05,
train,0,4.03e-06,
train,0,5.467e-05,
train,0,1.22e-06,
train,0,7.3e-07,
train,0,2.17e-06,
train,0,1.49e-06,
train,0,4.2e-07,
train,0,1.73e-06,
train,0,1.57e-05,
train,0,2.69e-06,
train,0,3.75e-06,
train,0,1.52e-06,
train,0,3.9e-06,
train,0,3.925e-05,
train,0,1.39e-06,
train,0,0.00011676,
train,0,0.00054088,
train,0,7e-07,
train,0,7.5e-07,
train,0,7.9e-07,
train,0,1.03e-06,
train,0,5e-07,
train,0,1.2e-06,
train,0,1.143e-05,
train,0,6.5e-07,
train,0,1.78e-06,
train,0,4.94e-06,
train,0,9.01e-06,
train,0,4.4e-07,
train,0,1.038e-05,
train,0,3.89e-06,
train,0,5.94e-06,
train,0,5.63e-06,
train,0,2.779e-05,
train,0,1.136e-05,
train,0,9.679e-05,
train,0,6.35e-06,
train,0,1.57e-06,
train,0,1.783e-05,
train,0,3.434e-05,
train,0,1.82e-06,
train,0,3.18e-06,
train,0,9.73e-06,
train,0,3.93e-06,
train,0,0.0003513,
train,0,1.47e-06,
train,0,2.98e-06,
train,0,1.02e-06,
train,0,2.08e-06,
train,0,1.98e-06,
train,0,1.33e-06,
train,0,0.00030325,
train,0,1.62e-06,
train,0,1.79e-06,
train,0,5.37e-06,
train,0,8.4e-07,
train,0,2.35e-06,
train,0,0.00162009,
train,0,3.05e-06,
train,0,2.096e-05,
train,0,1.081e-05,
train,0,9.5e-07,
train,0,4.399e-05,
train,0,1.86e-06,
train,0,1.62e-06,
train,0,8.8e-07,
train,0,1.24e-06,
train,0,2.38e-06,
train,0,6.8e-07,
train,0,1.86e-06,
train,0,2.06e-06,
train,0,0.00014588,
train,0,1.073e-05,
train,0,1.425e-05,
train,0,0.00010445,
train,0,4.65e-06,
train,0,4.09e-06,
train,0,1.82e-06,
train,0,3.03e-06,
train,0,3.62e-06,
train,0,2.79e-06,
train,0,4.066e-05,
train,0,2.28e-06,
train,0,1.53e-06,
train,0,6.78e-06,
train,1,0.99475342,
train,0,3.96e-06,
train,0,2.63e-06,
train,1,0.99984123,
train,0,1.7e-06,
train,0,0.00041535,
train,0,1.12e-06,
train,0,1.085e-05,
train,0,3.81e-06,
train,0,7.48e-06,
train,0,5.207e-05,
train,0,5.41e-06,
train,0,1.573e-05,
train,0,1.6e-06,
train,0,4.39e-06,
train,0,6.6e-07,
train,0,1.66e-06,
train,0,1.3e-06,
train,0,2.768e-05,
train,0,2.39e-06,
train,0,2.699e-05,
train,0,3.71e-06,
train,0,5.16e-06,
train,0,2.73e-06,
train,0,7.09e-06,
train,0,2.87e-06,
train,0,2.663e-05,
train,0,4.41e-06,
train,0,6.233e-05,
train,0,6.5e-07,
train,1,0.99984058,
train,1,0.99988919,
train,0,1.112e-05,
train,1,0.99988882,
train,1,0.99988882,
train,1,0.99988919,
train,0,8.7e-07,
train,0,3.342e-05,
train,0,4.95e-06,
train,0,3.83e-06,
train,0,4.54e-06,
train,0,6.19e-06,
train,0,6.77e-05,
train,0,0.00085182,
train,0,8.921e-05,
train,0,8e-07,
train,0,1.99e-05,
train,0,6.52e-06,
train,0,8.5e-07,
train,0,4.579e-05,
train,0,3.517e-05,
train,0,2.11e-06,
train,0,1.883e-05,
train,0,0.00021803,
train,0,4.28e-06,
train,0,6.595e-05,
train,0,5.9e-07,
train,0,9e-07,
train,0,3.26e-06,
train,0,3.71e-06,
train,0,1.46e-06,
train,0,3.05e-06,
train,0,6.9e-07,
train,0,5.98e-06,
train,0,3.813e-05,
train,0,1.683e-05,
train,0,5.6e-06,
train,0,1.1e-06,
train,0,5.68e-06,
train,0,1.054e-05,
train,0,1.76e-06,
train,0,9.86e-06,
train,0,5.342e-05,
train,0,6.26e-06,
train,0,2.075e-05,
train,0,1.04e-06,
train,0,4.72e-06,
train,0,3.1e-06,
train,0,0.00021052,
train,0,6.95e-06,
train,0,5.01e-06,
train,0,1.34e-06,
train,0,8.03e-06,
train,0,1.6e-06,
train,0,0.00033823,
train,0,5.04e-06,
train,0,4.28e-06,
train,0,1.915e-05,
train,0,1.13e-06,
train,1,0.99813944,
train,0,7.8e-07,
train,0,4.562e-05,
train,0,6.07e-06,
train,0,1.48e-06,
train,0,2.678e-05,
train,0,2.19e-06,
train,0,1.36e-06,
train,0,5.38e-06,
train,0,1.76e-06,
train,0,2.65e-06,
train,0,5.55e-06,
train,0,3.02e-06,
train,0,7.55e-06,
train,0,1.52e-06,
train,0,9.3e-07,
train,0,2.56e-06,
train,0,5.7e-07,
train,0,2.11e-05,
train,0,1.03e-05,
train,0,3.63e-05,
train,0,0.00035988,
train,0,3.511e-05,
train,0,3.41e-06,
train,0,3.45e-06,
train,0,0.00154,
train,1,0.99943638,
train,0,7.99e-06,
train,0,1.25e-06,
train,0,1.98e-06,
train,0,5.4e-06,
train,0,1.86e-06,
train,0,3.27e-05,
train,0,5e-07,
train,0,7.1e-06,
train,0,0.00010728,
train,0,4.76e-06,
train,0,2.371e-05,
train,0,0.00206859,
train,0,0.09973832,
train,0,1.84e-06,
train,0,6.76e-06,
train,0,2.76e-06,
train,0,1.31e-06,
train,0,1.575e-05,
train,0,1.48e-06,
train,0,1.82e-06,
train,0,6.06e-06,
train,0,9.574e-05,
train,0,2.14e-06,
train,0,7.48e-06,
train,0,4.96e-06,
train,0,1.163e-05,
train,0,5.8e-07,
train,0,4.79e-06,
train,0,3.95e-06,
train,0,1.58e-06,
train,0,2.41e-06,
train,0,3.56e-06,
train,0,2.229e-05,
train,0,2.55e-06,
train,0,0.00015682,
train,0,3.28e-06,
train,0,4.52e-06,
train,0,8.46e-06,
train,0,0.00172655,
train,0,1.36e-05,
train,0,1.133e-05,
train,0,9.2e-07,
train,0,2.888e-05,
train,0,3.62e-06,
train,0,1.8e-06,
train,0,3.726e-05,
train,0,3.93e-06,
train,0,3.66e-06,
train,0,1.76e-06,
train,0,5.2e-07,
train,0,1.577e-05,
train,0,6.42e-06,
train,0,2.265e-05,
train,0,0.00037582,
train,0,2.61e-06,
train,0,3.91e-06,
train,0,2.77e-06,
train,0,1.75e-06,
train,0,0.00086292,
train,0,1.11e-06,
train,0,1.389e-05,
train,0,3.11e-06,
train,0,3.92e-06,
train,0,3.39e-06,
train,0,1.23e-06,
train,0,6.69e-06,
train,0,2.669e-05,
train,0,2.85e-06,
train,0,1.21e-06,
train,0,1.019e-05,
train,0,1.105e-05,
train,0,6.11e-06,
train,0,3.71e-06,
train,0,3.018e-05,
train,0,3.117e-05,
train,0,5.207e-05,
train,0,9.2e-06,
train,0,1.772e-05,
train,0,4.28e-06,
train,0,1.446e-05,
train,0,1.96e-06,
train,0,3.01e-06,
train,0,1.37e-06,
train,0,7.02e-06,
train,0,3.69e-06,
train,0,1.393e-05,
train,0,3.11e-06,
train,0,7.9e-07,
train,0,3.22e-06,
train,0,0.00065163,
train,0,3.39e-06,
train,0,6.3e-07,
train,0,2.06e-06,
train,0,2.25e-06,
train,0,4.84e-06,
train,0,1.08e-06,
train,0,7.44e-06,
train,0,1.83e-06,
train,0,5.9e-07,
train,0,1.95e-06,
train,0,7.6e-06,
train,0,6.3e-07,
train,0,1.099e-05,
train,0,6.6e-07,
train,0,8.2e-07,
train,0,1.04e-06,
train,0,1.07e-06,
train,0,6e-07,
train,0,9.1e-07,
train,0,2.66e-06,
train,0,9.9e-07,
train,0,4.9e-07,
train,0,1.04e-06,
train,0,1.52e-06,
train,0,0.01790447,
train,0,3.6e-07,
train,0,2.6e-06,
train,0,8.9e-07,
train,0,4.8e-07,
train,0,6.5e-07,
train,0,1.64e-06,
train,0,1.89e-06,
train,0,6.4e-07,
train,0,9.1e-07,
train,0,1.249e-05,
train,0,5.1e-07,
train,0,6.92e-06,
train,0,4.07e-06,
train,0,8.59e-05,
train,0,1.36e-06,
train,0,9.4e-07,
train,0,9.6e-07,
train,0,3.7e-07,
train,0,5.5e-07,
train,0,1.15e-06,
train,0,2.132e-05,
train,0,2.16e-06,
train,0,7.658e-05,
train,0,2.54e-06,
train,0,1.01e-06,
train,0,4.7e-07,
train,0,2.37e-06,
train,0,3.6e-07,
train,0,1.808e-05,
train,0,8.93e-06,
train,0,2.53e-06,
train,0,5.27e-06,
train,0,4.5e-07,
train,0,6.1e-07,
train,0,1.54e-06,
train,0,7.2e-06,
train,0,1.12e-06,
train,0,1.91e-06,
train,0,9.9e-07,
train,0,2.26e-06,
train,0,7e-07,
train,0,1.76e-06,
train,0,1.1e-06,
train,0,9.7e-07,
train,0,9.2e-07,
train,0,2.12e-06,
train,0,6.837e-05,
train,0,1.08e-06,
train,0,1.54e-06,
train,0,7.28e-06,
train,0,4.95e-06,
train,0,1.12e-06,
train,0,8e-07,
train,0,1.92e-06,
train,0,1.157e-05,
train,0,3e-07,
train,0,0.00025993,
train,0,3.67e-06,
train,0,8.7e-07,
train,0,0.00010702,
train,0,8.3e-07,
train,0,1.49e-06,
train,0,4.2e-07,
train,0,5.1e-07,
train,0,1.039e-05,
train,0,1.559e-05,
train,0,2.78e-06,
train,0,5.6e-06,
train,0,8.1e-07,
train,0,7.86e-06,
train,0,6.35e-06,
train,0,3.65e-06,
train,0,1.964e-05,
train,0,1.201e-05,
train,0,1.4e-06,
train,0,1.26e-06,
train,0,6.5e-07,
train,0,1.189e-05,
train,0,1.12e-06,
train,0,1.24e-06,
train,0,3.574e-05,
train,0,1.67e-06,
train,0,1.542e-05,
train,0,5.4e-07,
train,0,1.02e-06,
train,0,1.534e-05,
train,0,2.97e-06,
train,0,9.51e-06,
train,0,1.98e-06,
train,0,8.3e-07,
train,0,8.81e-06,
train,1,0.99944295,
train,0,3.14e-06,
train,0,1.072e-05,
train,0,1.45e-06,
train,0,9.8e-07,
train,0,1.21e-06,
train,0,8.5e-07,
train,0,8.7e-07,
train,0,0.00094772,
train,0,1.419e-05,
train,0,7.16e-06,
train,0,9.6e-06,
train,0,5.72e-06,
train,0,1.46e-06,
train,0,1.949e-05,
train,0,3.8e-06,
train,0,0.01746962,
train,0,1.79e-06,
train,0,7.2e-07,
train,0,2.78e-06,
train,0,1.62e-06,
train,0,2.524e-05,
train,0,2.3e-06,
train,0,6.9e-07,
train,0,1.57e-06,
train,0,1.398e-05,
train,0,7.22e-06,
train,0,7.4e-07,
train,0,2.776e-05,
train,0,9.4e-07,
train,0,4.23e-06,
train,0,6.23e-06,
train,0,0.00095165,
train,0,0.00401356,
train,0,2.167e-05,
train,0,4.4e-07,
train,0,1.06e-06,
train,0,3.37e-06,
train,0,2.92e-06,
train,0,1.35e-06,
train,0,2.285e-05,
train,0,7.47e-06,
train,0,3.5e-06,
train,0,3.2e-07,
train,1,0.99795457,
train,0,7.043e-05,
train,0,2.71e-06,
train,0,2.515e-05,
train,0,2.17e-06,
train,0,8.1e-07,
train,0,2.271e-05,
train,1,0.99967421,
train,0,7.4e-07,
train,0,9.92e-06,
train,0,2.37e-06,
train,0,0.0004183,
train,0,1.75e-06,
train,0,5.85e-06,
train,0,4.16e-06,
train,0,0.00019625,
train,0,6.615e-05,
train,0,2.336e-05,
train,0,8.1e-07,
train,0,2.62e-06,
train,0,3.59e-06,
train,0,3.389e-05,
train,0,1.86e-06,
train,0,0.02158796,
train,0,8.04e-06,
train,0,1.43e-06,
train,0,4.03e-06,
train,0,2.484e-05,
train,0,1.835e-05,
train,0,7.029e-05,
train,0,0.00011803,
train,0,1.51e-06,
train,0,7.23e-06,
train,0,1.88e-06,
train,0,2.866e-05,
train,0,1.487e-05,
train,0,7.45e-06,
train,0,1.3e-06,
train,0,5.9e-06,
train,0,3.2e-07,
train,0,2.617e-05,
train,0,5.381e-05,
train,0,1.64e-06,
train,0,3.97e-06,
train,0,2.793e-05,
train,0,4.13e-06,
train,0,0.00010738,
train,0,4.259e-05,
train,0,6.5e-07,
train,0,2.86e-06,
train,0,6.7e-07,
train,0,2.041e-05,
train,0,2.349e-05,
train,0,2.89e-06,
train,0,5.22e-06,
train,0,2.22e-06,
train,0,2.141e-05,
train,0,4.38e-06,
train,0,7.2e-06,
train,0,1.38e-06,
train,0,8e-07,
train,0,8.26e-06,
train,0,4.92e-06,
train,0,8.56e-06,
train,0,2.19e-06,
train,0,6.06e-06,
train,0,2.907e-05,
train,0,2.1e-06,
train,0,0.00013854,
train,0,9.672e-05,
train,0,7.503e-05,
train,0,1.94e-06,
train,0,0.00016838,
train,0,3.36e-06,
train,0,2.113e-05,
train,0,5.62e-06,
train,0,4.907e-05,
train,0,5.2e-06,
train,0,9.27e-06,
train,0,3.097e-05,
train,0,2.16e-06,
train,0,1.13e-06,
train,0,1.08e-06,
train,0,1.434e-05,
train,0,0.03592248,
train,0,9.1e-07,
train,0,5.33e-06,
train,0,9.75e-06,
train,0,5.48e-06,
train,0,1.47e-06,
train,0,3.61e-06,
train,0,7.88e-06,
train,0,4.26e-06,
train,0,1.226e-05,
train,0,2.6e-07,
train,0,2.96e-06,
train,0,1.19e-06,
train,0,0.00012732,
train,0,8.2e-07,
train,0,1.57e-06,
train,0,6.287e-05,
train,0,2.04e-06,
train,0,2.76e-06,
train,0,5.06e-06,
train,0,9e-07,
train,0,2.658e-05,
train,0,2.34e-06,
train,0,3.31e-06,
train,0,9.7e-07,
train,0,3.37e-06,
train,0,5.364e-05,
train,0,6.36e-06,
train,0,6.2e-07,
train,0,2.29e-06,
train,0,6.36e-06,
train,0,1.486e-05,
train,0,0.00054287,
train,0,0.0001266,
train,0,8.3e-07,
train,0,2.52e-06,
train,0,3.4e-06,
train,0,7.3e-06,
train,0,8.7e-07,
train,0,5.6e-07,
train,0,7.5e-07,
train,0,4.12e-06,
train,0,4.22e-06,
train,0,3.19e-06,
train,0,4.77e-06,
train,0,1.96e-06,
train,0,8.54e-06,
train,0,4.13e-06,
train,0,0.00110484,
train,0,1.48e-06,
train,0,3.334e-05,
train,0,1.855e-05,
train,0,1.11e-06,
train,0,1.95e-06,
train,0,1.245e-05,
train,0,7.05e-06,
train,0,2.08e-06,
train,0,1.673e-05,
train,0,3.51e-06,
train,0,8.64e-06,
train,0,1.371e-05,
train,0,3.085e-05,
train,0,9.7e-07,
train,0,5.9e-07,
train,0,2.95e-06,
train,0,7.8e-07,
train,0,6.35e-06,
train,0,6.9e-07,
train,0,2.84e-06,
train,0,3.72e-06,
train,0,5.14e-06,
train,0,5.5e-07,
train,0,1.91e-06,
train,0,4.3e-06,
train,0,8.6e-07,
train,0,8.8e-07,
train,0,2.81e-06,
train,0,1.46e-06,
train,0,1.66e-06,
train,0,4.63e-06,
train,0,2.43e-06,
train,0,1.17e-06,
train,0,1.39e-06,
train,0,1.79e-06,
train,0,2.97e-06,
train,0,0.00330386,
train,0,1.88e-06,
train,0,3.59e-06,
train,0,2.95e-06,
train,0,4.95e-06,
train,0,2.7e-06,
train,0,3.42e-06,
train,0,3.56e-06,
train,0,1.575e-05,
train,0,3.601e-05,
train,0,8.95e-06,
train,0,2.12e-06,
train,0,8.73e-06,
train,0,5.9e-07,
train,0,1.323e-05,
train,0,4.43e-06,
train,0,1.69e-06,
train,0,9.81e-06,
train,0,3.122e-05,
train,0,4.985e-05,
train,0,4.72e-06,
train,0,1.153e-05,
train,0,3.25e-06,
train,0,1.616e-05,
train,0,8.1e-07,
train,0,5.6e-07,
train,0,2.01e-06,
train,0,4.9e-07,
train,0,9.2e-07,
train,0,1.19e-06,
train,0,3.1e-07,
train,0,3.4e-07,
train,0,7.8e-07,
train,0,1.12e-06,
train,0,6.88e-06,
train,0,1.39e-06,
train,0,1.4e-06,
train,0,2.715e-05,
train,0,3.4e-07,
train,0,1.49e-06,
train,0,5.9e-07,
train,0,0.0011327,
train,0,1.36e-06,
train,0,1.68e-06,
train,0,8e-07,
train,0,6.9e-07,
train,0,8.8e-07,
train,0,3.46e-06,
train,0,6.2e-07,
train,0,1.523e-05,
train,0,1.82e-05,
train,0,3.22e-06,
train,0,1.86e-06,
train,0,1.17e-06,
train,0,1.93e-06,
train,0,2.85e-06,
train,0,6.49e-06,
train,0,2.2e-06,
train,0,1.3e-06,
train,0,9e-07,
train,0,8.3e-07,
train,0,1.89e-06,
train,0,2.9e-06,
train,0,2.74e-06,
train,0,1.64e-06,
train,0,2.18e-06,
train,0,1.41e-06,
train,0,1.95e-06,
train,0,1.34e-06,
train,0,9.4e-07,
train,0,4.6e-07,
train,0,5.3e-07,
train,0,3.051e-05,
train,0,1.45e-06,
train,0,1.319e-05,
train,0,3.02e-06,
train,0,3.73e-06,
train,0,6.2e-07,
train,0,3.05e-05,
train,0,4.02e-06,
train,0,9.9e-07,
train,0,1.214e-05,
train,0,1.085e-05,
train,0,1.2e-06,
train,0,1.175e-05,
train,0,1.88e-06,
train,0,1.67e-06,
train,0,1.79e-06,
train,0,2.57e-06,
train,0,0.00016852,
train,0,1.15e-06,
train,0,2.89e-06,
train,1,0.99359006,
train,0,4.1e-07,
train,0,8.3e-07,
train,0,3.121e-05,
train,0,1.36e-06,
train,1,0.99975882,
train,0,9.94e-06,
train,0,1.58e-06,
train,0,1.76e-06,
train,0,9.1e-07,
train,0,8e-07,
train,0,0.00011329,
train,0,4.347e-05,
train,0,9.7e-06,
train,0,9.25e-06,
train,0,0.00013977,
train,0,6.243e-05,
train,0,2.81e-06,
train,0,2.08e-06,
train,0,1.879e-05,
train,0,4.6e-07,
train,0,2.111e-05,
train,0,3.128e-05,
train,0,8.9e-07,
train,0,2.23e-06,
train,0,9.9e-07,
train,0,6.237e-05,
train,0,6.99e-06,
train,0,1.47e-06,
train,0,4.54e-06,
train,0,1.08e-06,
train,0,9.34e-06,
train,0,6.6e-07,
train,0,7.12e-06,
train,0,1.72e-06,
train,0,7.1e-07,
train,0,2.86e-06,
train,0,2.539e-05,
train,0,3.6e-06,
train,0,1.659e-05,
train,0,1.231e-05,
train,0,6.9e-07,
train,0,4.2e-07,
train,0,1.99e-06,
train,0,2.58e-06,
train,0,1.05e-06,
train,0,1.89e-06,
train,0,8.38e-06,
train,0,2.94e-05,
train,0,8.6e-07,
train,0,4.5e-07,
train,0,1.157e-05,
train,0,2.28e-06,
train,0,1.306e-05,
train,0,4.992e-05,
train,0,0.00011988,
train,0,4.79e-06,
train,0,3.042e-05,
train,0,5.62e-06,
train,0,4.06e-06,
train,0,2.2e-06,
train,0,2.96e-06,
train,0,5.05e-06,
train,0,1.46e-06,
train,0,1.85e-05,
train,0,0.00022748,
train,0,1.42e-06,
train,0,2.15e-06,
train,0,0.00598864,
train,0,1.73e-06,
train,0,9.3e-07,
train,0,6.7e-07,
train,0,1.082e-05,
train,0,9.7e-07,
train,0,1.62e-06,
train,0,3.17e-06,
train,0,3.16e-06,
train,0,1.971e-05,
train,0,0.0008384,
train,0,5.29e-06,
train,0,4.67e-06,
train,0,2.54e-06,
train,0,1.68e-06,
train,0,1.7e-06,
train,0,2.191e-05,
train,0,6.5e-07,
train,0,1.371e-05,
train,0,8.67e-06,
train,0,2.13e-06,
train,0,1.54e-06,
train,0,6.85e-06,
train,0,8.69e-06,
train,0,2.12e-06,
train,0,3.68e-06,
train,0,3.67e-06,
train,0,3.48e-06,
train,1,0.9994777,
train,0,8.53e-06,
train,0,4.7e-07,
train,0,3.239e-05,
train,0,9.35e-05,
train,0,8.76e-06,
train,0,1.01e-06,
train,0,2.44e-06,
train,0,9.87e-06,
train,0,2.305e-05,
train,0,1.85e-06,
train,0,1.709e-05,
train,0,5.01e-06,
train,0,4.36e-06,
train,0,1.24e-06,
train,0,4.769e-05,
train,0,1.17e-06,
train,0,8.25e-06,
train,0,2.65e-06,
train,0,2.1e-06,
train,0,1.671e-05,
train,0,8.15e-06,
train,0,2.19e-06,
train,1,0.9992074,
train,0,2.46e-06,
train,0,1.579e-05,
train,0,2.38e-06,
train,0,9.3e-07,
train,0,2.968e-05,
train,0,1.68e-06,
train,0,8.7e-07,
train,0,4.25e-06,
train,0,1.09e-06,
train,0,3.09e-06,
train,0,7e-07,
train,0,7.2e-07,
train,0,1.71e-06,
train,0,3.581e-05,
train,0,2.93e-06,
train,0,2.22e-06,
train,0,1e-06,
train,0,5.9e-07,
train,0,1.531e-05,
train,0,1.18e-06,
train,0,9.95e-06,
train,0,1.383e-05,
train,0,2.22e-06,
train,0,4.55e-06,
train,0,8.4e-07,
train,0,1.66e-06,
train,0,1.97e-06,
train,0,1.629e-05,
train,0,2.802e-05,
train,0,2.04e-06,
train,0,6.73e-06,
train,0,0.00028908,
train,0,1.63e-06,
train,0,1.91e-06,
train,0,2.23e-06,
train,0,8.09e-06,
train,0,3.008e-05,
train,0,2.51e-06,
train,0,3.53e-06,
train,0,6.253e-05,
train,0,2.505e-05,
train,0,5.8e-07,
train,0,4.34e-06,
train,0,1.8e-05,
train,0,0.00106691,
train,0,3.072e-05,
train,0,9.5e-07,
train,0,3.97e-06,
train,0,3.98e-06,
train,0,7.5e-07,
train,0,3.57e-06,
train,0,6.743e-05,
train,0,5.5e-07,
train,0,1.15e-05,
train,0,5.1e-06,
train,0,6.9e-07,
train,0,9.32e-06,
train,0,8.4e-07,
train,0,0.00013142,
train,0,5.147e-05,
train,0,1.57e-06,
train,0,5e-07,
train,0,8.43e-06,
train,0,5.03e-06,
train,0,1.074e-05,
train,0,0.02230553,
train,0,5.18e-06,
train,0,1.96e-06,
train,0,1.68e-06,
train,0,5.16e-06,
train,0,6.3e-07,
train,0,4.58e-06,
train,0,1.36e-06,
train,0,1.79e-06,
train,0,1.76e-06,
train,0,1.76e-06,
train,0,6.23e-06,
train,0,1.55e-06,
train,0,2.93e-06,
train,0,1.215e-05,
train,0,5.65e-06,
train,0,1.1e-06,
train,0,8.29e-06,
train,0,6.8e-06,
train,0,1.311e-05,
train,0,1.74e-06,
train,0,1.14e-05,
train,0,1.89e-06,
train,0,1.07e-06,
train,0,4.3e-06,
train,0,8.6e-07,
train,0,1.597e-05,
train,0,5.67e-06,
train,0,1.255e-05,
train,0,4.76e-06,
train,0,8.18e-06,
train,0,2.71e-06,
train,0,0.00013615,
train,0,2.08e-06,
train,0,1.61e-05,
train,0,2.18e-06,
train,0,9.07e-06,
train,0,1.67e-06,
train,0,1.78e-06,
train,0,1.67e-06,
train,0,9.8e-07,
train,0,7e-07,
train,0,1.796e-05,
train,0,2.87e-06,
train,0,4.79e-06,
train,0,1.22e-06,
train,0,1.35e-06,
train,0,1.43e-06,
train,0,9.5e-07,
train,0,5.6e-07,
train,0,1.2e-06,
train,0,6.09e-06,
train,0,9.6e-07,
train,0,7.4e-07,
train,0,6.95e-06,
train,0,7.5e-07,
train,0,6.4e-07,
train,0,1.26e-06,
train,0,3.9e-07,
train,0,7.4e-07,
train,0,1.18e-06,
train,0,5.9e-07,
train,0,5.9e-07,
train,0,1.68e-06,
train,0,6.6e-07,
train,0,7.8e-07,
train,0,1.858e-05,
train,0,2.43e-06,
train,0,1.42e-06,
train,0,6.7e-07,
train,0,1.08e-06,
train,0,7.3e-07,
train,0,1.82e-06,
train,0,2.98e-06,
train,0,4.1e-07,
train,0,3.72e-06,
train,0,2.7e-07,
train,0,1e-06,
train,0,8.7e-07,
train,0,1.15e-06,
train,0,1.01e-06,
train,0,2.44e-06,
train,0,1.94e-06,
train,0,1.42e-06,
train,0,2.56e-06,
train,0,8.7e-07,
train,0,7e-06,
train,0,6.31e-06,
train,0,5.9e-07,
train,0,2.6e-06,
train,0,5.244e-05,
train,0,1.19e-06,
train,0,1.57e-06,
train,0,8.92e-06,
train,0,1.01e-06,
train,0,2.33e-06,
train,0,1e-06,
train,0,3.98e-06,
train,0,2.09e-06,
train,1,0.99899836,
train,0,1.545e-05,
train,0,1.056e-05,
train,0,9.4e-07,
train,0,3.7e-07,
train,0,4.5e-07,
train,0,6.2e-07,
train,0,6.5e-07,
train,0,2.196e-05,
train,0,4.2e-07,
train,0,6.4e-07,
train,0,7.36e-06,
train,0,2.64e-06,
train,0,8.52e-06,
train,0,1.65e-06,
train,0,7.2e-07,
train,0,1.05e-06,
train,0,3.39e-06,
train,0,2.87e-06,
train,0,7.4e-07,
train,0,7.3e-07,
train,0,0.00993259,
train,0,6.21e-06,
train,0,8.1e-07,
train,0,2.53e-06,
train,0,5.33e-06,
train,0,3.71e-06,
train,0,2.96e-06,
train,0,2.67e-06,
train,0,7.93e-06,
train,0,1.68e-06,
train,0,0.00013799,
train,0,6.9e-07,
train,1,0.99714932,
train,0,1.18e-06,
train,0,2.65e-06,
train,0,2.85e-06,
train,0,2.16e-05,
train,0,2.99e-06,
train,0,4.25e-06,
train,0,6.61e-06,
train,0,5.84e-06,
train,0,9.29e-06,
train,0,3.27e-06,
train,0,5.4e-07,
train,0,0.00010837,
train,0,1.17e-06,
train,0,2.78e-06,
train,0,1.1e-06,
train,0,6.3e-07,
train,0,7e-07,
train,0,7.9e-07,
train,0,7.4e-07,
train,0,2.34e-06,
train,0,1.386e-05,
train,0,1.827e-05,
train,0,4.751e-05,
train,0,1.599e-05,
train,0,6.67e-06,
train,0,9.12e-06,
train,0,1.01e-06,
train,0,6.14e-06,
train,0,2.26e-06,
train,0,2.87e-06,
train,0,1.49e-06,
train,0,3.06e-06,
train,0,2.02e-06,
train,0,3.77e-06,
train,0,3.11e-06,
train,0,2.027e-05,
train,0,1e-06,
train,0,5.65e-06,
train,0,5.4e-06,
train,0,1.79e-05,
train,0,9.92e-06,
train,0,6.7e-07,
train,0,1.318e-05,
train,0,0.00020665,
train,0,5.98e-06,
train,0,1.96e-06,
train,0,6.59e-06,
train,0,1.45e-06,
train,0,4.35e-06,
train,0,0.0007572,
train,0,1.3e-05,
train,0,2.94e-06,
train,0,5.52e-06,
train,0,8.58e-06,
train,0,8.88e-06,
train,0,5.119e-05,
train,0,9.1e-07,
train,0,2.57e-06,
train,0,7.4e-07,
train,0,1.161e-05,
train,0,1.52e-06,
train,0,2.687e-05,
train,0,3.077e-05,
train,0,7.92e-06,
train,0,1.98e-06,
train,0,8.67e-06,
train,0,4.91e-06,
train,0,1.374e-05,
train,0,5.96e-06,
train,0,4.25e-06,
train,0,9.8e-07,
train,0,2.41e-06,
train,0,1.69e-06,
train,0,9.67e-06,
train,0,3.47e-06,
train,0,1.9e-06,
train,0,4.6e-07,
train,0,5.3e-07,
train,0,1.18e-06,
train,0,2.82e-06,
train,0,3.06e-06,
train,0,2.16e-06,
train,0,1e-06,
train,0,1.155e-05,
train,0,6.87e-06,
train,0,6.24e-06,
train,0,1.36e-06,
train,0,4.7e-06,
train,0,1.32e-06,
train,0,2.733e-05,
train,0,2.91e-06,
train,0,6.1e-07,
train,0,2.83e-06,
train,0,7.81e-06,
train,0,9.74e-06,
train,0,4.13e-06,
train,0,8.69e-06,
train,0,1.51e-06,
train,0,4.69e-06,
train,0,9.17e-06,
train,0,1.15e-06,
train,0,1.34e-06,
train,0,1.25e-06,
train,0,1.67e-06,
train,0,1.75e-06,
train,0,0.00236491,
train,0,7.6e-07,
train,0,2.94e-06,
train,0,1.59e-06,
train,0,1.037e-05,
train,0,1.607e-05,
train,0,3.11e-06,
train,0,9.2e-06,
train,0,2.19e-06,
train,0,6e-07,
train,0,1.016e-05,
train,0,5.12e-06,
train,0,1.07e-06,
train,0,1.657e-05,
train,0,2.14e-06,
train,0,1.88e-06,
train,0,6.4e-07,
train,0,3.2e-06,
train,0,2.25e-06,
train,0,3.49e-06,
train,0,8.528e-05,
train,0,4.19e-06,
train,0,5e-06,
train,0,2.488e-05,
train,0,2.6e-06,
train,1,0.99927027,
train,1,0.99978997,
train,0,5.498e-05,
train,0,1.97e-06,
train,0,4.33e-06,
train,0,1.44e-06,
train,0,1.25e-05,
train,0,1.37e-06,
train,0,6.8e-07,
train,0,3.93e-06,
train,0,1.3e-06,
train,0,2.22e-06,
train,0,2.4e-06,
train,0,5.8e-07,
train,0,1.16e-06,
train,0,5.53e-06,
train,0,1.117e-05,
train,0,0.00014217,
train,0,1.414e-05,
train,0,1e-06,
train,0,2.46e-06,
train,0,1.28e-06,
train,0,9.5e-07,
train,0,9.1e-06,
train,0,2.11e-06,
train,0,4.826e-05,
train,0,2.17e-06,
train,0,8.1e-07,
train,0,2.68e-06,
train,0,2.43e-06,
train,0,2.55e-06,
train,0,9.2e-07,
train,0,2.036e-05,
train,0,3.56e-06,
train,0,2.86e-06,
train,0,1.655e-05,
train,0,6.79e-06,
train,0,2.7e-06,
train,0,3.5e-05,
train,0,2.06e-06,
train,0,3.611e-05,
train,0,2.202e-05,
train,0,1.35e-06,
train,0,2.4e-06,
train,0,5.8e-07,
train,0,3.08e-06,
train,0,3.33e-06,
train,0,1.597e-05,
train,0,3.89e-06,
train,0,6.8e-07,
train,0,2.25e-06,
train,0,1.393e-05,
train,0,1.33e-06,
train,0,1.2e-06,
train,0,2.69e-06,
train,0,2.46e-06,
train,0,4.3e-07,
train,0,2.62e-06,
train,0,4.3e-06,
train,0,9.66e-06,
train,0,4.32e-06,
train,0,8.85e-06,
train,0,2.34e-06,
train,0,6.59e-06,
train,0,1.04e-06,
train,0,0.00012971,
train,0,9.31e-06,
train,0,2.07e-06,
train,0,3.97e-06,
train,0,1.71e-06,
train,0,2.16e-06,
train,0,9.9e-07,
train,0,1.55e-06,
train,0,2.27e-06,
train,0,9.03e-06,
train,0,2.23e-06,
train,0,2.539e-05,
train,0,3.91e-06,
train,0,1.55e-06,
train,0,9.8e-06,
train,0,1.34e-06,
train,0,1.11e-06,
train,0,6.11e-06,
train,0,8.4e-07,
train,0,1.92e-06,
train,0,3.1e-07,
train,0,1.76e-06,
train,0,4.317e-05,
train,0,3.3e-07,
train,0,4.71e-06,
train,0,6.9e-07,
train,0,3.02e-06,
train,0,1.48e-06,
train,0,2.8e-07,
train,0,5.5e-07,
train,0,7.2e-07,
train,0,1.02e-06,
train,0,8.8e-07,
train,0,9.2e-07,
train,0,3.2e-06,
train,0,5.5e-07,
train,0,9.66e-06,
train,0,5.7e-07,
train,0,4.9e-07,
train,0,1.09e-06,
train,0,6.3e-07,
train,0,5.63e-06,
train,0,3.69e-06,
train,0,6.6e-07,
train,0,8.6e-07,
train,0,0.00084565,
train,0,8.67e-06,
train,0,1.15e-06,
train,0,8e-07,
train,0,2.69e-06,
train,0,2.94e-06,
train,0,6.8e-06,
train,0,1.694e-05,
train,0,6.9e-07,
train,0,2.22e-06,
train,0,8.7e-07,
train,0,3.08e-06,
train,0,0.00051991,
train,0,2.8e-06,
train,0,3.04e-06,
train,0,2.4e-07,
train,0,8.2e-07,
train,0,3.27e-06,
train,0,0.00011995,
train,0,5.01e-06,
train,0,1.011e-05,
train,0,9.4e-07,
train,0,0.00015788,
train,0,4.99e-06,
train,0,4.2e-07,
train,0,6.5e-07,
train,0,1.625e-05,
train,0,8.26e-06,
train,0,1.45e-06,
train,0,1.45e-05,
train,0,4.658e-05,
train,0,7.6e-07,
train,0,5.09e-06,
train,0,1.28e-06,
train,0,1.59e-06,
train,0,2.93e-06,
train,0,1.12e-06,
train,0,9.2e-07,
train,0,5.4e-06,
train,0,6.22e-06,
train,0,0.00023382,
train,0,1.924e-05,
train,0,1.566e-05,
train,0,7.7e-07,
train,0,6.87e-05,
train,0,8.6e-07,
train,0,1.11e-06,
train,0,5.14e-06,
train,0,9.6e-07,
train,0,1.28e-06,
train,0,2.63e-06,
train,0,1.05e-06,
train,0,2.942e-05,
train,0,1.451e-05,
train,0,2.26e-05,
train,0,0.00013763,
train,1,0.99719722,
train,0,2.289e-05,
train,0,2.757e-05,
train,0,9.2e-07,
train,0,8.136e-05,
train,0,1.89e-06,
train,0,2.09e-06,
train,0,1.2e-06,
train,0,1.64e-06,
train,0,7.7e-07,
train,0,1.42e-06,
train,0,3.2e-06,
train,0,2.3e-06,
train,0,8.2e-07,
train,0,7.8e-07,
train,0,1.18e-06,
train,0,2.71e-06,
train,0,1.99e-06,
train,0,4.8e-07,
train,0,6.95e-06,
train,0,5.5e-07,
train,0,0.00035836,
train,0,6.1e-07,
train,0,6.7e-07,
train,0,6.33e-06,
train,0,1.05e-06,
train,0,1.59e-06,
train,0,2.8e-06,
train,0,1.84e-06,
train,0,1.206e-05,
train,0,1.18e-06,
train,0,6.3e-07,
train,0,1.77e-06,
train,0,9e-07,
train,0,6.26e-06,
train,0,6.42e-06,
train,0,8.9e-07,
train,0,2.67e-06,
train,0,3.203e-05,
train,0,5.18e-06,
train,0,1.668e-05,
train,0,1.61e-06,
train,0,7.8e-07,
train,0,3.97e-06,
train,0,6.1e-07,
train,0,2.22e-06,
train,0,8.3e-07,
train,0,1.012e-05,
train,0,5.5e-07,
train,0,4.2e-07,
train,0,1.12e-06,
train,0,6.95e-06,
train,0,1.86e-06,
train,0,1.476e-05,
train,0,5.4e-06,
train,0,7.1e-07,
train,0,6.5e-07,
train,0,0.00017065,
train,0,1.24e-06,
train,0,1.19e-06,
train,0,5.22e-06,
train,0,1.29e-06,
train,0,8.49e-06,
train,0,1.34e-06,
train,0,3.26e-06,
train,0,5e-07,
train,0,0.10560081,
train,0,4.81e-06,
train,0,4.43e-06,
train,0,4.842e-05,
train,0,3.8e-07,
train,0,0.00032101,
train,0,1.002e-05,
train,0,0.00032536,
train,0,1.99e-06,
train,0,6.4e-06,
train,0,1.846e-05,
train,0,2.22e-06,
train,0,1.22e-06,
train,0,1.994e-05,
train,0,6.2e-07,
train,0,3.68e-05,
train,0,2.537e-05,
train,0,8.2e-06,
train,0,2.4e-05,
train,0,8.055e-05,
train,0,3.221e-05,
train,0,2.078e-05,
train,0,5.3e-07,
train,0,5.43e-06,
train,0,1.68e-06,
train,0,1.25e-06,
train,0,0.00010348,
train,0,3.7e-05,
train,0,7.24e-06,
train,0,1.7e-06,
train,0,5.56e-06,
train,0,5.2e-06,
train,0,3.37e-06,
train,0,3.57e-06,
train,0,3.083e-05,
train,0,1.67e-06,
train,0,9.875e-05,
train,0,4.98e-06,
train,0,1.35e-06,
train,0,6e-07,
train,0,4.8e-07,
train,0,4.142e-05,
train,0,5.282e-05,
train,0,1.724e-05,
train,0,0.00527463,
train,0,3.8e-06,
train,0,5.75e-06,
train,0,4.36e-06,
train,0,2.33e-06,
train,0,4.14e-06,
train,0,2.48e-06,
train,0,1.55e-06,
train,0,5.07e-06,
train,0,2.84e-06,
train,0,7.16e-06,
train,0,2.11e-06,
train,0,2.265e-05,
train,0,2.41e-06,
train,0,1.09e-06,
train,0,1.49e-06,
train,0,7.6e-07,
train,0,1.34e-06,
train,0,1.169e-05,
train,0,3.16e-06,
train,0,8.7e-07,
train,0,1.89e-06,
train,0,5.934e-05,
train,0,1.465e-05,
train,0,4.49e-06,
train,0,9e-07,
train,0,5.69e-06,
train,0,1.82e-06,
train,0,1.24e-06,
train,0,2.2e-06,
train,0,2.01e-06,
train,0,2.71e-06,
train,0,3.27e-06,
train,0,8.3e-07,
train,0,1.01e-06,
train,0,1.36e-06,
train,0,1.539e-05,
train,0,5.07e-06,
train,0,5.33e-06,
train,0,1.069e-05,
train,0,3.36e-06,
train,0,1.47e-06,
train,0,1.71e-06,
train,0,1.931e-05,
train,0,1.67e-06,
train,0,1.76e-06,
train,0,7.4e-07,
train,0,4.4e-06,
train,0,0.00240377,
train,0,1.32e-06,
train,0,2.33e-06,
train,0,6.1e-06,
train,0,2.88e-06,
train,0,9e-07,
train,0,3.04e-06,
train,0,1.5e-06,
train,0,2.773e-05,
train,0,1.37e-06,
train,0,1.15e-06,
train,0,8e-07,
train,0,1e-06,
train,0,1.417e-05,
train,0,7.66e-06,
train,0,4.9e-07,
train,0,3.18e-06,
train,0,3.47e-06,
train,0,0.00012183,
train,0,4.32e-06,
train,0,5.7e-07,
train,0,1.878e-05,
train,0,1.077e-05,
train,0,0.00017567,
train,0,2.213e-05,
train,1,0.99938803,
train,0,6.34e-06,
train,0,1.57e-06,
train,0,1.23e-06,
train,0,1.11e-06,
train,0,8.97e-06,
train,0,1.16e-06,
train,0,1.32e-06,
train,0,6.4e-07,
train,0,9.57e-06,
train,0,9.3e-07,
train,0,1.475e-05,
train,0,2.16e-06,
train,0,3.406e-05,
train,0,2.21e-06,
train,0,5.9e-07,
train,0,1.69e-06,
train,0,4.14e-06,
train,0,3.04e-06,
train,0,3.09e-06,
train,0,2.15e-06,
train,0,6.7e-07,
train,0,9.7e-07,
train,0,5.65e-06,
train,0,1.184e-05,
train,0,2.69e-05,
train,0,1.09e-05,
train,0,1.12e-06,
train,0,3.35e-06,
train,0,4.252e-05,
train,0,9.2e-07,
train,0,9.6e-07,
train,0,1.763e-05,
train,0,4.59e-06,
train,0,0.00031572,
train,0,8.28e-06,
train,0,3.86e-06,
train,0,7.38e-06,
train,0,4.13e-06,
train,0,2.292e-05,
train,0,2.63e-06,
train,0,3.41e-05,
train,0,1.65e-06,
train,0,4.1e-07,
train,0,7.06e-06,
train,0,2.319e-05,
train,0,3.51e-06,
train,0,3.48e-06,
train,0,4.87e-06,
train,0,3.21e-06,
train,0,1.092e-05,
train,0,2.19e-06,
train,0,5.17e-06,
train,0,4.52e-06,
train,0,8.54e-06,
train,0,4.24e-06,
train,0,2.67e-06,
train,0,8.5e-07,
train,0,2.36e-06,
train,0,1.76e-06,
train,0,1.43e-06,
train,0,2.209e-05,
train,0,1.21e-06,
train,0,5.9e-07,
train,0,6.8e-07,
train,0,2.23e-06,
train,0,9.71e-06,
train,0,5.49e-06,
train,0,1.75e-06,
train,0,3.86e-06,
train,0,1.57e-06,
train,0,1.72e-06,
train,0,7.5e-07,
train,0,6.71e-06,
train,0,7.8e-07,
train,0,1.88e-06,
train,0,3.12e-06,
train,0,1.391e-05,
train,0,6.32e-06,
train,0,1.881e-05,
train,0,7.71e-06,
train,0,1.77e-06,
train,0,1.84e-06,
train,0,4.75e-06,
train,0,9.9e-07,
train,0,5.4e-07,
train,0,8e-07,
train,0,5.3e-07,
train,0,1.01e-06,
train,0,4.8e-07,
train,0,8.7e-07,
train,0,4.7e-07,
train,0,6.2e-07,
train,0,5.7e-07,
train,0,1.39e-06,
train,0,6.6e-07,
train,0,2.27e-06,
train,0,6.7e-07,
train,0,5.1e-07,
train,0,1.17e-06,
train,0,1.18e-06,
train,0,2.3e-06,
train,0,1.32e-06,
train,0,1.4e-06,
train,0,4.3e-07,
train,0,3.76e-06,
train,0,1e-06,
train,0,6.2e-07,
train,0,1.405e-05,
train,0,3.47e-06,
train,0,1.28e-06,
train,0,6.4e-07,
train,0,3.86e-06,
train,0,5.32e-06,
train,0,3.03e-06,
train,0,1.36e-06,
train,0,6.4e-07,
train,0,1.17e-06,
train,0,1.3e-06,
train,0,1.54e-06,
train,0,1.91e-06,
train,0,7.12e-06,
train,0,4e-06,
train,0,4.38e-06,
train,0,8.3e-07,
train,0,7e-07,
train,0,1.274e-05,
train,0,5.6e-06,
train,0,3.67e-06,
train,0,1.277e-05,
train,0,1.47e-06,
train,0,8.2e-07,
train,0,1.4e-06,
train,0,1.433e-05,
train,0,8.9e-06,
train,0,1.192e-05,
train,0,3.13e-06,
train,0,4.78e-05,
train,0,3.9e-07,
train,0,1.27e-06,
train,0,1.59e-06,
train,0,5.135e-05,
train,0,8.79e-06,
train,0,1.77e-06,
train,0,2.87e-06,
train,0,8.5e-06,
train,0,1.65e-06,
train,0,1.14e-06,
train,0,3.186e-05,
train,0,2.29e-06,
train,0,6.1e-07,
train,0,6e-07,
train,0,2.32e-06,
train,0,2e-06,
train,0,3e-07,
train,0,5.3e-07,
train,0,8.1e-07,
train,0,1.078e-05,
train,0,2.53e-06,
train,0,1.16e-06,
train,0,1.27e-06,
train,0,1.32e-06,
train,0,3.79e-06,
train,0,1.64e-06,
train,0,3.137e-05,
train,0,5.08e-06,
train,0,4.18e-06,
train,0,3.52e-06,
train,0,2.69e-06,
train,0,2.59e-06,
train,0,3.31e-06,
train,0,4.38e-06,
train,0,4.68e-06,
train,0,2.45e-06,
train,0,2.67e-06,
train,0,3.48e-06,
train,0,2.26e-06,
train,0,2.7e-06,
train,0,3.7e-07,
train,0,1.13e-06,
train,0,1.04e-06,
train,0,9.31e-06,
train,0,4e-07,
train,0,2.99e-06,
train,0,8.38e-06,
train,0,3.84e-06,
train,0,3.13e-06,
train,0,3.4e-07,
train,0,2.13e-06,
train,0,1.55e-06,
train,0,1.16e-06,
train,0,1.453e-05,
train,0,1.779e-05,
train,0,2.25e-06,
train,0,9.6e-07,
train,0,4.9e-07,
train,0,8.4e-06,
train,0,7.954e-05,
train,0,1.01e-06,
train,1,0.99697925,
train,0,5.52e-06,
train,0,1.074e-05,
train,0,7.2e-07,
train,0,2.34e-06,
train,0,1.93e-06,
train,0,3.68e-06,
train,0,1.4e-06,
train,0,7.23e-06,
train,0,1.26e-06,
train,0,1.262e-05,
train,0,2.172e-05,
train,0,2.237e-05,
train,0,2.13e-06,
train,0,0.00015813,
train,0,1.341e-05,
train,0,1.17e-06,
train,0,9.3e-07,
train,0,1.05e-06,
train,0,7.09e-05,
train,0,2.05e-06,
train,0,6.3e-07,
train,0,1.12e-06,
train,0,5.03e-06,
train,0,4e-07,
train,0,1.97e-06,
train,0,2.23e-06,
train,0,9.7e-07,
train,0,6.95e-06,
train,0,4.72e-06,
train,0,1.88e-06,
train,0,1.022e-05,
train,0,3e-06,
train,0,7.5e-06,
train,0,1.045e-05,
train,0,2.37e-06,
train,0,3.565e-05,
train,0,1.033e-05,
train,0,1.68e-06,
train,0,3.05e-06,
train,0,2.53e-06,
train,0,3.18e-06,
train,0,7.9e-07,
train,0,4.14e-06,
train,0,1.64e-06,
train,0,1.6e-06,
train,0,2.33e-06,
train,0,1.54e-06,
train,0,4.02e-06,
train,0,1.78e-06,
train,0,1.52e-06,
train,0,5.8e-06,
train,0,1.802e-05,
train,0,6.4e-07,
train,0,1.54e-06,
train,0,7.03e-06,
train,0,7.6e-06,
train,0,6.08e-06,
train,0,1.639e-05,
train,0,2.169e-05,
train,0,5.73e-06,
train,0,1.215e-05,
train,0,7.5e-06,
train,0,5.97e-06,
train,0,1.5e-06,
train,0,6e-06,
train,0,6.59e-06,
train,0,1.69e-06,
train,0,1.83e-06,
train,0,0.00010684,
train,0,4.77e-06,
train,0,8e-06,
train,0,1.788e-05,
train,0,1.04e-06,
train,0,2e-06,
train,0,3.75e-06,
train,0,8.16e-06,
train,0,4.56e-06,
train,0,8.33e-06,
train,0,1.171e-05,
train,0,2.09e-06,
train,0,7e-07,
train,0,8.027e-05,
train,0,1.28e-06,
train,0,6.34e-06,
train,0,2.295e-05,
train,0,2.01e-06,
train,0,2.99e-06,
train,0,2.39e-06,
train,0,3.43e-06,
train,0,1.21e-06,
train,0,3.73e-06,
train,0,3.13e-06,
train,0,3.43e-06,
train,0,3.36e-06,
train,0,4.44e-06,
train,0,1.72e-06,
train,0,3.27e-06,
train,0,1.059e-05,
train,1,0.99551508,
train,0,1.99e-06,
train,0,2.119e-05,
train,1,0.99960734,
train,0,2.9e-06,
train,0,2.17e-06,
train,0,2.731e-05,
train,0,2.101e-05,
train,0,5.604e-05,
train,0,9.24e-06,
train,0,1.13e-06,
train,0,3.98e-06,
train,0,1.32e-05,
train,0,2.224e-05,
train,0,1.31e-06,
train,0,1.43e-05,
train,0,3.858e-05,
train,0,4.3e-07,
train,0,5.332e-05,
train,0,6.6e-07,
train,0,1.92e-06,
train,0,5.3e-07,
train,0,4.54e-06,
train,0,3.83e-06,
train,0,1.43e-06,
train,0,3.02e-06,
train,0,2.1e-06,
train,0,7.26e-06,
train,0,1.24e-06,
train,0,5.3e-07,
train,0,2.48e-06,
train,0,8.69e-06,
train,0,7e-07,
train,0,1.55e-06,
train,0,1.26e-06,
train,0,5.06e-06,
train,0,1.39e-06,
train,0,4.28e-06,
train,0,6.6e-07,
train,0,3.08e-06,
train,0,8.08e-06,
train,0,4.65e-06,
train,0,1.9e-06,
train,0,6.5e-07,
train,0,7.65e-06,
train,0,7.5e-07,
train,0,6.16e-06,
train,0,0.0003051,
train,0,2.57e-06,
train,0,3.41e-06,
train,0,1.799e-05,
train,0,8.5e-07,
train,0,6.98e-06,
train,0,2.33e-06,
train,0,3.31e-06,
train,1,0.99694293,
train,0,1.46e-06,
train,0,3.52e-06,
train,0,1.58e-06,
train,0,7.4e-07,
train,0,1.82e-06,
train,0,1.11e-05,
train,0,0.00040135,
train,0,7.94e-06,
train,0,1.1e-06,
train,0,6e-07,
train,0,4.92e-06,
train,0,1.537e-05,
train,0,1.631e-05,
train,0,1.81e-06,
train,0,1.02e-06,
train,0,1.25e-06,
train,0,4.69e-06,
train,0,2.4e-05,
train,0,5.8e-07,
train,0,5.49e-06,
train,0,7e-07,
train,0,9.3e-07,
train,0,8.2e-07,
train,0,2.52e-06,
train,0,2.04e-06,
train,0,2.67e-06,
train,0,3.33e-06,
train,0,5.54e-06,
train,0,2.46e-06,
train,0,8.88e-06,
train,0,1.82e-06,
train,0,1.89e-06,
train,0,2.79e-06,
train,0,2.84e-06,
train,0,2.994e-05,
train,0,2.89e-06,
train,0,1.14e-06,
train,0,1.19e-06,
train,0,7.9e-07,
train,0,6.4e-07,
train,0,1.01e-06,
train,0,1.25e-06,
train,0,2.73e-06,
train,0,3.7e-07,
train,0,8.3e-07,
train,0,1.45e-06,
train,0,5.3e-07,
train,0,5.7e-07,
train,0,5e-07,
train,0,7.2e-07,
train,0,9.7e-07,
train,0,1.58e-06,
train,0,8.6e-07,
train,0,5.1e-07,
train,0,4.3e-07,
train,0,2.314e-05,
train,0,9.563e-05,
train,0,1e-06,
train,0,8.7e-07,
train,0,2.244e-05,
train,0,2.23e-06,
train,0,1.14e-06,
train,0,1.192e-05,
train,0,1.1e-06,
train,0,1.77e-06,
train,0,1.455e-05,
train,0,9.5e-07,
train,0,1.03e-06,
train,1,0.99017428,
train,0,2.76e-06,
train,0,7.14e-06,
train,0,2.18e-06,
train,0,7.298e-05,
train,0,6.9e-07,
train,0,7.432e-05,
train,0,1e-06,
train,0,1.7e-06,
train,0,2.77e-06,
train,0,9.8e-07,
train,0,4.61e-06,
train,0,2.75e-06,
train,0,2.56e-06,
train,0,1.43e-06,
train,0,4.9e-07,
train,0,1.567e-05,
train,0,1.24e-06,
train,0,1.65e-06,
train,0,8.132e-05,
train,0,2.55e-06,
train,0,1.95e-06,
train,0,9.9e-07,
train,0,2.59e-06,
train,0,5.56e-06,
train,0,3.5e-06,
train,0,7.39e-06,
train,0,9.8e-07,
train,0,1.962e-05,
train,0,9.6e-07,
train,0,6.92e-06,
train,0,2.63e-06,
train,0,8.2e-07,
train,0,4.9e-07,
train,0,2.64e-06,
train,0,1.222e-05,
train,0,2.33e-06,
train,0,1.579e-05,
train,0,2.62e-06,
train,0,1.754e-05,
train,0,1.19e-06,
train,0,2.407e-05,
train,0,3.88e-06,
train,0,6.6e-07,
train,0,3.8e-07,
train,0,1.02e-06,
train,0,1.01e-06,
train,0,1.91e-06,
train,0,8.1e-07,
train,0,2.9e-05,
train,0,1.19e-06,
train,0,6.2e-06,
train,0,4.17e-06,
train,0,2.56e-06,
train,0,1.84e-06,
train,0,7.2e-07,
train,0,4.25e-06,
train,0,1.03e-06,
train,0,1.13e-06,
train,0,1.59e-06,
train,0,2.56e-06,
train,0,1.17e-06,
train,0,9.92e-06,
train,0,2.08e-06,
train,0,6.7e-07,
train,0,5.27e-06,
train,0,1.36e-06,
train,0,3.54e-06,
train,0,8.35e-06,
train,0,1.4e-06,
train,0,5.25e-06,
train,0,8.32e-06,
train,0,3.5e-07,
train,0,1.37e-06,
train,0,1.08e-06,
train,0,1.08e-06,
train,0,1.3e-06,
train,0,4.43e-06,
train,0,1.28e-06,
train,0,1.66e-06,
train,0,2.67e-06,
train,0,2.48e-06,
train,0,9.4e-07,
train,0,9.469e-05,
train,0,1.072e-05,
train,0,9.29e-06,
train,0,0.00019327,
train,0,0.0002281,
train,0,4.95e-06,
train,0,1.537e-05,
train,0,1.81e-06,
train,0,5.86e-06,
train,0,1.786e-05,
train,0,2.9e-06,
train,0,7.11e-06,
train,0,2.97e-06,
train,0,1.22e-06,
train,0,7.75e-06,
train,0,1.391e-05,
train,0,3.79e-06,
train,0,1.79e-06,
train,0,1.27e-06,
train,0,9.2e-07,
train,0,2.47e-06,
train,0,7e-07,
train,0,2.96e-06,
train,0,4.03e-06,
train,0,9.21e-06,
train,0,1.328e-05,
train,0,0.0113184,
train,0,3.24e-06,
train,0,2.62e-06,
train,0,1.09e-06,
train,0,1.212e-05,
train,0,1.7e-06,
train,0,1.67e-06,
train,0,7.79e-06,
train,0,1.073e-05,
train,0,2.567e-05,
train,0,3.32e-06,
train,0,2.51e-06,
train,0,4.23e-06,
train,0,1.22e-05,
train,0,5.615e-05,
train,0,1.81e-06,
train,0,8.86e-06,
train,0,1.04e-06,
train,0,1.66e-06,
train,0,2.14e-06,
train,0,3.3e-06,
train,0,1.34e-06,
train,0,9.832e-05,
train,0,3.59e-06,
train,0,2.02e-06,
train,0,5.9e-07,
train,0,2.2e-06,
train,0,2.217e-05,
train,0,8.3e-06,
train,0,1.051e-05,
train,0,3.32e-06,
train,0,1.398e-05,
train,0,1.09e-06,
train,0,3.47e-06,
train,0,3.85e-06,
train,0,2.19e-06,
train,0,1.35e-06,
train,0,1.314e-05,
train,0,2.52e-06,
train,0,2.48e-06,
train,0,4.41e-06,
train,0,1.66e-06,
train,0,8.61e-06,
train,0,1.08e-06,
train,0,1.75e-06,
train,0,2.98e-06,
train,0,2.05e-06,
train,0,4.15e-06,
train,0,6.62e-06,
train,0,5.66e-06,
train,0,1.83e-06,
train,0,2.29e-06,
train,0,2.93e-06,
train,0,8.9e-07,
train,0,9.66e-06,
train,0,7e-07,
train,0,9.4e-07,
train,0,9.09e-06,
train,0,2.51e-06,
train,0,2.83e-06,
train,0,6.75e-06,
train,0,1.89e-06,
train,0,5.16e-06,
train,0,3.22e-06,
train,0,4.88e-06,
train,0,2.44e-06,
train,0,3.91e-06,
train,0,3.68e-06,
train,0,3.45e-06,
train,0,5e-07,
train,0,1.156e-05,
train,0,7.7e-07,
train,0,1.03e-06,
train,0,2.42e-06,
train,0,3.808e-05,
train,0,1.11e-06,
train,0,9.1e-07,
train,0,7.29e-06,
train,0,1.23e-06,
train,0,8e-07,
train,0,1.85e-06,
train,0,1.56e-06,
train,0,1e-06,
train,0,6.6e-07,
train,0,1.63e-06,
train,0,1.73e-06,
train,0,7.1e-07,
train,0,2.02e-06,
train,0,1.219e-05,
train,0,5e-07,
train,0,1.522e-05,
train,0,4.3e-07,
train,0,1.84e-06,
train,0,1.06e-06,
train,0,1.24e-06,
train,0,4.8e-07,
train,0,1.37e-06,
train,0,5.39e-06,
train,0,6.9e-07,
train,0,1.1e-06,
train,0,4.3e-07,
train,0,1.44e-05,
train,0,9.6e-07,
train,0,1.263e-05,
train,0,6.5e-07,
train,0,5.4e-07,
train,0,1.38e-06,
train,0,6.82e-06,
train,0,0.00013364,
train,0,1.017e-05,
train,0,1.98e-06,
train,0,1.15e-06,
train,0,8.3e-07,
train,0,1.15e-06,
train,0,1.31e-06,
train,0,4.98e-06,
train,0,4.19e-06,
train,0,1.495e-05,
train,0,6.98e-06,
train,0,1.45e-06,
train,0,1.53e-06,
train,0,6.7e-07,
train,0,6.5e-06,
train,0,1.06e-06,
train,0,1.358e-05,
train,0,5e-07,
train,0,9.3e-07,
train,0,9.4e-07,
train,0,2.6e-06,
train,0,1.623e-05,
train,0,5.6e-07,
train,0,6.263e-05,
train,0,1.49e-06,
train,0,2.99e-06,
train,0,1.5e-06,
train,0,3.15e-06,
train,0,3.57e-06,
train,0,2.81e-06,
train,0,1.249e-05,
train,0,9.6e-07,
train,0,1.108e-05,
train,0,6.16e-06,
train,0,5.5e-06,
train,0,1.57e-06,
train,0,1.92e-05,
train,0,2.02e-06,
train,0,8.34e-06,
train,0,2.34e-06,
train,0,2.16e-06,
train,0,2.14e-06,
train,0,6.8e-07,
train,0,0.00012673,
train,0,9.13e-06,
train,0,1.642e-05,
train,0,1.49e-06,
train,0,2.11e-06,
train,0,2.77e-06,
train,0,3.19e-06,
train,0,9.23e-06,
train,0,2.97e-06,
train,0,1.86e-06,
train,0,2.41e-06,
train,0,3.39e-06,
train,0,1.87e-06,
train,0,0.00051364,
train,0,1.123e-05,
train,0,3.55e-06,
train,0,3.79e-06,
train,0,3.66e-06,
train,0,5.67e-06,
train,0,2.49e-06,
train,0,3.23e-06,
train,0,8.94e-06,
train,0,8.45e-06,
train,0,2.627e-05,
train,0,1.277e-05,
train,0,1.079e-05,
train,0,1.86e-05,
train,0,4.14e-06,
train,0,6.84e-06,
train,0,3.88e-06,
train,0,2.04e-06,
train,0,1.59e-06,
train,0,4.75e-06,
train,0,7.4e-07,
train,0,1.37e-06,
train,0,1.17e-06,
train,0,1.4e-06,
train,0,1.04e-05,
train,0,5.6e-07,
train,0,1.61e-06,
train,0,1.318e-05,
train,0,2.61e-06,
train,0,2.97e-06,
train,0,8.78e-06,
train,0,6.33e-06,
train,0,9.23e-06,
train,0,2.14e-06,
train,0,3.42e-06,
train,0,5.35e-06,
train,0,3.4e-06,
train,0,2.06e-06,
train,0,9.632e-05,
train,0,2.38e-06,
train,0,1.25e-06,
train,0,6.74e-06,
train,0,8.8e-07,
train,0,2.76e-06,
train,0,1.14e-06,
train,0,4.74e-06,
train,0,2e-06,
train,0,1.06e-06,
train,0,7.32e-06,
train,0,3.55e-06,
train,0,2.21e-06,
train,0,1.67e-06,
train,0,8.71e-06,
train,0,1.64e-06,
train,0,5.6e-07,
train,0,1.07e-06,
train,0,7.3e-07,
train,0,5.33e-06,
train,0,1.949e-05,
train,0,2.72e-06,
train,0,2.19e-06,
train,0,1.16e-06,
train,0,3.9e-07,
train,0,4.45e-06,
train,0,5.2e-07,
train,0,3.43e-06,
train,0,6.8e-06,
train,0,7.36e-06,
train,0,5.18e-06,
train,0,3.6e-06,
train,0,9.52e-06,
train,0,5.2e-07,
train,0,9.1e-07,
train,0,2.21e-06,
train,0,1.03e-06,
train,0,1.04e-06,
train,0,5.9e-06,
train,0,5.3e-07,
train,0,1.85e-06,
train,0,1.09e-06,
train,0,5.815e-05,
train,0,9.7e-07,
train,0,1.73e-06,
train,0,8.7e-07,
train,0,5.07e-06,
train,0,7.16e-06,
train,0,6.46e-06,
train,0,4.43e-06,
train,0,5e-06,
train,0,5.05e-06,
train,0,4.185e-05,
train,0,6.7e-06,
train,0,5.8e-07,
train,0,6.78e-06,
train,0,8.5e-07,
train,0,1.15e-06,
train,0,2.89e-06,
train,0,1.109e-05,
train,0,6.6e-06,
train,0,1.13e-06,
train,0,5.32e-06,
train,0,1.7e-06,
train,0,0.00036991,
train,0,6.68e-06,
train,0,9.1e-06,
train,0,3.4e-06,
train,0,1.23e-06,
train,0,9.78e-06,
train,0,3.59e-06,
train,0,1.18e-06,
train,0,4.6e-07,
train,0,1.35e-06,
train,0,2.31e-06,
train,0,4.22e-06,
train,0,0.00018514,
train,0,1.71e-06,
train,0,1.15e-06,
train,0,1.05e-06,
train,0,1.049e-05,
train,0,5.2e-06,
train,0,2.6e-06,
train,0,3.7e-07,
train,0,5.29e-06,
train,0,2.25e-06,
train,0,3.23e-06,
train,0,1.9e-06,
train,0,4.65e-06,
train,0,0.00037021,
train,0,7.1e-07,
train,0,4.1e-07,
train,0,1.42e-06,
train,0,1.1e-06,
train,0,3.16e-06,
train,0,9.36e-06,
train,0,1.378e-05,
train,0,1.032e-05,
train,0,1.31e-06,
train,0,4.89e-06,
train,0,1.42e-06,
train,0,4.8e-07,
train,0,7.19e-06,
train,0,1.39e-06,
train,0,9.7e-07,
train,0,6.3e-07,
train,0,7.5e-07,
train,0,4.15e-06,
train,0,2.07e-06,
train,0,1.41e-06,
train,0,6e-07,
train,0,1.35e-06,
train,0,9.72e-06,
train,0,5.1e-07,
train,0,5.2e-07,
train,0,1.19e-06,
train,0,1.01e-06,
train,0,4.04e-06,
train,0,1.12e-06,
train,0,1.13e-06,
train,0,7.5e-07,
train,0,5.28e-06,
train,0,4.938e-05,
train,0,6.2e-07,
train,0,5.3e-07,
train,0,1.12e-06,
train,0,1.15e-06,
train,0,1.03e-06,
train,1,0.99916546,
train,0,9.6e-07,
train,0,2.91e-06,
train,0,1.36e-06,
train,0,6.66e-06,
train,0,1.787e-05,
train,0,1.53e-06,
train,1,0.99882088,
train,0,8.6e-07,
train,0,1.081e-05,
train,0,1.63e-06,
train,0,7.362e-05,
train,0,1.01e-06,
train,0,1.158e-05,
train,0,2.27e-06,
train,0,1.9e-06,
train,1,0.99985625,
train,0,1.07e-06,
train,0,1.56e-06,
train,0,9.9e-07,
train,0,1.391e-05,
train,0,6.16e-06,
train,0,2.73e-06,
train,1,0.99987858,
train,0,7.6e-07,
train,0,7.2e-07,
train,1,0.99985945,
train,0,2.16e-06,
train,0,4.711e-05,
train,0,1.19e-06,
train,0,2.5e-06,
train,0,1.04e-06,
train,0,1.447e-05,
train,0,1.01e-06,
train,0,5.8e-07,
train,0,1.735e-05,
train,0,2.23e-06,
train,0,9.6e-07,
train,0,8.161e-05,
train,0,3.83e-06,
train,0,1.15e-06,
train,0,1.87e-06,
train,0,1.22e-06,
train,0,9.3e-06,
train,0,9.3e-07,
train,0,1.87e-06,
train,0,2.37e-06,
train,0,4.61e-06,
train,0,7.94e-06,
train,0,4.1e-07,
train,0,1.14e-06,
train,0,2.23e-06,
train,0,2.31e-06,
train,0,3.57e-06,
train,0,1.722e-05,
train,1,0.99936464,
train,0,8e-07,
train,0,3.67e-06,
train,0,2.62e-06,
train,0,2.754e-05,
train,0,1e-06,
train,0,2.43e-06,
train,0,5.84e-06,
train,0,1.07e-06,
train,0,3.2e-06,
train,0,0.00010026,
train,0,6.12e-06,
train,0,4.344e-05,
train,0,9.5e-07,
train,0,7.15e-06,
train,0,4.99e-06,
train,0,0.00037491,
train,0,1.29e-06,
train,0,3.49e-06,
train,0,1.66e-06,
train,0,3.46e-06,
train,0,1.249e-05,
train,1,0.99942277,
train,0,2.84e-06,
train,0,9.3e-07,
train,0,1.226e-05,
train,0,6.44e-06,
train,0,9.09e-06,
train,0,6.3e-06,
train,0,5.61e-06,
train,0,5.68e-06,
train,0,3.46e-06,
train,0,7.02e-06,
train,0,8.72e-06,
train,0,3.71e-06,
train,0,8.5e-07,
train,0,1.344e-05,
train,0,8.9e-07,
train,0,3.39e-06,
train,0,8.14e-06,
train,0,3.79e-06,
train,0,1.22e-06,
train,0,2.19e-06,
train,0,3.656e-05,
train,0,4.12e-06,
train,0,7.8e-07,
train,0,1.1e-06,
train,0,2.48e-06,
train,0,8.83e-06,
train,0,2.29e-06,
train,0,1.08e-06,
train,0,3.04e-06,
train,0,1.19e-06,
train,0,1.49e-06,
train,0,1.531e-05,
train,0,2.535e-05,
train,0,1.69e-06,
train,0,5.5e-05,
train,0,7.79e-06,
train,0,2.96e-06,
train,0,1.35e-06,
train,0,4.502e-05,
train,0,1.687e-05,
train,0,9.1e-06,
train,0,7.4e-07,
train,0,2.43e-06,
train,0,2.58e-06,
train,0,0.00193349,
train,0,2.61e-06,
train,0,1.978e-05,
train,0,1.32e-06,
train,0,3.01e-06,
train,0,8.8e-07,
train,0,8.787e-05,
train,0,1.13e-06,
train,0,1.105e-05,
train,0,2.77e-06,
train,0,5.48e-06,
train,0,9.56e-06,
train,0,2.02e-06,
train,0,2.301e-05,
train,0,1.73e-06,
train,0,4.5e-06,
train,0,5.69e-06,
train,0,1.36e-06,
train,0,3.74e-06,
train,0,4.22e-06,
train,0,1.32e-05,
train,0,2.03e-06,
train,0,1.56e-06,
train,0,1.43e-06,
train,0,3.03e-06,
train,0,2.41e-06,
train,0,2.89e-06,
train,0,2.68e-06,
train,0,1.238e-05,
train,0,7.6e-07,
train,0,1.91e-05,
train,0,9.136e-05,
train,0,2.54e-06,
train,0,3.08e-06,
train,0,3.3e-06,
train,0,5.13e-06,
train,0,1.98e-06,
train,0,3.72e-06,
train,0,4.62e-06,
train,0,3.24e-06,
train,0,3.48e-06,
train,0,3.95e-06,
train,0,2.96e-06,
train,0,5.4e-07,
train,0,2.284e-05,
train,0,4.9e-07,
train,0,4.35e-06,
train,0,4.46e-06,
train,0,1.12e-06,
train,0,4.92e-06,
train,0,4.55e-06,
train,0,2.47e-06,
train,0,1.49e-06,
train,0,6.3e-06,
train,0,3.47e-06,
train,0,9.67e-06,
train,0,1.92e-06,
train,0,1.57e-06,
train,0,1.362e-05,
train,0,8.6e-07,
train,0,6.11e-06,
train,0,1.07e-06,
train,0,1.12e-06,
train,0,7.84e-06,
train,0,1.26e-06,
train,0,1.74e-06,
train,0,1.322e-05,
train,0,5.1e-07,
train,0,4.6e-07,
train,0,1.22e-06,
train,0,7.5e-07,
train,0,8.5e-07,
train,0,6.02e-06,
train,0,9.5e-07,
train,0,1.52e-06,
train,0,5.2e-07,
train,0,4.1e-07,
train,0,6.8e-07,
train,0,1.59e-06,
train,0,6.3e-07,
train,0,6.4e-07,
train,0,1.27e-06,
train,0,4.12e-06,
train,0,4.7e-07,
train,0,2.11e-06,
train,0,9.7e-07,
train,0,2.38e-06,
train,0,1.82e-06,
train,0,1.14e-06,
train,0,2.2e-06,
train,0,3.58e-06,
train,0,3.03e-06,
train,0,2.41e-06,
train,0,1.76e-06,
train,0,2.24e-06,
train,0,4.3e-07,
train,0,6.3e-07,
train,0,4.43e-06,
train,0,1.78e-06,
train,0,1e-06,
train,0,8e-07,
train,0,5.58e-06,
train,0,4.559e-05,
train,0,6.41e-06,
train,0,7.6e-07,
train,0,2.16e-06,
train,0,1.6e-06,
train,0,2.29e-06,
train,0,6.6e-07,
train,0,2.19e-06,
train,0,1.23e-06,
train,0,9.9e-07,
train,0,1.68e-06,
train,0,1.678e-05,
train,0,1.077e-05,
train,0,1.37e-06,
train,0,2.61e-06,
train,0,1.948e-05,
train,0,3.78e-06,
train,0,2.94e-06,
train,0,1.05e-05,
train,0,2.09e-06,
train,0,2.72e-06,
train,1,0.99707976,
train,0,1.6e-06,
train,0,2.13e-06,
train,0,4.835e-05,
train,0,1.79e-06,
train,0,0.00120267,
train,0,2.01e-06,
train,0,2.12e-06,
train,0,1.43e-06,
train,0,1.016e-05,
train,0,1.51e-06,
train,0,6.4e-07,
train,0,2.015e-05,
train,0,6.64e-06,
train,0,1.923e-05,
train,0,1.1e-06,
train,0,4.14e-06,
train,0,7.58e-06,
train,0,1.54e-06,
train,0,1.38e-06,
train,0,2.46e-06,
train,0,1.61e-06,
train,0,5.9e-07,
train,1,0.99807711,
train,0,0.00048584,
train,0,0.00067987,
train,0,3.291e-05,
train,0,4.24e-06,
train,0,7.61e-06,
train,0,5.13e-06,
train,0,1.4e-06,
train,0,2.9e-06,
train,0,7.32e-06,
train,0,1.671e-05,
train,0,7.05e-06,
train,0,8.9e-07,
train,0,3.72e-06,
train,0,1.256e-05,
train,1,0.99951274,
train,0,1.02e-06,
train,0,1.7e-06,
train,0,7.9e-07,
train,0,1.474e-05,
train,0,1.03e-06,
train,0,7.2e-07,
train,0,8.99e-06,
train,0,1.295e-05,
train,0,0.00017658,
train,0,3.07e-06,
train,0,4.03e-06,
train,0,7.1e-07,
train,0,7e-07,
train,0,3.5e-06,
train,0,8.5e-07,
train,0,1.963e-05,
train,0,1.58e-06,
train,0,7.02e-06,
train,0,1.773e-05,
train,0,2.27e-06,
train,0,2.155e-05,
train,0,4.41e-06,
train,0,0.03322678,
train,0,3.65e-06,
train,0,8.02e-06,
train,0,1.534e-05,
train,0,5.03e-06,
train,0,7.41e-06,
train,0,8.8e-07,
train,0,4.5e-07,
train,0,7.4e-07,
train,0,6.9e-07,
train,0,1.783e-05,
train,0,1.66e-06,
train,0,7.68e-06,
train,0,8.7e-07,
train,0,1.44e-06,
train,0,8.7e-07,
train,0,1.47e-06,
train,0,1.05e-06,
train,0,0.00279253,
train,0,3.7e-07,
train,0,1.1e-06,
train,0,2.54e-06,
train,0,7.76e-06,
train,0,1.013e-05,
train,0,1.46e-06,
train,0,3.63e-06,
train,0,3.26e-06,
train,0,2.78e-06,
train,0,4.45e-06,
train,0,1.782e-05,
train,0,4.105e-05,
train,0,1.92e-06,
train,0,2.058e-05,
train,0,2.201e-05,
train,0,1.43e-06,
train,0,1.37e-06,
train,0,4e-06,
train,0,1.82e-06,
train,0,2.05e-05,
train,0,0.00016107,
train,0,2.33e-06,
train,0,8.2e-07,
train,0,2.234e-05,
train,0,1.989e-05,
train,0,1.724e-05,
train,0,0.00016596,
train,0,2.7e-06,
train,0,3.26e-06,
train,0,1.609e-05,
train,0,1.81e-06,
train,0,2.88e-06,
train,0,3.781e-05,
train,0,1.43e-06,
train,0,3.51e-06,
train,0,2.29e-06,
train,0,1.322e-05,
train,0,0.00028781,
train,0,1.719e-05,
train,0,5.45e-06,
train,0,1.511e-05,
train,0,2.06e-06,
train,0,2.53e-06,
train,0,1.44e-06,
train,0,4.85e-06,
train,0,3.164e-05,
train,0,0.00015929,
train,0,1.97e-06,
train,0,3.2e-06,
train,0,3.17e-06,
train,0,5.4e-07,
train,0,5.51e-06,
train,0,2.12e-06,
train,0,2.95e-06,
train,0,0.0002618,
train,0,3.67e-06,
train,0,9.113e-05,
train,0,4.14e-06,
train,0,2.6e-06,
train,0,1.465e-05,
train,0,2.29e-06,
train,0,1.16e-06,
train,0,2.29e-06,
train,0,2.88e-06,
train,0,2.91e-06,
train,0,9.4e-07,
train,0,1.21e-06,
train,0,9.2e-07,
train,0,4.92e-06,
train,0,2.26e-06,
train,0,0.00011506,
train,0,0.00021075,
train,0,7.42e-06,
train,0,5.6e-07,
train,0,6.53e-06,
train,0,1.039e-05,
train,0,9.2e-07,
train,0,7.79e-06,
train,0,3.1e-06,
train,0,4.43e-05,
train,0,0.00075041,
train,0,0.00022199,
train,0,6.8e-07,
train,0,3.09e-06,
train,0,9.18e-06,
train,0,7.19e-06,
train,0,4.83e-06,
train,0,6.54e-06,
train,0,4.04e-06,
train,0,5.15e-06,
train,0,4.5e-07,
train,0,2.12e-06,
train,0,7.2e-07,
train,0,5.9e-06,
train,0,1.327e-05,
train,0,1.91e-06,
train,0,2.86e-06,
train,0,1.206e-05,
train,0,2.79e-06,
train,0,7.31e-06,
train,0,5.2e-07,
train,0,4.53e-06,
train,0,4.2e-07,
train,0,6.71e-06,
train,0,2.061e-05,
train,0,9.75e-06,
train,0,3.606e-05,
train,0,5.16e-06,
train,0,1.18e-06,
train,0,1.26e-06,
train,0,9.31e-06,
train,0,1.69e-06,
train,0,3.21e-06,
train,0,6.9e-07,
train,0,2.04e-06,
train,0,0.00076324,
train,0,4.29e-06,
train,0,2.96e-06,
train,0,7e-07,
train,0,6.4e-07,
train,0,3.8e-06,
train,0,3.62e-06,
train,0,9.79e-06,
train,0,1.77e-06,
train,0,5.3e-06,
train,0,1.44e-06,
train,0,9.47e-06,
train,0,7.5e-07,
train,0,4.89e-06,
train,0,1.62e-06,
train,0,3.22e-06,
train,0,8.9e-07,
train,0,5.01e-06,
train,0,5.83e-06,
train,0,1.43e-06,
train,0,6.6e-07,
train,0,1.94e-06,
train,0,4.58e-06,
train,0,2.93e-06,
train,0,2.42e-06,
train,0,8.06e-06,
train,0,1.166e-05,
train,0,7e-07,
train,0,8.6e-07,
train,0,2.58e-06,
train,0,2.13e-06,
train,0,9.1e-07,
train,0,3.28e-06,
train,0,4.4e-07,
train,0,1.03e-06,
train,0,4.02e-06,
train,0,2.095e-05,
train,0,3.5e-07,
train,0,9.8e-07,
train,0,3.938e-05,
train,0,3.1e-07,
train,0,4.1e-07,
train,0,6.7e-07,
train,0,1.22e-06,
train,0,1.7e-06,
train,0,2.52e-06,
train,0,1.21e-06,
train,0,1.5e-06,
train,0,2.05e-06,
train,0,9.4e-07,
train,0,1.03e-06,
train,0,2.02e-06,
train,0,8.7e-07,
train,0,4.15e-06,
train,0,7.46e-06,
train,0,8.3e-07,
train,0,9.2e-07,
train,0,4.7e-07,
train,0,2.52e-06,
train,0,1.26e-06,
train,0,7.2e-07,
train,0,1.37e-06,
train,0,1.07e-06,
train,0,6.7e-07,
train,0,1.07e-06,
train,0,6.2e-07,
train,0,3.96e-06,
train,0,1.59e-06,
train,0,3.8e-07,
train,0,1.04e-06,
train,0,9.2e-07,
train,0,5.7e-07,
train,0,2.89e-06,
train,0,1.06e-06,
train,0,3.37e-06,
train,0,6.6e-07,
train,0,1.106e-05,
train,0,1.2e-06,
train,0,1.07e-05,
train,0,8.1e-07,
train,0,7.9e-07,
train,0,1.25e-06,
train,0,1.09e-06,
train,0,6.5e-07,
train,0,5.3e-07,
train,0,3.1e-06,
train,0,5e-07,
train,0,2.34e-06,
train,0,6.88e-06,
train,0,8.47e-06,
train,1,0.99958029,
train,0,6.5e-07,
train,0,0.00023625,
train,0,1.258e-05,
train,0,1.12e-06,
train,0,1.75e-06,
train,0,1.58e-06,
train,0,2.13e-06,
train,0,1.11e-06,
train,0,1.65e-06,
train,0,1.91e-06,
train,0,4.38e-06,
train,0,2.05e-06,
train,0,4.1e-06,
train,0,3.91e-06,
train,0,7.2e-07,
train,0,4.6e-07,
train,0,2.39e-06,
train,0,2.72e-06,
train,0,8.6e-07,
train,0,0.00118026,
train,0,1.41e-06,
train,0,2.19e-05,
train,0,1.304e-05,
train,0,3.022e-05,
train,0,1.154e-05,
train,0,5.11e-06,
train,0,1.41e-05,
train,0,7.9e-07,
train,0,6.4e-07,
train,0,2.92e-06,
train,0,1.13e-06,
train,0,7.1e-07,
train,0,1.09e-06,
train,0,3.23e-06,
train,0,1.43e-06,
train,0,6.583e-05,
train,0,1.9e-06,
train,0,2.18e-06,
train,0,9.12e-06,
train,0,1.382e-05,
train,0,9.7e-07,
train,0,1.22e-06,
train,0,1.17e-06,
train,0,9.25e-06,
train,0,1.16e-06,
train,0,8.05e-06,
train,0,1.97e-06,
train,0,1.27e-06,
train,0,2.64e-06,
train,0,3e-07,
train,0,2.21e-06,
train,0,9.5e-06,
train,0,2.32e-06,
train,0,1.438e-05,
train,0,9.687e-05,
train,0,1.95e-06,
train,0,5.3e-07,
train,0,2.22e-06,
train,0,1.47e-06,
train,0,5.8e-07,
train,0,2.3e-06,
train,0,1.67e-06,
train,0,2.134e-05,
train,0,2.09e-06,
train,0,2.6e-07,
train,0,1.132e-05,
train,0,2.13e-06,
train,0,3.239e-05,
train,0,2.854e-05,
train,0,0.0001459,
train,0,2.75e-06,
train,0,1.87e-06,
train,0,8.2e-07,
train,0,4.07e-06,
train,0,3.62e-06,
train,0,8.1e-07,
train,0,0.00062829,
train,0,2.64e-06,
train,0,5.23e-06,
train,0,9e-07,
train,0,1.41e-06,
train,0,9.1e-07,
train,0,6.17e-06,
train,0,3.561e-05,
train,0,4.026e-05,
train,0,0.00025693,
train,0,2.663e-05,
train,0,3.4e-06,
train,0,3.11e-06,
train,0,4.21e-06,
train,0,3.43e-06,
train,0,1.06e-06,
train,0,2.57e-06,
train,0,7.9e-07,
train,0,1.65e-06,
train,0,2.6e-06,
train,0,3.82e-06,
train,0,1.88e-06,
train,0,8.9e-07,
train,0,1.326e-05,
train,0,2.854e-05,
train,0,0.00017828,
train,0,0.00025912,
train,0,1.184e-05,
train,0,9.4e-07,
train,0,3.44e-06,
train,0,2.22e-06,
train,0,1.663e-05,
train,0,2.77e-06,
train,0,0.00020291,
train,0,5.32e-06,
train,0,3.42e-06,
train,0,1.44e-06,
train,0,5.84e-06,
train,0,1.58e-06,
train,0,6.89e-06,
train,0,2.55e-06,
train,0,0.00045716,
train,1,0.9991496,
train,0,6.075e-05,
train,0,0.00016938,
train,0,1.81e-05,
train,0,8.43e-06,
train,0,8.09e-06,
train,0,3.858e-05,
train,0,1.121e-05,
train,0,7.49e-06,
train,0,5.23e-06,
train,1,0.99984698,
train,0,4.51e-06,
train,0,2.77e-06,
train,0,0.00018731,
train,0,1.578e-05,
train,0,1.34e-06,
train,0,1.38e-06,
train,0,7e-07,
train,0,1.69e-06,
train,0,1.96e-06,
train,0,4.28e-06,
train,0,2.053e-05,
train,0,9.5e-07,
train,0,5e-07,
train,0,5.11e-06,
train,0,7.7e-07,
train,0,2.73e-06,
train,0,1.48e-06,
train,0,1.51e-06,
train,0,2.45e-06,
train,0,0.00010298,
train,0,2.95e-06,
train,0,9.779e-05,
train,0,1.93e-06,
train,0,6.44e-06,
train,0,1.75e-06,
train,0,2.09e-06,
train,0,8.4e-07,
train,0,2.22e-06,
train,0,1.01e-06,
train,0,2.41e-06,
train,0,1.48e-06,
train,0,9.1e-07,
train,0,7.26e-06,
train,0,4.38e-06,
train,0,2.148e-05,
train,0,5.5e-07,
train,0,1.42e-06,
train,0,4.02e-06,
train,0,1.55e-06,
train,0,4.2e-07,
train,0,1.7e-06,
train,0,1.5e-06,
train,0,1.13e-06,
train,0,3.72e-06,
train,0,5.5e-07,
train,0,6.4e-07,
train,0,6.7e-07,
train,0,5.6e-06,
train,0,3.37e-06,
train,0,8.69e-06,
train,0,1.34e-06,
train,0,5.45e-06,
train,0,2.74e-06,
train,0,1.06e-06,
train,0,1.087e-05,
train,0,9.5e-07,
train,0,5.47e-06,
train,0,1.199e-05,
train,0,4.82e-06,
train,0,1.56e-06,
train,0,3.579e-05,
train,0,3.36e-06,
train,0,8.33e-06,
train,0,2.69e-06,
train,0,2.19e-06,
train,0,2.55e-06,
train,0,2.33e-06,
train,0,4.6e-07,
train,0,4.7e-07,
train,0,1.58e-06,
train,0,1.98e-06,
train,0,1.32e-06,
train,0,1.36e-06,
train,0,7.6e-07,
train,0,4.69e-06,
train,0,1.09e-06,
train,0,3.65e-06,
train,0,4.5e-07,
train,0,9.2e-07,
train,0,1.55e-06,
train,0,3.33e-06,
train,0,1.3e-06,
train,0,1.44e-06,
train,0,9e-07,
train,0,3.2e-07,
train,0,7e-07,
train,0,1.2e-06,
train,0,7.7e-07,
train,0,3.9e-07,
train,0,3.18e-06,
train,0,5.3e-07,
train,0,9.7e-07,
train,0,4.5e-07,
train,0,1.25e-06,
train,0,5.8e-07,
train,0,8.7e-07,
train,0,4.6e-07,
train,0,8e-07,
train,0,2.01e-06,
train,0,2.9e-06,
train,0,2.08e-06,
train,0,3.2e-06,
train,0,3.8e-07,
train,0,1.44e-06,
train,0,2.4e-07,
train,0,1.22e-06,
train,0,6.1e-07,
train,0,1.15e-06,
train,0,3.8e-07,
train,0,3.83e-06,
train,0,0.00010385,
train,0,6.854e-05,
train,0,1.81e-06,
train,0,1.98e-06,
train,0,6.2e-07,
train,0,1.55e-06,
train,0,9.7e-07,
train,0,7.5e-07,
train,0,1e-06,
train,0,1.81e-06,
train,0,1.49e-06,
train,0,2.428e-05,
train,0,4.4e-07,
train,0,2.62e-05,
train,0,2.15e-06,
train,0,6.4e-07,
train,0,4.2e-07,
train,0,1.37e-06,
train,0,2.06e-06,
train,0,0.0004378,
train,0,5.2e-07,
train,0,2.29e-06,
train,0,6.58e-06,
train,0,1.23e-06,
train,0,1.146e-05,
train,0,3.9e-06,
train,0,3.88e-06,
train,0,1.74e-06,
train,0,7.8e-07,
train,0,1.14e-06,
train,0,6.9e-07,
train,0,9.5e-07,
train,0,1.49e-06,
train,0,1.55e-06,
train,0,1.14e-06,
train,0,4.872e-05,
train,0,1.525e-05,
train,0,5.69e-06,
train,0,3.4e-06,
train,0,4.66e-06,
train,0,3.51e-06,
train,0,2.26e-06,
train,0,8.764e-05,
train,0,4.61e-06,
train,0,8.3e-07,
train,0,2.82e-06,
train,0,1.78e-06,
train,0,6.5e-07,
train,0,3.61e-06,
train,0,2.584e-05,
train,0,0.00013941,
train,0,3.26e-06,
train,0,0.00016524,
train,0,6.8e-06,
train,0,1.07e-06,
train,0,6.21e-06,
train,0,1e-06,
train,0,2.32e-06,
train,0,7.068e-05,
train,0,1.314e-05,
train,0,1.82e-06,
train,0,4.85e-06,
train,0,4.99e-06,
train,0,5.75e-06,
train,0,6.5e-06,
train,0,3.21e-06,
train,0,9.3e-07,
train,0,2.18e-06,
train,0,6.88e-06,
train,0,1.11e-06,
train,0,6.925e-05,
train,0,1.85e-06,
train,0,4.07e-06,
train,0,8.8e-07,
train,0,3.452e-05,
train,0,1.58e-05,
train,0,1.52e-06,
train,0,8.9e-06,
train,0,3.51e-06,
train,0,2.05e-06,
train,0,2.68e-06,
train,0,0.00011182,
train,0,1.62e-06,
train,0,8.6e-07,
train,0,1.74e-06,
train,0,1.69e-06,
train,0,1.08e-06,
train,0,1.58e-06,
train,0,2.29e-06,
train,0,9e-07,
train,0,4.16e-06,
train,0,8.3e-07,
train,0,1.14e-06,
train,0,9.2e-07,
train,0,3.842e-05,
train,0,8.5e-07,
train,0,6.2e-07,
train,0,7.26e-06,
train,0,1.296e-05,
train,0,1.087e-05,
train,0,3.67e-06,
train,0,2.92e-06,
train,0,1.11e-05,
train,0,6.8e-07,
train,0,1.91e-06,
train,0,2.519e-05,
train,0,2.885e-05,
train,0,1.39e-06,
train,0,1.69e-06,
train,0,7.3e-07,
train,0,1.881e-05,
train,0,4.007e-05,
train,0,5.47e-06,
train,0,4.16e-06,
train,0,2.376e-05,
train,0,2.114e-05,
train,0,1.723e-05,
train,0,6.43e-06,
train,0,1.698e-05,
train,0,1.84e-06,
train,0,4.5e-06,
train,0,4.9e-07,
train,0,2.01e-06,
train,0,3.2e-06,
train,0,1.036e-05,
train,0,1.002e-05,
train,0,1.659e-05,
train,0,6.48e-05,
train,0,1.035e-05,
train,0,2.023e-05,
train,0,2.33e-06,
train,0,9.53e-06,
train,0,1.32e-06,
train,0,4.99e-06,
train,0,3.88e-06,
train,1,0.99963607,
train,0,1.47e-06,
train,0,3.162e-05,
train,0,3.456e-05,
train,0,2.651e-05,
train,0,4.73e-06,
train,0,3.65e-06,
train,0,5.663e-05,
train,0,2.56e-06,
train,0,1.28e-06,
train,0,9.91e-05,
train,0,0.00168022,
train,0,5.06e-06,
train,0,3.32e-06,
train,0,5.62e-06,
train,0,1.866e-05,
train,0,5.3e-07,
train,0,4.37e-06,
train,0,7.15e-06,
train,0,3.814e-05,
train,0,4.16e-06,
train,0,1.66e-06,
train,0,8.7e-07,
train,0,3.357e-05,
train,0,1.97e-06,
train,0,2.18e-05,
train,0,1.32e-06,
train,0,8.255e-05,
train,0,4.6e-05,
train,0,1.64e-06,
train,0,9.3e-06,
train,0,1.951e-05,
train,0,1.11e-06,
train,0,3.39e-06,
train,0,2.57e-06,
train,0,4.8e-07,
train,0,3.06e-06,
train,0,0.00012858,
train,0,4.98e-06,
train,0,3.57e-06,
train,0,7.672e-05,
train,0,1.61e-06,
train,0,7.62e-06,
train,0,3.97e-06,
train,0,1.04e-06,
train,0,2.48e-06,
train,0,4.83e-06,
train,0,1.23e-06,
train,0,1.73e-06,
train,0,5.48e-06,
train,0,1.684e-05,
train,0,1.92e-06,
train,0,6.5e-07,
train,0,2.43e-06,
train,0,5.13e-06,
train,0,3.83e-06,
train,0,3.22e-06,
train,0,1.908e-05,
train,0,4.8e-07,
train,0,4.23e-06,
train,0,5.1e-06,
train,0,2.34e-06,
train,0,1.72e-06,
train,0,2.88e-06,
train,0,3.03e-06,
train,0,0.00166269,
train,0,6.79e-06,
train,0,1.409e-05,
train,0,3.985e-05,
train,0,1.99e-06,
train,0,2.74e-06,
train,0,1.05e-06,
train,0,4.49e-06,
train,0,8.72e-06,
train,0,6.66e-06,
train,0,6.09e-06,
train,0,1.39e-06,
train,0,1.21e-06,
train,0,3.06e-06,
train,0,2.62e-06,
train,0,1.55e-06,
train,0,6.3e-06,
train,0,1.772e-05,
train,0,2.97e-06,
train,0,3.226e-05,
train,0,2.92e-06,
train,0,1.81e-06,
train,0,6.3e-07,
train,0,8.05e-06,
train,0,0.00013609,
train,0,5.91e-06,
train,0,3.01e-06,
train,0,3.41e-06,
train,0,2.617e-05,
train,0,1.84e-06,
train,0,9.9e-07,
train,0,0.0002824,
train,0,3.92e-06,
train,0,1.07e-06,
train,0,4.15e-06,
train,0,1.02e-06,
train,0,9.21e-06,
train,0,1.34e-06,
train,0,6.13e-06,
train,0,2.26e-06,
train,0,2.588e-05,
train,0,6.04e-06,
train,0,3.71e-06,
train,0,3.12e-06,
train,0,3.74e-06,
train,0,1.13e-06,
train,0,7.54e-06,
train,0,1.79e-06,
train,0,2.12e-06,
train,0,3.99e-06,
train,0,1.68e-06,
train,0,2.49e-06,
train,0,1.076e-05,
train,0,3.79e-05,
train,0,6.7e-07,
train,0,1.03e-06,
train,0,1.208e-05,
train,0,2.18e-06,
train,0,1.54e-06,
train,0,7.8e-07,
train,0,1.52e-06,
train,0,1.046e-05,
train,0,6.8e-06,
train,0,8.92e-06,
train,0,5.2e-07,
train,0,8.3e-07,
train,0,1.86e-06,
train,0,5.012e-05,
train,0,1.02e-06,
train,0,1.86e-06,
train,0,3.46e-06,
train,0,1.23e-06,
train,0,0.00054845,
train,0,2.08e-06,
train,0,5.2e-06,
train,0,2.38e-06,
train,0,6.06e-06,
train,0,2.371e-05,
train,0,3.92e-06,
train,0,1.86e-06,
train,0,3.17e-06,
train,0,6.66e-06,
train,0,2.97e-06,
train,0,1.229e-05,
train,0,1.03e-06,
train,0,9.5e-07,
train,0,8e-07,
train,0,2.67e-06,
train,0,2.59e-06,
train,0,1.28e-06,
train,0,1.61e-06,
train,0,2.07e-06,
train,0,2.41e-06,
train,0,1.24e-06,
train,0,1.138e-05,
train,0,1.08e-06,
train,0,1.57e-06,
train,0,6.48e-06,
train,0,3.59e-06,
train,0,1.75e-06,
train,0,1.44e-06,
train,0,4.04e-06,
train,0,8.2e-07,
train,0,3.07e-06,
train,0,3.28e-06,
train,0,5.03e-06,
train,0,1.73e-06,
train,0,1.28e-06,
train,0,2.05e-06,
train,0,7.7e-07,
train,0,1.098e-05,
train,0,6.9e-07,
train,0,7.71e-06,
train,0,4.92e-06,
train,0,1.59e-06,
train,0,2.12e-06,
train,0,2.9e-07,
train,0,9.5e-07,
train,0,9.6e-07,
train,0,6.1e-07,
train,0,2.6e-07,
train,0,2.02e-06,
train,0,6.2e-07,
train,0,1.23e-06,
train,0,8.4e-07,
train,0,4.4e-07,
train,0,1.2e-06,
train,0,6.7e-07,
train,0,5.1e-07,
train,0,2e-07,
train,0,4.9e-07,
train,0,7.7e-07,
train,0,1.36e-06,
train,0,1.31e-06,
train,0,1.89e-06,
train,0,1.24e-06,
train,0,9.2e-07,
train,0,6.9e-07,
train,0,4.5e-06,
train,0,4.5e-07,
train,0,8.5e-07,
train,0,7e-07,
train,0,1.57e-06,
train,0,6e-07,
train,0,3.91e-06,
train,0,7.6e-07,
train,0,3.12e-06,
train,0,1.61e-06,
train,0,2.38e-06,
train,0,4.13e-06,
train,0,1e-06,
train,0,1.43e-05,
train,0,1.68e-06,
train,0,5.8e-07,
train,0,2.6e-07,
train,0,2.582e-05,
train,0,3.868e-05,
train,0,1.674e-05,
train,0,6.1e-07,
train,0,8.1e-07,
train,0,5.3e-07,
train,0,2.25e-06,
train,0,9.4e-07,
train,0,3.08e-06,
train,0,8e-07,
train,0,2.52e-06,
train,0,1.7e-06,
train,0,3.42e-05,
train,0,1.7e-06,
train,0,1.71e-06,
train,0,1.32e-06,
train,0,1.11e-05,
train,0,6.1e-07,
train,0,2.22e-06,
train,0,6.1e-07,
train,0,1.78e-06,
train,0,1.26e-06,
train,0,1.51e-06,
train,0,1.52e-06,
train,0,3.82e-06,
train,0,2.083e-05,
train,0,1.33e-06,
train,0,0.03540529,
train,0,6.202e-05,
train,0,4.42e-05,
train,0,2.67e-06,
train,0,1.31e-06,
train,0,4.73e-06,
train,0,2.889e-05,
train,0,1.56e-06,
train,0,1.52e-06,
train,0,1.169e-05,
train,0,2.19e-06,
train,0,1.26e-06,
train,0,3.29e-06,
train,0,3.403e-05,
train,0,1.6e-06,
train,0,2.12e-05,
train,1,0.99191484,
train,0,1.3e-06,
train,0,4.8e-07,
train,0,3.5e-06,
train,0,2.063e-05,
train,0,8.98e-06,
train,0,1.06e-06,
train,0,4.2e-07,
train,0,1.37e-06,
train,0,8.1e-07,
train,0,2.27e-06,
train,0,1.71e-06,
train,0,2.997e-05,
train,0,6.9e-06,
train,0,1.116e-05,
train,0,8.1e-07,
train,0,1.02e-06,
train,0,3.41e-06,
train,0,1.1e-06,
train,0,3.73e-06,
train,0,8.37e-06,
train,0,3e-06,
train,0,3.49e-06,
train,0,4.9e-07,
train,0,8.5e-07,
train,0,8.11e-06,
train,0,1.43e-06,
train,0,7.4e-06,
train,0,2.11e-06,
train,0,1.244e-05,
train,0,7.2e-07,
train,0,0.00031654,
train,0,5.261e-05,
train,0,1.74e-06,
train,0,2.7e-06,
train,0,5.2e-07,
train,0,1.71e-06,
train,0,1.76e-06,
train,0,5.91e-06,
train,0,2.41e-06,
train,0,2.36e-06,
train,0,2.6e-07,
train,0,1.54e-06,
train,0,1.03e-05,
train,0,8.44e-06,
train,0,1.72e-05,
train,0,3.35e-06,
train,0,1.42e-05,
train,0,2.69e-06,
train,0,1.15e-06,
train,0,2.869e-05,
train,0,1.27e-06,
train,0,1.212e-05,
train,0,4.78e-06,
train,0,3.77e-06,
train,0,1.32e-06,
train,0,1.07e-06,
train,0,3.91e-06,
train,0,2.26e-06,
train,0,2.2e-06,
train,0,1.26e-06,
train,0,1.17e-06,
train,0,5.21e-06,
train,0,1.45e-06,
train,0,6.4e-07,
train,0,1.347e-05,
train,0,1.99e-06,
train,0,0.00011016,
train,0,1.71e-06,
train,0,2.26e-06,
train,0,3.38e-06,
train,0,1.319e-05,
train,0,2.076e-05,
train,0,7.5e-07,
train,0,1.27e-06,
train,0,1.08e-06,
train,0,1.236e-05,
train,0,1.921e-05,
train,0,9.84e-06,
train,0,1.112e-05,
train,0,3.18e-06,
train,0,6.3e-06,
train,0,6.2e-07,
train,0,1e-06,
train,0,7.772e-05,
train,0,1.16e-06,
train,0,1.21e-06,
train,0,2.98e-06,
train,0,7.3e-06,
train,0,2.11e-06,
train,0,2.53e-06,
train,0,5.94e-06,
train,0,2.55e-06,
train,0,9.3e-07,
train,0,1.799e-05,
train,0,2.05e-06,
train,0,4.29e-06,
train,0,1.4e-06,
train,0,4.1e-06,
train,0,1.68e-06,
train,0,1.013e-05,
train,0,7.49e-06,
train,0,0.00094982,
train,0,3.22e-06,
train,0,1.9e-06,
train,0,3.548e-05,
train,0,2.157e-05,
